base_x,base_y,base_z,base_qx,base_qy,base_qz,base_qw,J00_HIP_PITCH_L,J01_HIP_ROLL_L,J02_HIP_YAW_L,J03_KNEE_PITCH_L,J04_ANKLE_PITCH_L,J05_ANKLE_ROLL_L,J06_HIP_PITCH_R,J07_HIP_ROLL_R,J08_HIP_YAW_R,J09_KNEE_PITCH_R,J10_ANKLE_PITCH_R,J11_ANKLE_ROLL_R,J12_WAIST_YAW,J13_SHOULDER_PITCH_L,J14_SHOULDER_ROLL_L,J15_SHOULDER_YAW_L,J16_ELBOW_PITCH_L,J17_ELBOW_YAW_L,J18_SHOULDER_PITCH_R,J19_SHOULDER_ROLL_R,J20_SHOULDER_YAW_R,J21_ELBOW_PITCH_R,J22_ELBOW_YAW_R,J23_HEAD_YAW,base_vx,base_vy,base_vz,base_wx,base_wy,base_wz,dJ00_HIP_PITCH_L,dJ01_HIP_ROLL_L,dJ02_HIP_YAW_L,dJ03_KNEE_PITCH_L,dJ04_ANKLE_PITCH_L,dJ05_ANKLE_ROLL_L,dJ06_HIP_PITCH_R,dJ07_HIP_ROLL_R,dJ08_HIP_YAW_R,dJ09_KNEE_PITCH_R,dJ10_ANKLE_PITCH_R,dJ11_ANKLE_ROLL_R,dJ12_WAIST_YAW,dJ13_SHOULDER_PITCH_L,dJ14_SHOULDER_ROLL_L,dJ15_SHOULDER_YAW_L,dJ16_ELBOW_PITCH_L,dJ17_ELBOW_YAW_L,dJ18_SHOULDER_PITCH_R,dJ19_SHOULDER_ROLL_R,dJ20_SHOULDER_YAW_R,dJ21_ELBOW_PITCH_R,dJ22_ELBOW_YAW_R,dJ23_HEAD_YAW,left_foot_contact,right_foot_contact,base_quat_x,base_quat_y,base_quat_z,base_quat_w,LINK_BASE_qx,LINK_BASE_qy,LINK_BASE_qz,LINK_BASE_qw,LINK_HIP_PITCH_L_qx,LINK_HIP_PITCH_L_qy,LINK_HIP_PITCH_L_qz,LINK_HIP_PITCH_L_qw,LINK_HIP_ROLL_L_qx,LINK_HIP_ROLL_L_qy,LINK_HIP_ROLL_L_qz,LINK_HIP_ROLL_L_qw,LINK_HIP_YAW_L_qx,LINK_HIP_YAW_L_qy,LINK_HIP_YAW_L_qz,LINK_HIP_YAW_L_qw,LINK_KNEE_PITCH_L_qx,LINK_KNEE_PITCH_L_qy,LINK_KNEE_PITCH_L_qz,LINK_KNEE_PITCH_L_qw,LINK_ANKLE_PITCH_L_qx,LINK_ANKLE_PITCH_L_qy,LINK_ANKLE_PITCH_L_qz,LINK_ANKLE_PITCH_L_qw,LINK_ANKLE_ROLL_L_qx,LINK_ANKLE_ROLL_L_qy,LINK_ANKLE_ROLL_L_qz,LINK_ANKLE_ROLL_L_qw,LINK_FOOT_L_qx,LINK_FOOT_L_qy,LINK_FOOT_L_qz,LINK_FOOT_L_qw,LINK_HIP_PITCH_R_qx,LINK_HIP_PITCH_R_qy,LINK_HIP_PITCH_R_qz,LINK_HIP_PITCH_R_qw,LINK_HIP_ROLL_R_qx,LINK_HIP_ROLL_R_qy,LINK_HIP_ROLL_R_qz,LINK_HIP_ROLL_R_qw,LINK_HIP_YAW_R_qx,LINK_HIP_YAW_R_qy,LINK_HIP_YAW_R_qz,LINK_HIP_YAW_R_qw,LINK_KNEE_PITCH_R_qx,LINK_KNEE_PITCH_R_qy,LINK_KNEE_PITCH_R_qz,LINK_KNEE_PITCH_R_qw,LINK_ANKLE_PITCH_R_qx,LINK_ANKLE_PITCH_R_qy,LINK_ANKLE_PITCH_R_qz,LINK_ANKLE_PITCH_R_qw,LINK_ANKLE_ROLL_R_qx,LINK_ANKLE_ROLL_R_qy,LINK_ANKLE_ROLL_R_qz,LINK_ANKLE_ROLL_R_qw,LINK_FOOT_R_qx,LINK_FOOT_R_qy,LINK_FOOT_R_qz,LINK_FOOT_R_qw,LINK_TORSO_YAW_qx,LINK_TORSO_YAW_qy,LINK_TORSO_YAW_qz,LINK_TORSO_YAW_qw,LINK_SHOULDER_PITCH_L_qx,LINK_SHOULDER_PITCH_L_qy,LINK_SHOULDER_PITCH_L_qz,LINK_SHOULDER_PITCH_L_qw,LINK_SHOULDER_ROLL_L_qx,LINK_SHOULDER_ROLL_L_qy,LINK_SHOULDER_ROLL_L_qz,LINK_SHOULDER_ROLL_L_qw,LINK_SHOULDER_YAW_L_qx,LINK_SHOULDER_YAW_L_qy,LINK_SHOULDER_YAW_L_qz,LINK_SHOULDER_YAW_L_qw,LINK_ELBOW_PITCH_L_qx,LINK_ELBOW_PITCH_L_qy,LINK_ELBOW_PITCH_L_qz,LINK_ELBOW_PITCH_L_qw,LINK_ELBOW_YAW_L_qx,LINK_ELBOW_YAW_L_qy,LINK_ELBOW_YAW_L_qz,LINK_ELBOW_YAW_L_qw,LINK_ELBOW_END_L_qx,LINK_ELBOW_END_L_qy,LINK_ELBOW_END_L_qz,LINK_ELBOW_END_L_qw,LINK_SHOULDER_PITCH_R_qx,LINK_SHOULDER_PITCH_R_qy,LINK_SHOULDER_PITCH_R_qz,LINK_SHOULDER_PITCH_R_qw,LINK_SHOULDER_ROLL_R_qx,LINK_SHOULDER_ROLL_R_qy,LINK_SHOULDER_ROLL_R_qz,LINK_SHOULDER_ROLL_R_qw,LINK_SHOULDER_YAW_R_qx,LINK_SHOULDER_YAW_R_qy,LINK_SHOULDER_YAW_R_qz,LINK_SHOULDER_YAW_R_qw,LINK_ELBOW_PITCH_R_qx,LINK_ELBOW_PITCH_R_qy,LINK_ELBOW_PITCH_R_qz,LINK_ELBOW_PITCH_R_qw,LINK_ELBOW_YAW_R_qx,LINK_ELBOW_YAW_R_qy,LINK_ELBOW_YAW_R_qz,LINK_ELBOW_YAW_R_qw,LINK_ELBOW_END_R_qx,LINK_ELBOW_END_R_qy,LINK_ELBOW_END_R_qz,LINK_ELBOW_END_R_qw,LINK_HEAD_YAW_qx,LINK_HEAD_YAW_qy,LINK_HEAD_YAW_qz,LINK_HEAD_YAW_qw
-0.0024949999,-0.0128229996,0.8059840202,0.0027939992,0.0595759787,0.2323889136,0.9707926512,-0.1745110005,0.0474889986,0.1279059947,0.1459939927,-0.2816509902,0.0453540012,-0.2388650030,-0.1578990072,-0.0568349995,0.2148610055,-0.2047439963,0.0934280008,-0.0673099980,-0.1579650044,0.2480060011,-0.4360820055,-0.5466290116,0.0451099984,-0.0736360028,-0.2939690053,0.3806999922,-0.5663809776,-0.0337500013,0.0000000000,0.0691499934,0.0066000042,0.0001490117,0.0010341632,0.0603154600,0.0306084864,-0.0139996409,0.0019500032,-0.0006496906,0.0612504780,-0.0321507454,-0.0029500574,-0.0227496028,-0.0163495541,-0.0771500170,0.1025997102,-0.1270003617,-0.0055998564,-0.0912502408,0.2062499523,0.0931501389,-0.0253990293,-0.1120984554,0.1962501556,0.2888001502,-0.1161992550,-0.0477001071,-0.4275500774,-0.2647999525,0.0000000000,2.0000000000,2.0000000000,0.0027939992,0.0595759787,0.2323889136,0.9707926512,0.0027939992,0.0595759787,0.2323889136,0.9707926512,0.0236885287,-0.0224305801,0.2531656027,0.9668728113,0.0466376022,-0.0164135303,0.2536267638,0.9660377502,0.0454932861,-0.0193605591,0.3148472011,0.9478538632,0.0224096365,0.0498200431,0.3173266351,0.9467415810,0.0667279139,-0.0835582688,0.3110398054,0.9443620443,0.0881242156,-0.0764839351,0.3128545284,0.9426061511,0.0881242156,-0.0764839351,0.3128545284,0.9426061511,0.0276822746,-0.0524896979,0.2004746497,0.9779000878,-0.0495284982,-0.0681371316,0.1957104653,0.9770372510,-0.0475724675,-0.0695168972,0.1678702086,0.9822035432,-0.0652979240,0.0361996442,0.1618015319,0.9839950204,-0.0484210253,-0.0645475462,0.1676274240,0.9825426340,-0.0024863982,-0.0566494316,0.1704587340,0.9837319255,-0.0024863982,-0.0566494316,0.1704587340,0.9837319255,0.0007877657,0.0596362539,0.1995914578,0.9780624509,0.0162066314,-0.0175630134,0.1940616667,0.9806981683,0.1373803020,0.0065744496,0.1947438866,0.9711634517,0.1300625205,0.0492714308,-0.0176655743,0.9901232123,0.1189125255,-0.2170694768,-0.0687959045,0.9664408565,0.1093329117,-0.2206446230,-0.0487513021,0.9679802060,0.1093329117,-0.2206446230,-0.0487513021,0.9679802060,0.0082574710,0.0236628950,0.2016878873,0.9791292548,-0.1352307349,-0.0061306227,0.2029786706,0.9697807431,-0.1363572925,0.0310367923,0.3808289170,0.9140092731,-0.0248762425,-0.2229849547,0.4197455347,0.8794729710,-0.0175791662,-0.2227597535,0.4060550034,0.8861085176,-0.0175791681,-0.2227597833,0.4060550630,0.8861086369,0.0007877657,0.0596362539,0.1995914578,0.9780624509
-0.0011120000,-0.0126909995,0.8059870005,0.0029519997,0.0602769926,0.2327439636,0.9706639051,-0.1747909933,0.0475279987,0.1278930008,0.1472190022,-0.2822940052,0.0452950001,-0.2393199950,-0.1582259983,-0.0583779998,0.2169129997,-0.2072840035,0.0933160037,-0.0691350028,-0.1538400054,0.2498690039,-0.4365899861,-0.5488709807,0.0490350015,-0.0678599998,-0.2962929904,0.3797459900,-0.5749319792,-0.0390460007,0.0000000000,0.0665249974,0.0051249983,-0.0008001925,0.0010341515,0.0603154562,0.0306084864,-0.0091500580,0.0063250773,0.0012252480,0.0694751740,-0.0400751829,-0.0003250316,-0.0121749938,-0.0134997070,-0.0760500282,0.0994250178,-0.1276999712,-0.0114750117,-0.0823499635,0.1841500401,0.0778000802,-0.0199995935,-0.0809744000,0.1800500751,0.2614499927,-0.0955745578,-0.0344999135,-0.3817752004,-0.2475749701,0.0000000000,2.0000000000,2.0000000000,0.0029519997,0.0602769926,0.2327439636,0.9706639051,0.0029519997,0.0602769926,0.2327439636,0.9706639051,0.0239251181,-0.0218565594,0.2535349131,0.9667833447,0.0468908399,-0.0158259515,0.2539826930,0.9659418464,0.0457836762,-0.0187900662,0.3151900768,0.9477373362,0.0224796571,0.0509603061,0.3177036345,0.9465527534,0.0669502765,-0.0827064067,0.3113817871,0.9443086386,0.0883175060,-0.0756337792,0.3131748438,0.9425502419,0.0883175135,-0.0756337866,0.3131748736,0.9425503612,0.0279055648,-0.0519872159,0.2007492185,0.9778641462,-0.0494628176,-0.0676899254,0.1960127652,0.9770110846,-0.0474662259,-0.0691046566,0.1674153358,0.9823154807,-0.0653090477,0.0376311429,0.1612937450,0.9840239882,-0.0482716933,-0.0643745139,0.1671848744,0.9826367497,-0.0023879257,-0.0565067753,0.1700054258,0.9838188291,-0.0023879257,-0.0565067753,0.1700054258,0.9838188291,0.0008670258,0.0603429973,0.1990581453,0.9781276584,0.0158395767,-0.0148463417,0.1936835200,0.9808239341,0.1379363239,0.0094042253,0.1940238923,0.9712053537,0.1299913377,0.0522035696,-0.0186188724,0.9899648428,0.1184716672,-0.2152772248,-0.0698911026,0.9668172002,0.1080951616,-0.2191430032,-0.0480816849,0.9684937596,0.1080951467,-0.2191429734,-0.0480816774,0.9684936404,0.0077344859,0.0271903947,0.2009977400,0.9791837931,-0.1368828416,-0.0027757480,0.2028095275,0.9695997834,-0.1373491287,0.0345481336,0.3801780641,0.9140057564,-0.0242278315,-0.2233474404,0.4197404683,0.8794014454,-0.0157787371,-0.2230687141,0.4038932025,0.8870522380,-0.0157787371,-0.2230687141,0.4038932025,0.8870522380,0.0008670259,0.0603430048,0.1990581751,0.9781277776
0.0001660000,-0.0126179997,0.8059520125,0.0030579986,0.0607439689,0.2329808921,0.9705775380,-0.1748770028,0.0477420017,0.1279550046,0.1487729996,-0.2832539976,0.0453410000,-0.2393520027,-0.1584389955,-0.0598770007,0.2188380063,-0.2098519951,0.0929690003,-0.0706039965,-0.1505990028,0.2511180043,-0.4368819892,-0.5498679876,0.0523120016,-0.0631780028,-0.2977919877,0.3793199956,-0.5816519856,-0.0436530001,0.0000000000,0.0585749969,0.0006499932,-0.0036254525,0.0004410839,0.0241205133,0.0122517347,0.0053498894,0.0194500200,0.0068999827,0.0941250473,-0.0638745725,0.0076250173,0.0195249915,-0.0048998743,-0.0727750361,0.0898748636,-0.1297000796,-0.0292001292,-0.0556498766,0.1178503036,0.0318247825,-0.0038750470,0.0123992562,0.1313999295,0.1794249713,-0.0337004662,0.0050254166,-0.2445250750,-0.1958499700,0.0000000000,2.0000000000,2.0000000000,0.0030579986,0.0607439689,0.2329808921,0.9705775380,0.0030579986,0.0607439689,0.2329808921,0.9705775380,0.0240715388,-0.0214269012,0.2537697852,0.9667276740,0.0471392460,-0.0153636336,0.2542089224,0.9658777118,0.0460605510,-0.0183459949,0.3154411316,0.9476490617,0.0224902481,0.0521320440,0.3179919422,0.9463918805,0.0671508983,-0.0819769129,0.3116334975,0.9442748427,0.0885389969,-0.0748915747,0.3134117424,0.9425101280,0.0885389969,-0.0748915747,0.3134117424,0.9425101280,0.0280270223,-0.0515253469,0.2009704560,0.9778397679,-0.0494438522,-0.0672678798,0.1962626278,0.9769909978,-0.0474080965,-0.0687177926,0.1669294089,0.9824281335,-0.0653534010,0.0389751010,0.1607541144,0.9840569496,-0.0481576174,-0.0643030405,0.1667146981,0.9827268720,-0.0024404789,-0.0564867258,0.1695226431,0.9839032292,-0.0024404787,-0.0564867184,0.1695226282,0.9839031100,0.0009121552,0.0608140528,0.1985795200,0.9781958461,0.0155316405,-0.0127968285,0.1933276802,0.9809278846,0.1382503361,0.0115142111,0.1934083104,0.9712608457,0.1298424602,0.0543601029,-0.0193706118,0.9898539186,0.1180586442,-0.2136507779,-0.0706602782,0.9671725035,0.1070246622,-0.2177565098,-0.0473730415,0.9689601660,0.1070246622,-0.2177565098,-0.0473730415,0.9689601660,0.0072918129,0.0299477745,0.2003915906,0.9792308807,-0.1380542815,-0.0001109615,0.2026170045,0.9694778919,-0.1379981339,0.0373426788,0.3797596991,0.9139719009,-0.0235664509,-0.2235950083,0.4197894037,0.8793331981,-0.0141151436,-0.2232633084,0.4020637870,0.8878620863,-0.0141151436,-0.2232633084,0.4020637870,0.8878620863,0.0009121552,0.0608140528,0.1985795200,0.9781958461
0.0012309999,-0.0126649998,0.8058419824,0.0030579986,0.0607439689,0.2329808921,0.9705775380,-0.1745769978,0.0483059995,0.1281690001,0.1509840041,-0.2848489881,0.0456000008,-0.2385389954,-0.1584219933,-0.0612890013,0.2205079943,-0.2124720067,0.0921479985,-0.0713609979,-0.1491259933,0.2511419952,-0.4367449880,-0.5483750105,0.0542909987,-0.0606830008,-0.2976410091,0.3799470067,-0.5847129822,-0.0468799993,0.0000000000,0.0515999943,-0.0057250028,-0.0077754259,0.0160247087,0.0009357854,0.0258907750,0.0059250742,0.0295499340,0.0177748501,0.1309748739,-0.0959247351,0.0179500319,0.0368501991,-0.0002499670,-0.0649250150,0.0881750137,-0.1514501870,-0.0431500375,-0.0292250887,0.0713001937,0.0037245452,-0.0002749264,0.0635251403,0.1046499237,0.1107750461,0.0156246126,0.0307254493,-0.1449748874,-0.1581749916,0.0000000000,2.0000000000,2.0000000000,0.0030579986,0.0607439689,0.2329808921,0.9705775380,0.0030579986,0.0607439689,0.2329808921,0.9705775380,0.0240356065,-0.0212859064,0.2537357807,0.9667406678,0.0473760068,-0.0151518118,0.2541758120,0.9658781290,0.0463084318,-0.0181547012,0.3155095577,0.9476179481,0.0223807041,0.0533666499,0.3181034923,0.9462881088,0.0673068166,-0.0814931318,0.3117058575,0.9442818761,0.0888170823,-0.0743656754,0.3134827018,0.9425019622,0.0888170823,-0.0743656754,0.3134827018,0.9425019622,0.0279426873,-0.0511443466,0.2010843158,0.9778387547,-0.0495195389,-0.0668954179,0.1964068413,0.9769837260,-0.0474466346,-0.0683812723,0.1663801372,0.9825428724,-0.0654654801,0.0401438698,0.1601493210,0.9841011167,-0.0481147617,-0.0644328743,0.1661881506,0.9828097224,-0.0027977463,-0.0567102544,0.1689794213,0.9839828014,-0.0027977463,-0.0567102544,0.1689794213,0.9839828014,0.0008891371,0.0608143955,0.1982092708,0.9782708883,0.0153384544,-0.0120818494,0.1930165440,0.9810012579,0.1380794942,0.0121869100,0.1930099130,0.9713560939,0.1295393109,0.0549680516,-0.0197153576,0.9898532629,0.1177078784,-0.2123553306,-0.0707760155,0.9674920440,0.1062873155,-0.2166045159,-0.0465904251,0.9693373442,0.1062873155,-0.2166045159,-0.0465904251,0.9693373442,0.0070057502,0.0311656222,0.1999545991,0.9792843461,-0.1382719278,0.0011735138,0.2023654133,0.9694987535,-0.1379625946,0.0387064740,0.3797972202,0.9139049649,-0.0228808131,-0.2236128598,0.4199340343,0.8792777061,-0.0127303544,-0.2232359499,0.4008906782,0.8884201646,-0.0127303544,-0.2232359499,0.4008906782,0.8884201646,0.0008891371,0.0608143955,0.1982092708,0.9782708883
0.0022300000,-0.0128469998,0.8056409955,0.0033419989,0.0606889762,0.2335029095,0.9704546332,-0.1746399999,0.0489239991,0.1286659986,0.1540119946,-0.2870909870,0.0460590012,-0.2378779948,-0.1584489942,-0.0624740012,0.2223650068,-0.2159100026,0.0912429988,-0.0717730001,-0.1477469951,0.2512669861,-0.4368929863,-0.5473269820,0.0564979985,-0.0587470010,-0.2971670032,0.3805490136,-0.5874509811,-0.0499799997,0.0000000000,0.0490999892,-0.0107500004,-0.0111743808,0.0160247125,0.0009357863,0.0258907750,-0.0077001750,0.0315750018,0.0284001231,0.1616250724,-0.1201756299,0.0254499726,0.0311248004,-0.0018503517,-0.0564000569,0.0951752067,-0.1821499318,-0.0463249162,-0.0163000077,0.0677999109,0.0074997544,-0.0109501183,0.0468507409,0.1131749749,0.0897998959,0.0277251005,0.0297747552,-0.1328259706,-0.1533999145,0.0000000000,2.0000000000,2.0000000000,0.0033419989,0.0606889762,0.2335029095,0.9704546332,0.0033419989,0.0606889762,0.2335029095,0.9704546332,0.0243688002,-0.0213663578,0.2542362213,0.9665990472,0.0480040982,-0.0151414592,0.2546827793,0.9657138586,0.0469313674,-0.0181962531,0.3162403107,0.9473428130,0.0224639494,0.0547366813,0.3189135790,0.9459353089,0.0678544566,-0.0811451972,0.3124200106,0.9440365434,0.0895752311,-0.0739294365,0.3142057359,0.9422236681,0.0895752311,-0.0739294365,0.3142057359,0.9422236681,0.0282176267,-0.0508663543,0.2016663998,0.9777254462,-0.0492496826,-0.0666670129,0.1970081925,0.9768918753,-0.0471435227,-0.0681726560,0.1664018780,0.9825683236,-0.0653153136,0.0412677377,0.1601436883,0.9840654731,-0.0476803370,-0.0650010630,0.1662488580,0.9827832580,-0.0028102340,-0.0573515445,0.1690403074,0.9839351773,-0.0028102340,-0.0573515445,0.1690403074,0.9839351773,0.0011623997,0.0607698075,0.1985338330,0.9782075882,0.0155017385,-0.0114459926,0.1933733672,0.9809360504,0.1382940412,0.0128745306,0.1932835132,0.9712623358,0.1295923144,0.0556986183,-0.0194975603,0.9898097515,0.1178366765,-0.2111374140,-0.0704856291,0.9677640796,0.1059824675,-0.2155622393,-0.0453014746,0.9696640968,0.1059824675,-0.2155622393,-0.0453014746,0.9696640968,0.0070932540,0.0320688933,0.2002180517,0.9792007804,-0.1379432231,0.0020757921,0.2027594000,0.9694617987,-0.1374697238,0.0395887010,0.3804528713,0.9136686325,-0.0216521099,-0.2239103764,0.4205212593,0.8789524436,-0.0108241066,-0.2234705240,0.4002181292,0.8886896372,-0.0108241066,-0.2234705240,0.4002181292,0.8886896372,0.0011623997,0.0607698075,0.1985338330,0.9782075882
0.0031949996,-0.0130949998,0.8053950071,0.0033419989,0.0606889762,0.2335029095,0.9704546332,-0.1748850048,0.0495689996,0.1293050051,0.1574490070,-0.2896560133,0.0466179997,-0.2372940034,-0.1584960073,-0.0635450035,0.2243150026,-0.2197580040,0.0902950019,-0.0720129982,-0.1464139968,0.2514419854,-0.4371829927,-0.5465009809,0.0588179976,-0.0570910051,-0.2965320051,0.3811379969,-0.5900260210,-0.0530159958,0.0000000000,0.0526250042,-0.0207999926,-0.0155746927,0.0520140156,-0.0225588996,-0.0170782208,-0.0107999891,0.0556500629,0.0074502081,0.2147752792,-0.1694001257,0.0582249835,0.0406749547,0.0190749764,-0.0249248929,0.0864498317,-0.2151250839,-0.0490749255,-0.0061249360,0.1030497253,0.0457257032,-0.0680752099,-0.0190511346,0.1124750823,0.0739250332,0.0203251839,0.0627249479,-0.1843750477,-0.1049499959,0.0000000000,2.0000000000,2.0000000000,0.0033419989,0.0606889762,0.2335029095,0.9704546332,0.0033419989,0.0606889762,0.2335029095,0.9704546332,0.0243982058,-0.0214814972,0.2542639971,0.9665884376,0.0483446717,-0.0151737388,0.2547182441,0.9656869173,0.0472633317,-0.0182654634,0.3165766597,0.9472126365,0.0222203452,0.0562829524,0.3193131089,0.9457154274,0.0680717006,-0.0807940736,0.3127632439,0.9439373612,0.0900534540,-0.0734825954,0.3145613372,0.9420944452,0.0900534540,-0.0734825954,0.3145613372,0.9420944452,0.0281569026,-0.0505927205,0.2017482370,0.9777244925,-0.0493331030,-0.0664053559,0.1971098781,0.9768849611,-0.0471986942,-0.0679390132,0.1659775376,0.9826535583,-0.0654787645,0.0424688943,0.1596520990,0.9840834141,-0.0475767553,-0.0656998828,0.1658695787,0.9828059077,-0.0031721166,-0.0581468716,0.1686657220,0.9839515686,-0.0031721171,-0.0581468791,0.1686657369,0.9839516878,0.0011551074,0.0607699491,0.1984164417,0.9782314301,0.0153567847,-0.0107957721,0.1933080256,0.9809585214,0.1382380575,0.0135283424,0.1931360513,0.9712908268,0.1293902695,0.0563529059,-0.0197905004,0.9897933006,0.1175768301,-0.2101104707,-0.0706386119,0.9680081010,0.1052616835,-0.2147057950,-0.0444053784,0.9699739814,0.1052616835,-0.2147057950,-0.0444053784,0.9699739814,0.0069154990,0.0328778997,0.2000558376,0.9792083502,-0.1378123313,0.0029642633,0.2027177960,0.9694867134,-0.1371681541,0.0404939391,0.3806843460,0.9135779738,-0.0207605977,-0.2241525352,0.4207519293,0.8788016438,-0.0092691071,-0.2236568332,0.3992111683,0.8891131878,-0.0092691071,-0.2236568332,0.3992111683,0.8891131878,0.0011551074,0.0607699491,0.1984164417,0.9782314301
0.0043350002,-0.0136789996,0.8050180078,0.0042669987,0.0600069761,0.2332359105,0.9705576301,-0.1750719994,0.0511500016,0.1289640069,0.1626030058,-0.2938669920,0.0483880006,-0.2362509966,-0.1576859951,-0.0634709969,0.2258230001,-0.2245150059,0.0892800018,-0.0720179975,-0.1436250061,0.2530960143,-0.4396159947,-0.5480890274,0.0609970018,-0.0557899997,-0.2963539958,0.3830580115,-0.5948259830,-0.0541779995,0.0000000000,0.0594500042,-0.0288250167,-0.0196754932,0.0754088610,-0.0411972962,-0.0451281928,-0.0115998089,0.0799749941,-0.0197749585,0.2695247531,-0.2167247236,0.0897999853,0.0491999090,0.0398252159,0.0101501122,0.0930249691,-0.2497747540,-0.0624500215,0.0071499497,0.1351747662,0.0815249979,-0.1038998365,-0.0687509775,0.0963499770,0.0714250803,0.0029750168,0.0932253897,-0.2184242010,-0.0445751473,0.0000000000,2.0000000000,2.0000000000,0.0042669987,0.0600069761,0.2332359105,0.9705576301,0.0042669987,0.0600069761,0.2332359105,0.9705576301,0.0253041275,-0.0222784001,0.2539434135,0.9666313529,0.0500147529,-0.0157772191,0.2544300556,0.9656681418,0.0488941669,-0.0189672466,0.3161263764,0.9472664595,0.0230594166,0.0580247901,0.3190529644,0.9456779361,0.0695220083,-0.0810527653,0.3122390509,0.9439830780,0.0923381597,-0.0734754652,0.3141084611,0.9420249462,0.0923381597,-0.0734754652,0.3141084611,0.9420249462,0.0289574079,-0.0507647693,0.2015208006,0.9777391553,-0.0481405929,-0.0664791167,0.1968964785,0.9769825339,-0.0460069589,-0.0679731518,0.1657975167,0.9827381372,-0.0643946901,0.0431864932,0.1595580727,0.9841389656,-0.0461153761,-0.0673304275,0.1657673866,0.9827823639,-0.0022125978,-0.0598659590,0.1686068922,0.9838612676,-0.0022125978,-0.0598659590,0.1686068922,0.9838612676,0.0021039085,0.0601216927,0.1981434524,0.9783252478,0.0160165168,-0.0100808907,0.1930744499,0.9810016155,0.1397011578,0.0143677462,0.1928028464,0.9711355567,0.1305730939,0.0577210523,-0.0212536696,0.9895288348,0.1182496101,-0.2094617188,-0.0725030228,0.9679288864,0.1054923832,-0.2142316848,-0.0452955738,0.9700126052,0.1054923832,-0.2142316848,-0.0452955738,0.9700126052,0.0077239722,0.0328616202,0.1997211576,0.9792711735,-0.1369356960,0.0030156141,0.2023840994,0.9696804285,-0.1362778991,0.0405665971,0.3812709153,0.9134634137,-0.0187681187,-0.2261703461,0.4212298393,0.8781003952,-0.0069753933,-0.2256046981,0.3992404342,0.8886287808,-0.0069753933,-0.2256046981,0.3992404342,0.8886287808,0.0021039085,0.0601216927,0.1981434524,0.9783252478
0.0055729998,-0.0142480005,0.8046079874,0.0046679978,0.0595339686,0.2327208966,0.9707085490,-0.1753489971,0.0527679995,0.1285140067,0.1682299972,-0.2983250022,0.0502099991,-0.2353260070,-0.1569029987,-0.0631389990,0.2280360013,-0.2297489941,0.0877970010,-0.0717270002,-0.1410070062,0.2547029853,-0.4413389862,-0.5492510200,0.0626719967,-0.0542340018,-0.2964130044,0.3848670125,-0.5987629890,-0.0547990017,0.0000000000,0.0667750016,-0.0276750196,-0.0221759081,0.0495076291,-0.0397295132,-0.0444799699,-0.0183250755,0.0826999545,-0.0279251486,0.3049999475,-0.2351999283,0.0936250240,0.0403750688,0.0378496945,0.0294249505,0.1459248364,-0.2854749560,-0.0976501033,0.0294499099,0.1223251224,0.0779248774,-0.0506751239,-0.0368490815,0.0585248694,0.0905999914,-0.0147752464,0.0848494470,-0.1536756754,-0.0040000305,0.0000000000,2.0000000000,2.0000000000,0.0046679978,0.0595339686,0.2327208966,0.9707085490,0.0046679978,0.0595339686,0.2327208966,0.9707085490,0.0256824791,-0.0229016673,0.2534311414,0.9667412043,0.0511770882,-0.0162079465,0.2539471388,0.9657273293,0.0500307083,-0.0194607191,0.3154350817,0.9474275708,0.0233522747,0.0602070130,0.3185231984,0.9457128644,0.0704286918,-0.0810039043,0.3115158975,0.9441589117,0.0941071138,-0.0731585920,0.3134511113,0.9420934319,0.0941071138,-0.0731585920,0.3134511113,0.9420934319,0.0292154998,-0.0508060977,0.2010892481,0.9778181911,-0.0475069880,-0.0664094016,0.1964889914,0.9771002531,-0.0453871526,-0.0678758398,0.1655496508,0.9828155041,-0.0639272183,0.0443808995,0.1593109816,0.9841563702,-0.0452453345,-0.0687175915,0.1655884534,0.9827569723,-0.0020740409,-0.0613846406,0.1684445590,0.9837957621,-0.0020740409,-0.0613846406,0.1684445590,0.9837957621,0.0025303571,0.0596630536,0.1977656782,0.9784286618,0.0161642972,-0.0092634819,0.1927685738,0.9810673594,0.1406363398,0.0152945966,0.1923840195,0.9710694551,0.1312403381,0.0589945912,-0.0224787686,0.9893383384,0.1185027882,-0.2087288946,-0.0739628226,0.9679456949,0.1054131538,-0.2136254162,-0.0460018776,0.9701218009,0.1054131389,-0.2136253864,-0.0460018739,0.9701216817,0.0079825772,0.0331603624,0.1992902905,0.9793468714,-0.1367197186,0.0033687332,0.2020021528,0.9697894454,-0.1359788924,0.0410481617,0.3817360699,0.9132921100,-0.0175415091,-0.2273903340,0.4217269123,0.8775719404,-0.0055837152,-0.2267801911,0.3995026946,0.8882213235,-0.0055837156,-0.2267802209,0.3995027542,0.8882214427,0.0025303571,0.0596630536,0.1977656782,0.9784286618
0.0070059998,-0.0147860004,0.8041309714,0.0050960016,0.0590010136,0.2324350625,0.9708072543,-0.1758050025,0.0544579998,0.1278470010,0.1748030037,-0.3032749891,0.0521330014,-0.2346359938,-0.1561720073,-0.0622939989,0.2316599935,-0.2359340042,0.0853739977,-0.0708400011,-0.1387320012,0.2562130094,-0.4416429996,-0.5495629907,0.0633379966,-0.0521660000,-0.2969450057,0.3864519894,-0.6009730101,-0.0543380007,0.0000000000,0.0745750070,-0.0307249837,-0.0261247158,0.0593155995,-0.0437885560,-0.0178858768,-0.0449750572,0.0873999670,-0.0392500311,0.3763001561,-0.2636246383,0.1030750573,0.0244501978,0.0331997871,0.0343250111,0.2186998725,-0.3378249705,-0.1474499702,0.0339999795,0.1267749816,0.0858500600,-0.0408254564,-0.0374242663,0.0201750547,0.1170000061,-0.0254251063,0.0892497599,-0.1360759139,0.0117500313,0.0000000000,2.0000000000,2.0000000000,0.0050960016,0.0590010136,0.2324350625,0.9708072543,0.0050960016,0.0590010136,0.2324350625,0.9708072543,0.0261269510,-0.0236650873,0.2531637847,0.9667810202,0.0524384938,-0.0167637691,0.2537142336,0.9657113552,0.0512605235,-0.0200792998,0.3148856461,0.9475317001,0.0235784054,0.0627076402,0.3181582391,0.9456676245,0.0713678822,-0.0808616728,0.3109456897,0.9442885518,0.0959551483,-0.0727298558,0.3129476011,0.9421076775,0.0959551483,-0.0727298558,0.3129476011,0.9421076775,0.0295528397,-0.0510103330,0.2008510530,0.9778463244,-0.0468157567,-0.0665226206,0.1962598860,0.9771719575,-0.0447214060,-0.0679482892,0.1657336503,0.9828099608,-0.0635757670,0.0460915081,0.1594545990,0.9840772152,-0.0443671346,-0.0700483993,0.1658288389,0.9826625586,-0.0023925425,-0.0629080087,0.1686670333,0.9836607575,-0.0023925425,-0.0629080087,0.1686670333,0.9836607575,0.0030034268,0.0591444783,0.1979105026,0.9784295559,0.0164289903,-0.0086662015,0.1929686219,0.9810291529,0.1416271031,0.0160577875,0.1924945116,0.9708912373,0.1320299804,0.0599827357,-0.0224672109,0.9891741276,0.1192393377,-0.2078693658,-0.0741900280,0.9680228829,0.1060352027,-0.2128385305,-0.0459247567,0.9702305794,0.1060352027,-0.2128385305,-0.0459247567,0.9702305794,0.0082505886,0.0336523093,0.1993672699,0.9793121219,-0.1367074847,0.0037901471,0.2021519691,0.9697583914,-0.1358744204,0.0416119993,0.3825928271,0.9129236341,-0.0167311784,-0.2277132422,0.4225872755,0.8770899773,-0.0048671258,-0.2270815372,0.4005643129,0.8876703382,-0.0048671258,-0.2270815372,0.4005643129,0.8876703382,0.0030034268,0.0591444783,0.1979105026,0.9784295559
0.0085560000,-0.0154769998,0.8035629988,0.0056370012,0.0584060140,0.2324480563,0.9708372355,-0.1771479994,0.0562639982,0.1269440055,0.1832820028,-0.3088699877,0.0543330014,-0.2343479991,-0.1555750072,-0.0617659986,0.2367839962,-0.2432619929,0.0818990022,-0.0703670010,-0.1359360069,0.2581369877,-0.4429720044,-0.5507479906,0.0634789988,-0.0495540015,-0.2974300086,0.3884370029,-0.6042060256,-0.0543290004,0.0000000000,0.0789999813,-0.0364499874,-0.0295236707,0.0700384825,-0.0461369790,0.0045299521,-0.0782247633,0.0917999074,-0.0480748713,0.4477247596,-0.2878002822,0.1134248450,0.0094000250,0.0281251967,0.0223999843,0.2749748528,-0.3806498051,-0.1869250089,0.0184500590,0.1462999731,0.1013748348,-0.0792250037,-0.0701755285,0.0004751608,0.1373749226,-0.0236496329,0.1042999327,-0.1744240522,-0.0051500276,0.0000000000,2.0000000000,2.0000000000,0.0056370012,0.0584060140,0.2324480563,0.9708372355,0.0056370012,0.0584060140,0.2324480563,0.9708372355,0.0268134028,-0.0249043107,0.2532821596,0.9667000771,0.0539944135,-0.0177700631,0.2538824677,0.9655633569,0.0527585521,-0.0211591143,0.3146163523,0.9475154877,0.0237457510,0.0656394437,0.3181242347,0.9454758167,0.0723975971,-0.0805765837,0.3106855154,0.9443201423,0.0980215967,-0.0721076503,0.3127595782,0.9420051575,0.0980215967,-0.0721076503,0.3127595782,0.9420051575,0.0300797615,-0.0514533632,0.2008424997,0.9778088331,-0.0459958203,-0.0669050589,0.1962367743,0.9771894813,-0.0439079888,-0.0682934225,0.1659694612,0.9827829003,-0.0632042140,0.0482666530,0.1596214324,0.9839698076,-0.0433701873,-0.0714762807,0.1661108136,0.9825565815,-0.0031098712,-0.0646160990,0.1688976586,0.9835083485,-0.0031098712,-0.0646160990,0.1688976586,0.9835083485,0.0035790084,0.0585681573,0.1981537938,0.9784130454,0.0167521797,-0.0078702839,0.1932812780,0.9809688926,0.1428737491,0.0170724951,0.1926865727,0.9706531167,0.1329821795,0.0613715164,-0.0228609219,0.9889522791,0.1199875697,-0.2070240080,-0.0749293417,0.9680545926,0.1067780033,-0.2120226026,-0.0465954356,0.9702957273,0.1067780033,-0.2120226026,-0.0465954356,0.9702957273,0.0085684862,0.0343527831,0.1995265037,0.9792525768,-0.1366194487,0.0044102757,0.2024141550,0.9697134495,-0.1356543303,0.0423944332,0.3837381303,0.9124394655,-0.0155111551,-0.2282423824,0.4237214029,0.8764273524,-0.0036374691,-0.2275706083,0.4017203152,0.8870283365,-0.0036374691,-0.2275706083,0.4017203152,0.8870283365,0.0035790084,0.0585681573,0.1981537938,0.9784130454
0.0101659987,-0.0162439998,0.8029500246,0.0062360009,0.0577800162,0.2326100618,0.9708322883,-0.1789339930,0.0581299961,0.1259240061,0.1927119941,-0.3147870004,0.0566699952,-0.2342599928,-0.1550469995,-0.0613979995,0.2426589876,-0.2511599958,0.0778969973,-0.0701019987,-0.1328800023,0.2602680027,-0.4448119998,-0.5523700118,0.0633570030,-0.0466710031,-0.2978909910,0.3906239867,-0.6079499722,-0.0545440018,0.0000000000,0.0547500327,-0.0287000109,-0.0339001417,0.0606775917,-0.0776187181,0.0113725746,-0.0932749361,0.0919251740,-0.0645751134,0.4694253206,-0.3291510046,0.1193500161,0.0298250467,0.0304002315,0.0294750556,0.2411499619,-0.3614000976,-0.1686003059,0.0239999965,0.1128252596,0.0794000924,-0.1070499420,-0.1084998250,-0.0001499429,0.1051501334,-0.0826500356,0.1095250249,-0.1260742545,0.0023749657,0.0000000000,2.0000000000,2.0000000000,0.0062360009,0.0577800162,0.2326100618,0.9708322883,0.0062360009,0.0577800162,0.2326100618,0.9708322883,0.0276222192,-0.0263812635,0.2535919249,0.9665569067,0.0556995720,-0.0190005098,0.2542514801,0.9653459191,0.0543936864,-0.0224675015,0.3144876659,0.9474355578,0.0238854699,0.0687866136,0.3182619214,0.9452022314,0.0734760240,-0.0802188590,0.3105840385,0.9443007112,0.1001997069,-0.0713874400,0.3127320409,0.9418399930,0.1001997069,-0.0713874400,0.3127320409,0.9418399930,0.0307027530,-0.0520151742,0.2009483129,0.9777379632,-0.0451112315,-0.0674215704,0.1963164210,0.9771792293,-0.0430205241,-0.0687744543,0.1662302017,0.9827445745,-0.0628234446,0.0506747141,0.1598013192,0.9838439226,-0.0423135757,-0.0729509741,0.1664115638,0.9824433327,-0.0040264670,-0.0664158091,0.1691259891,0.9833459854,-0.0040264670,-0.0664158091,0.1691259891,0.9833459854,0.0042073373,0.0579630509,0.1984454840,0.9783874154,0.0171054453,-0.0069753649,0.1936502457,0.9808967710,0.1442488581,0.0182130300,0.1929180026,0.9703830481,0.1340140402,0.0629621595,-0.0234570503,0.9886990786,0.1207387373,-0.2061838210,-0.0759250224,0.9680629373,0.1075782180,-0.2111898661,-0.0476406254,0.9703382254,0.1075782180,-0.2111898661,-0.0476406254,0.9703382254,0.0089123836,0.0351570696,0.1997269541,0.9791802168,-0.1364921033,0.0051292544,0.2027327269,0.9696612954,-0.1353740096,0.0432851054,0.3850282729,0.9118955731,-0.0140807508,-0.2288737744,0.4249892831,0.8756726980,-0.0021460948,-0.2281520218,0.4029213488,0.8863387704,-0.0021460948,-0.2281520218,0.4029213488,0.8863387704,0.0042073373,0.0579630509,0.1984454840,0.9783874154
0.0107460013,-0.0166250002,0.8022069931,0.0064410013,0.0566180162,0.2327480614,0.9708662629,-0.1808789968,0.0599410050,0.1243610010,0.2020590156,-0.3220360279,0.0591070019,-0.2331549972,-0.1543589979,-0.0605869964,0.2464299947,-0.2577179968,0.0751549900,-0.0694070011,-0.1314229965,0.2613129914,-0.4472540021,-0.5550879836,0.0634730011,-0.0453479961,-0.3007360101,0.3928180039,-0.6092489958,-0.0542340018,0.0000000000,0.0453000441,-0.0229000114,-0.0376507677,0.0545621626,-0.1015589386,-0.0009402687,-0.0797253102,0.0970751047,-0.0768251717,0.4702001810,-0.3591001034,0.1246251166,0.0540249050,0.0397250056,0.0522250310,0.2146001905,-0.3580003977,-0.1526499093,0.0342249870,0.0959500670,0.0679001212,-0.1069247723,-0.1215741038,0.0106750056,0.0797000676,-0.1205749810,0.0961005688,-0.0647753477,0.0024000183,0.0000000000,2.0000000000,2.0000000000,0.0064410013,0.0566180162,0.2327480614,0.9708662629,0.0064410013,0.0566180162,0.2327480614,0.9708662629,0.0280428156,-0.0284611471,0.2539294660,0.9663971066,0.0569892935,-0.0208391119,0.2546682954,0.9651228189,0.0555842072,-0.0243401788,0.3141492903,0.9474324584,0.0236163922,0.0713398233,0.3181535006,0.9450562596,0.0743182674,-0.0810973644,0.3102518022,0.9442690015,0.1021881923,-0.0718942508,0.3125126660,0.9416605234,0.1021882072,-0.0718942583,0.3125126958,0.9416606426,0.0308421683,-0.0526495315,0.2012175173,0.9776443243,-0.0446288548,-0.0680072531,0.1965591013,0.9771120548,-0.0425485149,-0.0693278089,0.1668732911,0.9826172590,-0.0627352446,0.0519648455,0.1603787988,0.9836882949,-0.0416060090,-0.0748725682,0.1671107709,0.9822103381,-0.0046763173,-0.0685415864,0.1698056608,0.9830800295,-0.0046763173,-0.0685415864,0.1698056608,0.9830800295,0.0044726743,0.0568074137,0.1989222467,0.9783573151,0.0172650944,-0.0074130474,0.1941659153,0.9807887077,0.1449000537,0.0179470573,0.1934767663,0.9701796770,0.1346251070,0.0630831867,-0.0240526423,0.9885940552,0.1210724711,-0.2073299289,-0.0769101009,0.9676986337,0.1078526899,-0.2123472542,-0.0485931076,0.9700078964,0.1078526899,-0.2123472542,-0.0485931076,0.9700078964,0.0090534715,0.0346488431,0.2001626790,0.9791079164,-0.1377210319,0.0042730975,0.2030945420,0.9694160223,-0.1367295384,0.0428927504,0.3863090873,0.9111698270,-0.0147326645,-0.2295741290,0.4266472757,0.8746718168,-0.0028501488,-0.2288625985,0.4047366381,0.8853259683,-0.0028501488,-0.2288625985,0.4047366381,0.8853259683,0.0044726739,0.0568074062,0.1989222169,0.9783571959
0.0119780004,-0.0171600003,0.8014439940,0.0068239965,0.0555539727,0.2326668948,0.9709445238,-0.1821230054,0.0620130002,0.1228509992,0.2115200013,-0.3291510046,0.0616549999,-0.2320989966,-0.1534579992,-0.0593089983,0.2512429953,-0.2654800117,0.0717910007,-0.0687329993,-0.1290419996,0.2629840076,-0.4490889907,-0.5572329760,0.0637840033,-0.0434830002,-0.3027139902,0.3944680095,-0.6105409861,-0.0544480011,0.0000000000,0.0942499638,-0.0343999825,-0.0392243266,0.0749826878,-0.0813291594,-0.0358849987,-0.0272002071,0.1167248040,-0.0727999955,0.4787746668,-0.3490746021,0.1329249740,0.0504247844,0.0556997955,0.0872248784,0.2927753925,-0.4483252764,-0.1992747188,0.0326501206,0.1652749181,0.1148253679,-0.0613749027,-0.0786498189,0.0252250582,0.1202998683,-0.0556245446,0.0552251935,-0.0643000007,-0.0369499438,0.0000000000,2.0000000000,2.0000000000,0.0068239965,0.0555539727,0.2326668948,0.9709445238,0.0068239965,0.0555539727,0.2326668948,0.9709445238,0.0285400320,-0.0301218126,0.2539555430,0.9663254023,0.0584838837,-0.0222343225,0.2547672987,0.9649761319,0.0570086911,-0.0257825330,0.3135236800,0.9475168586,0.0235936735,0.0743842050,0.3177899122,0.9449443817,0.0753395408,-0.0814345106,0.3096304834,0.9443629384,0.1044114828,-0.0718521997,0.3119933903,0.9415920973,0.1044114828,-0.0718521997,0.3119933903,0.9415920973,0.0311355777,-0.0532092974,0.2012410462,0.9775999188,-0.0438927077,-0.0684786141,0.1965702325,0.9771101475,-0.0418430082,-0.0697499365,0.1675123423,0.9825088978,-0.0625011399,0.0538995825,0.1609497815,0.9835058451,-0.0406495221,-0.0767421052,0.1678059548,0.9819875360,-0.0053819716,-0.0706704780,0.1704519540,0.9828137159,-0.0053819721,-0.0706704855,0.1704519689,0.9828138351,0.0049111475,0.0557556413,0.1991681159,0.9783656001,0.0174914747,-0.0072973557,0.1944767386,0.9807240367,0.1459265500,0.0182641484,0.1937546730,0.9699644446,0.1354950368,0.0637976229,-0.0246169884,0.9884154201,0.1216704994,-0.2076058686,-0.0778831840,0.9674866199,0.1083763167,-0.2126586139,-0.0494364612,0.9698386788,0.1083763167,-0.2126586139,-0.0494364612,0.9698386788,0.0093074245,0.0345082730,0.2003500164,0.9790722728,-0.1384232491,0.0039050269,0.2032626122,0.9692822099,-0.1374768615,0.0428272784,0.3871822059,0.9106898904,-0.0149201388,-0.2300432175,0.4277395010,0.8740116954,-0.0029802299,-0.2293258458,0.4057619870,0.8847361207,-0.0029802299,-0.2293258458,0.4057619870,0.8847361207,0.0049111475,0.0557556413,0.1991681159,0.9783656001
0.0145159997,-0.0180009995,0.8006380200,0.0075590010,0.0546850078,0.2321460247,0.9711131454,-0.1819670051,0.0646099970,0.1214490011,0.2212100029,-0.3359990120,0.0644240007,-0.2311380059,-0.1521310061,-0.0570980012,0.2581410110,-0.2756510079,0.0671840012,-0.0681009963,-0.1248119995,0.2659060061,-0.4497089982,-0.5582339764,0.0644820035,-0.0405360013,-0.3029609919,0.3950270116,-0.6118209958,-0.0557119995,0.0000000000,0.1268499941,-0.0407499745,-0.0418245792,0.0910700485,-0.0787497386,-0.0432119295,0.0027250499,0.1316249371,-0.0793749467,0.5117498636,-0.3493495286,0.1486750245,0.0661250204,0.0631500036,0.0739749521,0.3485500813,-0.5152493715,-0.2493999898,0.0365000218,0.2057500184,0.1238748431,0.0199496746,-0.0627756119,0.0737749040,0.1440250278,-0.0329002738,0.0278249383,-0.0496000051,-0.0272249803,0.0000000000,2.0000000000,2.0000000000,0.0075590010,0.0546850078,0.2321460247,0.9711131454,0.0075590010,0.0546850078,0.2321460247,0.9711131454,0.0291873198,-0.0309458748,0.2533589005,0.9664365649,0.0603873990,-0.0227463935,0.2542262673,0.9649896622,0.0588956811,-0.0263692103,0.3123202026,0.9477827549,0.0240620114,0.0784078315,0.3169126511,0.9449019432,0.0767143220,-0.0806934386,0.3084275126,0.9447094798,0.1071002483,-0.0707182288,0.3108663559,0.9417487383,0.1071002483,-0.0707182288,0.3108663559,0.9417487383,0.0317335725,-0.0536194444,0.2007727325,0.9776545167,-0.0426522829,-0.0687215552,0.1961175203,0.9772390127,-0.0406732373,-0.0699110627,0.1681421846,0.9824389815,-0.0619769096,0.0571225733,0.1615084261,0.9832655191,-0.0391996168,-0.0785095394,0.1684918404,0.9817892909,-0.0062034400,-0.0728063285,0.1710335761,0.9825519323,-0.0062034400,-0.0728063285,0.1710335761,0.9825519323,0.0056929276,0.0549106486,0.1989509612,0.9784533978,0.0178500079,-0.0060752705,0.1943777055,0.9807454944,0.1477017403,0.0197453778,0.1934676468,0.9697240591,0.1368806660,0.0656943843,-0.0251216218,0.9880875349,0.1227974445,-0.2061473280,-0.0788336396,0.9675791264,0.1093998551,-0.2112839520,-0.0500640385,0.9699919820,0.1093998551,-0.2112839520,-0.0500640385,0.9699919820,0.0097857416,0.0351013169,0.2000400871,0.9791098833,-0.1380757987,0.0045129447,0.2030462325,0.9693745375,-0.1370092779,0.0434107892,0.3872439563,0.9107064605,-0.0141822370,-0.2300589979,0.4277028143,0.8740377426,-0.0019648513,-0.2293032259,0.4052096307,0.8849980235,-0.0019648513,-0.2293032259,0.4052096307,0.8849980235,0.0056929276,0.0549106486,0.1989509612,0.9784533978
0.0170520004,-0.0187899992,0.7997710109,0.0082739964,0.0535949729,0.2319388986,0.9712175131,-0.1820140034,0.0672779977,0.1196760014,0.2319899946,-0.3431249857,0.0676020011,-0.2294539958,-0.1509319991,-0.0563500002,0.2651849985,-0.2860899866,0.0618150011,-0.0672729984,-0.1208119988,0.2679390013,-0.4482910037,-0.5597440004,0.0667349994,-0.0377219990,-0.3040300012,0.3955810070,-0.6125249863,-0.0555370003,0.0000000000,0.1267749816,-0.0387750156,-0.0441506505,0.0947237834,-0.0951589793,-0.0193148945,-0.0048998743,0.1343250275,-0.0933000818,0.5526244640,-0.3597997129,0.1639999449,0.0932250172,0.0583250076,0.0191000290,0.3540240228,-0.5252994299,-0.2779748440,0.0438997522,0.1971749663,0.0905245543,0.0963747501,-0.0818505883,0.1320499927,0.1390499026,-0.0637501478,0.0276245177,-0.0279754400,0.0267500058,0.0000000000,2.0000000000,2.0000000000,0.0082739964,0.0535949729,0.2319388986,0.9712175131,0.0082739964,0.0535949729,0.2319388986,0.9712175131,0.0298611037,-0.0320794992,0.2530975938,0.9664476514,0.0623484105,-0.0235490054,0.2540333271,0.9648965597,0.0608285293,-0.0272354335,0.3112816811,0.9479777217,0.0243935697,0.0826618448,0.3162299395,0.9447596073,0.0780228972,-0.0798430592,0.3074229062,0.9450020194,0.1099142432,-0.0694082230,0.3099455535,0.9418253899,0.1099142581,-0.0694082305,0.3099455833,0.9418255091,0.0322782770,-0.0539044328,0.2007236332,0.9776311517,-0.0415214933,-0.0688844398,0.1960882097,0.9772821069,-0.0395644531,-0.0700268224,0.1684791148,0.9824183583,-0.0614908449,0.0604677908,0.1617697030,0.9830530286,-0.0378012955,-0.0802915320,0.1688834429,0.9816326499,-0.0074482625,-0.0750342607,0.1712840050,0.9823321104,-0.0074482616,-0.0750342533,0.1712839901,0.9823319912,0.0064669093,0.0538429134,0.1991455108,0.9784682989,0.0182495620,-0.0051836390,0.1946836412,0.9806826115,0.1490749568,0.0208665319,0.1936315596,0.9694576263,0.1380138844,0.0669475272,-0.0241904482,0.9878689051,0.1240700707,-0.2055867910,-0.0783851966,0.9675725698,0.1102206931,-0.2109438032,-0.0486083403,0.9700470567,0.1102206931,-0.2109438032,-0.0486083403,0.9700470567,0.0102779716,0.0354082994,0.2001471221,0.9790719748,-0.1381016225,0.0046916506,0.2032008916,0.9693376422,-0.1369961798,0.0436443388,0.3876374066,0.9105298519,-0.0139024640,-0.2300908864,0.4280948937,0.8738418221,-0.0017232022,-0.2293274999,0.4056777358,0.8847777247,-0.0017232022,-0.2293274999,0.4056777358,0.8847777247,0.0064669093,0.0538429134,0.1991455108,0.9784682989
0.0195869990,-0.0195519999,0.7988719940,0.0089779980,0.0523939952,0.2318879813,0.9712889791,-0.1821630001,0.0699829981,0.1177169979,0.2433149815,-0.3503910005,0.0709839985,-0.2274090052,-0.1497980058,-0.0563340001,0.2723019719,-0.2966629863,0.0560650080,-0.0663450062,-0.1169250011,0.2695269883,-0.4458540082,-0.5615079999,0.0697640032,-0.0349740051,-0.3055109978,0.3961319923,-0.6129400134,-0.0546419993,0.0000000000,0.1329249889,-0.0218250323,-0.0473245978,0.0783653036,-0.1116724610,-0.0306591764,0.0432249159,0.1406250596,-0.0770749524,0.5224499702,-0.4037000239,0.1610498875,0.1390498132,0.0667501241,0.0042250380,0.3223247826,-0.5039252043,-0.2225500494,0.0230750069,0.2115000039,0.0656999648,0.0775754452,-0.0848755240,0.1298001111,0.1354499757,-0.0802248716,-0.0260755420,-0.0278249383,-0.0305250287,0.0000000000,2.0000000000,2.0000000000,0.0089779980,0.0523939952,0.2318879813,0.9712889791,0.0089779980,0.0523939952,0.2318879813,0.9712889791,0.0305470340,-0.0333684720,0.2530031800,0.9664072394,0.0643374696,-0.0244968925,0.2540156841,0.9647470117,0.0627850369,-0.0282390900,0.3103265762,0.9481339455,0.0246604886,0.0870328993,0.3156523407,0.9445531964,0.0793014094,-0.0789356008,0.3065221310,0.9452643394,0.1127937436,-0.0680090934,0.3091300726,0.9418550730,0.1127937436,-0.0680090934,0.3091300726,0.9418550730,0.0327948891,-0.0541277565,0.2008842677,0.9775685668,-0.0404475257,-0.0690079629,0.1962707043,0.9772817492,-0.0384879932,-0.0701197311,0.1686694175,0.9824218154,-0.0610254407,0.0638739988,0.1618845165,0.9828476906,-0.0364307053,-0.0820806324,0.1691256911,0.9814947844,-0.0089062406,-0.0773079917,0.1713598818,0.9821303487,-0.0089062406,-0.0773079917,0.1713598818,0.9821303487,0.0072353380,0.0526629388,0.1995462328,0.9784455299,0.0186660849,-0.0044574682,0.1951936334,0.9805769324,0.1502431929,0.0218083747,0.1940227598,0.9691783786,0.1390193999,0.0678764656,-0.0225402992,0.9877035618,0.1254165173,-0.2054768354,-0.0772374123,0.9675146341,0.1109413430,-0.2111257762,-0.0461122468,0.9700471759,0.1109413579,-0.2111258060,-0.0461122505,0.9700472951,0.0107744560,0.0355714969,0.2004637569,0.9789958596,-0.1383170933,0.0046542953,0.2035421133,0.9692354798,-0.1372136921,0.0437021814,0.3881971836,0.9102557302,-0.0138547961,-0.2301306129,0.4287031293,0.8735340238,-0.0018715799,-0.2293755114,0.4066577852,0.8843148351,-0.0018715801,-0.2293755412,0.4066578448,0.8843149543,0.0072353380,0.0526629388,0.1995462328,0.9784455299
0.0223689992,-0.0196630005,0.7978780270,0.0093109971,0.0510569885,0.2314449400,0.9714627862,-0.1802850068,0.0729029998,0.1165930033,0.2528879941,-0.3592729867,0.0740439966,-0.2238920033,-0.1482619941,-0.0561809987,0.2780779898,-0.3062469959,0.0529129989,-0.0663499981,-0.1123519987,0.2705669999,-0.4451879859,-0.5631390214,0.0719270036,-0.0323040001,-0.3072389960,0.3945379853,-0.6136379838,-0.0567580014,0.0000000000,0.1450751871,-0.0074250633,-0.0514999032,0.0607133396,-0.1127587482,-0.0492141210,0.0675000250,0.1495752484,-0.0644749030,0.5219764709,-0.4509001970,0.1549001783,0.1498501748,0.0773251057,0.0156250782,0.3290764987,-0.5019761324,-0.1648253798,0.0061500818,0.2325253487,0.0619009137,0.0307001173,-0.0840753317,0.0973999500,0.1348252892,-0.0880748034,-0.0638000667,-0.0304251909,-0.0827998817,0.0000000000,2.0000000000,2.0000000000,0.0093109971,0.0510569885,0.2314449400,0.9714627862,0.0093109971,0.0510569885,0.2314449400,0.9714627862,0.0305876248,-0.0338389538,0.2523297071,0.9665656090,0.0657922700,-0.0246207155,0.2533952892,0.9648088217,0.0642460138,-0.0284121782,0.3091779649,0.9484061599,0.0247435067,0.0914156213,0.3148115575,0.9444175959,0.0805933475,-0.0787962973,0.3053248823,0.9455541968,0.1155364215,-0.0674411431,0.3080321550,0.9419231415,0.1155364364,-0.0674411505,0.3080321848,0.9419232607,0.0327507481,-0.0538198836,0.2009033412,0.9775831103,-0.0397420563,-0.0685516000,0.1963655055,0.9773238301,-0.0378009826,-0.0696407855,0.1688381284,0.9824535251,-0.0608357117,0.0671909302,0.1619698852,0.9826241136,-0.0354193114,-0.0834707916,0.1693537682,0.9813752770,-0.0094461916,-0.0789616033,0.1715025902,0.9819688201,-0.0094461916,-0.0789616033,0.1715025902,0.9819688201,0.0076123681,0.0513377264,0.1990952045,0.9786049128,0.0185758024,-0.0035531947,0.1949045211,0.9806398749,0.1506661773,0.0227662828,0.1936029345,0.9691745639,0.1392488182,0.0688370392,-0.0226177014,0.9876030684,0.1255441904,-0.2053028941,-0.0775249451,0.9675119519,0.1106233746,-0.2111252844,-0.0454325192,0.9701156616,0.1106233895,-0.2111253142,-0.0454325229,0.9701157808,0.0108727403,0.0355487615,0.1999389827,0.9791029096,-0.1390737146,0.0045362646,0.2030239701,0.9692364335,-0.1379876286,0.0435797386,0.3869626820,0.9106701612,-0.0148239341,-0.2306609005,0.4277910590,0.8738253117,-0.0023613553,-0.2299057543,0.4048830569,0.8849900365,-0.0023613556,-0.2299057841,0.4048831165,0.8849901557,0.0076123690,0.0513377339,0.1990952343,0.9786050320
0.0253900066,-0.0198490024,0.7968119979,0.0096859988,0.0499129929,0.2310149670,0.9716208577,-0.1794629991,0.0759660080,0.1151380017,0.2641940415,-0.3684270084,0.0771800056,-0.2214149982,-0.1467050016,-0.0557089970,0.2854650319,-0.3167420328,0.0494719930,-0.0660990030,-0.1076239869,0.2720030248,-0.4446260035,-0.5648710132,0.0736600012,-0.0295809936,-0.3090339899,0.3935799897,-0.6141570210,-0.0579539947,0.0000000000,0.1631000042,-0.0130999833,-0.0569000840,0.0604033992,-0.0830487311,-0.0468150154,-0.0116996467,0.1603750587,-0.0893000513,0.6520502567,-0.4713252187,0.1606000662,0.0718750060,0.0787999481,0.0395249575,0.4498749971,-0.5703247786,-0.1865750253,0.0253999606,0.2441249788,0.0916250050,0.0228993595,-0.0916987658,0.0650998205,0.1388750076,-0.0930503011,-0.0161498785,-0.0170007348,-0.0137750059,0.0000000000,2.0000000000,2.0000000000,0.0096859988,0.0499129929,0.2310149670,0.9716208577,0.0096859988,0.0499129929,0.2310149670,0.9716208577,0.0308007896,-0.0346137434,0.2517819703,0.9666742086,0.0674869344,-0.0250276402,0.2529147863,0.9648073316,0.0659351125,-0.0288691875,0.3080081046,0.9486569762,0.0247919522,0.0963329524,0.3140092194,0.9441946745,0.0818906277,-0.0782482997,0.3041551411,0.9458651543,0.1183215380,-0.0664556101,0.3069475293,0.9420015812,0.1183215380,-0.0664556101,0.3069475293,0.9420015812,0.0328526609,-0.0538039878,0.2007838339,0.9776050448,-0.0388811715,-0.0683741048,0.1963008195,0.9773839712,-0.0369618051,-0.0694304481,0.1690036356,0.9824718833,-0.0606264398,0.0710306242,0.1620272845,0.9823575616,-0.0343144387,-0.0847857222,0.1695609838,0.9812660813,-0.0100338217,-0.0805659518,0.1716061682,0.9818146229,-0.0100338217,-0.0805659518,0.1716061682,0.9818146229,0.0080314092,0.0502057932,0.1987830698,0.9787238240,0.0185208768,-0.0023775469,0.1947587579,0.9806733727,0.1513121575,0.0240503177,0.1932827532,0.9691069126,0.1396196485,0.0701741800,-0.0226316582,0.9874562025,0.1258150190,-0.2048005313,-0.0777994990,0.9675611854,0.1105497032,-0.2107678950,-0.0449276492,0.9702253938,0.1105497032,-0.2107678950,-0.0449276492,0.9702253938,0.0110113472,0.0357461236,0.1995516866,0.9791732430,-0.1398174167,0.0046086670,0.2026756555,0.9692020416,-0.1387077570,0.0437020808,0.3861739337,0.9108896255,-0.0156397726,-0.2308225036,0.4272786081,0.8740190864,-0.0029093365,-0.2300760299,0.4038816392,0.8854018450,-0.0029093362,-0.2300760001,0.4038815796,0.8854017258,0.0080314092,0.0502057932,0.1987830698,0.9787238240
0.0288929995,-0.0201869998,0.7956020236,0.0101479953,0.0491549782,0.2306118906,0.9717504978,-0.1807529926,0.0793180019,0.1130210012,0.2789700031,-0.3781259954,0.0804679990,-0.2210170031,-0.1451099962,-0.0546000004,0.2960729897,-0.3290599883,0.0454499982,-0.0653339997,-0.1025869995,0.2742320001,-0.4442720115,-0.5668069720,0.0745309964,-0.0267490000,-0.3109610081,0.3938919902,-0.6143180132,-0.0573090017,0.0000000000,0.1946498454,-0.0165749341,-0.0639751554,0.0639766902,-0.0444621518,-0.0633508414,-0.0603500754,0.1670248806,-0.1059001312,0.7617242336,-0.4733249545,0.1772249043,0.0089500099,0.0803250819,0.0687749088,0.5605243444,-0.6372742653,-0.2062748224,0.0658750534,0.2216747105,0.0837244093,0.0316247344,-0.0462502241,0.0143999234,0.1389498413,-0.0850506127,0.0062756240,0.0312998891,0.0328248367,0.0000000000,2.0000000000,2.0000000000,0.0101479953,0.0491549782,0.2306118906,0.9717504978,0.0101479953,0.0491549782,0.2306118906,0.9717504978,0.0313591398,-0.0359981544,0.2514854968,0.9666829705,0.0696621090,-0.0259987954,0.2527149916,0.9646794200,0.0680824891,-0.0298918393,0.3067970872,0.9488660693,0.0247662887,0.1023223028,0.3132831156,0.9438063502,0.0832029954,-0.0768787265,0.3030461371,0.9462188482,0.1211955473,-0.0646270365,0.3058931828,0.9421063066,0.1211955473,-0.0646270365,0.3058931828,0.9421063066,0.0332491770,-0.0543718003,0.2003869861,0.9776417017,-0.0377088711,-0.0687550753,0.1959182918,0.9774798751,-0.0358180404,-0.0697587803,0.1691633910,0.9824635386,-0.0603772663,0.0759140179,0.1620301306,0.9820070267,-0.0330231935,-0.0859528109,0.1697310954,0.9811793566,-0.0107192853,-0.0820738077,0.1716403812,0.9816763997,-0.0107192853,-0.0820738077,0.1716403812,0.9816763997,0.0085371211,0.0494601987,0.1987503320,0.9787641168,0.0185366869,-0.0006605730,0.1949011087,0.9806475639,0.1524042487,0.0259860270,0.1931621134,0.9689098001,0.1402731091,0.0722640976,-0.0225180294,0.9872154593,0.1263722628,-0.2036421597,-0.0780478120,0.9677130580,0.1109654009,-0.2096977979,-0.0447731391,0.9704169035,0.1109654009,-0.2096977979,-0.0447731391,0.9704169035,0.0112307547,0.0363843441,0.1994405389,0.9791698456,-0.1405338943,0.0050611203,0.2026690245,0.9690974355,-0.1393189430,0.0443149507,0.3862787783,0.9107223749,-0.0161459763,-0.2302465588,0.4275658727,0.8740212917,-0.0035726086,-0.2295220345,0.4044283032,0.8852935433,-0.0035726086,-0.2295220345,0.4044283032,0.8852935433,0.0085371211,0.0494601987,0.1987503320,0.9787641168
0.0331760012,-0.0205119997,0.7942529917,0.0107869962,0.0487409830,0.2298559099,0.9719436169,-0.1818770021,0.0826470032,0.1109019965,0.2946630120,-0.3873600066,0.0842690021,-0.2210569978,-0.1434919983,-0.0529580005,0.3078860044,-0.3422330022,0.0412210003,-0.0634640008,-0.0987569988,0.2753520012,-0.4433610141,-0.5667210221,0.0742359981,-0.0240230002,-0.3124360144,0.3938310146,-0.6129050255,-0.0566410013,0.0000000000,0.2239497900,-0.0161250122,-0.0691756606,0.0338643938,-0.0128343906,-0.0407353155,-0.0541251153,0.1661997288,-0.1059999689,0.7961488962,-0.4559002817,0.1964747906,-0.0074747950,0.0811748207,0.0887999311,0.6057001352,-0.6693743467,-0.2140497863,0.1073248684,0.1763747931,0.0421248376,0.0524751842,0.0296249986,-0.0293498859,0.1350248754,-0.0680744648,-0.0077247620,0.0903502107,0.0337250531,0.0000000000,2.0000000000,2.0000000000,0.0107869962,0.0487409830,0.2298559099,0.9719436169,0.0107869962,0.0487409830,0.2298559099,0.9719436169,0.0320507288,-0.0369717106,0.2508046329,0.9668003321,0.0719635785,-0.0265789740,0.2521179020,0.9646509886,0.0703798831,-0.0305265244,0.3051938117,0.9491952062,0.0248152483,0.1091451868,0.3122191727,0.9433932900,0.0844445229,-0.0744717568,0.3016052544,0.9467615485,0.1242491007,-0.0617014356,0.3044744730,0.9423643351,0.1242491007,-0.0617014356,0.3044744730,0.9423643351,0.0338197015,-0.0548043065,0.1995563209,0.9777678847,-0.0363580734,-0.0689684004,0.1951143146,0.9776767492,-0.0345193334,-0.0699068457,0.1691610515,0.9824999571,-0.0600495301,0.0815721601,0.1618675143,0.9816001654,-0.0316092968,-0.0867686570,0.1697288901,0.9811545610,-0.0113819288,-0.0832522810,0.1714810580,0.9815976024,-0.0113819288,-0.0832522810,0.1714810580,0.9815976024,0.0092351753,0.0490586720,0.1989036202,0.9787467718,0.0188700743,0.0008134164,0.1951728910,0.9805870652,0.1532687247,0.0275915321,0.1932144314,0.9687185287,0.1407956034,0.0739253536,-0.0219683014,0.9870303869,0.1270011961,-0.2019456029,-0.0776532292,0.9680178761,0.1117150337,-0.2080055922,-0.0444875844,0.9707081318,0.1117150337,-0.2080055922,-0.0444875844,0.9707081318,0.0116558690,0.0373154357,0.1995167583,0.9791144133,-0.1408199966,0.0058195405,0.2028928250,0.9690048695,-0.1394547820,0.0451074541,0.3864491582,0.9105903506,-0.0164986234,-0.2288323641,0.4277175367,0.8743118048,-0.0041087065,-0.2281272858,0.4048356116,0.8854656219,-0.0041087060,-0.2281272560,0.4048355520,0.8854655027,0.0092351763,0.0490586795,0.1989036500,0.9787468910
0.0378509909,-0.0208320003,0.7928349972,0.0107869962,0.0487409830,0.2298559099,0.9719436169,-0.1829179972,0.0859659910,0.1087810025,0.3108159602,-0.3963620067,0.0883269906,-0.2213159949,-0.1418630034,-0.0510480031,0.3203009963,-0.3558349609,0.0368880071,-0.0610410050,-0.0955320075,0.2759169936,-0.4421730042,-0.5656219721,0.0733570009,-0.0213480052,-0.3136839867,0.3935829997,-0.6107040048,-0.0559599996,0.0000000000,0.2293001860,-0.0105000567,-0.0793501735,0.0796646476,-0.0329465233,-0.0430241488,-0.0824999064,0.1618251204,-0.1244751737,0.8961759806,-0.4694007337,0.1855751574,-0.0238254666,0.0615999103,0.0295500271,0.7275506854,-0.6719999313,-0.2203753293,0.0993500501,0.1130750403,0.0123001635,0.0350505114,0.0201761723,-0.0548999757,0.1159750819,-0.0586748123,-0.0537253916,0.1337513328,0.0579250976,0.0000000000,2.0000000000,2.0000000000,0.0107869962,0.0487409830,0.2298559099,0.9719436169,0.0107869962,0.0487409830,0.2298559099,0.9719436169,0.0321718417,-0.0374621041,0.2509187460,0.9667478204,0.0736830458,-0.0266455859,0.2522967160,0.9644724727,0.0721255392,-0.0306118689,0.3043559194,0.9493305087,0.0241471380,0.1166974306,0.3118517697,0.9426277280,0.0850738287,-0.0711772367,0.3009934723,0.9471532702,0.1268068850,-0.0578192323,0.3038423955,0.9424737692,0.1268068850,-0.0578192323,0.3038423955,0.9424737692,0.0338464975,-0.0549254678,0.1995192915,0.9777677059,-0.0355350040,-0.0689276904,0.1951248944,0.9777078032,-0.0337643102,-0.0698121339,0.1701090336,0.9823691845,-0.0604589805,0.0877364799,0.1625479162,0.9809308052,-0.0307368208,-0.0872539431,0.1706820577,0.9809738994,-0.0126395309,-0.0840912163,0.1722622365,0.9813739061,-0.0126395309,-0.0840912163,0.1722622365,0.9813739061,0.0092946040,0.0490474589,0.2000892609,0.9785051942,0.0186719298,0.0023900638,0.1964844316,0.9803262949,0.1533102691,0.0293881483,0.1942889094,0.9684442282,0.1404711157,0.0755632520,-0.0202794522,0.9869888425,0.1271683127,-0.1998417377,-0.0758357570,0.9685765505,0.1121389046,-0.2058546096,-0.0430283211,0.9711834788,0.1121389046,-0.2058546096,-0.0430283211,0.9711834788,0.0114584444,0.0386146754,0.2006346583,0.9788378477,-0.1415764242,0.0068016141,0.2042035460,0.9686127901,-0.1400236487,0.0461890213,0.3875372112,0.9099863172,-0.0171451513,-0.2266491503,0.4288372993,0.8743196130,-0.0049615325,-0.2259653807,0.4062197506,0.8853815794,-0.0049615325,-0.2259653807,0.4062197506,0.8853815794,0.0092946040,0.0490474589,0.2000892609,0.9785051942
0.0423480086,-0.0209320020,0.7910789847,0.0122259948,0.0477249771,0.2291038930,0.9721544981,-0.1851769984,0.0891200081,0.1059229895,0.3305100501,-0.4061360359,0.0916920081,-0.2220100164,-0.1410280019,-0.0517759994,0.3369880319,-0.3691129982,0.0324059874,-0.0594899990,-0.0942339972,0.2758440077,-0.4419589937,-0.5659139752,0.0720399991,-0.0193839967,-0.3147830069,0.3916819990,-0.6075549722,-0.0543239973,0.0000000000,0.2200503945,-0.0060500116,-0.0919997692,0.1248540580,-0.0709997490,-0.0496447720,-0.1257754862,0.1610254943,-0.1428250223,1.0213017464,-0.4993245006,0.1765005291,-0.0501252711,0.0438749790,-0.0214748085,0.8615255356,-0.6702519655,-0.2309504002,0.0783751756,0.0726003200,-0.0045247376,0.0050500035,-0.0267505646,-0.0844502822,0.0905751735,-0.0575505197,-0.0816248357,0.1373007894,0.0692250207,0.0000000000,2.0000000000,2.0000000000,0.0122259948,0.0477249771,0.2291038930,0.9721544981,0.0122259948,0.0477249771,0.2291038930,0.9721544981,0.0337759852,-0.0395911336,0.2502938211,0.9667702317,0.0768074989,-0.0284024328,0.2518090010,0.9643061161,0.0751962587,-0.0324285440,0.3025031090,0.9496240020,0.0244088806,0.1242300943,0.3107520342,0.9420213699,0.0865783319,-0.0683049336,0.2994441688,0.9477192760,0.1299212873,-0.0545096509,0.3022599220,0.9427555799,0.1299212873,-0.0545096509,0.3022599220,0.9427555799,0.0352971144,-0.0562412255,0.1985127479,0.9778465033,-0.0336853452,-0.0700877905,0.1940569133,0.9779033661,-0.0318598263,-0.0709362552,0.1686787456,0.9825988412,-0.0596957169,0.0948480666,0.1609471738,0.9805796146,-0.0291464403,-0.0867094025,0.1691687256,0.9813327789,-0.0132427821,-0.0839571059,0.1705514193,0.9816762209,-0.0132427821,-0.0839571059,0.1705514193,0.9816762209,0.0108012157,0.0480674691,0.2000900507,0.9785380960,0.0200526323,0.0020482894,0.1964663267,0.9803034067,0.1546393633,0.0290400404,0.1943190396,0.9682373405,0.1418515444,0.0754898712,-0.0200820528,0.9868009686,0.1285407096,-0.1999757439,-0.0760551095,0.9683505297,0.1137781739,-0.2059289664,-0.0438492075,0.9709403515,0.1137781739,-0.2059289664,-0.0438492075,0.9709403515,0.0127653768,0.0385935158,0.2005717009,0.9788354039,-0.1408175081,0.0066783745,0.2041417807,0.9687373638,-0.1393229961,0.0457351021,0.3866549432,0.9104917645,-0.0173966102,-0.2258713543,0.4276825190,0.8750812411,-0.0055872798,-0.2252250612,0.4057070017,0.8858016133,-0.0055872793,-0.2252250314,0.4057069421,0.8858014941,0.0108012166,0.0480674766,0.2000900805,0.9785382152
0.0466530062,-0.0210740007,0.7891550064,0.0129359951,0.0467759818,0.2290269285,0.9722096324,-0.1879490167,0.0924070105,0.1030680016,0.3516680300,-0.4163349867,0.0953870118,-0.2233210057,-0.1401080042,-0.0519069955,0.3547620177,-0.3826450408,0.0276499912,-0.0579059981,-0.0926279947,0.2757360041,-0.4419710040,-0.5666919947,0.0699789897,-0.0177249983,-0.3159860075,0.3903180063,-0.6052119732,-0.0531909987,0.0000000000,0.2055495977,-0.0091749709,-0.1045241877,0.0451624393,-0.0380799472,-0.0066488939,-0.1642744988,0.1709246933,-0.1424998045,1.1311732531,-0.5310989618,0.2012494951,-0.0963747501,0.0502251089,0.0232999213,0.9429737926,-0.6893240213,-0.2515244186,0.0807998702,0.0957498327,-0.0071749091,-0.0119253993,-0.0633001328,-0.1402998269,0.0677498505,-0.0653497875,-0.0413499773,0.0768244267,0.0314499252,0.0000000000,2.0000000000,2.0000000000,0.0129359951,0.0467759818,0.2290269285,0.9722096324,0.0129359951,0.0467759818,0.2290269285,0.9722096324,0.0347736813,-0.0418645516,0.2504555285,0.9665971994,0.0793808699,-0.0302520711,0.2521218657,0.9639596343,0.0777171627,-0.0343009084,0.3014418483,0.9496927261,0.0237878151,0.1323571056,0.3103889227,0.9410496354,0.0874215141,-0.0649845153,0.2987718880,0.9480875731,0.1325225830,-0.0506665446,0.3015303016,0.9428415895,0.1325225830,-0.0506665446,0.3015303016,0.9428415895,0.0361569971,-0.0577828996,0.1981699318,0.9777947068,-0.0323741026,-0.0715124160,0.1936392486,0.9779272676,-0.0305074099,-0.0723284632,0.1681962609,0.9826229811,-0.0597073399,0.1021924987,0.1601740271,0.9799673557,-0.0281596147,-0.0860202387,0.1686052382,0.9815192223,-0.0145878587,-0.0836811289,0.1697783172,0.9818147421,-0.0145878587,-0.0836811289,0.1697783172,0.9818147421,0.0115764569,0.0471308567,0.2007864714,0.9784321189,0.0207045898,0.0019044575,0.1971919388,0.9801445007,0.1552110016,0.0289868005,0.1950590760,0.9679985642,0.1424103230,0.0755609199,-0.0193057619,0.9867305756,0.1292669326,-0.2002513707,-0.0755381510,0.9682373405,0.1149210185,-0.2060661763,-0.0442624427,0.9707579017,0.1149210185,-0.2060661763,-0.0442624427,0.9707579017,0.0133781666,0.0384684391,0.2012206912,0.9786989093,-0.1407735497,0.0063299523,0.2047669888,0.9686141610,-0.1393694729,0.0452494547,0.3866311014,0.9105190635,-0.0179377794,-0.2253188342,0.4275894761,0.8752583265,-0.0063880892,-0.2247027159,0.4060684741,0.8857631087,-0.0063880892,-0.2247027159,0.4060684741,0.8857631087,0.0115764579,0.0471308641,0.2007865012,0.9784322381
0.0505699925,-0.0212990008,0.7868980169,0.0129359951,0.0467759818,0.2290269285,0.9722096324,-0.1917479783,0.0959569961,0.1002229974,0.3757569790,-0.4273799956,0.0997419879,-0.2258650064,-0.1390189976,-0.0508440025,0.3747069836,-0.3966859579,0.0223450102,-0.0562580042,-0.0904040039,0.2755570114,-0.4424360096,-0.5684459805,0.0664280057,-0.0166740026,-0.3173969984,0.3900279999,-0.6044819951,-0.0530660003,0.0000000000,0.2107248604,-0.0033999791,-0.1194745302,0.0954927430,-0.1052069142,-0.0761286691,-0.1917745918,0.1688746810,-0.1750750542,1.2511744499,-0.5429506302,0.2399997711,-0.1775000244,0.0534251332,0.1057748646,1.1250243187,-0.6828241348,-0.2542497516,0.0801999122,0.1372748911,-0.0105999410,-0.0422745943,-0.0738754869,-0.1807248294,0.0394749455,-0.0555247068,0.0148750842,0.1172497869,-0.0166250393,0.0000000000,2.0000000000,2.0000000000,0.0129359951,0.0467759818,0.2290269285,0.9722096324,0.0129359951,0.0467759818,0.2290269285,0.9722096324,0.0352125689,-0.0436550528,0.2508664727,0.9663956165,0.0815204680,-0.0315732397,0.2526714802,0.9635947347,0.0798366144,-0.0356170088,0.3006212711,0.9497286677,0.0222831238,0.1423954368,0.3102425933,0.9396682382,0.0875686482,-0.0601163544,0.2984606326,0.9484930634,0.1347424537,-0.0451632552,0.3010863662,0.9429484606,0.1347424537,-0.0451632552,0.3010863662,0.9429484606,0.0364194773,-0.0589723252,0.1978034526,0.9777882099,-0.0315793194,-0.0725680664,0.1932299584,0.9779564738,-0.0297244899,-0.0733473450,0.1683085859,0.9825522304,-0.0605533794,0.1109457389,0.1598268300,0.9790198207,-0.0278731063,-0.0841404423,0.1686250716,0.9816868901,-0.0169036929,-0.0822512656,0.1695545912,0.9819370508,-0.0169036929,-0.0822512656,0.1695545912,0.9819370508,0.0116152884,0.0471212976,0.2015926093,0.9782663584,0.0205610413,0.0029888109,0.1980872601,0.9799641967,0.1549574435,0.0301663894,0.1957996041,0.9678537250,0.1418771595,0.0767016783,-0.0187819395,0.9867294431,0.1288241893,-0.2000059485,-0.0750521645,0.9683848023,0.1152179316,-0.2055213153,-0.0453579687,0.9707876444,0.1152179316,-0.2055213153,-0.0453579687,0.9707876444,0.0133168940,0.0389739610,0.2020010650,0.9785189629,-0.1414889246,0.0065613315,0.2056218535,0.9683272243,-0.1400399804,0.0455828570,0.3872751594,0.9101258516,-0.0185297597,-0.2245527953,0.4283699393,0.8750610352,-0.0070266658,-0.2239491791,0.4069013894,0.8855669498,-0.0070266658,-0.2239491791,0.4069013894,0.8855669498,0.0116152894,0.0471213050,0.2015926391,0.9782664776
0.0550820008,-0.0212099999,0.7843760252,0.0143820001,0.0442730002,0.2276619971,0.9726269841,-0.1956200004,0.0991619974,0.0960649997,0.4017150104,-0.4380530119,0.1049870029,-0.2304210067,-0.1379709989,-0.0476760007,0.3997629881,-0.4099580050,0.0174800009,-0.0546980016,-0.0871369988,0.2753120065,-0.4436619878,-0.5696470141,0.0627499968,-0.0161460005,-0.3182069957,0.3909130096,-0.6005219817,-0.0538560003,0.0000000000,0.2330501527,0.0083500063,-0.1294001937,0.1432245821,-0.1528746486,-0.1234730259,-0.1945257187,0.1559000462,-0.2242999077,1.3212754726,-0.5290247202,0.2734253109,-0.2529747784,0.0519249588,0.1847500950,1.3167001009,-0.6539762020,-0.2377252579,0.0769001395,0.1764001250,-0.0130750239,-0.0708498061,-0.0531256199,-0.1854751259,0.0198500697,-0.0329747796,0.0589251518,0.2383500338,-0.0509750098,0.0000000000,2.0000000000,2.0000000000,0.0143820001,0.0442730002,0.2276619971,0.9726269841,0.0143820001,0.0442730002,0.2276619971,0.9726269841,0.0369068347,-0.0480467379,0.2498001307,0.9664001465,0.0847569332,-0.0356074311,0.2518743873,0.9633834362,0.0829495266,-0.0396358855,0.2978398204,0.9501788616,0.0218599699,0.1507308185,0.3084012270,0.9389840364,0.0883469954,-0.0568922088,0.2962836623,0.9493020177,0.1380345821,-0.0412680171,0.2988606095,0.9433587790,0.1380345821,-0.0412680171,0.2988606095,0.9433587790,0.0382487215,-0.0635919049,0.1956174225,0.9778685570,-0.0292475168,-0.0769247115,0.1907686889,0.9781791568,-0.0274056513,-0.0775999948,0.1673988700,0.9824484587,-0.0600975789,0.1190132648,0.1586244851,0.9782956839,-0.0265519768,-0.0826070085,0.1675363779,0.9820400476,-0.0179680400,-0.0811396018,0.1682519466,0.9822345972,-0.0179680400,-0.0811396018,0.1682519466,0.9822345972,0.0131659498,0.0446497276,0.2009797990,0.9784888029,0.0217676908,0.0021096584,0.1975407600,0.9800507426,0.1560459584,0.0291965697,0.1953825802,0.9677927494,0.1431114972,0.0761185735,-0.0197585225,0.9865772724,0.1297063231,-0.2010757625,-0.0764473677,0.9679363966,0.1168240085,-0.2063077539,-0.0484208353,0.9702807069,0.1168240234,-0.2063077837,-0.0484208427,0.9702808261,0.0148074441,0.0367579311,0.2013631761,0.9787147641,-0.1404403895,0.0043910756,0.2046435773,0.9686993361,-0.1394107491,0.0433423445,0.3867983520,0.9105345011,-0.0189251620,-0.2250953913,0.4275895059,0.8752948642,-0.0072363270,-0.2244966477,0.4057970345,0.8859332204,-0.0072363270,-0.2244966477,0.4057970345,0.8859332204,0.0131659498,0.0446497276,0.2009797990,0.9784888029
0.0598919988,-0.0209650006,0.7817220092,0.0151359923,0.0431149825,0.2267968953,0.9728695154,-0.1995290071,0.1021929979,0.0912510008,0.4286080003,-0.4485409856,0.1106790006,-0.2359839976,-0.1369419992,-0.0434539989,0.4273749888,-0.4228450060,0.0128360000,-0.0531819984,-0.0833479986,0.2750340104,-0.4452700019,-0.5705710053,0.0590090007,-0.0158799998,-0.3187159896,0.3923850060,-0.5949479938,-0.0551050007,0.0000000000,0.2652499676,0.0089250021,-0.1502007246,0.0833007321,-0.0813099667,-0.1726900786,-0.2890251577,0.1907750964,-0.2300750464,1.5881493092,-0.4803746939,0.2718499005,-0.2855997682,0.0698499382,0.1445749700,1.3968504667,-0.6973750591,-0.2486250401,0.1486750245,0.1755500138,-0.0115253031,0.0967748463,-0.0310748816,-0.1814249009,0.0382250175,-0.0381998718,0.0636748970,0.1936495304,0.0211750157,0.0000000000,2.0000000000,2.0000000000,0.0151359923,0.0431149825,0.2267968953,0.9728695154,0.0151359923,0.0431149825,0.2267968953,0.9728695154,0.0379912332,-0.0510848239,0.2492918074,0.9663336873,0.0872964337,-0.0382857509,0.2515755594,0.9631320834,0.0854593813,-0.0422274657,0.2952418625,0.9506554604,0.0207161475,0.1609119326,0.3066625297,0.9378892779,0.0883976221,-0.0516999103,0.2943755388,0.9501875043,0.1408183426,-0.0353384800,0.2967844605,0.9438434243,0.1408183426,-0.0353384800,0.2967844605,0.9438434243,0.0395055898,-0.0673459694,0.1938577890,0.9779177308,-0.0274936780,-0.0804514289,0.1887958944,0.9783291221,-0.0257393587,-0.0810297504,0.1674968451,0.9821998477,-0.0606741495,0.1291033924,0.1582288295,0.9770439267,-0.0261186678,-0.0788048804,0.1674381196,0.9823808074,-0.0198132545,-0.0777286515,0.1679404527,0.9825282693,-0.0198132545,-0.0777286515,0.1679404527,0.9825282693,0.0139843086,0.0435021780,0.2008502185,0.9785557389,0.0222096629,0.0028129104,0.1975344718,0.9800403118,0.1563478261,0.0298651680,0.1952840388,0.9677436352,0.1431998014,0.0770011321,-0.0206240285,0.9864782095,0.1295017749,-0.2006412446,-0.0773883909,0.9679790735,0.1174014509,-0.2055554092,-0.0510295816,0.9702370763,0.1174014509,-0.2055554092,-0.0510295816,0.9702370763,0.0155971432,0.0357395150,0.2012209296,0.9787694216,-0.1399158984,0.0033560554,0.2043426335,0.9688428044,-0.1390800029,0.0423713736,0.3871998787,0.9104601145,-0.0196525306,-0.2235729843,0.4276688099,0.8756303191,-0.0077310000,-0.2229785919,0.4053505063,0.8865165710,-0.0077310009,-0.2229786217,0.4053505659,0.8865166903,0.0139843086,0.0435021780,0.2008502185,0.9785557389
0.0656920001,-0.0208529998,0.7783679962,0.0157849975,0.0422619954,0.2243979722,0.9734528661,-0.2071810067,0.1067930013,0.0868619978,0.4652409852,-0.4572679996,0.1158609986,-0.2418449968,-0.1351770014,-0.0418930016,0.4556370080,-0.4378530085,0.0075349999,-0.0487510003,-0.0801149979,0.2748509943,-0.4397909939,-0.5708900094,0.0554930009,-0.0146169998,-0.3197349906,0.3934600055,-0.5927760005,-0.0530089997,0.0000000000,0.3026248515,0.0129749998,-0.1733750105,0.0673356652,-0.0570523590,-0.2410005480,-0.3677498698,0.2180999219,-0.2478498966,1.8161728382,-0.4309244454,0.2475498319,-0.3079745770,0.0826001167,0.0822999477,1.4640741348,-0.7258988619,-0.2494497746,0.2047997862,0.1572247595,0.0073499978,0.2256497741,-0.0159755349,-0.1989748329,0.0618499219,-0.0482745469,0.0500999391,0.0895500183,0.0457500108,0.0000000000,2.0000000000,2.0000000000,0.0157849975,0.0422619954,0.2243979722,0.9734528661,0.0157849975,0.0422619954,0.2243979722,0.9734528661,0.0392447412,-0.0556173287,0.2476711720,0.9664500356,0.0907693356,-0.0423195660,0.2502865195,0.9629780650,0.0888463408,-0.0462206230,0.2918604612,0.9512032270,0.0191712454,0.1743034869,0.3044809699,0.9362382889,0.0876821354,-0.0424282998,0.2922123373,0.9513798952,0.1426181346,-0.0254385844,0.2941786647,0.9447073340,0.1426181346,-0.0254385844,0.2941786647,0.9447073340,0.0404966213,-0.0709783062,0.1905281395,0.9782746434,-0.0256656278,-0.0836839601,0.1852994561,0.9787760377,-0.0239072405,-0.0842031687,0.1647583842,0.9824424386,-0.0605006777,0.1398600340,0.1551017314,0.9760749936,-0.0253713094,-0.0754640624,0.1645392776,0.9831522703,-0.0216671117,-0.0748436227,0.1648224145,0.9832409024,-0.0216671117,-0.0748436227,0.1648224145,0.9832409024,0.0147502525,0.0426341705,0.2006052583,0.9786329269,0.0226489566,0.0035232902,0.1973939538,0.9800562859,0.1566966176,0.0305317305,0.1950502545,0.9677135348,0.1436047554,0.0771656334,-0.0181682892,0.9864548445,0.1305668354,-0.2006242424,-0.0751756802,0.9680139422,0.1191940904,-0.2052926272,-0.0503905416,0.9701075554,0.1191940904,-0.2052926272,-0.0503905416,0.9701075554,0.0162326396,0.0354880989,0.2009413838,0.9788256288,-0.1397910714,0.0030482351,0.2040283382,0.9689281583,-0.1390040815,0.0421515144,0.3873934746,0.9103996158,-0.0199731607,-0.2228180021,0.4277498722,0.8757758141,-0.0085236784,-0.2222576737,0.4062787294,0.8862654567,-0.0085236784,-0.2222576737,0.4062787294,0.8862654567,0.0147502525,0.0426341705,0.2006052583,0.9786329269
0.0719969943,-0.0204460006,0.7747870088,0.0163949970,0.0416259915,0.2221799642,0.9739787579,-0.2142390013,0.1109169945,0.0813370049,0.5012549162,-0.4657779634,0.1205809936,-0.2483029813,-0.1336379945,-0.0401620008,0.4859379530,-0.4518809617,0.0028580092,-0.0449900068,-0.0770590082,0.2753280103,-0.4362440109,-0.5712100267,0.0510500073,-0.0134060029,-0.3206469715,0.3943890035,-0.5913659930,-0.0532750003,0.0000000000,0.3404499888,0.0351499766,-0.1903504282,0.0556500666,-0.0268102735,-0.2118371129,-0.3231748939,0.1823749393,-0.3330750465,1.7697758675,-0.4146501422,0.2128750086,-0.3526750803,0.0656750053,0.0949750692,1.6170002222,-0.6523251534,-0.2026000023,0.1544750333,0.1440498978,0.0569000840,0.0808499753,-0.0160753727,-0.2684750557,0.0579999983,-0.0402249396,0.0391751528,0.0323995948,-0.1313250512,0.0000000000,2.0000000000,2.0000000000,0.0163949970,0.0416259915,0.2221799642,0.9739787579,0.0163949970,0.0416259915,0.2221799642,0.9739787579,0.0403977893,-0.0596507527,0.2461648434,0.9665468335,0.0939114466,-0.0459141098,0.2490928322,0.9628215432,0.0919670537,-0.0496943332,0.2880325913,0.9518980384,0.0176582243,0.1879402697,0.3018425107,0.9344826937,0.0868435875,-0.0328021944,0.2896185517,0.9526297450,0.1440855265,-0.0152919237,0.2910687923,0.9456661940,0.1440855265,-0.0152919237,0.2910687923,0.9456661940,0.0415103659,-0.0746697560,0.1872925311,0.9785821438,-0.0239214953,-0.0870085135,0.1818889230,0.9791699052,-0.0221695732,-0.0874713138,0.1621908695,0.9826248288,-0.0605391711,0.1515031457,0.1520933211,0.9748074412,-0.0249280911,-0.0707268119,0.1617898643,0.9839717746,-0.0235219654,-0.0704955384,0.1618907750,0.9840064049,-0.0235219654,-0.0704955384,0.1618907750,0.9840064049,0.0154545531,0.0419842377,0.2002159655,0.9787299037,0.0230386276,0.0043642046,0.1971059442,0.9801017046,0.1573196352,0.0313716866,0.1946423054,0.9676677585,0.1441714764,0.0777554438,-0.0168181844,0.9863498211,0.1314694732,-0.2001730800,-0.0740679726,0.9680705070,0.1210231483,-0.2045022249,-0.0512668230,0.9700021148,0.1210231483,-0.2045022249,-0.0512668230,0.9700021148,0.0168112665,0.0354293548,0.2005200088,0.9789044857,-0.1396742463,0.0029644757,0.2036043406,0.9690344334,-0.1388924420,0.0421388336,0.3874178529,0.9104068875,-0.0201489255,-0.2222180814,0.4276883006,0.8759542108,-0.0086565604,-0.2216600031,0.4061009884,0.8864954114,-0.0086565595,-0.2216599733,0.4061009288,0.8864952922,0.0154545531,0.0419842377,0.2002159655,0.9787299037
0.0793099999,-0.0194470007,0.7707539797,0.0169270020,0.0414230078,0.2203270346,0.9743990898,-0.2201080024,0.1140879989,0.0735389963,0.5360320210,-0.4738540053,0.1243759990,-0.2559520006,-0.1325500011,-0.0380939990,0.5203170180,-0.4639460146,-0.0005690000,-0.0425719991,-0.0743530020,0.2771269977,-0.4365569949,-0.5715330243,0.0447539985,-0.0122969998,-0.3213439882,0.3950270116,-0.5914800167,-0.0582620017,0.0000000000,0.3918001056,0.0561749972,-0.2155497670,0.0506283641,-0.0281513687,-0.2175130546,-0.3208748996,0.1527501345,-0.4883001447,1.9162774086,-0.3422506154,0.1945501268,-0.3699507713,0.0785999000,0.1509499699,1.8249511719,-0.5487263203,-0.1526752263,0.1115751415,0.1514252275,0.1300744712,-0.0544995070,-0.0698998570,-0.2578001618,0.0528000742,-0.0732757151,0.1026995480,0.0019744039,-0.1714499593,0.0000000000,2.0000000000,2.0000000000,0.0169270020,0.0414230078,0.2203270346,0.9743990898,0.0169270020,0.0414230078,0.2203270346,0.9743990898,0.0413765125,-0.0626823381,0.2448972017,0.9666356444,0.0964200571,-0.0486180373,0.2480725497,0.9627042413,0.0945676267,-0.0521296933,0.2832950354,0.9529340863,0.0161695424,0.2020863146,0.2982242107,0.9327176213,0.0857159868,-0.0224834979,0.2860976756,0.9540939927,0.1448452622,-0.0046596611,0.2869419754,0.9469227195,0.1448452473,-0.0046596606,0.2869419456,0.9469226003,0.0425817966,-0.0784787461,0.1842519045,0.9788151383,-0.0223351847,-0.0905088186,0.1786500365,0.9794863462,-0.0206073169,-0.0909177959,0.1599624902,0.9827111959,-0.0610616133,0.1649281383,0.1492787302,0.9730293751,-0.0251071583,-0.0631871447,0.1593182087,0.9848831296,-0.0253873561,-0.0632324666,0.1593002230,0.9848759174,-0.0253873561,-0.0632324666,0.1593002230,0.9848759174,0.0160415042,0.0417739078,0.1995376498,0.9788679481,0.0233346950,0.0054717734,0.1965202093,0.9802067876,0.1584977210,0.0325628035,0.1938808858,0.9675889611,0.1450625360,0.0792040527,-0.0176811069,0.9860887527,0.1320458502,-0.1988479793,-0.0751719475,0.9681801200,0.1229189634,-0.2026580870,-0.0551767312,0.9699361920,0.1229189634,-0.2026580870,-0.0551767312,0.9699361920,0.0172817539,0.0357602648,0.1998133212,0.9790287018,-0.1395673901,0.0033332193,0.2029606998,0.9691835642,-0.1387018561,0.0425437689,0.3871042728,0.9105504751,-0.0200271159,-0.2219256163,0.4273401499,0.8762010932,-0.0074659628,-0.2213065177,0.4037081301,0.8876865506,-0.0074659628,-0.2213065177,0.4037081301,0.8876865506,0.0160415042,0.0417739078,0.1995376498,0.9788679481
0.0876690000,-0.0181990005,0.7661650181,0.0174370036,0.0407810099,0.2179920375,0.9749422669,-0.2270739973,0.1170269996,0.0618049987,0.5779060125,-0.4794679880,0.1283629984,-0.2631010115,-0.1304939985,-0.0341240019,0.5589359999,-0.4738300145,-0.0032490001,-0.0405270010,-0.0710019991,0.2805309892,-0.4384239912,-0.5740060210,0.0407380015,-0.0112939999,-0.3235780001,0.3984969854,-0.5912870169,-0.0601329990,0.0000000000,0.4310244620,0.0654999167,-0.2363979816,0.0545861945,-0.0603633933,-0.2552074790,-0.3619995117,0.1440498978,-0.6358992457,2.1823956966,-0.2498999238,0.2017747611,-0.3512002528,0.1149248332,0.2223247141,1.9839733839,-0.4669740796,-0.1246998906,0.0975999087,0.1756498516,0.1902751625,-0.1127503812,-0.1505494118,-0.1723247617,0.0488499403,-0.1309506595,0.2088993788,0.0134751201,-0.0545999967,0.0000000000,2.0000000000,2.0000000000,0.0174370036,0.0407810099,0.2179920375,0.9749422669,0.0174370036,0.0407810099,0.2179920375,0.9749422669,0.0423760265,-0.0666835681,0.2432680279,0.9667359591,0.0988383144,-0.0523430966,0.2467513233,0.9626032114,0.0971738473,-0.0553719699,0.2763756216,0.9545196295,0.0143923881,0.2189128250,0.2926074266,0.9307260513,0.0834587291,-0.0083433595,0.2808218002,0.9560879469,0.1446079314,0.0096850116,0.2807787359,0.9487665892,0.1446079314,0.0096850116,0.2807787359,0.9487665892,0.0435218364,-0.0825063512,0.1808002740,0.9790862203,-0.0204078928,-0.0941191018,0.1750360876,0.9798405766,-0.0187991392,-0.0944535881,0.1582933813,0.9826842546,-0.0617341101,0.1802788824,0.1469663233,0.9706128836,-0.0255159531,-0.0525645465,0.1573503762,0.9858128428,-0.0271173678,-0.0528200828,0.1572647691,0.9857699871,-0.0271173678,-0.0528200828,0.1572647691,0.9857699871,0.0166071132,0.0411259495,0.1981928945,0.9791591167,0.0235256795,0.0064518047,0.1952975094,0.9804406762,0.1603661031,0.0336921997,0.1924774498,0.9675225616,0.1465874612,0.0809039399,-0.0199212320,0.9856824279,0.1327649355,-0.1982581615,-0.0779814869,0.9679805040,0.1244685203,-0.2017323375,-0.0597835220,0.9696584940,0.1244685203,-0.2017323375,-0.0597835220,0.9696584940,0.0177384131,0.0356010310,0.1984433234,0.9793050289,-0.1402436942,0.0031700425,0.2015865147,0.9693732262,-0.1393482387,0.0428590849,0.3873474002,0.9103336334,-0.0206084158,-0.2214648724,0.4277497232,0.8761042953,-0.0076568187,-0.2208372056,0.4033538103,0.8879629374,-0.0076568178,-0.2208371758,0.4033537507,0.8879628181,0.0166071132,0.0411259495,0.1981928945,0.9791591167
0.0965509787,-0.0168270040,0.7612980604,0.0179360043,0.0399190150,0.2154160589,0.9755412340,-0.2345879823,0.1198499948,0.0481030270,0.6233278513,-0.4838500023,0.1324469894,-0.2700000107,-0.1279530078,-0.0292010102,0.5996759534,-0.4826249778,-0.0055569955,-0.0386680029,-0.0673270077,0.2847380042,-0.4410670102,-0.5775550008,0.0378610082,-0.0103430022,-0.3265820146,0.4033829868,-0.5909410119,-0.0604460016,0.0000000000,0.4300750792,0.0485999957,-0.2693250775,0.0408413075,-0.0251629688,-0.2742603123,-0.4712250233,0.1406250596,-0.6792999506,2.3272991180,-0.2391755581,0.1424752176,-0.4490248859,0.1484999359,0.3093500733,2.0574002266,-0.4243999720,-0.1083999872,0.0629249960,0.2065250576,0.1838006079,-0.0605255365,-0.1482248306,-0.2103500068,0.0286499970,-0.1489251852,0.1761756837,-0.0662744045,-0.0001749955,0.0000000000,2.0000000000,2.0000000000,0.0179360043,0.0399190150,0.2154160589,0.9755412340,0.0179360043,0.0399190150,0.2154160589,0.9755412340,0.0433719791,-0.0711714476,0.2414560169,0.9668260217,0.1011965051,-0.0565830991,0.2452850044,0.9624930620,0.0998064578,-0.0590004288,0.2683612406,0.9563158154,0.0127071971,0.2370893359,0.2860377729,0.9283370376,0.0808637887,0.0077813920,0.2746636569,0.9581025243,0.1440890729,0.0259402320,0.2735466659,0.9506512284,0.1440890729,0.0259402320,0.2735466659,0.9506512284,0.0443872586,-0.0866439342,0.1771417856,0.9793587327,-0.0183167662,-0.0977918580,0.1712399870,0.9801929593,-0.0168870538,-0.0980488583,0.1569109261,0.9825885892,-0.0624796897,0.1965483576,0.1449223906,0.9677100182,-0.0260361861,-0.0404073261,0.1556545049,0.9866412878,-0.0287774671,-0.0408396572,0.1555416435,0.9865652323,-0.0287774671,-0.0408396572,0.1555416435,0.9865652323,0.0171609074,0.0402583107,0.1965158880,0.9795235991,0.0236672126,0.0073688561,0.1937579960,0.9807361960,0.1625829935,0.0347863436,0.1907521188,0.9674556255,0.1484303027,0.0827297121,-0.0228475258,0.9851915240,0.1335465908,-0.1980320215,-0.0816440135,0.9676172137,0.1258390248,-0.2012627125,-0.0647381693,0.9692609906,0.1258390248,-0.2012627125,-0.0647381693,0.9692609906,0.0181880202,0.0351966061,0.1967427284,0.9796543717,-0.1413127184,0.0027446696,0.1998473704,0.9695793986,-0.1404132396,0.0431379266,0.3878682554,0.9099348783,-0.0215415042,-0.2209119946,0.4285375774,0.8758365512,-0.0085385842,-0.2203025967,0.4040192664,0.8877850175,-0.0085385852,-0.2203026265,0.4040193260,0.8877851367,0.0171609074,0.0402583107,0.1965158880,0.9795235991
0.1048720032,-0.0162550006,0.7553920150,0.0183470026,0.0400160030,0.2126830369,0.9761291146,-0.2459229976,0.1226520017,0.0346329994,0.6709979773,-0.4890350103,0.1340620071,-0.2810620070,-0.1245540008,-0.0217499994,0.6412320137,-0.4908060133,-0.0075849998,-0.0380100012,-0.0627409965,0.2878830135,-0.4408450127,-0.5799350142,0.0323240012,-0.0101480000,-0.3295350075,0.4055440128,-0.5939379930,-0.0601399988,0.0000000000,0.3940254152,0.0365501046,-0.3027513921,0.0228346530,-0.0138208941,-0.2796925604,-0.5717757940,0.1272751093,-0.6779506803,2.4307787418,-0.2771250904,0.1121003181,-0.5685746670,0.1707501709,0.3842752576,2.1349265575,-0.3548003733,-0.0822001025,0.0276001170,0.2164001614,0.1338250935,0.0173754990,-0.0811994076,-0.3122752011,0.0039000530,-0.1457743347,0.1239255071,-0.1212000847,0.0488500111,0.0000000000,2.0000000000,2.0000000000,0.0183470026,0.0400160030,0.2126830369,0.9761291146,0.0183470026,0.0400160030,0.2126830369,0.9761291146,0.0446758904,-0.0765131265,0.2398904711,0.9667483568,0.1038415730,-0.0616669990,0.2441288382,0.9621930122,0.1027581915,-0.0634558275,0.2607531846,0.9578214288,0.0111785522,0.2554355562,0.2800473571,0.9253114462,0.0786422044,0.0238304362,0.2690109313,0.9596252441,0.1427420825,0.0417954922,0.2668106258,0.9522026777,0.1427420825,0.0417954922,0.2668106258,0.9522026777,0.0454906560,-0.0917799026,0.1727169752,0.9796304703,-0.0155665521,-0.1023513228,0.1666700691,0.9805625677,-0.0144525832,-0.1025145575,0.1559967995,0.9823170900,-0.0628786907,0.2122879177,0.1434926987,0.9645673633,-0.0261336509,-0.0284113511,0.1544697881,0.9872431755,-0.0298775695,-0.0289969686,0.1543609053,0.9871368408,-0.0298775695,-0.0289969686,0.1543609053,0.9871368408,0.0175832324,0.0403574444,0.1940944344,0.9799947143,0.0235709250,0.0096949898,0.1915184557,0.9811580777,0.1640693545,0.0370670855,0.1881471276,0.9676300883,0.1494278014,0.0852587000,-0.0252990313,0.9847651124,0.1336723864,-0.1966058761,-0.0844996944,0.9676454067,0.1271144003,-0.1993608773,-0.0700622126,0.9691174030,0.1271144003,-0.1993608773,-0.0700622126,0.9691174030,0.0185787492,0.0353886597,0.1943150908,0.9801245332,-0.1424358189,0.0030372343,0.1974879354,0.9698975682,-0.1414044350,0.0438673869,0.3865784705,0.9102954268,-0.0222363118,-0.2216097713,0.4277140796,0.8760452867,-0.0092786737,-0.2210297585,0.4033209682,0.8879144192,-0.0092786737,-0.2210297585,0.4033209682,0.8879144192,0.0175832324,0.0403574444,0.1940944344,0.9799947143
0.1123119965,-0.0153649999,0.7491880059,0.0185449943,0.0394499898,0.2099789530,0.9767337441,-0.2574590147,0.1249409989,0.0209849998,0.7205590010,-0.4949350059,0.1369310021,-0.2927429974,-0.1211230010,-0.0138299996,0.6850730181,-0.4968169928,-0.0088449996,-0.0375639983,-0.0586710013,0.2900910079,-0.4403719902,-0.5808029771,0.0253699999,-0.0101870000,-0.3324129879,0.4083400071,-0.5957890153,-0.0584920011,0.0000000000,0.3278998733,0.0604250282,-0.3250509501,0.0128329406,-0.1179247797,-0.2766447067,-0.5868252516,0.0887500122,-0.6912750006,2.5726749897,-0.3306999803,0.2061747015,-0.6150997877,0.1730499864,0.4193999767,2.3063004017,-0.1919493079,-0.0245000124,0.0117000192,0.1776498705,0.0634998083,0.0362254679,0.0322252512,-0.4184750319,-0.0136249932,-0.1401498914,0.1715995371,-0.0352755189,0.1494749486,0.0000000000,2.0000000000,2.0000000000,0.0185449943,0.0394499898,0.2099789530,0.9767337441,0.0185449943,0.0394499898,0.2099789530,0.9767337441,0.0457396917,-0.0826075971,0.2383945882,0.9665670395,0.1059931442,-0.0675635263,0.2430867851,0.9618262053,0.1052784026,-0.0686719194,0.2531651855,0.9592226744,0.0092695598,0.2738972306,0.2740259469,0.9218481779,0.0761096627,0.0397470333,0.2634074092,0.9608559012,0.1416654438,0.0576741472,0.2600711286,0.9533979893,0.1416654438,0.0576741472,0.2600711286,0.9533979893,0.0464392826,-0.0978737697,0.1682506502,0.9797733426,-0.0129461298,-0.1078776270,0.1620184481,0.9807878733,-0.0121998526,-0.1079645678,0.1552324742,0.9818847775,-0.0636301786,0.2281003743,0.1421167105,0.9611057639,-0.0267360006,-0.0152002079,0.1533986479,0.9876856804,-0.0311037693,-0.0158784632,0.1533299387,0.9875578880,-0.0311037656,-0.0158784613,0.1533299237,0.9875577688,0.0178008154,0.0397913195,0.1915979534,0.9805049896,0.0233285949,0.0111042531,0.1891885698,0.9816007614,0.1649617106,0.0383324884,0.1855970025,0.9679215550,0.1500774920,0.0866421610,-0.0276086777,0.9844835401,0.1335778087,-0.1956017464,-0.0869766474,0.9676425457,0.1284440160,-0.1977605820,-0.0756438598,0.9688503146,0.1284440160,-0.1977605820,-0.0756438598,0.9688503146,0.0187872835,0.0348007828,0.1918185651,0.9806332588,-0.1437098533,0.0025863033,0.1949327290,0.9702278376,-0.1426833123,0.0439649820,0.3853841424,0.9105974436,-0.0234271586,-0.2223893255,0.4270233810,0.8761537075,-0.0108025987,-0.2218659967,0.4033079147,0.8876945376,-0.0108025987,-0.2218659967,0.4033079147,0.8876945376,0.0178008154,0.0397913195,0.1915979534,0.9805049896
0.1179879978,-0.0138379997,0.7423899770,0.0183169972,0.0375569947,0.2073319703,0.9773778915,-0.2693960071,0.1262020022,0.0069820001,0.7739049792,-0.5022630095,0.1423089951,-0.3056659997,-0.1176320016,-0.0049740002,0.7334840298,-0.4984839857,-0.0085650003,-0.0375420004,-0.0556350015,0.2904230058,-0.4393959939,-0.5786460042,0.0155849997,-0.0106929997,-0.3351410031,0.4124079943,-0.5953490138,-0.0541610010,0.0000000000,0.2834007144,0.0778501406,-0.3557249904,-0.0084758308,-0.1318229884,-0.2210724056,-0.6301008463,-0.0250503421,-0.8562772274,2.6930065155,-0.4168994725,0.2136252820,-0.6695762277,0.2238254994,0.5349263549,2.4795799255,-0.0949501991,0.0650003105,0.0056999736,0.1795005053,0.0566005707,-0.0364005566,0.0154986978,-0.4362006187,0.0115001574,-0.1228250563,0.1884005964,-0.0407993793,0.0908747315,0.0000000000,2.0000000000,2.0000000000,0.0183169972,0.0375569947,0.2073319703,0.9773778915,0.0183169972,0.0375569947,0.2073319703,0.9773778915,0.0463505574,-0.0902006030,0.2370487154,0.9661900997,0.1071854383,-0.0750730112,0.2422649413,0.9613444805,0.1069226936,-0.0754467323,0.2456194907,0.9604927897,0.0063282661,0.2925907671,0.2678084373,0.9179484248,0.0726801902,0.0553024411,0.2578352094,0.9618629217,0.1408794075,0.0734931603,0.2532510757,0.9542618394,0.1408794075,0.0734931603,0.2532510757,0.9542618394,0.0471120961,-0.1058837324,0.1637108177,0.9796774983,-0.0105568664,-0.1153239086,0.1572036594,0.9807528257,-0.0102700237,-0.1153498068,0.1547640413,0.9811407328,-0.0650817454,0.2441344261,0.1407897323,0.9572570920,-0.0283421706,0.0004645339,0.1524929553,0.9878979325,-0.0325725749,-0.0001885195,0.1524935663,0.9877676368,-0.0325725712,-0.0001885195,0.1524935514,0.9877675176,0.0176088288,0.0378941856,0.1889501512,0.9810972810,0.0227809083,0.0106759705,0.1866748035,0.9820995927,0.1646526307,0.0375757702,0.1831652820,0.9684668779,0.1500150561,0.0857405961,-0.0296299085,0.9845131636,0.1330417097,-0.1954414845,-0.0886873826,0.9675934911,0.1298909634,-0.1967644691,-0.0817269012,0.9683660865,0.1298909634,-0.1967644691,-0.0817269012,0.9683660865,0.0186295230,0.0326526724,0.1891828477,0.9812220335,-0.1452868730,0.0006419938,0.1919790059,0.9705851078,-0.1445459127,0.0427945592,0.3843752146,0.9107859135,-0.0256150607,-0.2233359963,0.4265894294,0.8760630488,-0.0139011964,-0.2229177058,0.4046537876,0.8867750168,-0.0139011964,-0.2229177058,0.4046537876,0.8867750168,0.0176088288,0.0378941856,0.1889501512,0.9810972810
0.1236480251,-0.0122509943,0.7349590063,0.0179999862,0.0368279740,0.2056998461,0.9777562618,-0.2826630473,0.1239389852,-0.0132660894,0.8282792568,-0.5116109848,0.1454760134,-0.3195260465,-0.1121699810,0.0075670551,0.7842562199,-0.5006150007,-0.0062449872,-0.0373359993,-0.0514909811,0.2923550308,-0.4418280125,-0.5801830292,0.0079219751,-0.0097269937,-0.3373259902,0.4158760309,-0.5974209905,-0.0548570119,0.0000000000,0.2828249335,0.0801249817,-0.3794491291,-0.0299007297,-0.0485063270,-0.1407506317,-0.6799496412,-0.1572251320,-1.0904499292,2.7315258980,-0.4926502705,0.1306999475,-0.7047497034,0.2977499664,0.6731249690,2.5680990219,-0.1123256981,0.1415250152,0.0126250088,0.2210500687,0.1166000962,-0.1642249525,-0.1230254769,-0.3566249907,0.0666999966,-0.1024499536,0.1658499241,-0.1350253820,-0.0976249576,0.0000000000,2.0000000000,2.0000000000,0.0179999862,0.0368279740,0.2056998461,0.9777562618,0.0179999862,0.0368279740,0.2056998461,0.9777562618,0.0471510552,-0.0972306877,0.2368464321,0.9655189514,0.1068549827,-0.0823761895,0.2424132824,0.9607455730,0.1073990390,-0.0816656053,0.2360353321,0.9623323679,0.0033386371,0.3124830425,0.2592992187,0.9138419628,0.0688391253,0.0710901096,0.2500168085,0.9631713629,0.1386545002,0.0890718251,0.2441893071,0.9556217194,0.1386545002,0.0890718251,0.2441893071,0.9556217194,0.0478629842,-0.1131454557,0.1600561738,0.9794332385,-0.0071149818,-0.1219395772,0.1534620523,0.9805760980,-0.0075762914,-0.1219117865,0.1571709812,0.9799884558,-0.0670650452,0.2618499398,0.1423460543,0.9521945715,-0.0297156665,0.0178293362,0.1545221657,0.9873813987,-0.0327986106,0.0173467565,0.1545770913,0.9872838855,-0.0327986069,0.0173467547,0.1545770764,0.9872837663,0.0173093844,0.0371575616,0.1874123216,0.9814257026,0.0220585577,0.0119585879,0.1853191406,0.9823580980,0.1649111062,0.0388241671,0.1816008538,0.9686682224,0.1499138772,0.0872751400,-0.0323801115,0.9843071699,0.1320715845,-0.1946474016,-0.0914380178,0.9676304460,0.1304734051,-0.1953152865,-0.0878995135,0.9680404663,0.1304734051,-0.1953152865,-0.0878995135,0.9680404663,0.0182302017,0.0323881097,0.1876257658,0.9815371633,-0.1467936933,0.0004328243,0.1904001832,0.9706694484,-0.1460104734,0.0432506986,0.3843881488,0.9105252028,-0.0265782531,-0.2237016559,0.4271101356,0.8756872416,-0.0147049623,-0.2232988179,0.4049042463,0.8865517378,-0.0147049623,-0.2232988179,0.4049042463,0.8865517378,0.0173093844,0.0371575616,0.1874123216,0.9814257026
0.1293009967,-0.0106330002,0.7272120118,0.0176370051,0.0366810150,0.2045750767,0.9780043364,-0.2965939939,0.1199129969,-0.0366359986,0.8831660151,-0.5219690204,0.1475369930,-0.3338559866,-0.1057220027,0.0219509993,0.8362079859,-0.5029770136,-0.0029040000,-0.0370370001,-0.0467929989,0.2950870097,-0.4459649920,-0.5835670233,0.0013200000,-0.0080249999,-0.3392390013,0.4190419912,-0.6007500291,-0.0580659993,0.0000000000,0.2825492918,0.0808998495,-0.4241749644,-0.0138610555,-0.1001299620,-0.0937835649,-0.6273984909,-0.1467496157,-1.0639477968,2.8480932713,-0.4348248243,-0.0182002783,-0.6746984720,0.2791244388,0.5344985723,2.7398691177,-0.0250250101,0.1471996754,-0.0539500266,0.2344995737,0.1510739326,-0.2594493330,-0.1809239388,-0.5107993484,-0.0107251573,-0.0645004213,0.1846238971,-0.1625999808,0.0984253362,0.0000000000,2.0000000000,2.0000000000,0.0176370051,0.0366810150,0.2045750767,0.9780043364,0.0176370051,0.0366810150,0.2045750767,0.9780043364,0.0480430052,-0.1039762944,0.2372129411,0.9646816850,0.1057609692,-0.0895755291,0.2430170327,0.9600695372,0.1073839888,-0.0876232833,0.2253907174,0.9643598795,0.0007578196,0.3329214752,0.2496631891,0.9093024731,0.0651532114,0.0870185643,0.2410131544,0.9644145966,0.1360549331,0.1045449600,0.2339442819,0.9569898248,0.1360549331,0.1045449600,0.2339442819,0.9569898248,0.0486471467,-0.1200325415,0.1568429768,0.9790945053,-0.0031526238,-0.1281518936,0.1502818018,0.9802972078,-0.0045589367,-0.1281095743,0.1610317826,0.9785888195,-0.0695497170,0.2802606523,0.1453095078,0.9463096261,-0.0312022213,0.0359592400,0.1580456942,0.9862834215,-0.0326342694,0.0357297212,0.1580977440,0.9862370491,-0.0326342694,0.0357297212,0.1580977440,0.9862370491,0.0169547424,0.0370013155,0.1864298582,0.9816248417,0.0212485511,0.0140969194,0.1845410168,0.9824939370,0.1654529274,0.0410729088,0.1804636419,0.9686956406,0.1497854888,0.0900253281,-0.0355001502,0.9839713573,0.1308650821,-0.1935361475,-0.0947076976,0.9677026868,0.1305995136,-0.1936464310,-0.0941179544,0.9677740932,0.1305995136,-0.1936464310,-0.0941179544,0.9677740932,0.0177105032,0.0330657624,0.1866077930,0.9817182422,-0.1482648700,0.0010904756,0.1895115077,0.9706192017,-0.1472710669,0.0445198268,0.3849128187,0.9100392461,-0.0269212872,-0.2237764299,0.4281095862,0.8751694560,-0.0143521857,-0.2233473510,0.4046104550,0.8866794705,-0.0143521857,-0.2233473510,0.4046104550,0.8866794705,0.0169547424,0.0370013155,0.1864298582,0.9816248417
0.1349499971,-0.0090150004,0.7179920077,0.0173860025,0.0348930024,0.2038910240,0.9782171249,-0.3077589869,0.1180690005,-0.0558240004,0.9422029853,-0.5290039778,0.1447480023,-0.3465139866,-0.1010050029,0.0289469995,0.8938509822,-0.5016160011,-0.0003570000,-0.0394940004,-0.0421109982,0.2983979881,-0.4522059858,-0.5874199867,-0.0125099998,-0.0101560000,-0.3399060071,0.4232609868,-0.6039249897,-0.0509199984,0.0000000000,0.2797253430,0.0803001598,-0.4692003429,0.0086099217,-0.1804602295,-0.0614302009,-0.5728013515,-0.1300755888,-1.0367528200,3.0121312141,-0.3079250455,-0.1760005951,-0.6932273507,0.2429256141,0.3564507365,3.0277073383,0.1616768539,0.1536755413,-0.0970498621,0.2517506480,0.1689746976,-0.3116250038,-0.2086490393,-0.6810012460,-0.0544496104,-0.0435002148,0.1582749188,-0.1809999347,0.3491505086,0.0000000000,2.0000000000,2.0000000000,0.0173860025,0.0348930024,0.2038910240,0.9782171249,0.0173860025,0.0348930024,0.2038910240,0.9782171249,0.0487508923,-0.1110343188,0.2377136499,0.9637359977,0.1055265963,-0.0968157351,0.2438506037,0.9591808319,0.1081874594,-0.0938329473,0.2169864476,0.9656127095,-0.0020807369,0.3546490967,0.2424526811,0.9030151367,0.0613756962,0.1062414497,0.2345648557,0.9643263817,0.1309462488,0.1229248941,0.2262683660,0.9573636651,0.1309462488,0.1229248941,0.2262683660,0.9573636651,0.0495202504,-0.1277438402,0.1542971283,0.9784792662,0.0000624631,-0.1353700459,0.1476517618,0.9797315598,-0.0018967533,-0.1353567690,0.1618159413,0.9774920344,-0.0716465041,0.3004051447,0.1451026499,0.9399834871,-0.0333922803,0.0577146634,0.1583444029,0.9851299524,-0.0335681252,0.0576863997,0.1583546996,0.9851239920,-0.0335681252,0.0576863997,0.1583546996,0.9851239920,0.0166936256,0.0352294967,0.1845356673,0.9820523858,0.0205208883,0.0146084791,0.1828457266,0.9828189015,0.1663850844,0.0416254848,0.1786428988,0.9688498974,0.1503217518,0.0914334431,-0.0403308161,0.9835734367,0.1297933906,-0.1939037144,-0.0998476520,0.9672567248,0.1323111951,-0.1928681284,-0.1054319739,0.9665297866,0.1323111951,-0.1928681284,-0.1054319739,0.9665297866,0.0176398642,0.0302467197,0.1847618222,0.9821594357,-0.1487328261,-0.0014389352,0.1872157156,0.9709927440,-0.1481854767,0.0425803661,0.3846358359,0.9101006389,-0.0272605866,-0.2270145416,0.4282445908,0.8742585778,-0.0161635000,-0.2266536057,0.4076969624,0.8843924403,-0.0161635019,-0.2266536355,0.4076970220,0.8843925595,0.0166936256,0.0352294967,0.1845356673,0.9820523858
0.1404900104,-0.0074209939,0.7084439993,0.0171119962,0.0330939889,0.2034419924,0.9783779383,-0.3195060492,0.1147099733,-0.0781061128,1.0036512613,-0.5342860222,0.1404969692,-0.3615850806,-0.0960049778,0.0362090282,0.9573162794,-0.4965099394,0.0032430219,-0.0409189947,-0.0367229730,0.3018459976,-0.4584299922,-0.5919129848,-0.0259200484,-0.0102029843,-0.3409790099,0.4253729880,-0.6079900265,-0.0440999791,0.0000000000,0.2714999318,0.0785000101,-0.4937753081,0.0069856471,-0.1832146943,-0.0251040421,-0.6164506078,-0.2436749637,-1.2688250542,3.1928493977,-0.1764252782,-0.2856001258,-0.8743003011,0.2641750574,0.3764500022,3.4643516541,0.4424996674,0.2325749993,-0.0196250156,0.3047249615,0.1792006195,-0.3103256226,-0.2566248178,-0.6494749784,0.1018249989,-0.0739745796,0.0003002584,-0.2477258444,0.3246999383,0.0000000000,2.0000000000,2.0000000000,0.0171119962,0.0330939889,0.2034419924,0.9783779383,0.0171119962,0.0330939889,0.2034419924,0.9783779383,0.0495163165,-0.1183636710,0.2385034114,0.9626289010,0.1046161950,-0.1044971794,0.2448962480,0.9582075477,0.1086163223,-0.1003329605,0.2072981000,0.9670385122,-0.0044913925,0.3772089481,0.2339868098,0.8960710764,0.0574350283,0.1272869408,0.2268726975,0.9638610482,0.1249474585,0.1428973526,0.2173787504,0.9574522972,0.1249474585,0.1428973526,0.2173787504,0.9574522972,0.0506272614,-0.1365760714,0.1516223401,0.9776474237,0.0036574535,-0.1436942220,0.1448942274,0.9789506793,0.0010554821,-0.1437368691,0.1625929326,0.9761670828,-0.0739515796,0.3220285475,0.1448058635,0.9326629043,-0.0361037701,0.0829888061,0.1585373580,0.9831965566,-0.0345094539,0.0832457542,0.1584025621,0.9832537174,-0.0345094539,0.0832457542,0.1584025621,0.9832537174,0.0164313745,0.0334371403,0.1833836883,0.9823352098,0.0197504200,0.0154499169,0.1819191873,0.9829937816,0.1673197001,0.0426259674,0.1775283366,0.9688502550,0.1507441550,0.0932783708,-0.0444282554,0.9831589460,0.1287685037,-0.1941565722,-0.1043092385,0.9668720365,0.1339852959,-0.1920281649,-0.1158699542,0.9652705789,0.1339852959,-0.1920281649,-0.1158699542,0.9652705789,0.0173755512,0.0284299776,0.1836123168,0.9824339151,-0.1495607942,-0.0031347468,0.1857738346,0.9711384177,-0.1493134946,0.0413156264,0.3841953278,0.9101606607,-0.0276573673,-0.2299894840,0.4283260703,0.8734282851,-0.0179871377,-0.2296916842,0.4105785787,0.8822377920,-0.0179871377,-0.2296916842,0.4105785787,0.8822377920,0.0164313745,0.0334371403,0.1833836883,0.9823352098
0.1458099931,-0.0058749998,0.6982409954,0.0167930033,0.0312710069,0.2034670413,0.9784382582,-0.3324170113,0.1083220020,-0.1065770015,1.0699169636,-0.5360609889,0.1333239973,-0.3814859986,-0.0904380009,0.0440049991,1.0324250460,-0.4839160144,0.0089459997,-0.0402790010,-0.0299219992,0.3055660129,-0.4646190107,-0.5976849794,-0.0384889990,-0.0060830000,-0.3428649902,0.4232729971,-0.6138340235,-0.0379320011,0.0000000000,0.2633489370,0.0744247064,-0.5387991667,-0.0108778682,-0.2317176759,-0.0345887095,-0.6222732067,-0.2714239061,-1.3380947113,3.5054354668,-0.0267997384,-0.2921238542,-0.9844713211,0.4106735885,0.5190980434,3.9336829185,0.5760974884,0.3412986696,-0.0145000406,0.3855985105,0.1862995327,-0.2682745457,-0.2040252090,-0.4066483974,0.2153241783,-0.0581994653,-0.0658996403,-0.2201244235,0.1707494259,0.0000000000,2.0000000000,2.0000000000,0.0167930033,0.0312710069,0.2034670413,0.9784382582,0.0167930033,0.0312710069,0.2034670413,0.9784382582,0.0504160486,-0.1262402087,0.2398762852,0.9612393379,0.1023783535,-0.1130695045,0.2463584989,0.9571005702,0.1082554832,-0.1074559987,0.1950304806,0.9688638449,-0.0062964894,0.4014886618,0.2229719609,0.8882853389,0.0529786125,0.1519061923,0.2166781276,0.9628959298,0.1170019656,0.1660022736,0.2060779631,0.9572280645,0.1170019805,0.1660022885,0.2060779929,0.9572281837,0.0522145890,-0.1476519555,0.1486905217,0.9764034152,0.0080242716,-0.1542223841,0.1418641508,0.9777657390,0.0046293247,-0.1543615907,0.1633413732,0.9744079113,-0.0765975267,0.3467102647,0.1443421394,0.9236288667,-0.0397813320,0.1153056100,0.1584906280,0.9797973633,-0.0353983156,0.1160133779,0.1579732746,0.9799655080,-0.0353983156,0.1160133779,0.1579732746,0.9799655080,0.0161598586,0.0316028446,0.1837218553,0.9823372960,0.0188714992,0.0169472862,0.1825372279,0.9828717113,0.1682342291,0.0445300862,0.1778317243,0.9685505629,0.1509120315,0.0959933251,-0.0470578261,0.9827494025,0.1278330684,-0.1941962987,-0.1074090824,0.9666488171,0.1355752051,-0.1910547763,-0.1245650277,0.9641582370,0.1355752051,-0.1910547763,-0.1245650277,0.9641582370,0.0167235062,0.0286177322,0.1838595569,0.9823935032,-0.1511120945,-0.0031671047,0.1860464513,0.9708459377,-0.1508584470,0.0413888581,0.3834359646,0.9102228284,-0.0281577017,-0.2324529290,0.4283064604,0.8727694154,-0.0197977014,-0.2322116494,0.4130762517,0.8803714514,-0.0197977014,-0.2322116494,0.4130762517,0.8803714514,0.0161598586,0.0316028446,0.1837218553,0.9823372960
0.1510239691,-0.0044440054,0.6868920326,0.0159790013,0.0285920091,0.2028349936,0.9786649942,-0.3443969786,0.1038530171,-0.1316298991,1.1438686848,-0.5353580117,0.1288120151,-0.4009639323,-0.0795780346,0.0569729507,1.1146636009,-0.4734660387,0.0168949682,-0.0414989963,-0.0212990325,0.3092979789,-0.4691609740,-0.6000739932,-0.0421859846,-0.0015900171,-0.3433069885,0.4227370024,-0.6167950034,-0.0372700021,0.0000000000,0.2593747973,0.0700998604,-0.5817979574,-0.0357421599,-0.3016655743,-0.0852910951,-0.5873732567,-0.1994496286,-1.2099477053,3.7936449051,0.0661253929,-0.1923494041,-0.9685978293,0.6092237234,0.7130485177,4.2010931969,0.4956491292,0.4255491793,-0.0842747241,0.4538990557,0.1867249608,-0.2064988017,-0.0771760941,-0.0739251226,0.2293745577,-0.0040754676,-0.0072747469,-0.1119986176,-0.0356998295,0.0000000000,2.0000000000,2.0000000000,0.0159790013,0.0285920091,0.2028349936,0.9786649942,0.0159790013,0.0285920091,0.2028349936,0.9786649942,0.0505819395,-0.1345185190,0.2405925840,0.9599277973,0.1003370732,-0.1218497008,0.2472502589,0.9560086727,0.1081335694,-0.1149869636,0.1838406920,0.9701998234,-0.0085808197,0.4284425378,0.2131118029,0.8780357242,0.0480915271,0.1809495538,0.2077919394,0.9600870609,0.1097844318,0.1939481497,0.1957149059,0.9550011158,0.1097844467,0.1939481795,0.1957149357,0.9550012350,0.0532018207,-0.1594092697,0.1452566981,0.9750173092,0.0143749686,-0.1650611907,0.1388006657,0.9763618708,0.0096677616,-0.1654036790,0.1665537059,0.9720124602,-0.0798894614,0.3737473190,0.1464625299,0.9124030471,-0.0433117300,0.1493391842,0.1611139178,0.9746097922,-0.0350772813,0.1506948471,0.1598466337,0.9749408960,-0.0350772813,0.1506948471,0.1598466337,0.9749408960,0.0153823337,0.0289173853,0.1824859679,0.9826627374,0.0173016433,0.0184819978,0.1816550642,0.9830364585,0.1685154885,0.0462423488,0.1766402721,0.9686394334,0.1505945474,0.0982071906,-0.0504388995,0.9824116230,0.1263748705,-0.1931272149,-0.1107628644,0.9666762352,0.1348409057,-0.1897255778,-0.1295709312,0.9638639092,0.1348409057,-0.1897255778,-0.1295709312,0.9638639092,0.0155285643,0.0281369258,0.1825227588,0.9826762676,-0.1525523216,-0.0034536193,0.1846464723,0.9708870053,-0.1523127854,0.0413551517,0.3818158507,0.9106630683,-0.0294274520,-0.2338777781,0.4273330569,0.8728240132,-0.0211882237,-0.2336681932,0.4123762846,0.8802818060,-0.0211882237,-0.2336681932,0.4123762846,0.8802818060,0.0153823337,0.0289173853,0.1824859679,0.9826627374
0.1561849862,-0.0030710055,0.6749690771,0.0149189942,0.0254839994,0.2018729001,0.9789664745,-0.3559119403,0.1003440171,-0.1549749076,1.2216627598,-0.5334159732,0.1256300211,-0.4202299118,-0.0660690516,0.0725269392,1.2004687786,-0.4640900493,0.0259679668,-0.0436499901,-0.0117660360,0.3130350113,-0.4728789628,-0.6007720232,-0.0414460041,0.0030919821,-0.3430280089,0.4229820073,-0.6183139682,-0.0393599942,0.0000000000,0.2620015442,0.0649252534,-0.6302267313,-0.0695321336,-0.1972942352,0.0621097349,-0.5967773199,-0.1176757738,-1.0019295216,3.7281422615,-0.0709012151,-0.1361757517,-0.9427778721,0.6399020553,0.7080275416,4.1303157806,0.2350002527,0.4615514874,-0.1580004543,0.5045017004,0.2011254430,-0.3234013915,-0.3982260823,-0.1504761130,0.2881260216,-0.0758759677,-0.1354001462,-0.4814013839,-0.0724748671,0.0000000000,2.0000000000,2.0000000000,0.0149189942,0.0254839994,0.2018729001,0.9789664745,0.0149189942,0.0254839994,0.2018729001,0.9789664745,0.0503684878,-0.1429919899,0.2409858853,0.9586147070,0.0983805507,-0.1307263821,0.2478538156,0.9548823833,0.1082048789,-0.1227184981,0.1731927246,0.9712035060,-0.0106961178,0.4565050304,0.2039353102,0.8659672737,0.0434306860,0.2121327817,0.1995439678,0.9556651115,0.1033356786,0.2242405266,0.1858340651,0.9510540366,0.1033356786,0.2242405266,0.1858340651,0.9510540366,0.0538855977,-0.1714989841,0.1415804178,0.9734677672,0.0217040051,-0.1760816127,0.1358388215,0.9747164249,0.0153058041,-0.1767527461,0.1710883677,0.9691507220,-0.0840064511,0.4015541971,0.1498279423,0.8995826244,-0.0472992584,0.1839163750,0.1651310772,0.9678168297,-0.0347295031,0.1860448569,0.1627292484,0.9683492780,-0.0347295031,0.1860448569,0.1627292484,0.9683492780,0.0143592991,0.0258035138,0.1804605871,0.9831389189,0.0154090682,0.0200359933,0.1800099760,0.9833399653,0.1685029864,0.0478508919,0.1746863574,0.9689177871,0.1500584930,0.1001660749,-0.0542087182,0.9820950031,0.1246781722,-0.1915032715,-0.1142634973,0.9668121338,0.1329688728,-0.1882120669,-0.1327535361,0.9639875889,0.1329688728,-0.1882120669,-0.1327535361,0.9639875889,0.0140783377,0.0273218006,0.1803870946,0.9831154346,-0.1539207995,-0.0038665279,0.1824034899,0.9710934758,-0.1537055820,0.0412664935,0.3797581494,0.9112932086,-0.0310703106,-0.2347863019,0.4258711636,0.8732376099,-0.0223510992,-0.2346005738,0.4100695550,0.8810822964,-0.0223510992,-0.2346005738,0.4100695550,0.8810822964,0.0143592972,0.0258035101,0.1804605722,0.9831387997
0.1615040302,-0.0018469952,0.6616829634,0.0137819918,0.0250319950,0.2040719688,0.9785388112,-0.3682680726,0.0991459861,-0.1717070788,1.2929943800,-0.5381940603,0.1233649850,-0.4386750460,-0.0539819524,0.0852940530,1.2798762321,-0.4640660286,0.0353570282,-0.0478190146,-0.0011189644,0.3173429966,-0.4820970297,-0.6160030365,-0.0482050292,0.0099350233,-0.3463420272,0.4173209965,-0.6360510588,-0.0401689969,0.0000000000,0.2656508088,0.0611502565,-0.6729513407,-0.1020227224,-0.0792521164,0.2046421915,-0.5779765844,-0.0954508781,-0.8649792671,3.5674123764,-0.1924499869,-0.1563262194,-0.8667535782,0.6259776354,0.6590528488,3.9472401142,-0.0327236950,0.4337264299,-0.2121507227,0.4995515645,0.1879498363,-0.3873758018,-0.6459251046,-0.3494006693,0.3241008520,-0.1229487360,-0.3044009209,-0.7788509130,0.0114753842,0.0000000000,2.0000000000,2.0000000000,0.0137819918,0.0250319950,0.2040719688,0.9785388112,0.0137819918,0.0250319950,0.2040719688,0.9785388112,0.0508266836,-0.1491051763,0.2445562482,0.9567531943,0.0981739387,-0.1368035823,0.2516443729,0.9530591965,0.1095429957,-0.1278814822,0.1689945161,0.9711269736,-0.0143642249,0.4829263985,0.2008792758,0.8521873951,0.0395586975,0.2389830500,0.1974687576,0.9499095678,0.0980391204,0.2507012486,0.1823615134,0.9456646442,0.0980391204,0.2507012486,0.1823615134,0.9456646442,0.0549317561,-0.1804502308,0.1411801726,0.9718479514,0.0286838077,-0.1841946244,0.1362588108,0.9729764462,0.0208047554,-0.1852500439,0.1776168942,0.9662824869,-0.0893750042,0.4284164011,0.1548957974,0.8857080936,-0.0513605364,0.2132608891,0.1712971032,0.9604890347,-0.0343733765,0.2162557095,0.1675004065,0.9612469673,-0.0343733728,0.2162556797,0.1675003916,0.9612468481,0.0131796077,0.0253543295,0.1806194931,0.9831379652,0.0132795665,0.0248058215,0.1805775464,0.9831581712,0.1684581637,0.0530266427,0.1743896604,0.9687095881,0.1483396590,0.1061518639,-0.0589214414,0.9814558029,0.1207004040,-0.1929151863,-0.1196279600,0.9663873315,0.1303779632,-0.1892009676,-0.1411152482,0.9629595876,0.1303779632,-0.1892009676,-0.1411152482,0.9629595876,0.0122760804,0.0302322190,0.1803759485,0.9830564260,-0.1572948247,-0.0012999538,0.1828873456,0.9704684615,-0.1565305591,0.0438704751,0.3775098622,0.9116248488,-0.0307856910,-0.2400716841,0.4253647327,0.8720566034,-0.0217894800,-0.2398752719,0.4092823267,0.8800415397,-0.0217894800,-0.2398752719,0.4092823267,0.8800415397,0.0131796077,0.0253543295,0.1806194931,0.9831379652
0.1668110192,-0.0006249953,0.6480510235,0.0124969902,0.0244049877,0.2058489174,0.9781996608,-0.3790310025,0.0965259820,-0.1895740777,1.3643592596,-0.5411139727,0.1193769723,-0.4549000561,-0.0410299450,0.0988890529,1.3583583832,-0.4653989971,0.0433170237,-0.0521360189,0.0082160253,0.3205530047,-0.4883739948,-0.6266090274,-0.0554220304,0.0160560161,-0.3479459584,0.4108059704,-0.6494680047,-0.0389009789,0.0000000000,0.2647489309,0.0609997697,-0.6988987923,-0.1201395541,-0.1091319248,0.1403544843,-0.4584982991,-0.2019992173,-0.9500712156,3.5699605942,-0.0530481339,-0.2855488956,-0.7001973391,0.6908473969,0.7210724354,3.8778603077,-0.1345746219,0.3265987039,-0.2232241482,0.4011985064,0.1054748893,-0.1668490469,-0.2990737557,-0.3836234212,0.2700240016,0.0053502619,-0.3684245050,-0.4548236728,0.1671243459,0.0000000000,2.0000000000,2.0000000000,0.0124969902,0.0244049877,0.2058489174,0.9781996608,0.0124969902,0.0244049877,0.2058489174,0.9781996608,0.0509202592,-0.1546384990,0.2475834787,0.9550897479,0.0969385803,-0.1425139606,0.2547556460,0.9515210986,0.1099916846,-0.1326994598,0.1635551900,0.9713611603,-0.0177437309,0.5094285607,0.1962998211,0.8376359344,0.0353664532,0.2670232654,0.1939012259,0.9433187842,0.0915753096,0.2781144977,0.1776271611,0.9395290613,0.0915753096,0.2781144977,0.1776271611,0.9395290613,0.0555868372,-0.1885562986,0.1407354027,0.9703350663,0.0356701389,-0.1914036125,0.1368378401,0.9712711573,0.0261665396,-0.1929326653,0.1846750826,0.9633210301,-0.0956446156,0.4549958110,0.1601302028,0.8707406521,-0.0561399050,0.2419352829,0.1778704226,0.9521963596,-0.0355051868,0.2457306236,0.1725891382,0.9531887174,-0.0355051905,0.2457306534,0.1725891531,0.9531888366,0.0118566249,0.0247224271,0.1802821308,0.9832326770,0.0111237643,0.0287503134,0.1805828512,0.9830765724,0.1678715348,0.0572012551,0.1736800671,0.9687014222,0.1464522630,0.1107185110,-0.0626616031,0.9810028672,0.1170818955,-0.1935348660,-0.1235546619,0.9662144780,0.1282257736,-0.1893761903,-0.1482484937,0.9621419311,0.1282257885,-0.1893762201,-0.1482485086,0.9621420503,0.0103993462,0.0326053500,0.1798757017,0.9830939174,-0.1599279642,0.0009772751,0.1828043312,0.9700540304,-0.1587083191,0.0459349416,0.3743768036,0.9124382734,-0.0310751013,-0.2441557497,0.4236665070,0.8717391491,-0.0222889222,-0.2439784259,0.4081180394,0.8794414997,-0.0222889222,-0.2439784259,0.4081180394,0.8794414997,0.0118566267,0.0247224309,0.1802821457,0.9832327962
0.1720939875,0.0005929953,0.6337270141,0.0109150028,0.0234249961,0.2067869306,0.9780446887,-0.3866080046,0.0910660177,-0.2097099274,1.4357928038,-0.5403159857,0.1119430289,-0.4666829407,-0.0263480563,0.1141369492,1.4349906445,-0.4694490135,0.0484209768,-0.0567479804,0.0149289751,0.3215619922,-0.4887709916,-0.6279659867,-0.0635499656,0.0207359828,-0.3461280167,0.4025840163,-0.6542440057,-0.0334840231,0.0000000000,0.2633251250,0.0579999834,-0.7212772965,-0.1426045448,-0.1132103428,0.0796394646,-0.2385251224,-0.3639755845,-1.0522253513,3.3781499863,-0.0496253371,-0.3740748465,-0.4832483828,0.7821003199,0.7942504883,3.6326975822,-0.2741508186,0.3264752328,-0.1989247203,0.3529501259,0.0739254057,-0.0073999166,-0.1388251781,-0.3467997611,0.2466251105,0.0439740717,-0.3680251539,-0.3636017442,0.2039246261,0.0000000000,2.0000000000,2.0000000000,0.0109150028,0.0234249961,0.2067869306,0.9780446887,0.0109150028,0.0234249961,0.2067869306,0.9780446887,0.0502470843,-0.1590366960,0.2495382428,0.9538936615,0.0936136544,-0.1475135684,0.2565185428,0.9506179690,0.1085387245,-0.1369055212,0.1556152254,0.9722449780,-0.0206135567,0.5364283323,0.1886049509,0.8223429322,0.0304697156,0.2975015044,0.1872654408,0.9356796145,0.0827660561,0.3075116277,0.1703292578,0.9325096607,0.0827660561,0.3075116277,0.1703292578,0.9325096607,0.0554033108,-0.1950036585,0.1402122825,0.9691463709,0.0426313095,-0.1968338341,0.1376312077,0.9697921276,0.0313349999,-0.1989450008,0.1927216947,0.9603632689,-0.1031049117,0.4815423489,0.1658098400,0.8543965816,-0.0617143847,0.2696263790,0.1852427125,0.9429624677,-0.0388689488,0.2740317285,0.1786612719,0.9441800714,-0.0388689488,0.2740317285,0.1786612719,0.9441800714,0.0102460384,0.0237252284,0.1789563894,0.9835175872,0.0089237029,0.0310466625,0.1794886887,0.9832295179,0.1662130207,0.0593804382,0.1722035110,0.9691197872,0.1443181038,0.1124800667,-0.0644130334,0.9810054302,0.1144007742,-0.1925491095,-0.1246819496,0.9665876627,0.1271464974,-0.1878587604,-0.1530111581,0.9618371129,0.1271464974,-0.1878587604,-0.1530111581,0.9618371129,0.0083783194,0.0339074209,0.1784125119,0.9833357334,-0.1610786170,0.0026780209,0.1815862507,0.9700891972,-0.1595715731,0.0469443202,0.3694701195,0.9142346978,-0.0324797519,-0.2458292693,0.4195359051,0.8732140064,-0.0248891003,-0.2457212657,0.4061459601,0.8797994852,-0.0248891003,-0.2457212657,0.4061459601,0.8797994852,0.0102460384,0.0237252284,0.1789563894,0.9835175872
0.1773440242,0.0016950039,0.6191999316,0.0092019914,0.0227969978,0.2073639780,0.9779549837,-0.3885720074,0.0819669589,-0.2316630930,1.4994852543,-0.5430989861,0.1044139788,-0.4742299914,-0.0097459331,0.1306590736,1.5036662817,-0.4763650298,0.0563760325,-0.0600930080,0.0223340299,0.3235100210,-0.4886699915,-0.6321620345,-0.0692940205,0.0259210207,-0.3461869955,0.3960849643,-0.6640120745,-0.0307439938,0.0000000000,0.2620503306,0.0536501184,-0.7288500667,-0.1584057361,-0.0893848240,0.0526131503,-0.0280499458,-0.5004255176,-1.1203769445,3.0878543854,-0.1838758588,-0.3776507378,-0.3244012594,0.8540764451,0.8420262337,3.3343343735,-0.3816246986,0.4333506227,-0.1514254212,0.3789256215,0.1091249287,0.0112995505,-0.2452507615,-0.2574008107,0.2655753791,-0.0264242291,-0.3034502268,-0.5507752299,0.1035505906,0.0000000000,2.0000000000,2.0000000000,0.0092019914,0.0227969978,0.2073639780,0.9779549837,0.0092019914,0.0227969978,0.2073639780,0.9779549837,0.0488387831,-0.1604680568,0.2506140769,0.9534450173,0.0878623277,-0.1500651389,0.2569783330,0.9506433606,0.1046169922,-0.1389050633,0.1453879029,0.9739727974,-0.0225092135,0.5620545745,0.1776955128,0.8074729443,0.0259778909,0.3248748779,0.1772216409,0.9286410213,0.0744020268,0.3336802423,0.1600271463,0.9260201454,0.0744020268,0.3336802423,0.1600271463,0.9260201454,0.0546084531,-0.1991748214,0.1400178373,0.9683709741,0.0498889834,-0.1998547465,0.1390456110,0.9686256051,0.0367354229,-0.2026852965,0.2019838244,0.9574819207,-0.1111177579,0.5058909655,0.1726262122,0.8378111720,-0.0672518387,0.2939383388,0.1939694732,0.9335166812,-0.0409146212,0.2992884517,0.1856079698,0.9350412488,-0.0409146212,0.2992884517,0.1856079698,0.9350412488,0.0085129710,0.0230631530,0.1778906733,0.9837431908,0.0065460647,0.0340193175,0.1786642224,0.9833000898,0.1648216397,0.0623492077,0.1708531380,0.9694100022,0.1422772557,0.1150187477,-0.0657655373,0.9809194207,0.1117504984,-0.1921559423,-0.1256982386,0.9668443799,0.1256345361,-0.1871289313,-0.1565974802,0.9616007805,0.1256345361,-0.1871289313,-0.1565974802,0.9616007805,0.0061925477,0.0357924439,0.1771852970,0.9835070372,-0.1632898152,0.0047408836,0.1807020903,0.9698766470,-0.1613995880,0.0486941412,0.3655998707,0.9153774977,-0.0334737860,-0.2487549037,0.4169144332,0.8736034632,-0.0264618341,-0.2486818880,0.4046296179,0.8796204329,-0.0264618341,-0.2486818880,0.4046296179,0.8796204329,0.0085129710,0.0230631530,0.1778906733,0.9837431908
0.1825760007,0.0027389999,0.6045730114,0.0074219964,0.0223429892,0.2077599019,0.9778965116,-0.3877300024,0.0710489973,-0.2545250058,1.5593069792,-0.5476710200,0.0968369991,-0.4796589911,0.0078149997,0.1478179991,1.5683640242,-0.4847140014,0.0657550022,-0.0628049970,0.0300859995,0.3259269893,-0.4883190095,-0.6377760172,-0.0738459975,0.0313589983,-0.3471849859,0.3904460073,-0.6762750149,-0.0293419994,0.0000000000,0.2457238585,0.0390498526,-0.7235974073,-0.1804959476,-0.1869830340,0.1359723955,0.1418992877,-0.5721227527,-1.1087458134,2.9992370605,-0.0793009996,-0.4536733031,-0.1168251038,0.9795462489,0.7493719459,3.3236117363,-0.2592995763,0.5426980257,-0.2334490418,0.5420230031,0.1653492451,-0.0803999603,-0.4761725664,-0.2260241657,0.3970484138,-0.0570245087,-0.3792732954,-0.8166208863,0.2139741480,0.0000000000,2.0000000000,2.0000000000,0.0074219964,0.0223429892,0.2077599019,0.9778965116,0.0074219964,0.0223429892,0.2077599019,0.9778965116,0.0470587499,-0.1604208797,0.2512468696,0.9533759952,0.0808901414,-0.1513961256,0.2567860186,0.9511030912,0.0994510576,-0.1399052590,0.1339960843,0.9760025740,-0.0234783404,0.5866674781,0.1652096808,0.7924494147,0.0220734365,0.3505097330,0.1654032320,0.9215734005,0.0666513368,0.3581044078,0.1482448578,0.9194250107,0.0666513368,0.3581044078,0.1482448578,0.9194250107,0.0535050258,-0.2022118568,0.1399904042,0.9678069353,0.0572863109,-0.2016633004,0.1407794803,0.9675905108,0.0422387533,-0.2053428739,0.2118437141,0.9545535445,-0.1197102368,0.5287741423,0.1798091531,0.8208143115,-0.0730590522,0.3163323402,0.2032836676,0.9237272739,-0.0426551998,0.3228436410,0.1927754581,0.9256296158,-0.0426551998,0.3228436410,0.1927754581,0.9256296158,0.0067168260,0.0225650035,0.1769541204,0.9839374423,0.0040808115,0.0373277105,0.1779642999,0.9833202362,0.1635637283,0.0657066405,0.1695502549,0.9696300626,0.1402858347,0.1179407015,-0.0669316947,0.9807803035,0.1091111079,-0.1920631379,-0.1266617626,0.9670385122,0.1239043027,-0.1868001968,-0.1595977247,0.9613959193,0.1239043027,-0.1868001968,-0.1595977247,0.9613959193,0.0039248224,0.0379654206,0.1760688126,0.9836377501,-0.1660299897,0.0069838753,0.1799800545,0.9695320725,-0.1637163162,0.0508044213,0.3622427881,0.9161857367,-0.0342860520,-0.2523156703,0.4150623083,0.8734326363,-0.0275452267,-0.2522642016,0.4033544660,0.8791526556,-0.0275452230,-0.2522641718,0.4033544064,0.8791525364,0.0067168260,0.0225650035,0.1769541204,0.9839374423
0.1871729791,0.0032569980,0.5902560353,0.0048340084,0.0199130028,0.2099719495,0.9774927497,-0.3828960359,0.0590820499,-0.2760129273,1.6194547415,-0.5462710261,0.0862670466,-0.4789029956,0.0294359177,0.1606339514,1.6366107464,-0.4867370129,0.0780839548,-0.0694309697,0.0440149494,0.3301239908,-0.4918859899,-0.6512089372,-0.0783349872,0.0418029577,-0.3484679759,0.3809140325,-0.6966769099,-0.0221850276,0.0000000000,0.2252001315,0.0208750013,-0.7132753730,-0.2039069384,-0.2336014360,0.2777332366,0.1157999039,-0.5702250004,-1.0196745396,3.0338020325,0.0988006592,-0.5319999456,-0.0134252012,1.1310250759,0.7171250582,3.3904492855,-0.0459000468,0.6807498932,-0.3308750689,0.6146750450,0.1759253442,-0.1515001059,-0.6670743227,-0.2393500805,0.5577499866,-0.1024253666,-0.5664750934,-1.0736002922,0.3050000072,0.0000000000,2.0000000000,2.0000000000,0.0048340084,0.0199130028,0.2099719495,0.9774927497,0.0048340084,0.0199130028,0.2099719495,0.9774927497,0.0443185829,-0.1603491157,0.2533870041,0.9529528022,0.0724463537,-0.1527949274,0.2580126524,0.9512280226,0.0927773640,-0.1413758248,0.1247002259,0.9776784778,-0.0263071675,0.6104298234,0.1531852335,0.7766708732,0.0159900691,0.3782925606,0.1546030492,0.9125442505,0.0553242490,0.3846072555,0.1381472349,0.9110060930,0.0553242415,0.3846071959,0.1381472200,0.9110059738,0.0515758879,-0.2042906880,0.1428711861,0.9670537710,0.0658028573,-0.2021658868,0.1458623558,0.9661900997,0.0493708216,-0.2067935467,0.2229101807,0.9513726830,-0.1289789677,0.5531563759,0.1883901656,0.8011813760,-0.0797811970,0.3437925577,0.2139191180,0.9108678699,-0.0441673547,0.3518803120,0.2003372014,0.9132878780,-0.0441673510,0.3518802822,0.2003371716,0.9132877588,0.0041399444,0.0200687833,0.1759181023,0.9841914773,0.0003031105,0.0416732877,0.1773263514,0.9832693934,0.1618634015,0.0702439845,0.1680686772,0.9698551893,0.1373541355,0.1222911626,-0.0701793432,0.9804353714,0.1044213697,-0.1943166703,-0.1299320459,0.9666720629,0.1202030182,-0.1889311820,-0.1648395061,0.9605645537,0.1202030182,-0.1889311820,-0.1648395061,0.9605645537,0.0004432775,0.0405988060,0.1746744663,0.9837888479,-0.1701069325,0.0097036464,0.1790677756,0.9689706564,-0.1673262268,0.0531851277,0.3568794429,0.9175022840,-0.0354149491,-0.2593125999,0.4121611714,0.8727117777,-0.0302469153,-0.2592968941,0.4033426046,0.8770205975,-0.0302469153,-0.2592968941,0.4033426046,0.8770205975,0.0041399444,0.0200687833,0.1759181023,0.9841914773
0.1915840060,0.0035740000,0.5760419965,0.0023390006,0.0186620038,0.2131280452,0.9768432379,-0.3830980062,0.0482399985,-0.2953119874,1.6806590557,-0.5437189937,0.0755570009,-0.4801959991,0.0530560017,0.1765030026,1.7039819956,-0.4865500033,0.0929849967,-0.0760399997,0.0546730012,0.3329640031,-0.4943790138,-0.6644589901,-0.0834200010,0.0536689982,-0.3512820005,0.3677870035,-0.7192190289,-0.0171419997,0.0000000000,0.2113007009,0.0057250489,-0.7056265473,-0.2246831954,-0.0574754626,0.4242978394,-0.2618737519,-0.4858762026,-0.8554771543,3.1129808426,0.1851752400,-0.5425511003,-0.1671500504,1.2809021473,0.9461510777,3.3247561455,0.1198999584,0.8736262321,-0.3295756876,0.3693012595,0.0741504133,-0.0709250569,-0.6533771753,-0.2840753794,0.6643511057,-0.2173006535,-0.8360758424,-1.2340769768,0.1465006769,0.0000000000,2.0000000000,2.0000000000,0.0023390006,0.0186620038,0.2131280452,0.9768432379,0.0023390006,0.0186620038,0.2131280452,0.9768432379,0.0424084775,-0.1614289880,0.2569327950,0.9519074559,0.0653539225,-0.1551854163,0.2607513368,0.9506077766,0.0874736682,-0.1438819170,0.1180605441,0.9786255956,-0.0295749791,0.6329414845,0.1439279616,0.7601283789,0.0101591982,0.4055836201,0.1465835273,0.9021708369,0.0442265011,0.4108305573,0.1311602294,0.9011433125,0.0442265011,0.4108305573,0.1311602294,0.9011433125,0.0500777811,-0.2061054260,0.1463557780,0.9662260413,0.0756891966,-0.2021508366,0.1517712027,0.9645577669,0.0575776696,-0.2080351561,0.2361937761,0.9474273920,-0.1398436874,0.5760389566,0.1988628656,0.7804335356,-0.0878233016,0.3710843027,0.2266931087,0.8962108493,-0.0460763313,0.3812190592,0.2092017233,0.8993240595,-0.0460763313,0.3812190592,0.2092017233,0.8993240595,0.0016279517,0.0187374260,0.1758434027,0.9842385054,-0.0031373585,0.0455768332,0.1775113344,0.9830578566,0.1598124802,0.0743627921,0.1675043106,0.9699857831,0.1342216879,0.1260335147,-0.0719988942,0.9802634716,0.0999934152,-0.1971269995,-0.1317188889,0.9663293362,0.1169130132,-0.1915762275,-0.1688549221,0.9597488642,0.1169130132,-0.1915762275,-0.1688549221,0.9597488642,-0.0031129955,0.0450896882,0.1741654873,0.9836786389,-0.1749524325,0.0139624141,0.1793648452,0.9680005312,-0.1715139300,0.0567698963,0.3509899676,0.9187852144,-0.0368971117,-0.2660974264,0.4091328681,0.8720327616,-0.0328503288,-0.2661054134,0.4023423195,0.8753453493,-0.0328503288,-0.2661054134,0.4023423195,0.8753453493,0.0016279517,0.0187374260,0.1758434027,0.9842385054
0.1956250072,0.0034860000,0.5620309711,0.0000310000,0.0197729990,0.2181729674,0.9757098556,-0.3933709860,0.0396470018,-0.3102320135,1.7439739704,-0.5388640165,0.0645650029,-0.4855889976,0.0806720033,0.1984799951,1.7696009874,-0.4819410145,0.1130290031,-0.0826139972,0.0587869994,0.3330900073,-0.4947229922,-0.6773440242,-0.0896980017,0.0683770031,-0.3571600020,0.3474709988,-0.7460399866,-0.0163250007,0.0000000000,0.1916497946,-0.0049749962,-0.6853743792,-0.2220811695,0.1725430638,0.3688992560,-0.4914499819,-0.6965249777,-0.8041001558,3.1545221806,0.2143993974,-0.7362999916,-0.3779746592,1.1750499010,0.9429998398,3.3170013428,-0.0271998346,0.7204251289,-0.2364000380,0.2610999942,0.1588501036,-0.1612491906,-0.7024258375,-0.1829000115,0.5286250114,-0.2261497080,-0.7604002953,-1.1130243540,0.1096749902,0.0000000000,2.0000000000,2.0000000000,0.0000310000,0.0197729990,0.2181729674,0.9757098556,0.0000310000,0.0197729990,0.2181729674,0.9757098556,0.0422130451,-0.1647858024,0.2633104622,0.9495953918,0.0610278174,-0.1595340073,0.2665251195,0.9485719800,0.0849422663,-0.1481901109,0.1167757660,0.9783598781,-0.0347606279,0.6537091732,0.1401551515,0.7428409457,0.0038005125,0.4323924780,0.1443513930,0.8900477886,0.0325265117,0.4368263781,0.1303198934,0.8894613385,0.0325265117,0.4368263781,0.1303198934,0.8894613385,0.0494647510,-0.2073883563,0.1510539204,0.9652595520,0.0883486718,-0.2011284232,0.1592940092,0.9624797702,0.0679867417,-0.2088921666,0.2538700104,0.9419617057,-0.1533759534,0.5965578556,0.2134198099,0.7583183646,-0.0980128050,0.3983522952,0.2438558489,0.8787736893,-0.0482193008,0.4114903808,0.2209658325,0.8829069138,-0.0482193008,0.4114903808,0.2209658325,0.8829069138,-0.0007855574,0.0197574124,0.1776946783,0.9838870764,-0.0059607686,0.0486089811,0.1794105023,0.9825545549,0.1570058316,0.0776783898,0.1688698828,0.9699476361,0.1306483895,0.1285953671,-0.0708755180,0.9804952145,0.0961557403,-0.2010294795,-0.1305116713,0.9660786390,0.1145094410,-0.1952002198,-0.1703947335,0.9590360522,0.1145094410,-0.1952002198,-0.1703947335,0.9590360522,-0.0068894494,0.0533088893,0.1754523218,0.9830195308,-0.1813959181,0.0212951060,0.1821314543,0.9661626220,-0.1769681871,0.0627561733,0.3441047668,0.9199651480,-0.0391216055,-0.2724511921,0.4059194326,0.8714753985,-0.0352197252,-0.2724820971,0.3994700015,0.8746067286,-0.0352197252,-0.2724820971,0.3994700015,0.8746067286,-0.0007855574,0.0197574124,0.1776946783,0.9838870764
0.1992499977,0.0033750001,0.5486270189,-0.0014019996,0.0229959935,0.2202349454,0.9751747847,-0.4027560055,0.0203789994,-0.3274759948,1.8068399429,-0.5351430178,0.0461050011,-0.4953149855,0.1000579968,0.2142229974,1.8366620541,-0.4876379967,0.1218020022,-0.0854960009,0.0651170015,0.3393180072,-0.5008289814,-0.6925560236,-0.0907360017,0.0748139992,-0.3603279889,0.3373709917,-0.7637400031,-0.0127550000,0.0000000000,0.1760248095,-0.0058499980,-0.6626247764,-0.1977495998,0.3403041363,0.1392850280,-0.4581250250,-1.0968250036,-0.8912496567,3.1376748085,0.1718997955,-1.0163251162,-0.5404747725,0.8664749861,0.7092252374,3.3710746765,-0.4136994481,0.2977499664,-0.0979000703,0.3441999555,0.3876745701,-0.3773249686,-0.7896751165,0.0135749578,0.2185000181,-0.1245252788,-0.3773249686,-0.7709756494,0.2129250169,0.0000000000,2.0000000000,2.0000000000,-0.0014019996,0.0229959935,0.2202349454,0.9751747847,-0.0014019996,0.0229959935,0.2202349454,0.9751747847,0.0423671156,-0.1658039689,0.2665389776,0.9485098720,0.0520295985,-0.1630795151,0.2682146132,0.9480290413,0.0779168531,-0.1524170935,0.1100915149,0.9790699482,-0.0382463150,0.6746736169,0.1293383092,0.7256889343,-0.0026895772,0.4588008821,0.1348478496,0.8782429099,0.0175550412,0.4617873132,0.1242364645,0.8780716658,0.0175550394,0.4617872536,0.1242364496,0.8780715466,0.0493292138,-0.2086973190,0.1519772261,0.9648394585,0.0975172967,-0.2008360773,0.1622236222,0.9611653090,0.0754876882,-0.2101103663,0.2640490234,0.9383141398,-0.1639784276,0.6180065870,0.2202983052,0.7366461754,-0.1059461534,0.4218938053,0.2533686757,0.8640516996,-0.0531606525,0.4365325570,0.2272210866,0.8688980937,-0.0531606525,0.4365325570,0.2272210866,0.8688980937,-0.0023834521,0.0229150709,0.1783596724,0.9836956263,-0.0081299907,0.0548666045,0.1801983863,0.9820652604,0.1578047872,0.0845046788,0.1683471501,0.9693378806,0.1293634623,0.1359823346,-0.0741808712,0.9794239402,0.0927535295,-0.2010213584,-0.1343476772,0.9658871889,0.1113303825,-0.1953106225,-0.1746876538,0.9586154819,0.1113303825,-0.1953106225,-0.1746876538,0.9586154819,-0.0090927770,0.0596093684,0.1758359522,0.9825710058,-0.1850134134,0.0271363463,0.1836714000,0.9650381804,-0.1797767580,0.0679243430,0.3408113718,0.9202795029,-0.0394178033,-0.2753777206,0.4047277272,0.8710963130,-0.0363521986,-0.2754066586,0.3996974826,0.8735396862,-0.0363521986,-0.2754066586,0.3996974826,0.8735396862,-0.0023834521,0.0229150709,0.1783596724,0.9836956263
0.2026659995,0.0032520001,0.5355259776,-0.0023979992,0.0272759907,0.2208049297,0.9749336243,-0.4116959870,-0.0042260000,-0.3458819985,1.8694809675,-0.5319880247,0.0239119995,-0.5072079897,0.1153310016,0.2268490046,1.9044439793,-0.4984889925,0.1249390021,-0.0865300000,0.0725549981,0.3485969901,-0.5098159909,-0.7089310288,-0.0891550034,0.0771170035,-0.3621410131,0.3323780000,-0.7768790126,-0.0078079998,0.0000000000,0.1450002193,-0.0184000004,-0.6173759699,-0.2072044164,0.4732752144,0.1294935346,-0.7329248190,-0.7749249935,-0.6181501150,2.8511257172,0.0477507710,-0.7918750048,-0.7136009932,0.6821500063,0.5485251546,3.0263245106,-0.3225505352,0.2489998937,-0.0082999468,0.0605000183,0.2265997231,-0.4042759538,-0.4225999117,0.1777000725,0.0438999385,-0.0929251313,-0.2248495817,-0.4099249840,0.1250749975,0.0000000000,2.0000000000,2.0000000000,-0.0023979992,0.0272759907,0.2208049297,0.9749336243,-0.0023979992,0.0272759907,0.2208049297,0.9749336243,0.0426896811,-0.1656567305,0.2681925595,0.9480549097,0.0406863540,-0.1662230641,0.2678419650,0.9481431246,0.0686831325,-0.1567421854,0.1006898731,0.9800899029,-0.0401998088,0.6953192353,0.1150643229,0.7082905769,-0.0085392669,0.4846787453,0.1215849519,0.8661586046,0.0018168883,0.4860977530,0.1157815829,0.8661987782,0.0018168883,0.4860977530,0.1157815829,0.8661987782,0.0494185388,-0.2100227475,0.1510150284,0.9646983147,0.1049353778,-0.2009701133,0.1628683656,0.9602466226,0.0815150067,-0.2115554810,0.2705039382,0.9356427193,-0.1731127203,0.6395981312,0.2232690156,0.7149106264,-0.1126891971,0.4434856474,0.2590718567,0.8505901694,-0.0593679920,0.4587941170,0.2308801860,0.8559659719,-0.0593679920,0.4587941170,0.2308801860,0.8559659719,-0.0035754826,0.0271467492,0.1784309596,0.9835714698,-0.0099701453,0.0627403259,0.1804241091,0.9815352559,0.1603961140,0.0930783749,0.1668101400,0.9683924317,0.1291475743,0.1457713246,-0.0797443464,0.9776055217,0.0893931240,-0.1990455687,-0.1406961679,0.9657092094,0.1075814888,-0.1936469972,-0.1803502440,0.9583324194,0.1075814739,-0.1936469674,-0.1803502291,0.9583323002,-0.0105032865,0.0649587363,0.1757800132,0.9822278023,-0.1872137934,0.0322418176,0.1846042126,0.9642783403,-0.1812288612,0.0727224648,0.3393172324,0.9201800823,-0.0386870317,-0.2765597999,0.4045005739,0.8708602190,-0.0368063562,-0.2765761614,0.4014248848,0.8723583221,-0.0368063562,-0.2765761614,0.4014248848,0.8723583221,-0.0035754826,0.0271467492,0.1784309596,0.9835714698
0.2050500065,0.0026390001,0.5239319801,-0.0034179988,0.0331339873,0.2226659209,0.9743256569,-0.4320729971,-0.0106180003,-0.3522019982,1.9208849669,-0.5332329869,0.0144300004,-0.5238590240,0.1273439974,0.2361640036,1.9577150345,-0.5005400181,0.1317619979,-0.0858279988,0.0675370023,0.3483819962,-0.5170000196,-0.7094600201,-0.0836279988,0.0765699968,-0.3640449941,0.3283770084,-0.7801370025,-0.0077519999,0.0000000000,0.1146499068,-0.0328250006,-0.5652248859,-0.2282984704,0.6054466367,0.1822929084,-1.0615751743,-0.4004250169,-0.3599748015,2.5309264660,-0.0546500087,-0.5433249474,-0.9187504649,0.5964500904,0.4942998290,2.6331007481,-0.0618495047,0.2827500999,0.0440999866,-0.3550749421,-0.0156745315,-0.4143998027,0.1047506928,0.2476500273,-0.0996500254,-0.0801749527,-0.0912249088,-0.1378253102,-0.0290500000,0.0000000000,2.0000000000,2.0000000000,-0.0034179988,0.0331339873,0.2226659209,0.9743256569,-0.0034179988,0.0331339873,0.2226659209,0.9743256569,0.0446040109,-0.1691863835,0.2722536623,0.9461840987,0.0395801179,-0.1706293821,0.2713516355,0.9464076161,0.0688609257,-0.1610563397,0.1013517305,0.9793094397,-0.0435840487,0.7101798654,0.1145182624,0.6932753325,-0.0118721193,0.5024311543,0.1219551340,0.8558908105,-0.0056966110,0.5032979250,0.1183269471,0.8559541702,-0.0056966110,0.5032979250,0.1183269471,0.8559541702,0.0501714572,-0.2119248956,0.1506270468,0.9643039703,0.1114274710,-0.2019112110,0.1638063788,0.9591575861,0.0868648216,-0.2136321962,0.2756619155,0.9331807494,-0.1802928746,0.6552091837,0.2258970290,0.6979727149,-0.1187290400,0.4619327188,0.2635116875,0.8385005593,-0.0632701814,0.4782785475,0.2325294763,0.8444979787,-0.0632701740,0.4782784879,0.2325294465,0.8444978595,-0.0048363279,0.0329568461,0.1806615442,0.9829812050,-0.0108511774,0.0660703108,0.1824794561,0.9809272885,0.1593189538,0.0966962501,0.1682672650,0.9679636359,0.1266543567,0.1496698707,-0.0817185119,0.9771795273,0.0862516165,-0.1955478340,-0.1417099088,0.9665609002,0.1031887829,-0.1906332076,-0.1789886653,0.9596740603,0.1031887680,-0.1906331778,-0.1789886504,0.9596739411,-0.0118132820,0.0704710707,0.1779819429,0.9814360142,-0.1892767400,0.0370887518,0.1877982467,0.9630839825,-0.1826083660,0.0773509145,0.3404371738,0.9191156030,-0.0388007574,-0.2732565701,0.4061894417,0.8711116314,-0.0369454436,-0.2732720077,0.4031322598,0.8726064563,-0.0369454436,-0.2732720077,0.4031322598,0.8726064563,-0.0048363279,0.0329568461,0.1806615442,0.9829812050
0.2072519958,0.0019390000,0.5129169822,-0.0042749969,0.0400779694,0.2242438346,0.9736992717,-0.4541589916,-0.0202430002,-0.3602809906,1.9707180262,-0.5341740251,0.0021790001,-0.5439580083,0.1391890049,0.2466209978,2.0097680092,-0.5009629726,0.1362490058,-0.0847660005,0.0583520010,0.3479700089,-0.5263919830,-0.7047410011,-0.0792490020,0.0731310025,-0.3653480113,0.3287290037,-0.7823920250,-0.0089699998,0.0000000000,0.1009993255,-0.0393499173,-0.5218476057,-0.2423539311,0.7695306540,0.1400413662,-1.1897228956,-0.6428985000,-0.4918739200,2.4131031036,-0.0318259001,-0.7509983182,-1.1772468090,0.5837738514,0.5799494982,2.5416433811,0.0603005290,0.1075498760,0.0710997730,-0.6676483750,-0.0304490328,-0.5799978971,0.4983991385,0.1615498215,-0.3165991902,-0.0350750983,0.2352491021,-0.0625997782,-0.1245746538,0.0000000000,2.0000000000,2.0000000000,-0.0042749969,0.0400779694,0.2242438346,0.9736992717,-0.0042749969,0.0400779694,0.2242438346,0.9736992717,0.0469344966,-0.1724441648,0.2761528790,0.9443515539,0.0373740010,-0.1752303541,0.2743933499,0.9447781444,0.0681648776,-0.1656986624,0.1006794721,0.9786528349,-0.0462479144,0.7241191268,0.1124452427,0.6788731217,-0.0149312671,0.5192744732,0.1206642464,0.8459144831,-0.0140096340,0.5194056630,0.1200984269,0.8459302187,-0.0140096340,0.5194056630,0.1200984269,0.8459302187,0.0512834042,-0.2143524736,0.1494101733,0.9638982415,0.1181871295,-0.2034438252,0.1639541984,0.9579986334,0.0922665000,-0.2164358944,0.2805414498,0.9305585027,-0.1873329580,0.6694342494,0.2283045352,0.6816459894,-0.1248969585,0.4795834422,0.2676141858,0.8263069391,-0.0683590323,0.4966880083,0.2343473136,0.8328922391,-0.0683590323,0.4966880083,0.2343473136,0.8328922391,-0.0059692739,0.0398608446,0.1827865243,0.9823261499,-0.0112154204,0.0684545487,0.1843342930,0.9804127812,0.1586717367,0.0993309096,0.1697012782,0.9675527215,0.1246431470,0.1529191583,-0.0847792253,0.9766741395,0.0835505053,-0.1901019514,-0.1435278356,0.9676158428,0.0994102806,-0.1855744272,-0.1789540350,0.9610698223,0.0994102806,-0.1855744272,-0.1789540350,0.9610698223,-0.0127257910,0.0756608844,0.1801916659,0.9806348085,-0.1906559020,0.0416684262,0.1909380704,0.9620066881,-0.1832434982,0.0821252465,0.3435040116,0.9174324274,-0.0376697145,-0.2691689432,0.4093352556,0.8709614873,-0.0355399884,-0.2691784203,0.4057934880,0.8727036715,-0.0355399884,-0.2691784203,0.4057934880,0.8727036715,-0.0059692739,0.0398608446,0.1827865243,0.9823261499
0.2090899795,0.0010650033,0.5030580759,-0.0048059970,0.0491939522,0.2252569348,0.9730447531,-0.4796619117,-0.0363339409,-0.3718769550,2.0174090862,-0.5345060229,-0.0156099321,-0.5709488988,0.1506949514,0.2593619823,2.0593807697,-0.4981279969,0.1360639930,-0.0829840079,0.0408310667,0.3471640348,-0.5401999354,-0.6895240545,-0.0771660060,0.0639060289,-0.3654479980,0.3377869725,-0.7826409936,-0.0127349859,0.0000000000,-0.0387243889,-0.0366999432,-0.4504985809,-0.2812573612,0.8629350662,0.1568808407,-1.5135221481,-0.6889238954,-0.4679992795,2.2177190781,-0.3868982196,-0.7152239680,-1.6877219677,0.3572247922,0.5655739307,2.4434685707,0.1500487328,-0.0789247453,0.1313747764,-1.0196977854,-0.0675499439,-0.8667483926,0.8268237114,0.2330243587,-0.6550484300,0.0715993345,0.6040483713,0.2479746938,-0.2142245471,0.0000000000,2.0000000000,2.0000000000,-0.0048059970,0.0491939522,0.2252569348,0.9730447531,-0.0048059970,0.0491939522,0.2252569348,0.9730447531,0.0500399508,-0.1751784086,0.2797346413,0.9426331520,0.0329078436,-0.1802311391,0.2765061855,0.9433865547,0.0656597540,-0.1710408926,0.0973372459,0.9782429934,-0.0473673046,0.7365751266,0.1074340865,0.6660866737,-0.0173142515,0.5345245004,0.1161290705,0.8369575143,-0.0238460824,0.5336018801,0.1202974394,0.8367968798,-0.0238460824,0.5336018801,0.1202974394,0.8367968798,0.0530766472,-0.2178320587,0.1465256661,0.9634637833,0.1254519522,-0.2061841041,0.1625075042,0.9567347169,0.0977352783,-0.2206759900,0.2848658264,0.9276860952,-0.1938278377,0.6814897060,0.2305026501,0.6669865847,-0.1310288012,0.4960512221,0.2711681426,0.8143908978,-0.0753637850,0.5133376122,0.2368195355,0.8214142919,-0.0753637850,0.5133376122,0.2368195355,0.8214142919,-0.0068424316,0.0489522666,0.1847010851,0.9815510511,-0.0105413273,0.0689487904,0.1857813597,0.9801123738,0.1588938981,0.0999992564,0.1710812598,0.9672042727,0.1236362755,0.1548952460,-0.0900262892,0.9760209322,0.0818083286,-0.1807283163,-0.1470059603,0.9690376520,0.0969220921,-0.1764214635,-0.1816370487,0.9625433087,0.0969220921,-0.1764214635,-0.1816370487,0.9625433087,-0.0128262462,0.0802098513,0.1824196279,0.9798597097,-0.1906619519,0.0457272716,0.1939576119,0.9612167478,-0.1823250353,0.0872073472,0.3504392207,0.9145189524,-0.0340075716,-0.2634992003,0.4153433740,0.8700008392,-0.0310179256,-0.2634798288,0.4103092253,0.8725036383,-0.0310179256,-0.2634798288,0.4103092253,0.8725036383,-0.0068424316,0.0489522666,0.1847010851,0.9815510511
0.2057030201,0.0004710023,0.4948970377,-0.0060069948,0.0581229627,0.2271089852,0.9721148610,-0.5146998763,-0.0477999561,-0.3790009618,2.0594267845,-0.5496499538,-0.0264299586,-0.6114668846,0.1534779966,0.2692439556,2.1075067520,-0.4949610233,0.1330920160,-0.0795110092,0.0175640900,0.3452680111,-0.5610619187,-0.6716680527,-0.0699280277,0.0469290651,-0.3624840379,0.3528909385,-0.7724730372,-0.0175389815,0.0000000000,-0.2346746773,-0.0261750817,-0.3868519962,-0.3236449659,0.8393339515,0.2255107462,-1.8711023331,-0.5154765248,-0.3003008664,2.0424485207,-0.9423494339,-0.4539017677,-2.1950020790,0.0301010907,0.4583507776,2.3877561092,0.1625247300,-0.1834496856,0.1948002726,-1.2351765633,-0.1084260643,-1.1312768459,0.9258016944,0.4263501763,-0.9457507133,0.1865252852,0.8307754993,0.6386503577,-0.2531753480,0.0000000000,2.0000000000,2.0000000000,-0.0060069948,0.0581229627,0.2271089852,0.9721148610,-0.0060069948,0.0581229627,0.2271089852,0.9721148610,0.0538535044,-0.1823861450,0.2851439416,0.9394297004,0.0313879102,-0.1891483217,0.2807038724,0.9404482841,0.0664555803,-0.1798498034,0.0985281765,0.9764886498,-0.0502246469,0.7443643212,0.1077108532,0.6571131349,-0.0191094447,0.5381039381,0.1172986329,0.8344578743,-0.0301348027,0.5365069509,0.1243992299,0.8341326118,-0.0301347990,0.5365068913,0.1243992150,0.8341324925,0.0557725430,-0.2276697904,0.1425933093,0.9616252780,0.1293301433,-0.2160679996,0.1596276611,0.9545193911,0.0991602764,-0.2314712107,0.2862949073,0.9244586229,-0.1998556554,0.6891987324,0.2277174294,0.6581851244,-0.1379844695,0.5069703460,0.2697365284,0.8069595098,-0.0840187520,0.5237848759,0.2354275435,0.8143489361,-0.0840187520,0.5237848759,0.2354275435,0.8143489361,-0.0083123464,0.0578382835,0.1882927716,0.9803731441,-0.0099304439,0.0664332211,0.1887532622,0.9797245860,0.1585121006,0.0978693664,0.1745358258,0.9668675065,0.1222376376,0.1546552926,-0.0966950506,0.9755971432,0.0795286149,-0.1722463220,-0.1515510827,0.9700714946,0.0929605141,-0.1684694439,-0.1830456257,0.9640906453,0.0929605141,-0.1684694439,-0.1830456257,0.9640906453,-0.0128043452,0.0807666108,0.1866019964,0.9790263772,-0.1890654564,0.0458084270,0.1981038302,0.9606823921,-0.1802884936,0.0888070241,0.3612413108,0.9105569720,-0.0300288089,-0.2561745048,0.4240400493,0.8681375980,-0.0259725992,-0.2560939491,0.4171021879,0.8716462255,-0.0259725992,-0.2560939491,0.4171021879,0.8716462255,-0.0083123464,0.0578382835,0.1882927716,0.9803731441
0.1997029930,0.0000180000,0.4875839949,-0.0075439974,0.0669549778,0.2293689102,0.9710046649,-0.5545060039,-0.0569530018,-0.3838889897,2.0991070271,-0.5722000003,-0.0337660015,-0.6587489843,0.1518989950,0.2776960135,2.1548910141,-0.4916270077,0.1287260056,-0.0751919970,-0.0085760001,0.3428269923,-0.5854510069,-0.6524919868,-0.0601119995,0.0260760002,-0.3579869866,0.3710179925,-0.7570949793,-0.0228620004,0.0000000000,-0.1086253747,-0.0189750586,-0.2911508083,-0.4290940166,1.3938694000,0.2843425274,-2.2413029671,-0.2341510653,-0.1908510923,1.1584281921,-0.8086517453,-0.0220760237,-2.4378032684,-0.1554250717,0.4016011953,1.6872584820,0.2647504210,-0.2534003854,0.2385502756,-2.0335023403,-0.1748256385,-1.2870774269,1.2616515160,0.2946006954,-1.4987015724,0.2128012478,1.0428763628,0.8061006665,-0.7002254725,0.0000000000,2.0000000000,2.0000000000,-0.0075439974,0.0669549778,0.2293689102,0.9710046649,-0.0075439974,0.0669549778,0.2293689102,0.9710046649,0.0581297539,-0.1917895228,0.2913925052,0.9353759289,0.0314735547,-0.2000084817,0.2858135998,0.9366518259,0.0690507740,-0.1903312057,0.1018814519,0.9739744663,-0.0539672896,0.7498546243,0.1106136069,0.6500540376,-0.0205570273,0.5359207392,0.1213476285,0.8352491856,-0.0346549377,0.5337957740,0.1303778589,0.8347830772,-0.0346549377,0.5337957740,0.1303778589,0.8347830772,0.0589180812,-0.2406466305,0.1381081641,0.9589285851,0.1315083802,-0.2294737399,0.1559694558,0.9516937137,0.0984830707,-0.2454663664,0.2861850262,0.9209482074,-0.2054181397,0.6948781013,0.2222705036,0.6523371935,-0.1451546848,0.5152465105,0.2655765414,0.8018230796,-0.0932820216,0.5312612057,0.2318867445,0.8094990849,-0.0932820141,0.5312611461,0.2318867147,0.8094989657,-0.0100553120,0.0666241050,0.1927095354,0.9789398313,-0.0092484523,0.0624313876,0.1924872249,0.9792678952,0.1579260081,0.0943500027,0.1790170074,0.9664939642,0.1207915619,0.1533333659,-0.1040798947,0.9752259254,0.0771918073,-0.1641638428,-0.1567209512,0.9708399773,0.0885236114,-0.1610337198,-0.1838838160,0.9656182528,0.0885236114,-0.1610337198,-0.1838838160,0.9656182528,-0.0126165161,0.0793480799,0.1917609125,0.9781475067,-0.1865635812,0.0439393967,0.2028242946,0.9602738023,-0.1776231527,0.0886501372,0.3739536107,0.9059525132,-0.0259735808,-0.2480327934,0.4341055155,0.8656544089,-0.0207758695,-0.2478527427,0.4250597954,0.8703227043,-0.0207758695,-0.2478527427,0.4250597954,0.8703227043,-0.0100553120,0.0666241050,0.1927095354,0.9789398313
0.2013580054,-0.0002880000,0.4832510054,-0.0083459970,0.0871079713,0.2322049141,0.9687226415,-0.6043519974,-0.0571659990,-0.3866350055,2.1057639122,-0.5819960237,-0.0273129996,-0.7089790106,0.1472609937,0.2853080034,2.1749970913,-0.4843710065,0.1229560003,-0.0699689984,-0.0637760013,0.3382749856,-0.6125450134,-0.6212019920,-0.0581439994,-0.0130190002,-0.3539719880,0.3946059942,-0.7402290106,-0.0455479994,0.0000000000,0.1255501062,0.0139499987,-0.1910001040,-0.5924157500,1.9867869616,0.2761393785,-2.3724749088,-0.0253750011,-0.1260004938,0.1843512058,-0.4260256886,0.3334250450,-2.4255008698,-0.1852747053,0.3818497062,0.8288025856,0.4299253225,-0.2178002149,0.3005249500,-2.7933251858,-0.2845995128,-1.2203991413,1.4792249203,0.0188250095,-1.9498251677,0.1768499613,1.0156251192,0.7544249296,-1.1377248764,0.0000000000,2.0000000000,2.0000000000,-0.0083459970,0.0871079713,0.2322049141,0.9687226415,-0.0083459970,0.0871079713,0.2322049141,0.9687226415,0.0654907003,-0.1946629286,0.2986980677,0.9319854379,0.0388286412,-0.2031199336,0.2930127680,0.9334763885,0.0771278739,-0.1918766797,0.1082191989,0.9723802209,-0.0558430180,0.7498638630,0.1205888093,0.6481081247,-0.0188973248,0.5323904753,0.1315408498,0.8360026479,-0.0303120743,0.5305444598,0.1387989372,0.8356665373,-0.0303120743,0.5305444598,0.1387989372,0.8356665373,0.0622018389,-0.2438551337,0.1335364282,0.9585580826,0.1325486749,-0.2333709598,0.1511135846,0.9513851404,0.0980237499,-0.2498449236,0.2848376036,0.9202371240,-0.2066625804,0.6987365484,0.2191613913,0.6488653421,-0.1480710059,0.5227306485,0.2623282671,0.7975034118,-0.0987932310,0.5378603339,0.2297164649,0.8050940633,-0.0987932459,0.5378603935,0.2297164947,0.8050941825,-0.0113876965,0.0867627487,0.1981794685,0.9762517810,-0.0052495929,0.0556318238,0.1964866817,0.9789130092,0.1596079022,0.0879130065,0.1843182445,0.9658278227,0.1222362295,0.1501381248,-0.1118656769,0.9746810198,0.0785718486,-0.1519100517,-0.1623817682,0.9717932343,0.0892022476,-0.1488844305,-0.1887564808,0.9665648341,0.0892022476,-0.1488844305,-0.1887564808,0.9665648341,-0.0100644976,0.0804232433,0.1986482888,0.9767137766,-0.1818708777,0.0441922322,0.2097047567,0.9596843719,-0.1722778380,0.0907281712,0.3911489546,0.8994950652,-0.0182303879,-0.2366120368,0.4473754466,0.8622863293,-0.0081255576,-0.2359827608,0.4293032885,0.8717481494,-0.0081255576,-0.2359827608,0.4293032885,0.8717481494,-0.0113876965,0.0867627487,0.1981794685,0.9762517810
0.2047249973,0.0005760000,0.4799439907,-0.0102969985,0.1081439927,0.2340359688,0.9661398530,-0.6494050026,-0.0579680018,-0.3889290094,2.1064810753,-0.5892410278,-0.0204290003,-0.7557690144,0.1444880068,0.2929700017,2.1880431175,-0.4744299948,0.1200139970,-0.0631709993,-0.1203090027,0.3314430118,-0.6342669725,-0.5933229923,-0.0593589991,-0.0519170016,-0.3509129882,0.4116429985,-0.7269179821,-0.0683709979,0.0000000000,0.2539750338,0.1017249972,-0.1139998361,-0.8046646118,2.0772004128,0.1556435823,-2.0129501820,-0.0695750117,-0.0920996070,-0.2612233162,-0.2346739173,0.3656999767,-2.1675243378,-0.0454749912,0.3856502473,0.2992749214,0.6312750578,-0.0056749210,0.4187249541,-2.8933498859,-0.4555992782,-0.8175492287,1.2233495712,-0.2198000401,-1.9350249767,0.1052245498,0.5242750049,0.4878252745,-1.1480751038,0.0000000000,2.0000000000,2.0000000000,-0.0102969985,0.1081439927,0.2340359688,0.9661398530,-0.0102969985,0.1081439927,0.2340359688,0.9661398530,0.0712901801,-0.1943788081,0.3047539890,0.9296556115,0.0443188734,-0.2031289488,0.2989929318,0.9313312173,0.0827363953,-0.1907359958,0.1133857667,0.9715545774,-0.0576012954,0.7499430180,0.1279989481,0.6464393735,-0.0179514810,0.5299188495,0.1392098516,0.8363518119,-0.0264933109,0.5284692645,0.1446153522,0.8361248374,-0.0264933109,0.5284692645,0.1446153522,0.8361248374,0.0635090247,-0.2447851747,0.1289345771,0.9588653445,0.1325553954,-0.2348400056,0.1462671310,0.9517800212,0.0968581215,-0.2516729236,0.2836240530,0.9202373028,-0.2075444460,0.7021153569,0.2162161022,0.6459179521,-0.1509223729,0.5306649804,0.2589334548,0.7928244472,-0.1031042561,0.5452383757,0.2266428918,0.8004484177,-0.1031042561,0.5452383757,0.2266428918,0.8004484177,-0.0137070762,0.1077648699,0.2034083009,0.9730488658,-0.0018846648,0.0491356626,0.2001896650,0.9785225391,0.1595621407,0.0814865679,0.1893413663,0.9654272795,0.1225361526,0.1459909827,-0.1174441800,0.9746170640,0.0794625878,-0.1423885375,-0.1658409089,0.9725780487,0.0900499150,-0.1392973810,-0.1928453594,0.9671080709,0.0900499150,-0.1392973810,-0.1928453594,0.9671080709,-0.0082576629,0.0825446919,0.2052806914,0.9751811028,-0.1783561856,0.0454440601,0.2165377885,0.9587675929,-0.1681013256,0.0931673869,0.4052367210,0.8937814236,-0.0121249929,-0.2266785055,0.4584487677,0.8592406511,0.0027116153,-0.2254025787,0.4312460124,0.8736208677,0.0027116151,-0.2254025489,0.4312459528,0.8736207485,-0.0137070762,0.1077648699,0.2034083009,0.9730488658
0.2115170062,0.0037809999,0.4786910117,-0.0145500042,0.1309620291,0.2339330614,0.9632822275,-0.6848700047,-0.0599489994,-0.3903189898,2.0953149796,-0.5913829803,-0.0126850000,-0.7956799865,0.1454419941,0.3007340133,2.1869680882,-0.4591200054,0.1227290034,-0.0532200001,-0.1795099974,0.3200510144,-0.6452469826,-0.5722680092,-0.0669360012,-0.0904200003,-0.3497630060,0.4155769944,-0.7207159996,-0.0914710015,0.0000000000,0.3860998452,0.1413999945,-0.0169999823,-0.9052457213,2.1353075504,0.0174139012,-1.6194746494,-0.1188498884,-0.0556997955,-0.7700026035,0.0528752804,0.2783250213,-1.8507003784,0.0019747764,0.3163501620,-0.2703785896,0.7238500118,0.1841500401,0.4715249836,-2.8877248764,-0.5974001884,-0.4958763719,0.6891742349,-0.3838250339,-1.8308751583,-0.0560499728,0.0977247953,0.0658243895,-0.9206250310,0.0000000000,2.0000000000,2.0000000000,-0.0145500042,0.1309620291,0.2339330614,0.9632822275,-0.0145500042,0.1309620291,0.2339330614,0.9632822275,0.0735501572,-0.1878083497,0.3087856770,0.9294997454,0.0456600040,-0.1969783008,0.3030183613,0.9312865138,0.0829918534,-0.1843844950,0.1166682020,0.9723699093,-0.0596015900,0.7502018809,0.1301797777,0.6455216408,-0.0190803614,0.5295377970,0.1418980509,0.8361163139,-0.0243830103,0.5286272168,0.1452537775,0.8359785080,-0.0243830103,0.5286272168,0.1452537775,0.8359785080,0.0609982945,-0.2412109971,0.1245160177,0.9605166912,0.1306252629,-0.2315265238,0.1417125762,0.9535461068,0.0944684073,-0.2484818101,0.2829556763,0.9215577841,-0.2079323381,0.7044069171,0.2138979584,0.6440674067,-0.1538052857,0.5393710136,0.2556014955,0.7874584794,-0.1052241102,0.5540307760,0.2220429033,0.7954084873,-0.1052241251,0.5540308356,0.2220429331,0.7954086065,-0.0180293415,0.1305285245,0.2082203180,0.9691653848,-0.0000645105,0.0432023741,0.2035403848,0.9781129956,0.1557921618,0.0750832036,0.1940557808,0.9656261206,0.1201317608,0.1397342384,-0.1184070259,0.9757164717,0.0786665455,-0.1385734826,-0.1646204442,0.9734008312,0.0904791951,-0.1350964755,-0.1951168031,0.9672083259,0.0904791951,-0.1350964755,-0.1951168031,0.9672083259,-0.0082486393,0.0867316946,0.2115710527,0.9734717011,-0.1774985939,0.0485972427,0.2234345973,0.9571884274,-0.1665691286,0.0964959264,0.4134041369,0.8899665475,-0.0091070328,-0.2196011841,0.4652660489,0.8574496508,0.0104256282,-0.2176354378,0.4287515879,0.8767544627,0.0104256272,-0.2176354080,0.4287515283,0.8767543435,-0.0180293415,0.1305285245,0.2082203180,0.9691653848
0.2201689929,0.0062320000,0.4792639911,-0.0178180002,0.1535049975,0.2326029986,0.9602159858,-0.7141839862,-0.0627219975,-0.3911570013,2.0756809711,-0.5871260166,-0.0092960000,-0.8297970295,0.1445669979,0.3056240082,2.1772279739,-0.4454759955,0.1273799986,-0.0443099998,-0.2358179986,0.3075470030,-0.6541020274,-0.5657560229,-0.0747120008,-0.1251520067,-0.3531549871,0.4155519903,-0.7242850065,-0.1051959991,0.0000000000,0.4558489025,0.1130998135,0.0514991507,-0.8428996801,2.1327724457,-0.0778963789,-1.3888239861,-0.1485747248,-0.0350005925,-1.0875225067,0.2928227186,0.1149998754,-1.6334474087,-0.0666249543,0.2085737884,-0.5952775478,0.6613738537,0.2567496300,0.4324742556,-2.7792446613,-0.6391249895,-0.4161998630,0.1438498497,-0.3912491798,-1.6894469261,-0.2263739705,-0.0507749617,-0.3005981445,-0.5690243244,0.0000000000,2.0000000000,2.0000000000,-0.0178180002,0.1535049975,0.2326029986,0.9602159858,-0.0178180002,0.1535049975,0.2326029986,0.9602159858,0.0757298693,-0.1787743121,0.3108170331,0.9304287434,0.0465182401,-0.1884323359,0.3050585687,0.9323458076,0.0822502077,-0.1757998765,0.1180562228,0.9738542438,-0.0598930903,0.7494688034,0.1308250278,0.6462152600,-0.0194746647,0.5304139256,0.1425591409,0.8354392648,-0.0233575627,0.5297455788,0.1450229585,0.8353397250,-0.0233575627,0.5297455788,0.1450229585,0.8353397250,0.0582454167,-0.2352492064,0.1196274310,0.9627847672,0.1276261955,-0.2259953618,0.1363048851,0.9560642242,0.0917384028,-0.2427888215,0.2802466750,0.9241750836,-0.2057539821,0.7062207460,0.2112330794,0.6436600089,-0.1540095359,0.5465894341,0.2514660656,0.7837639451,-0.1038130969,0.5614862442,0.2161674649,0.7919771075,-0.1038130969,0.5614862442,0.2161674649,0.7919771075,-0.0212142523,0.1530725807,0.2112740427,0.9651331306,0.0026067670,0.0385427177,0.2051688433,0.9779639244,0.1523689628,0.0695132613,0.1968443543,0.9660248160,0.1180338711,0.1341708153,-0.1202400401,0.9765288830,0.0767531544,-0.1410311908,-0.1653579026,0.9730755687,0.0900216699,-0.1372149736,-0.1993558705,0.9660876989,0.0900216699,-0.1372149736,-0.1993558705,0.9660876989,-0.0073856818,0.0926206112,0.2159742713,0.9719681144,-0.1780080646,0.0532421023,0.2288859040,0.9555573463,-0.1661828458,0.1011218578,0.4183847606,0.8871932626,-0.0060792915,-0.2158361524,0.4698403478,0.8559368849,0.0161839984,-0.2133295089,0.4277864993,0.8781955242,0.0161839984,-0.2133295089,0.4277864993,0.8781955242,-0.0212142542,0.1530725956,0.2112740725,0.9651332498
0.2297509611,0.0083049927,0.4807509780,-0.0205889866,0.1758638918,0.2305999845,0.9568028450,-0.7404229641,-0.0658919886,-0.3917190135,2.0518140793,-0.5796700716,-0.0080850050,-0.8610178828,0.1427769959,0.3090769649,2.1631569862,-0.4326650500,0.1329989880,-0.0359210297,-0.2906797826,0.2944860160,-0.6618949771,-0.5665140152,-0.0825859681,-0.1579978764,-0.3588179648,0.4135459960,-0.7327399254,-0.1142319739,0.0000000000,0.4857513905,0.0739251673,0.1123502851,-0.7908821106,1.9688379765,-0.1519170851,-1.1321514845,-0.2640254796,-0.1607000828,-1.2457013130,0.6831020117,-0.0631753579,-1.4844760895,0.0781003386,0.1008994877,-0.6905496120,0.9959772229,0.3981262445,0.5377510786,-2.7523300648,-0.5484007597,-0.0815972686,-0.6915524602,-0.5653260350,-1.4915525913,-0.5682520866,-0.5989521742,-1.0283529758,-0.0696996227,0.0000000000,2.0000000000,2.0000000000,-0.0205889866,0.1758638918,0.2305999845,0.9568028450,-0.0205889866,0.1758638918,0.2305999845,0.9568028450,0.0778655261,-0.1685101241,0.3117713630,0.9318476319,0.0471281819,-0.1786884516,0.3060514629,0.9339068532,0.0810016245,-0.1661004424,0.1184526533,0.9756117463,-0.0593138561,0.7482345104,0.1306681335,0.6477289796,-0.0194957517,0.5319092870,0.1421696544,0.8345538974,-0.0228692722,0.5313302875,0.1443187445,0.8344683647,-0.0228692703,0.5313302279,0.1443187296,0.8344682455,0.0552518331,-0.2281067371,0.1145103201,0.9652989507,0.1239638329,-0.2193579525,0.1304890215,0.9588992596,0.0887220353,-0.2358248085,0.2765316367,0.9273863435,-0.2024010122,0.7077820301,0.2082670778,0.6439746022,-0.1529789567,0.5530559421,0.2468578219,0.7808891535,-0.1007503644,0.5682373643,0.2095613629,0.7893286943,-0.1007503644,0.5682373643,0.2095613629,0.7893286943,-0.0237441026,0.1754657626,0.2133790404,0.9607899785,0.0057530077,0.0345244221,0.2058240622,0.9779629707,0.1491691917,0.0643476024,0.1985317767,0.9665367007,0.1161552593,0.1289551705,-0.1226432025,0.9771577120,0.0743099451,-0.1466115862,-0.1672086269,0.9721236229,0.0891927630,-0.1424943358,-0.2046912014,0.9642829895,0.0891927555,-0.1424943209,-0.2046911716,0.9642828703,-0.0059946124,0.0993633270,0.2193446159,0.9705560207,-0.1790922433,0.0586268567,0.2335551828,0.9539082050,-0.1662756205,0.1063705310,0.4217249155,0.8849778771,-0.0029363034,-0.2137580961,0.4731934369,0.8546267748,0.0211131498,-0.2107912749,0.4275012910,0.8788424134,0.0211131498,-0.2107912749,0.4275012910,0.8788424134,-0.0237441026,0.1754657626,0.2133790404,0.9607899785
0.2395990491,0.0091890069,0.4837580025,-0.0233630147,0.1948970854,0.2277500182,0.9537290931,-0.7594700456,-0.0732830167,-0.3975850046,2.0258529186,-0.5598019361,-0.0118230144,-0.8891760707,0.1476910114,0.3096599877,2.1496059895,-0.4056369066,0.1433050483,-0.0227999557,-0.3459112048,0.2856109738,-0.6573659182,-0.5934181213,-0.0973250419,-0.1848141104,-0.3758850694,0.3915939033,-0.7654191256,-0.1079839841,0.0000000000,0.5055260062,0.0675751865,0.1550003886,-0.7716588974,1.7988262177,-0.1756851673,-0.8805260062,-0.3228502274,-0.2446494997,-1.3591021299,0.9319022298,-0.1836748719,-1.3224780560,0.2023752779,0.0224009156,-0.7461488247,1.3088263273,0.5518503189,0.6178257465,-2.7411558628,-0.4175253212,0.3419995308,-1.4629244804,-0.6602007747,-1.3182282448,-0.8082762361,-1.2180000544,-1.6743526459,0.2478243709,0.0000000000,2.0000000000,2.0000000000,-0.0233630147,0.1948970854,0.2277500182,0.9537290931,-0.0233630147,0.1948970854,0.2277500182,0.9537290931,0.0785437673,-0.1582223922,0.3113891780,0.9337201715,0.0442857891,-0.1695234030,0.3053839505,0.9359707832,0.0768920705,-0.1574389488,0.1145287305,0.9778465033,-0.0564592853,0.7462449670,0.1258632988,0.6512213945,-0.0194909964,0.5372964740,0.1365625262,0.8320356607,-0.0244092122,0.5364798307,0.1397363544,0.8319059014,-0.0244092122,0.5364798307,0.1397363544,0.8319059014,0.0518277586,-0.2228586972,0.1091519073,0.9673333168,0.1230548322,-0.2141983062,0.1252966076,0.9608733058,0.0885508433,-0.2306125611,0.2719761133,0.9300568104,-0.1970601678,0.7082318068,0.2073150873,0.6454420686,-0.1512613297,0.5637030602,0.2427596897,0.7748720050,-0.0953991637,0.5796360970,0.2017806023,0.7837127447,-0.0953991637,0.5796360970,0.2017806023,0.7837127447,-0.0255832709,0.1946180910,0.2168629616,0.9562634230,0.0099426871,0.0271949824,0.2076881677,0.9777664542,0.1489977837,0.0564764589,0.2017036229,0.9663983583,0.1187382340,0.1210455671,-0.1174078360,0.9785013199,0.0762886032,-0.1674930453,-0.1647958159,0.9690039158,0.0947601199,-0.1624808758,-0.2085638046,0.9597508311,0.0947601199,-0.1624808758,-0.2085638046,0.9597508311,-0.0043748198,0.1058703437,0.2238344401,0.9688501954,-0.1853158772,0.0621852502,0.2396734804,0.9509720206,-0.1726286858,0.1085957512,0.4174751937,0.8855060339,-0.0029027914,-0.2256629318,0.4724855423,0.8519538641,0.0204251297,-0.2228563875,0.4296094179,0.8748448491,0.0204251315,-0.2228564173,0.4296094775,0.8748449683,-0.0255832709,0.1946180910,0.2168629616,0.9562634230
0.2499720007,0.0110080000,0.4869509935,-0.0264239963,0.2137719691,0.2250879705,0.9502308965,-0.7756440043,-0.0788059980,-0.4015049934,1.9974499941,-0.5423939824,-0.0154320002,-0.9139170051,0.1508720070,0.3099730015,2.1333110332,-0.3803119957,0.1550730020,-0.0112079997,-0.4003260136,0.2777850032,-0.6482149959,-0.6250309944,-0.1089939997,-0.2107270062,-0.3911490142,0.3648259938,-0.7997140288,-0.1043189988,0.0000000000,0.5449734926,0.1376998425,0.1689501107,-0.8031090498,1.7795442343,-0.1250855774,-0.6650239229,-0.1827746630,-0.0987499952,-1.5423238277,0.7474988699,-0.1739496589,-1.0661989450,0.0724498183,0.0020749867,-0.9519517422,1.1811726093,0.6615739465,0.5031238794,-2.6798949242,-0.3389246762,0.6886735559,-1.8161475658,-0.4299989045,-1.2505471706,-0.6729729176,-1.5792227983,-1.7955467701,0.0541495159,0.0000000000,2.0000000000,2.0000000000,-0.0264239963,0.2137719691,0.2250879705,0.9502308965,-0.0264239963,0.2137719691,0.2250879705,0.9502308965,0.0786837712,-0.1466245949,0.3110311925,0.9357188344,0.0417621098,-0.1587631851,0.3050138354,0.9380921125,0.0725818500,-0.1472470611,0.1118262634,0.9800740480,-0.0547274649,0.7443122268,0.1215653867,0.6543899179,-0.0201616976,0.5418071151,0.1317829490,0.8298625350,-0.0265642535,0.5407741666,0.1359595656,0.8296822906,-0.0265642535,0.5407741666,0.1359595656,0.8296822906,0.0478046387,-0.2161544561,0.1047423556,0.9695468545,0.1207380667,-0.2076458335,0.1207348332,0.9631866813,0.0872372463,-0.2237948626,0.2679716647,0.9330041409,-0.1924928576,0.7088236809,0.2058291882,0.6466451287,-0.1501189321,0.5738232136,0.2385025471,0.7689654231,-0.0901047364,0.5905733109,0.1933383048,0.7782831788,-0.0901047364,0.5905733109,0.1933383048,0.7782831788,-0.0276215542,0.2136205435,0.2197593749,0.9514774084,0.0138712907,0.0202025212,0.2089739740,0.9776141644,0.1490848362,0.0489396565,0.2041645646,0.9662792087,0.1216847375,0.1131017879,-0.1106000692,0.9798818827,0.0788489878,-0.1906062961,-0.1614071578,0.9650906324,0.1006870568,-0.1847704053,-0.2099098563,0.9548088312,0.1006870568,-0.1847704053,-0.2099098563,0.9548088312,-0.0029915138,0.1127501428,0.2277230620,0.9671715498,-0.1908850521,0.0663472414,0.2452925444,0.9481521845,-0.1785001904,0.1106051356,0.4107069075,0.8872564435,-0.0030902789,-0.2389064431,0.4694642425,0.8500103951,0.0200882107,-0.2362249345,0.4283163548,0.8719743490,0.0200882126,-0.2362249643,0.4283164144,0.8719744682,-0.0276215542,0.2136205435,0.2197593749,0.9514774084
0.2613979876,0.0146970004,0.4905160069,-0.0300689954,0.2323989719,0.2228919715,0.9462589025,-0.7860710025,-0.0805940032,-0.4015350044,1.9641599655,-0.5299019814,-0.0187810007,-0.9318240285,0.1505890042,0.3097429872,2.1115279198,-0.3583900034,0.1697680056,-0.0026750001,-0.4531069994,0.2720539868,-0.6298189759,-0.6660640240,-0.1145249978,-0.2348359972,-0.4028039873,0.3284249902,-0.8372409940,-0.1058180034,0.0000000000,0.6108749509,0.2218499631,0.1777499914,-0.8218824863,1.7701461315,-0.0577166677,-0.4139751196,-0.0978751108,0.0218749046,-1.7122983932,0.7868751884,-0.2827000022,-0.8169502020,-0.0799253583,-0.0258252025,-1.1210501194,1.2436002493,0.6405997872,0.3354499936,-2.5958240032,-0.1150250435,1.1384993792,-2.5682494640,-0.2577999532,-1.0866000652,-0.7187492847,-2.1222248077,-2.4418740273,0.0426748767,0.0000000000,2.0000000000,2.0000000000,-0.0300689954,0.2323989719,0.2228919715,0.9462589025,-0.0300689954,0.2323989719,0.2228919715,0.9462589025,0.0777181163,-0.1324035078,0.3108194768,0.9379875660,0.0398671627,-0.1448177099,0.3052330911,0.9403569102,0.0679461583,-0.1339585185,0.1115747690,0.9823389053,-0.0550615266,0.7425798774,0.1184644848,0.6568939090,-0.0221188292,0.5446522832,0.1287492216,0.8284252286,-0.0298970658,0.5434192419,0.1338580251,0.8281809688,-0.0298970658,0.5434192419,0.1338580251,0.8281809688,0.0428342707,-0.2064785808,0.1021595523,0.9721601605,0.1158420816,-0.1982087791,0.1174021214,0.9661836028,0.0838812888,-0.2137054950,0.2650338113,0.9365100861,-0.1893359274,0.7097595334,0.2035457641,0.6472731233,-0.1500246823,0.5830261707,0.2340332568,0.7634144425,-0.0847606361,0.6007688642,0.1837604344,0.7733851671,-0.0847606361,0.6007688642,0.1837604344,0.7733851671,-0.0303797983,0.2323585153,0.2216261178,0.9465560913,0.0168028343,0.0137961367,0.2094229311,0.9775835276,0.1492156386,0.0420680940,0.2056175172,0.9662744999,0.1248741746,0.1049206406,-0.1002851054,0.9814994335,0.0822654143,-0.2184183747,-0.1555745304,0.9598553777,0.1066650897,-0.2119822800,-0.2058867216,0.9493665695,0.1066650897,-0.2119822800,-0.2058867216,0.9493665695,-0.0025495179,0.1203133836,0.2306147516,0.9655750990,-0.1956546754,0.0717485845,0.2500212193,0.9455478787,-0.1838830262,0.1124108210,0.3989183009,0.8912996650,-0.0042827930,-0.2546415329,0.4619469345,0.8495554328,0.0200114883,-0.2520401776,0.4204156995,0.8713931441,0.0200114883,-0.2520401776,0.4204156995,0.8713931441,-0.0303797983,0.2323585153,0.2216261178,0.9465560913
0.2744069993,0.0198819991,0.4940609932,-0.0338059925,0.2509709299,0.2212419361,0.9417657852,-0.7922030091,-0.0827210024,-0.4006299973,1.9289580584,-0.5109189749,-0.0267399997,-0.9465950131,0.1476749927,0.3089399934,2.0884690285,-0.3305679858,0.1806969941,0.0022100001,-0.5041589737,0.2731840014,-0.6026750207,-0.7277609706,-0.1193059981,-0.2541910112,-0.4198989868,0.2799369991,-0.8973889947,-0.1026120037,0.0000000000,0.6702252030,0.2779250145,0.1769751310,-0.8185592294,1.7752002478,-0.0085810702,-0.2528995275,-0.1105749980,0.0569500029,-1.7839729786,1.0302245617,-0.4555999637,-0.6993487477,-0.1786001027,-0.0473499298,-1.1689484119,1.4648504257,0.4993748069,0.1986749917,-2.5309503078,0.1422502100,1.4665498734,-3.3431501389,-0.2296751440,-0.9083252549,-0.9227253199,-2.5754497051,-3.2902002335,0.2190750092,0.0000000000,2.0000000000,2.0000000000,-0.0338059925,0.2509709299,0.2212419361,0.9417657852,-0.0338059925,0.2509709299,0.2212419361,0.9417657852,0.0763251781,-0.1160607785,0.3107539415,0.9402853251,0.0373803154,-0.1288107783,0.3056891859,0.9426370263,0.0622633807,-0.1187972277,0.1120125651,0.9846135378,-0.0565660894,0.7414122820,0.1149948761,0.6586990356,-0.0256723091,0.5509047508,0.1255566627,0.8246699572,-0.0366955251,0.5491768718,0.1329108179,0.8242530227,-0.0366955251,0.5491768718,0.1329108179,0.8242530227,0.0377128422,-0.1952584833,0.1006997302,0.9748392105,0.1095243841,-0.1872977912,0.1148296446,0.9694008827,0.0794033408,-0.2019187361,0.2626109719,0.9401912689,-0.1871324480,0.7113559842,0.2006261200,0.6470729113,-0.1515726298,0.5951969028,0.2286812961,0.7552955747,-0.0828074068,0.6134022474,0.1740465760,0.7658907175,-0.0828074068,0.6134022474,0.1740465760,0.7658907175,-0.0335286520,0.2510081232,0.2222824544,0.9415207505,0.0189318154,0.0081810486,0.2088582516,0.9777284265,0.1518904716,0.0365445875,0.2057989091,0.9660437703,0.1303853840,0.0978964344,-0.0867967457,0.9827932119,0.0878768787,-0.2546025515,-0.1492986381,0.9514016509,0.1152493134,-0.2474428862,-0.2007334828,0.9408484101,0.1152493134,-0.2474428862,-0.2007334828,0.9408484101,-0.0031409452,0.1301447302,0.2322245985,0.9639109373,-0.2039611340,0.0788888931,0.2542488277,0.9420902729,-0.1932094395,0.1147690043,0.3811490834,0.8967850804,-0.0070065465,-0.2800263166,0.4516293108,0.8470933437,0.0177647490,-0.2777227461,0.4117991328,0.8677418828,0.0177647490,-0.2777227461,0.4117991328,0.8677418828,-0.0335286520,0.2510081232,0.2222824544,0.9415207505
0.2882069945,0.0258140005,0.4960749745,-0.0375819951,0.2694619596,0.2198229730,0.9368329048,-0.7961869836,-0.0850170031,-0.3992570043,1.8928010464,-0.4886929989,-0.0370049998,-0.9597979784,0.1434450001,0.3078489900,2.0647699833,-0.2997959852,0.1897429973,0.0052720001,-0.5543450117,0.2777439952,-0.5711569786,-0.7997900248,-0.1237120032,-0.2711690068,-0.4397130013,0.2254070044,-0.9688490033,-0.0970550030,0.0000000000,0.6131000519,0.2658750415,0.1730754972,-1.1152781248,1.2681672573,0.4518907368,-0.1883000135,-0.0507749617,0.1947499812,-1.7686277628,0.9237997532,-0.4314750433,-0.5707502365,-0.4207499325,-0.0313751400,-1.1115729809,1.2105994225,0.3395251930,0.0571249984,-2.3223757744,0.3673747182,1.5825003386,-3.5932257175,-0.1726500690,-0.8629247546,-0.8051000834,-2.9199748039,-3.4513010979,0.2026751637,0.0000000000,2.0000000000,2.0000000000,-0.0375819951,0.2694619596,0.2198229730,0.9368329048,-0.0375819951,0.2694619596,0.2198229730,0.9368329048,0.0747063309,-0.0986380652,0.3107022047,0.9424190521,0.0345900841,-0.1117524654,0.3062298298,0.9447423816,0.0560642332,-0.1026737019,0.1128008515,0.9867070913,-0.0587416366,0.7405079603,0.1114300266,0.6601369381,-0.0300393477,0.5588098168,0.1223309934,0.8196734786,-0.0451993458,0.5564507842,0.1326488256,0.8189772964,-0.0451993458,0.5564507842,0.1326488256,0.8189772964,0.0324959047,-0.1832549125,0.0998061597,0.9774458408,0.1024571359,-0.1756315678,0.1126817986,0.9726042151,0.0743184164,-0.1892635673,0.2604667246,0.9438291192,-0.1855085641,0.7132510543,0.1973643750,0.6464571357,-0.1539544761,0.6087127328,0.2228545398,0.7457229495,-0.0826203898,0.6270862818,0.1641895026,0.7569535971,-0.0826203823,0.6270862222,0.1641894877,0.7569534779,-0.0368715599,0.2695600688,0.2222916782,0.9362500906,0.0206114054,0.0029509659,0.2077904791,0.9779518247,0.1557869762,0.0316861719,0.2053815126,0.9656835794,0.1369349808,0.0912885368,-0.0716886371,0.9837561250,0.0950008631,-0.2947298586,-0.1431954652,0.9400023222,0.1256063282,-0.2867453396,-0.1952819973,0.9294434190,0.1256063432,-0.2867453694,-0.1952820271,0.9294435382,-0.0042575472,0.1410964131,0.2331719995,0.9621353745,-0.2139867991,0.0868476778,0.2583309412,0.9380471706,-0.2047053874,0.1169394925,0.3604702055,0.9024866223,-0.0113393478,-0.3104430437,0.4406765699,0.8421999812,0.0134504149,-0.3085514903,0.4036062956,0.8612300158,0.0134504149,-0.3085514903,0.4036062956,0.8612300158,-0.0368715599,0.2695600688,0.2222916782,0.9362500906
0.2989310026,0.0305170007,0.4974170923,-0.0379129983,0.2843399942,0.2207899988,0.9321830273,-0.7997350097,-0.0847520009,-0.3928399980,1.8582129478,-0.4739669859,-0.0439990014,-0.9694250226,0.1308449954,0.3076849878,2.0440061092,-0.2821440101,0.1942780018,0.0044950000,-0.5970540047,0.2878789902,-0.5393750072,-0.8714900017,-0.1262120008,-0.2887080014,-0.4521029890,0.1631380022,-1.0354410410,-0.0945049971,0.0000000000,0.5175985098,0.2449739724,0.1654729247,-0.8270217776,1.2038428783,0.3713220656,-0.1238986850,0.0132251531,0.3373488784,-1.7018437386,0.7136479020,-0.3154989481,-0.4159733653,-0.6622474790,0.0140249729,-1.0759770870,0.7291473150,0.1727242023,-0.0756245777,-2.1945402622,0.4646986723,1.5866935253,-3.4696877003,-0.0142252073,-1.0378704071,-0.5216486454,-2.9761142731,-3.2348618507,0.0781249255,0.0000000000,2.0000000000,2.0000000000,-0.0379129983,0.2843399942,0.2207899988,0.9321830273,-0.0379129983,0.2843399942,0.2207899988,0.9321830273,0.0767511353,-0.0848008990,0.3115530908,0.9433200359,0.0367200635,-0.0979231969,0.3076809645,0.9457246661,0.0551246293,-0.0888740197,0.1171976551,0.9875866771,-0.0608904921,0.7379457951,0.1143082008,0.6623156667,-0.0323523283,0.5618277788,0.1254086941,0.8170529008,-0.0503178090,0.5589331985,0.1377372891,0.8161436319,-0.0503178015,0.5589331388,0.1377372742,0.8161435127,0.0315359831,-0.1725398153,0.1000015810,0.9794055820,0.0954979807,-0.1656330079,0.1110675856,0.9752486944,0.0689891055,-0.1783105582,0.2591993809,0.9467108846,-0.1851484478,0.7146736979,0.1940718591,0.6459859014,-0.1560217589,0.6167454123,0.2181766331,0.7400549650,-0.0835110247,0.6349980235,0.1573322266,0.7516980767,-0.0835110247,0.6349980235,0.1573322266,0.7516980767,-0.0372738503,0.2844244838,0.2228845209,0.9316844940,0.0245459229,-0.0023232687,0.2067616433,0.9780806303,0.1645908952,0.0273592658,0.2049567252,0.9644450545,0.1479372382,0.0862733871,-0.0561476834,0.9836254716,0.1070430800,-0.3321555853,-0.1391947716,0.9267358780,0.1403436661,-0.3231812418,-0.1909653693,0.9161821604,0.1403436661,-0.3231812418,-0.1909653693,0.9161821604,-0.0023176817,0.1480415910,0.2343332767,0.9608154297,-0.2176074535,0.0917538553,0.2615523338,0.9358518124,-0.2107608616,0.1139320731,0.3356708288,0.9110019803,-0.0150330951,-0.3448660970,0.4242433608,0.8371731043,0.0105953915,-0.3433172405,0.3887694776,0.8549148440,0.0105953915,-0.3433172405,0.3887694776,0.8549148440,-0.0372738503,0.2844244838,0.2228845209,0.9316844940
0.3089109361,0.0356129594,0.4986089766,-0.0382809788,0.2981517315,0.2212398648,0.9277355075,-0.8011429310,-0.0844879970,-0.3857630491,1.8247272968,-0.4601470828,-0.0496249571,-0.9764369130,0.1169551015,0.3084099889,2.0217308998,-0.2706300914,0.1966519654,0.0022470171,-0.6421266198,0.2963319421,-0.5076892376,-0.9385775328,-0.1242810115,-0.3126838207,-0.4605789483,0.1063624322,-1.0982434750,-0.0939300060,0.0000000000,0.4617274106,0.2743511498,0.1535490155,-0.7802995443,1.0482338667,0.3127863109,0.0365257263,0.0132001936,0.3868512809,-1.6192287207,0.6457276344,-0.2128511667,-0.2199009061,-0.7590277195,0.0807002187,-1.1894077063,0.2688258886,0.0105999410,-0.1859504431,-2.3718104362,0.3384754062,1.5794820786,-3.1239106655,0.3181275129,-1.5206828117,-0.2280749381,-2.5641827583,-2.9506592751,-0.0700004399,0.0000000000,2.0000000000,2.0000000000,-0.0382809788,0.2981517315,0.2212398648,0.9277355075,-0.0382809788,0.2981517315,0.2212398648,0.9277355075,0.0781720653,-0.0710255951,0.3117767274,0.9442667961,0.0382245816,-0.0841290131,0.3084990978,0.9467257857,0.0536422394,-0.0752417296,0.1213025078,0.9883050919,-0.0631219894,0.7356634140,0.1166507751,0.6642346978,-0.0348565876,0.5648002028,0.1279718876,0.8144991398,-0.0550535358,0.5614514351,0.1419451684,0.8133837581,-0.0550535358,0.5614514351,0.1419451684,0.8133837581,0.0302331056,-0.1616584361,0.1001093984,0.9812903404,0.0875321850,-0.1555312872,0.1093862802,0.9778460264,0.0626047552,-0.1671302170,0.2582801580,0.9494417310,-0.1855875552,0.7156867385,0.1902242303,0.6458827853,-0.1582293659,0.6220133901,0.2135216147,0.7365266085,-0.0851620361,0.6399699450,0.1514286995,0.7485020757,-0.0851620361,0.6399699450,0.1514286995,0.7485020757,-0.0379459783,0.2981945574,0.2222820371,0.9274863601,0.0280926414,-0.0099095926,0.2044963390,0.9784139991,0.1722226739,0.0203876402,0.2037186623,0.9635468125,0.1583809108,0.0780952722,-0.0415886492,0.9834058285,0.1190572679,-0.3696655929,-0.1364142448,0.9113527536,0.1538836509,-0.3600608110,-0.1859257370,0.9011702538,0.1538836509,-0.3600608110,-0.1859257370,0.9011702538,-0.0000254486,0.1507985890,0.2345356494,0.9603399634,-0.2192313671,0.0932826027,0.2627651989,0.9349815249,-0.2148497254,0.1079019383,0.3112639487,0.9194083810,-0.0188949294,-0.3802885115,0.4077042937,0.8299401999,0.0080818133,-0.3790347874,0.3731665611,0.8467668295,0.0080818133,-0.3790347874,0.3731665611,0.8467668295,-0.0379459783,0.2981945574,0.2222820371,0.9274863601
0.3174000978,0.0414910465,0.4997812212,-0.0387330055,0.3099161386,0.2207210660,0.9239772558,-0.7982739806,-0.0842239931,-0.3773659468,1.7934437990,-0.4481378794,-0.0525130481,-0.9782210588,0.1004838869,0.3109129965,1.9964298010,-0.2713909745,0.1947019994,-0.0029430178,-0.6919264197,0.3014180064,-0.4761957228,-0.9964464307,-0.1134869009,-0.3495353162,-0.4612259865,0.0605706871,-1.1534674168,-0.0973050147,0.0000000000,0.4555768967,0.2990510762,0.1404270530,-0.7157204747,1.0239923000,0.2899830341,0.1583486795,0.0249998644,0.3750510514,-1.5008836985,0.6410770416,-0.2407010645,-0.1020520926,-0.7637275457,0.1353003085,-1.1650472879,0.1210026443,-0.0353492796,-0.1871504337,-2.6677846909,0.1372016966,1.6279056072,-2.8791606426,0.5836002827,-1.9589297771,-0.0567011535,-2.1755857468,-2.7442634106,-0.1461997628,0.0000000000,2.0000000000,2.0000000000,-0.0387330055,0.3099161386,0.2207210660,0.9239772558,-0.0387330055,0.3099161386,0.2207210660,0.9239772558,0.0783384219,-0.0573922135,0.3108477890,0.9454855323,0.0384644531,-0.0704278871,0.3081560135,0.9479452968,0.0509916246,-0.0619633421,0.1248851568,0.9889206886,-0.0657432377,0.7339529991,0.1177891195,0.6656700373,-0.0379271656,0.5676941872,0.1294526160,0.8121125698,-0.0592349023,0.5640999675,0.1443119794,0.8108370304,-0.0592348948,0.5640999079,0.1443119645,0.8108369112,0.0282916054,-0.1504612118,0.1000609472,0.9831321239,0.0776296034,-0.1452462077,0.1074909791,0.9804708362,0.0542048290,-0.1555141360,0.2580021024,0.9520042539,-0.1874837279,0.7159064412,0.1853458881,0.6465097070,-0.1606867909,0.6218659878,0.2090047896,0.7374140620,-0.0882512927,0.6392362118,0.1475714892,0.7495408058,-0.0882512927,0.6392362118,0.1475714892,0.7495408058,-0.0391890109,0.3098588288,0.2193612158,0.9243011475,0.0307745412,-0.0221497342,0.1999460757,0.9790730476,0.1774228960,0.0081210667,0.2010052055,0.9633546472,0.1675285399,0.0639248565,-0.0288005248,0.9833709598,0.1302283406,-0.4077706337,-0.1346262544,0.8936662674,0.1639182866,-0.3984172642,-0.1783850789,0.8846317530,0.1639182866,-0.3984172642,-0.1783850789,0.8846317530,0.0028581172,0.1451668590,0.2329118997,0.9615978599,-0.2170141339,0.0880860910,0.2599273324,0.9367942810,-0.2147467881,0.0963852480,0.2877063453,0.9283419847,-0.0215171669,-0.4174938202,0.3899654150,0.8204652071,0.0080432538,-0.4164164662,0.3550375700,0.8369474411,0.0080432538,-0.4164164662,0.3550375700,0.8369474411,-0.0391890071,0.3098587990,0.2193611860,0.9243010283
0.3271340132,0.0475750007,0.5005825162,-0.0383489802,0.3224588633,0.2213269025,0.9195455909,-0.7948089838,-0.0834880024,-0.3707610071,1.7646919489,-0.4345040023,-0.0592529997,-0.9805189967,0.0864060000,0.3138220012,1.9751290083,-0.2657899857,0.1952379942,-0.0052390001,-0.7488380075,0.3018200099,-0.4425730109,-1.0537439585,-0.1009370014,-0.3910410106,-0.4628469944,0.0193390008,-1.2080140114,-0.0997779965,0.0000000000,0.5022473335,0.3067738712,0.1327008009,-0.6604582667,1.1430891752,0.3199567795,0.1806750894,0.0426748767,0.3078989685,-1.4059454203,0.7020473480,-0.3851488233,-0.1212984324,-0.6739972234,0.1505002379,-1.0150700808,0.3595992923,0.0578749925,-0.0786245540,-2.9345140457,-0.0385001302,1.7077929974,-2.8577401638,0.6494725347,-2.1335170269,-0.0932253897,-2.0046422482,-2.7188658714,-0.1123996451,0.0000000000,2.0000000000,2.0000000000,-0.0383489802,0.3224588633,0.2213269025,0.9195455909,-0.0383489802,0.3224588633,0.2213269025,0.9195455909,0.0796808153,-0.0425912179,0.3105255663,0.9462614655,0.0401221327,-0.0555129386,0.3084776700,0.9487624764,0.0496668518,-0.0471664481,0.1283158660,0.9893652201,-0.0675341561,0.7340522408,0.1198786721,0.6650080085,-0.0401071683,0.5734567046,0.1316175312,0.8075987697,-0.0640123934,0.5693062544,0.1485468000,0.8060563207,-0.0640123934,0.5693062544,0.1485468000,0.8060563207,0.0275331773,-0.1384161115,0.1006370187,0.9848630428,0.0700432882,-0.1339404732,0.1065212414,0.9827548862,0.0482521839,-0.1432404965,0.2587856352,0.9540355802,-0.1894313991,0.7174352407,0.1827950478,0.6449716687,-0.1635399759,0.6256477833,0.2062836885,0.7343477607,-0.0911888704,0.6427743435,0.1443234235,0.7467908263,-0.0911888704,0.6427743435,0.1443234235,0.7467908263,-0.0391935259,0.3223572969,0.2189173847,0.9201222062,0.0360260531,-0.0367295220,0.1969266534,0.9790674448,0.1828074902,-0.0067065484,0.2002103329,0.9625238776,0.1770592183,0.0467689410,-0.0129942251,0.9830024838,0.1437026858,-0.4472719431,-0.1310655326,0.8729943633,0.1753810495,-0.4383297563,-0.1685289890,0.8652784228,0.1753810346,-0.4383296967,-0.1685289741,0.8652783036,0.0079323389,0.1382874399,0.2335700542,0.9624233842,-0.2130237371,0.0810284168,0.2590613365,0.9385854006,-0.2123891115,0.0836502239,0.2679775059,0.9359923601,-0.0213798936,-0.4545321167,0.3744583726,0.8079136014,0.0105496608,-0.4534891844,0.3396572471,0.8239352703,0.0105496608,-0.4534891844,0.3396572471,0.8239352703,-0.0391935259,0.3223572969,0.2189173847,0.9201222062
0.3374899924,0.0537620001,0.5010253787,-0.0375409760,0.3353537917,0.2224718630,0.9146774411,-0.7910469770,-0.0825169981,-0.3650499880,1.7372059822,-0.4200559855,-0.0679190010,-0.9830729961,0.0735239983,0.3169330060,1.9558269978,-0.2570070028,0.1970169991,-0.0060879998,-0.8093069792,0.2998780012,-0.4078840017,-1.1107560396,-0.0875080004,-0.4348759949,-0.4649550021,-0.0196150001,-1.2622220516,-0.1018010005,0.0000000000,0.4945248365,0.3569499254,0.1234993413,-0.5496481657,1.0600398779,0.3891204894,0.1131996512,0.4083249569,0.5732752085,-1.2903243303,0.5894497037,-0.3019250929,0.1035243273,-0.7398749590,0.0544503331,-1.1004745960,0.2668246627,0.1321502030,-0.1141749918,-3.1717240810,-0.1785755157,1.6544506550,-2.5184006691,0.6675250530,-2.4447247982,-0.1260250807,-1.8539499044,-2.5267987251,-0.0749001279,0.0000000000,2.0000000000,2.0000000000,-0.0375409760,0.3353537917,0.2224718630,0.9146774411,-0.0375409760,0.3353537917,0.2224718630,0.9146774411,0.0815948471,-0.0272025615,0.3104795516,0.9466809630,0.0424778573,-0.0399857014,0.3090933263,0.9492409229,0.0490301624,-0.0316111818,0.1316590458,0.9895769954,-0.0688438565,0.7350527644,0.1224687323,0.6632944345,-0.0417978428,0.5806115866,0.1341305524,0.8019677401,-0.0690029338,0.5757226944,0.1537667066,0.8000862002,-0.0690029338,0.5757226944,0.1537667066,0.8000862002,0.0273621529,-0.1259353608,0.1015131772,0.9864515662,0.0635994300,-0.1221192852,0.1060731858,0.9847794175,0.0435316339,-0.1306254417,0.2601463795,0.9557018280,-0.1914245933,0.7196078897,0.1814600974,0.6423344016,-0.1665921062,0.6313592792,0.2044949681,0.7292560339,-0.0940626711,0.6484103203,0.1414098442,0.7421047688,-0.0940626711,0.6484103203,0.1414098442,0.7421047688,-0.0385616161,0.3352379501,0.2196865529,0.9153504372,0.0425853133,-0.0524520949,0.1944680363,0.9785793424,0.1882855594,-0.0228143800,0.2001213282,0.9612385631,0.1864495575,0.0279433336,0.0040723840,0.9820587039,0.1582334191,-0.4868688881,-0.1271331012,0.8495635390,0.1871646494,-0.4785503447,-0.1582284272,0.8431624174,0.1871646494,-0.4785503447,-0.1582284272,0.8431624174,0.0141866021,0.1307889074,0.2352152318,0.9629989266,-0.2080594897,0.0730794817,0.2590199411,0.9403613210,-0.2086052746,0.0704604015,0.2499313653,0.9428963661,-0.0201488491,-0.4910340905,0.3596767783,0.7931659222,0.0140289310,-0.4899650812,0.3253065348,0.8086488843,0.0140289310,-0.4899650812,0.3253065348,0.8086488843,-0.0385616161,0.3352379501,0.2196865529,0.9153504372
0.3469150066,0.0618529990,0.5013071299,-0.0381449908,0.3455929160,0.2245669365,0.9103187323,-0.7902809978,-0.0671550035,-0.3478299975,1.7130789757,-0.4109260142,-0.0713300034,-0.9763780236,0.0568110012,0.3160000145,1.9311100245,-0.2551169991,0.2005240023,-0.0098059997,-0.8757069707,0.2946769893,-0.3763949871,-1.1544799805,-0.0742359981,-0.4888300002,-0.4678879976,-0.0548189990,-1.3090859652,-0.1027740017,0.0000000000,0.4787750840,0.4303499758,0.1188755035,-0.5086296797,0.9564250708,0.4999110103,0.0411987305,0.6806999445,0.7656998634,-1.1117756367,0.4496499896,-0.1362999976,0.3172755241,-0.7395999432,0.0032000244,-1.2369751930,0.1115754247,0.2156749368,-0.1416250169,-3.3042252064,-0.2899251878,1.4963246584,-2.1656484604,0.6766750216,-2.7030251026,-0.1861996949,-1.6269998550,-2.3388981819,-0.0118000433,0.0000000000,2.0000000000,2.0000000000,-0.0381449908,0.3455929160,0.2245669365,0.9103187323,-0.0381449908,0.3455929160,0.2245669365,0.9103187323,0.0827243179,-0.0157132726,0.3121398389,0.9462972879,0.0509093590,-0.0261833221,0.3114363849,0.9485410452,0.0546721332,-0.0169790071,0.1426031590,0.9881229997,-0.0719348267,0.7354840636,0.1347222477,0.6601049900,-0.0429357067,0.5853394270,0.1465647668,0.7962745428,-0.0713015199,0.5797410607,0.1673432738,0.7942371964,-0.0713015199,0.5797410607,0.1673432738,0.7942371964,0.0260974038,-0.1118243337,0.1051088274,0.9878088832,0.0541423075,-0.1087939516,0.1082424223,0.9866691828,0.0363498926,-0.1159577444,0.2621400654,0.9573479295,-0.1948931217,0.7213139534,0.1790402234,0.6400527954,-0.1705334932,0.6340306401,0.2023785263,0.7266130447,-0.0969473869,0.6511033773,0.1378994435,0.7400333285,-0.0969473869,0.6511033773,0.1378994435,0.7400333285,-0.0398389697,0.3454017341,0.2201009542,0.9114088416,0.0478615053,-0.0739143044,0.1919312626,0.9774500132,0.1908384264,-0.0449368022,0.2007027864,0.9598331451,0.1935012192,0.0027675591,0.0201820154,0.9808886051,0.1715873033,-0.5253041983,-0.1220887378,0.8244438767,0.1973215491,-0.5178146362,-0.1472438127,0.8192993999,0.1973215491,-0.5178146362,-0.1472438127,0.8192993999,0.0197502021,0.1156259254,0.2370294482,0.9643949866,-0.2043498605,0.0575290471,0.2573766112,0.9427029490,-0.2054037303,0.0502958149,0.2318467945,0.9494876266,-0.0217357706,-0.5295338631,0.3451110423,0.7746095657,0.0144471731,-0.5285787582,0.3117860854,0.7894207835,0.0144471750,-0.5285788178,0.3117861152,0.7894209027,-0.0398389697,0.3454017341,0.2201009542,0.9114088416
0.3566409945,0.0709759966,0.5012606382,-0.0397979990,0.3568629920,0.2264540046,0.9054189920,-0.7893990278,-0.0552890003,-0.3344219923,1.6927349567,-0.4020699859,-0.0733710006,-0.9703819752,0.0439400002,0.3170610070,1.9063479900,-0.2525439858,0.2056439966,-0.0117530003,-0.9414759874,0.2882809937,-0.3480310142,-1.1973819733,-0.0604409985,-0.5429970026,-0.4724029899,-0.0846949965,-1.3557779789,-0.1022730023,0.0000000000,0.5013495684,0.5077000856,0.1250252128,-0.6593731046,1.0110696554,0.6728796363,0.0498995185,0.4185751081,0.4796750844,-0.8280992508,0.4290506244,-0.0335499644,0.2649009228,-0.4514249861,0.1527749002,-1.2403249741,0.1627501100,0.3365747631,-0.0088250032,-3.2567992210,-0.3794997931,1.2619249821,-2.1039009094,0.7157999277,-2.7189753056,-0.3048501909,-1.2273750305,-2.3259520531,0.0987000763,0.0000000000,2.0000000000,2.0000000000,-0.0397979990,0.3568629920,0.2264540046,0.9054189920,-0.0397979990,0.3568629920,0.2264540046,0.9054189920,0.0828897879,-0.0029127847,0.3139353693,0.9458147883,0.0567148589,-0.0115891518,0.3137348890,0.9477444887,0.0578526631,-0.0019882969,0.1516232938,0.9867419600,-0.0752079412,0.7376316786,0.1438065171,0.6554105282,-0.0449774824,0.5919013619,0.1559281051,0.7895038128,-0.0739040673,0.5857841372,0.1775325239,0.7873229980,-0.0739040673,0.5857841372,0.1775325239,0.7873229980,0.0237336215,-0.0970064402,0.1089557931,0.9890173078,0.0454548560,-0.0945894644,0.1110605597,0.9882572293,0.0299522839,-0.1005791798,0.2656814158,0.9583319426,-0.1992534846,0.7230422497,0.1782745123,0.6369664073,-0.1752157658,0.6370680928,0.2019484639,0.7229526043,-0.1000858620,0.6544316411,0.1354926378,0.7371186614,-0.1000858620,0.6544316411,0.1354926378,0.7371186614,-0.0418944061,0.3566229939,0.2211294621,0.9067341685,0.0526003093,-0.0937910974,0.1902191937,0.9758346677,0.1922255605,-0.0654950142,0.2017188966,0.9581593871,0.1984463930,-0.0208712965,0.0351957306,0.9792572856,0.1829623729,-0.5610519052,-0.1172325909,0.7987502813,0.2048058212,-0.5546736717,-0.1367197484,0.7947952747,0.2048058212,-0.5546736717,-0.1367197484,0.7947952747,0.0248297863,0.1015814319,0.2395108044,0.9652457237,-0.2017380446,0.0427126773,0.2566317320,0.9442550540,-0.2026796639,0.0316406339,0.2170419246,0.9543650746,-0.0224026944,-0.5650916100,0.3335487843,0.7542644739,0.0151163172,-0.5641939044,0.3018095791,0.7683539391,0.0151163172,-0.5641939044,0.3018095791,0.7683539391,-0.0418944024,0.3566229641,0.2211294323,0.9067340493
0.3669689894,0.0821610019,0.5008864403,-0.0435489751,0.3702127934,0.2279378623,0.8994944692,-0.7882850170,-0.0504119992,-0.3286429942,1.6799550056,-0.3937639892,-0.0726720020,-0.9657819867,0.0387540013,0.3221110106,1.8814970255,-0.2486069947,0.2139869928,-0.0101589998,-1.0059789419,0.2794969976,-0.3259179890,-1.2386360168,-0.0456040017,-0.5975890160,-0.4800820053,-0.1039140001,-1.4021240473,-0.0988259986,0.0000000000,0.5612522364,0.5395268202,0.1294240505,-0.8075949550,1.1219998598,0.6698651910,0.1056775451,0.2577511668,0.3749273717,-0.6930261850,0.4110507667,-0.0711511821,0.2473503351,-0.4056527317,0.2523005009,-1.2641042471,0.0716987997,0.3936264515,0.1468760818,-3.3199608326,-0.5364768505,0.8978277445,-1.9796580076,0.8338288665,-2.7749850750,-0.2890251577,-0.7393261194,-2.1788835526,0.1135000959,0.0000000000,2.0000000000,2.0000000000,-0.0435489751,0.3702127934,0.2279378623,0.8994944692,-0.0435489751,0.3702127934,0.2279378623,0.8994944692,0.0811351687,0.0125046829,0.3160161376,0.9451955557,0.0572873205,0.0045360518,0.3162309229,0.9469401836,0.0557736158,0.0138461813,0.1570678353,0.9859144688,-0.0797293782,0.7433816791,0.1463701725,0.6477675438,-0.0495572649,0.6023090482,0.1591385454,0.7806682587,-0.0778846666,0.5961302519,0.1809141785,0.7783525586,-0.0778846741,0.5961303115,0.1809141934,0.7783526778,0.0191728417,-0.0807932988,0.1133055538,0.9900842309,0.0383529030,-0.0785827413,0.1148497164,0.9895268679,0.0252550207,-0.0837160423,0.2720440626,0.9583036900,-0.2049315572,0.7249846458,0.1806898713,0.6322590709,-0.1809477657,0.6410010457,0.2047038674,0.7172669768,-0.1033164784,0.6591958404,0.1350811273,0.7324886918,-0.1033164784,0.6591958404,0.1350811273,0.7324886918,-0.0454289019,0.3699868321,0.2233659625,0.9006407261,0.0564592816,-0.1105071679,0.1902960241,0.9738521576,0.1915607005,-0.0829227343,0.2038338333,0.9564936757,0.2003726810,-0.0410611890,0.0482112132,0.9776709676,0.1910394877,-0.5926025510,-0.1125319973,0.7743789554,0.2081104517,-0.5876608491,-0.1265400350,0.7715778947,0.2081104517,-0.5876608491,-0.1265400350,0.7715778947,0.0290447697,0.0898362175,0.2434626222,0.9653040171,-0.2012817413,0.0293790530,0.2578400075,0.9445322156,-0.2016920745,0.0158266686,0.2091922462,0.9567175508,-0.0204962995,-0.5959958434,0.3284723461,0.7324444056,0.0169967525,-0.5950100422,0.2991949320,0.7457590103,0.0169967525,-0.5950100422,0.2991949320,0.7457590103,-0.0454289019,0.3699868321,0.2233659625,0.9006407261
0.3790910840,0.0925570726,0.4999483228,-0.0447980091,0.3846301734,0.2279680371,0.8933551908,-0.7851719260,-0.0449789539,-0.3194248974,1.6650139093,-0.3856279552,-0.0762170479,-0.9604879618,0.0277138911,0.3271530271,1.8557838202,-0.2496760339,0.2213890553,-0.0058779572,-1.0742744207,0.2668219209,-0.3121179044,-1.2765682936,-0.0270878449,-0.6539964080,-0.4839639962,-0.1142680421,-1.4429333210,-0.0977329984,0.0000000000,0.6285034418,0.5098752379,0.1298248768,-0.8891752958,1.2264773846,0.4998642504,0.1806259155,0.2786014080,0.5038753152,-0.7740795612,0.4046753049,-0.2303251922,0.2733752131,-0.6251501441,0.2520240843,-1.2964040041,-0.1160290092,0.3583509326,0.2476532459,-3.4621417522,-0.6823308468,0.5861021280,-1.8550544977,0.9717791080,-2.8430371284,-0.1466281712,-0.4068991244,-1.9712299109,0.0251745805,0.0000000000,2.0000000000,2.0000000000,-0.0447980091,0.3846301734,0.2279680371,0.8933551908,-0.0447980091,0.3846301734,0.2279680371,0.8933551908,0.0809396282,0.0296713877,0.3156385124,0.9449554682,0.0596693978,0.0225659367,0.3162259161,0.9465366006,0.0553212278,0.0317682214,0.1616695076,0.9847808480,-0.0823416635,0.7497453690,0.1497241557,0.6392843723,-0.0521254204,0.6133511662,0.1627280414,0.7711050510,-0.0814661384,0.6067060232,0.1859781444,0.7685592771,-0.0814661384,0.6067060232,0.1859781444,0.7685592771,0.0160094984,-0.0628978238,0.1153507084,0.9912021756,0.0297425613,-0.0612934306,0.1162111908,0.9908852577,0.0193640199,-0.0653187558,0.2760235965,0.9587333202,-0.2093084902,0.7281696796,0.1809805036,0.6270606518,-0.1851450056,0.6444250941,0.2056339234,0.7128480673,-0.1052645147,0.6631970406,0.1331866235,0.7289378643,-0.1052645147,0.6631970406,0.1331866235,0.7289378643,-0.0459282286,0.3844968081,0.2253414840,0.8940212727,0.0632609949,-0.1276735216,0.1883386075,0.9717130065,0.1919518113,-0.1014870405,0.2036475837,0.9546636343,0.2033738941,-0.0611596107,0.0549595393,0.9756423831,0.1967195421,-0.6217534542,-0.1134022400,0.7495759130,0.2071847618,-0.6188008785,-0.1213131845,0.7479593754,0.2071847618,-0.6188008785,-0.1213131845,0.7479593754,0.0364974514,0.0784543827,0.2461550236,0.9653603435,-0.1958926469,0.0171831362,0.2577831149,0.9459803104,-0.1956280023,0.0025992768,0.2041532099,0.9591895342,-0.0139291706,-0.6225819588,0.3220244348,0.7130904794,0.0241846666,-0.6212797761,0.2942631841,0.7258346081,0.0241846666,-0.6212797761,0.2942631841,0.7258346081,-0.0459282286,0.3844968081,0.2253414840,0.8940212727
0.3921091259,0.1025560126,0.4983973205,-0.0447889902,0.3995249569,0.2272388935,0.8869815469,-0.7810599804,-0.0392679423,-0.3084879816,1.6489918232,-0.3775769770,-0.0818850100,-0.9548469782,0.0137479957,0.3321919739,1.8296408653,-0.2532481551,0.2283210307,-0.0002528697,-1.1444646120,0.2522037625,-0.3024739027,-1.3128381968,-0.0067328359,-0.7113105059,-0.4859471321,-0.1201899648,-1.4809732437,-0.0978190154,0.0000000000,0.6997480392,0.3102982640,0.1160248816,-0.9923967123,1.2787846327,0.5421656966,0.0311225653,0.3329988718,0.3405474126,-0.5245715380,0.2338990569,-0.1745738089,0.2705484629,-0.3637222946,0.0716991723,-1.1681199074,-0.5628738403,0.2620987594,0.5674989223,-3.6020131111,-1.0941230059,0.5517475605,-1.6037434340,1.0471711159,-2.9129652977,-0.3944002092,-0.0324239954,-1.6681164503,-0.0432750210,0.0000000000,2.0000000000,2.0000000000,-0.0447889902,0.3995249569,0.2272388935,0.8869815469,-0.0447889902,0.3995249569,0.2272388935,0.8869815469,0.0815046132,0.0477070510,0.3139902055,0.9447175860,0.0629415363,0.0415333733,0.3148663044,0.9461356401,0.0558133908,0.0507101901,0.1657704413,0.9832769632,-0.0838163644,0.7563559413,0.1535245478,0.6303417087,-0.0535153449,0.6246216893,0.1665265262,0.7610867023,-0.0846225768,0.6172820926,0.1919533759,0.7582583427,-0.0846225843,0.6172821522,0.1919534057,0.7582584620,0.0135622947,-0.0441496633,0.1162238196,0.9921486378,0.0203819480,-0.0433497056,0.1165245622,0.9920319915,0.0129342955,-0.0461229309,0.2789368629,0.9591140151,-0.2131552994,0.7319208980,0.1803825796,0.6215454340,-0.1886689663,0.6475685835,0.2058569491,0.7090006471,-0.1066766903,0.6668031216,0.1307506859,0.7258774042,-0.1066766903,0.6668031216,0.1307506859,0.7258774042,-0.0448395051,0.3995192945,0.2271267474,0.8870102763,0.0714680329,-0.1450282633,0.1850173175,0.9693440199,0.1928129345,-0.1206074357,0.2017880976,0.9526586533,0.2068377435,-0.0812247172,0.0580639094,0.9732673168,0.2007136345,-0.6493085027,-0.1174210683,0.7241027355,0.2033910900,-0.6485801935,-0.1192850173,0.7237035632,0.2033910900,-0.6485801935,-0.1192850173,0.7237035632,0.0456322618,0.0672454834,0.2478889674,0.9653739333,-0.1879673153,0.0056306850,0.2567862570,0.9479964972,-0.1869971454,-0.0092213266,0.2002083957,0.9616983533,-0.0053853174,-0.6467775702,0.3144113421,0.6948347092,0.0336900800,-0.6450622082,0.2877326012,0.7070853710,0.0336900800,-0.6450622082,0.2877326012,0.7070853710,-0.0448395051,0.3995192945,0.2271267474,0.8870102763
0.4070810080,0.1049690023,0.4961533546,-0.0463729985,0.4158259928,0.2257760018,0.8797519803,-0.7839270234,-0.0316589996,-0.3058030009,1.6440310478,-0.3762719929,-0.0832000002,-0.9496660233,0.0131649999,0.3300209939,1.8090590239,-0.2721909881,0.2318730056,0.0168219991,-1.2183549404,0.2230570018,-0.2900480032,-1.3407180309,0.0147989998,-0.7705150247,-0.4997400045,-0.1155650020,-1.5096579790,-0.0994639993,0.0000000000,0.7500745058,0.1273004413,0.0973254591,-1.1112934351,1.3722641468,0.6643182635,-0.1057744026,0.3669997156,0.2937540412,-0.2746492624,0.0319488347,-0.0444743782,0.2830013633,-0.0626007766,-0.0080481172,-1.1069267988,-1.1506543159,0.2015251666,1.0730550289,-4.1465578079,-1.8240332603,0.5592986941,-0.9419918060,1.0019733906,-2.8377950191,-1.0055065155,-0.0885821879,-1.4526724815,-0.1347260475,0.0000000000,2.0000000000,2.0000000000,-0.0463729985,0.4158259928,0.2257760018,0.8797519803,-0.0463729985,0.4158259928,0.2257760018,0.8797519803,0.0815650150,0.0642576292,0.3127453029,0.9441443682,0.0666100830,0.0592991784,0.3137232363,0.9453171492,0.0568013191,0.0687524974,0.1660852581,0.9820705056,-0.0829933882,0.7661886811,0.1546699703,0.6181782484,-0.0526012927,0.6370521784,0.1674628407,0.7505689263,-0.0837704539,0.6295366287,0.1938117146,0.7477320433,-0.0837704539,0.6295366287,0.1938117146,0.7477320433,0.0092581408,-0.0241731945,0.1171765029,0.9927737117,0.0157928262,-0.0234013628,0.1173330843,0.9926912785,0.0117343357,-0.0256776661,0.2788014412,0.9599337578,-0.2119229287,0.7387667298,0.1815395206,0.6134784222,-0.1853328347,0.6487014890,0.2086137086,0.7080385685,-0.1021849290,0.6684784889,0.1321734488,0.7247241735,-0.1021849290,0.6684784889,0.1321734488,0.7247241735,-0.0428738892,0.4162013233,0.2331675291,0.8778218627,0.0830384269,-0.1614982337,0.1841700673,0.9659733176,0.1900328845,-0.1399972290,0.2010001838,0.9507299066,0.2064056545,-0.1024901569,0.0634902790,0.9710105658,0.2034610659,-0.6744292974,-0.1162884608,0.7001613379,0.1974252909,-0.6760141253,-0.1124006659,0.7009952068,0.1974252909,-0.6760141253,-0.1124006659,0.7009952068,0.0575405769,0.0574736111,0.2528705001,0.9640759230,-0.1826411635,-0.0068405713,0.2592294812,0.9483647346,-0.1810020506,-0.0207948815,0.2047987878,0.9616981149,0.0055137821,-0.6653604507,0.3142790496,0.6771216989,0.0459432676,-0.6629988551,0.2881688774,0.6894059181,0.0459432676,-0.6629988551,0.2881688774,0.6894059181,-0.0428738892,0.4162013233,0.2331675291,0.8778218627
0.4221121073,0.1076480299,0.4930443764,-0.0477770157,0.4336462021,0.2239129990,0.8715110421,-0.7852909565,-0.0245879535,-0.2967378199,1.6380058527,-0.3762990236,-0.0836639851,-0.9435269237,0.0112439645,0.3318700492,1.7853637934,-0.2992743254,0.2363820374,0.0426693298,-1.3103269339,0.1792424321,-0.2801019549,-1.3505178690,0.0333460979,-0.8248223066,-0.5261673927,-0.1237332523,-1.5390801430,-0.1032080576,0.0000000000,0.7544720173,0.1472992897,0.0830009580,-1.2622492313,1.5876791477,0.7388707399,0.0068992376,0.3266488314,0.7722705603,-0.3544718027,-0.0679746270,0.0193746760,0.3548994660,-0.1629991233,0.2933986485,-1.3404458761,-1.7612673044,0.2732489109,1.7309166193,-5.5026264191,-2.9241111279,0.3732733428,0.4138976336,0.7780225873,-2.4705171585,-1.9530892372,-1.0480433702,-1.5079230070,-0.2922235131,0.0000000000,2.0000000000,2.0000000000,-0.0477770157,0.4336462021,0.2239129990,0.8715110421,-0.0477770157,0.4336462021,0.2239129990,0.8715110421,0.0815613866,0.0832702667,0.3108396530,0.9432881474,0.0699587539,0.0794426128,0.3118398488,0.9442195296,0.0574465431,0.0889114887,0.1688344181,0.9799437523,-0.0840945616,0.7765368819,0.1572681367,0.6043056846,-0.0531948134,0.6498023868,0.1702218354,0.7388854623,-0.0840483159,0.6421152949,0.1972475201,0.7360144854,-0.0840483159,0.6421152949,0.1972475201,0.7360144854,0.0047269515,-0.0019107916,0.1179182604,0.9930102825,0.0103095332,-0.0012478306,0.1179271415,0.9929680228,0.0099618146,-0.0029335637,0.2803204358,0.9598503709,-0.2120521963,0.7456498742,0.1836100519,0.6044233441,-0.1823100895,0.6472103596,0.2131708264,0.7088299990,-0.0974557921,0.6678313613,0.1353671700,0.7253822088,-0.0974557921,0.6678313613,0.1353671700,0.7253822088,-0.0385151431,0.4345666766,0.2424539924,0.8665358424,0.1002669856,-0.1838134080,0.1825223565,0.9606481791,0.1858438402,-0.1667397171,0.1982413828,0.9478187561,0.2055161148,-0.1309063584,0.0658814013,0.9676189423,0.2050069124,-0.6978841424,-0.1150004193,0.6765389442,0.1910960823,-0.7014051676,-0.1067011729,0.6783273220,0.1910960823,-0.7014051676,-0.1067011729,0.6783273220,0.0726396814,0.0524615943,0.2593418956,0.9616200924,-0.1799379885,-0.0167877674,0.2640617490,0.9474238753,-0.1775326878,-0.0315368176,0.2057941407,0.9618400931,0.0121989865,-0.6832145452,0.3130543530,0.6595954299,0.0548393838,-0.6803296804,0.2870062590,0.6721395850,0.0548393838,-0.6803296804,0.2870062590,0.6721395850,-0.0385151468,0.4345667362,0.2424540222,0.8665359616
0.4372598827,0.1108609736,0.4884651899,-0.0488289855,0.4545667768,0.2212909907,0.8614029884,-0.7836510539,-0.0185930468,-0.2749121785,1.6298521757,-0.3789909780,-0.0824250132,-0.9354700446,0.0066450350,0.3417569399,1.7554411888,-0.3426416814,0.2428029627,0.0860586688,-1.4384599924,0.1060925573,-0.2751170695,-1.3241621256,0.0459199026,-0.8693357110,-0.5778635740,-0.1574867368,-1.5699748993,-0.1111529395,0.0000000000,0.7602192163,0.1696486324,0.0618755706,-1.3442710638,1.7398341894,0.9365582466,0.1701742411,0.4333966970,1.2235403061,-0.5330175161,-0.0584490597,0.0831993297,0.5986705422,-0.4208717346,0.3858722746,-1.5664130449,-2.1955332756,0.3011479974,2.3636822701,-6.3087015152,-3.9067950249,0.4603713751,1.6343623400,0.0635994598,-1.6513631344,-2.9296784401,-1.8488361835,-1.6031861305,-0.3907971084,0.0000000000,2.0000000000,2.0000000000,-0.0488289855,0.4545667768,0.2212909907,0.8614029884,-0.0488289855,0.4545667768,0.2212909907,0.8614029884,0.0814258307,0.1072021872,0.3076696992,0.9419218898,0.0726658478,0.1043373495,0.3086530268,0.9426382780,0.0576837547,0.1133101434,0.1765780151,0.9760397673,-0.0889248177,0.7879616022,0.1630938053,0.5870344043,-0.0566121005,0.6632807851,0.1769245118,0.7249493003,-0.0864325464,0.6554281116,0.2041019797,0.7220011950,-0.0864325538,0.6554281712,0.2041020095,0.7220012546,-0.0002560689,0.0249011014,0.1182683259,0.9926693439,0.0030420884,0.0252939146,0.1181849539,0.9926648140,0.0072989645,0.0244082268,0.2852644324,0.9581102729,-0.2147861719,0.7526539564,0.1878722310,0.5933657885,-0.1796126068,0.6404761076,0.2217395008,0.7129946947,-0.0919444785,0.6626155376,0.1425435692,0.7294986248,-0.0919444785,0.6626155376,0.1425435692,0.7294986248,-0.0292301197,0.4562464654,0.2581403255,0.8510866165,0.1288649887,-0.2175631225,0.1782145053,0.9509467483,0.1791042686,-0.2078079134,0.1894993335,0.9427765608,0.2042199075,-0.1732146591,0.0602285415,0.9615942836,0.2031012028,-0.7188132405,-0.1152108163,0.6548160315,0.1835700572,-0.7235313654,-0.1043609008,0.6572011709,0.1835700572,-0.7235313654,-0.1043609008,0.6572011709,0.0940426961,0.0568998083,0.2689248323,0.9568687081,-0.1824946105,-0.0220830943,0.2739899755,0.9440008998,-0.1788421422,-0.0410043895,0.1999318749,0.9624767303,0.0108501576,-0.7004034519,0.3102267385,0.6427103877,0.0574899316,-0.6972435117,0.2832692266,0.6559764147,0.0574899316,-0.6972435117,0.2832692266,0.6559764147,-0.0292301197,0.4562464654,0.2581403255,0.8510866165
0.4525208771,0.1144339740,0.4822269678,-0.0522049740,0.4759058356,0.2189590335,0.8502030969,-0.7784839869,-0.0072520864,-0.2477962077,1.6166851521,-0.3786369860,-0.0803360119,-0.9195801020,-0.0055909064,0.3473049402,1.7227072716,-0.3870956600,0.2484279573,0.1372166127,-1.5626749992,0.0229706354,-0.2616870999,-1.2851433754,0.0358900763,-0.8908768296,-0.6433545351,-0.1976867020,-1.6032075882,-0.1188399419,0.0000000000,0.7644496560,0.1831499934,0.0445246696,-1.2917693853,1.7658513784,1.1551430225,0.3024742007,0.6338735223,1.4219238758,-0.7210254669,0.0557735562,0.1150500029,0.8923962712,-0.7072728276,0.2231754363,-1.6718745232,-2.2362992764,0.2712998390,2.6550228596,-6.1617999077,-4.2807469368,0.7770732045,2.1092205048,-0.7840684652,-0.7898807526,-3.4469456673,-2.0906231403,-1.6908466816,-0.3811249435,0.0000000000,2.0000000000,2.0000000000,-0.0522049740,0.4759058356,0.2189590335,0.8502030969,-0.0522049740,0.4759058356,0.2189590335,0.8502030969,0.0787037164,0.1337866485,0.3052219450,0.9395458102,0.0752963796,0.1326790303,0.3057050705,0.9398250580,0.0583225377,0.1409672052,0.1872168034,0.9704002142,-0.0951013565,0.7991043925,0.1714858264,0.5683139563,-0.0611302964,0.6778757572,0.1863189191,0.7085428834,-0.0895340815,0.6698468328,0.2133902013,0.7055164576,-0.0895340815,0.6698468328,0.2133902013,0.7055164576,-0.0075882776,0.0560546406,0.1209475026,0.9910459518,-0.0103586670,0.0557163171,0.1211037263,0.9910208583,-0.0005761524,0.0566681400,0.2905119658,0.9551917315,-0.2207940221,0.7616420984,0.1888055652,0.5792269707,-0.1803561747,0.6360112429,0.2277480811,0.7149071693,-0.0903933123,0.6593278050,0.1471948773,0.7317442894,-0.0903933123,0.6593278050,0.1471948773,0.7317442894,-0.0194566697,0.4783650935,0.2767291367,0.8331922293,0.1595297307,-0.2468352318,0.1733019054,0.9399942160,0.1703151017,-0.2448285669,0.1761253923,0.9380999804,0.1992959976,-0.2128718942,0.0538626648,0.9550212622,0.1982138753,-0.7341740131,-0.1123628840,0.6395892501,0.1827512980,-0.7378001213,-0.1042082533,0.6413996816,0.1827512980,-0.7378001213,-0.1042082533,0.6413996816,0.1143778414,0.0739380568,0.2806337476,0.9501029849,-0.1918718964,-0.0185791608,0.2896151841,0.9375303388,-0.1873109639,-0.0431947671,0.1970551908,0.9613626003,0.0071833590,-0.7113270164,0.3146599531,0.6284515858,0.0575168543,-0.7079527974,0.2867751122,0.6428489685,0.0575168543,-0.7079527974,0.2867751122,0.6428489685,-0.0194566697,0.4783650935,0.2767291367,0.8331922293
0.4678378701,0.1181869730,0.4742235541,-0.0567259714,0.4972849190,0.2167000473,0.8381712437,-0.7715520859,0.0067618927,-0.2180352211,1.6010111570,-0.3767600358,-0.0778230131,-0.8997741938,-0.0216458775,0.3506839573,1.6885662079,-0.4320936501,0.2536549568,0.1922595799,-1.6849319935,-0.0651373193,-0.2440341413,-1.2397933006,0.0145571632,-0.9009309411,-0.7157413960,-0.2411116660,-1.6376087666,-0.1263979375,0.0000000000,0.7706060410,0.4359275103,0.0199750029,-1.3533755541,1.8111498356,1.3475617170,0.3699257970,0.6114044785,1.5324357748,-0.7263332605,0.2927511930,-0.0185254961,0.9962320328,-1.3736836910,0.1067765057,-1.8367171288,-1.3936862946,-0.1571506262,2.9732937813,-6.1876683235,-4.5241036415,1.4492343664,2.2754371166,-0.9538058043,0.0754728913,-3.8414983749,-2.8323180676,-1.8350183964,-0.5236538053,0.0000000000,2.0000000000,2.0000000000,-0.0567259714,0.4972849190,0.2167000473,0.8381712437,-0.0567259714,0.4972849190,0.2167000473,0.8381712437,0.0746336952,0.1616231054,0.3030192554,0.9362089038,0.0777985379,0.1626466662,0.3024710715,0.9359512329,0.0596404411,0.1701457351,0.1988422871,0.9633044004,-0.1011804789,0.8098514080,0.1812670529,0.5486761332,-0.0654449984,0.6927748919,0.1970080882,0.6906285882,-0.0922620744,0.6845865250,0.2238090634,0.6875599027,-0.0922620744,0.6845865250,0.2238090634,0.6875599027,-0.0160273928,0.0893478990,0.1246280819,0.9880424738,-0.0267197676,0.0879938453,0.1255877614,0.9878111482,-0.0109599950,0.0913057551,0.2959807217,0.9507568479,-0.2285245061,0.7713375092,0.1884177923,0.5633061528,-0.1828207523,0.6326498985,0.2330263555,0.7155623436,-0.0908424929,0.6570435166,0.1511322558,0.7329396605,-0.0908424929,0.6570435166,0.1511322558,0.7329396605,-0.0087337671,0.5004336834,0.2961487472,0.8135021925,0.1913121045,-0.2732163668,0.1655082405,0.9280946255,0.1609891951,-0.2784608901,0.1565237492,0.9338321090,0.1924216151,-0.2496963143,0.0431540683,0.9480313659,0.1892500371,-0.7459556460,-0.1114263162,0.6287438273,0.1829198152,-0.7473876476,-0.1082143262,0.6294773817,0.1829198152,-0.7473876476,-0.1082143262,0.6294773817,0.1345025748,0.0972639993,0.2926409841,0.9417059422,-0.2038802207,-0.0114046540,0.3081703484,0.9291576147,-0.1987044662,-0.0428094640,0.1959495246,0.9593163729,0.0032189814,-0.7197527289,0.3225916922,0.6147197485,0.0571199283,-0.7161450982,0.2938574255,0.6304929852,0.0571199283,-0.7161450982,0.2938574255,0.6304929852,-0.0087337671,0.5004336834,0.2961487472,0.8135021925
0.4833451211,0.1318710744,0.4637637436,-0.0628120378,0.5202730894,0.2124849707,0.8247548938,-0.7636869550,0.0172040928,-0.1864987761,1.5876318216,-0.3669269383,-0.0810770318,-0.8797308207,-0.0605382510,0.3515760005,1.6492385864,-0.4428431094,0.2421419322,0.2561483681,-1.8101817369,-0.1579935104,-0.2037177235,-1.1941258907,-0.0022621567,-0.8878579140,-0.7970144749,-0.3109794259,-1.6766083241,-0.1397860944,0.0000000000,0.7757812738,0.5992015004,-0.0043004751,-1.3691740036,1.8292887211,1.4370744228,0.3907531500,0.5606555343,1.5328354836,-0.5931288004,0.3880254924,-0.1742506325,1.0701611042,-1.7947070599,0.0229261816,-1.9891649485,-0.5776368380,-0.5482256413,2.8374903202,-5.6444616318,-3.9771192074,1.9444845915,1.7623037100,-0.9342094064,0.4801467061,-3.6663980484,-3.1488134861,-1.9000113010,-0.6279781461,0.0000000000,2.0000000000,2.0000000000,-0.0628120378,0.5202730894,0.2124849707,0.8247548938,-0.0628120378,0.5202730894,0.2124849707,0.8247548938,0.0683697611,0.1920025945,0.2993326783,0.9321268797,0.0763853341,0.1945703626,0.2976700366,0.9315043688,0.0579361767,0.2008375674,0.2096403688,0.9551746249,-0.1088599265,0.8218850493,0.1882955134,0.5264971852,-0.0726811364,0.7120399475,0.2049954832,0.6676028371,-0.0996776372,0.7031469941,0.2336841971,0.6641087532,-0.0996776372,0.7031469941,0.2336841971,0.6641087532,-0.0267752018,0.1245967373,0.1271974593,0.9836562872,-0.0565328076,0.1206900999,0.1309100538,0.9823953509,-0.0345548093,0.1287168413,0.3006978929,0.9443616271,-0.2442563176,0.7808123231,0.1787514836,0.5465517044,-0.1990363151,0.6417179108,0.2280302793,0.7046877742,-0.1124704033,0.6645609140,0.1488573402,0.7235680819,-0.1124704033,0.6645609140,0.1488573402,0.7235680819,0.0041539446,0.5240346193,0.3160859644,0.7908605337,0.2247918546,-0.2969133258,0.1529029012,0.9153862000,0.1518534571,-0.3080536425,0.1289952546,0.9302707911,0.1815045774,-0.2851058841,0.0348905586,0.9405070543,0.1783060282,-0.7571468949,-0.1066337526,0.6193261743,0.1792985499,-0.7569323778,-0.1071200296,0.6192179322,0.1792985499,-0.7569323778,-0.1071200296,0.6192179322,0.1533716619,0.1341313571,0.3049955070,0.9303029776,-0.2196438909,0.0052696271,0.3331451714,0.9169204235,-0.2145690322,-0.0376578979,0.1895441860,0.9574002028,-0.0065355171,-0.7259789705,0.3305917978,0.6030098796,0.0533716120,-0.7222995758,0.2996563315,0.6209999323,0.0533716120,-0.7222995758,0.2996563315,0.6209999323,0.0041539441,0.5240345597,0.3160859346,0.7908604145
0.4988691211,0.1421550363,0.4517572224,-0.0683430135,0.5418869853,0.2083528787,0.8113426566,-0.7559219599,0.0291881133,-0.1567218006,1.5772860050,-0.3612390161,-0.0847930387,-0.8569677472,-0.0934341550,0.3516010046,1.6089996099,-0.4551991224,0.2317259312,0.3057591915,-1.9107104540,-0.2242220938,-0.1662547588,-1.1693011522,-0.0228112135,-0.8817250729,-0.8623973131,-0.3670642078,-1.7136092186,-0.1515170634,0.0000000000,0.7770246863,0.3442250490,-0.0208258480,-1.2211663723,1.7491370440,1.3209145069,0.3832012415,0.6762760282,1.4009006023,-0.3656446934,0.0771224499,-0.2089004964,1.2742266655,-1.3449763060,-0.0421024859,-2.0574450493,-0.6981201172,-0.4659500122,1.7666683197,-3.7903845310,-1.9801132679,1.7304476500,0.1992166042,-1.2139018774,-0.0404030085,-2.4747161865,-2.1151192188,-1.7502009869,-0.5037236810,0.0000000000,2.0000000000,2.0000000000,-0.0683430135,0.5418869853,0.2083528787,0.8113426566,-0.0683430135,0.5418869853,0.2083528787,0.8113426566,0.0625046194,0.2209629714,0.2955002487,0.9273339510,0.0760310441,0.2252518386,0.2922441363,0.9263229966,0.0581648573,0.2305123955,0.2188341022,0.9463575482,-0.1142452732,0.8338107467,0.1954981387,0.5034759641,-0.0772677064,0.7298029065,0.2128408253,0.6450707316,-0.1045388356,0.7201260924,0.2435813993,0.6412161589,-0.1045388356,0.7201260924,0.2435813993,0.6412161589,-0.0368183888,0.1599292755,0.1296959519,0.9778783321,-0.0824452192,0.1536979675,0.1370231509,0.9750919938,-0.0542932637,0.1657483578,0.3054512143,0.9360979199,-0.2577235103,0.7893852592,0.1727043539,0.5297384262,-0.2121081054,0.6494976878,0.2264031023,0.6941935420,-0.1304345131,0.6713160872,0.1498006880,0.7140597701,-0.1304345131,0.6713160872,0.1498006880,0.7140597701,0.0149752302,0.5459743738,0.3294779360,0.7701507211,0.2491475195,-0.3116327226,0.1385248154,0.9064333439,0.1461749673,-0.3251740336,0.1027908623,0.9286167026,0.1720806509,-0.3070956171,0.0262457673,0.9356237650,0.1671931446,-0.7655203938,-0.1057902798,0.6122364402,0.1772668958,-0.7634387612,-0.1105960757,0.6111515760,0.1772668958,-0.7634387612,-0.1105960757,0.6111515760,0.1684895009,0.1653792262,0.3122323751,0.9202021360,-0.2315408438,0.0197406560,0.3527742326,0.9063937068,-0.2272051722,-0.0331513621,0.1844092160,0.9556526542,-0.0132348957,-0.7321177125,0.3374143839,0.5915911794,0.0520103052,-0.7282809019,0.3047680259,0.6115703583,0.0520103127,-0.7282809615,0.3047680557,0.6115704179,0.0149752302,0.5459743738,0.3294779360,0.7701507211
0.5144261122,0.1456400752,0.4389360547,-0.0728139728,0.5612047911,0.2045818716,0.7986824512,-0.7483589053,0.0442551337,-0.1304627508,1.5730060339,-0.3638420403,-0.0894330516,-0.8287617564,-0.1143373027,0.3498919010,1.5669407845,-0.4707679152,0.2235039324,0.3268150985,-1.9617971182,-0.2371980399,-0.1344998181,-1.1861572266,-0.0508182310,-0.8894740343,-0.8960031271,-0.3955841959,-1.7466163635,-0.1599350423,0.0000000000,0.7706999779,0.3379266858,-0.0384002998,-1.1176083088,1.7680099010,1.0929417610,0.4788756371,0.8207257986,1.4792518616,-0.1314997673,-0.1090243459,-0.2873255014,1.4337986708,-1.5098054409,-0.2628020942,-2.1108746529,-0.1911930740,-0.4468750358,0.8089207411,-2.0143957138,-0.4263721406,1.3555225134,-1.3445287943,-1.4504005909,-0.3416731954,-1.2961194515,-1.4043003321,-2.1257309914,-0.3832999468,0.0000000000,2.0000000000,2.0000000000,-0.0728139728,0.5612047911,0.2045818716,0.7986824512,-0.0728139728,0.5612047911,0.2045818716,0.7986824512,0.0575430579,0.2472836226,0.2916895747,0.9222021699,0.0779334009,0.2536769509,0.2861468196,0.9207032323,0.0612316914,0.2582175434,0.2255221158,0.9373976588,-0.1163948104,0.8459576368,0.2026370615,0.4793184698,-0.0778131187,0.7452796698,0.2203512043,0.6244587302,-0.1056496575,0.7346845865,0.2534461319,0.6203561425,-0.1056496575,0.7346845865,0.2534461319,0.6203561425,-0.0455698781,0.1955089718,0.1323569715,0.9706602693,-0.1009565443,0.1876270175,0.1433116347,0.9664707780,-0.0667581335,0.2023350596,0.3093431294,0.9267744422,-0.2656125724,0.7974119186,0.1720458418,0.5137941241,-0.2181643546,0.6555979848,0.2292468548,0.6855956912,-0.1403462142,0.6770740151,0.1547048986,0.7056487203,-0.1403462142,0.6770740151,0.1547048986,0.7056487203,0.0194535255,0.5655742884,0.3317872584,0.7547612786,0.2564807534,-0.3103365898,0.1290486902,0.9062313437,0.1474526972,-0.3234257996,0.0914227813,0.9302126169,0.1684245914,-0.3088797629,0.0294522420,0.9356061816,0.1655080914,-0.7721549869,-0.1028383002,0.6048207879,0.1880382001,-0.7674168348,-0.1133085415,0.6023904681,0.1880382001,-0.7674168348,-0.1133085415,0.6023904681,0.1752995253,0.1859588772,0.3115485013,0.9152196050,-0.2384412736,0.0326554738,0.3613541126,0.9008343816,-0.2357380092,-0.0258587748,0.1805816889,0.9545413852,-0.0165162049,-0.7358102798,0.3421969712,0.5841332674,0.0525422804,-0.7317622304,0.3083288074,0.6055548787,0.0525422804,-0.7317622304,0.3083288074,0.6055548787,0.0194535255,0.5655742884,0.3317872584,0.7547612786
0.5296971202,0.1556721032,0.4237488508,-0.0741530284,0.5803682804,0.2019440383,0.7854251862,-0.7367669344,0.0620171465,-0.0975517258,1.5720260143,-0.3655999899,-0.0962860584,-0.7996158004,-0.1538263708,0.3410889208,1.5245646238,-0.4628468454,0.2138509303,0.3381160200,-1.9912862778,-0.2412769794,-0.1120338589,-1.2230823040,-0.0808272362,-0.8953920007,-0.9142420888,-0.4232362211,-1.7986384630,-0.1668490618,0.0000000000,0.7599696517,0.5834705830,-0.0482752882,-1.0900620222,1.8815805912,0.8852476478,0.6299704313,0.9217680693,1.7286618948,-0.0077515841,-0.0773243606,-0.3703221679,1.4690146446,-2.2067832947,-0.5288206339,-2.1227359772,0.6896443367,-0.5005214214,0.4431217909,-1.2044221163,-0.0927492976,1.0071918964,-2.0970849991,-1.5254383087,-0.2729997039,-0.7198706269,-1.3717151880,-2.8387279510,-0.3268975616,0.0000000000,2.0000000000,2.0000000000,-0.0741530284,0.5803682804,0.2019440383,0.7854251862,-0.0741530284,0.5803682804,0.2019440383,0.7854251862,0.0551574565,0.2751427293,0.2873927057,0.9157836437,0.0835235268,0.2839206457,0.2787241042,0.9136332273,0.0695812181,0.2876553237,0.2338470668,0.9261363745,-0.1162853912,0.8585577607,0.2144847363,0.4509465098,-0.0753580853,0.7622781396,0.2320498526,0.5995047688,-0.1041216105,0.7502277493,0.2684652209,0.5951836705,-0.1041216105,0.7502277493,0.2684652209,0.5951836705,-0.0508464873,0.2318247259,0.1347716898,0.9620336294,-0.1246163025,0.2207838595,0.1521860510,0.9552825689,-0.0853372291,0.2387305945,0.3121077418,0.9155949950,-0.2772546113,0.8049506545,0.1668039262,0.4973537326,-0.2316045612,0.6694167256,0.2259491086,0.6687208414,-0.1589147300,0.6897073388,0.1532173157,0.6896190047,-0.1589147300,0.6897073388,0.1532173157,0.6896190047,0.0245533288,0.5845708847,0.3312158883,0.7402500510,0.2599338591,-0.3006459475,0.1206045076,0.9096708298,0.1485693306,-0.3129751086,0.0835463926,0.9343413711,0.1655306816,-0.3008972704,0.0317294411,0.9386446476,0.1630927324,-0.7782831192,-0.1031847075,0.5975190997,0.1990519911,-0.7706255913,-0.1194689274,0.5934995413,0.1990519911,-0.7706255913,-0.1194689274,0.5934995413,0.1811200529,0.2064778209,0.3080866933,0.9108484983,-0.2394942194,0.0492989384,0.3675869107,0.8972693086,-0.2396380752,-0.0138392625,0.1744529903,0.9549598694,-0.0154964374,-0.7433652282,0.3426923156,0.5742212534,0.0569782779,-0.7388673425,0.3082472980,0.5965000391,0.0569782779,-0.7388673425,0.3082472980,0.5965000391,0.0245533288,0.5845708847,0.3312158883,0.7402500510
0.5448248982,0.1689788997,0.4065742493,-0.0739070177,0.5992899537,0.1998200566,0.7716613412,-0.7231600881,0.0811258554,-0.0613162741,1.5726959705,-0.3669350147,-0.1042459384,-0.7700011730,-0.2026086301,0.3287390769,1.4820313454,-0.4431821406,0.2034830749,0.3445399702,-2.0099740028,-0.2409080118,-0.0942121446,-1.2700406313,-0.1118357629,-0.9003940225,-0.9247979522,-0.4504528046,-1.8601654768,-0.1730109453,0.0000000000,0.7447941899,0.4186470211,-0.0607237183,-1.1415159702,1.8028191328,0.8780178428,0.6455704570,0.7012446523,1.8548610210,0.3103733063,0.2292975783,-0.6558701396,1.5480130911,-2.1475088596,-0.6970196962,-1.9363582134,0.9350433946,-0.4033222795,0.0065252185,-0.0990718603,0.6290450692,0.7224943638,-2.4188339710,-1.1603660583,-0.2850234509,-0.0939980149,-0.9304672480,-3.3691973686,-0.5461454391,0.0000000000,2.0000000000,2.0000000000,-0.0739070177,0.5992899537,0.1998200566,0.7716613412,-0.0739070177,0.5992899537,0.1998200566,0.7716613412,0.0540198535,0.3036303520,0.2828051150,0.9082465172,0.0908064544,0.3148488700,0.2702597380,0.9053088427,0.0811126083,0.3174844086,0.2423819751,0.9131677151,-0.1142518967,0.8706022501,0.2286368310,0.4203850627,-0.0706219003,0.7792957425,0.2456437051,0.5721623302,-0.1003353000,0.7654396296,0.2859109342,0.5677059889,-0.1003353000,0.7654396296,0.2859109342,0.5677059889,-0.0542617701,0.2683069408,0.1369965971,0.9519973993,-0.1502601504,0.2530767322,0.1634284109,0.9416290522,-0.1068238616,0.2742528319,0.3153048158,0.9021956325,-0.2916554809,0.8113551736,0.1605165303,0.4804939330,-0.2492455542,0.6859127879,0.2206923813,0.6470667124,-0.1822366118,0.7047806382,0.1498856395,0.6690354347,-0.1822366118,0.7047806382,0.1498856395,0.6690354347,0.0299167242,0.6030884385,0.3291399181,0.7259863615,0.2613683939,-0.2867347598,0.1127661243,0.9147424698,0.1495564282,-0.2982074022,0.0774941444,0.9395210743,0.1631758064,-0.2880696356,0.0336970128,0.9430027008,0.1605235338,-0.7841658592,-0.1050718948,0.5901492834,0.2104376256,-0.7734147310,-0.1270868927,0.5842899084,0.2104376256,-0.7734147310,-0.1270868927,0.5842899084,0.1863543242,0.2268956900,0.3031886220,0.9065688252,-0.2376328260,0.0678168461,0.3725666106,0.8944973946,-0.2415221035,0.0005954811,0.1671179384,0.9558966756,-0.0127233118,-0.7526496649,0.3412540257,0.5629407763,0.0629779100,-0.7475850582,0.3066071272,0.5857836604,0.0629779100,-0.7475850582,0.3066071272,0.5857836604,0.0299167242,0.6030884385,0.3291399181,0.7259863615
0.5594888926,0.1724179834,0.3893148005,-0.0740320012,0.6172668338,0.1948880106,0.7586299777,-0.7109441161,0.0900669321,-0.0233572889,1.5844409466,-0.3564280868,-0.1225208640,-0.7376952767,-0.2397267222,0.3132081330,1.4471102953,-0.4254451096,0.1977180392,0.3383770287,-1.9952491522,-0.2161151767,-0.0831340849,-1.3198356628,-0.1272418797,-0.9067929387,-0.9180020094,-0.4604549110,-1.9334063530,-0.1886948794,0.0000000000,0.7232561707,0.2497296780,-0.1529008150,-1.2081438303,1.6444360018,0.7352939844,0.7706582546,0.3450030386,1.9718908072,0.5730777979,0.7153071165,-0.8443532586,1.6816868782,-2.0100202560,-0.7553040981,-1.7035126686,1.1875629425,-0.2043012530,-0.5405806303,1.1774897575,1.4173090458,0.5496306419,-2.9821813107,-0.7218576670,-0.0018179417,0.3821745515,-0.5633339286,-3.9413781166,-0.7142030001,0.0000000000,2.0000000000,2.0000000000,-0.0740320012,0.6172668338,0.1948880106,0.7586299777,-0.0740320012,0.6172668338,0.1948880106,0.7586299777,0.0517144725,0.3303136528,0.2759272456,0.9011563063,0.0922305211,0.3424005210,0.2607773542,0.8979145885,0.0882255509,0.3434542716,0.2502733767,0.9008988142,-0.1162154004,0.8825591803,0.2385675907,0.3881608248,-0.0720833689,0.7997709513,0.2553908825,0.5384662747,-0.1049142182,0.7826352715,0.3038755059,0.5330431461,-0.1049142033,0.7826351523,0.3038754761,0.5330430865,-0.0587821342,0.3046461046,0.1367711872,0.9407598972,-0.1708531976,0.2861056328,0.1722183824,0.9269809723,-0.1241400093,0.3092515171,0.3146872222,0.8887771368,-0.3013772964,0.8201884627,0.1536571831,0.4613591135,-0.2621437609,0.7042981386,0.2138210237,0.6241196394,-0.1992644072,0.7219631076,0.1432641596,0.6469454169,-0.1992644072,0.7219631076,0.1432641596,0.6469454169,0.0309619959,0.6209191084,0.3198454678,0.7149824500,0.2522326708,-0.2611746192,0.1097700596,0.9252659082,0.1509739757,-0.2714897394,0.0809628144,0.9470720291,0.1618917733,-0.2625222504,0.0420089290,0.9503202438,0.1621244550,-0.7826841474,-0.1028902009,0.5920597911,0.2187889367,-0.7701281905,-0.1280450523,0.5853532553,0.2187889367,-0.7701281905,-0.1280450523,0.5853532553,0.1847340167,0.2447731048,0.2936591506,0.9053860903,-0.2355205268,0.0893315002,0.3717114925,0.8935214281,-0.2443251610,0.0205318742,0.1617800891,0.9558822513,-0.0069781458,-0.7612268329,0.3420236409,0.5509127975,0.0760939345,-0.7547744513,0.3053595722,0.5755700469,0.0760939345,-0.7547744513,0.3053595722,0.5755700469,0.0309619922,0.6209190488,0.3198454380,0.7149823904
0.5737551451,0.1789680868,0.3715909123,-0.0701959059,0.6333541274,0.1904659718,0.7467648983,-0.6923337579,0.0949259773,0.0175593570,1.5956190825,-0.3383227289,-0.1380200684,-0.7027336955,-0.2830094397,0.2985269129,1.4138908386,-0.3956796229,0.1953110248,0.3229167461,-1.9628744125,-0.1842156500,-0.0722269192,-1.3893278837,-0.1407100707,-0.9004667401,-0.9095109701,-0.4729861617,-2.0178205967,-0.2015790641,0.0000000000,0.6934553385,0.4831280708,-0.4020035267,-1.3156399727,1.4726363420,0.1326901913,1.2501850128,0.0388508663,2.1936905384,0.5304783583,1.2851073742,-0.6361317039,1.8807694912,-2.4723410606,-0.6915837526,-1.5757888556,2.0896115303,0.0475756824,-1.2379087210,2.5011272430,1.9502680302,0.5367783904,-4.4593601227,-0.5765292645,0.9524762630,0.5092769861,-0.7529973984,-4.7792553902,-0.5042057633,0.0000000000,2.0000000000,2.0000000000,-0.0701959059,0.6333541274,0.1904659718,0.7467648983,-0.0701959059,0.6333541274,0.1904659718,0.7467648983,0.0520087108,0.3572081923,0.2677509189,0.8933123350,0.0943334997,0.3695093989,0.2505015731,0.8898387551,0.0975739956,0.3686669469,0.2583042979,0.8876051307,-0.1167679131,0.8928043246,0.2502140105,0.3558914661,-0.0729762390,0.8201443553,0.2663010657,0.5011203289,-0.1073574275,0.7998293042,0.3222204745,0.4948954284,-0.1073574275,0.7998293042,0.3222204745,0.4948954284,-0.0590056516,0.3401402831,0.1356436610,0.9286677241,-0.1893886328,0.3176103234,0.1822588742,0.9110638499,-0.1400510222,0.3422427177,0.3157164454,0.8738299608,-0.3115500510,0.8277890682,0.1490896940,0.4421246052,-0.2761689425,0.7247413993,0.2074171752,0.5962036252,-0.2167230695,0.7415116429,0.1357663870,0.6202895641,-0.2167230695,0.7415116429,0.1357663870,0.6202895641,0.0325336717,0.6364012361,0.3080370426,0.7064335346,0.2404294014,-0.2306692898,0.1073496863,0.9367291927,0.1532521099,-0.2395652831,0.0856782272,0.9548726082,0.1615904570,-0.2317215204,0.0515616611,0.9578804970,0.1647308916,-0.7835709453,-0.1025334895,0.5902265906,0.2273703516,-0.7693243027,-0.1301728785,0.5826644301,0.2273703516,-0.7693243027,-0.1301728785,0.5826644301,0.1804669201,0.2652759850,0.2825131416,0.9040169120,-0.2349570245,0.1142237708,0.3703214526,0.8914091587,-0.2496783584,0.0429898314,0.1550299674,0.9548708797,-0.0020065047,-0.7706497312,0.3443078399,0.5362340808,0.0873173475,-0.7628347874,0.3066381216,0.5625228286,0.0873173475,-0.7628347874,0.3066381216,0.5625228286,0.0325336717,0.6364012361,0.3080370426,0.7064335346
0.5872271061,0.1917431056,0.3543640077,-0.0584838726,0.6460276246,0.1871838719,0.7376925349,-0.6609367132,0.0916209668,0.0643903315,1.6056600809,-0.3050237894,-0.1479661316,-0.6624644995,-0.3386203647,0.2855447829,1.3840787411,-0.3418606520,0.1996210665,0.2888606787,-1.8952040672,-0.1381044537,-0.0616629496,-1.4982100725,-0.1503030509,-0.8686938882,-0.8976309299,-0.4905748069,-2.1245765686,-0.2088631094,0.0000000000,0.6505220532,0.6443477869,-0.5632489920,-1.3534681797,1.0122760534,-0.3738916516,1.7014935017,-0.1864494681,2.2473411560,0.9176492691,1.4832429886,-0.6852731109,2.4378671646,-2.6243641376,-1.0204977989,-1.3660460711,2.4494156837,0.2883993089,-1.9309185743,4.8869848251,2.9347913265,0.4445229769,-6.4623026848,-0.4122983813,1.1515929699,0.5105495453,0.1064792275,-3.9049088955,-0.5240235329,0.0000000000,2.0000000000,2.0000000000,-0.0584838726,0.6460276246,0.1871838719,0.7376925349,-0.0584838726,0.6460276246,0.1871838719,0.7376925349,0.0576050356,0.3847683668,0.2573397160,0.8845400810,0.0980516523,0.3961494863,0.2394495159,0.8809742332,0.1107527167,0.3927879035,0.2676836252,0.8728098273,-0.1156145036,0.9006933570,0.2656199932,0.3237759769,-0.0739191696,0.8410501480,0.2801011503,0.4568523467,-0.1074854732,0.8180456161,0.3415016532,0.4501388371,-0.1074854732,0.8180456161,0.3415016532,0.4501388371,-0.0508814789,0.3742590845,0.1332886964,0.9162835479,-0.2045499235,0.3464481533,0.1944463700,0.8946080804,-0.1531733423,0.3720281124,0.3197597861,0.8578383923,-0.3219767511,0.8338358402,0.1484566033,0.4230951071,-0.2920322418,0.7497161627,0.2010611147,0.5587641597,-0.2349008173,0.7660195827,0.1253550649,0.5850827694,-0.2349008173,0.7660195827,0.1253550649,0.5850827694,0.0351069830,0.6477186680,0.2914100587,0.7030705810,0.2236275226,-0.1899603456,0.1057773083,0.9501141906,0.1575392187,-0.1968060136,0.0924184695,0.9632797241,0.1633403003,-0.1900007427,0.0630435273,0.9660461545,0.1687943190,-0.7888291478,-0.1065136641,0.5813020468,0.2359147072,-0.7732653022,-0.1352474391,0.5728117228,0.2359147072,-0.7732653022,-0.1352474391,0.5728117228,0.1713507473,0.2913661897,0.2681842744,0.9021208286,-0.2370485067,0.1461449564,0.3680471182,0.8871250749,-0.2597602606,0.0707936585,0.1456450075,0.9519981742,0.0021119874,-0.7815319300,0.3497368097,0.5166115761,0.0953313336,-0.7725629807,0.3128264546,0.5442408919,0.0953313336,-0.7725629807,0.3128264546,0.5442408919,0.0351069830,0.6477186680,0.2914100587,0.7030705810
0.5997760296,0.2047419995,0.3391614854,-0.0459459871,0.6528828144,0.1830609590,0.7335678339,-0.6242740154,0.0874679983,0.1074530035,1.6323250532,-0.2789930105,-0.1654309928,-0.6052190065,-0.3879840076,0.2577069998,1.3592489958,-0.2977029979,0.2068469971,0.2456800044,-1.7673950195,-0.0668239966,-0.0544460006,-1.6478199959,-0.1572020054,-0.8544030190,-0.8890889883,-0.4687269926,-2.1740169525,-0.2225400060,0.0000000000,0.6159216762,0.6527471542,-0.5560472012,-1.2730327845,0.5109583735,-0.5520552397,1.8989429474,-0.2182491124,2.1060168743,1.5410721302,1.2106947899,-0.9671967626,3.0745372772,-2.3901157379,-1.5775945187,-1.1791944504,2.0870916843,0.3977231681,-2.2730920315,7.1422009468,3.8786363602,0.3189987540,-7.9896240234,-0.3113236427,0.4959717393,0.3853738308,1.5853948593,-1.7555832863,-0.7637470961,0.0000000000,2.0000000000,2.0000000000,-0.0459459871,0.6528828144,0.1830609590,0.7335678339,-0.0459459871,0.6528828144,0.1830609590,0.7335678339,0.0624674894,0.4073894620,0.2461493909,0.8772356510,0.1007605344,0.4177615345,0.2281029075,0.8736656308,0.1230492294,0.4117479026,0.2746902406,0.8601558208,-0.1158265918,0.9086991549,0.2778129578,0.2892579734,-0.0760730952,0.8596524000,0.2912193537,0.4127977788,-0.1099188551,0.8326523304,0.3612492085,0.4051011801,-0.1099188551,0.8326523304,0.3612492085,0.4051011801,-0.0415204279,0.4085102081,0.1313879937,0.9022930264,-0.2146834433,0.3755188882,0.2076750696,0.8773640394,-0.1646505594,0.3999920189,0.3186922669,0.8434049487,-0.3283650577,0.8411981463,0.1443985999,0.4046123922,-0.3033193350,0.7718911767,0.1914991885,0.5248899460,-0.2475093305,0.7875367999,0.1107864827,0.5533996820,-0.2475093305,0.7875367999,0.1107864827,0.5533996820,0.0343988128,0.6535929441,0.2715665400,0.7056094408,0.1996227056,-0.1281809807,0.1114606187,0.9650372863,0.1672734767,-0.1318328828,0.1071164384,0.9711673260,0.1706097424,-0.1255797148,0.0809800550,0.9739426374,0.1790515929,-0.7908859253,-0.1150683463,0.5737589598,0.2492638528,-0.7738917470,-0.1444156468,0.5640065074,0.2492638528,-0.7738917470,-0.1444156468,0.5640065074,0.1606059968,0.3021837771,0.2512933314,0.9053962231,-0.2443664670,0.1647456735,0.3568224311,0.8864657879,-0.2706654668,0.0906801298,0.1451786458,0.9473333955,0.0051233796,-0.7800856829,0.3595334291,0.5120310783,0.1042046621,-0.7696520090,0.3204625547,0.5422924161,0.1042046621,-0.7696520090,0.3204625547,0.5422924161,0.0343988128,0.6535929441,0.2715665400,0.7056094408
0.6118639708,0.2178529948,0.3249677718,-0.0329970047,0.6567990780,0.1785110086,0.7318880558,-0.5849789977,0.0828910023,0.1486310065,1.6673029661,-0.2565959990,-0.1866540015,-0.5394830108,-0.4342249930,0.2224410027,1.3369109631,-0.2583769858,0.2155299932,0.1979369968,-1.6095160246,0.0170409996,-0.0489029996,-1.8177950382,-0.1627559960,-0.8488550186,-0.8822159767,-0.4271590114,-2.1947999001,-0.2394129932,0.0000000000,0.5808994174,0.3856000006,-0.5433246493,-0.4348915219,0.0109297931,-0.2763098180,2.0049750805,0.5583251119,1.6494750977,1.7802000046,0.6192005873,-1.0640252829,3.4590749741,-1.0892748833,-1.8143501282,-0.9794741869,1.4091998339,0.2977751195,-3.3902249336,9.9749002457,6.2213501930,1.3058749437,-9.8077478409,0.4758752882,-1.1470987797,2.9906749725,4.0636496544,-0.5195736885,-0.8699495196,0.0000000000,2.0000000000,2.0000000000,-0.0329970047,0.6567990780,0.1785110086,0.7318880558,-0.0329970047,0.6567990780,0.1785110086,0.7318880558,0.0671368539,0.4275270104,0.2347381711,0.8704087138,0.1031434014,0.4368859231,0.2168225944,0.8668795228,0.1352962404,0.4280219674,0.2805874348,0.8483883739,-0.1168013662,0.9158452749,0.2887764275,0.2533633709,-0.0788935050,0.8759011626,0.3013473153,0.3684600294,-0.1128875464,0.8440064192,0.3816625178,0.3595043421,-0.1128875464,0.8440064192,0.3816625178,0.3595043421,-0.0311545786,0.4423837364,0.1300707161,0.8867963552,-0.2214487046,0.4039794803,0.2223113477,0.8592664599,-0.1752422452,0.4260623455,0.3163089156,0.8292827010,-0.3335668147,0.8483334780,0.1396221668,0.3867416978,-0.3127996922,0.7914404273,0.1814318895,0.4928092360,-0.2579802871,0.8063634634,0.0952548087,0.5235940814,-0.2579802871,0.8063634634,0.0952548087,0.5235940814,0.0320608169,0.6568454504,0.2499531657,0.7106685042,0.1722809076,-0.0543095320,0.1180710271,0.9764368534,0.1805942953,-0.0533015579,0.1185294986,0.9749336243,0.1816589087,-0.0473820008,0.0949822068,0.9776162505,0.1866731793,-0.7899708152,-0.1331700832,0.5686520338,0.2592446506,-0.7720289826,-0.1630520523,0.5569359064,0.2592446506,-0.7720289826,-0.1630520523,0.5569359064,0.1489277780,0.3056623638,0.2329752892,0.9111056328,-0.2543166876,0.1769372672,0.3411747217,0.8874774575,-0.2814269662,0.1073069945,0.1490693986,0.9418398738,0.0078204870,-0.7723152041,0.3708390892,0.5156999230,0.1136308014,-0.7601785660,0.3279106021,0.5492643118,0.1136308014,-0.7601785660,0.3279106021,0.5492643118,0.0320608169,0.6568454504,0.2499531657,0.7106685042
0.6230120063,0.2201659977,0.3139906228,-0.0362589769,0.6537215710,0.1796988994,0.7341945767,-0.5440750122,0.1098010018,0.1734320074,1.7035330534,-0.2542249858,-0.2079920024,-0.4668560028,-0.4315550029,0.1851329952,1.3200700283,-0.2413350046,0.2187580019,0.1100710034,-1.3683990240,0.1820300072,-0.0022110001,-2.0401299000,-0.1381669939,-0.9002869725,-0.7694619894,-0.3061810136,-2.1947999001,-0.2573379874,0.0000000000,0.5494490266,0.1916993409,-0.4421733022,0.3850839138,-0.3158987463,0.0773812979,1.9715681076,1.3657447100,1.2216701508,1.8987655640,0.1572988927,-1.0427460670,3.4426121712,0.1427501440,-1.8223934174,-0.6560236216,0.6515227556,0.0790752470,-4.2239093781,10.9534626007,7.6364479065,2.4505400658,-9.2961969376,1.2064204216,-2.2610917091,5.6298789978,5.8010540009,0.0000000000,-0.7699482441,0.0000000000,2.0000000000,2.0000000000,-0.0362589769,0.6537215710,0.1796988994,0.7341945767,-0.0362589769,0.6537215710,0.1796988994,0.7341945767,0.0571752340,0.4416506588,0.2335594445,0.8643643260,0.1045192927,0.4538013637,0.2089729011,0.8599246740,0.1434291005,0.4430440664,0.2826634943,0.8385949135,-0.1182184741,0.9228097796,0.2941002250,0.2189783454,-0.0799814761,0.8876046538,0.3067140579,0.3341966867,-0.1142418683,0.8509696722,0.3971980214,0.3240883648,-0.1142418683,0.8509696722,0.3971980214,0.3240883648,-0.0342623815,0.4697787166,0.1389716566,0.8711032867,-0.2199771553,0.4291299284,0.2363318503,0.8435668945,-0.1793690175,0.4476261139,0.3132945895,0.8181101084,-0.3337911367,0.8552313447,0.1375144571,0.3718235791,-0.3148106635,0.8042542338,0.1766945720,0.4720681906,-0.2613979280,0.8187362552,0.0878454372,0.5036122203,-0.2613979280,0.8187362552,0.0878454372,0.5036122203,-0.0002443428,0.6547263861,0.2198132277,0.7231981754,0.1124858931,0.0511567816,0.1417913139,0.9821533561,0.2012876421,0.0638323724,0.1365548223,0.9678644538,0.2012076229,0.0641216189,0.1355008483,0.9680101275,0.2148527950,-0.7792415619,-0.1518656313,0.5688212514,0.2758519351,-0.7627475858,-0.1773029119,0.5573918819,0.2758519053,-0.7627474666,-0.1773028970,0.5573918223,0.1131179407,0.2754734457,0.2177802920,0.9294571280,-0.2439853996,0.1736011207,0.3052483201,0.9039675593,-0.2646298110,0.1257824302,0.1664375812,0.9415138960,0.0319393389,-0.7645833492,0.3638637364,0.5310324430,0.1448257715,-0.7484585643,0.3152595758,0.5651962161,0.1448257715,-0.7484585643,0.3152595758,0.5651962161,-0.0002443427,0.6547263265,0.2198131979,0.7231981158
0.6338419318,0.2255209684,0.3033017516,-0.0398119651,0.6511179209,0.1809249818,0.7360208631,-0.5061162710,0.1375207901,0.1974978149,1.7432535887,-0.2503040433,-0.2283638418,-0.4017785192,-0.4285149872,0.1495452672,1.3106700182,-0.2323160768,0.2186930031,0.0289806183,-1.1713775396,0.3224989176,0.0491186045,-2.1896429062,-0.1144991815,-0.9392986894,-0.6570208073,-0.1951168478,-2.1947999001,-0.2702109218,0.0000000000,0.5255997777,0.4198499024,-0.1696504653,0.3939872980,-0.2247591019,0.1462357491,1.7507255077,1.4264500141,1.1664748192,2.1605730057,0.2734497190,-0.9702250361,2.8763749599,0.1705497503,-1.6933249235,-0.0979512930,0.0497501343,-0.1678999513,-3.7158000469,7.6463756561,5.7976493835,2.7984249592,-3.8345277309,1.1372997761,-1.3296008110,5.6064991951,5.0576252937,0.0000000000,-0.3911003470,0.0000000000,2.0000000000,2.0000000000,-0.0398119651,0.6511179209,0.1809249818,0.7360208631,-0.0398119651,0.6511179209,0.1809249818,0.7360208631,0.0474020317,0.4549649358,0.2324844003,0.8583187461,0.1062618569,0.4698629379,0.2006760985,0.8530336618,0.1520672590,0.4570977092,0.2837977707,0.8290935755,-0.1193444729,0.9287490249,0.2990359664,0.1837378740,-0.0810837150,0.8985499144,0.3115943670,0.2982324660,-0.1145345345,0.8571976423,0.4119407237,0.2870522738,-0.1145345345,0.8571976423,0.4119407237,0.2870522738,-0.0377664939,0.4941056967,0.1469481587,0.8560605049,-0.2189202011,0.4515633285,0.2486458421,0.8284562826,-0.1845753789,0.4666555822,0.3098392487,0.8075668812,-0.3351632059,0.8621363640,0.1331693083,0.3558828831,-0.3174706697,0.8150808811,0.1711163223,0.4534036815,-0.2660952508,0.8288866282,0.0811456069,0.4853409529,-0.2660952508,0.8288866282,0.0811456069,0.4853409529,-0.0303732120,0.6516264081,0.1915707588,0.7333219647,0.0577579699,0.1374056041,0.1509454101,0.9772406816,0.2139062285,0.1598576307,0.1269265860,0.9552902579,0.2179552913,0.1530936360,0.1499709934,0.9521378279,0.2220541835,-0.7626787424,-0.1774079800,0.5809816122,0.2719940543,-0.7491670251,-0.1993589550,0.5701087713,0.2719940543,-0.7491670251,-0.1993589550,0.5701087713,0.0779617429,0.2507087290,0.2053869814,0.9428061843,-0.2303881198,0.1710371077,0.2752906978,0.9175415635,-0.2442357242,0.1422157139,0.1861951351,0.9409862161,0.0597068444,-0.7578100562,0.3547664285,0.5443342924,0.1773594618,-0.7373408675,0.3014959991,0.5779033303,0.1773594618,-0.7373408675,0.3014959991,0.5779033303,-0.0303732157,0.6516264677,0.1915707886,0.7333220243
0.6440359950,0.2369599938,0.2936945260,-0.0439459942,0.6494818926,0.1822329760,0.7369078994,-0.4740459919,0.1668590009,0.2200910002,1.7899559736,-0.2432869971,-0.2468010038,-0.3518010080,-0.4247330129,0.1173999980,1.3161519766,-0.2393449992,0.2120420039,-0.0385610014,-1.0625439882,0.4139359891,0.1097259969,-2.1935110092,-0.0926750004,-0.9534710050,-0.5452020168,-0.1038760021,-2.1947999001,-0.2729820013,0.0000000000,0.5050018430,0.4231009483,-0.1417018473,0.3226951361,0.0074916473,0.2647851110,1.3070069551,1.1630554199,0.8424296975,2.1196098328,0.5422509909,-0.6790786982,1.9551128149,0.1064248383,-1.3120816946,0.7146745920,-0.2608981133,-0.3244999647,-2.5803406239,4.7387881279,3.3882267475,2.7993097305,-0.1289248466,1.2165045738,0.0355169177,4.3217701912,3.3919711113,0.0000000000,-0.0288516283,0.0000000000,2.0000000000,2.0000000000,-0.0439459942,0.6494818926,0.1822329760,0.7369078994,-0.0439459942,0.6494818926,0.1822329760,0.7369078994,0.0380858779,0.4668566585,0.2318896204,0.8525382876,0.1089977622,0.4845568240,0.1921786070,0.8463991880,0.1615541875,0.4696552753,0.2839706838,0.8201736808,-0.1204946488,0.9336819649,0.3036777079,0.1466253102,-0.0827548727,0.9089905024,0.3160549700,0.2588382661,-0.1139853597,0.8631759286,0.4255370498,0.2466839254,-0.1139853597,0.8631759286,0.4255370498,0.2466839254,-0.0418809913,0.5129085183,0.1534732729,0.8435738683,-0.2187434137,0.4690377712,0.2581331730,0.8157954216,-0.1908499599,0.4810627997,0.3055482805,0.7992466688,-0.3378668725,0.8694185019,0.1250177324,0.3381243348,-0.3205248713,0.8228325844,0.1644605100,0.4395033121,-0.2722158134,0.8356160522,0.0764628798,0.4709542692,-0.2722158134,0.8356160522,0.0764628798,0.4709542692,-0.0564593896,0.6485139132,0.1679920405,0.7402842641,0.0156343710,0.1830184311,0.1498344690,0.9714986086,0.2149373889,0.2099025249,0.1090276539,0.9475525022,0.2264768332,0.1945605874,0.1599803269,0.9408829212,0.2322890311,-0.7343957424,-0.1801791936,0.6117517948,0.2718000114,-0.7231578827,-0.1996327043,0.6027555466,0.2718000114,-0.7231578827,-0.1996327043,0.6027555466,0.0454581864,0.2387977093,0.1964477450,0.9499039650,-0.2119700015,0.1770887673,0.2534869313,0.9270666838,-0.2200332433,0.1628453285,0.2058027238,0.9395276308,0.0893142074,-0.7485092878,0.3421760201,0.5609568357,0.2070311308,-0.7244275212,0.2857203782,0.5922050476,0.2070311308,-0.7244275212,0.2857203782,0.5922050476,-0.0564593896,0.6485139132,0.1679920405,0.7402842641
0.6540420055,0.2424450070,0.2856565714,-0.0478539988,0.6508669853,0.1830179989,0.7352460027,-0.4538359940,0.1840430051,0.2311950028,1.8280379772,-0.2286140025,-0.2555269897,-0.3235740066,-0.4242579937,0.0970619991,1.3392570019,-0.2427520007,0.2057130039,-0.0742330030,-0.9818260074,0.4580279887,0.1610909998,-2.1947999001,-0.0658390000,-0.9378780127,-0.4841499925,-0.0594380014,-2.1947999001,-0.2713649869,0.0000000000,0.4979997873,0.1998502910,-0.3723494709,0.2064512819,0.2646432817,0.3723683357,0.8622750640,0.7072501183,0.4115749002,1.7963260412,0.8293498158,-0.3148999214,1.1394753456,-0.0175498426,-0.8692748547,1.3755500317,-0.1250751317,-0.3123752773,-1.3852748871,3.6845252514,1.6128249168,2.4527251720,-0.0322222710,1.4044499397,1.1517256498,2.4181001186,1.6369249821,0.0000000000,0.1357004046,0.0000000000,2.0000000000,2.0000000000,-0.0478539988,0.6508669853,0.1830179989,0.7352460027,-0.0478539988,0.6508669853,0.1830179989,0.7352460027,0.0310430117,0.4771919250,0.2315372229,0.8471804857,0.1087605134,0.4964492917,0.1867076159,0.8407434821,0.1652952284,0.4805915654,0.2824330926,0.8135975003,-0.1227528900,0.9377736449,0.3033524156,0.1161452159,-0.0873519704,0.9184064865,0.3153737485,0.2223480791,-0.1149707213,0.8707370758,0.4298230410,0.2094057202,-0.1149707362,0.8707371950,0.4298231006,0.2094057500,-0.0458880477,0.5259727836,0.1574205011,0.8345452547,-0.2205659896,0.4810394645,0.2646310925,0.8061774969,-0.1969701201,0.4911731184,0.3034287393,0.7923904657,-0.3427715302,0.8769381642,0.1156456992,0.3164070547,-0.3262475431,0.8321763873,0.1562970430,0.4202573001,-0.2813733220,0.8438262343,0.0700270981,0.4515337944,-0.2813732922,0.8438261151,0.0700270906,0.4515337348,-0.0719733983,0.6486429572,0.1556084603,0.7415310144,-0.0094604399,0.2210184336,0.1491446346,0.9637516737,0.2095749378,0.2491062135,0.0950755551,0.9407364726,0.2293790281,0.2267162800,0.1692491025,0.9313107729,0.2399838716,-0.7114768028,-0.1780937761,0.6359962225,0.2675376236,-0.7033553123,-0.1928816289,0.6296917200,0.2675376236,-0.7033553123,-0.1928816289,0.6296917200,0.0243901592,0.2461969852,0.1923166662,0.9496349692,-0.2039652467,0.1929168403,0.2457269877,0.9277929068,-0.2091378123,0.1850517690,0.2184844017,0.9350303411,0.1067981645,-0.7350299954,0.3380822241,0.5779494047,0.2223485410,-0.7092111707,0.2792370021,0.6079534292,0.2223485410,-0.7092111707,0.2792370021,0.6079534292,-0.0719733983,0.6486429572,0.1556084603,0.7415310144
0.6639559865,0.2449540049,0.2784081101,-0.0516480021,0.6537511349,0.1835370362,0.7322950959,-0.4395549893,0.1951490045,0.2365539968,1.8618090153,-0.2101130038,-0.2593970001,-0.3062219918,-0.4254350066,0.0826290026,1.3711739779,-0.2443480045,0.1995469928,-0.0939719975,-0.9151629806,0.4784489870,0.2078350037,-2.1947999001,-0.0364970006,-0.9074019790,-0.4484780133,-0.0383989997,-2.1947999001,-0.2675539851,0.0000000000,0.5004495382,0.3879498839,-0.4208997190,-0.1094510183,0.5786693096,0.5041084886,0.2064749599,0.4563249648,0.7141746283,1.8087744713,0.4823502302,-0.1083754003,0.4757501185,-0.2716004848,-0.6887249947,1.7670512199,-0.3271501660,-0.2109501511,-0.8467748761,2.9479994774,0.4523254931,2.6726751328,0.0000000000,0.9810500145,1.8197760582,1.5935748816,-0.0810748935,0.0000000000,-0.1269750297,0.0000000000,2.0000000000,2.0000000000,-0.0516480021,0.6537511349,0.1835370362,0.7322950959,-0.0516480021,0.6537511349,0.1835370362,0.7322950959,0.0251326878,0.4867305458,0.2313187867,0.8419937491,0.1070399582,0.5069503784,0.1828013211,0.8355402946,0.1661129594,0.4907776117,0.2801190913,0.8081318140,-0.1255129725,0.9412989616,0.3005107939,0.0888601691,-0.0933083966,0.9267910719,0.3120156825,0.1870780140,-0.1167204604,0.8786522746,0.4292617440,0.1734386683,-0.1167204604,0.8786522746,0.4292617440,0.1734386683,-0.0498114936,0.5361852050,0.1600923836,0.8272816539,-0.2233419120,0.4903017282,0.2696817815,0.7981192470,-0.2029005289,0.4991079867,0.3024161756,0.7862995863,-0.3485226929,0.8841612935,0.1056226045,0.2926343083,-0.3330525756,0.8419073224,0.1473098546,0.3982060254,-0.2917316854,0.8523935676,0.0627165064,0.4294003844,-0.2917316854,0.8523935676,0.0627165064,0.4294003844,-0.0822968483,0.6506037712,0.1489395201,0.7401074171,-0.0262093693,0.2550698519,0.1493721306,0.9549556971,0.2008130848,0.2831996083,0.0846797004,0.9339708090,0.2295999080,0.2547981143,0.1796047539,0.9220108390,0.2477359623,-0.6904258728,-0.1729808003,0.6572797298,0.2627460361,-0.6858401299,-0.1816562712,0.6539028287,0.2627460361,-0.6858401299,-0.1816562712,0.6539028287,0.0090848776,0.2633024454,0.1902390271,0.9457263947,-0.2014385313,0.2144078910,0.2440252453,0.9240689874,-0.2052153945,0.2093947828,0.2265175432,0.9288327694,0.1170974374,-0.7186653018,0.3379731476,0.5963074565,0.2293539941,-0.6922627091,0.2770529985,0.6256283522,0.2293539941,-0.6922627091,0.2770529985,0.6256283522,-0.0822968483,0.6506037712,0.1489395201,0.7401074171
0.6740599871,0.2579630017,0.2711114883,-0.0530549996,0.6617010236,0.1808339953,0.7256969810,-0.4455769956,0.2022960037,0.2597619891,1.9003889561,-0.2093199939,-0.2598620057,-0.3045440018,-0.4351220131,0.0695130005,1.4099390507,-0.2558380067,0.1972749978,-0.1081039980,-0.8639060259,0.4761210084,0.2679980099,-2.1947999001,-0.0265970007,-0.8650869727,-0.4204069972,-0.0626809970,-2.1947999001,-0.2764439881,0.0000000000,0.5112499595,0.5591500401,-0.3232001960,-0.3898010254,0.8117122054,0.6145647168,-0.2721250057,0.3268748522,0.9229249954,1.8001258373,0.0835999846,-0.0191748142,-0.0117249787,-0.4070751369,-0.4921000600,1.9312262535,-0.5272250772,-0.1211497933,-0.6298251152,2.4799242020,-0.2299748361,2.8016250134,0.0000000000,0.6030250192,2.1652743816,1.3899252415,-1.2771250010,0.0000000000,-0.4999004304,0.0000000000,2.0000000000,2.0000000000,-0.0530549996,0.6617010236,0.1808339953,0.7256969810,-0.0530549996,0.6617010236,0.1808339953,0.7256969810,0.0246901643,0.4935019016,0.2291875184,0.8386414647,0.1092463136,0.5141218901,0.1781844646,0.8318619728,0.1749132425,0.4956424534,0.2844232321,0.8017776608,-0.1296700239,0.9404974580,0.3076961040,0.0630343184,-0.0968157947,0.9287661314,0.3195589483,0.1609422714,-0.1168523207,0.8795335293,0.4372015893,0.1470416486,-0.1168523207,0.8795335293,0.4372015893,0.1470416486,-0.0519236326,0.5456355810,0.1580249965,0.8213488460,-0.2279867679,0.4986636937,0.2720746100,0.7907793522,-0.2105207443,0.5062849522,0.2993894815,0.7808473110,-0.3543467522,0.8915998340,0.0916047171,0.2666397095,-0.3397655189,0.8502997160,0.1360604316,0.3782028854,-0.3008694649,0.8595654964,0.0516635701,0.4098238349,-0.3008694649,0.8595654964,0.0516635701,0.4098238349,-0.0887263641,0.6578683257,0.1413636208,0.7344068289,-0.0388058312,0.2882614136,0.1461455226,0.9455373883,0.1852636039,0.3145954311,0.0740464926,0.9280216694,0.2261705846,0.2792868316,0.1955657303,0.9124691486,0.2590043545,-0.6710159779,-0.1620650887,0.6755658388,0.2697419822,-0.6675061584,-0.1686773002,0.6732182503,0.2697419822,-0.6675061584,-0.1686773002,0.6732182503,-0.0040992433,0.2923734486,0.1847935617,0.9382709861,-0.1997875869,0.2473790199,0.2417322695,0.9167627692,-0.2069502622,0.2392056733,0.2133362442,0.9243591428,0.1062748432,-0.7009714842,0.3333269656,0.6214803457,0.2206342667,-0.6754503846,0.2665237486,0.6511930823,0.2206342667,-0.6754503846,0.2665237486,0.6511930823,-0.0887263641,0.6578683257,0.1413636208,0.7344068289
0.6844059825,0.2673200071,0.2639424205,-0.0544070117,0.6697582006,0.1778340489,0.7189151645,-0.4504399896,0.2082239985,0.2734709978,1.9338140488,-0.2067690045,-0.2601639926,-0.3066909909,-0.4417180121,0.0629450008,1.4484230280,-0.2654370070,0.1947010010,-0.1191650033,-0.8159660101,0.4692499936,0.3199000061,-2.1947999001,-0.0123760002,-0.8207910061,-0.3928810060,-0.0894839987,-2.1947999001,-0.2875500023,0.0000000000,0.5293756723,0.2852499485,-0.1150503755,-0.4190649688,0.8291587830,0.6432650685,-0.1851998270,0.2354748547,0.2104252577,1.4135003090,0.2154000103,-0.0069499016,-0.2985499799,-0.1752749085,-0.0010250136,1.9101232290,-0.3854997456,-0.1437999308,-0.3995001316,2.2311000824,-0.5706750154,2.1820499897,0.0000000000,0.9270750284,2.3138239384,1.3489998579,-1.4660751820,0.0000000000,-0.6661005020,0.0000000000,2.0000000000,2.0000000000,-0.0544070117,0.6697582006,0.1778340489,0.7189151645,-0.0544070117,0.6697582006,0.1778340489,0.7189151645,0.0240396596,0.5009099841,0.2266321033,0.8349546194,0.1106813326,0.5217502117,0.1733483523,0.8279352188,0.1807679385,0.5017933846,0.2845860720,0.7965784073,-0.1316035539,0.9406327009,0.3103977740,0.0392926969,-0.0988676772,0.9315552115,0.3223219812,0.1361566037,-0.1156939864,0.8818746209,0.4404358864,0.1221815869,-0.1156939864,0.8818746209,0.4404358864,0.1221815869,-0.0540086329,0.5536789298,0.1553533822,0.8163259625,-0.2315275073,0.5061969161,0.2728730440,0.7846655250,-0.2154842019,0.5132318139,0.2974292338,0.7756903768,-0.3584626913,0.8983517885,0.0800130665,0.2409700006,-0.3447222114,0.8585641384,0.1267445087,0.3577290475,-0.3083198965,0.8668181300,0.0426946990,0.3895411789,-0.3083198965,0.8668181300,0.0426946990,0.3895411789,-0.0941927135,0.6653298736,0.1347090453,0.7282289267,-0.0496953577,0.3200139403,0.1428083479,0.9352685809,0.1690958440,0.3444459140,0.0644993335,0.9211968184,0.2223337442,0.3039563298,0.2084129602,0.9026308060,0.2673117816,-0.6512754560,-0.1521900296,0.6937023401,0.2722150683,-0.6495872140,-0.1554030627,0.6926654577,0.2722150683,-0.6495872140,-0.1554030627,0.6926654577,-0.0160644688,0.3224729896,0.1792727411,0.9293085933,-0.1971375346,0.2812806666,0.2387650162,0.9083002806,-0.2088256925,0.2696482539,0.1985342503,0.9188393354,0.0939863697,-0.6820486188,0.3280097842,0.6468275785,0.2110835761,-0.6575287580,0.2544493079,0.6770193577,0.2110835761,-0.6575287580,0.2544493079,0.6770193577,-0.0941927135,0.6653298736,0.1347090453,0.7282289267
0.6952350140,0.2693729997,0.2570544481,-0.0556559935,0.6780969501,0.1742599905,0.7118429542,-0.4529849887,0.2117149979,0.2681789994,1.9569289684,-0.2007039934,-0.2601400018,-0.3164860010,-0.4421330094,0.0694720000,1.4863439798,-0.2712579966,0.1915230006,-0.1240840033,-0.7746620178,0.4532940090,0.3552800119,-2.1947999001,0.0104860002,-0.7725340128,-0.3664470017,-0.1213240027,-2.1947999001,-0.3030880094,0.0000000000,0.5367741585,0.1070737839,-0.1222744584,-0.4210183620,0.9100033641,0.6811310649,-0.6052210927,0.1046746969,-0.1086249948,1.1554419994,0.1403499395,-0.0063754618,-0.6339475513,-0.0739492476,0.3323737383,2.0124168396,-0.3473222256,-0.0489253551,-0.2611991167,1.5008479357,-0.5416743755,1.7361178398,0.0000000000,0.6251996160,2.1519184113,0.9440228343,-2.0662653446,0.0000000000,-0.2091012895,0.0000000000,2.0000000000,2.0000000000,-0.0556559935,0.6780969501,0.1742599905,0.7118429542,-0.0556559935,0.6780969501,0.1742599905,0.7118429542,0.0229754988,0.5096078515,0.2232545018,0.8306200504,0.1106101125,0.5303442478,0.1681596637,0.8235428333,0.1805178821,0.5107963085,0.2767479718,0.7936692834,-0.1288188845,0.9436367750,0.3042726517,0.0193256401,-0.0976876467,0.9369531870,0.3156473935,0.1137653887,-0.1116182432,0.8880980015,0.4345072210,0.1001339555,-0.1116182432,0.8880980015,0.4345072210,0.1001339555,-0.0560923964,0.5590022802,0.1515214443,0.8132721186,-0.2330537587,0.5121743083,0.2704066336,0.7811810374,-0.2151258588,0.5199590921,0.2973731458,0.7713188529,-0.3596134186,0.9047544003,0.0734036341,0.2161237895,-0.3463857770,0.8672228456,0.1213541552,0.3364740908,-0.3126266897,0.8748527169,0.0378784575,0.3680522144,-0.3126267195,0.8748528361,0.0378784612,0.3680522442,-0.0975924209,0.6733415127,0.1297888756,0.7212778926,-0.0574057028,0.3492437005,0.1398571879,0.9247558713,0.1518657506,0.3717394471,0.0578012876,0.9140052795,0.2156767547,0.3289634287,0.2163988352,0.8935537338,0.2699945569,-0.6322031021,-0.1420679986,0.7122071385,0.2659118772,-0.6336453557,-0.1392260343,0.7130221128,0.2659118772,-0.6336453557,-0.1392260343,0.7130221128,-0.0256745685,0.3548464775,0.1739821136,0.9182347655,-0.1925472468,0.3172073364,0.2357229590,0.8981869817,-0.2104884386,0.3015546501,0.1816773713,0.9120048285,0.0800545588,-0.6612974405,0.3214969039,0.6729909778,0.2012702823,-0.6378039122,0.2394799888,0.7038081288,0.2012702823,-0.6378039122,0.2394799888,0.7038081288,-0.0975924209,0.6733415127,0.1297888756,0.7212778926
0.7058769464,0.2716029584,0.2525105476,-0.0571989790,0.6871879101,0.1711080074,0.7037209868,-0.4746488333,0.2124109864,0.2691259980,1.9800317287,-0.2011550069,-0.2604190111,-0.3320488930,-0.4446759820,0.0762399510,1.5289196968,-0.2793298960,0.1927439868,-0.1296129674,-0.7559320927,0.4475830197,0.3893447220,-2.1947999001,0.0126319844,-0.7347142696,-0.3551200926,-0.1721346080,-2.1947999001,-0.2959140539,0.0000000000,0.5297750235,0.1137003377,-0.3412746489,-0.3887475133,1.0168594122,0.7055099607,-1.3221755028,-0.0001247972,0.1253500581,1.1550247669,-0.1039750874,-0.0177502632,-0.8502252102,-0.1537494361,0.3414250910,2.1869511604,-0.4317753017,0.1160498708,-0.2840748131,0.6543502212,-0.1575000584,1.6868247986,0.0000000000,-0.1516499966,1.7605497837,0.3774747252,-2.7776746750,0.0000000000,0.6426506042,0.0000000000,2.0000000000,2.0000000000,-0.0571989790,0.6871879101,0.1711080074,0.7037209868,-0.0571989790,0.6871879101,0.1711080074,0.7037209868,0.0250762869,0.5115975142,0.2221221328,0.8296391368,0.1128816605,0.5322611332,0.1666381955,0.8223062158,0.1832679212,0.5123056173,0.2754501402,0.7925168872,-0.1297310740,0.9436618090,0.3043514192,0.0065302136,-0.0985161141,0.9382370710,0.3158393502,0.1012484059,-0.1108284444,0.8892855644,0.4349882007,0.0875997990,-0.1108284295,0.8892854452,0.4349881411,0.0875997916,-0.0584914014,0.5629560351,0.1477855891,0.8110601902,-0.2358990312,0.5165103674,0.2682856023,0.7781976461,-0.2160430551,0.5251254439,0.2977483869,0.7674077153,-0.3620161414,0.9101716876,0.0653681606,0.1904172450,-0.3493911028,0.8748009205,0.1151284128,0.3152693212,-0.3174337447,0.8818196058,0.0304183252,0.3474258184,-0.3174337447,0.8818196058,0.0304183252,0.3474258184,-0.1015819758,0.6820411086,0.1251750439,0.7133249044,-0.0641138032,0.3688274324,0.1372237653,0.9170744419,0.1410096437,0.3900838196,0.0519486256,0.9084340334,0.2142880559,0.3444553018,0.2246394455,0.8859843612,0.2758337259,-0.6185141802,-0.1366168410,0.7229743004,0.2709863186,-0.6202973127,-0.1331103444,0.7239332199,0.2709863186,-0.6202973127,-0.1331103444,0.7239332199,-0.0345555581,0.3831408024,0.1693209410,0.9073806405,-0.1942815334,0.3472099900,0.2343323678,0.8870108128,-0.2220852673,0.3244694173,0.1584156901,0.9057054520,0.0554007441,-0.6445502639,0.3208961487,0.6917451620,0.1722411960,-0.6257001162,0.2378982008,0.7226595283,0.1722411960,-0.6257001162,0.2378982008,0.7226595283,-0.1015819758,0.6820411086,0.1251750439,0.7133249044
0.7164260149,0.2739210129,0.2491320074,-0.0588830076,0.6965841055,0.1681490242,0.6950030923,-0.5058720112,0.2117100060,0.2731930017,2.0031299591,-0.2048629969,-0.2608500123,-0.3504950106,-0.4482829869,0.0831290036,1.5738220215,-0.2885290086,0.1961649954,-0.1354469955,-0.7484880090,0.4469940066,0.4227530062,-2.1947999001,0.0044200001,-0.7021120191,-0.3513480127,-0.2324309945,-2.1947999001,-0.2773819864,0.0000000000,0.5436255932,0.3285259008,-0.2087257951,-0.2978674173,0.9043882489,0.7569364905,-1.1050536633,0.0317253172,-0.1322746277,0.6325840950,0.0934500247,-0.0069499016,-1.1935279369,-0.1049004495,0.3591511250,1.8805086613,-0.3540277481,0.0670753419,-0.3282006979,0.6699025631,-0.3430254757,1.5046566725,0.0000000000,-0.2240996063,1.9093066454,0.1926526427,-2.5513596535,0.0000000000,0.3044262528,0.0000000000,2.0000000000,2.0000000000,-0.0588830076,0.6965841055,0.1681490242,0.6950030923,-0.0588830076,0.6965841055,0.1681490242,0.6950030923,0.0287525710,0.5102372766,0.2220466137,0.8303772807,0.1163271666,0.5308421850,0.1668933928,0.8226915002,0.1875294745,0.5100569129,0.2773664296,0.7923019528,-0.1325545460,0.9422812462,0.3074553013,-0.0025901722,-0.1004216895,0.9376069903,0.3193977773,0.0937739760,-0.1117646173,0.8881043196,0.4386260808,0.0799171329,-0.1117646024,0.8881042004,0.4386260211,0.0799171254,-0.0610967316,0.5662115216,0.1441276819,0.8092582226,-0.2394417971,0.5200127959,0.2663739026,0.7754350305,-0.2176271230,0.5295130014,0.2983651161,0.7636966705,-0.3649475574,0.9146868587,0.0565383211,0.1642092168,-0.3530282676,0.8815775514,0.1084175408,0.2940030098,-0.3225412071,0.8879573345,0.0215677023,0.3271603584,-0.3225412071,0.8879573345,0.0215677023,0.3271603584,-0.1058870852,0.6910026073,0.1207315028,0.7047888637,-0.0703709573,0.3836032152,0.1348296404,0.9108882546,0.1332694739,0.4039461315,0.0464540012,0.9038300514,0.2154984027,0.3551407754,0.2329186797,0.8793090582,0.2831585705,-0.6076654792,-0.1335182935,0.7298882008,0.2814842165,-0.6083104610,-0.1322729290,0.7302252650,0.2814842165,-0.6083104610,-0.1322729290,0.7302252650,-0.0430717804,0.4092535675,0.1649282873,0.8963565230,-0.1990667433,0.3741299510,0.2339158952,0.8750330210,-0.2393171191,0.3421982229,0.1325239688,0.8989244103,0.0255530383,-0.6294184327,0.3240623176,0.7058067322,0.1338526607,-0.6163495183,0.2443152964,0.7365506291,0.1338526607,-0.6163495183,0.2443152964,0.7365506291,-0.1058870852,0.6910026073,0.1207315028,0.7047888637
0.7276219726,0.2847439945,0.2462432683,-0.0623299927,0.7038899660,0.1642719805,0.6882359385,-0.5188509822,0.2136799991,0.2638350129,2.0053350925,-0.1974170059,-0.2606970072,-0.3797900081,-0.4488720000,0.0906059965,1.6041400433,-0.2934910059,0.1954270005,-0.1427409947,-0.7291359901,0.4338620007,0.4495309889,-2.1947999001,0.0036680000,-0.6583420038,-0.3474139869,-0.2741889954,-2.1947999001,-0.2837370038,0.0000000000,0.5587250590,0.4546999931,-0.0074252491,-0.1413158476,0.6890034080,0.7545515299,-0.5975499749,0.0954248011,-0.5031749606,0.0523746014,0.2822749317,0.0074505806,-1.4037244320,0.0307999551,0.3624748588,1.4376252890,-0.2816244960,-0.0186998397,-0.2838749290,0.9011998773,-0.6252251863,1.2874745131,0.0000000000,-0.0162250008,2.0625009537,0.2628751099,-1.9612498283,0.0000000000,-0.3047756851,0.0000000000,2.0000000000,2.0000000000,-0.0623299927,0.7038899660,0.1642719805,0.6882359385,-0.0623299927,0.7038899660,0.1642719805,0.6882359385,0.0271935612,0.5139402151,0.2199138999,0.8287122250,0.1154097766,0.5344606638,0.1638549864,0.8210871220,0.1847074330,0.5146364570,0.2704331875,0.7924003005,-0.1285677701,0.9448247552,0.3011997640,-0.0074363337,-0.0982592180,0.9409584403,0.3124037385,0.0857107267,-0.1085662991,0.8923698068,0.4320590198,0.0722119063,-0.1085662991,0.8923698068,0.4320590198,0.0722119063,-0.0656463429,0.5627098083,0.1390604973,0.8122255802,-0.2447660416,0.5176481009,0.2608075738,0.7772447467,-0.2210719436,0.5282018781,0.2957394719,0.7646360993,-0.3662702441,0.9168344736,0.0466982722,0.1519206911,-0.3555054665,0.8847667575,0.0997521803,0.2843468487,-0.3260693252,0.8902779222,0.0129602002,0.3176729083,-0.3260693252,0.8902779222,0.0129602002,0.3176729083,-0.1123656556,0.6976532936,0.1147757322,0.6981980801,-0.0797576085,0.4008380771,0.1315857470,0.9031348825,0.1164966524,0.4197652340,0.0422279127,0.8991343975,0.2075290829,0.3707078993,0.2395365387,0.8730004430,0.2845487893,-0.5954259634,-0.1230318770,0.7411903143,0.2831779718,-0.5959693193,-0.1219735891,0.7414535284,0.2831779718,-0.5959693193,-0.1219735891,0.7414535284,-0.0551430546,0.4372242987,0.1590367854,0.8834599853,-0.2070057690,0.4031573832,0.2322109640,0.8606340289,-0.2580597699,0.3637545705,0.1144217402,0.8876911402,0.0021603599,-0.6085211635,0.3318822384,0.7207992673,0.1107977703,-0.5983402729,0.2476724833,0.7539039254,0.1107977703,-0.5983402729,0.2476724833,0.7539039254,-0.1123656556,0.6976532936,0.1147757322,0.6981980801
0.7387750149,0.2921090126,0.2442813814,-0.0663309991,0.7096310258,0.1612599939,0.6826559901,-0.5297740102,0.2155269980,0.2530660033,2.0052249432,-0.1935719997,-0.2605519891,-0.4066439867,-0.4470509887,0.0976279974,1.6313270330,-0.2997939885,0.1954170018,-0.1468019933,-0.7124400139,0.4219850004,0.4742519855,-2.1947999001,0.0037710001,-0.6196119785,-0.3408330083,-0.3108809888,-2.1947999001,-0.2895730138,0.0000000000,0.5554259419,0.1953750849,-0.0200994313,0.0809313282,0.4769833982,0.6220409274,-0.4433751106,0.0862501562,-0.6089754105,-0.1212775707,0.0121749938,0.0068500638,-1.2207500935,0.2116002142,0.3284001648,1.2028247118,-0.3822252154,0.0358499587,-0.0413753092,0.7020249963,-0.5310997367,1.1332250834,0.0000000000,0.0479000024,1.6845256090,0.4613496363,-1.5813000202,0.0000000000,-0.2659246325,0.0000000000,2.0000000000,2.0000000000,-0.0663309991,0.7096310258,0.1612599939,0.6826559901,-0.0663309991,0.7096310258,0.1612599939,0.6826559901,0.0248456411,0.5167453289,0.2186653316,0.8273708224,0.1136894226,0.5372663140,0.1618183255,0.8198990822,0.1805811822,0.5186239481,0.2639923096,0.7929235101,-0.1253426224,0.9474117160,0.2942630351,-0.0104637137,-0.0963199139,0.9439889193,0.3049983382,0.0811383501,-0.1060442105,0.8963679671,0.4250453413,0.0679380819,-0.1060442105,0.8963679671,0.4250453413,0.0679380819,-0.0705985054,0.5583992600,0.1351988763,0.8154309392,-0.2495977134,0.5145379901,0.2556150556,0.7794950604,-0.2241937220,0.5261041522,0.2933457494,0.7660939693,-0.3672677577,0.9184387922,0.0378013961,0.1419708580,-0.3575042486,0.8869384527,0.0922239050,0.2775350809,-0.3287246823,0.8917047381,0.0052604266,0.3110869825,-0.3287246823,0.8917047381,0.0052604266,0.3110869825,-0.1181932613,0.7028558254,0.1107631326,0.6926438808,-0.0876132697,0.4150718153,0.1297792941,0.8962125182,0.1020238847,0.4330466986,0.0399725512,0.8946864605,0.2012848705,0.3838104010,0.2471047640,0.8666678667,0.2877075970,-0.5841948986,-0.1136492118,0.7503497005,0.2863163054,-0.5847641826,-0.1125402078,0.7506055236,0.2863163054,-0.5847641826,-0.1125402078,0.7506055236,-0.0654092953,0.4609050751,0.1547124088,0.8714082241,-0.2122463733,0.4279904068,0.2306374758,0.8476922512,-0.2735741138,0.3817957640,0.0989432409,0.8772681952,-0.0176283196,-0.5901330709,0.3380675614,0.7329001427,0.0912790447,-0.5825071931,0.2499079704,0.7680491805,0.0912790447,-0.5825071931,0.2499079704,0.7680491805,-0.1181932613,0.7028558254,0.1107631326,0.6926438808
0.7498390079,0.2925589979,0.2442066371,-0.0714530423,0.7123714089,0.1600090861,0.6795724034,-0.5365859866,0.2171300054,0.2394759953,2.0004839897,-0.1969300061,-0.2604230046,-0.4286200106,-0.4404079914,0.1037420034,1.6522530317,-0.3087800145,0.1968609989,-0.1443960071,-0.7010549903,0.4126180112,0.4948599935,-2.1947999001,0.0055840001,-0.5909609795,-0.3289600015,-0.3374409974,-2.1947999001,-0.2943739891,0.0000000000,0.5559250712,0.0087998798,-0.2011000961,0.2313679755,0.3042748570,0.5342836380,-0.1627743244,0.1974999905,-0.6427251101,-0.3657221794,-0.1753248274,0.0088743865,-0.9281255007,0.3746248782,0.3120500445,0.8792489767,-0.3406502306,-0.0321749598,0.0937499106,0.4759252071,-0.3943502903,0.9133502841,0.0000000000,0.0653750002,1.3577491045,0.5695998669,-1.2983001471,0.0000000000,-0.1071244478,0.0000000000,2.0000000000,2.0000000000,-0.0714530423,0.7123714089,0.1600090861,0.6795724034,-0.0714530423,0.7123714089,0.1600090861,0.6795724034,0.0209493320,0.5177817941,0.2192054689,0.8266875148,0.1103991121,0.5384846926,0.1618122905,0.8195504546,0.1739317775,0.5214418173,0.2585507631,0.7943537831,-0.1236564368,0.9501594305,0.2860241830,-0.0098169288,-0.0949395820,0.9465221167,0.2967949212,0.0836369693,-0.1049956307,0.8999723792,0.4171825349,0.0706016272,-0.1049956158,0.8999722600,0.4171824753,0.0706016198,-0.0761599988,0.5525394678,0.1336206794,0.8191736341,-0.2532519996,0.5100106597,0.2510845959,0.7827574611,-0.2264684886,0.5224552751,0.2913311124,0.7686864734,-0.3677034378,0.9193071723,0.0309186131,0.1367936432,-0.3585752547,0.8873368502,0.0870953351,0.2765352428,-0.3296640217,0.8916006684,-0.0005262844,0.3104344606,-0.3296640515,0.8916007876,-0.0005262844,0.3104344904,-0.1226540208,0.7053613067,0.1105710790,0.6893443465,-0.0925101414,0.4235756695,0.1310192794,0.8915488720,0.0920841917,0.4414323568,0.0414719656,0.8915930986,0.1978167593,0.3917666376,0.2567242682,0.8610923290,0.2942399085,-0.5758321285,-0.1058520153,0.7554042935,0.2922004461,-0.5766977668,-0.1041920781,0.7557663321,0.2922004461,-0.5766977668,-0.1041920781,0.7557663321,-0.0723064840,0.4766945839,0.1540299058,0.8624435067,-0.2125465721,0.4450401962,0.2300047278,0.8389642835,-0.2816875875,0.3942542970,0.0883779898,0.8702903390,-0.0299989283,-0.5777757764,0.3400978744,0.7413560152,0.0793563724,-0.5718346834,0.2489196956,0.7776546478,0.0793563724,-0.5718346834,0.2489196956,0.7776546478,-0.1226540208,0.7053613067,0.1105710790,0.6893443465
0.7610120177,0.2924610078,0.2426645458,-0.0766919926,0.7146549225,0.1585399806,0.6769429445,-0.5362849832,0.2234269977,0.2273570001,1.9905960560,-0.2005849928,-0.2601970136,-0.4437690079,-0.4320659935,0.1101099998,1.6664969921,-0.3134199977,0.1941300035,-0.1430519968,-0.6934030056,0.4062109888,0.5107859969,-2.1947999001,0.0063860002,-0.5653020144,-0.3180490136,-0.3628129959,-2.1947999001,-0.2938579917,0.0000000000,0.5600244403,-0.0117748957,-0.4599504173,0.2418862581,0.2604952157,0.5335808396,0.1039743423,0.3735497594,-0.5875498056,-0.5587488413,-0.1864749938,0.0124752522,-0.6720744371,0.4383750260,0.3215499222,0.6287246943,-0.1776747406,-0.1887500286,0.0539500266,0.3359496593,-0.2833254635,0.7377505302,0.0000000000,0.0274749938,1.2455747128,0.5335003138,-1.2537248135,0.0000000000,0.0922746956,0.0000000000,2.0000000000,2.0000000000,-0.0766919926,0.7146549225,0.1585399806,0.6769429445,-0.0766919926,0.7146549225,0.1585399806,0.6769429445,0.0156261865,0.5211368799,0.2189201415,0.8247705102,0.1074752361,0.5422938466,0.1594584882,0.8178871870,0.1682960093,0.5266023278,0.2512053251,0.7945201993,-0.1191458926,0.9531447291,0.2779063284,-0.0093579860,-0.0907219499,0.9492920637,0.2884392440,0.0861221254,-0.1011280492,0.9038499594,0.4091550708,0.0736247972,-0.1011280492,0.9038499594,0.4091550708,0.0736247972,-0.0818162635,0.5488690138,0.1323984712,0.8212914467,-0.2559636831,0.5077303648,0.2469745874,0.7846630812,-0.2276368886,0.5210460424,0.2897782028,0.7698838711,-0.3675507009,0.9201967716,0.0263900310,0.1320911795,-0.3589280546,0.8883053064,0.0834300518,0.2740870416,-0.3306760490,0.8922095299,-0.0030506861,0.3075815737,-0.3306760192,0.8922094107,-0.0030506856,0.3075815439,-0.1275687367,0.7073467970,0.1097568646,0.6865421534,-0.0978487730,0.4297119677,0.1318400204,0.8879141212,0.0832654163,0.4474729598,0.0424519926,0.8894003034,0.1940581352,0.3978544176,0.2639957666,0.8569478393,0.2986550927,-0.5696029663,-0.0989517719,0.7593196630,0.2963404953,-0.5706117153,-0.0970377922,0.7597158551,0.2963405252,-0.5706117749,-0.0970378071,0.7597159743,-0.0795682818,0.4904125631,0.1529337615,0.8542692065,-0.2138421685,0.4600067437,0.2286633849,0.8308900595,-0.2905703783,0.4045420885,0.0777259767,0.8636395335,-0.0429194719,-0.5666556358,0.3427850306,0.7480359674,0.0650317743,-0.5626754165,0.2505572438,0.7851040363,0.0650317743,-0.5626754165,0.2505572438,0.7851040363,-0.1275687367,0.7073467970,0.1097568646,0.6865421534
0.7722399831,0.2920880020,0.2404015660,-0.0819879696,0.7166957855,0.1569589376,0.6745287776,-0.5324270129,0.2320719957,0.2159740031,1.9781340361,-0.2043890059,-0.2599239945,-0.4555029869,-0.4228729904,0.1166040003,1.6774020195,-0.3158870041,0.1893109977,-0.1422380060,-0.6876170039,0.4012849927,0.5243700147,-2.1947999001,0.0066829999,-0.5411379933,-0.3076199889,-0.3875899911,-2.1947999001,-0.2906830013,0.0000000000,0.5483478904,-0.0058248639,-0.2928495705,0.1538976580,0.2229679674,0.3764783144,-0.0862732530,0.2143248916,-0.5832973719,-0.7064998150,-0.1526497304,0.0074751675,-0.6910219789,0.3135740757,0.2324994653,0.1854240894,-0.0608250499,-0.2306994051,0.0790495425,0.2818241715,-0.3651477396,0.3391504288,0.0000000000,0.0437497050,1.1906951666,0.1981504261,-0.7306747437,0.0000000000,0.0476002693,0.0000000000,2.0000000000,2.0000000000,-0.0819879696,0.7166957855,0.1569589376,0.6745287776,-0.0819879696,0.7166957855,0.1569589376,0.6745287776,0.0095858388,0.5256234407,0.2181931138,0.8222042918,0.1047127321,0.5473503470,0.1558713913,0.8155655861,0.1630946845,0.5328763723,0.2428628355,0.7940154672,-0.1132996753,0.9562102556,0.2697136104,-0.0089381728,-0.0851932541,0.9521332383,0.2798648775,0.0886578932,-0.0959645361,0.9078341126,0.4008977711,0.0768694729,-0.0959645510,0.9078342319,0.4008978307,0.0768694803,-0.0875212848,0.5462862253,0.1313686073,0.8225896358,-0.2582046986,0.5065510273,0.2430892438,0.7859033346,-0.2282497734,0.5207356811,0.2884700000,0.7704034448,-0.3671258092,0.9210823178,0.0230552834,0.1276499778,-0.3589298129,0.8895396590,0.0805126652,0.2709359527,-0.3317157924,0.8931672573,-0.0039218883,0.3036470711,-0.3317157924,0.8931672573,-0.0039218883,0.3036470711,-0.1327084452,0.7090580463,0.1086307764,0.6839770079,-0.1034049317,0.4346568584,0.1324413866,0.8847825527,0.0750057623,0.4523325264,0.0431577750,0.8876411915,0.1901543438,0.4030230641,0.2700768709,0.8535058498,0.3019963205,-0.5644220710,-0.0925067961,0.7626718879,0.2995898426,-0.5654939413,-0.0904898867,0.7630690336,0.2995898128,-0.5654938817,-0.0904898793,0.7630689144,-0.0870029554,0.5030364990,0.1515579522,0.8464130163,-0.2156499028,0.4738785923,0.2268360704,0.8230915070,-0.2999514937,0.4136057198,0.0669958964,0.8570128083,-0.0562049933,-0.5560868382,0.3458776772,0.7536425591,0.0494334623,-0.5541557670,0.2536451817,0.7912849188,0.0494334623,-0.5541557670,0.2536451817,0.7912849188,-0.1327084452,0.7090580463,0.1086307764,0.6839770079
0.7829459310,0.2922280133,0.2413812876,-0.0839049667,0.7181927562,0.1563989520,0.6728287935,-0.5397359133,0.2319999933,0.2040251046,1.9623360634,-0.2066909820,-0.2598980069,-0.4714098871,-0.4195230305,0.1194099784,1.6739139557,-0.3158529997,0.1849020272,-0.1398900151,-0.6821300387,0.3916050792,0.5243520141,-2.1947999001,0.0081359884,-0.5176742077,-0.3101229966,-0.3920399845,-2.1947999001,-0.2919539809,0.0000000000,0.5360230803,0.0012502080,-0.0428251922,0.0879583508,0.1581217200,0.2309038192,-0.2756237984,0.0746745616,-0.6007727385,-0.8260458708,-0.1227244735,0.0034250319,-0.7452234626,0.2167992294,0.1396743655,-0.1815766096,0.0495746732,-0.2136990428,0.1351244748,0.2641752362,-0.4475735128,-0.0686496496,0.0000000000,0.0750497356,1.1531457901,-0.1298993826,-0.1542992890,0.0000000000,-0.0596247613,0.0000000000,2.0000000000,2.0000000000,-0.0839049667,0.7181927562,0.1563989520,0.6728287935,-0.0839049667,0.7181927562,0.1563989520,0.6728287935,0.0089646131,0.5247213840,0.2187721431,0.8226335049,0.1041159853,0.5465157032,0.1565706283,0.8160674572,0.1592295170,0.5330717564,0.2388614714,0.7958804369,-0.1099892110,0.9579097629,0.2651626468,-0.0005102346,-0.0820477530,0.9528514743,0.2750945389,0.0983119980,-0.0940956026,0.9091698527,0.3962490559,0.0868510455,-0.0940955877,0.9091697335,0.3962489963,0.0868510380,-0.0897146091,0.5414925218,0.1303342134,0.8256816864,-0.2596770525,0.5024842620,0.2402305454,0.7889022827,-0.2292313427,0.5170837045,0.2868759334,0.7731621861,-0.3665586710,0.9204611182,0.0218990240,0.1338157803,-0.3585529327,0.8879610300,0.0792754889,0.2769121826,-0.3314573765,0.8914877176,-0.0030390657,0.3088310361,-0.3314573765,0.8914877176,-0.0030390657,0.3088310361,-0.1338928491,0.7105727196,0.1089938805,0.6821140647,-0.1047190800,0.4391200840,0.1330868900,0.8823239207,0.0689413846,0.4566218555,0.0451113582,0.8858377934,0.1854347438,0.4087660313,0.2715883255,0.8513308167,0.3008714616,-0.5601392984,-0.0874899551,0.7668546438,0.2979558706,-0.5614442825,-0.0850138217,0.7673168778,0.2979559004,-0.5614443421,-0.0850138292,0.7673169971,-0.0901698768,0.5148071647,0.1505289823,0.8391568065,-0.2186881304,0.4853826761,0.2282302082,0.8151627183,-0.3060590029,0.4236090481,0.0680803657,0.8498520255,-0.0574497804,-0.5448268056,0.3514212668,0.7591880560,0.0472898968,-0.5430344939,0.2575865090,0.7978261113,0.0472898968,-0.5430344939,0.2575865090,0.7978261113,-0.1338928491,0.7105727196,0.1089938805,0.6821140647
0.7936809063,0.2921380103,0.2420584261,-0.0863269567,0.7191287875,0.1557039469,0.6716827750,-0.5434519649,0.2350589782,0.1919430941,1.9450922012,-0.2092979848,-0.2597869933,-0.4853119254,-0.4142010212,0.1221909747,1.6701389551,-0.3139040172,0.1807630360,-0.1368330270,-0.6770499945,0.3833820522,0.5216240287,-2.1947999001,0.0096849892,-0.4950121641,-0.3128159642,-0.3937619627,-2.1947999001,-0.2930679917,0.0000000000,0.5383000374,-0.0160500407,-0.0529751182,0.1679902077,0.0459820442,0.2592373192,-0.0061288476,0.3094982505,-0.6107754707,-0.9344995022,-0.1455996186,0.0098995864,-0.5948752165,0.3646492958,0.1376999617,-0.2031475306,0.1931995153,-0.1934248954,0.1882996410,0.2336993814,-0.3383010626,-0.2718493342,0.0000000000,0.0822249353,1.0930254459,-0.1441240311,0.0503987074,0.0000000000,-0.0479005277,0.0000000000,2.0000000000,2.0000000000,-0.0863269567,0.7191287875,0.1557039469,0.6716827750,-0.0863269567,0.7191287875,0.1557039469,0.6716827750,0.0071612783,0.5246068239,0.2190300673,0.8226556778,0.1035757214,0.5466709733,0.1560041159,0.8161406517,0.1554834545,0.5342302918,0.2334923148,0.7974360585,-0.1053720415,0.9598163962,0.2599817216,0.0076674907,-0.0776383877,0.9537646174,0.2695664167,0.1078861281,-0.0909586623,0.9108132124,0.3908351958,0.0969208628,-0.0909586623,0.9108132124,0.3908351958,0.0969208628,-0.0923820809,0.5367982984,0.1294067353,0.8285934329,-0.2607860565,0.4987185895,0.2370196879,0.7918915153,-0.2298489958,0.5137110353,0.2849283814,0.7759422064,-0.3654873967,0.9200043678,0.0208259150,0.1399189532,-0.3577396572,0.8868254423,0.0776986852,0.2820035219,-0.3308262825,0.8902187347,-0.0026619972,0.3131415546,-0.3308262825,0.8902187347,-0.0026619972,0.3131415546,-0.1352868974,0.7115448117,0.1094213277,0.6807557940,-0.1061796099,0.4427101016,0.1338552684,0.8802366257,0.0634672195,0.4601031840,0.0470587239,0.8843430281,0.1804932952,0.4138875604,0.2720305026,0.8497756124,0.2987288833,-0.5567001700,-0.0827997029,0.7707076669,0.2952713370,-0.5582485795,-0.0798296407,0.7712332010,0.2952713370,-0.5582485795,-0.0798296407,0.7712332010,-0.0934647098,0.5254955292,0.1496369988,0.8323026896,-0.2219724357,0.4957717657,0.2296673656,0.8075837493,-0.3116506338,0.4329402745,0.0702959746,0.8429087400,-0.0574927106,-0.5340980291,0.3570328355,0.7641737461,0.0463267788,-0.5322668552,0.2617224753,0.8037707210,0.0463267788,-0.5322668552,0.2617224753,0.8037707210,-0.1352868974,0.7115448117,0.1094213277,0.6807557940
0.8044779301,0.2915860116,0.2421421409,-0.0897619873,0.7189481854,0.1547420472,0.6716481447,-0.5399810672,0.2443799227,0.1795940846,1.9249560833,-0.2125149667,-0.2595020235,-0.4952048957,-0.4049370587,0.1249179766,1.6657880545,-0.3081250191,0.1771650314,-0.1323580295,-0.6727820635,0.3780730367,0.5134780407,-2.1947999001,0.0114249857,-0.4739531875,-0.3158879578,-0.3900240362,-2.1947999001,-0.2938700020,0.0000000000,0.5361527205,-0.0266499855,-0.0546500124,0.2106280476,-0.0577161089,0.2074901462,0.1750990748,0.4681509137,-0.5458272696,-1.0437548161,-0.1688003540,0.0569000840,-0.4129514098,0.4510506988,0.0655505806,-0.3790229559,0.2669505775,-0.2037510276,0.2159006894,0.0898241997,-0.1829266548,-0.4530757666,0.0000000000,-0.0359497257,1.0056540966,-0.2166509628,0.1857742667,0.0000000000,0.1146249473,0.0000000000,2.0000000000,2.0000000000,-0.0897619873,0.7189481854,0.1547420472,0.6716481447,-0.0897619873,0.7189481854,0.1547420472,0.6716481447,0.0029875948,0.5260602832,0.2186277658,0.8218598366,0.1031386405,0.5487857461,0.1528782547,0.8153679967,0.1519362330,0.5373255610,0.2253815830,0.7983732820,-0.0981206596,0.9622284770,0.2534833252,0.0153260659,-0.0706834123,0.9551760554,0.2624601126,0.1172913089,-0.0852652565,0.9131879807,0.3838415146,0.1071598455,-0.0852652565,0.9131879807,0.3838415146,0.1071598455,-0.0959964171,0.5323297381,0.1286685616,0.8311764002,-0.2611751556,0.4955822229,0.2330854237,0.7948943973,-0.2297324538,0.5109180212,0.2822469473,0.7787955999,-0.3633788526,0.9199299216,0.0199032761,0.1459061056,-0.3560207188,0.8866443038,0.0754293948,0.2853446901,-0.3293812871,0.8898409009,-0.0033048582,0.3157218695,-0.3293812871,0.8898409009,-0.0033048582,0.3157218695,-0.1371100545,0.7114383578,0.1099867374,0.6804111004,-0.1079376191,0.4445732832,0.1348882467,0.8789250255,0.0591463558,0.4620007873,0.0489443727,0.8835505843,0.1750715226,0.4177782536,0.2703120410,0.8495543599,0.2945136428,-0.5550286770,-0.0787453875,0.7739536166,0.2904409766,-0.5568365455,-0.0752199665,0.7745443583,0.2904410064,-0.5568366051,-0.0752199739,0.7745444775,-0.0970207080,0.5341550112,0.1490679383,0.8264649510,-0.2258061767,0.5040596128,0.2312286794,0.8009175658,-0.3161956966,0.4410901368,0.0746991038,0.8365881443,-0.0551829524,-0.5245247483,0.3627440631,0.7682744265,0.0477100089,-0.5223038793,0.2661955059,0.8087412715,0.0477100089,-0.5223038793,0.2661955059,0.8087412715,-0.1371100545,0.7114383578,0.1099867374,0.6804111004
0.8151270151,0.2910720110,0.2426609397,-0.0921180472,0.7181413770,0.1544930786,0.6722493172,-0.5364480019,0.2537850142,0.1701100022,1.9033420086,-0.2160499990,-0.2575109899,-0.5018299818,-0.3961589932,0.1248129979,1.6549780369,-0.3032259941,0.1726129949,-0.1281969994,-0.6734570265,0.3760649860,0.5035009980,-2.1947999001,0.0082470002,-0.4547860026,-0.3214820027,-0.3863309920,-2.1947999001,-0.2884829938,0.0000000000,0.5305513740,-0.0252254307,-0.0469997525,0.1947995573,-0.1025500149,0.1009650305,0.1774519682,0.4713017344,-0.4384022355,-1.0991513729,-0.1807257533,0.1209005713,-0.2903781831,0.4328265786,-0.0406743959,-0.6212502718,0.2339251339,-0.2395257354,0.2041006386,-0.0955477357,-0.0591509044,-0.5217760801,0.0000000000,-0.2203746438,0.9346798062,-0.3112763166,0.1841008663,0.0000000000,0.3467001021,0.0000000000,2.0000000000,2.0000000000,-0.0921180472,0.7181413770,0.1544930786,0.6722493172,-0.0921180472,0.7181413770,0.1544930786,0.6722493172,-0.0000168748,0.5266929865,0.2186610401,0.8214511275,0.1039397493,0.5501303673,0.1502488106,0.8148487210,0.1502989531,0.5393117666,0.2189291120,0.7991390824,-0.0910709426,0.9637830257,0.2494510263,0.0245506763,-0.0636455119,0.9555180669,0.2578157485,0.1283178478,-0.0795947015,0.9145051837,0.3783702254,0.1190836057,-0.0795947015,0.9145051837,0.3783702254,0.1190836057,-0.0983307213,0.5285078883,0.1285476387,0.8333582282,-0.2604018450,0.4928771555,0.2300374061,0.7977128625,-0.2291561663,0.5081579089,0.2793397605,0.7818134427,-0.3607356250,0.9194819927,0.0203239657,0.1549505740,-0.3535279632,0.8855317235,0.0745737404,0.2920450568,-0.3270379901,0.8886638880,-0.0020361219,0.3214319348,-0.3270379901,0.8886638880,-0.0020361219,0.3214319348,-0.1379291415,0.7107660174,0.1111151353,0.6807647347,-0.1082886681,0.4435067773,0.1362337470,0.8792130947,0.0579682030,0.4611552358,0.0509293452,0.8839581013,0.1715845168,0.4183785319,0.2681760490,0.8506467342,0.2909903526,-0.5559150577,-0.0766814426,0.7748569250,0.2880476713,-0.5572097301,-0.0741331801,0.7752742171,0.2880476713,-0.5572097301,-0.0741331801,0.7752742171,-0.0993171036,0.5412538648,0.1489244550,0.8215850592,-0.2295312583,0.5104412436,0.2336321771,0.7950983047,-0.3202404082,0.4473885000,0.0797226354,0.8312243223,-0.0521997586,-0.5166748166,0.3683426082,0.7711329460,0.0478168055,-0.5141126513,0.2728945613,0.8117452264,0.0478168055,-0.5141126513,0.2728945613,0.8117452264,-0.1379291415,0.7107660174,0.1111151353,0.6807647347
0.8256999850,0.2905769944,0.2433974147,-0.0939359516,0.7170216441,0.1546009183,0.6731676459,-0.5328829885,0.2632319927,0.1620579958,1.8809900284,-0.2197439969,-0.2546660006,-0.5068200231,-0.3876239955,0.1232910007,1.6409380436,-0.2987680137,0.1675840020,-0.1241940036,-0.6766039729,0.3757070005,0.4926069975,-2.1947999001,0.0026100001,-0.4365659952,-0.3283390105,-0.3826600015,-2.1947999001,-0.2800019979,0.0000000000,0.5218000412,-0.0074751670,-0.2730995417,0.1564077437,-0.1120452434,-0.0352112949,0.2068504691,0.2958998084,-0.3391001225,-1.3140261173,-0.0059250742,0.2702746391,-0.2216503024,0.2946995199,-0.0851498917,-0.9233266115,0.3359995782,-0.1473497599,0.1239499077,-0.1800239086,-0.0021494925,-0.5001246929,0.0000000000,-0.1560500115,0.9575747252,-0.4064500332,0.1290000975,0.0000000000,0.3123000264,0.0000000000,2.0000000000,2.0000000000,-0.0939359516,0.7170216441,0.1546009183,0.6731676459,-0.0939359516,0.7170216441,0.1546009183,0.6731676459,-0.0024389785,0.5269165635,0.2189106494,0.8212376237,0.1053583249,0.5510883331,0.1478667259,0.8144549131,0.1496179253,0.5407524109,0.2133038491,0.7998142838,-0.0841344669,0.9648429751,0.2465876043,0.0345542915,-0.0565885529,0.9552361965,0.2543261647,0.1401420087,-0.0739269331,0.9152060151,0.3735718429,0.1318212897,-0.0739269331,0.9152060151,0.3735718429,0.1318212897,-0.1000229716,0.5250099897,0.1287311167,0.8353372812,-0.2590369880,0.4903865457,0.2274383008,0.8004328609,-0.2283339649,0.5054134130,0.2763181329,0.7849007845,-0.3578131795,0.9187583327,0.0213968381,0.1655141115,-0.3506437540,0.8838928938,0.0744115338,0.3004086912,-0.3242711127,0.8870195150,0.0001739436,0.3287014663,-0.3242711127,0.8870195150,0.0001739436,0.3287014663,-0.1382511854,0.7098102570,0.1125281155,0.6814642549,-0.1079342589,0.4409748018,0.1377417594,0.8802946806,0.0583601482,0.4589402378,0.0529662110,0.8849647045,0.1690881550,0.4173371494,0.2658208311,0.8523955345,0.2878141403,-0.5580770969,-0.0756380633,0.7745915055,0.2868808210,-0.5584840775,-0.0748324245,0.7747226357,0.2868808210,-0.5584840775,-0.0748324245,0.7747226357,-0.1009985954,0.5475644469,0.1490038931,0.8171722293,-0.2331935465,0.5158499479,0.2364905477,0.7896782756,-0.3240174055,0.4527499378,0.0850868970,0.8263114691,-0.0488452986,-0.5096684098,0.3738816381,0.7733464241,0.0473633409,-0.5068001151,0.2807363272,0.8136938214,0.0473633409,-0.5068001151,0.2807363272,0.8136938214,-0.1382511854,0.7098102570,0.1125281155,0.6814642549
0.8359990120,0.2907730043,0.2445469499,-0.0939830169,0.7157150507,0.1558740139,0.6742570400,-0.5281739831,0.2656210065,0.1565459967,1.8507809639,-0.2162870020,-0.2467000037,-0.5106959939,-0.3843710124,0.1214070022,1.6180449724,-0.2897860110,0.1667190045,-0.1232390031,-0.6806579828,0.3759790063,0.4834960103,-2.1947999001,0.0020049999,-0.4164830148,-0.3377400041,-0.3811709881,-2.1947999001,-0.2759909928,0.0000000000,0.5121008158,0.0112749636,-0.4213250875,0.1296192110,-0.1303260028,-0.1354701817,0.3500491381,0.0360004604,-0.3426499665,-1.7831742764,0.1546747983,0.4666000605,-0.1770749688,0.1505501568,-0.1512499452,-1.3048022985,0.3574006259,-0.0151749700,0.0594250858,-0.0940009952,-0.0097252429,-0.5260251760,0.0000000000,0.0446250029,0.7958501577,-0.4761993885,0.2405002713,0.0000000000,0.2312749624,0.0000000000,2.0000000000,2.0000000000,-0.0939830169,0.7157150507,0.1558740139,0.6742570400,-0.0939830169,0.7157150507,0.1558740139,0.6742570400,-0.0030706502,0.5272485018,0.2197184712,0.8208065629,0.1056479439,0.5517005920,0.1479650885,0.8139848709,0.1484636515,0.5417504907,0.2111600488,0.7999227643,-0.0793821588,0.9648981094,0.2456185967,0.0483912192,-0.0524081141,0.9540383816,0.2527516782,0.1522527188,-0.0707427040,0.9156916738,0.3682137132,0.1446477473,-0.0707427040,0.9156916738,0.3682137132,0.1446477473,-0.0996946767,0.5218620896,0.1296712011,0.8372014761,-0.2577685714,0.4874863923,0.2269619107,0.8027457595,-0.2277198285,0.5022263527,0.2752434313,0.7874982953,-0.3563432992,0.9164835811,0.0251937080,0.1801186800,-0.3489716649,0.8808733821,0.0763808936,0.3105591834,-0.3219018281,0.8841743469,0.0027715133,0.3385372162,-0.3219018281,0.8841743469,0.0027715133,0.3385372162,-0.1378787458,0.7085691690,0.1140570939,0.6825761795,-0.1068250611,0.4376467764,0.1391416788,0.8818692565,0.0598644167,0.4559396803,0.0549010113,0.8862963319,0.1678856164,0.4150527120,0.2641651034,0.8542613983,0.2859183252,-0.5608391762,-0.0754345879,0.7733175159,0.2851989567,-0.5611499548,-0.0748174191,0.7734175324,0.2851989567,-0.5611499548,-0.0748174191,0.7734175324,-0.1021682248,0.5542139411,0.1489025205,0.8125495315,-0.2372789234,0.5213045478,0.2399303466,0.7838199735,-0.3286865652,0.4576822817,0.0902194008,0.8211897016,-0.0461269431,-0.5026218295,0.3800948262,0.7750945687,0.0478394963,-0.4993987978,0.2878022790,0.8157708645,0.0478394963,-0.4993987978,0.2878022790,0.8157708645,-0.1378787458,0.7085691690,0.1140570939,0.6825761795
0.8461840153,0.2910279930,0.2455038428,-0.0941039622,0.7140887380,0.1570129395,0.6756987572,-0.5188810229,0.2646720111,0.1483519971,1.8096630573,-0.2135570049,-0.2360019982,-0.5139030218,-0.3816019893,0.1172410026,1.5887459517,-0.2844719887,0.1669770032,-0.1218170002,-0.6803640127,0.3753179908,0.4715659916,-2.1947999001,0.0043950002,-0.4047319889,-0.3473869860,-0.3730399907,-2.1947999001,-0.2707509995,0.0000000000,0.5036249757,0.0156499464,-0.1801252663,0.1479143649,-0.2024127096,-0.1328206211,0.6937995553,-0.2143248916,-0.5437750220,-2.6012988091,0.1001749188,0.6714749932,-0.1269996166,0.1142755151,-0.3223750591,-1.7852991819,0.0823505223,0.0690497458,0.0944251195,0.2321496606,-0.0797249377,-0.7374502420,0.0000000000,0.2692750096,0.1710250974,-0.4947498441,0.7386744022,0.0000000000,0.3234244883,0.0000000000,2.0000000000,2.0000000000,-0.0941039622,0.7140887380,0.1570129395,0.6756987572,-0.0941039622,0.7140887380,0.1570129395,0.6756987572,-0.0046334686,0.5290019512,0.2199417353,0.8196104169,0.1035547033,0.5533978939,0.1482167840,0.8130553961,0.1442811638,0.5442019105,0.2080631256,0.7998356223,-0.0744649172,0.9651454091,0.2419964820,0.0662354603,-0.0482498519,0.9525893331,0.2485543340,0.1687192619,-0.0677772015,0.9167034626,0.3589717150,0.1618656665,-0.0677771941,0.9167033434,0.3589716852,0.1618656516,-0.0994407013,0.5185884833,0.1305143833,0.8391325474,-0.2567737699,0.4844261110,0.2264938504,0.8050461411,-0.2279516906,0.4986376166,0.2732699811,0.7903937101,-0.3546905816,0.9132975936,0.0288627874,0.1981141120,-0.3470172286,0.8759906292,0.0788511485,0.3255796731,-0.3186579049,0.8795148730,0.0055262842,0.3533839285,-0.3186579049,0.8795148730,0.0055262842,0.3533839285,-0.1373966485,0.7070363760,0.1155914217,0.6840032339,-0.1058439240,0.4358671010,0.1403901130,0.8826707602,0.0606849082,0.4544059336,0.0566102266,0.8869203925,0.1657780707,0.4146730900,0.2609331310,0.8558492064,0.2821039557,-0.5625325441,-0.0751256868,0.7735183835,0.2805230618,-0.5632051826,-0.0737726092,0.7737340331,0.2805230618,-0.5632051826,-0.0737726092,0.7737340331,-0.1024833843,0.5571375489,0.1494254023,0.8104116917,-0.2409978062,0.5229304433,0.2434622943,0.7805061340,-0.3307640553,0.4601698518,0.0975940004,0.8181164265,-0.0403770097,-0.4986595511,0.3851365447,0.7754857540,0.0512878224,-0.4947236478,0.2943924665,0.8160583377,0.0512878224,-0.4947236478,0.2943924665,0.8160583377,-0.1373966485,0.7070363760,0.1155914217,0.6840032339
0.8561440110,0.2913990021,0.2460573316,-0.0943730175,0.7118250728,0.1578890085,0.6778420806,-0.5004220009,0.2570480108,0.1347949952,1.7467290163,-0.2122800052,-0.2198410034,-0.5157759786,-0.3797999918,0.1085119992,1.5466330051,-0.2864919901,0.1694809943,-0.1194619983,-0.6713719964,0.3727900088,0.4539979994,-2.1947999001,0.0127760004,-0.4096420109,-0.3575299978,-0.3516240120,-2.1947999001,-0.2630540133,0.0000000000,0.3324493766,0.0242248178,-0.0048749158,0.1580819339,-0.2693492472,0.0333734751,0.8959509134,-0.2491503954,-0.3267999887,-3.0843763351,0.0803250819,0.7282998562,0.1344755292,0.0337496400,-0.5241001248,-2.1839232445,0.0195495784,0.0895000994,0.1216249540,-0.0906243920,-0.0099249184,-0.8048750162,0.0000000000,0.2649750113,-0.5147255659,-0.7337503433,0.8781746030,0.0000000000,0.4069752991,0.0000000000,2.0000000000,2.0000000000,-0.0943730175,0.7118250728,0.1578890085,0.6778420806,-0.0943730175,0.7118250728,0.1578890085,0.6778420806,-0.0080538932,0.5335865617,0.2189837098,0.8168639541,0.0967103615,0.5572528243,0.1487875283,0.8111588359,0.1340198070,0.5494745970,0.2030784190,0.7992969155,-0.0695840269,0.9655572176,0.2331527770,0.0921804085,-0.0444920398,0.9503577948,0.2392124832,0.1939535886,-0.0655000955,0.9183807969,0.3420223594,0.1879023015,-0.0655000955,0.9183807969,0.3420223594,0.1879023015,-0.0993432105,0.5150705576,0.1311727911,0.8412055969,-0.2563439012,0.4810509980,0.2260398120,0.8073313832,-0.2298795581,0.4942444265,0.2694882452,0.7938852906,-0.3527422249,0.9082190394,0.0322715268,0.2228668630,-0.3445224166,0.8671011925,0.0822972804,0.3502385020,-0.3136422932,0.8709553480,0.0086112944,0.3781418204,-0.3136422932,0.8709553480,0.0086112944,0.3781418204,-0.1366974562,0.7049219608,0.1171433255,0.6860585213,-0.1051356196,0.4371955693,0.1413558424,0.8819439411,0.0601251647,0.4558185041,0.0578873567,0.8861510158,0.1617824137,0.4180953801,0.2545911372,0.8568583131,0.2744551897,-0.5620765686,-0.0745159909,0.7766541839,0.2698548436,-0.5639789104,-0.0705585405,0.7772565484,0.2698548436,-0.5639789104,-0.0705585405,0.7772565484,-0.1010584831,0.5526696444,0.1512047648,0.8133145571,-0.2440670580,0.5169759393,0.2470677942,0.7823839784,-0.3278358877,0.4578090608,0.1093647555,0.8191298842,-0.0287208743,-0.5008283854,0.3879530132,0.7732002735,0.0604781657,-0.4955233932,0.3001054227,0.8128564954,0.0604781732,-0.4955234528,0.3001054525,0.8128566146,-0.1366974562,0.7049219608,0.1171433255,0.6860585213
0.8594819903,0.2919969857,0.2445270419,-0.0966669992,0.7100859880,0.1562159956,0.6797279716,-0.4830429852,0.2547059953,0.1352799982,1.6862879992,-0.2103440017,-0.2068700045,-0.5085240006,-0.3802520037,0.0962769985,1.5013890266,-0.2836900055,0.1705570072,-0.1169520020,-0.6839889884,0.3749209940,0.4393709898,-2.1947999001,0.0149940001,-0.4253210127,-0.3767369986,-0.3379130065,-2.1947999001,-0.2544719875,0.0000000000,0.0841498449,0.0327251814,0.0168249011,0.1516280174,-0.2971807718,0.2818819582,0.8554250002,-0.0511005521,0.1997999847,-2.9908747673,0.1050502062,0.6087001562,0.4766248167,-0.0507503748,-0.6556249857,-2.3013501167,0.2003245056,0.0359751284,0.1274749637,-0.9009748697,0.1648247242,-0.6945997477,0.0000000000,0.0338499919,-0.9185500145,-1.0737001896,0.5892500281,0.0000000000,0.4401754737,0.0000000000,2.0000000000,2.0000000000,-0.0966669992,0.7100859880,0.1562159956,0.6797279716,-0.0966669992,0.7100859880,0.1562159956,0.6797279716,-0.0138131808,0.5384221673,0.2160930037,0.8143799305,0.0897322819,0.5615075231,0.1459585279,0.8095391393,0.1274784952,0.5541586280,0.2003402412,0.7978228331,-0.0648133680,0.9643456936,0.2284430116,0.1168353409,-0.0404736996,0.9467520714,0.2339847535,0.2174250633,-0.0627066568,0.9175328612,0.3304869533,0.2120840400,-0.0627066642,0.9175329804,0.3304869831,0.2120840698,-0.1018321067,0.5158159733,0.1304287910,0.8405668139,-0.2588496506,0.4818724394,0.2255587727,0.8061756492,-0.2353621572,0.4937700629,0.2640905678,0.7943878770,-0.3522489071,0.9029412270,0.0325555280,0.2440448552,-0.3441088796,0.8593723774,0.0820259452,0.3692425787,-0.3114080727,0.8632359505,0.0085306661,0.3972102702,-0.3114080727,0.8632359505,0.0085306661,0.3972102702,-0.1380010843,0.7032227516,0.1162238494,0.6876958013,-0.1059168279,0.4294162393,0.1412012428,0.8856893182,0.0609997883,0.4482080042,0.0586995520,0.8899117112,0.1578189731,0.4119893909,0.2500030696,0.8618912101,0.2689018846,-0.5695413947,-0.0733832642,0.7732588649,0.2634533942,-0.5717312098,-0.0687727705,0.7739420533,0.2634533644,-0.5717311502,-0.0687727630,0.7739419341,-0.1010907739,0.5443505645,0.1517886817,0.8187938333,-0.2526270449,0.5062981844,0.2510368824,0.7853803635,-0.3313471973,0.4484000504,0.1183255762,0.8216724396,-0.0228941310,-0.5072019100,0.3952765465,0.7654924393,0.0639916137,-0.5011736751,0.3114073277,0.8048326969,0.0639916137,-0.5011736751,0.3114073277,0.8048326969,-0.1380010843,0.7032227516,0.1162238494,0.6876958013
0.8595100045,0.2927080095,0.2419342399,-0.0999709964,0.7085970044,0.1532669961,0.6814730167,-0.4662050009,0.2550039887,0.1427869946,1.6270940304,-0.2080779970,-0.1954929978,-0.4967109859,-0.3818300068,0.0822869986,1.4545789957,-0.2784790099,0.1709199995,-0.1143629998,-0.7074109912,0.3793829978,0.4262140095,-2.1947999001,0.0141300000,-0.4463840127,-0.4004780054,-0.3280540109,-2.1947999001,-0.2454469949,0.0000000000,-0.0094994903,0.0432006977,0.0291243214,0.0020295361,-0.3479136229,0.2954552174,0.7831245661,-0.1336250454,0.3929998875,-3.2970995903,0.2085749060,0.4946000874,0.5830496550,-0.1243747771,-0.8493749499,-2.7190268040,0.5092002153,-0.0756751746,0.2122500837,-0.7453009486,0.2231255174,-0.6724745035,0.0000000000,-0.1510000080,-1.0103747845,-0.9438753128,0.5148999691,0.0000000000,0.5377746820,0.0000000000,2.0000000000,2.0000000000,-0.0999709964,0.7085970044,0.1532669961,0.6814730167,-0.0999709964,0.7085970044,0.1532669961,0.6814730167,-0.0207048338,0.5433549881,0.2121707946,0.8119854331,0.0827127025,0.5659232736,0.1413572282,0.8080269098,0.1228709444,0.5585815310,0.1986360252,0.7958852053,-0.0599512905,0.9620958567,0.2257418185,0.1407764405,-0.0361835174,0.9422737956,0.2307472229,0.2399302572,-0.0594258122,0.9152571559,0.3216031492,0.2352537960,-0.0594258122,0.9152571559,0.3216031492,0.2352537960,-0.1055939794,0.5186903477,0.1289454401,0.8385602236,-0.2627984285,0.4847979844,0.2250279635,0.8032873273,-0.2426353544,0.4951970577,0.2578782141,0.7933515906,-0.3526932299,0.8973596692,0.0313141868,0.2633866668,-0.3449337184,0.8521195054,0.0799614340,0.3853821754,-0.3107801974,0.8558347821,0.0069360947,0.4134178460,-0.3107802272,0.8558349013,0.0069360957,0.4134179056,-0.1403041631,0.7017254829,0.1140700728,0.6891184449,-0.1074475124,0.4170108438,0.1405229867,0.8915213943,0.0625814870,0.4360271394,0.0593724772,0.8957895637,0.1539910734,0.4010553360,0.2462814897,0.8687846065,0.2644454539,-0.5808545351,-0.0720916316,0.7664721608,0.2592443526,-0.5828869939,-0.0678088889,0.7670966387,0.2592443526,-0.5828869939,-0.0678088889,0.7670966387,-0.1018723771,0.5340388417,0.1518124044,0.8254560232,-0.2640230060,0.4931721985,0.2550012767,0.7886998653,-0.3382370174,0.4354380369,0.1257510632,0.8247278929,-0.0201712586,-0.5154585838,0.4049212337,0.7549400330,0.0644027814,-0.5090631247,0.3255038559,0.7942004204,0.0644027814,-0.5090631247,0.3255038559,0.7942004204,-0.1403041631,0.7017254829,0.1140700728,0.6891184449
0.8591020107,0.2937250137,0.2402541339,-0.1001050174,0.7072000504,0.1493690163,0.6837660670,-0.4517180026,0.2493609935,0.1509999931,1.5544040203,-0.2020010054,-0.1870860010,-0.4852020144,-0.3852269948,0.0623020008,1.3926279545,-0.2633219957,0.1675300002,-0.1084619984,-0.7138010263,0.3838460147,0.4124720097,-2.1947999001,0.0089539997,-0.4657360017,-0.4144920111,-0.3173170090,-2.1947999001,-0.2329609990,0.0000000000,-0.0212252103,0.0547997691,-0.0463500582,-0.1148378104,-0.3660145700,0.2352352440,0.7647499442,-0.3235247135,0.3878749907,-3.7229270935,0.2651497722,0.3942750394,0.5470745564,-0.1657247543,-1.0264998674,-3.0770511627,0.7553253174,-0.1217249781,0.2867249846,-0.3537759185,0.1863248646,-0.5985751748,0.0000000000,-0.2254500091,-0.8395247459,-0.6870746613,0.4437506199,0.0000000000,0.5872499347,0.0000000000,2.0000000000,2.0000000000,-0.1001050174,0.7072000504,0.1493690163,0.6837660670,-0.1001050174,0.7072000504,0.1493690163,0.6837660670,-0.0242621861,0.5471333861,0.2068610340,0.8107187748,0.0767452866,0.5686110258,0.1372150034,0.8074427247,0.1194160134,0.5612024069,0.1977281421,0.7947926521,-0.0535351746,0.9574473500,0.2247011065,0.1730263382,-0.0306059904,0.9351219535,0.2289538831,0.2686828971,-0.0555689409,0.9096477628,0.3152994812,0.2646493912,-0.0555689409,0.9096477628,0.3152994812,0.2646493912,-0.1064842120,0.5216036439,0.1257100105,0.8371307254,-0.2647625506,0.4878937602,0.2232331187,0.8012661934,-0.2494381815,0.4959033132,0.2480810136,0.7939246297,-0.3504895568,0.8896813393,0.0303424560,0.2910387516,-0.3434727788,0.8437734842,0.0760924444,0.4053180814,-0.3083567023,0.8471814394,0.0052295839,0.4326342940,-0.3083567023,0.8471814394,0.0052295839,0.4326342940,-0.1382912099,0.7007341981,0.1120862812,0.6908572912,-0.1058664098,0.4126534164,0.1380872130,0.8941148520,0.0666270480,0.4314165115,0.0568394475,0.8978919387,0.1541159600,0.3971100450,0.2382828444,0.8727961779,0.2576082647,-0.5861901641,-0.0760830492,0.7643498182,0.2542915642,-0.5874471068,-0.0733819827,0.7647593021,0.2542915642,-0.5874471068,-0.0733819827,0.7647593021,-0.0985897705,0.5247103572,0.1509219110,0.8319745660,-0.2676718533,0.4824276865,0.2556597292,0.7938849926,-0.3378437459,0.4262856543,0.1299227923,0.8290128112,-0.0168082193,-0.5234694481,0.4066911340,0.7485316396,0.0642135888,-0.5170599818,0.3323321044,0.7861812711,0.0642135888,-0.5170599818,0.3323321044,0.7861812711,-0.1382912099,0.7007341981,0.1120862812,0.6908572912
0.8586609960,0.2949000001,0.2382946908,-0.1008810028,0.7059350014,0.1458459944,0.6857169867,-0.4356150031,0.2420630008,0.1583019942,1.4781769514,-0.1974720061,-0.1797219962,-0.4748280048,-0.3884589970,0.0412270017,1.3314969540,-0.2482659966,0.1660510004,-0.1028940007,-0.7215620279,0.3868359923,0.4022710025,-2.1947999001,0.0051119998,-0.4799650013,-0.4279609919,-0.3103039861,-2.1947999001,-0.2219569981,0.0000000000,-0.0237748045,0.0666499212,-0.2880498767,-0.0250802040,-0.2890870273,0.2715291679,0.8859500289,-0.4476748407,0.3195501864,-3.9881765842,0.1489751041,0.3161001801,0.4619501531,-0.1534000039,-1.1081749201,-3.0155987740,0.7476497293,0.0216498971,0.2617750168,-0.4564747214,0.0758744776,-0.3329001367,0.0000000000,-0.1253499836,-0.4553496838,-0.6462246180,0.1644499600,0.0000000000,0.4761498570,0.0000000000,2.0000000000,2.0000000000,-0.1008810028,0.7059350014,0.1458459944,0.6857169867,-0.1008810028,0.7059350014,0.1458459944,0.6857169867,-0.0285740718,0.5517711639,0.2018075436,0.8087064028,0.0692751110,0.5721001625,0.1337124556,0.8062402010,0.1142932698,0.5648316145,0.1970419586,0.7931436896,-0.0482581183,0.9517304897,0.2226199359,0.2057201564,-0.0260781739,0.9268160462,0.2262927294,0.2985356450,-0.0527635776,0.9027690291,0.3085522652,0.2949908674,-0.0527635776,0.9027690291,0.3085522652,0.2949908674,-0.1078899205,0.5242137909,0.1229319721,0.8357316256,-0.2671662867,0.4906296730,0.2217992544,0.7991932034,-0.2569966614,0.4960322976,0.2382251471,0.7944517136,-0.3492554724,0.8807983398,0.0286198352,0.3184269667,-0.3430245519,0.8345952034,0.0716425031,0.4250324070,-0.3065949380,0.8376615644,0.0021826224,0.4520153403,-0.3065949380,0.8376615644,0.0021826224,0.4520153403,-0.1370497495,0.6998132467,0.1103905067,0.6923097372,-0.1048468575,0.4078159034,0.1362221539,0.8967368007,0.0694738328,0.4263952076,0.0552939810,0.9001684189,0.1537849903,0.3926527202,0.2327900976,0.8763462901,0.2528188825,-0.5913808942,-0.0785025060,0.7617011666,0.2509141266,-0.5920862556,-0.0769692883,0.7619394660,0.2509141266,-0.5920862556,-0.0769692883,0.7619394660,-0.0964913815,0.5175760984,0.1500697881,0.8368294239,-0.2719925642,0.4739044309,0.2565551698,0.7972541451,-0.3393240869,0.4185279608,0.1331558228,0.8318431973,-0.0150517365,-0.5294455290,0.4096193910,0.7427468896,0.0626707226,-0.5231618881,0.3396188319,0.7791233659,0.0626707226,-0.5231618881,0.3396188319,0.7791233659,-0.1370497495,0.6998132467,0.1103905067,0.6923097372
0.8581510186,0.2963910103,0.2357674837,-0.1029430032,0.7049530149,0.1430770010,0.6870030165,-0.4162800014,0.2314539999,0.1637820005,1.3948769569,-0.1960420012,-0.1744419932,-0.4667240083,-0.3913629949,0.0179750007,1.2720040083,-0.2334160060,0.1683959961,-0.0979909971,-0.7320600152,0.3868809938,0.3991560042,-2.1947999001,0.0039400002,-0.4839499891,-0.4403409958,-0.3107390106,-2.1947999001,-0.2139150053,0.0000000000,-0.0331744552,0.0775501132,-0.2859495580,0.0359339006,-0.2895970047,0.3173935115,0.9827747941,-0.5168501139,0.2941500545,-4.3787002563,0.1821752638,0.2247750759,0.4797004163,-0.1265004277,-1.1393251419,-3.0311226845,0.8244998455,0.1226749271,0.3064000905,-0.5190491676,0.0086002052,-0.3856502473,0.0000000000,0.0929500014,-0.3062501550,-0.5931251049,0.0577993691,0.0000000000,0.4810750484,0.0000000000,2.0000000000,2.0000000000,-0.1029430032,0.7049530149,0.1430770010,0.6870030165,-0.1029430032,0.7049530149,0.1430770010,0.6870030165,-0.0344604850,0.5581182837,0.1972789019,0.8052313328,0.0587491617,0.5771646500,0.1315140426,0.8038243651,0.1057640612,0.5704247952,0.1968257427,0.7903727889,-0.0453455225,0.9448468089,0.2187925875,0.2394537330,-0.0237159133,0.9168774486,0.2221800387,0.3307708800,-0.0524393693,0.8940379620,0.3012050986,0.3274476230,-0.0524393618,0.8940378428,0.3012050688,0.3274475932,-0.1103862599,0.5262275934,0.1210748330,0.8344101906,-0.2705181837,0.4926435649,0.2210812718,0.7970228195,-0.2660796642,0.4950549006,0.2282354832,0.7950037122,-0.3496231437,0.8704796433,0.0255631432,0.3455075026,-0.3442681134,0.8243260384,0.0661004931,0.4445185959,-0.3056651652,0.8269647956,-0.0034582908,0.4718963206,-0.3056651652,0.8269647956,-0.0034582908,0.4718963206,-0.1373451650,0.6990652680,0.1092586964,0.6931858659,-0.1049295366,0.4020600319,0.1355029792,0.8994312286,0.0699309185,0.4206096530,0.0556851141,0.9028269053,0.1524598151,0.3871827722,0.2323463410,0.8791249990,0.2521195412,-0.5964159369,-0.0776962936,0.7580811977,0.2506436110,-0.5969585180,-0.0765236393,0.7582629323,0.2506435812,-0.5969584584,-0.0765236318,0.7582628131,-0.0966967493,0.5149918199,0.1493510455,0.8385270238,-0.2774934769,0.4699423611,0.2582179010,0.7971670032,-0.3442196846,0.4136798084,0.1346894652,0.8320099711,-0.0161927603,-0.5315341353,0.4146647751,0.7384188771,0.0588793047,-0.5255537033,0.3477557302,0.7742044330,0.0588793047,-0.5255537033,0.3477557302,0.7742044330,-0.1373451650,0.6990652680,0.1092586964,0.6931858659
0.8573340178,0.2980020046,0.2332427502,-0.1052210107,0.7033911347,0.1396400183,0.6889631152,-0.3963040113,0.2213889956,0.1700679958,1.3030289412,-0.1901849955,-0.1707309932,-0.4556399882,-0.3935190141,-0.0043460000,1.2102520466,-0.2152860016,0.1709579974,-0.0906379968,-0.7423239946,0.3871800005,0.3868449926,-2.1947999001,0.0088299997,-0.4922150075,-0.4516859949,-0.3079920113,-2.1947999001,-0.2027139962,0.0000000000,-0.0447005033,0.0820741132,-0.0410996377,0.0352229550,-0.3663401902,0.3510535359,1.0067962408,-0.4964731634,0.3243736923,-4.6993551254,0.3481984138,0.1659493893,0.5914472342,-0.0984750688,-1.1044708490,-3.1158895493,0.9474962950,0.1308247447,0.3982731998,-0.5102977157,0.0181250274,-0.7304720879,0.0000000000,0.3202734888,-0.4667989910,-0.5542986393,0.1770742238,0.0000000000,0.5995724201,0.0000000000,2.0000000000,2.0000000000,-0.1052210107,0.7033911347,0.1396400183,0.6889631152,-0.1052210107,0.7033911347,0.1396400183,0.6889631152,-0.0407713316,0.5639818907,0.1920183748,0.8021166921,0.0480868891,0.5817421079,0.1285408735,0.8017113805,0.0973214060,0.5755560398,0.1961670220,0.7878974080,-0.0415672809,0.9354370236,0.2150002867,0.2774973214,-0.0209653694,0.9048626423,0.2179757208,0.3650626540,-0.0520149432,0.8829826117,0.2943322361,0.3619457483,-0.0520149432,0.8829826117,0.2943322361,0.3619457483,-0.1131555587,0.5287623405,0.1187131256,0.8327745795,-0.2737733424,0.4953524768,0.2197916061,0.7945852876,-0.2748490870,0.4947564006,0.2180644423,0.7950609922,-0.3500936329,0.8591856360,0.0229906123,0.3724324405,-0.3455972970,0.8142004013,0.0604699366,0.4625836611,-0.3048424423,0.8163902760,-0.0092631597,0.4904000759,-0.3048424423,0.8163902760,-0.0092631597,0.4904000759,-0.1369790435,0.6979020238,0.1082842126,0.6945819259,-0.1043487638,0.3958331943,0.1346763521,0.9023801684,0.0712031350,0.4143483937,0.0560089760,0.9055984616,0.1500397474,0.3820298612,0.2278342992,0.8829681873,0.2472870350,-0.6023032665,-0.0778310299,0.7549981475,0.2439555377,-0.6034941673,-0.0752200782,0.7553956509,0.2439555377,-0.6034941673,-0.0752200782,0.7553956509,-0.0958459824,0.5100809336,0.1489533931,0.8416911364,-0.2818902731,0.4637729228,0.2593922615,0.7988543510,-0.3470529318,0.4074373245,0.1367446780,0.8335766792,-0.0160115585,-0.5356184244,0.4181908667,0.7334664464,0.0554551519,-0.5299545527,0.3554487228,0.7679381371,0.0554551594,-0.5299546123,0.3554487526,0.7679382563,-0.1369790435,0.6979020238,0.1082842126,0.6945819259
0.8563629985,0.2996739745,0.2306797206,-0.1076039225,0.7015246153,0.1358679533,0.6912485957,-0.3760081530,0.2115950733,0.1767569482,1.2069027424,-0.1821140647,-0.1678040177,-0.4430661201,-0.3953019977,-0.0262038335,1.1473684311,-0.1955161542,0.1736289859,-0.0820600688,-0.7524719238,0.3876059949,0.3699371219,-2.1947999001,0.0167509392,-0.5026219487,-0.4625129402,-0.3036560416,-2.1947999001,-0.1899321079,0.0000000000,-0.0512734056,0.0877246186,0.0393748246,0.0392278470,-0.3133776188,0.4156864583,0.9417973757,-0.5331978202,0.3671731949,-4.9388556480,0.4305232167,0.0828247517,0.6821721792,-0.0478245318,-1.1770453453,-3.4514636993,1.1494450569,0.3035981059,0.5248975158,-0.6646722555,-0.0622242689,-0.6867475510,0.0000000000,0.3277990520,-0.4626728594,-0.6071969867,0.2916984260,0.0000000000,0.3553248942,0.0000000000,2.0000000000,2.0000000000,-0.1076039225,0.7015246153,0.1358679533,0.6912485957,-0.1076039225,0.7015246153,0.1358679533,0.6912485957,-0.0472448319,0.5695770979,0.1863372773,0.7991421819,0.0374089703,0.5860697031,0.1251479089,0.7996630073,0.0889915153,0.5804805160,0.1952404976,0.7854960561,-0.0375225693,0.9237164855,0.2112590820,0.3173477352,-0.0181570668,0.8910328746,0.2137958407,0.4000276923,-0.0516169593,0.8699816465,0.2877155542,0.3970988989,-0.0516169593,0.8699816465,0.2877155542,0.3970988989,-0.1160329431,0.5315516591,0.1160745770,0.8309729099,-0.2769491673,0.4984094501,0.2181936651,0.7920093536,-0.2834552824,0.4947381616,0.2077983618,0.7947999835,-0.3508545458,0.8468960524,0.0206916109,0.3990488648,-0.3471598327,0.8039044142,0.0548370816,0.4798027277,-0.3042508960,0.8056315780,-0.0150723578,0.5080964565,-0.3042508960,0.8056315780,-0.0150723578,0.5080964565,-0.1362888664,0.6965204477,0.1073996052,0.6962399483,-0.1034421176,0.3893481791,0.1338014454,0.9054307938,0.0728732347,0.4078282416,0.0563111566,0.9084022641,0.1471385062,0.3770030439,0.2212484628,0.8872812986,0.2403849214,-0.6085724831,-0.0785098076,0.7521243095,0.2340147197,-0.6107622981,-0.0735865831,0.7528557181,0.2340147197,-0.6107622981,-0.0735865831,0.7528557181,-0.0944771022,0.5039737821,0.1487219036,0.8455569148,-0.2857642770,0.4564703405,0.2602739334,0.8013931513,-0.3489079475,0.4004733562,0.1390258372,0.8357967734,-0.0152255679,-0.5406672955,0.4209857881,0.7281607985,0.0521154888,-0.5353386402,0.3628904819,0.7609250546,0.0521154962,-0.5353386998,0.3628905118,0.7609251738,-0.1362888664,0.6965204477,0.1073996052,0.6962399483
0.8552830815,0.3015109897,0.2270513773,-0.1108989567,0.7006979585,0.1320050210,0.6923139095,-0.3586321175,0.2000610828,0.1847549230,1.1054747105,-0.1729640663,-0.1674180031,-0.4283531010,-0.3954319954,-0.0514278114,1.0721935034,-0.1693082005,0.1831019223,-0.0696420968,-0.7689108849,0.3846910298,0.3593750894,-2.1947999001,0.0219419617,-0.5107219219,-0.4759738743,-0.2963240743,-2.1947999001,-0.1885010004,0.0000000000,-0.0604003668,0.0919006690,-0.0422768258,0.0162857603,-0.2600405514,0.4716746807,0.9723588824,-0.5910042524,0.3644019365,-5.2197427750,0.5642812848,-0.0094503164,0.7196300030,0.0070750713,-1.3179852962,-3.7017986774,1.2950088978,0.4616018534,0.6351794004,-0.7690295577,-0.0094719231,-0.5601063371,0.0000000000,0.3712800443,-0.4937037826,-0.6919049025,0.2983011305,0.0000000000,0.1304294914,0.0000000000,2.0000000000,2.0000000000,-0.1108989567,0.7006979585,0.1320050210,0.6923139095,-0.1108989567,0.7006979585,0.1320050210,0.6923139095,-0.0540333800,0.5753108263,0.1809526682,0.7958353162,0.0257118717,0.5905056000,0.1225953996,0.7972531319,0.0800741017,0.5856159925,0.1956162006,0.7825448513,-0.0345518962,0.9092630744,0.2085275203,0.3585570455,-0.0164113585,0.8748948574,0.2107326090,0.4357539713,-0.0527878366,0.8542117476,0.2831457853,0.4328559935,-0.0527878366,0.8542117476,0.2831457853,0.4328559935,-0.1198098734,0.5364551544,0.1136722937,0.8276110888,-0.2800436318,0.5036751628,0.2168337852,0.7879531384,-0.2929010987,0.4963084459,0.1965029836,0.7932676673,-0.3521803021,0.8318694234,0.0193261243,0.4284727871,-0.3492850363,0.7926617861,0.0490348265,0.4972755015,-0.3023597896,0.7938251495,-0.0236381441,0.5271257162,-0.3023597896,0.7938251495,-0.0236381441,0.5271257162,-0.1352258325,0.6964123845,0.1078227758,0.6964898705,-0.1013955995,0.3816855252,0.1341666728,0.9088643789,0.0742143169,0.4002942145,0.0587287992,0.9114865661,0.1450788379,0.3703810275,0.2195315212,0.8908288479,0.2382823378,-0.6148536205,-0.0776774138,0.7477585673,0.2298785150,-0.6176895499,-0.0712875575,0.7486879826,0.2298785150,-0.6176895499,-0.0712875575,0.7486879826,-0.0926135108,0.5003914833,0.1494629830,0.8477569222,-0.2898591459,0.4510523677,0.2632160187,0.8020292521,-0.3506968617,0.3959717155,0.1448566169,0.8362025023,-0.0111144325,-0.5429942012,0.4252448976,0.7240169644,0.0558564663,-0.5372261405,0.3679845333,0.7568721175,0.0558564737,-0.5372262001,0.3679845631,0.7568722367,-0.1352258325,0.6964123845,0.1078227758,0.6964898705
0.8539469838,0.3033500016,0.2230768204,-0.1137929857,0.6996957064,0.1275879145,0.6936847568,-0.3371137977,0.1879549026,0.1913330257,0.9981130362,-0.1595428139,-0.1681820303,-0.4142809212,-0.3950189948,-0.0789232478,0.9992964864,-0.1437157989,0.1920930594,-0.0566528924,-0.7832331061,0.3872271180,0.3475328684,-2.1947999001,0.0316021405,-0.5223701000,-0.4901891351,-0.2917239964,-2.1947999001,-0.1847149283,0.0000000000,-0.0795513391,0.0921003520,-0.2839498520,-0.0660005584,-0.3389879465,0.4817321599,1.2829527855,-0.6339020729,0.2578768730,-5.6644425392,0.8845266104,-0.0955998898,0.6715022326,0.0478245318,-1.4882547855,-3.5307869911,1.2488299608,0.4254270196,0.6779524684,-0.6101533771,0.3993242979,-0.6560772657,0.0000000000,0.7064759135,-0.7598012686,-0.7483787537,0.0934265554,0.0000000000,0.3070000410,0.0000000000,2.0000000000,2.0000000000,-0.1137929857,0.6996957064,0.1275879145,0.6936847568,-0.1137929857,0.6996957064,0.1275879145,0.6936847568,-0.0611250959,0.5823131800,0.1743385494,0.7916951776,0.0134366555,0.5961034298,0.1189254597,0.7939376235,0.0703154057,0.5920942426,0.1942191124,0.7789474726,-0.0312133953,0.8926813602,0.2041838616,0.4005680680,-0.0148433708,0.8579226136,0.2060218453,0.4704292119,-0.0543031767,0.8375868201,0.2773524225,0.4675201476,-0.0543031767,0.8375868201,0.2773524225,0.4675201476,-0.1232588291,0.5408775210,0.1105415896,0.8246449232,-0.2826807797,0.5086706281,0.2145277262,0.7844256163,-0.3025284708,0.4971224964,0.1834140420,0.7922784090,-0.3534214795,0.8159437776,0.0160454046,0.4572435617,-0.3513574004,0.7810097337,0.0413782671,0.5146450400,-0.3003841639,0.7813783288,-0.0337104425,0.5459679365,-0.3003841639,0.7813783288,-0.0337104425,0.5459679365,-0.1335645616,0.6961920261,0.1078897193,0.6970201135,-0.0990394726,0.3747687638,0.1338955760,0.9120370746,0.0782926083,0.3935286999,0.0592859648,0.9140518308,0.1456614435,0.3641678989,0.2152644694,0.8943297267,0.2350964844,-0.6207531095,-0.0803510770,0.7435986996,0.2229049802,-0.6247510910,-0.0712258816,0.7449339032,0.2229049802,-0.6247510910,-0.0712258816,0.7449339032,-0.0899415687,0.4951128364,0.1499539465,0.8510509133,-0.2937594652,0.4439300597,0.2656106651,0.8037925959,-0.3526118100,0.3892679811,0.1488741338,0.8378376961,-0.0087974640,-0.5474057198,0.4288526475,0.7185785770,0.0571307652,-0.5414710641,0.3733239174,0.7511153817,0.0571307726,-0.5414711237,0.3733239472,0.7511155009,-0.1335645616,0.6961920261,0.1078897193,0.6970201135
0.8521010280,0.3051950037,0.2184906900,-0.1158870310,0.6983561516,0.1220630333,0.6956791878,-0.3073140085,0.1747049987,0.1950699985,0.8788970113,-0.1375830024,-0.1712419987,-0.4014930129,-0.3935190141,-0.1109580025,0.9309620261,-0.1193550006,0.2001190037,-0.0425239988,-0.7933170199,0.4006640017,0.3331319988,-2.1947999001,0.0502009988,-0.5411139727,-0.5059090257,-0.2925870121,-2.1947999001,-0.1762209982,0.0000000000,-0.0932499766,0.0919498652,-0.2876982093,-0.0940732434,-0.3186513782,0.4388729930,1.3232201338,-0.6752974987,0.2173744142,-5.6777505875,1.0944703817,-0.2733994126,0.7305480242,0.2384245396,-1.5394690037,-3.6226377487,1.1230449677,0.4662986994,0.6404722929,-0.3805220127,0.4480719566,-0.5861468315,0.0000000000,0.8558214903,-0.8311226964,-0.6255969405,0.0164002180,0.0000000000,0.3628980517,0.0000000000,2.0000000000,2.0000000000,-0.1158870310,0.6983561516,0.1220630333,0.6956791878,-0.1158870310,0.6983561516,0.1220630333,0.6956791878,-0.0688121021,0.5918710232,0.1653153598,0.7858909965,0.0000125315,0.6040366292,0.1130493432,0.7888976932,0.0588338189,0.6011645794,0.1893352419,0.7741394639,-0.0273070578,0.8733960390,0.1963761151,0.4448260069,-0.0137441140,0.8407541513,0.1977886558,0.5038087368,-0.0567776859,0.8207600713,0.2689623833,0.5007877946,-0.0567776859,0.8207600713,0.2689623833,0.5007877946,-0.1260909438,0.5443586707,0.1060292348,0.8225160241,-0.2844537199,0.5131275058,0.2104014307,0.7819960117,-0.3124692440,0.4965648353,0.1667155921,0.7924596071,-0.3540550470,0.7994308472,0.0087253498,0.4852620065,-0.3529044092,0.7690657973,0.0298264027,0.5320779085,-0.2979885638,0.7681984305,-0.0471467786,0.5646690726,-0.2979885638,0.7681984305,-0.0471467786,0.5646690726,-0.1307081580,0.6957345009,0.1072450280,0.6981170774,-0.0960859433,0.3693675995,0.1323808879,0.9147734046,0.0878707841,0.3883235455,0.0562311523,0.9155990481,0.1514958888,0.3588755131,0.2060417384,0.8976659775,0.2298519462,-0.6257809401,-0.0899376646,0.7399172783,0.2103427351,-0.6318717003,-0.0755395368,0.7421509027,0.2103427351,-0.6318717003,-0.0755395368,0.7421509027,-0.0856708512,0.4864024222,0.1499246806,0.8565021753,-0.2972975075,0.4334027171,0.2668834031,0.8078053594,-0.3547324240,0.3781270683,0.1492305994,0.8419710398,-0.0100802733,-0.5560387969,0.4311027527,0.7105418444,0.0534285083,-0.5504691601,0.3790518045,0.7419224977,0.0534285009,-0.5504691005,0.3790517449,0.7419224381,-0.1307081580,0.6957345009,0.1072450280,0.6981170774
0.8502169847,0.3070279956,0.2140858173,-0.1178449988,0.6975420117,0.1180950031,0.6968510151,-0.2841849923,0.1609430015,0.2000280023,0.7710030079,-0.1157639995,-0.1791180074,-0.3850589991,-0.3854820132,-0.1405020058,0.8543909788,-0.0987939984,0.2107450068,-0.0310340002,-0.7984539866,0.4051499963,0.3240869939,-2.1947999001,0.0658349991,-0.5556150079,-0.5152130127,-0.2910679877,-2.1947999001,-0.1701990068,0.0000000000,-0.0946760252,0.0914752483,-0.0516250730,-0.0523133501,-0.2088528425,0.3642975688,1.0731004477,-0.6944999099,0.2631750107,-5.2532510757,1.0891749859,-0.4539750516,0.8672751188,0.4835754633,-1.4460498095,-3.9315252304,0.9805750251,0.5638248920,0.5415249467,-0.1949742436,0.1124002039,-0.3853000700,0.0000000000,0.7446000576,-0.6719753146,-0.3849744797,0.1057006419,0.0000000000,0.2701498568,0.0000000000,2.0000000000,2.0000000000,-0.1178449988,0.6975420117,0.1180950031,0.6968510151,-0.1178449988,0.6975420117,0.1180950031,0.6968510151,-0.0749364570,0.5995095372,0.1585661769,0.7809159160,-0.0119202798,0.6103157401,0.1098616645,0.7844125628,0.0490776971,0.6084560752,0.1876341701,0.7695232630,-0.0250790454,0.8531606197,0.1923180819,0.4842539132,-0.0139115043,0.8237178922,0.1934468150,0.5327979922,-0.0615088493,0.8031148911,0.2663443089,0.5294184089,-0.0615088493,0.8031148911,0.2663443089,0.5294184089,-0.1283853948,0.5500240326,0.1031832546,0.8187453747,-0.2828386426,0.5200744271,0.2066296190,0.7789923549,-0.3186466992,0.4989382625,0.1514399648,0.7915749550,-0.3527549207,0.7820646167,0.0058085527,0.5137170553,-0.3520378470,0.7557449937,0.0232194178,0.5517064333,-0.2920580506,0.7539952397,-0.0563968122,0.5856727958,-0.2920580506,0.7539952397,-0.0563968122,0.5856727958,-0.1286541373,0.6956294775,0.1072681844,0.6985995173,-0.0939018279,0.3667721748,0.1316919625,0.9161430597,0.0923392549,0.3857676983,0.0552073345,0.9163017273,0.1538040489,0.3565616310,0.2010884881,0.8993173838,0.2266298085,-0.6281616688,-0.0943440869,0.7383435369,0.2009447515,-0.6359291077,-0.0755101889,0.7412918806,0.2009447515,-0.6359291077,-0.0755101889,0.7412918806,-0.0823825002,0.4799624979,0.1503989846,0.8603658676,-0.2988567054,0.4258082807,0.2677146792,0.8109876513,-0.3548887670,0.3706671298,0.1502279341,0.8450393677,-0.0096899886,-0.5621591210,0.4318497777,0.7052581906,0.0520656519,-0.5567546487,0.3821730912,0.7357019186,0.0520656519,-0.5567546487,0.3821730912,0.7357019186,-0.1286541373,0.6956294775,0.1072681844,0.6985995173
0.8483139873,0.3088540137,0.2097138762,-0.1197359860,0.6969928741,0.1149059832,0.6976108551,-0.2643899918,0.1469250023,0.2055969983,0.6687669754,-0.0940160006,-0.1894010007,-0.3668020070,-0.3741759956,-0.1687999964,0.7737010121,-0.0801320001,0.2226720005,-0.0208630003,-0.8011159897,0.4051600099,0.3177199960,-2.1947999001,0.0799850002,-0.5679929852,-0.5213080049,-0.2883589864,-2.1947999001,-0.1654150039,0.0000000000,-0.1012742594,0.0906750560,0.0099249147,0.1155539230,-0.2926781476,0.4504660368,0.9160749912,-0.7833000422,-0.0082001090,-5.1416754723,1.1099500656,-0.4721246660,0.6668746471,0.6729252338,-1.2862999439,-3.6056742668,0.6944999099,0.4930499792,0.4665499926,0.2448990941,0.2350248396,-0.4014998674,0.0000000000,0.8633000851,-0.2835750580,-0.2226248384,0.2740249038,0.0000000000,0.1233503222,0.0000000000,2.0000000000,2.0000000000,-0.1197359860,0.6969928741,0.1149059832,0.6976108551,-0.1197359860,0.6969928741,0.1149059832,0.6976108551,-0.0802836493,0.6061772704,0.1529470831,0.7763445377,-0.0230861846,0.6157680750,0.1080432981,0.7801431417,0.0402242951,0.6148864031,0.1875292957,0.7649375796,-0.0235482678,0.8318720460,0.1903436631,0.5207721591,-0.0145778758,0.8064816594,0.1912399530,0.5592871308,-0.0673981979,0.7847846150,0.2666431665,0.5554026365,-0.0673981979,0.7847846150,0.2666431665,0.5554026365,-0.1303855032,0.5567606091,0.1011430249,0.8141176701,-0.2795349061,0.5282326341,0.2029346973,0.7756597400,-0.3230698109,0.5027876496,0.1368243545,0.7900062203,-0.3508157432,0.7636808753,0.0048276023,0.5419377089,-0.3503408432,0.7413605452,0.0188757516,0.5720922351,-0.2846088111,0.7388677001,-0.0636108220,0.6074752212,-0.2846088111,0.7388677001,-0.0636108220,0.6074752212,-0.1270000190,0.6957059503,0.1076227352,0.6987715364,-0.0920981541,0.3655909598,0.1314185560,0.9168371558,0.0942502841,0.3845559359,0.0551752560,0.9166184664,0.1543255150,0.3557268977,0.1982602179,0.9001861215,0.2243998498,-0.6292779446,-0.0961473063,0.7378413081,0.1931229979,-0.6385205984,-0.0732762218,0.7413673401,0.1931229979,-0.6385205984,-0.0732762218,0.7413673401,-0.0795770586,0.4746672213,0.1511201113,0.8634358048,-0.2994072437,0.4196881354,0.2683431804,0.8137622476,-0.3540617526,0.3650578558,0.1515690684,0.8475847840,-0.0084413057,-0.5670268536,0.4318552017,0.7013632059,0.0519001521,-0.5616924167,0.3840079606,0.7309896350,0.0519001521,-0.5616924167,0.3840079606,0.7309896350,-0.1270000190,0.6957059503,0.1076227352,0.6987715364
0.8461660147,0.3106549978,0.2085891068,-0.1250209659,0.6941028237,0.1112709716,0.7001498342,-0.2475419939,0.1296110004,0.1996999979,0.5653359890,-0.0713659972,-0.1980029941,-0.3583840132,-0.3585650027,-0.1919540018,0.7101640105,-0.0710140020,0.2304670066,-0.0123720001,-0.7886580229,0.4145509899,0.3080269992,-2.1947999001,0.1003670022,-0.5669580102,-0.5241180062,-0.2801069915,-2.1947999001,-0.1652649939,0.0000000000,-0.1032739729,0.0887997523,-0.0060751997,0.2445580065,-0.3735010326,0.5619392395,0.7998749614,-0.7927750945,-0.2452500165,-4.7900490761,1.1927249432,-0.5087748170,0.4025250673,0.7762998343,-1.1150751114,-2.9759750366,0.4983750284,0.3609251380,0.4214000106,0.5700990558,0.4988245666,-0.4372745752,0.0000000000,0.9036000967,0.0961750746,-0.1884996891,0.3366246819,0.0000000000,0.0246502459,0.0000000000,2.0000000000,2.0000000000,-0.1250209659,0.6941028237,0.1112709716,0.7001498342,-0.1250209659,0.6941028237,0.1112709716,0.7001498342,-0.0886173025,0.6092959046,0.1476999223,0.7740091681,-0.0383063406,0.6175820231,0.1079318002,0.7781233788,0.0234476048,0.6183244586,0.1849607825,0.7634885311,-0.0290719494,0.8067373037,0.1841605306,0.5607269406,-0.0224834364,0.7862195969,0.1850804538,0.5891506672,-0.0806049034,0.7640764117,0.2618840039,0.5840435624,-0.0806049034,0.7640764117,0.2618840039,0.5840435624,-0.1358818710,0.5566828251,0.0987148359,0.8135697842,-0.2787826657,0.5301570892,0.1964023262,0.7762988806,-0.3283044100,0.5010014772,0.1211059093,0.7915472388,-0.3499287069,0.7449430823,-0.0005896068,0.5679871440,-0.3497290611,0.7243102193,0.0118330726,0.5940743089,-0.2791037858,0.7208670974,-0.0715256184,0.6303457618,-0.2791037858,0.7208670974,-0.0715256184,0.6303457618,-0.1293122768,0.6933162212,0.1069377586,0.7008247972,-0.0951101631,0.3682701886,0.1314067096,0.9154580832,0.0953218713,0.3874302506,0.0528060049,0.9154360890,0.1540188491,0.3594307601,0.1914181411,0.9002481699,0.2179753184,-0.6276450157,-0.0989888012,0.7407764792,0.1787245423,-0.6387467384,-0.0700848252,0.7450827956,0.1787245423,-0.6387467384,-0.0700848252,0.7450827956,-0.0821236819,0.4722836018,0.1510748118,0.8645116687,-0.3032887280,0.4170202613,0.2682713270,0.8137202263,-0.3560671210,0.3635500968,0.1549349725,0.8467837572,-0.0064480789,-0.5668988824,0.4351226389,0.6994657516,0.0538047291,-0.5613434911,0.3874491453,0.7293022871,0.0538047291,-0.5613434911,0.3874491453,0.7293022871,-0.1293122768,0.6933162212,0.1069377586,0.7008247972
0.8441830277,0.3124060035,0.2071953118,-0.1299949735,0.6917208433,0.1076749787,0.7021608353,-0.2323949933,0.1152139977,0.1957869977,0.4771650136,-0.0463070013,-0.2097519934,-0.3507010043,-0.3431240022,-0.2134030014,0.6546620131,-0.0601969995,0.2371090055,-0.0040070000,-0.7783120275,0.4251129925,0.3002290130,-2.1947999001,0.1161290035,-0.5641459823,-0.5288479924,-0.2748939991,-2.1947999001,-0.1644289941,0.0000000000,-0.0909253955,0.0850252733,-0.0027500074,0.1755830497,-0.2691806257,0.5455939174,0.6722498536,-0.5739500523,-0.0964749604,-3.6454246044,1.3733248711,-0.7448002696,0.3473751247,0.7635250688,-0.9871751070,-2.3733005524,0.6257749796,0.2744499445,0.4118999839,0.4117503762,0.5865253210,-0.2952501178,0.0000000000,0.5570749044,0.2294257283,-0.3324002028,0.1086995006,0.0000000000,0.0760748982,0.0000000000,2.0000000000,2.0000000000,-0.1299949735,0.6917208433,0.1076749787,0.7021608353,-0.1299949735,0.6917208433,0.1076749787,0.7021608353,-0.0963041931,0.6123249531,0.1425758451,0.7716578245,-0.0517161340,0.6195180416,0.1070846394,0.7759225368,0.0090814438,0.6216065288,0.1824084669,0.7617414594,-0.0342835747,0.7840178013,0.1793877333,0.5932628512,-0.0301213022,0.7700727582,0.1801333576,0.6112549305,-0.0939443335,0.7469846010,0.2597578168,0.6047432423,-0.0939443335,0.7469846010,0.2597578168,0.6047432423,-0.1410898119,0.5569237471,0.0962253064,0.8128163218,-0.2777838409,0.5323199630,0.1898915768,0.7767965198,-0.3328956366,0.4997087717,0.1060834527,0.7926019430,-0.3493278027,0.7280111313,-0.0065807500,0.5898530483,-0.3493676186,0.7099303603,0.0039348854,0.6114946604,-0.2745895386,0.7054125071,-0.0800611600,0.6485245228,-0.2745895386,0.7054125071,-0.0800611600,0.6485245228,-0.1313805729,0.6914590001,0.1062679812,0.7023751140,-0.0977907106,0.3706677556,0.1313378215,0.9142170548,0.0972729176,0.3900327682,0.0501861274,0.9142723083,0.1548651159,0.3625408113,0.1851688623,0.9001631141,0.2126364261,-0.6260890365,-0.1025772989,0.7431529164,0.1672326326,-0.6384531856,-0.0689371899,0.7481032610,0.1672326326,-0.6384531856,-0.0689371899,0.7481032610,-0.0845823735,0.4713106751,0.1508414596,0.8648462296,-0.3076729774,0.4155065119,0.2687773108,0.8126810789,-0.3592770696,0.3625236452,0.1577599794,0.8453451991,-0.0054560490,-0.5659164786,0.4391789734,0.6977324486,0.0544006042,-0.5602424145,0.3918562233,0.7277484536,0.0544006042,-0.5602424145,0.3918562233,0.7277484536,-0.1313805729,0.6914590001,0.1062679812,0.7023751140
0.8425289989,0.3140560091,0.2054078579,-0.1343550086,0.6904070377,0.1041630134,0.7031620741,-0.2206519991,0.1066529974,0.1958409995,0.4195190072,-0.0164330006,-0.2277950048,-0.3444890082,-0.3280239999,-0.2314410061,0.6152319908,-0.0459830016,0.2414450049,0.0041040001,-0.7721880078,0.4380120039,0.2962169945,-2.1947999001,0.1226499975,-0.5577809811,-0.5374140143,-0.2757590115,-2.1947999001,-0.1622219980,0.0000000000,-0.0789999962,0.0728249624,-0.0100247581,0.1659517139,-0.3275237083,0.4152812958,0.6168998480,-0.4563499093,-0.0835999846,-2.6835255623,0.9818750620,-0.5184001923,0.4969500005,0.7874749899,-0.6073750257,-2.2193999290,0.3232999742,0.2292998135,0.2900750041,0.3435000777,0.3067255020,-0.1050256193,0.0000000000,0.6033999920,0.0307738781,0.0309005380,0.0854000449,0.0000000000,-0.3204502165,0.0000000000,2.0000000000,2.0000000000,-0.1343550086,0.6904070377,0.1041630134,0.7031620741,-0.1343550086,0.6904070377,0.1041630134,0.7031620741,-0.1027861312,0.6152564287,0.1378561854,0.7693439722,-0.0616330467,0.6217297912,0.1048663184,0.7737290859,-0.0005549554,0.6247768998,0.1800068766,0.7597703338,-0.0380246714,0.7692855000,0.1759457737,0.6130230427,-0.0365777425,0.7642225623,0.1762522459,0.6193230748,-0.1067276970,0.7392396331,0.2619652450,0.6111532450,-0.1067276970,0.7392396331,0.2619652450,0.6111532450,-0.1457487941,0.5578196049,0.0936723799,0.8116774559,-0.2763216794,0.5350391269,0.1834947914,0.7769873142,-0.3362504840,0.4995559156,0.0925547257,0.7929774523,-0.3484906554,0.7162094116,-0.0136023741,0.6044943333,-0.3487112820,0.7021231055,-0.0055871615,0.6207998991,-0.2714107037,0.6963400841,-0.0901028216,0.6582767367,-0.2714107037,0.6963400841,-0.0901028216,0.6582767367,-0.1329380274,0.6906813383,0.1056056991,0.7029469013,-0.0997936577,0.3725064695,0.1311724037,0.9132764339,0.1010079980,0.3921072483,0.0471086539,0.9131430984,0.1580868363,0.3644756675,0.1801411211,0.8998418450,0.2095319331,-0.6247292757,-0.1077086255,0.7444518805,0.1616109014,-0.6374787092,-0.0720546469,0.7498739362,0.1616109014,-0.6374787092,-0.0720546469,0.7498739362,-0.0868478864,0.4731604457,0.1502002925,0.8637224436,-0.3130367994,0.4163052142,0.2704274356,0.8096710443,-0.3648374975,0.3624269068,0.1594984829,0.8426746726,-0.0064457990,-0.5632819533,0.4447613060,0.6963183880,0.0524075702,-0.5576918125,0.3981443942,0.7264394760,0.0524075702,-0.5576918125,0.3981443942,0.7264394760,-0.1329380274,0.6906813383,0.1056056991,0.7029469013
0.8410230279,0.3153190017,0.2050016224,-0.1371159852,0.6870299578,0.1018979847,0.7062619328,-0.2077189982,0.0969600007,0.1924429983,0.3698239923,-0.0070320000,-0.2304880023,-0.3308230042,-0.3116250038,-0.2376980036,0.5658860207,-0.0472650006,0.2462809980,0.0075960001,-0.7645720243,0.4373820126,0.2960279882,-2.1947999001,0.1402650028,-0.5629150271,-0.5276119709,-0.2714779973,-2.1947999001,-0.1772470027,0.0000000000,-0.0734493136,0.0582747124,-0.0242501516,0.2214500755,-0.5184305906,0.2428497076,0.6614997983,-0.4987750053,-0.2130750567,-2.3853249550,0.2141750157,0.0571750104,0.7765002251,0.8361503482,-0.1655749977,-2.5912256241,-0.2577999532,0.2480499446,0.1168999970,0.3994256258,-0.2005748451,0.0383250415,0.0000000000,1.0194000006,-0.4004254937,0.7197260857,0.2783752978,0.0000000000,-0.9666249156,0.0000000000,2.0000000000,2.0000000000,-0.1371159852,0.6870299578,0.1018979847,0.7062619328,-0.1371159852,0.6870299578,0.1018979847,0.7062619328,-0.1077382937,0.6162817478,0.1340305209,0.7685213685,-0.0703683868,0.6220529079,0.1040074080,0.7728395462,-0.0102803325,0.6259359717,0.1777753830,0.7592722774,-0.0427908674,0.7548651099,0.1728546023,0.6312439442,-0.0421828516,0.7526410818,0.1730040014,0.6338941455,-0.1147939265,0.7277550101,0.2584019005,0.6248387694,-0.1147939265,0.7277550101,0.2584019005,0.6248387694,-0.1483167410,0.5594797134,0.0922165886,0.8102349639,-0.2722545266,0.5383916497,0.1779210865,0.7774034142,-0.3341707587,0.5023126602,0.0844897330,0.7930154204,-0.3444715440,0.7037360072,-0.0121644968,0.6212464571,-0.3446627855,0.6888592243,-0.0040211338,0.6377024651,-0.2637242377,0.6831491590,-0.0886029452,0.6752084494,-0.2637242079,0.6831490993,-0.0886029378,0.6752083898,-0.1345056742,0.6875457764,0.1045796275,0.7058698535,-0.1019654348,0.3719643652,0.1305737346,0.9133433104,0.0986148044,0.3914332688,0.0467653573,0.9137111902,0.1555819958,0.3641762733,0.1798234433,0.9004628658,0.2081230283,-0.6255567074,-0.1056639403,0.7444453239,0.1532213688,-0.6398738623,-0.0648757517,0.7502503991,0.1532213837,-0.6398739219,-0.0648757592,0.7502505183,-0.0882316232,0.4671649933,0.1500613689,0.8668642044,-0.3112199306,0.4118737280,0.2666863799,0.8138677478,-0.3617169857,0.3591377139,0.1569603831,0.8458986282,-0.0074692457,-0.5678135157,0.4410044849,0.6950159669,0.0571732000,-0.5616540909,0.3901514709,0.7273636460,0.0571732000,-0.5616540909,0.3901514709,0.7273636460,-0.1345056742,0.6875457764,0.1045796275,0.7058698535
0.8395910263,0.3163869977,0.2052531838,-0.1390728951,0.6826045513,0.1002539247,0.7103934884,-0.1941920072,0.0867019966,0.1873179972,0.3241060078,-0.0078659998,-0.2255080044,-0.3134289980,-0.2945779860,-0.2380640060,0.5115829706,-0.0562950000,0.2513670027,0.0087799998,-0.7562109828,0.4299890101,0.2977499962,-2.1947999001,0.1634259969,-0.5737980008,-0.5086249709,-0.2646239996,-2.1947999001,-0.2008869946,0.0000000000,-0.0684753060,0.0423997641,-0.2630747855,0.2448922098,-0.4187834263,-0.1033301800,0.5175750852,-0.4850249887,-0.2021748573,-1.5432000160,-0.0524249971,0.0698249787,0.7606253028,0.7365003228,0.1600250602,-1.9947253466,-0.0947999805,0.2521000803,-0.1912499964,-0.0578239560,-0.0050254166,0.2108752728,0.0000000000,0.8117750287,-0.3342986107,0.4446491599,-0.1386247575,0.0000000000,-0.8186500669,0.0000000000,2.0000000000,2.0000000000,-0.1390728951,0.6826045513,0.1002539247,0.7103934884,-0.1390728951,0.6826045513,0.1002539247,0.7103934884,-0.1119029373,0.6163574457,0.1306288838,0.7684512734,-0.0784951076,0.6214395165,0.1037948206,0.7725788951,-0.0200327262,0.6260568500,0.1755931228,0.7594856620,-0.0481012762,0.7403933406,0.1700603664,0.6485241055,-0.0474320576,0.7378369570,0.1702482253,0.6514310837,-0.1204267740,0.7139961720,0.2521850169,0.6419576406,-0.1204267740,0.7139961720,0.2521850169,0.6419576406,-0.1498284787,0.5615257621,0.0912951455,0.8086442351,-0.2668804526,0.5420476794,0.1727145016,0.7779003382,-0.3293607831,0.5065197945,0.0791158527,0.7929059863,-0.3386617005,0.6906534433,-0.0067902827,0.6389523149,-0.3387186527,0.6723973155,0.0027436286,0.6581368446,-0.2535475492,0.6674374938,-0.0815649480,0.6954049468,-0.2535475492,0.6674374938,-0.0815649480,0.6954049468,-0.1360749453,0.6832085252,0.1033715904,0.7099465728,-0.1042146534,0.3702293336,0.1297478825,0.9139119387,0.0931604728,0.3893864155,0.0477752835,0.9151048660,0.1502170116,0.3627640009,0.1818445921,0.9015374184,0.2075487226,-0.6274597645,-0.1000404283,0.7437807322,0.1433923841,-0.6438833475,-0.0525831915,0.7497252822,0.1433923841,-0.6438833475,-0.0525831915,0.7497252822,-0.0891791210,0.4571971297,0.1501914710,0.8720438480,-0.3056996465,0.4047068954,0.2603824735,0.8215602040,-0.3541568518,0.3541136980,0.1524674147,0.8520152569,-0.0083090458,-0.5759487748,0.4325703681,0.6936114430,0.0656488463,-0.5688471794,0.3750547171,0.7289973497,0.0656488463,-0.5688471794,0.3750547171,0.7289973497,-0.1360749453,0.6832085252,0.1033715904,0.7099465728
0.8382840157,0.3170149922,0.2062859833,-0.1373660117,0.6798530817,0.1036940143,0.7128660679,-0.1870159954,0.0775590017,0.1843560040,0.3080959916,-0.0091289999,-0.2276950032,-0.3003979921,-0.2821649909,-0.2312970012,0.4860970080,-0.0510569997,0.2563650012,-0.0000540000,-0.7668849826,0.4371809959,0.3044629991,-2.1947999001,0.1727360040,-0.5762869716,-0.5098260045,-0.2770229876,-2.1947999001,-0.2099930048,0.0000000000,-0.0642508268,0.0302500986,-0.4177250564,0.2208835483,-0.2332798541,-0.3996731341,0.2865001559,-0.4422249198,-0.2171497792,-0.6568253040,-0.0619000047,-0.1475997269,0.5832247734,0.6026744843,0.3449249864,-1.1808246374,0.2422749996,0.2163000405,-0.3893749714,-0.3906503320,0.2954497933,0.3116250038,0.0000000000,0.3911249340,-0.1094743609,-0.0307500362,-0.5640998483,0.0000000000,-0.4304751754,0.0000000000,2.0000000000,2.0000000000,-0.1373660117,0.6798530817,0.1036940143,0.7128660679,-0.1373660117,0.6798530817,0.1036940143,0.7128660679,-0.1109841317,0.6159090996,0.1328574866,0.7685619593,-0.0811037049,0.6205968857,0.1088789329,0.7722869515,-0.0236349795,0.6254276037,0.1795037985,0.7589862347,-0.0508980565,0.7344797254,0.1737515926,0.6540330648,-0.0501044430,0.7314867973,0.1739821136,0.6573788524,-0.1244594455,0.7069867253,0.2559539676,0.6474312544,-0.1244594455,0.7069867253,0.2559539676,0.6474312544,-0.1471614987,0.5638439059,0.0947727934,0.8071194291,-0.2591923773,0.5449152589,0.1731160283,0.7784069777,-0.3203392625,0.5113669038,0.0821385682,0.7931833863,-0.3306917846,0.6872268319,0.0026307215,0.6468039155,-0.3305169046,0.6704928279,0.0110710133,0.6641351581,-0.2429077029,0.6664072275,-0.0747301057,0.7009370327,-0.2429077029,0.6664072275,-0.0747301057,0.7009370327,-0.1373843551,0.6798493266,0.1036747545,0.7128688097,-0.1046683714,0.3610840738,0.1306962818,0.9173774123,0.0967591479,0.3808337748,0.0492837653,0.9182453156,0.1537467390,0.3530404270,0.1867640018,0.9037940502,0.2140657157,-0.6337119937,-0.1010826603,0.7364559174,0.1458017975,-0.6514089108,-0.0516709276,0.7427909970,0.1458017975,-0.6514089108,-0.0516709276,0.7427909970,-0.0901861861,0.4520945549,0.1510844529,0.8744430542,-0.3077724576,0.3993875086,0.2602028847,0.8234440684,-0.3576032221,0.3460136354,0.1469112933,0.8548752666,-0.0152752036,-0.5819759965,0.4332387149,0.6880224347,0.0625576302,-0.5750429630,0.3737699091,0.7250573635,0.0625576302,-0.5750429630,0.3737699091,0.7250573635,-0.1373843700,0.6798493862,0.1036747694,0.7128688693
0.8370209932,0.3175970018,0.2076741457,-0.1352029741,0.6775528789,0.1068459675,0.7150008678,-0.1827320009,0.0690129995,0.1786320060,0.2978329957,-0.0103420001,-0.2314119935,-0.2901000082,-0.2704710066,-0.2242670059,0.4643499851,-0.0466040000,0.2600190043,-0.0067949998,-0.7718369961,0.4418070018,0.3102149963,-2.1947999001,0.1790709943,-0.5781769753,-0.5098549724,-0.2871879935,-2.1947999001,-0.2181060016,0.0000000000,-0.0610247292,0.0268004797,-0.1794502139,0.1189763397,-0.1781135052,-0.4139182866,0.0696007162,-0.3974972367,-0.4242956638,-0.2257503569,-0.0581495687,-0.2623971701,0.3781974316,0.5487963557,0.3646969795,-0.9003691673,0.1834488511,0.1155741513,-0.2324240208,0.0384718180,0.1028999686,0.2394981682,0.0000000000,0.1679494977,-0.0645756721,0.0571236014,-0.3964729607,0.0000000000,-0.3560222685,0.0000000000,2.0000000000,2.0000000000,-0.1352029741,0.6775528789,0.1068459675,0.7150008678,-0.1352029741,0.6775528789,0.1068459675,0.7150008678,-0.1092227325,0.6149064898,0.1352000535,0.7692082524,-0.0826203078,0.6192048788,0.1139055267,0.7725186348,-0.0270595774,0.6241061687,0.1823580563,0.7592791915,-0.0538159572,0.7298505902,0.1763250530,0.6582792401,-0.0529034585,0.7264368534,0.1766009629,0.6620444655,-0.1289814264,0.7011913061,0.2592858076,0.6515101194,-0.1289814264,0.7011913061,0.2592858076,0.6515101194,-0.1442130506,0.5655536056,0.0978522301,0.8060873151,-0.2515759766,0.5471971035,0.1732088029,0.7792840600,-0.3112266064,0.5156095028,0.0849201456,0.7937716842,-0.3224155307,0.6844174266,0.0110299988,0.6538344026,-0.3220710158,0.6689973474,0.0185392518,0.6696037650,-0.2325431406,0.6657549143,-0.0683484003,0.7057071924,-0.2325431406,0.6657549143,-0.0683484003,0.7057071924,-0.1375041753,0.6770896316,0.1044161394,0.7153597474,-0.1041684970,0.3553044796,0.1314849108,0.9195756912,0.0998521969,0.3754803538,0.0504386015,0.9200543761,0.1570349038,0.3466508090,0.1907195151,0.9048753381,0.2194329351,-0.6374113560,-0.1022759750,0.7315023541,0.1483862996,-0.6560682654,-0.0515702218,0.7381711602,0.1483862996,-0.6560682654,-0.0515702218,0.7381711602,-0.0899701416,0.4479232132,0.1520106047,0.8764491081,-0.3080812097,0.3951137364,0.2600530088,0.8254354000,-0.3590033948,0.3396306038,0.1422572285,0.8576307893,-0.0204109959,-0.5872442722,0.4324991107,0.6838656068,0.0609077774,-0.5804184079,0.3712489307,0.7222042680,0.0609077774,-0.5804184079,0.3712489307,0.7222042680,-0.1375041753,0.6770896316,0.1044161394,0.7153597474
0.8358430266,0.3180870116,0.2098217309,-0.1321300417,0.6761789322,0.1094279662,0.7164839506,-0.1842319667,0.0616591126,0.1673841774,0.2990659773,-0.0114549827,-0.2381908894,-0.2852700949,-0.2602131367,-0.2167091221,0.4500822425,-0.0437190458,0.2609879673,-0.0093509611,-0.7653461099,0.4412969947,0.3140429258,-2.1947999001,0.1794539839,-0.5788699985,-0.5075410604,-0.2928819060,-2.1947999001,-0.2242338955,0.0000000000,-0.0614255704,0.0206246953,-0.0175751746,0.0698646978,-0.0989392102,-0.2788289785,0.0202987343,-0.3075980544,-0.4016481340,0.0040002167,-0.0704493374,-0.2333991230,0.2835728228,0.4140980542,0.2802986503,-0.6525702477,0.0123759732,0.0329248607,-0.1409238130,0.1492992043,0.0002749264,0.1426994801,0.0000000000,0.0212252140,-0.0443756580,0.0737249851,-0.2357237041,0.0000000000,-0.3209225833,0.0000000000,2.0000000000,2.0000000000,-0.1321300417,0.6761789322,0.1094279662,0.7164839506,-0.1321300417,0.6761789322,0.1094279662,0.7164839506,-0.1057487801,0.6127972603,0.1377617717,0.7709205151,-0.0819351599,0.6167525649,0.1188070402,0.7738138437,-0.0300913006,0.6214431524,0.1830777228,0.7611737251,-0.0570297576,0.7279052138,0.1765518188,0.6600992680,-0.0560176373,0.7241126299,0.1768755764,0.6642575264,-0.1345440000,0.6979681253,0.2616574764,0.6528965831,-0.1345440000,0.6979681253,0.2616574764,0.6528965831,-0.1406405866,0.5660718679,0.1000986546,0.8060789108,-0.2440324277,0.5483006835,0.1726946831,0.7810192704,-0.3018959761,0.5186948180,0.0872203931,0.7951145768,-0.3137465417,0.6830428839,0.0176541060,0.6593208313,-0.3132857084,0.6684684157,0.0245076921,0.6740931273,-0.2229064107,0.6659739614,-0.0626844242,0.7091277838,-0.2229064107,0.6659739614,-0.0626844242,0.7091277838,-0.1352900416,0.6755537987,0.1060768813,0.7169877887,-0.1018125117,0.3563227654,0.1320115030,0.9193699956,0.1018714234,0.3765763640,0.0508253090,0.9193634987,0.1598889381,0.3470156491,0.1926831156,0.9038191438,0.2224604636,-0.6361520290,-0.1038559675,0.7314614654,0.1513502300,-0.6550821066,-0.0530309528,0.7383415699,0.1513502300,-0.6550821066,-0.0530309528,0.7383415699,-0.0873402432,0.4456467032,0.1530509442,0.8776937127,-0.3048927784,0.3929494917,0.2600311637,0.8276562095,-0.3564722836,0.3367588222,0.1395097822,0.8602663279,-0.0218643751,-0.5910293460,0.4291385710,0.6826759577,0.0621032156,-0.5841187835,0.3663521111,0.7216194868,0.0621032156,-0.5841187835,0.3663521111,0.7216194868,-0.1352900416,0.6755537987,0.1060768813,0.7169877887
0.8345639706,0.3184219897,0.2097671330,-0.1316000074,0.6753809452,0.1106779724,0.7171419263,-0.1819200516,0.0567090772,0.1625660807,0.2979930043,-0.0131599735,-0.2407479584,-0.2787570953,-0.2539070845,-0.2130550593,0.4382471740,-0.0461089611,0.2613359988,-0.0124319522,-0.7658650279,0.4418179989,0.3159229755,-2.1947999001,0.1799200028,-0.5799520016,-0.5069059730,-0.2966169417,-2.1947999001,-0.2309429049,0.0000000000,-0.0652506948,0.0148244202,-0.0130504360,0.0985797197,-0.0379745252,-0.0607712492,0.1633007079,-0.2174787223,-0.1604795456,-0.0824488699,-0.0926515087,-0.0750772655,0.3467045724,0.2658802867,0.1339532435,-0.5613572598,-0.1854508221,0.0096507370,-0.1606253386,-0.1135706902,0.0389255583,0.0696778297,0.0000000000,0.0243242830,-0.0589981675,0.0107780099,-0.1622512937,0.0000000000,-0.3427047133,0.0000000000,2.0000000000,2.0000000000,-0.1316000074,0.6753809452,0.1106779724,0.7171419263,-0.1316000074,0.6753809452,0.1106779724,0.7171419263,-0.1054671109,0.6127610803,0.1386267692,0.7708328962,-0.0835710242,0.6164448857,0.1211988032,0.7735130191,-0.0332437493,0.6211950779,0.1836029291,0.7611186504,-0.0601305068,0.7272974253,0.1766338050,0.6604720354,-0.0589669682,0.7229357958,0.1770256311,0.6652433276,-0.1384250075,0.6964465976,0.2625572979,0.6533485651,-0.1384250075,0.6964465976,0.2625572979,0.6533485651,-0.1397562623,0.5678634644,0.1014782265,0.8047990799,-0.2405293733,0.5504449606,0.1725603193,0.7806271911,-0.2976926267,0.5217501521,0.0885810405,0.7945498228,-0.3098295629,0.6819888949,0.0217522066,0.6621357799,-0.3092457950,0.6665438414,0.0288887545,0.6776813269,-0.2183099836,0.6646256447,-0.0582058318,0.7121977210,-0.2183099836,0.6646256447,-0.0582058318,0.7121977210,-0.1357955784,0.6745498776,0.1062181294,0.7178160548,-0.1021768525,0.3548311293,0.1323230118,0.9198616743,0.1018631682,0.3752024174,0.0513579808,0.9198964238,0.1600072086,0.3454513252,0.1941312701,0.9040874839,0.2238875329,-0.6371005774,-0.1033195779,0.7302755713,0.1525278240,-0.6561978459,-0.0524940938,0.7371459007,0.1525278240,-0.6561978459,-0.0524940938,0.7371459007,-0.0877045989,0.4439863265,0.1534223557,0.8784336448,-0.3051682413,0.3913316727,0.2598496079,0.8283780217,-0.3571183980,0.3343455493,0.1376644820,0.8612363338,-0.0239352826,-0.5929506421,0.4289195240,0.6810761690,0.0627262145,-0.5859333873,0.3644229770,0.7210710049,0.0627262145,-0.5859333873,0.3644229770,0.7210710049,-0.1357955784,0.6745498776,0.1062181294,0.7178160548
0.8332329988,0.3186799884,0.2086116374,-0.1323419064,0.6748735309,0.1112629175,0.7173924446,-0.1776999384,0.0529599637,0.1609649956,0.2957680225,-0.0151610430,-0.2411939800,-0.2714019120,-0.2495779246,-0.2113509923,0.4276279509,-0.0511370786,0.2613739967,-0.0157759748,-0.7698889375,0.4428540170,0.3168300390,-2.1947999001,0.1804269552,-0.5812299252,-0.5071099401,-0.2993719578,-2.1947999001,-0.2379420847,0.0000000000,-0.0265985727,-0.0051245098,-0.0128500164,0.0907471776,-0.0455937907,-0.0241795927,0.2003028989,-0.1513025761,-0.0274267048,-0.0280499458,-0.1194269881,0.0115241855,0.3085538745,0.2190787345,0.0822767615,-0.3375053406,-0.2514528036,0.0008247793,-0.0398256592,0.0161781907,0.0660009682,0.0474758446,0.0000000000,-0.0600010157,0.0276997685,0.0554487109,-0.0026747584,0.0000000000,-0.3212541342,0.0000000000,2.0000000000,2.0000000000,-0.1323419064,0.6748735309,0.1112629175,0.7173924446,-0.1323419064,0.6748735309,0.1112629175,0.7173924446,-0.1067845672,0.6137633920,0.1386425197,0.7698506713,-0.0863638669,0.6172189713,0.1223433539,0.7724079490,-0.0364626050,0.6221644282,0.1840455830,0.7600719333,-0.0631829128,0.7273667455,0.1766641289,0.6601025462,-0.0618419014,0.7223419547,0.1771380156,0.6655973792,-0.1414673626,0.6957849860,0.2627527118,0.6533232331,-0.1414673626,0.6957849860,0.2627527118,0.6533232331,-0.1402161717,0.5702900290,0.1024148613,0.8028823137,-0.2390568405,0.5531082749,0.1725998074,0.7791869044,-0.2960645556,0.5248073936,0.0894491822,0.7930459976,-0.3083028793,0.6811321378,0.0245908052,0.6636292338,-0.3075734377,0.6639432907,0.0324647613,0.6808260083,-0.2162285596,0.6625122428,-0.0543340631,0.7151018381,-0.2162285596,0.6625122428,-0.0543340631,0.7151018381,-0.1376611292,0.6738086343,0.1056007296,0.7182477713,-0.1038987041,0.3520776927,0.1325284541,0.9206968546,0.1008432657,0.3725878596,0.0519687608,0.9210364223,0.1587563455,0.3429205716,0.1953286231,0.9050130248,0.2245200425,-0.6391493082,-0.1017204672,0.7285134792,0.1528177857,-0.6583613753,-0.0509553924,0.7352623343,0.1528177857,-0.6583613753,-0.0509553924,0.7352623343,-0.0895661488,0.4426295459,0.1534632742,0.8789232373,-0.3071775436,0.3899814785,0.2595887780,0.8283538818,-0.3593541980,0.3321458399,0.1362757087,0.8613783717,-0.0263114832,-0.5939514041,0.4302749038,0.6792591214,0.0630654469,-0.5868189335,0.3639870286,0.7205414176,0.0630654395,-0.5868188739,0.3639869988,0.7205413580,-0.1376611292,0.6738086343,0.1056007296,0.7182477713
0.8335000277,0.3182170093,0.2083339989,-0.1322419643,0.6740898490,0.1118839830,0.7180508375,-0.1739079356,0.0506569743,0.1614690125,0.2968710065,-0.0179370530,-0.2402869910,-0.2664149404,-0.2451439351,-0.2097639889,0.4247469604,-0.0561670735,0.2613689899,-0.0140249785,-0.7652179003,0.4444580376,0.3178220093,-2.1947999001,0.1775199622,-0.5788440108,-0.5046880245,-0.2967239320,-2.1947999001,-0.2437930703,0.0000000000,0.0142753124,-0.0311248042,-0.0142499804,0.0871582851,-0.0748087764,-0.0632559061,0.2052485943,-0.1024491191,0.0363249332,0.0273741782,-0.1565239429,0.0586744398,0.2522975206,0.2071481198,0.0672247261,-0.1427985728,-0.2481980324,-0.0000245869,0.0783493742,0.2540230751,0.1264497638,0.0524736941,0.0000000000,-0.1353736967,0.0956475735,0.1195982099,0.1537740231,0.0000000000,-0.2803977728,0.0000000000,2.0000000000,2.0000000000,-0.1322419643,0.6740898490,0.1118839830,0.7180508375,-0.1322419643,0.6740898490,0.1118839830,0.7180508375,-0.1072054133,0.6142815948,0.1386940479,0.7693693638,-0.0876861438,0.6175971031,0.1230923906,0.7718375325,-0.0375932828,0.6226570606,0.1849377006,0.7593965530,-0.0645305216,0.7281180620,0.1773443520,0.6589605808,-0.0629374310,0.7221789360,0.1779159456,0.6654641032,-0.1422427297,0.6956490278,0.2631899416,0.6531237364,-0.1422427297,0.6956490278,0.2631899416,0.6531237364,-0.1398886740,0.5714547038,0.1031750813,0.8020133972,-0.2368975729,0.5545526743,0.1722700894,0.7788928151,-0.2936518192,0.5267046094,0.0897813141,0.7926476598,-0.3059785962,0.6819460988,0.0258681066,0.6638203859,-0.3051315844,0.6630372405,0.0344497412,0.6827076077,-0.2135641277,0.6618726850,-0.0522462763,0.7166486382,-0.2135641277,0.6618726850,-0.0522462763,0.7166486382,-0.1369657218,0.6731458902,0.1068459451,0.7188177109,-0.1030310765,0.3534271717,0.1333036572,0.9201652408,0.1023110375,0.3741166294,0.0521286428,0.9202455878,0.1606244743,0.3440992832,0.1957900375,0.9041359425,0.2257178426,-0.6377295256,-0.1031176075,0.7291909456,0.1552796513,-0.6567602754,-0.0530903563,0.7360270023,0.1552796513,-0.6567602754,-0.0530903563,0.7360270023,-0.0887726769,0.4428590238,0.1542962492,0.8787422776,-0.3053607047,0.3903097808,0.2599802315,0.8287481070,-0.3571742177,0.3332810998,0.1376960874,0.8616206646,-0.0239930693,-0.5937742591,0.4290024340,0.6803039312,0.0675550699,-0.5861287713,0.3608791828,0.7222573161,0.0675550699,-0.5861287713,0.3608791828,0.7222573161,-0.1369657218,0.6731458902,0.1068459451,0.7188177109
0.8338040113,0.3174349964,0.2080354989,-0.1322630048,0.6731780171,0.1127090007,0.7187730074,-0.1694899946,0.0488619991,0.1624179929,0.2968629897,-0.0214220006,-0.2388470024,-0.2613100111,-0.2412919998,-0.2086620033,0.4219160080,-0.0610649996,0.2613730133,-0.0126419999,-0.7597280145,0.4479120076,0.3189289868,-2.1947999001,0.1750120074,-0.5774040222,-0.5023260117,-0.2932209969,-2.1947999001,-0.2491579950,0.0000000000,0.0169992447,-0.0550255142,-0.0145748239,0.1276997477,-0.0798395202,-0.0714627877,0.2521235347,-0.0643244013,0.0696998090,-0.0559501350,-0.2097236961,0.0986747444,0.2610981464,0.1634985209,0.0308245420,-0.1390740275,-0.2383481711,0.0007003546,0.0508244634,0.3153979778,0.2651743591,0.0611998141,0.0000000000,-0.1054491848,0.0247508287,0.1150757074,0.2178736031,0.0000000000,-0.2439729869,0.0000000000,2.0000000000,2.0000000000,-0.1322630048,0.6731780171,0.1127090007,0.7187730074,-0.1322630048,0.6731780171,0.1127090007,0.7187730074,-0.1078257710,0.6148932576,0.1388647109,0.7687630653,-0.0890138075,0.6181020141,0.1238023043,0.7711676359,-0.0385801569,0.6232857108,0.1859512329,0.7585833669,-0.0656557158,0.7286168933,0.1782010496,0.6580662727,-0.0637432784,0.7215266824,0.1788940579,0.6658326387,-0.1426164508,0.6950741410,0.2635824680,0.6534958482,-0.1426164508,0.6950741410,0.2635824680,0.6534958482,-0.1396513879,0.5725269914,0.1041559726,0.8011628389,-0.2350590527,0.5558298230,0.1723045111,0.7785317302,-0.2916660309,0.5283280015,0.0902898759,0.7922425270,-0.3041064441,0.6825084090,0.0272142962,0.6640489697,-0.3031339049,0.6619183421,0.0364852995,0.6845749021,-0.2113387138,0.6610285640,-0.0500835925,0.7182401419,-0.2113387138,0.6610285640,-0.0500835925,0.7182401419,-0.1365154982,0.6723285317,0.1081634164,0.7194710970,-0.1024102345,0.3549739420,0.1342211962,0.9195054770,0.1043589711,0.3759180605,0.0520335771,0.9192864299,0.1631278098,0.3454426527,0.1960175335,0.9031255841,0.2269885689,-0.6360802650,-0.1051777899,0.7299423218,0.1576657444,-0.6549577713,-0.0557651781,0.7369275093,0.1576657444,-0.6549577713,-0.0557651781,0.7369275093,-0.0881121904,0.4425090849,0.1553393900,0.8788013458,-0.3037566245,0.3900183141,0.2604424953,0.8293294311,-0.3549726605,0.3339398801,0.1395205408,0.8619818091,-0.0213328153,-0.5939222574,0.4279004335,0.6809571385,0.0722298920,-0.5857211947,0.3581269085,0.7235045433,0.0722298920,-0.5857211947,0.3581269085,0.7235045433,-0.1365154982,0.6723285317,0.1081634164,0.7194710970
0.8341799974,0.3160159886,0.2077038884,-0.1325230300,0.6720091701,0.1139410287,0.7196241617,-0.1638229936,0.0480839983,0.1642570049,0.2946330011,-0.0263260007,-0.2363400012,-0.2559710145,-0.2386039943,-0.2085310072,0.4191839993,-0.0657010004,0.2613970041,-0.0119920000,-0.7526019812,0.4550650120,0.3202700019,-2.1947999001,0.1733019948,-0.5778539777,-0.5000849962,-0.2880089879,-2.1947999001,-0.2535519898,0.0000000000,0.0055491929,-0.0719502643,-0.0132493656,0.1575313807,-0.0818807557,-0.0601861998,0.3022499382,-0.0351999886,0.0640001148,-0.1524247229,-0.2512249649,0.1093499362,0.2876501679,0.1274500042,0.0295750797,-0.1303002238,-0.2420249432,0.0013999641,0.0181999989,0.2833008766,0.3970250487,0.0576250255,0.0000000000,-0.1428503543,-0.0647500157,0.0834256411,0.2564497292,0.0000000000,-0.2110749483,0.0000000000,2.0000000000,2.0000000000,-0.1325230300,0.6720091701,0.1139410287,0.7196241617,-0.1325230300,0.6720091701,0.1139410287,0.7196241617,-0.1088428572,0.6156889796,0.1392716914,0.7679086328,-0.0903511196,0.6188591123,0.1244304702,0.7703032494,-0.0392777286,0.6241852641,0.1872038245,0.7574990988,-0.0663308650,0.7286133170,0.1794107854,0.6576737165,-0.0639636070,0.7198935151,0.1802683324,0.6672071815,-0.1421780288,0.6936202645,0.2638831139,0.6550130844,-0.1421780288,0.6936202645,0.2638831139,0.6550130844,-0.1395912766,0.5734143853,0.1055749208,0.8003525138,-0.2338563651,0.5567731261,0.1730718017,0.7780495286,-0.2905334830,0.5294104815,0.0911550820,0.7918369174,-0.3031412065,0.6825750470,0.0287115909,0.6643586159,-0.3020346165,0.6603862047,0.0386526473,0.6864190698,-0.2099998444,0.6597913504,-0.0477429889,0.7199278474,-0.2099998444,0.6597913504,-0.0477429889,0.7199278474,-0.1365499943,0.6712024808,0.1096241400,0.7202944160,-0.1022778153,0.3569143116,0.1354140639,0.9185937047,0.1075694561,0.3782611489,0.0514132045,0.9179891944,0.1669032723,0.3471105993,0.1957640052,0.9018503428,0.2283944786,-0.6339753866,-0.1085716486,0.7308374643,0.1598931253,-0.6527607441,-0.0595246851,0.7381018996,0.1598931253,-0.6527607441,-0.0595246851,0.7381018996,-0.0877088979,0.4410001040,0.1567963064,0.8793413043,-0.3025700450,0.3884873688,0.2610435784,0.8302923441,-0.3527266979,0.3336491585,0.1421501040,0.8625864387,-0.0179908201,-0.5947237611,0.4271374047,0.6808330417,0.0772787258,-0.5858974457,0.3560972810,0.7238417864,0.0772787258,-0.5858974457,0.3560972810,0.7238417864,-0.1365499943,0.6712024808,0.1096241400,0.7202944160
0.8340259790,0.3145569861,0.2070277035,-0.1330699474,0.6708567142,0.1150059476,0.7204286456,-0.1573999971,0.0474539995,0.1649779975,0.2907660007,-0.0314709991,-0.2344730049,-0.2498040050,-0.2361939996,-0.2074790001,0.4167039990,-0.0707459971,0.2614290118,-0.0119139999,-0.7483959794,0.4637930095,0.3212339878,-2.1947999001,0.1692979932,-0.5799940228,-0.4989889860,-0.2829630077,-2.1947999001,-0.2576009929,0.0000000000,-0.0143244844,-0.0734746531,-0.0109501174,0.1617468596,-0.0800117999,-0.0350229926,0.3305997849,-0.0296499580,0.0220499933,-0.2138502896,-0.2602500021,0.0853002071,0.3187254071,0.1170247793,0.0641252846,-0.1208499074,-0.2574000359,0.0017002225,-0.0032250071,0.1737743616,0.4560500383,0.0434748828,0.0000000000,-0.2288497984,-0.1281261444,0.0405251980,0.2502247691,0.0000000000,-0.1981250942,0.0000000000,2.0000000000,2.0000000000,-0.1330699474,0.6708567142,0.1150059476,0.7204286456,-0.1330699474,0.6708567142,0.1150059476,0.7204286456,-0.1102739125,0.6167786717,0.1394145936,0.7668033838,-0.0920506343,0.6199126840,0.1247424185,0.7692037821,-0.0406596288,0.6253893375,0.1876971424,0.7563099265,-0.0674226433,0.7283595204,0.1798266321,0.6577302814,-0.0645847544,0.7179200649,0.1808652580,0.6691094637,-0.1424059123,0.6918365359,0.2635975182,0.6569621563,-0.1424059123,0.6918365359,0.2635975182,0.6569621563,-0.1398248076,0.5746489763,0.1068938971,0.7992504835,-0.2330207080,0.5580518246,0.1738560200,0.7772089243,-0.2895561755,0.5309215188,0.0924386233,0.7910338640,-0.3024147153,0.6830630302,0.0305454042,0.6641063690,-0.3011452854,0.6591492295,0.0412213802,0.6878478527,-0.2089203596,0.6588989496,-0.0450454950,0.7212318778,-0.2089203596,0.6588989496,-0.0450454950,0.7212318778,-0.1370638460,0.6700521111,0.1107123345,0.7211009264,-0.1025696024,0.3574782610,0.1365022510,0.9181808233,0.1111956462,0.3792808354,0.0506914258,0.9171761274,0.1708111912,0.3474389315,0.1953140646,0.9010894895,0.2297599763,-0.6329302788,-0.1122047305,0.7307665944,0.1629203409,-0.6513863206,-0.0642784312,0.7382555604,0.1629203409,-0.6513863206,-0.0642784312,0.7382555604,-0.0877142921,0.4387434125,0.1581528485,0.8802262545,-0.3023387194,0.3861086071,0.2615879774,0.8313142061,-0.3513393700,0.3323414326,0.1446588933,0.8632401824,-0.0152045246,-0.5959842205,0.4270821810,0.6798326373,0.0816870630,-0.5865743756,0.3549964130,0.7233500481,0.0816870630,-0.5865743756,0.3549964130,0.7233500481,-0.1370638460,0.6700521111,0.1107123345,0.7211009264
0.8336070180,0.3130770028,0.2061773241,-0.1337609887,0.6697108746,0.1159879863,0.7212088704,-0.1505990028,0.0468979999,0.1651390046,0.2860789895,-0.0367360003,-0.2329279929,-0.2432219982,-0.2339230031,-0.2059659958,0.4143500030,-0.0759970024,0.2614650130,-0.0121210003,-0.7456510067,0.4733070135,0.3220089972,-2.1947999001,0.1641480029,-0.5829790235,-0.4984639883,-0.2779999971,-2.1947999001,-0.2614769936,0.0000000000,-0.0248998404,-0.0522747636,-0.0081755221,0.1375927180,-0.0752115622,0.0201892257,0.3341250122,-0.0179749914,-0.0129498541,-0.2592250705,-0.1309750676,0.0055000186,0.3031000495,0.0953998417,0.0748749822,-0.1262500882,-0.1958250999,0.0021994114,-0.0403749980,0.0908240676,0.4513747990,-0.0534750521,0.0000000000,-0.1770999283,-0.1350000501,0.0013247132,0.2438753843,0.0000000000,-0.2470254898,0.0000000000,2.0000000000,2.0000000000,-0.1337609887,0.6697108746,0.1159879863,0.7212088704,-0.1337609887,0.6697108746,0.1159879863,0.7212088704,-0.1119140536,0.6180108786,0.1394213736,0.7655714154,-0.0939330533,0.6211100221,0.1248926371,0.7679849863,-0.0423865356,0.6267411113,0.1878072470,0.7550678849,-0.0687259957,0.7279769778,0.1798469275,0.6580132246,-0.0654111579,0.7157684565,0.1810788810,0.6712729931,-0.1429705620,0.6898781061,0.2630251050,0.6591247320,-0.1429705620,0.6898781061,0.2630251050,0.6591247320,-0.1402092576,0.5760552287,0.1081608832,0.7979994416,-0.2323738486,0.5594976544,0.1746446639,0.7761855125,-0.2886596918,0.5326451659,0.0939267054,0.7900269628,-0.3018073440,0.6837605238,0.0325419866,0.6635699272,-0.3003531992,0.6580582857,0.0439839587,0.6890665293,-0.2079631835,0.6581766605,-0.0421761461,0.7223407030,-0.2079631835,0.6581766605,-0.0421761461,0.7223407030,-0.1378172934,0.6688879132,0.1116149947,0.7218985558,-0.1030725986,0.3573530614,0.1375370473,0.9180187583,0.1150304079,0.3796385825,0.0499219373,0.9165971875,0.1747849286,0.3470963240,0.1947676092,0.9005775452,0.2311066836,-0.6324083209,-0.1159558222,0.7302079797,0.1663479060,-0.6504116654,-0.0695256218,0.7378748655,0.1663479060,-0.6504116654,-0.0695256218,0.7378748655,-0.0879212692,0.4361096919,0.1594608724,0.8812776804,-0.3025804162,0.3833022714,0.2621045709,0.8323614597,-0.3503845930,0.3305232823,0.1471105367,0.8639118075,-0.0126947565,-0.5974689722,0.4273849726,0.6783891320,0.0857776552,-0.5874910355,0.3543686569,0.7224398851,0.0857776552,-0.5874910355,0.3543686569,0.7224398851,-0.1378172934,0.6688879132,0.1116149947,0.7218985558
0.8330299854,0.3124659956,0.2050132453,-0.1348619312,0.6688835621,0.1160669327,0.7217586040,-0.1440349966,0.0467349999,0.1644600034,0.2803969979,-0.0367100015,-0.2342530042,-0.2376800030,-0.2323780060,-0.2044840008,0.4116539955,-0.0785790011,0.2615169883,-0.0135289999,-0.7447630167,0.4818480015,0.3190949857,-2.1947999001,0.1622139961,-0.5853940248,-0.4989359975,-0.2732079923,-2.1947999001,-0.2674820125,0.0000000000,-0.0298753399,-0.0299252514,-0.0061243782,0.1147381961,-0.0756205618,0.0666574985,0.3289502263,-0.0032249838,-0.0192001462,-0.2948001027,0.0236500055,-0.0665750355,0.2575248480,0.0870000571,0.0869248062,-0.1112997532,-0.1006748527,0.0028498471,-0.0618249886,0.0502496958,0.4276998341,-0.1306749880,0.0000000000,-0.1020751894,-0.1225501299,-0.0454753637,0.2288997173,0.0000000000,-0.2913750708,0.0000000000,2.0000000000,2.0000000000,-0.1348619312,0.6688835621,0.1160669327,0.7217586040,-0.1348619312,0.6688835621,0.1160669327,0.7217586040,-0.1139884368,0.6194966435,0.1385810375,0.7642159462,-0.0961011127,0.6225655079,0.1240684241,0.7666705847,-0.0446405001,0.6283553839,0.1866215020,0.7538893223,-0.0702809244,0.7275384068,0.1785523742,0.6586862206,-0.0669919401,0.7153263688,0.1798122376,0.6719285250,-0.1450537592,0.6894126534,0.2621724904,0.6594961882,-0.1450537592,0.6894126534,0.2621724904,0.6594961882,-0.1411438286,0.5773712397,0.1085451022,0.7968305349,-0.2325669527,0.5608950257,0.1747466028,0.7750955224,-0.2885996103,0.5342292190,0.0947247297,0.7888832092,-0.3018674850,0.6841822863,0.0337422527,0.6630476713,-0.3003091514,0.6576101780,0.0455733836,0.6894102097,-0.2078558803,0.6579384804,-0.0405589528,0.7226810455,-0.2078558803,0.6579384804,-0.0405589528,0.7226810455,-0.1393834949,0.6679560542,0.1111819893,0.7225272655,-0.1047183648,0.3566306233,0.1376679838,0.9180938601,0.1173633561,0.3791779578,0.0485997610,0.9165632129,0.1764793098,0.3466081917,0.1921397895,0.9009996057,0.2295711935,-0.6329046488,-0.1186836883,0.7298240066,0.1655416489,-0.6505488157,-0.0728261545,0.7376168966,0.1655416489,-0.6505488157,-0.0728261545,0.7376168966,-0.0893371254,0.4340091646,0.1596813649,0.8821319938,-0.3043597937,0.3811504543,0.2618901134,0.8327683210,-0.3510875702,0.3291130960,0.1488707066,0.8638632894,-0.0115304450,-0.5980337858,0.4288056791,0.6770142913,0.0892280340,-0.5874994993,0.3542090356,0.7220932841,0.0892280340,-0.5874994993,0.3542090356,0.7220932841,-0.1393834949,0.6679560542,0.1111819893,0.7225272655
0.8324120045,0.3118799925,0.2040354908,-0.1359810233,0.6679751277,0.1161580309,0.7223750949,-0.1374409944,0.0467690006,0.1643709987,0.2742869854,-0.0357900001,-0.2355909944,-0.2329210043,-0.2304430008,-0.2024890035,0.4098980129,-0.0800239965,0.2615790069,-0.0145939998,-0.7436410189,0.4904150069,0.3167819977,-2.1947999001,0.1600649953,-0.5878810287,-0.5002830029,-0.2688440084,-2.1947999001,-0.2731319964,0.0000000000,-0.0329494476,-0.0280499514,-0.0060245390,0.1237267777,-0.0887061879,0.0657098368,0.3312248588,0.0115750358,0.0250998884,-0.3269501030,0.0906000882,-0.0675749034,0.1988250762,0.1162502915,0.1255251467,-0.0408500433,-0.0153750181,0.0036254525,-0.0361250006,0.0679254532,0.4295997322,-0.0855743885,0.0000000000,-0.1181747764,-0.1278996468,-0.1110494137,0.1968249679,0.0000000000,-0.2647995949,0.0000000000,2.0000000000,2.0000000000,-0.1359810233,0.6679751277,0.1161580309,0.7223750949,-0.1359810233,0.6679751277,0.1161580309,0.7223750949,-0.1160843223,0.6209024191,0.1377411932,0.7629101872,-0.0982139334,0.6239534020,0.1231853664,0.7654159069,-0.0466602184,0.6299100518,0.1856048852,0.7527198195,-0.0715968832,0.7269028425,0.1774830371,0.6595346332,-0.0684095323,0.7149847150,0.1787357777,0.6724362373,-0.1469623744,0.6890243888,0.2615245283,0.6597366929,-0.1469623595,0.6890243292,0.2615244985,0.6597366333,-0.1421113014,0.5782828331,0.1089086607,0.7959474325,-0.2326764762,0.5619276166,0.1746698022,0.7743316889,-0.2882798910,0.5355330706,0.0955123752,0.7880206108,-0.3016850054,0.6847008467,0.0348435082,0.6625382304,-0.3000497520,0.6576504111,0.0468834192,0.6893968582,-0.2075781077,0.6581479907,-0.0392857641,0.7226405144,-0.2075781077,0.6581479907,-0.0392857641,0.7226405144,-0.1408515722,0.6669650674,0.1108838096,0.7232034206,-0.1062361449,0.3559463918,0.1378807575,0.9181530476,0.1198303476,0.3787705302,0.0473476164,0.9164778590,0.1784247458,0.3460872769,0.1898382306,0.9013045430,0.2284421325,-0.6332986951,-0.1214793697,0.7293763161,0.1652356684,-0.6505973935,-0.0762602761,0.7372955084,0.1652356684,-0.6505973935,-0.0762602761,0.7372955084,-0.0906143710,0.4318037331,0.1600123942,0.8830235600,-0.3063788414,0.3787552714,0.2619215548,0.8331108689,-0.3520705700,0.3273487091,0.1507057846,0.8638153672,-0.0104470439,-0.5987451673,0.4305085838,0.6753202677,0.0924779847,-0.5876597166,0.3544837236,0.7214188576,0.0924779847,-0.5876597166,0.3544837236,0.7214188576,-0.1408515722,0.6669650674,0.1108838096,0.7232034206
0.8317120075,0.3113439977,0.2034360766,-0.1371340454,0.6669042110,0.1162760481,0.7231272459,-0.1307860017,0.0471980013,0.1654639989,0.2673189938,-0.0330859981,-0.2369560003,-0.2297270000,-0.2277279943,-0.1994629949,0.4100199938,-0.0791940019,0.2616620064,-0.0149739999,-0.7420459986,0.4990319908,0.3156720102,-2.1947999001,0.1574870050,-0.5905100107,-0.5033779740,-0.2653349936,-2.1947999001,-0.2780739963,0.0000000000,-0.0358253717,-0.0362746418,-0.0068001458,0.1410766840,-0.0976435840,0.0523507893,0.3174997866,0.0438000076,0.0785999000,-0.3028243780,0.1259000003,-0.0464502722,0.1744501293,0.1041248441,0.1192502677,-0.0092253089,0.0090999529,0.0036247075,-0.0153250061,0.0145509839,0.3877751529,-0.0888496637,0.0000000000,-0.0854749233,-0.1439988613,-0.2023249865,0.2229504287,0.0000000000,-0.2244003117,0.0000000000,2.0000000000,2.0000000000,-0.1371340454,0.6669042110,0.1162760481,0.7231272459,-0.1371340454,0.6669042110,0.1162760481,0.7231272459,-0.1182223484,0.6221544743,0.1369135678,0.7617099285,-0.1002155021,0.6252119541,0.1221945807,0.7642874718,-0.0482066832,0.6313551068,0.1849355549,0.7515754700,-0.0724215806,0.7258803248,0.1768619716,0.6607365012,-0.0694859773,0.7148509026,0.1780357808,0.6726537943,-0.1485072374,0.6887956262,0.2612838149,0.6597250104,-0.1485072374,0.6887956262,0.2612838149,0.6597250104,-0.1431406885,0.5783873200,0.1092408746,0.7956414819,-0.2326130569,0.5622302294,0.1742487550,0.7742259502,-0.2874363363,0.5362760425,0.0962961242,0.7877280712,-0.3010207713,0.6854091287,0.0357641652,0.6620587707,-0.2993690372,0.6586631536,0.0476525351,0.6886728406,-0.2069676518,0.6592507958,-0.0386826470,0.7218424678,-0.2069676518,0.6592507958,-0.0386826470,0.7218424678,-0.1421232671,0.6658588052,0.1108587906,0.7239775062,-0.1074970588,0.3553422987,0.1382613629,0.9181830883,0.1225633994,0.3784796000,0.0462332480,0.9162935019,0.1808688641,0.3455032408,0.1881887764,0.9013873339,0.2281237245,-0.6334978938,-0.1244084463,0.7288090587,0.1659257561,-0.6504734755,-0.0799585283,0.7368579507,0.1659257561,-0.6504734755,-0.0799585283,0.7368579507,-0.0916128680,0.4293923974,0.1605635285,0.8839957714,-0.3088768423,0.3758769035,0.2624406219,0.8333287239,-0.3536051810,0.3248751760,0.1526858360,0.8637746572,-0.0095260208,-0.5997557640,0.4327661991,0.6729902029,0.0953288376,-0.5881466866,0.3556156158,0.7200927138,0.0953288376,-0.5881466866,0.3556156158,0.7200927138,-0.1421232671,0.6658588052,0.1108587906,0.7239775062
0.8309789896,0.3104290068,0.2029662728,-0.1382230520,0.6657192111,0.1167050451,0.7239422202,-0.1247410029,0.0485210009,0.1675149947,0.2621740103,-0.0307539999,-0.2374490052,-0.2259429991,-0.2262780070,-0.1977189928,0.4095290005,-0.0796599984,0.2617239952,-0.0152070001,-0.7430589795,0.5059260130,0.3132280111,-2.1947999001,0.1566459984,-0.5936409831,-0.5083760023,-0.2599259913,-2.1947999001,-0.2821080089,0.0000000000,-0.0370249152,-0.0504747033,-0.0081002712,0.1582301110,-0.0977813080,0.0335768797,0.2946499586,0.0773250163,0.1145500690,-0.2344749868,0.1119499579,-0.0137750059,0.1965750009,0.0567249954,0.0711999834,-0.0321745872,-0.0395499170,0.0028498471,-0.0097749988,-0.0832498074,0.3232009709,-0.1388505101,0.0000000000,-0.0203751028,-0.1628249884,-0.2736762166,0.2941749990,0.0000000000,-0.1903250813,0.0000000000,2.0000000000,2.0000000000,-0.1382230520,0.6657192111,0.1167050451,0.7239422202,-0.1382230520,0.6657192111,0.1167050451,0.7239422202,-0.1201884076,0.6230688095,0.1364787966,0.7607322931,-0.1016990915,0.6261961460,0.1213241443,0.7634238601,-0.0489552580,0.6325091124,0.1847665906,0.7505977750,-0.0726864338,0.7251945138,0.1767823249,0.6614814401,-0.0699595585,0.7149375677,0.1778790653,0.6725540757,-0.1491282731,0.6888357401,0.2613082230,0.6595332026,-0.1491282731,0.6888357401,0.2613082230,0.6595332026,-0.1440576166,0.5786125064,0.1098897681,0.7952228189,-0.2329155058,0.5625069141,0.1745112687,0.7738748789,-0.2872968912,0.5367719531,0.0972788632,0.7873203158,-0.3010752797,0.6856492162,0.0368286297,0.6617268920,-0.2993700206,0.6587558389,0.0487880781,0.6885042787,-0.2069682181,0.6594896317,-0.0375893414,0.7216818333,-0.2069682181,0.6594896317,-0.0375893414,0.7216818333,-0.1432808042,0.6646490097,0.1111972257,0.7248086333,-0.1083668023,0.3534199595,0.1390022784,0.9187107086,0.1250111461,0.3769610226,0.0461268052,0.9165942073,0.1826132536,0.3439087570,0.1870208532,0.9018882513,0.2279695272,-0.6345695257,-0.1265222728,0.7275600433,0.1660362631,-0.6514084339,-0.0824173167,0.7357352972,0.1660362631,-0.6514084339,-0.0824173167,0.7357352972,-0.0923500285,0.4266415536,0.1614701599,0.8850852847,-0.3119457960,0.3723293841,0.2635648847,0.8334232569,-0.3553280234,0.3220598102,0.1560842395,0.8635144830,-0.0074494919,-0.6007201672,0.4358245432,0.6701767445,0.0989710167,-0.5884473920,0.3578666747,0.7182381153,0.0989710167,-0.5884473920,0.3578666747,0.7182381153,-0.1432808042,0.6646490097,0.1111972257,0.7248086333
0.8302310109,0.3093250096,0.2025622129,-0.1392799765,0.6644749045,0.1172889695,0.7247878909,-0.1190000027,0.0502910018,0.1700460017,0.2579399943,-0.0286079999,-0.2375070006,-0.2218640000,-0.2254589945,-0.1966149956,0.4087330103,-0.0807759985,0.2617760003,-0.0153649999,-0.7453759909,0.5119600296,0.3101179898,-2.1947999001,0.1566720009,-0.5970230103,-0.5143250227,-0.2535679936,-2.1947999001,-0.2856869996,0.0000000000,-0.0526249409,-0.0427499413,-0.0092498967,0.1378633827,-0.1172541007,0.0234237257,0.2776499987,0.0811750069,0.1017753035,-0.2149753273,0.1421750039,-0.0377248973,0.1837249845,0.0406000763,0.0041998923,-0.0394247472,0.0369749963,0.0016503036,0.0060500111,-0.0867009163,0.3026992083,-0.1697503030,0.0000000000,0.0138752162,-0.1987248659,-0.2734750509,0.2456501126,0.0000000000,-0.1002997160,0.0000000000,2.0000000000,2.0000000000,-0.1392799765,0.6644749045,0.1172889695,0.7247878909,-0.1392799765,0.6644749045,0.1172889695,0.7247878909,-0.1220698878,0.6238117814,0.1362364292,0.7598667741,-0.1029260755,0.6270399094,0.1205089539,0.7626957297,-0.0493056700,0.6335154176,0.1848422289,0.7497069836,-0.0726692453,0.7246758938,0.1769657582,0.6620023847,-0.0701305792,0.7151328325,0.1779870838,0.6723001003,-0.1492871344,0.6890093088,0.2614586055,0.6592564583,-0.1492871344,0.6890093088,0.2614586055,0.6592564583,-0.1449207366,0.5788965821,0.1106946468,0.7947475314,-0.2334027141,0.5627700090,0.1751126200,0.7734007239,-0.2875112295,0.5371444821,0.0983584449,0.7868537307,-0.3014895916,0.6856558919,0.0379620716,0.6614672542,-0.2997109294,0.6583886743,0.0501043648,0.6886125803,-0.2072733492,0.6592964530,-0.0362535380,0.7218391299,-0.2072733492,0.6592964530,-0.0362535380,0.7218391299,-0.1443806589,0.6633853316,0.1117173955,0.7256675959,-0.1090381518,0.3508353531,0.1399251670,0.9194815159,0.1273216307,0.3748317659,0.0465365238,0.9171285629,0.1840195954,0.3418147862,0.1861035526,0.9025879502,0.2279112041,-0.6360648274,-0.1282338649,0.7259711623,0.1658721268,-0.6528607011,-0.0842623413,0.7342746854,0.1658721268,-0.6528607011,-0.0842623413,0.7342746854,-0.0929539576,0.4237173796,0.1625556201,0.8862273693,-0.3152979612,0.3684396744,0.2649772167,0.8334425092,-0.3571587801,0.3190762401,0.1601773947,0.8631170988,-0.0048141475,-0.6016350985,0.4392874241,0.6671121716,0.1029852107,-0.5886228681,0.3606861532,0.7161163688,0.1029852107,-0.5886228681,0.3606861532,0.7161163688,-0.1443806589,0.6633853316,0.1117173955,0.7256675959
0.8288739920,0.3087190092,0.2024725676,-0.1399019808,0.6631829143,0.1174169853,0.7258299589,-0.1136350036,0.0517680012,0.1715860069,0.2535749972,-0.0250669997,-0.2389580011,-0.2185939997,-0.2246540040,-0.1975509971,0.4079520106,-0.0781809986,0.2617900074,-0.0149649996,-0.7465270162,0.5180339813,0.3064379990,-2.1947999001,0.1572010070,-0.6015899777,-0.5193150043,-0.2500999868,-2.1947999001,-0.2861199975,0.0000000000,-0.0656500459,-0.0289753079,-0.0116251446,0.1140324324,-0.1412632316,0.0011651305,0.2697480917,0.0657744706,0.0534750521,-0.2147980034,0.1734487265,-0.0314254314,0.1730486751,0.0305749476,-0.0426746905,-0.0514492393,0.1006243750,0.0002250075,0.0120499637,-0.0548496842,0.2658724785,-0.1729734242,0.0000000000,0.0353995711,-0.2056986094,-0.2443984151,0.1769483089,0.0000000000,-0.0229991972,0.0000000000,2.0000000000,2.0000000000,-0.1399019808,0.6631829143,0.1174169853,0.7258299589,-0.1399019808,0.6631829143,0.1174169853,0.7258299589,-0.1234885305,0.6243557334,0.1355693191,0.7593098879,-0.1037953794,0.6276552677,0.1193648875,0.7622515559,-0.0496312305,0.6342407465,0.1842415184,0.7492199540,-0.0725298375,0.7238872647,0.1764868796,0.6630076170,-0.0703121945,0.7155207992,0.1773820370,0.6720281243,-0.1499132812,0.6892767549,0.2614039183,0.6588562727,-0.1499132812,0.6892767549,0.2614039183,0.6588562727,-0.1454186887,0.5788006186,0.1109652966,0.7946886420,-0.2335796505,0.5627148151,0.1751442999,0.7733803391,-0.2879332006,0.5369374752,0.0980237126,0.7868825197,-0.3018201590,0.6852006316,0.0376665331,0.6618050933,-0.3001175523,0.6588134766,0.0494330525,0.6880775690,-0.2077412605,0.6596297026,-0.0369791724,0.7213631868,-0.2077412605,0.6596297026,-0.0369791724,0.7213631868,-0.1448602825,0.6621175408,0.1119827256,0.7266882062,-0.1092914566,0.3487403393,0.1403527856,0.9201829433,0.1300411671,0.3730557859,0.0463479087,0.9174806476,0.1857854277,0.3400836587,0.1843081564,0.9032483101,0.2272166461,-0.6373376250,-0.1306620538,0.7246384621,0.1648815423,-0.6540789008,-0.0866536126,0.7331343889,0.1648815423,-0.6540789008,-0.0866536126,0.7331343889,-0.0929257274,0.4202062190,0.1633083522,0.8877624273,-0.3177432418,0.3641906977,0.2657216489,0.8341441154,-0.3585149050,0.3152621388,0.1623023897,0.8635594249,-0.0037590708,-0.6036961675,0.4414762259,0.6638038158,0.1043963060,-0.5903911591,0.3632410169,0.7131589651,0.1043963060,-0.5903911591,0.3632410169,0.7131589651,-0.1448602825,0.6621175408,0.1119827256,0.7266882062
0.8276050091,0.3081659973,0.2024880052,-0.1402529329,0.6617887020,0.1177649349,0.7269775867,-0.1082100794,0.0529219806,0.1721850038,0.2493480742,-0.0216700509,-0.2387640178,-0.2149420530,-0.2242359966,-0.1983219832,0.4066750407,-0.0767510235,0.2617850006,-0.0148830013,-0.7475699782,0.5225949287,0.3031990528,-2.1947999001,0.1580879837,-0.6052509546,-0.5241009593,-0.2464900613,-2.1947999001,-0.2866069674,0.0000000000,-0.0590518117,-0.0249013305,-0.0166006424,0.1212749258,-0.1541550308,-0.0533210561,0.2742517591,0.0416253693,-0.0170756131,-0.2044510096,0.1627264023,0.0919498503,0.2016264945,0.0015504658,-0.0302996486,-0.0886261463,0.0133002177,-0.0012502074,-0.0118248630,-0.0467002392,0.1523762941,-0.1399017870,0.0000000000,0.0622756779,-0.1376777887,-0.2291515470,0.1876004040,0.0000000000,-0.0270761549,0.0000000000,2.0000000000,2.0000000000,-0.1402529329,0.6617887020,0.1177649349,0.7269775867,-0.1402529329,0.6617887020,0.1177649349,0.7269775867,-0.1246333495,0.6248089075,0.1350940466,0.7588345408,-0.1045125648,0.6281645298,0.1185156405,0.7618665695,-0.0501120090,0.6348246336,0.1835867018,0.7488541603,-0.0725522935,0.7230182290,0.1759302467,0.6641004086,-0.0706418604,0.7157803774,0.1767060012,0.6718952060,-0.1501608640,0.6896403432,0.2606967688,0.6586995721,-0.1501608640,0.6896403432,0.2606967688,0.6586995721,-0.1456147879,0.5787551403,0.1114346236,0.7946200967,-0.2336052358,0.5626537204,0.1754879951,0.7733392119,-0.2881595492,0.5367630720,0.0980664343,0.7869132161,-0.3020263612,0.6846133471,0.0378553644,0.6623077989,-0.3003516793,0.6586992145,0.0494150743,0.6880861521,-0.2079740316,0.6595141292,-0.0369804353,0.7214017510,-0.2079740316,0.6595141292,-0.0369804353,0.7214017510,-0.1451736838,0.6607266068,0.1123519018,0.7278337479,-0.1093551517,0.3465382755,0.1408111751,0.9209370613,0.1322663575,0.3711515367,0.0465087444,0.9179264903,0.1871309578,0.3382533491,0.1830720305,0.9039090276,0.2268327922,-0.6386806965,-0.1324621588,0.7232480645,0.1640553474,-0.6554340720,-0.0883259252,0.7319089770,0.1640553474,-0.6554340720,-0.0883259252,0.7319089770,-0.0927943140,0.4169317782,0.1640469283,0.8891826868,-0.3199794590,0.3601997793,0.2664574981,0.8347872496,-0.3596887290,0.3117653728,0.1644857377,0.8639276028,-0.0025511468,-0.6055571437,0.4435264468,0.6607407331,0.1059579328,-0.5919419527,0.3656030595,0.7104309797,0.1059579328,-0.5919419527,0.3656030595,0.7104309797,-0.1451736838,0.6607266068,0.1123519018,0.7278337479
0.8265119195,0.3077229559,0.2027106881,-0.1400610209,0.6601939797,0.1185530052,0.7283350825,-0.1026649326,0.0534330159,0.1709029824,0.2453969568,-0.0185579434,-0.2352800071,-0.2105289400,-0.2245919853,-0.1987629831,0.4044069648,-0.0776489899,0.2617399991,-0.0154379942,-0.7483950257,0.5241290331,0.3008419275,-2.1947999001,0.1596920341,-0.6070970893,-0.5284810662,-0.2425959706,-2.1947999001,-0.2872030437,0.0000000000,-0.0474259257,-0.0198498350,-0.0162996352,0.1040685475,-0.1408196539,-0.0560595170,0.2514284253,0.0405260362,-0.0655006617,-0.1885034144,0.1682277471,0.0882245600,0.1902770251,0.0119004399,0.0135004520,-0.0933513045,-0.0118240714,-0.0007502735,-0.0050996663,-0.0150993466,0.0868514180,-0.1431025565,0.0000000000,0.0904012471,-0.0824004412,-0.1706257463,0.1649275422,0.0000000000,-0.0538267195,0.0000000000,2.0000000000,2.0000000000,-0.1400610209,0.6601939797,0.1185530052,0.7283350825,-0.1400610209,0.6601939797,0.1185530052,0.7283350825,-0.1252334863,0.6250869632,0.1350107640,0.7585216165,-0.1049261615,0.6284704804,0.1182644293,0.7615963221,-0.0509049073,0.6351325512,0.1828332841,0.7487238646,-0.0728993267,0.7219945788,0.1752284467,0.6653605700,-0.0712702647,0.7157896757,0.1758973151,0.6720311642,-0.1496531963,0.6901975274,0.2586929798,0.6590214372,-0.1496531963,0.6901975274,0.2586929798,0.6590214372,-0.1452072263,0.5788121223,0.1123051271,0.7945306301,-0.2333278358,0.5625815392,0.1764595211,0.7732543349,-0.2879947126,0.5366552472,0.0988680720,0.7869467735,-0.3019827902,0.6837629676,0.0390162580,0.6631382704,-0.3002408147,0.6575081348,0.0507082380,0.6891786456,-0.2077378035,0.6585028768,-0.0355280638,0.7224657536,-0.2077378035,0.6585028768,-0.0355280638,0.7224657536,-0.1451528370,0.6590932012,0.1129275113,0.7292284966,-0.1090392545,0.3441275358,0.1413284838,0.9217987657,0.1334988177,0.3689927459,0.0473482497,0.9185754061,0.1876229495,0.3362152278,0.1829379797,0.9045941830,0.2270503044,-0.6401907802,-0.1330035329,0.7217437625,0.1635349691,-0.6570886970,-0.0885583460,0.7305123806,0.1635349691,-0.6570886970,-0.0885583460,0.7305123806,-0.0924580172,0.4141425788,0.1647531241,0.8903897405,-0.3217975497,0.3567385674,0.2671989202,0.8353375196,-0.3604834676,0.3089098036,0.1668035686,0.8641776443,-0.0010148069,-0.6070423722,0.4452961683,0.6581867933,0.1078469753,-0.5930794477,0.3675723970,0.7081782818,0.1078469753,-0.5930794477,0.3675723970,0.7081782818,-0.1451528370,0.6590932012,0.1129275113,0.7292284966
0.8257079720,0.3073720038,0.2026735246,-0.1401959062,0.6590976119,0.1187919229,0.7292625904,-0.0981529430,0.0545430221,0.1695649773,0.2418079376,-0.0149409408,-0.2352350354,-0.2073309720,-0.2237599790,-0.1977819651,0.4029409885,-0.0772239864,0.2617549896,-0.0150869880,-0.7481739521,0.5260689855,0.2974749506,-2.1947999001,0.1617040336,-0.6085469723,-0.5309259892,-0.2398929596,-2.1947999001,-0.2887600362,0.0000000000,-0.0365734138,-0.0163741410,-0.0109247854,0.0703798681,-0.1085065901,-0.0054061902,0.2127243280,0.0630252063,-0.0675745308,-0.1749485731,0.1871502697,-0.0407256186,0.1446742564,0.0564504415,0.0668007880,-0.0632740557,0.0378010795,0.0014998019,0.0288752839,0.0241249800,0.1020506024,-0.1809246838,0.0000000000,0.1056991518,-0.0675737858,-0.0980749726,0.1202996820,0.0000000000,-0.0898495317,0.0000000000,2.0000000000,2.0000000000,-0.1401959062,0.6590976119,0.1187919229,0.7292625904,-0.1401959062,0.6590976119,0.1187919229,0.7292625904,-0.1260296851,0.6255278587,0.1345514208,0.7581077218,-0.1053106561,0.6289642453,0.1174444258,0.7612625360,-0.0516710989,0.6356228590,0.1814870089,0.7485828400,-0.0731829777,0.7212690711,0.1739301085,0.6664559245,-0.0718816072,0.7162702680,0.1744719595,0.6718254685,-0.1502213627,0.6908479333,0.2573183775,0.6587488055,-0.1502213627,0.6908479333,0.2573183775,0.6587488055,-0.1452218592,0.5789117813,0.1126357988,0.7944085598,-0.2330070585,0.5627169609,0.1765652001,0.7732283473,-0.2874256372,0.5369629264,0.0993618071,0.7868828177,-0.3014953434,0.6835653782,0.0398352221,0.6635150313,-0.2997328937,0.6574426293,0.0514439754,0.6894077659,-0.2071989179,0.6585336328,-0.0347949937,0.7226281762,-0.2071989179,0.6585336328,-0.0347949937,0.7226281762,-0.1451637745,0.6580213308,0.1132874116,0.7301379442,-0.1089067832,0.3429002762,0.1416409612,0.9222236872,0.1346281320,0.3679347038,0.0476111360,0.9188212752,0.1880012751,0.3354099989,0.1817235500,0.9050592184,0.2261878997,-0.6409467459,-0.1339212060,0.7211735845,0.1618134081,-0.6579419374,-0.0889625251,0.7300783992,0.1618134081,-0.6579419374,-0.0889625251,0.7300783992,-0.0922429264,0.4122080803,0.1652242541,0.8912220597,-0.3228292763,0.3544212878,0.2675819397,0.8358030915,-0.3608253300,0.3070417643,0.1682708561,0.8644162416,0.0000277039,-0.6080904007,0.4462775290,0.6565534472,0.1095700040,-0.5938161016,0.3683522046,0.7068900466,0.1095700040,-0.5938161016,0.3683522046,0.7068900466,-0.1451637745,0.6580213308,0.1132874116,0.7301379442
0.8250489831,0.3070679903,0.2025072277,-0.1404960006,0.6582499743,0.1187560111,0.7299759984,-0.0941559598,0.0559540242,0.1682000011,0.2383990139,-0.0110719325,-0.2369090319,-0.2047419697,-0.2223339677,-0.1960909516,0.4018760026,-0.0761369467,0.2617999911,-0.0142829828,-0.7474300265,0.5282110572,0.2936049402,-2.1947999001,0.1639200002,-0.6098000407,-0.5324040651,-0.2377839833,-2.1947999001,-0.2907970250,0.0000000000,-0.0407487154,-0.0026248398,-0.0100754201,0.0533018596,-0.1267139763,-0.0272666980,0.1589486301,0.0689744055,-0.0424243510,-0.0682983547,0.2065985203,-0.1034490764,0.1045491546,0.0647496432,0.1136992127,-0.0130750239,0.1082746312,0.0011250377,0.0470246896,0.0811994076,0.0835254788,-0.2287738025,0.0000000000,0.0559240580,-0.0727012753,-0.0706255436,0.0812239945,0.0000000000,-0.1126989722,0.0000000000,2.0000000000,2.0000000000,-0.1404960006,0.6582499743,0.1187560111,0.7299759984,-0.1404960006,0.6582499743,0.1187560111,0.7299759984,-0.1269244403,0.6260493994,0.1339022070,0.7576428652,-0.1056809425,0.6295500398,0.1163370907,0.7608968019,-0.0524246581,0.6362022758,0.1798419356,0.7484351397,-0.0734390020,0.7206898332,0.1723316014,0.6674688458,-0.0724838674,0.7169837952,0.1727355272,0.6714483500,-0.1513261497,0.6915460229,0.2562565804,0.6581771970,-0.1513261497,0.6915460229,0.2562565804,0.6581771970,-0.1454482824,0.5790317655,0.1126953140,0.7942712903,-0.2326654643,0.5629553795,0.1762363911,0.7732326984,-0.2866549194,0.5374764800,0.0996994302,0.7867707014,-0.3007862270,0.6836927533,0.0404804163,0.6636665463,-0.2990276515,0.6579387784,0.0518987961,0.6892065406,-0.2065097094,0.6590842009,-0.0344236530,0.7223412991,-0.2065097094,0.6590842009,-0.0344236530,0.7223412991,-0.1451932490,0.6572298408,0.1135399118,0.7308055162,-0.1088686511,0.3422643840,0.1418525875,0.9224319458,0.1357033104,0.3674268723,0.0475873277,0.9188675880,0.1883203685,0.3352226615,0.1799715310,0.9054123163,0.2247867733,-0.6413238049,-0.1350236237,0.7210710049,0.1594926417,-0.6583892703,-0.0894481391,0.7301266193,0.1594926417,-0.6583892703,-0.0894481391,0.7301266193,-0.0920907632,0.4106999040,0.1655791998,0.8918678761,-0.3234699965,0.3526750803,0.2677895129,0.8362274766,-0.3609410822,0.3056656718,0.1693172455,0.8646513224,0.0008269242,-0.6089226604,0.4468672276,0.6553794742,0.1112143770,-0.5943527222,0.3685412407,0.7060832977,0.1112143770,-0.5943527222,0.3685412407,0.7060832977,-0.1451932490,0.6572298408,0.1135399118,0.7308055162
0.8240780234,0.3072670102,0.2032951713,-0.1400339156,0.6570285559,0.1188769341,0.7311445475,-0.0917949975,0.0573019981,0.1678680032,0.2390760034,-0.0066769999,-0.2393729985,-0.2031490058,-0.2211699933,-0.1932339966,0.4024179876,-0.0728930011,0.2617999911,-0.0132060004,-0.7449259758,0.5294100046,0.2883239985,-2.1947999001,0.1639409959,-0.6114550233,-0.5337510109,-0.2366439998,-2.1947999001,-0.2932679951,0.0000000000,-0.0442489982,-0.0006496906,-0.0106751919,0.0673581138,-0.1557836533,-0.0698805898,0.1176239923,0.0876993835,0.0295750797,0.0509496778,0.1830733120,-0.0943992287,0.0804994255,0.0639993697,0.1188237220,0.0405497849,0.1437736750,0.0000000000,0.0515995771,0.1155763865,0.0663489103,-0.2644732594,0.0000000000,-0.0258501619,-0.0714987516,-0.0723481178,0.0665746629,0.0000000000,-0.0802993774,0.0000000000,2.0000000000,2.0000000000,-0.1400339156,0.6570285559,0.1188769341,0.7311445475,-0.1400339156,0.6570285559,0.1188769341,0.7311445475,-0.1268158555,0.6255966425,0.1336400956,0.7580810785,-0.1050470099,0.6291683316,0.1156637445,0.7614029646,-0.0519305691,0.6357600093,0.1790891439,0.7490257621,-0.0729169920,0.7205470800,0.1716182381,0.6678639650,-0.0723436326,0.7183133960,0.1718607098,0.6702657342,-0.1518564671,0.6926543713,0.2563985586,0.6568328142,-0.1518564671,0.6926543713,0.2563985586,0.6568328142,-0.1449119747,0.5783551931,0.1127914861,0.7948483825,-0.2317460775,0.5623747706,0.1759296507,0.7740007639,-0.2849157453,0.5373961926,0.1004438177,0.7873623371,-0.2992418706,0.6839121580,0.0414758585,0.6640769839,-0.2975318432,0.6592600346,0.0523522198,0.6885566711,-0.2051115036,0.6604533195,-0.0341465697,0.7215017676,-0.2051115036,0.6604533195,-0.0341465697,0.7215017676,-0.1443691850,0.6560896039,0.1140466258,0.7319135070,-0.1080412641,0.3419796526,0.1419363022,0.9226218462,0.1371023804,0.3672024608,0.0475223623,0.9187530279,0.1887582392,0.3354462385,0.1775227934,0.9057216644,0.2227980345,-0.6414662600,-0.1365457177,0.7212747931,0.1574794501,-0.6583487391,-0.0909353942,0.7304162979,0.1574794501,-0.6583487391,-0.0909353942,0.7304162979,-0.0910161361,0.4085322618,0.1659581810,0.8929027915,-0.3232694268,0.3503037691,0.2678208351,0.8372910023,-0.3602944314,0.3035629094,0.1697005033,0.8655861020,0.0013424030,-0.6107487082,0.4465147555,0.6539180279,0.1128665283,-0.5959054232,0.3677519560,0.7049229145,0.1128665283,-0.5959054232,0.3677519560,0.7049229145,-0.1443691850,0.6560896039,0.1140466258,0.7319135070
0.8232790232,0.3070420027,0.2042335272,-0.1397379488,0.6556377411,0.1193119586,0.7323777676,-0.0894510001,0.0594619997,0.1693830043,0.2404370010,-0.0037489999,-0.2406850010,-0.2015219927,-0.2197739929,-0.1913380027,0.4034979939,-0.0703860000,0.2617999911,-0.0122189997,-0.7428069711,0.5308650136,0.2830260098,-2.1947999001,0.1628859937,-0.6126599908,-0.5352979898,-0.2351209968,-2.1947999001,-0.2940090001,0.0000000000,-0.0399500132,-0.0112503767,-0.0103503456,0.0676535517,-0.1556430310,-0.0699085519,0.1171998680,0.1080000773,0.0757500529,0.0680498779,0.1464000046,-0.0656001270,0.0813506544,0.0698000193,0.0947996974,0.0540003181,0.1253500581,0.0000000000,0.0493500382,0.1059502363,0.0727504492,-0.2648994327,0.0000000000,-0.0527501106,-0.0602483749,-0.0773489475,0.0761501491,0.0000000000,-0.0370502472,0.0000000000,2.0000000000,2.0000000000,-0.1397379488,0.6556377411,0.1193119586,0.7323777676,-0.1397379488,0.6556377411,0.1193119586,0.7323777676,-0.1268584728,0.6249698400,0.1337025613,0.7585797906,-0.1042523980,0.6286681294,0.1150652394,0.7620156407,-0.0506995134,0.6352335811,0.1791119576,0.7495510578,-0.0718143284,0.7205417752,0.1717388630,0.6679581404,-0.0714922771,0.7192884684,0.1718731821,0.6693076491,-0.1513270885,0.6934524775,0.2569822967,0.6558840871,-0.1513270885,0.6934524775,0.2569822967,0.6558840871,-0.1445058286,0.5775141716,0.1132168844,0.7954730988,-0.2308705896,0.5616148114,0.1758676767,0.7748278379,-0.2834620774,0.5369931459,0.1010494828,0.7880841494,-0.2979614139,0.6840204597,0.0421989337,0.6644955277,-0.2962920964,0.6602161527,0.0526567958,0.6881518364,-0.2039352059,0.6614410281,-0.0339693949,0.7209385633,-0.2039352059,0.6614410281,-0.0339693949,0.7209385633,-0.1437409371,0.6547718048,0.1148352996,0.7330930233,-0.1072674319,0.3413213789,0.1423638314,0.9228900671,0.1385878325,0.3667138219,0.0478404276,0.9187087417,0.1892458647,0.3354023397,0.1754545718,0.9060391784,0.2211848795,-0.6417359710,-0.1379396468,0.7212661505,0.1562675834,-0.6583706141,-0.0926177725,0.7304454446,0.1562675834,-0.6583706141,-0.0926177725,0.7304454446,-0.0900894701,0.4063754082,0.1666318774,0.8938550353,-0.3232751191,0.3478382528,0.2681710124,0.8382040262,-0.3597862124,0.3014221787,0.1705820113,0.8663720489,0.0022355651,-0.6124534011,0.4465038776,0.6523267627,0.1142230034,-0.5973962545,0.3678041697,0.7034138441,0.1142230034,-0.5973962545,0.3678041697,0.7034138441,-0.1437409371,0.6547718048,0.1148352996,0.7330930233
0.8232790232,0.3070420027,0.2042335272,-0.1397379488,0.6556377411,0.1193119586,0.7323777676,-0.0894510001,0.0594619997,0.1693830043,0.2404370010,-0.0037489999,-0.2406850010,-0.2015219927,-0.2197739929,-0.1913380027,0.4034979939,-0.0703860000,0.2617999911,-0.0122189997,-0.7428069711,0.5308650136,0.2830260098,-2.1947999001,0.1628859937,-0.6126599908,-0.5352979898,-0.2351209968,-2.1947999001,-0.2940090001,0.0000000000,-0.0399500132,-0.0112503767,-0.0103503456,0.0676535517,-0.1556430310,-0.0699085519,0.1171998680,0.1080000773,0.0757500529,0.0680498779,0.1464000046,-0.0656001270,0.0813506544,0.0698000193,0.0947996974,0.0540003181,0.1253500581,0.0000000000,0.0493500382,0.1059502363,0.0727504492,-0.2648994327,0.0000000000,-0.0527501106,-0.0602483749,-0.0773489475,0.0761501491,0.0000000000,-0.0370502472,0.0000000000,2.0000000000,2.0000000000,-0.1397379488,0.6556377411,0.1193119586,0.7323777676,-0.1397379488,0.6556377411,0.1193119586,0.7323777676,-0.1268584728,0.6249698400,0.1337025613,0.7585797906,-0.1042523980,0.6286681294,0.1150652394,0.7620156407,-0.0506995134,0.6352335811,0.1791119576,0.7495510578,-0.0718143284,0.7205417752,0.1717388630,0.6679581404,-0.0714922771,0.7192884684,0.1718731821,0.6693076491,-0.1513270885,0.6934524775,0.2569822967,0.6558840871,-0.1513270885,0.6934524775,0.2569822967,0.6558840871,-0.1445058286,0.5775141716,0.1132168844,0.7954730988,-0.2308705896,0.5616148114,0.1758676767,0.7748278379,-0.2834620774,0.5369931459,0.1010494828,0.7880841494,-0.2979614139,0.6840204597,0.0421989337,0.6644955277,-0.2962920964,0.6602161527,0.0526567958,0.6881518364,-0.2039352059,0.6614410281,-0.0339693949,0.7209385633,-0.2039352059,0.6614410281,-0.0339693949,0.7209385633,-0.1437409371,0.6547718048,0.1148352996,0.7330930233,-0.1072674319,0.3413213789,0.1423638314,0.9228900671,0.1385878325,0.3667138219,0.0478404276,0.9187087417,0.1892458647,0.3354023397,0.1754545718,0.9060391784,0.2211848795,-0.6417359710,-0.1379396468,0.7212661505,0.1562675834,-0.6583706141,-0.0926177725,0.7304454446,0.1562675834,-0.6583706141,-0.0926177725,0.7304454446,-0.0900894701,0.4063754082,0.1666318774,0.8938550353,-0.3232751191,0.3478382528,0.2681710124,0.8382040262,-0.3597862124,0.3014221787,0.1705820113,0.8663720489,0.0022355651,-0.6124534011,0.4465038776,0.6523267627,0.1142230034,-0.5973962545,0.3678041697,0.7034138441,0.1142230034,-0.5973962545,0.3678041697,0.7034138441,-0.1437409371,0.6547718048,0.1148352996,0.7330930233
0.8232790232,0.3070420027,0.2042335272,-0.1397379488,0.6556377411,0.1193119586,0.7323777676,-0.0894510001,0.0594619997,0.1693830043,0.2404370010,-0.0037489999,-0.2406850010,-0.2015219927,-0.2197739929,-0.1913380027,0.4034979939,-0.0703860000,0.2617999911,-0.0122189997,-0.7428069711,0.5308650136,0.2830260098,-2.1947999001,0.1628859937,-0.6126599908,-0.5352979898,-0.2351209968,-2.1947999001,-0.2940090001,0.0000000000,-0.0399500132,-0.0112503767,-0.0103503456,0.0676535517,-0.1556430310,-0.0699085519,0.1171998680,0.1080000773,0.0757500529,0.0680498779,0.1464000046,-0.0656001270,0.0813506544,0.0698000193,0.0947996974,0.0540003181,0.1253500581,0.0000000000,0.0493500382,0.1059502363,0.0727504492,-0.2648994327,0.0000000000,-0.0527501106,-0.0602483749,-0.0773489475,0.0761501491,0.0000000000,-0.0370502472,0.0000000000,2.0000000000,2.0000000000,-0.1397379488,0.6556377411,0.1193119586,0.7323777676,-0.1397379488,0.6556377411,0.1193119586,0.7323777676,-0.1268584728,0.6249698400,0.1337025613,0.7585797906,-0.1042523980,0.6286681294,0.1150652394,0.7620156407,-0.0506995134,0.6352335811,0.1791119576,0.7495510578,-0.0718143284,0.7205417752,0.1717388630,0.6679581404,-0.0714922771,0.7192884684,0.1718731821,0.6693076491,-0.1513270885,0.6934524775,0.2569822967,0.6558840871,-0.1513270885,0.6934524775,0.2569822967,0.6558840871,-0.1445058286,0.5775141716,0.1132168844,0.7954730988,-0.2308705896,0.5616148114,0.1758676767,0.7748278379,-0.2834620774,0.5369931459,0.1010494828,0.7880841494,-0.2979614139,0.6840204597,0.0421989337,0.6644955277,-0.2962920964,0.6602161527,0.0526567958,0.6881518364,-0.2039352059,0.6614410281,-0.0339693949,0.7209385633,-0.2039352059,0.6614410281,-0.0339693949,0.7209385633,-0.1437409371,0.6547718048,0.1148352996,0.7330930233,-0.1072674319,0.3413213789,0.1423638314,0.9228900671,0.1385878325,0.3667138219,0.0478404276,0.9187087417,0.1892458647,0.3354023397,0.1754545718,0.9060391784,0.2211848795,-0.6417359710,-0.1379396468,0.7212661505,0.1562675834,-0.6583706141,-0.0926177725,0.7304454446,0.1562675834,-0.6583706141,-0.0926177725,0.7304454446,-0.0900894701,0.4063754082,0.1666318774,0.8938550353,-0.3232751191,0.3478382528,0.2681710124,0.8382040262,-0.3597862124,0.3014221787,0.1705820113,0.8663720489,0.0022355651,-0.6124534011,0.4465038776,0.6523267627,0.1142230034,-0.5973962545,0.3678041697,0.7034138441,0.1142230034,-0.5973962545,0.3678041697,0.7034138441,-0.1437409371,0.6547718048,0.1148352996,0.7330930233
0.8232790232,0.3070420027,0.2042335272,-0.1397379488,0.6556377411,0.1193119586,0.7323777676,-0.0894510001,0.0594619997,0.1693830043,0.2404370010,-0.0037489999,-0.2406850010,-0.2015219927,-0.2197739929,-0.1913380027,0.4034979939,-0.0703860000,0.2617999911,-0.0122189997,-0.7428069711,0.5308650136,0.2830260098,-2.1947999001,0.1628859937,-0.6126599908,-0.5352979898,-0.2351209968,-2.1947999001,-0.2940090001,0.0000000000,-0.0399500132,-0.0112503767,-0.0103503456,0.0676535517,-0.1556430310,-0.0699085519,0.1171998680,0.1080000773,0.0757500529,0.0680498779,0.1464000046,-0.0656001270,0.0813506544,0.0698000193,0.0947996974,0.0540003181,0.1253500581,0.0000000000,0.0493500382,0.1059502363,0.0727504492,-0.2648994327,0.0000000000,-0.0527501106,-0.0602483749,-0.0773489475,0.0761501491,0.0000000000,-0.0370502472,0.0000000000,2.0000000000,2.0000000000,-0.1397379488,0.6556377411,0.1193119586,0.7323777676,-0.1397379488,0.6556377411,0.1193119586,0.7323777676,-0.1268584728,0.6249698400,0.1337025613,0.7585797906,-0.1042523980,0.6286681294,0.1150652394,0.7620156407,-0.0506995134,0.6352335811,0.1791119576,0.7495510578,-0.0718143284,0.7205417752,0.1717388630,0.6679581404,-0.0714922771,0.7192884684,0.1718731821,0.6693076491,-0.1513270885,0.6934524775,0.2569822967,0.6558840871,-0.1513270885,0.6934524775,0.2569822967,0.6558840871,-0.1445058286,0.5775141716,0.1132168844,0.7954730988,-0.2308705896,0.5616148114,0.1758676767,0.7748278379,-0.2834620774,0.5369931459,0.1010494828,0.7880841494,-0.2979614139,0.6840204597,0.0421989337,0.6644955277,-0.2962920964,0.6602161527,0.0526567958,0.6881518364,-0.2039352059,0.6614410281,-0.0339693949,0.7209385633,-0.2039352059,0.6614410281,-0.0339693949,0.7209385633,-0.1437409371,0.6547718048,0.1148352996,0.7330930233,-0.1072674319,0.3413213789,0.1423638314,0.9228900671,0.1385878325,0.3667138219,0.0478404276,0.9187087417,0.1892458647,0.3354023397,0.1754545718,0.9060391784,0.2211848795,-0.6417359710,-0.1379396468,0.7212661505,0.1562675834,-0.6583706141,-0.0926177725,0.7304454446,0.1562675834,-0.6583706141,-0.0926177725,0.7304454446,-0.0900894701,0.4063754082,0.1666318774,0.8938550353,-0.3232751191,0.3478382528,0.2681710124,0.8382040262,-0.3597862124,0.3014221787,0.1705820113,0.8663720489,0.0022355651,-0.6124534011,0.4465038776,0.6523267627,0.1142230034,-0.5973962545,0.3678041697,0.7034138441,0.1142230034,-0.5973962545,0.3678041697,0.7034138441,-0.1437409371,0.6547718048,0.1148352996,0.7330930233
0.8232790232,0.3070420027,0.2042335272,-0.1397379488,0.6556377411,0.1193119586,0.7323777676,-0.0894510001,0.0594619997,0.1693830043,0.2404370010,-0.0037489999,-0.2406850010,-0.2015219927,-0.2197739929,-0.1913380027,0.4034979939,-0.0703860000,0.2617999911,-0.0122189997,-0.7428069711,0.5308650136,0.2830260098,-2.1947999001,0.1628859937,-0.6126599908,-0.5352979898,-0.2351209968,-2.1947999001,-0.2940090001,0.0000000000,-0.0399500132,-0.0112503767,-0.0103503456,0.0676535517,-0.1556430310,-0.0699085519,0.1171998680,0.1080000773,0.0757500529,0.0680498779,0.1464000046,-0.0656001270,0.0813506544,0.0698000193,0.0947996974,0.0540003181,0.1253500581,0.0000000000,0.0493500382,0.1059502363,0.0727504492,-0.2648994327,0.0000000000,-0.0527501106,-0.0602483749,-0.0773489475,0.0761501491,0.0000000000,-0.0370502472,0.0000000000,2.0000000000,2.0000000000,-0.1397379488,0.6556377411,0.1193119586,0.7323777676,-0.1397379488,0.6556377411,0.1193119586,0.7323777676,-0.1268584728,0.6249698400,0.1337025613,0.7585797906,-0.1042523980,0.6286681294,0.1150652394,0.7620156407,-0.0506995134,0.6352335811,0.1791119576,0.7495510578,-0.0718143284,0.7205417752,0.1717388630,0.6679581404,-0.0714922771,0.7192884684,0.1718731821,0.6693076491,-0.1513270885,0.6934524775,0.2569822967,0.6558840871,-0.1513270885,0.6934524775,0.2569822967,0.6558840871,-0.1445058286,0.5775141716,0.1132168844,0.7954730988,-0.2308705896,0.5616148114,0.1758676767,0.7748278379,-0.2834620774,0.5369931459,0.1010494828,0.7880841494,-0.2979614139,0.6840204597,0.0421989337,0.6644955277,-0.2962920964,0.6602161527,0.0526567958,0.6881518364,-0.2039352059,0.6614410281,-0.0339693949,0.7209385633,-0.2039352059,0.6614410281,-0.0339693949,0.7209385633,-0.1437409371,0.6547718048,0.1148352996,0.7330930233,-0.1072674319,0.3413213789,0.1423638314,0.9228900671,0.1385878325,0.3667138219,0.0478404276,0.9187087417,0.1892458647,0.3354023397,0.1754545718,0.9060391784,0.2211848795,-0.6417359710,-0.1379396468,0.7212661505,0.1562675834,-0.6583706141,-0.0926177725,0.7304454446,0.1562675834,-0.6583706141,-0.0926177725,0.7304454446,-0.0900894701,0.4063754082,0.1666318774,0.8938550353,-0.3232751191,0.3478382528,0.2681710124,0.8382040262,-0.3597862124,0.3014221787,0.1705820113,0.8663720489,0.0022355651,-0.6124534011,0.4465038776,0.6523267627,0.1142230034,-0.5973962545,0.3678041697,0.7034138441,0.1142230034,-0.5973962545,0.3678041697,0.7034138441,-0.1437409371,0.6547718048,0.1148352996,0.7330930233
0.8232790232,0.3070420027,0.2042335272,-0.1397379488,0.6556377411,0.1193119586,0.7323777676,-0.0894510001,0.0594619997,0.1693830043,0.2404370010,-0.0037489999,-0.2406850010,-0.2015219927,-0.2197739929,-0.1913380027,0.4034979939,-0.0703860000,0.2617999911,-0.0122189997,-0.7428069711,0.5308650136,0.2830260098,-2.1947999001,0.1628859937,-0.6126599908,-0.5352979898,-0.2351209968,-2.1947999001,-0.2940090001,0.0000000000,-0.0399500132,-0.0112503767,-0.0103503456,0.0676535517,-0.1556430310,-0.0699085519,0.1171998680,0.1080000773,0.0757500529,0.0680498779,0.1464000046,-0.0656001270,0.0813506544,0.0698000193,0.0947996974,0.0540003181,0.1253500581,0.0000000000,0.0493500382,0.1059502363,0.0727504492,-0.2648994327,0.0000000000,-0.0527501106,-0.0602483749,-0.0773489475,0.0761501491,0.0000000000,-0.0370502472,0.0000000000,2.0000000000,2.0000000000,-0.1397379488,0.6556377411,0.1193119586,0.7323777676,-0.1397379488,0.6556377411,0.1193119586,0.7323777676,-0.1268584728,0.6249698400,0.1337025613,0.7585797906,-0.1042523980,0.6286681294,0.1150652394,0.7620156407,-0.0506995134,0.6352335811,0.1791119576,0.7495510578,-0.0718143284,0.7205417752,0.1717388630,0.6679581404,-0.0714922771,0.7192884684,0.1718731821,0.6693076491,-0.1513270885,0.6934524775,0.2569822967,0.6558840871,-0.1513270885,0.6934524775,0.2569822967,0.6558840871,-0.1445058286,0.5775141716,0.1132168844,0.7954730988,-0.2308705896,0.5616148114,0.1758676767,0.7748278379,-0.2834620774,0.5369931459,0.1010494828,0.7880841494,-0.2979614139,0.6840204597,0.0421989337,0.6644955277,-0.2962920964,0.6602161527,0.0526567958,0.6881518364,-0.2039352059,0.6614410281,-0.0339693949,0.7209385633,-0.2039352059,0.6614410281,-0.0339693949,0.7209385633,-0.1437409371,0.6547718048,0.1148352996,0.7330930233,-0.1072674319,0.3413213789,0.1423638314,0.9228900671,0.1385878325,0.3667138219,0.0478404276,0.9187087417,0.1892458647,0.3354023397,0.1754545718,0.9060391784,0.2211848795,-0.6417359710,-0.1379396468,0.7212661505,0.1562675834,-0.6583706141,-0.0926177725,0.7304454446,0.1562675834,-0.6583706141,-0.0926177725,0.7304454446,-0.0900894701,0.4063754082,0.1666318774,0.8938550353,-0.3232751191,0.3478382528,0.2681710124,0.8382040262,-0.3597862124,0.3014221787,0.1705820113,0.8663720489,0.0022355651,-0.6124534011,0.4465038776,0.6523267627,0.1142230034,-0.5973962545,0.3678041697,0.7034138441,0.1142230034,-0.5973962545,0.3678041697,0.7034138441,-0.1437409371,0.6547718048,0.1148352996,0.7330930233
0.8232790232,0.3070420027,0.2042335272,-0.1397379488,0.6556377411,0.1193119586,0.7323777676,-0.0894510001,0.0594619997,0.1693830043,0.2404370010,-0.0037489999,-0.2406850010,-0.2015219927,-0.2197739929,-0.1913380027,0.4034979939,-0.0703860000,0.2617999911,-0.0122189997,-0.7428069711,0.5308650136,0.2830260098,-2.1947999001,0.1628859937,-0.6126599908,-0.5352979898,-0.2351209968,-2.1947999001,-0.2940090001,0.0000000000,-0.0399500132,-0.0112503767,-0.0103503456,0.0676535517,-0.1556430310,-0.0699085519,0.1171998680,0.1080000773,0.0757500529,0.0680498779,0.1464000046,-0.0656001270,0.0813506544,0.0698000193,0.0947996974,0.0540003181,0.1253500581,0.0000000000,0.0493500382,0.1059502363,0.0727504492,-0.2648994327,0.0000000000,-0.0527501106,-0.0602483749,-0.0773489475,0.0761501491,0.0000000000,-0.0370502472,0.0000000000,2.0000000000,2.0000000000,-0.1397379488,0.6556377411,0.1193119586,0.7323777676,-0.1397379488,0.6556377411,0.1193119586,0.7323777676,-0.1268584728,0.6249698400,0.1337025613,0.7585797906,-0.1042523980,0.6286681294,0.1150652394,0.7620156407,-0.0506995134,0.6352335811,0.1791119576,0.7495510578,-0.0718143284,0.7205417752,0.1717388630,0.6679581404,-0.0714922771,0.7192884684,0.1718731821,0.6693076491,-0.1513270885,0.6934524775,0.2569822967,0.6558840871,-0.1513270885,0.6934524775,0.2569822967,0.6558840871,-0.1445058286,0.5775141716,0.1132168844,0.7954730988,-0.2308705896,0.5616148114,0.1758676767,0.7748278379,-0.2834620774,0.5369931459,0.1010494828,0.7880841494,-0.2979614139,0.6840204597,0.0421989337,0.6644955277,-0.2962920964,0.6602161527,0.0526567958,0.6881518364,-0.2039352059,0.6614410281,-0.0339693949,0.7209385633,-0.2039352059,0.6614410281,-0.0339693949,0.7209385633,-0.1437409371,0.6547718048,0.1148352996,0.7330930233,-0.1072674319,0.3413213789,0.1423638314,0.9228900671,0.1385878325,0.3667138219,0.0478404276,0.9187087417,0.1892458647,0.3354023397,0.1754545718,0.9060391784,0.2211848795,-0.6417359710,-0.1379396468,0.7212661505,0.1562675834,-0.6583706141,-0.0926177725,0.7304454446,0.1562675834,-0.6583706141,-0.0926177725,0.7304454446,-0.0900894701,0.4063754082,0.1666318774,0.8938550353,-0.3232751191,0.3478382528,0.2681710124,0.8382040262,-0.3597862124,0.3014221787,0.1705820113,0.8663720489,0.0022355651,-0.6124534011,0.4465038776,0.6523267627,0.1142230034,-0.5973962545,0.3678041697,0.7034138441,0.1142230034,-0.5973962545,0.3678041697,0.7034138441,-0.1437409371,0.6547718048,0.1148352996,0.7330930233
0.8232790232,0.3070420027,0.2042335272,-0.1397379488,0.6556377411,0.1193119586,0.7323777676,-0.0894510001,0.0594619997,0.1693830043,0.2404370010,-0.0037489999,-0.2406850010,-0.2015219927,-0.2197739929,-0.1913380027,0.4034979939,-0.0703860000,0.2617999911,-0.0122189997,-0.7428069711,0.5308650136,0.2830260098,-2.1947999001,0.1628859937,-0.6126599908,-0.5352979898,-0.2351209968,-2.1947999001,-0.2940090001,0.0000000000,-0.0399500132,-0.0112503767,-0.0103503456,0.0676535517,-0.1556430310,-0.0699085519,0.1171998680,0.1080000773,0.0757500529,0.0680498779,0.1464000046,-0.0656001270,0.0813506544,0.0698000193,0.0947996974,0.0540003181,0.1253500581,0.0000000000,0.0493500382,0.1059502363,0.0727504492,-0.2648994327,0.0000000000,-0.0527501106,-0.0602483749,-0.0773489475,0.0761501491,0.0000000000,-0.0370502472,0.0000000000,2.0000000000,2.0000000000,-0.1397379488,0.6556377411,0.1193119586,0.7323777676,-0.1397379488,0.6556377411,0.1193119586,0.7323777676,-0.1268584728,0.6249698400,0.1337025613,0.7585797906,-0.1042523980,0.6286681294,0.1150652394,0.7620156407,-0.0506995134,0.6352335811,0.1791119576,0.7495510578,-0.0718143284,0.7205417752,0.1717388630,0.6679581404,-0.0714922771,0.7192884684,0.1718731821,0.6693076491,-0.1513270885,0.6934524775,0.2569822967,0.6558840871,-0.1513270885,0.6934524775,0.2569822967,0.6558840871,-0.1445058286,0.5775141716,0.1132168844,0.7954730988,-0.2308705896,0.5616148114,0.1758676767,0.7748278379,-0.2834620774,0.5369931459,0.1010494828,0.7880841494,-0.2979614139,0.6840204597,0.0421989337,0.6644955277,-0.2962920964,0.6602161527,0.0526567958,0.6881518364,-0.2039352059,0.6614410281,-0.0339693949,0.7209385633,-0.2039352059,0.6614410281,-0.0339693949,0.7209385633,-0.1437409371,0.6547718048,0.1148352996,0.7330930233,-0.1072674319,0.3413213789,0.1423638314,0.9228900671,0.1385878325,0.3667138219,0.0478404276,0.9187087417,0.1892458647,0.3354023397,0.1754545718,0.9060391784,0.2211848795,-0.6417359710,-0.1379396468,0.7212661505,0.1562675834,-0.6583706141,-0.0926177725,0.7304454446,0.1562675834,-0.6583706141,-0.0926177725,0.7304454446,-0.0900894701,0.4063754082,0.1666318774,0.8938550353,-0.3232751191,0.3478382528,0.2681710124,0.8382040262,-0.3597862124,0.3014221787,0.1705820113,0.8663720489,0.0022355651,-0.6124534011,0.4465038776,0.6523267627,0.1142230034,-0.5973962545,0.3678041697,0.7034138441,0.1142230034,-0.5973962545,0.3678041697,0.7034138441,-0.1437409371,0.6547718048,0.1148352996,0.7330930233
0.8232790232,0.3070420027,0.2042335272,-0.1397379488,0.6556377411,0.1193119586,0.7323777676,-0.0894510001,0.0594619997,0.1693830043,0.2404370010,-0.0037489999,-0.2406850010,-0.2015219927,-0.2197739929,-0.1913380027,0.4034979939,-0.0703860000,0.2617999911,-0.0122189997,-0.7428069711,0.5308650136,0.2830260098,-2.1947999001,0.1628859937,-0.6126599908,-0.5352979898,-0.2351209968,-2.1947999001,-0.2940090001,0.0000000000,-0.0399500132,-0.0112503767,-0.0103503456,0.0676535517,-0.1556430310,-0.0699085519,0.1171998680,0.1080000773,0.0757500529,0.0680498779,0.1464000046,-0.0656001270,0.0813506544,0.0698000193,0.0947996974,0.0540003181,0.1253500581,0.0000000000,0.0493500382,0.1059502363,0.0727504492,-0.2648994327,0.0000000000,-0.0527501106,-0.0602483749,-0.0773489475,0.0761501491,0.0000000000,-0.0370502472,0.0000000000,2.0000000000,2.0000000000,-0.1397379488,0.6556377411,0.1193119586,0.7323777676,-0.1397379488,0.6556377411,0.1193119586,0.7323777676,-0.1268584728,0.6249698400,0.1337025613,0.7585797906,-0.1042523980,0.6286681294,0.1150652394,0.7620156407,-0.0506995134,0.6352335811,0.1791119576,0.7495510578,-0.0718143284,0.7205417752,0.1717388630,0.6679581404,-0.0714922771,0.7192884684,0.1718731821,0.6693076491,-0.1513270885,0.6934524775,0.2569822967,0.6558840871,-0.1513270885,0.6934524775,0.2569822967,0.6558840871,-0.1445058286,0.5775141716,0.1132168844,0.7954730988,-0.2308705896,0.5616148114,0.1758676767,0.7748278379,-0.2834620774,0.5369931459,0.1010494828,0.7880841494,-0.2979614139,0.6840204597,0.0421989337,0.6644955277,-0.2962920964,0.6602161527,0.0526567958,0.6881518364,-0.2039352059,0.6614410281,-0.0339693949,0.7209385633,-0.2039352059,0.6614410281,-0.0339693949,0.7209385633,-0.1437409371,0.6547718048,0.1148352996,0.7330930233,-0.1072674319,0.3413213789,0.1423638314,0.9228900671,0.1385878325,0.3667138219,0.0478404276,0.9187087417,0.1892458647,0.3354023397,0.1754545718,0.9060391784,0.2211848795,-0.6417359710,-0.1379396468,0.7212661505,0.1562675834,-0.6583706141,-0.0926177725,0.7304454446,0.1562675834,-0.6583706141,-0.0926177725,0.7304454446,-0.0900894701,0.4063754082,0.1666318774,0.8938550353,-0.3232751191,0.3478382528,0.2681710124,0.8382040262,-0.3597862124,0.3014221787,0.1705820113,0.8663720489,0.0022355651,-0.6124534011,0.4465038776,0.6523267627,0.1142230034,-0.5973962545,0.3678041697,0.7034138441,0.1142230034,-0.5973962545,0.3678041697,0.7034138441,-0.1437409371,0.6547718048,0.1148352996,0.7330930233
0.8232790232,0.3070420027,0.2042335272,-0.1397379488,0.6556377411,0.1193119586,0.7323777676,-0.0894510001,0.0594619997,0.1693830043,0.2404370010,-0.0037489999,-0.2406850010,-0.2015219927,-0.2197739929,-0.1913380027,0.4034979939,-0.0703860000,0.2617999911,-0.0122189997,-0.7428069711,0.5308650136,0.2830260098,-2.1947999001,0.1628859937,-0.6126599908,-0.5352979898,-0.2351209968,-2.1947999001,-0.2940090001,0.0000000000,-0.0399500132,-0.0112503767,-0.0103503456,0.0676535517,-0.1556430310,-0.0699085519,0.1171998680,0.1080000773,0.0757500529,0.0680498779,0.1464000046,-0.0656001270,0.0813506544,0.0698000193,0.0947996974,0.0540003181,0.1253500581,0.0000000000,0.0493500382,0.1059502363,0.0727504492,-0.2648994327,0.0000000000,-0.0527501106,-0.0602483749,-0.0773489475,0.0761501491,0.0000000000,-0.0370502472,0.0000000000,2.0000000000,2.0000000000,-0.1397379488,0.6556377411,0.1193119586,0.7323777676,-0.1397379488,0.6556377411,0.1193119586,0.7323777676,-0.1268584728,0.6249698400,0.1337025613,0.7585797906,-0.1042523980,0.6286681294,0.1150652394,0.7620156407,-0.0506995134,0.6352335811,0.1791119576,0.7495510578,-0.0718143284,0.7205417752,0.1717388630,0.6679581404,-0.0714922771,0.7192884684,0.1718731821,0.6693076491,-0.1513270885,0.6934524775,0.2569822967,0.6558840871,-0.1513270885,0.6934524775,0.2569822967,0.6558840871,-0.1445058286,0.5775141716,0.1132168844,0.7954730988,-0.2308705896,0.5616148114,0.1758676767,0.7748278379,-0.2834620774,0.5369931459,0.1010494828,0.7880841494,-0.2979614139,0.6840204597,0.0421989337,0.6644955277,-0.2962920964,0.6602161527,0.0526567958,0.6881518364,-0.2039352059,0.6614410281,-0.0339693949,0.7209385633,-0.2039352059,0.6614410281,-0.0339693949,0.7209385633,-0.1437409371,0.6547718048,0.1148352996,0.7330930233,-0.1072674319,0.3413213789,0.1423638314,0.9228900671,0.1385878325,0.3667138219,0.0478404276,0.9187087417,0.1892458647,0.3354023397,0.1754545718,0.9060391784,0.2211848795,-0.6417359710,-0.1379396468,0.7212661505,0.1562675834,-0.6583706141,-0.0926177725,0.7304454446,0.1562675834,-0.6583706141,-0.0926177725,0.7304454446,-0.0900894701,0.4063754082,0.1666318774,0.8938550353,-0.3232751191,0.3478382528,0.2681710124,0.8382040262,-0.3597862124,0.3014221787,0.1705820113,0.8663720489,0.0022355651,-0.6124534011,0.4465038776,0.6523267627,0.1142230034,-0.5973962545,0.3678041697,0.7034138441,0.1142230034,-0.5973962545,0.3678041697,0.7034138441,-0.1437409371,0.6547718048,0.1148352996,0.7330930233
0.8232790232,0.3070420027,0.2042335272,-0.1397379488,0.6556377411,0.1193119586,0.7323777676,-0.0894510001,0.0594619997,0.1693830043,0.2404370010,-0.0037489999,-0.2406850010,-0.2015219927,-0.2197739929,-0.1913380027,0.4034979939,-0.0703860000,0.2617999911,-0.0122189997,-0.7428069711,0.5308650136,0.2830260098,-2.1947999001,0.1628859937,-0.6126599908,-0.5352979898,-0.2351209968,-2.1947999001,-0.2940090001,0.0000000000,-0.0399500132,-0.0112503767,-0.0103503456,0.0676535517,-0.1556430310,-0.0699085519,0.1171998680,0.1080000773,0.0757500529,0.0680498779,0.1464000046,-0.0656001270,0.0813506544,0.0698000193,0.0947996974,0.0540003181,0.1253500581,0.0000000000,0.0493500382,0.1059502363,0.0727504492,-0.2648994327,0.0000000000,-0.0527501106,-0.0602483749,-0.0773489475,0.0761501491,0.0000000000,-0.0370502472,0.0000000000,2.0000000000,2.0000000000,-0.1397379488,0.6556377411,0.1193119586,0.7323777676,-0.1397379488,0.6556377411,0.1193119586,0.7323777676,-0.1268584728,0.6249698400,0.1337025613,0.7585797906,-0.1042523980,0.6286681294,0.1150652394,0.7620156407,-0.0506995134,0.6352335811,0.1791119576,0.7495510578,-0.0718143284,0.7205417752,0.1717388630,0.6679581404,-0.0714922771,0.7192884684,0.1718731821,0.6693076491,-0.1513270885,0.6934524775,0.2569822967,0.6558840871,-0.1513270885,0.6934524775,0.2569822967,0.6558840871,-0.1445058286,0.5775141716,0.1132168844,0.7954730988,-0.2308705896,0.5616148114,0.1758676767,0.7748278379,-0.2834620774,0.5369931459,0.1010494828,0.7880841494,-0.2979614139,0.6840204597,0.0421989337,0.6644955277,-0.2962920964,0.6602161527,0.0526567958,0.6881518364,-0.2039352059,0.6614410281,-0.0339693949,0.7209385633,-0.2039352059,0.6614410281,-0.0339693949,0.7209385633,-0.1437409371,0.6547718048,0.1148352996,0.7330930233,-0.1072674319,0.3413213789,0.1423638314,0.9228900671,0.1385878325,0.3667138219,0.0478404276,0.9187087417,0.1892458647,0.3354023397,0.1754545718,0.9060391784,0.2211848795,-0.6417359710,-0.1379396468,0.7212661505,0.1562675834,-0.6583706141,-0.0926177725,0.7304454446,0.1562675834,-0.6583706141,-0.0926177725,0.7304454446,-0.0900894701,0.4063754082,0.1666318774,0.8938550353,-0.3232751191,0.3478382528,0.2681710124,0.8382040262,-0.3597862124,0.3014221787,0.1705820113,0.8663720489,0.0022355651,-0.6124534011,0.4465038776,0.6523267627,0.1142230034,-0.5973962545,0.3678041697,0.7034138441,0.1142230034,-0.5973962545,0.3678041697,0.7034138441,-0.1437409371,0.6547718048,0.1148352996,0.7330930233
0.8232790232,0.3070420027,0.2042335272,-0.1397379488,0.6556377411,0.1193119586,0.7323777676,-0.0894510001,0.0594619997,0.1693830043,0.2404370010,-0.0037489999,-0.2406850010,-0.2015219927,-0.2197739929,-0.1913380027,0.4034979939,-0.0703860000,0.2617999911,-0.0122189997,-0.7428069711,0.5308650136,0.2830260098,-2.1947999001,0.1628859937,-0.6126599908,-0.5352979898,-0.2351209968,-2.1947999001,-0.2940090001,0.0000000000,-0.0399500132,-0.0112503767,-0.0103503456,0.0676535517,-0.1556430310,-0.0699085519,0.1171998680,0.1080000773,0.0757500529,0.0680498779,0.1464000046,-0.0656001270,0.0813506544,0.0698000193,0.0947996974,0.0540003181,0.1253500581,0.0000000000,0.0493500382,0.1059502363,0.0727504492,-0.2648994327,0.0000000000,-0.0527501106,-0.0602483749,-0.0773489475,0.0761501491,0.0000000000,-0.0370502472,0.0000000000,2.0000000000,2.0000000000,-0.1397379488,0.6556377411,0.1193119586,0.7323777676,-0.1397379488,0.6556377411,0.1193119586,0.7323777676,-0.1268584728,0.6249698400,0.1337025613,0.7585797906,-0.1042523980,0.6286681294,0.1150652394,0.7620156407,-0.0506995134,0.6352335811,0.1791119576,0.7495510578,-0.0718143284,0.7205417752,0.1717388630,0.6679581404,-0.0714922771,0.7192884684,0.1718731821,0.6693076491,-0.1513270885,0.6934524775,0.2569822967,0.6558840871,-0.1513270885,0.6934524775,0.2569822967,0.6558840871,-0.1445058286,0.5775141716,0.1132168844,0.7954730988,-0.2308705896,0.5616148114,0.1758676767,0.7748278379,-0.2834620774,0.5369931459,0.1010494828,0.7880841494,-0.2979614139,0.6840204597,0.0421989337,0.6644955277,-0.2962920964,0.6602161527,0.0526567958,0.6881518364,-0.2039352059,0.6614410281,-0.0339693949,0.7209385633,-0.2039352059,0.6614410281,-0.0339693949,0.7209385633,-0.1437409371,0.6547718048,0.1148352996,0.7330930233,-0.1072674319,0.3413213789,0.1423638314,0.9228900671,0.1385878325,0.3667138219,0.0478404276,0.9187087417,0.1892458647,0.3354023397,0.1754545718,0.9060391784,0.2211848795,-0.6417359710,-0.1379396468,0.7212661505,0.1562675834,-0.6583706141,-0.0926177725,0.7304454446,0.1562675834,-0.6583706141,-0.0926177725,0.7304454446,-0.0900894701,0.4063754082,0.1666318774,0.8938550353,-0.3232751191,0.3478382528,0.2681710124,0.8382040262,-0.3597862124,0.3014221787,0.1705820113,0.8663720489,0.0022355651,-0.6124534011,0.4465038776,0.6523267627,0.1142230034,-0.5973962545,0.3678041697,0.7034138441,0.1142230034,-0.5973962545,0.3678041697,0.7034138441,-0.1437409371,0.6547718048,0.1148352996,0.7330930233
0.8232790232,0.3070420027,0.2042335272,-0.1397379488,0.6556377411,0.1193119586,0.7323777676,-0.0894510001,0.0594619997,0.1693830043,0.2404370010,-0.0037489999,-0.2406850010,-0.2015219927,-0.2197739929,-0.1913380027,0.4034979939,-0.0703860000,0.2617999911,-0.0122189997,-0.7428069711,0.5308650136,0.2830260098,-2.1947999001,0.1628859937,-0.6126599908,-0.5352979898,-0.2351209968,-2.1947999001,-0.2940090001,0.0000000000,-0.0399500132,-0.0112503767,-0.0103503456,0.0676535517,-0.1556430310,-0.0699085519,0.1171998680,0.1080000773,0.0757500529,0.0680498779,0.1464000046,-0.0656001270,0.0813506544,0.0698000193,0.0947996974,0.0540003181,0.1253500581,0.0000000000,0.0493500382,0.1059502363,0.0727504492,-0.2648994327,0.0000000000,-0.0527501106,-0.0602483749,-0.0773489475,0.0761501491,0.0000000000,-0.0370502472,0.0000000000,2.0000000000,2.0000000000,-0.1397379488,0.6556377411,0.1193119586,0.7323777676,-0.1397379488,0.6556377411,0.1193119586,0.7323777676,-0.1268584728,0.6249698400,0.1337025613,0.7585797906,-0.1042523980,0.6286681294,0.1150652394,0.7620156407,-0.0506995134,0.6352335811,0.1791119576,0.7495510578,-0.0718143284,0.7205417752,0.1717388630,0.6679581404,-0.0714922771,0.7192884684,0.1718731821,0.6693076491,-0.1513270885,0.6934524775,0.2569822967,0.6558840871,-0.1513270885,0.6934524775,0.2569822967,0.6558840871,-0.1445058286,0.5775141716,0.1132168844,0.7954730988,-0.2308705896,0.5616148114,0.1758676767,0.7748278379,-0.2834620774,0.5369931459,0.1010494828,0.7880841494,-0.2979614139,0.6840204597,0.0421989337,0.6644955277,-0.2962920964,0.6602161527,0.0526567958,0.6881518364,-0.2039352059,0.6614410281,-0.0339693949,0.7209385633,-0.2039352059,0.6614410281,-0.0339693949,0.7209385633,-0.1437409371,0.6547718048,0.1148352996,0.7330930233,-0.1072674319,0.3413213789,0.1423638314,0.9228900671,0.1385878325,0.3667138219,0.0478404276,0.9187087417,0.1892458647,0.3354023397,0.1754545718,0.9060391784,0.2211848795,-0.6417359710,-0.1379396468,0.7212661505,0.1562675834,-0.6583706141,-0.0926177725,0.7304454446,0.1562675834,-0.6583706141,-0.0926177725,0.7304454446,-0.0900894701,0.4063754082,0.1666318774,0.8938550353,-0.3232751191,0.3478382528,0.2681710124,0.8382040262,-0.3597862124,0.3014221787,0.1705820113,0.8663720489,0.0022355651,-0.6124534011,0.4465038776,0.6523267627,0.1142230034,-0.5973962545,0.3678041697,0.7034138441,0.1142230034,-0.5973962545,0.3678041697,0.7034138441,-0.1437409371,0.6547718048,0.1148352996,0.7330930233
0.8232790232,0.3070420027,0.2042335272,-0.1397379488,0.6556377411,0.1193119586,0.7323777676,-0.0894510001,0.0594619997,0.1693830043,0.2404370010,-0.0037489999,-0.2406850010,-0.2015219927,-0.2197739929,-0.1913380027,0.4034979939,-0.0703860000,0.2617999911,-0.0122189997,-0.7428069711,0.5308650136,0.2830260098,-2.1947999001,0.1628859937,-0.6126599908,-0.5352979898,-0.2351209968,-2.1947999001,-0.2940090001,0.0000000000,-0.0399500132,-0.0112503767,-0.0103503456,0.0676535517,-0.1556430310,-0.0699085519,0.1171998680,0.1080000773,0.0757500529,0.0680498779,0.1464000046,-0.0656001270,0.0813506544,0.0698000193,0.0947996974,0.0540003181,0.1253500581,0.0000000000,0.0493500382,0.1059502363,0.0727504492,-0.2648994327,0.0000000000,-0.0527501106,-0.0602483749,-0.0773489475,0.0761501491,0.0000000000,-0.0370502472,0.0000000000,2.0000000000,2.0000000000,-0.1397379488,0.6556377411,0.1193119586,0.7323777676,-0.1397379488,0.6556377411,0.1193119586,0.7323777676,-0.1268584728,0.6249698400,0.1337025613,0.7585797906,-0.1042523980,0.6286681294,0.1150652394,0.7620156407,-0.0506995134,0.6352335811,0.1791119576,0.7495510578,-0.0718143284,0.7205417752,0.1717388630,0.6679581404,-0.0714922771,0.7192884684,0.1718731821,0.6693076491,-0.1513270885,0.6934524775,0.2569822967,0.6558840871,-0.1513270885,0.6934524775,0.2569822967,0.6558840871,-0.1445058286,0.5775141716,0.1132168844,0.7954730988,-0.2308705896,0.5616148114,0.1758676767,0.7748278379,-0.2834620774,0.5369931459,0.1010494828,0.7880841494,-0.2979614139,0.6840204597,0.0421989337,0.6644955277,-0.2962920964,0.6602161527,0.0526567958,0.6881518364,-0.2039352059,0.6614410281,-0.0339693949,0.7209385633,-0.2039352059,0.6614410281,-0.0339693949,0.7209385633,-0.1437409371,0.6547718048,0.1148352996,0.7330930233,-0.1072674319,0.3413213789,0.1423638314,0.9228900671,0.1385878325,0.3667138219,0.0478404276,0.9187087417,0.1892458647,0.3354023397,0.1754545718,0.9060391784,0.2211848795,-0.6417359710,-0.1379396468,0.7212661505,0.1562675834,-0.6583706141,-0.0926177725,0.7304454446,0.1562675834,-0.6583706141,-0.0926177725,0.7304454446,-0.0900894701,0.4063754082,0.1666318774,0.8938550353,-0.3232751191,0.3478382528,0.2681710124,0.8382040262,-0.3597862124,0.3014221787,0.1705820113,0.8663720489,0.0022355651,-0.6124534011,0.4465038776,0.6523267627,0.1142230034,-0.5973962545,0.3678041697,0.7034138441,0.1142230034,-0.5973962545,0.3678041697,0.7034138441,-0.1437409371,0.6547718048,0.1148352996,0.7330930233
0.8232790232,0.3070420027,0.2042335272,-0.1397379488,0.6556377411,0.1193119586,0.7323777676,-0.0894510001,0.0594619997,0.1693830043,0.2404370010,-0.0037489999,-0.2406850010,-0.2015219927,-0.2197739929,-0.1913380027,0.4034979939,-0.0703860000,0.2617999911,-0.0122189997,-0.7428069711,0.5308650136,0.2830260098,-2.1947999001,0.1628859937,-0.6126599908,-0.5352979898,-0.2351209968,-2.1947999001,-0.2940090001,0.0000000000,-0.0399500132,-0.0112503767,-0.0103503456,0.0676535517,-0.1556430310,-0.0699085519,0.1171998680,0.1080000773,0.0757500529,0.0680498779,0.1464000046,-0.0656001270,0.0813506544,0.0698000193,0.0947996974,0.0540003181,0.1253500581,0.0000000000,0.0493500382,0.1059502363,0.0727504492,-0.2648994327,0.0000000000,-0.0527501106,-0.0602483749,-0.0773489475,0.0761501491,0.0000000000,-0.0370502472,0.0000000000,2.0000000000,2.0000000000,-0.1397379488,0.6556377411,0.1193119586,0.7323777676,-0.1397379488,0.6556377411,0.1193119586,0.7323777676,-0.1268584728,0.6249698400,0.1337025613,0.7585797906,-0.1042523980,0.6286681294,0.1150652394,0.7620156407,-0.0506995134,0.6352335811,0.1791119576,0.7495510578,-0.0718143284,0.7205417752,0.1717388630,0.6679581404,-0.0714922771,0.7192884684,0.1718731821,0.6693076491,-0.1513270885,0.6934524775,0.2569822967,0.6558840871,-0.1513270885,0.6934524775,0.2569822967,0.6558840871,-0.1445058286,0.5775141716,0.1132168844,0.7954730988,-0.2308705896,0.5616148114,0.1758676767,0.7748278379,-0.2834620774,0.5369931459,0.1010494828,0.7880841494,-0.2979614139,0.6840204597,0.0421989337,0.6644955277,-0.2962920964,0.6602161527,0.0526567958,0.6881518364,-0.2039352059,0.6614410281,-0.0339693949,0.7209385633,-0.2039352059,0.6614410281,-0.0339693949,0.7209385633,-0.1437409371,0.6547718048,0.1148352996,0.7330930233,-0.1072674319,0.3413213789,0.1423638314,0.9228900671,0.1385878325,0.3667138219,0.0478404276,0.9187087417,0.1892458647,0.3354023397,0.1754545718,0.9060391784,0.2211848795,-0.6417359710,-0.1379396468,0.7212661505,0.1562675834,-0.6583706141,-0.0926177725,0.7304454446,0.1562675834,-0.6583706141,-0.0926177725,0.7304454446,-0.0900894701,0.4063754082,0.1666318774,0.8938550353,-0.3232751191,0.3478382528,0.2681710124,0.8382040262,-0.3597862124,0.3014221787,0.1705820113,0.8663720489,0.0022355651,-0.6124534011,0.4465038776,0.6523267627,0.1142230034,-0.5973962545,0.3678041697,0.7034138441,0.1142230034,-0.5973962545,0.3678041697,0.7034138441,-0.1437409371,0.6547718048,0.1148352996,0.7330930233
0.8232790232,0.3070420027,0.2042335272,-0.1397379488,0.6556377411,0.1193119586,0.7323777676,-0.0894510001,0.0594619997,0.1693830043,0.2404370010,-0.0037489999,-0.2406850010,-0.2015219927,-0.2197739929,-0.1913380027,0.4034979939,-0.0703860000,0.2617999911,-0.0122189997,-0.7428069711,0.5308650136,0.2830260098,-2.1947999001,0.1628859937,-0.6126599908,-0.5352979898,-0.2351209968,-2.1947999001,-0.2940090001,0.0000000000,-0.0399500132,-0.0112503767,-0.0103503456,0.0676535517,-0.1556430310,-0.0699085519,0.1171998680,0.1080000773,0.0757500529,0.0680498779,0.1464000046,-0.0656001270,0.0813506544,0.0698000193,0.0947996974,0.0540003181,0.1253500581,0.0000000000,0.0493500382,0.1059502363,0.0727504492,-0.2648994327,0.0000000000,-0.0527501106,-0.0602483749,-0.0773489475,0.0761501491,0.0000000000,-0.0370502472,0.0000000000,2.0000000000,2.0000000000,-0.1397379488,0.6556377411,0.1193119586,0.7323777676,-0.1397379488,0.6556377411,0.1193119586,0.7323777676,-0.1268584728,0.6249698400,0.1337025613,0.7585797906,-0.1042523980,0.6286681294,0.1150652394,0.7620156407,-0.0506995134,0.6352335811,0.1791119576,0.7495510578,-0.0718143284,0.7205417752,0.1717388630,0.6679581404,-0.0714922771,0.7192884684,0.1718731821,0.6693076491,-0.1513270885,0.6934524775,0.2569822967,0.6558840871,-0.1513270885,0.6934524775,0.2569822967,0.6558840871,-0.1445058286,0.5775141716,0.1132168844,0.7954730988,-0.2308705896,0.5616148114,0.1758676767,0.7748278379,-0.2834620774,0.5369931459,0.1010494828,0.7880841494,-0.2979614139,0.6840204597,0.0421989337,0.6644955277,-0.2962920964,0.6602161527,0.0526567958,0.6881518364,-0.2039352059,0.6614410281,-0.0339693949,0.7209385633,-0.2039352059,0.6614410281,-0.0339693949,0.7209385633,-0.1437409371,0.6547718048,0.1148352996,0.7330930233,-0.1072674319,0.3413213789,0.1423638314,0.9228900671,0.1385878325,0.3667138219,0.0478404276,0.9187087417,0.1892458647,0.3354023397,0.1754545718,0.9060391784,0.2211848795,-0.6417359710,-0.1379396468,0.7212661505,0.1562675834,-0.6583706141,-0.0926177725,0.7304454446,0.1562675834,-0.6583706141,-0.0926177725,0.7304454446,-0.0900894701,0.4063754082,0.1666318774,0.8938550353,-0.3232751191,0.3478382528,0.2681710124,0.8382040262,-0.3597862124,0.3014221787,0.1705820113,0.8663720489,0.0022355651,-0.6124534011,0.4465038776,0.6523267627,0.1142230034,-0.5973962545,0.3678041697,0.7034138441,0.1142230034,-0.5973962545,0.3678041697,0.7034138441,-0.1437409371,0.6547718048,0.1148352996,0.7330930233
0.8232790232,0.3070420027,0.2042335272,-0.1397379488,0.6556377411,0.1193119586,0.7323777676,-0.0894510001,0.0594619997,0.1693830043,0.2404370010,-0.0037489999,-0.2406850010,-0.2015219927,-0.2197739929,-0.1913380027,0.4034979939,-0.0703860000,0.2617999911,-0.0122189997,-0.7428069711,0.5308650136,0.2830260098,-2.1947999001,0.1628859937,-0.6126599908,-0.5352979898,-0.2351209968,-2.1947999001,-0.2940090001,0.0000000000,-0.0399500132,-0.0112503767,-0.0103503456,0.0676535517,-0.1556430310,-0.0699085519,0.1171998680,0.1080000773,0.0757500529,0.0680498779,0.1464000046,-0.0656001270,0.0813506544,0.0698000193,0.0947996974,0.0540003181,0.1253500581,0.0000000000,0.0493500382,0.1059502363,0.0727504492,-0.2648994327,0.0000000000,-0.0527501106,-0.0602483749,-0.0773489475,0.0761501491,0.0000000000,-0.0370502472,0.0000000000,2.0000000000,2.0000000000,-0.1397379488,0.6556377411,0.1193119586,0.7323777676,-0.1397379488,0.6556377411,0.1193119586,0.7323777676,-0.1268584728,0.6249698400,0.1337025613,0.7585797906,-0.1042523980,0.6286681294,0.1150652394,0.7620156407,-0.0506995134,0.6352335811,0.1791119576,0.7495510578,-0.0718143284,0.7205417752,0.1717388630,0.6679581404,-0.0714922771,0.7192884684,0.1718731821,0.6693076491,-0.1513270885,0.6934524775,0.2569822967,0.6558840871,-0.1513270885,0.6934524775,0.2569822967,0.6558840871,-0.1445058286,0.5775141716,0.1132168844,0.7954730988,-0.2308705896,0.5616148114,0.1758676767,0.7748278379,-0.2834620774,0.5369931459,0.1010494828,0.7880841494,-0.2979614139,0.6840204597,0.0421989337,0.6644955277,-0.2962920964,0.6602161527,0.0526567958,0.6881518364,-0.2039352059,0.6614410281,-0.0339693949,0.7209385633,-0.2039352059,0.6614410281,-0.0339693949,0.7209385633,-0.1437409371,0.6547718048,0.1148352996,0.7330930233,-0.1072674319,0.3413213789,0.1423638314,0.9228900671,0.1385878325,0.3667138219,0.0478404276,0.9187087417,0.1892458647,0.3354023397,0.1754545718,0.9060391784,0.2211848795,-0.6417359710,-0.1379396468,0.7212661505,0.1562675834,-0.6583706141,-0.0926177725,0.7304454446,0.1562675834,-0.6583706141,-0.0926177725,0.7304454446,-0.0900894701,0.4063754082,0.1666318774,0.8938550353,-0.3232751191,0.3478382528,0.2681710124,0.8382040262,-0.3597862124,0.3014221787,0.1705820113,0.8663720489,0.0022355651,-0.6124534011,0.4465038776,0.6523267627,0.1142230034,-0.5973962545,0.3678041697,0.7034138441,0.1142230034,-0.5973962545,0.3678041697,0.7034138441,-0.1437409371,0.6547718048,0.1148352996,0.7330930233
0.8232790232,0.3070420027,0.2042335272,-0.1397379488,0.6556377411,0.1193119586,0.7323777676,-0.0894510001,0.0594619997,0.1693830043,0.2404370010,-0.0037489999,-0.2406850010,-0.2015219927,-0.2197739929,-0.1913380027,0.4034979939,-0.0703860000,0.2617999911,-0.0122189997,-0.7428069711,0.5308650136,0.2830260098,-2.1947999001,0.1628859937,-0.6126599908,-0.5352979898,-0.2351209968,-2.1947999001,-0.2940090001,0.0000000000,-0.0399500132,-0.0112503767,-0.0103503456,0.0676535517,-0.1556430310,-0.0699085519,0.1171998680,0.1080000773,0.0757500529,0.0680498779,0.1464000046,-0.0656001270,0.0813506544,0.0698000193,0.0947996974,0.0540003181,0.1253500581,0.0000000000,0.0493500382,0.1059502363,0.0727504492,-0.2648994327,0.0000000000,-0.0527501106,-0.0602483749,-0.0773489475,0.0761501491,0.0000000000,-0.0370502472,0.0000000000,2.0000000000,2.0000000000,-0.1397379488,0.6556377411,0.1193119586,0.7323777676,-0.1397379488,0.6556377411,0.1193119586,0.7323777676,-0.1268584728,0.6249698400,0.1337025613,0.7585797906,-0.1042523980,0.6286681294,0.1150652394,0.7620156407,-0.0506995134,0.6352335811,0.1791119576,0.7495510578,-0.0718143284,0.7205417752,0.1717388630,0.6679581404,-0.0714922771,0.7192884684,0.1718731821,0.6693076491,-0.1513270885,0.6934524775,0.2569822967,0.6558840871,-0.1513270885,0.6934524775,0.2569822967,0.6558840871,-0.1445058286,0.5775141716,0.1132168844,0.7954730988,-0.2308705896,0.5616148114,0.1758676767,0.7748278379,-0.2834620774,0.5369931459,0.1010494828,0.7880841494,-0.2979614139,0.6840204597,0.0421989337,0.6644955277,-0.2962920964,0.6602161527,0.0526567958,0.6881518364,-0.2039352059,0.6614410281,-0.0339693949,0.7209385633,-0.2039352059,0.6614410281,-0.0339693949,0.7209385633,-0.1437409371,0.6547718048,0.1148352996,0.7330930233,-0.1072674319,0.3413213789,0.1423638314,0.9228900671,0.1385878325,0.3667138219,0.0478404276,0.9187087417,0.1892458647,0.3354023397,0.1754545718,0.9060391784,0.2211848795,-0.6417359710,-0.1379396468,0.7212661505,0.1562675834,-0.6583706141,-0.0926177725,0.7304454446,0.1562675834,-0.6583706141,-0.0926177725,0.7304454446,-0.0900894701,0.4063754082,0.1666318774,0.8938550353,-0.3232751191,0.3478382528,0.2681710124,0.8382040262,-0.3597862124,0.3014221787,0.1705820113,0.8663720489,0.0022355651,-0.6124534011,0.4465038776,0.6523267627,0.1142230034,-0.5973962545,0.3678041697,0.7034138441,0.1142230034,-0.5973962545,0.3678041697,0.7034138441,-0.1437409371,0.6547718048,0.1148352996,0.7330930233
0.8232790232,0.3070420027,0.2042335272,-0.1397379488,0.6556377411,0.1193119586,0.7323777676,-0.0894510001,0.0594619997,0.1693830043,0.2404370010,-0.0037489999,-0.2406850010,-0.2015219927,-0.2197739929,-0.1913380027,0.4034979939,-0.0703860000,0.2617999911,-0.0122189997,-0.7428069711,0.5308650136,0.2830260098,-2.1947999001,0.1628859937,-0.6126599908,-0.5352979898,-0.2351209968,-2.1947999001,-0.2940090001,0.0000000000,-0.0399500132,-0.0112503767,-0.0103503456,0.0676535517,-0.1556430310,-0.0699085519,0.1171998680,0.1080000773,0.0757500529,0.0680498779,0.1464000046,-0.0656001270,0.0813506544,0.0698000193,0.0947996974,0.0540003181,0.1253500581,0.0000000000,0.0493500382,0.1059502363,0.0727504492,-0.2648994327,0.0000000000,-0.0527501106,-0.0602483749,-0.0773489475,0.0761501491,0.0000000000,-0.0370502472,0.0000000000,2.0000000000,2.0000000000,-0.1397379488,0.6556377411,0.1193119586,0.7323777676,-0.1397379488,0.6556377411,0.1193119586,0.7323777676,-0.1268584728,0.6249698400,0.1337025613,0.7585797906,-0.1042523980,0.6286681294,0.1150652394,0.7620156407,-0.0506995134,0.6352335811,0.1791119576,0.7495510578,-0.0718143284,0.7205417752,0.1717388630,0.6679581404,-0.0714922771,0.7192884684,0.1718731821,0.6693076491,-0.1513270885,0.6934524775,0.2569822967,0.6558840871,-0.1513270885,0.6934524775,0.2569822967,0.6558840871,-0.1445058286,0.5775141716,0.1132168844,0.7954730988,-0.2308705896,0.5616148114,0.1758676767,0.7748278379,-0.2834620774,0.5369931459,0.1010494828,0.7880841494,-0.2979614139,0.6840204597,0.0421989337,0.6644955277,-0.2962920964,0.6602161527,0.0526567958,0.6881518364,-0.2039352059,0.6614410281,-0.0339693949,0.7209385633,-0.2039352059,0.6614410281,-0.0339693949,0.7209385633,-0.1437409371,0.6547718048,0.1148352996,0.7330930233,-0.1072674319,0.3413213789,0.1423638314,0.9228900671,0.1385878325,0.3667138219,0.0478404276,0.9187087417,0.1892458647,0.3354023397,0.1754545718,0.9060391784,0.2211848795,-0.6417359710,-0.1379396468,0.7212661505,0.1562675834,-0.6583706141,-0.0926177725,0.7304454446,0.1562675834,-0.6583706141,-0.0926177725,0.7304454446,-0.0900894701,0.4063754082,0.1666318774,0.8938550353,-0.3232751191,0.3478382528,0.2681710124,0.8382040262,-0.3597862124,0.3014221787,0.1705820113,0.8663720489,0.0022355651,-0.6124534011,0.4465038776,0.6523267627,0.1142230034,-0.5973962545,0.3678041697,0.7034138441,0.1142230034,-0.5973962545,0.3678041697,0.7034138441,-0.1437409371,0.6547718048,0.1148352996,0.7330930233
0.8232790232,0.3070420027,0.2042335272,-0.1397379488,0.6556377411,0.1193119586,0.7323777676,-0.0894510001,0.0594619997,0.1693830043,0.2404370010,-0.0037489999,-0.2406850010,-0.2015219927,-0.2197739929,-0.1913380027,0.4034979939,-0.0703860000,0.2617999911,-0.0122189997,-0.7428069711,0.5308650136,0.2830260098,-2.1947999001,0.1628859937,-0.6126599908,-0.5352979898,-0.2351209968,-2.1947999001,-0.2940090001,0.0000000000,-0.0399500132,-0.0112503767,-0.0103503456,0.0676535517,-0.1556430310,-0.0699085519,0.1171998680,0.1080000773,0.0757500529,0.0680498779,0.1464000046,-0.0656001270,0.0813506544,0.0698000193,0.0947996974,0.0540003181,0.1253500581,0.0000000000,0.0493500382,0.1059502363,0.0727504492,-0.2648994327,0.0000000000,-0.0527501106,-0.0602483749,-0.0773489475,0.0761501491,0.0000000000,-0.0370502472,0.0000000000,2.0000000000,2.0000000000,-0.1397379488,0.6556377411,0.1193119586,0.7323777676,-0.1397379488,0.6556377411,0.1193119586,0.7323777676,-0.1268584728,0.6249698400,0.1337025613,0.7585797906,-0.1042523980,0.6286681294,0.1150652394,0.7620156407,-0.0506995134,0.6352335811,0.1791119576,0.7495510578,-0.0718143284,0.7205417752,0.1717388630,0.6679581404,-0.0714922771,0.7192884684,0.1718731821,0.6693076491,-0.1513270885,0.6934524775,0.2569822967,0.6558840871,-0.1513270885,0.6934524775,0.2569822967,0.6558840871,-0.1445058286,0.5775141716,0.1132168844,0.7954730988,-0.2308705896,0.5616148114,0.1758676767,0.7748278379,-0.2834620774,0.5369931459,0.1010494828,0.7880841494,-0.2979614139,0.6840204597,0.0421989337,0.6644955277,-0.2962920964,0.6602161527,0.0526567958,0.6881518364,-0.2039352059,0.6614410281,-0.0339693949,0.7209385633,-0.2039352059,0.6614410281,-0.0339693949,0.7209385633,-0.1437409371,0.6547718048,0.1148352996,0.7330930233,-0.1072674319,0.3413213789,0.1423638314,0.9228900671,0.1385878325,0.3667138219,0.0478404276,0.9187087417,0.1892458647,0.3354023397,0.1754545718,0.9060391784,0.2211848795,-0.6417359710,-0.1379396468,0.7212661505,0.1562675834,-0.6583706141,-0.0926177725,0.7304454446,0.1562675834,-0.6583706141,-0.0926177725,0.7304454446,-0.0900894701,0.4063754082,0.1666318774,0.8938550353,-0.3232751191,0.3478382528,0.2681710124,0.8382040262,-0.3597862124,0.3014221787,0.1705820113,0.8663720489,0.0022355651,-0.6124534011,0.4465038776,0.6523267627,0.1142230034,-0.5973962545,0.3678041697,0.7034138441,0.1142230034,-0.5973962545,0.3678041697,0.7034138441,-0.1437409371,0.6547718048,0.1148352996,0.7330930233
0.8232790232,0.3070420027,0.2042335272,-0.1397379488,0.6556377411,0.1193119586,0.7323777676,-0.0894510001,0.0594619997,0.1693830043,0.2404370010,-0.0037489999,-0.2406850010,-0.2015219927,-0.2197739929,-0.1913380027,0.4034979939,-0.0703860000,0.2617999911,-0.0122189997,-0.7428069711,0.5308650136,0.2830260098,-2.1947999001,0.1628859937,-0.6126599908,-0.5352979898,-0.2351209968,-2.1947999001,-0.2940090001,0.0000000000,-0.0399500132,-0.0112503767,-0.0103503456,0.0676535517,-0.1556430310,-0.0699085519,0.1171998680,0.1080000773,0.0757500529,0.0680498779,0.1464000046,-0.0656001270,0.0813506544,0.0698000193,0.0947996974,0.0540003181,0.1253500581,0.0000000000,0.0493500382,0.1059502363,0.0727504492,-0.2648994327,0.0000000000,-0.0527501106,-0.0602483749,-0.0773489475,0.0761501491,0.0000000000,-0.0370502472,0.0000000000,2.0000000000,2.0000000000,-0.1397379488,0.6556377411,0.1193119586,0.7323777676,-0.1397379488,0.6556377411,0.1193119586,0.7323777676,-0.1268584728,0.6249698400,0.1337025613,0.7585797906,-0.1042523980,0.6286681294,0.1150652394,0.7620156407,-0.0506995134,0.6352335811,0.1791119576,0.7495510578,-0.0718143284,0.7205417752,0.1717388630,0.6679581404,-0.0714922771,0.7192884684,0.1718731821,0.6693076491,-0.1513270885,0.6934524775,0.2569822967,0.6558840871,-0.1513270885,0.6934524775,0.2569822967,0.6558840871,-0.1445058286,0.5775141716,0.1132168844,0.7954730988,-0.2308705896,0.5616148114,0.1758676767,0.7748278379,-0.2834620774,0.5369931459,0.1010494828,0.7880841494,-0.2979614139,0.6840204597,0.0421989337,0.6644955277,-0.2962920964,0.6602161527,0.0526567958,0.6881518364,-0.2039352059,0.6614410281,-0.0339693949,0.7209385633,-0.2039352059,0.6614410281,-0.0339693949,0.7209385633,-0.1437409371,0.6547718048,0.1148352996,0.7330930233,-0.1072674319,0.3413213789,0.1423638314,0.9228900671,0.1385878325,0.3667138219,0.0478404276,0.9187087417,0.1892458647,0.3354023397,0.1754545718,0.9060391784,0.2211848795,-0.6417359710,-0.1379396468,0.7212661505,0.1562675834,-0.6583706141,-0.0926177725,0.7304454446,0.1562675834,-0.6583706141,-0.0926177725,0.7304454446,-0.0900894701,0.4063754082,0.1666318774,0.8938550353,-0.3232751191,0.3478382528,0.2681710124,0.8382040262,-0.3597862124,0.3014221787,0.1705820113,0.8663720489,0.0022355651,-0.6124534011,0.4465038776,0.6523267627,0.1142230034,-0.5973962545,0.3678041697,0.7034138441,0.1142230034,-0.5973962545,0.3678041697,0.7034138441,-0.1437409371,0.6547718048,0.1148352996,0.7330930233
0.8232790232,0.3070420027,0.2042335272,-0.1397379488,0.6556377411,0.1193119586,0.7323777676,-0.0894510001,0.0594619997,0.1693830043,0.2404370010,-0.0037489999,-0.2406850010,-0.2015219927,-0.2197739929,-0.1913380027,0.4034979939,-0.0703860000,0.2617999911,-0.0122189997,-0.7428069711,0.5308650136,0.2830260098,-2.1947999001,0.1628859937,-0.6126599908,-0.5352979898,-0.2351209968,-2.1947999001,-0.2940090001,0.0000000000,-0.0399500132,-0.0112503767,-0.0103503456,0.0676535517,-0.1556430310,-0.0699085519,0.1171998680,0.1080000773,0.0757500529,0.0680498779,0.1464000046,-0.0656001270,0.0813506544,0.0698000193,0.0947996974,0.0540003181,0.1253500581,0.0000000000,0.0493500382,0.1059502363,0.0727504492,-0.2648994327,0.0000000000,-0.0527501106,-0.0602483749,-0.0773489475,0.0761501491,0.0000000000,-0.0370502472,0.0000000000,2.0000000000,2.0000000000,-0.1397379488,0.6556377411,0.1193119586,0.7323777676,-0.1397379488,0.6556377411,0.1193119586,0.7323777676,-0.1268584728,0.6249698400,0.1337025613,0.7585797906,-0.1042523980,0.6286681294,0.1150652394,0.7620156407,-0.0506995134,0.6352335811,0.1791119576,0.7495510578,-0.0718143284,0.7205417752,0.1717388630,0.6679581404,-0.0714922771,0.7192884684,0.1718731821,0.6693076491,-0.1513270885,0.6934524775,0.2569822967,0.6558840871,-0.1513270885,0.6934524775,0.2569822967,0.6558840871,-0.1445058286,0.5775141716,0.1132168844,0.7954730988,-0.2308705896,0.5616148114,0.1758676767,0.7748278379,-0.2834620774,0.5369931459,0.1010494828,0.7880841494,-0.2979614139,0.6840204597,0.0421989337,0.6644955277,-0.2962920964,0.6602161527,0.0526567958,0.6881518364,-0.2039352059,0.6614410281,-0.0339693949,0.7209385633,-0.2039352059,0.6614410281,-0.0339693949,0.7209385633,-0.1437409371,0.6547718048,0.1148352996,0.7330930233,-0.1072674319,0.3413213789,0.1423638314,0.9228900671,0.1385878325,0.3667138219,0.0478404276,0.9187087417,0.1892458647,0.3354023397,0.1754545718,0.9060391784,0.2211848795,-0.6417359710,-0.1379396468,0.7212661505,0.1562675834,-0.6583706141,-0.0926177725,0.7304454446,0.1562675834,-0.6583706141,-0.0926177725,0.7304454446,-0.0900894701,0.4063754082,0.1666318774,0.8938550353,-0.3232751191,0.3478382528,0.2681710124,0.8382040262,-0.3597862124,0.3014221787,0.1705820113,0.8663720489,0.0022355651,-0.6124534011,0.4465038776,0.6523267627,0.1142230034,-0.5973962545,0.3678041697,0.7034138441,0.1142230034,-0.5973962545,0.3678041697,0.7034138441,-0.1437409371,0.6547718048,0.1148352996,0.7330930233
0.8232790232,0.3070420027,0.2042335272,-0.1397379488,0.6556377411,0.1193119586,0.7323777676,-0.0894510001,0.0594619997,0.1693830043,0.2404370010,-0.0037489999,-0.2406850010,-0.2015219927,-0.2197739929,-0.1913380027,0.4034979939,-0.0703860000,0.2617999911,-0.0122189997,-0.7428069711,0.5308650136,0.2830260098,-2.1947999001,0.1628859937,-0.6126599908,-0.5352979898,-0.2351209968,-2.1947999001,-0.2940090001,0.0000000000,-0.0399500132,-0.0112503767,-0.0103503456,0.0676535517,-0.1556430310,-0.0699085519,0.1171998680,0.1080000773,0.0757500529,0.0680498779,0.1464000046,-0.0656001270,0.0813506544,0.0698000193,0.0947996974,0.0540003181,0.1253500581,0.0000000000,0.0493500382,0.1059502363,0.0727504492,-0.2648994327,0.0000000000,-0.0527501106,-0.0602483749,-0.0773489475,0.0761501491,0.0000000000,-0.0370502472,0.0000000000,2.0000000000,2.0000000000,-0.1397379488,0.6556377411,0.1193119586,0.7323777676,-0.1397379488,0.6556377411,0.1193119586,0.7323777676,-0.1268584728,0.6249698400,0.1337025613,0.7585797906,-0.1042523980,0.6286681294,0.1150652394,0.7620156407,-0.0506995134,0.6352335811,0.1791119576,0.7495510578,-0.0718143284,0.7205417752,0.1717388630,0.6679581404,-0.0714922771,0.7192884684,0.1718731821,0.6693076491,-0.1513270885,0.6934524775,0.2569822967,0.6558840871,-0.1513270885,0.6934524775,0.2569822967,0.6558840871,-0.1445058286,0.5775141716,0.1132168844,0.7954730988,-0.2308705896,0.5616148114,0.1758676767,0.7748278379,-0.2834620774,0.5369931459,0.1010494828,0.7880841494,-0.2979614139,0.6840204597,0.0421989337,0.6644955277,-0.2962920964,0.6602161527,0.0526567958,0.6881518364,-0.2039352059,0.6614410281,-0.0339693949,0.7209385633,-0.2039352059,0.6614410281,-0.0339693949,0.7209385633,-0.1437409371,0.6547718048,0.1148352996,0.7330930233,-0.1072674319,0.3413213789,0.1423638314,0.9228900671,0.1385878325,0.3667138219,0.0478404276,0.9187087417,0.1892458647,0.3354023397,0.1754545718,0.9060391784,0.2211848795,-0.6417359710,-0.1379396468,0.7212661505,0.1562675834,-0.6583706141,-0.0926177725,0.7304454446,0.1562675834,-0.6583706141,-0.0926177725,0.7304454446,-0.0900894701,0.4063754082,0.1666318774,0.8938550353,-0.3232751191,0.3478382528,0.2681710124,0.8382040262,-0.3597862124,0.3014221787,0.1705820113,0.8663720489,0.0022355651,-0.6124534011,0.4465038776,0.6523267627,0.1142230034,-0.5973962545,0.3678041697,0.7034138441,0.1142230034,-0.5973962545,0.3678041697,0.7034138441,-0.1437409371,0.6547718048,0.1148352996,0.7330930233
0.8232790232,0.3070420027,0.2042335272,-0.1397379488,0.6556377411,0.1193119586,0.7323777676,-0.0894510001,0.0594619997,0.1693830043,0.2404370010,-0.0037489999,-0.2406850010,-0.2015219927,-0.2197739929,-0.1913380027,0.4034979939,-0.0703860000,0.2617999911,-0.0122189997,-0.7428069711,0.5308650136,0.2830260098,-2.1947999001,0.1628859937,-0.6126599908,-0.5352979898,-0.2351209968,-2.1947999001,-0.2940090001,0.0000000000,-0.0399500132,-0.0112503767,-0.0103503456,0.0676535517,-0.1556430310,-0.0699085519,0.1171998680,0.1080000773,0.0757500529,0.0680498779,0.1464000046,-0.0656001270,0.0813506544,0.0698000193,0.0947996974,0.0540003181,0.1253500581,0.0000000000,0.0493500382,0.1059502363,0.0727504492,-0.2648994327,0.0000000000,-0.0527501106,-0.0602483749,-0.0773489475,0.0761501491,0.0000000000,-0.0370502472,0.0000000000,2.0000000000,2.0000000000,-0.1397379488,0.6556377411,0.1193119586,0.7323777676,-0.1397379488,0.6556377411,0.1193119586,0.7323777676,-0.1268584728,0.6249698400,0.1337025613,0.7585797906,-0.1042523980,0.6286681294,0.1150652394,0.7620156407,-0.0506995134,0.6352335811,0.1791119576,0.7495510578,-0.0718143284,0.7205417752,0.1717388630,0.6679581404,-0.0714922771,0.7192884684,0.1718731821,0.6693076491,-0.1513270885,0.6934524775,0.2569822967,0.6558840871,-0.1513270885,0.6934524775,0.2569822967,0.6558840871,-0.1445058286,0.5775141716,0.1132168844,0.7954730988,-0.2308705896,0.5616148114,0.1758676767,0.7748278379,-0.2834620774,0.5369931459,0.1010494828,0.7880841494,-0.2979614139,0.6840204597,0.0421989337,0.6644955277,-0.2962920964,0.6602161527,0.0526567958,0.6881518364,-0.2039352059,0.6614410281,-0.0339693949,0.7209385633,-0.2039352059,0.6614410281,-0.0339693949,0.7209385633,-0.1437409371,0.6547718048,0.1148352996,0.7330930233,-0.1072674319,0.3413213789,0.1423638314,0.9228900671,0.1385878325,0.3667138219,0.0478404276,0.9187087417,0.1892458647,0.3354023397,0.1754545718,0.9060391784,0.2211848795,-0.6417359710,-0.1379396468,0.7212661505,0.1562675834,-0.6583706141,-0.0926177725,0.7304454446,0.1562675834,-0.6583706141,-0.0926177725,0.7304454446,-0.0900894701,0.4063754082,0.1666318774,0.8938550353,-0.3232751191,0.3478382528,0.2681710124,0.8382040262,-0.3597862124,0.3014221787,0.1705820113,0.8663720489,0.0022355651,-0.6124534011,0.4465038776,0.6523267627,0.1142230034,-0.5973962545,0.3678041697,0.7034138441,0.1142230034,-0.5973962545,0.3678041697,0.7034138441,-0.1437409371,0.6547718048,0.1148352996,0.7330930233
0.8232790232,0.3070420027,0.2042335272,-0.1397379488,0.6556377411,0.1193119586,0.7323777676,-0.0894510001,0.0594619997,0.1693830043,0.2404370010,-0.0037489999,-0.2406850010,-0.2015219927,-0.2197739929,-0.1913380027,0.4034979939,-0.0703860000,0.2617999911,-0.0122189997,-0.7428069711,0.5308650136,0.2830260098,-2.1947999001,0.1628859937,-0.6126599908,-0.5352979898,-0.2351209968,-2.1947999001,-0.2940090001,0.0000000000,-0.0399500132,-0.0112503767,-0.0103503456,0.0676535517,-0.1556430310,-0.0699085519,0.1171998680,0.1080000773,0.0757500529,0.0680498779,0.1464000046,-0.0656001270,0.0813506544,0.0698000193,0.0947996974,0.0540003181,0.1253500581,0.0000000000,0.0493500382,0.1059502363,0.0727504492,-0.2648994327,0.0000000000,-0.0527501106,-0.0602483749,-0.0773489475,0.0761501491,0.0000000000,-0.0370502472,0.0000000000,2.0000000000,2.0000000000,-0.1397379488,0.6556377411,0.1193119586,0.7323777676,-0.1397379488,0.6556377411,0.1193119586,0.7323777676,-0.1268584728,0.6249698400,0.1337025613,0.7585797906,-0.1042523980,0.6286681294,0.1150652394,0.7620156407,-0.0506995134,0.6352335811,0.1791119576,0.7495510578,-0.0718143284,0.7205417752,0.1717388630,0.6679581404,-0.0714922771,0.7192884684,0.1718731821,0.6693076491,-0.1513270885,0.6934524775,0.2569822967,0.6558840871,-0.1513270885,0.6934524775,0.2569822967,0.6558840871,-0.1445058286,0.5775141716,0.1132168844,0.7954730988,-0.2308705896,0.5616148114,0.1758676767,0.7748278379,-0.2834620774,0.5369931459,0.1010494828,0.7880841494,-0.2979614139,0.6840204597,0.0421989337,0.6644955277,-0.2962920964,0.6602161527,0.0526567958,0.6881518364,-0.2039352059,0.6614410281,-0.0339693949,0.7209385633,-0.2039352059,0.6614410281,-0.0339693949,0.7209385633,-0.1437409371,0.6547718048,0.1148352996,0.7330930233,-0.1072674319,0.3413213789,0.1423638314,0.9228900671,0.1385878325,0.3667138219,0.0478404276,0.9187087417,0.1892458647,0.3354023397,0.1754545718,0.9060391784,0.2211848795,-0.6417359710,-0.1379396468,0.7212661505,0.1562675834,-0.6583706141,-0.0926177725,0.7304454446,0.1562675834,-0.6583706141,-0.0926177725,0.7304454446,-0.0900894701,0.4063754082,0.1666318774,0.8938550353,-0.3232751191,0.3478382528,0.2681710124,0.8382040262,-0.3597862124,0.3014221787,0.1705820113,0.8663720489,0.0022355651,-0.6124534011,0.4465038776,0.6523267627,0.1142230034,-0.5973962545,0.3678041697,0.7034138441,0.1142230034,-0.5973962545,0.3678041697,0.7034138441,-0.1437409371,0.6547718048,0.1148352996,0.7330930233
0.8232790232,0.3070420027,0.2042335272,-0.1397379488,0.6556377411,0.1193119586,0.7323777676,-0.0894510001,0.0594619997,0.1693830043,0.2404370010,-0.0037489999,-0.2406850010,-0.2015219927,-0.2197739929,-0.1913380027,0.4034979939,-0.0703860000,0.2617999911,-0.0122189997,-0.7428069711,0.5308650136,0.2830260098,-2.1947999001,0.1628859937,-0.6126599908,-0.5352979898,-0.2351209968,-2.1947999001,-0.2940090001,0.0000000000,-0.0399500132,-0.0112503767,-0.0103503456,0.0676535517,-0.1556430310,-0.0699085519,0.1171998680,0.1080000773,0.0757500529,0.0680498779,0.1464000046,-0.0656001270,0.0813506544,0.0698000193,0.0947996974,0.0540003181,0.1253500581,0.0000000000,0.0493500382,0.1059502363,0.0727504492,-0.2648994327,0.0000000000,-0.0527501106,-0.0602483749,-0.0773489475,0.0761501491,0.0000000000,-0.0370502472,0.0000000000,2.0000000000,2.0000000000,-0.1397379488,0.6556377411,0.1193119586,0.7323777676,-0.1397379488,0.6556377411,0.1193119586,0.7323777676,-0.1268584728,0.6249698400,0.1337025613,0.7585797906,-0.1042523980,0.6286681294,0.1150652394,0.7620156407,-0.0506995134,0.6352335811,0.1791119576,0.7495510578,-0.0718143284,0.7205417752,0.1717388630,0.6679581404,-0.0714922771,0.7192884684,0.1718731821,0.6693076491,-0.1513270885,0.6934524775,0.2569822967,0.6558840871,-0.1513270885,0.6934524775,0.2569822967,0.6558840871,-0.1445058286,0.5775141716,0.1132168844,0.7954730988,-0.2308705896,0.5616148114,0.1758676767,0.7748278379,-0.2834620774,0.5369931459,0.1010494828,0.7880841494,-0.2979614139,0.6840204597,0.0421989337,0.6644955277,-0.2962920964,0.6602161527,0.0526567958,0.6881518364,-0.2039352059,0.6614410281,-0.0339693949,0.7209385633,-0.2039352059,0.6614410281,-0.0339693949,0.7209385633,-0.1437409371,0.6547718048,0.1148352996,0.7330930233,-0.1072674319,0.3413213789,0.1423638314,0.9228900671,0.1385878325,0.3667138219,0.0478404276,0.9187087417,0.1892458647,0.3354023397,0.1754545718,0.9060391784,0.2211848795,-0.6417359710,-0.1379396468,0.7212661505,0.1562675834,-0.6583706141,-0.0926177725,0.7304454446,0.1562675834,-0.6583706141,-0.0926177725,0.7304454446,-0.0900894701,0.4063754082,0.1666318774,0.8938550353,-0.3232751191,0.3478382528,0.2681710124,0.8382040262,-0.3597862124,0.3014221787,0.1705820113,0.8663720489,0.0022355651,-0.6124534011,0.4465038776,0.6523267627,0.1142230034,-0.5973962545,0.3678041697,0.7034138441,0.1142230034,-0.5973962545,0.3678041697,0.7034138441,-0.1437409371,0.6547718048,0.1148352996,0.7330930233
0.8232790232,0.3070420027,0.2042335272,-0.1397379488,0.6556377411,0.1193119586,0.7323777676,-0.0894510001,0.0594619997,0.1693830043,0.2404370010,-0.0037489999,-0.2406850010,-0.2015219927,-0.2197739929,-0.1913380027,0.4034979939,-0.0703860000,0.2617999911,-0.0122189997,-0.7428069711,0.5308650136,0.2830260098,-2.1947999001,0.1628859937,-0.6126599908,-0.5352979898,-0.2351209968,-2.1947999001,-0.2940090001,0.0000000000,-0.0399500132,-0.0112503767,-0.0103503456,0.0676535517,-0.1556430310,-0.0699085519,0.1171998680,0.1080000773,0.0757500529,0.0680498779,0.1464000046,-0.0656001270,0.0813506544,0.0698000193,0.0947996974,0.0540003181,0.1253500581,0.0000000000,0.0493500382,0.1059502363,0.0727504492,-0.2648994327,0.0000000000,-0.0527501106,-0.0602483749,-0.0773489475,0.0761501491,0.0000000000,-0.0370502472,0.0000000000,2.0000000000,2.0000000000,-0.1397379488,0.6556377411,0.1193119586,0.7323777676,-0.1397379488,0.6556377411,0.1193119586,0.7323777676,-0.1268584728,0.6249698400,0.1337025613,0.7585797906,-0.1042523980,0.6286681294,0.1150652394,0.7620156407,-0.0506995134,0.6352335811,0.1791119576,0.7495510578,-0.0718143284,0.7205417752,0.1717388630,0.6679581404,-0.0714922771,0.7192884684,0.1718731821,0.6693076491,-0.1513270885,0.6934524775,0.2569822967,0.6558840871,-0.1513270885,0.6934524775,0.2569822967,0.6558840871,-0.1445058286,0.5775141716,0.1132168844,0.7954730988,-0.2308705896,0.5616148114,0.1758676767,0.7748278379,-0.2834620774,0.5369931459,0.1010494828,0.7880841494,-0.2979614139,0.6840204597,0.0421989337,0.6644955277,-0.2962920964,0.6602161527,0.0526567958,0.6881518364,-0.2039352059,0.6614410281,-0.0339693949,0.7209385633,-0.2039352059,0.6614410281,-0.0339693949,0.7209385633,-0.1437409371,0.6547718048,0.1148352996,0.7330930233,-0.1072674319,0.3413213789,0.1423638314,0.9228900671,0.1385878325,0.3667138219,0.0478404276,0.9187087417,0.1892458647,0.3354023397,0.1754545718,0.9060391784,0.2211848795,-0.6417359710,-0.1379396468,0.7212661505,0.1562675834,-0.6583706141,-0.0926177725,0.7304454446,0.1562675834,-0.6583706141,-0.0926177725,0.7304454446,-0.0900894701,0.4063754082,0.1666318774,0.8938550353,-0.3232751191,0.3478382528,0.2681710124,0.8382040262,-0.3597862124,0.3014221787,0.1705820113,0.8663720489,0.0022355651,-0.6124534011,0.4465038776,0.6523267627,0.1142230034,-0.5973962545,0.3678041697,0.7034138441,0.1142230034,-0.5973962545,0.3678041697,0.7034138441,-0.1437409371,0.6547718048,0.1148352996,0.7330930233
0.8232790232,0.3070420027,0.2042335272,-0.1397379488,0.6556377411,0.1193119586,0.7323777676,-0.0894510001,0.0594619997,0.1693830043,0.2404370010,-0.0037489999,-0.2406850010,-0.2015219927,-0.2197739929,-0.1913380027,0.4034979939,-0.0703860000,0.2617999911,-0.0122189997,-0.7428069711,0.5308650136,0.2830260098,-2.1947999001,0.1628859937,-0.6126599908,-0.5352979898,-0.2351209968,-2.1947999001,-0.2940090001,0.0000000000,-0.0399500132,-0.0112503767,-0.0103503456,0.0676535517,-0.1556430310,-0.0699085519,0.1171998680,0.1080000773,0.0757500529,0.0680498779,0.1464000046,-0.0656001270,0.0813506544,0.0698000193,0.0947996974,0.0540003181,0.1253500581,0.0000000000,0.0493500382,0.1059502363,0.0727504492,-0.2648994327,0.0000000000,-0.0527501106,-0.0602483749,-0.0773489475,0.0761501491,0.0000000000,-0.0370502472,0.0000000000,2.0000000000,2.0000000000,-0.1397379488,0.6556377411,0.1193119586,0.7323777676,-0.1397379488,0.6556377411,0.1193119586,0.7323777676,-0.1268584728,0.6249698400,0.1337025613,0.7585797906,-0.1042523980,0.6286681294,0.1150652394,0.7620156407,-0.0506995134,0.6352335811,0.1791119576,0.7495510578,-0.0718143284,0.7205417752,0.1717388630,0.6679581404,-0.0714922771,0.7192884684,0.1718731821,0.6693076491,-0.1513270885,0.6934524775,0.2569822967,0.6558840871,-0.1513270885,0.6934524775,0.2569822967,0.6558840871,-0.1445058286,0.5775141716,0.1132168844,0.7954730988,-0.2308705896,0.5616148114,0.1758676767,0.7748278379,-0.2834620774,0.5369931459,0.1010494828,0.7880841494,-0.2979614139,0.6840204597,0.0421989337,0.6644955277,-0.2962920964,0.6602161527,0.0526567958,0.6881518364,-0.2039352059,0.6614410281,-0.0339693949,0.7209385633,-0.2039352059,0.6614410281,-0.0339693949,0.7209385633,-0.1437409371,0.6547718048,0.1148352996,0.7330930233,-0.1072674319,0.3413213789,0.1423638314,0.9228900671,0.1385878325,0.3667138219,0.0478404276,0.9187087417,0.1892458647,0.3354023397,0.1754545718,0.9060391784,0.2211848795,-0.6417359710,-0.1379396468,0.7212661505,0.1562675834,-0.6583706141,-0.0926177725,0.7304454446,0.1562675834,-0.6583706141,-0.0926177725,0.7304454446,-0.0900894701,0.4063754082,0.1666318774,0.8938550353,-0.3232751191,0.3478382528,0.2681710124,0.8382040262,-0.3597862124,0.3014221787,0.1705820113,0.8663720489,0.0022355651,-0.6124534011,0.4465038776,0.6523267627,0.1142230034,-0.5973962545,0.3678041697,0.7034138441,0.1142230034,-0.5973962545,0.3678041697,0.7034138441,-0.1437409371,0.6547718048,0.1148352996,0.7330930233
0.8232790232,0.3070420027,0.2042335272,-0.1397379488,0.6556377411,0.1193119586,0.7323777676,-0.0894510001,0.0594619997,0.1693830043,0.2404370010,-0.0037489999,-0.2406850010,-0.2015219927,-0.2197739929,-0.1913380027,0.4034979939,-0.0703860000,0.2617999911,-0.0122189997,-0.7428069711,0.5308650136,0.2830260098,-2.1947999001,0.1628859937,-0.6126599908,-0.5352979898,-0.2351209968,-2.1947999001,-0.2940090001,0.0000000000,-0.0399500132,-0.0112503767,-0.0103503456,0.0676535517,-0.1556430310,-0.0699085519,0.1171998680,0.1080000773,0.0757500529,0.0680498779,0.1464000046,-0.0656001270,0.0813506544,0.0698000193,0.0947996974,0.0540003181,0.1253500581,0.0000000000,0.0493500382,0.1059502363,0.0727504492,-0.2648994327,0.0000000000,-0.0527501106,-0.0602483749,-0.0773489475,0.0761501491,0.0000000000,-0.0370502472,0.0000000000,2.0000000000,2.0000000000,-0.1397379488,0.6556377411,0.1193119586,0.7323777676,-0.1397379488,0.6556377411,0.1193119586,0.7323777676,-0.1268584728,0.6249698400,0.1337025613,0.7585797906,-0.1042523980,0.6286681294,0.1150652394,0.7620156407,-0.0506995134,0.6352335811,0.1791119576,0.7495510578,-0.0718143284,0.7205417752,0.1717388630,0.6679581404,-0.0714922771,0.7192884684,0.1718731821,0.6693076491,-0.1513270885,0.6934524775,0.2569822967,0.6558840871,-0.1513270885,0.6934524775,0.2569822967,0.6558840871,-0.1445058286,0.5775141716,0.1132168844,0.7954730988,-0.2308705896,0.5616148114,0.1758676767,0.7748278379,-0.2834620774,0.5369931459,0.1010494828,0.7880841494,-0.2979614139,0.6840204597,0.0421989337,0.6644955277,-0.2962920964,0.6602161527,0.0526567958,0.6881518364,-0.2039352059,0.6614410281,-0.0339693949,0.7209385633,-0.2039352059,0.6614410281,-0.0339693949,0.7209385633,-0.1437409371,0.6547718048,0.1148352996,0.7330930233,-0.1072674319,0.3413213789,0.1423638314,0.9228900671,0.1385878325,0.3667138219,0.0478404276,0.9187087417,0.1892458647,0.3354023397,0.1754545718,0.9060391784,0.2211848795,-0.6417359710,-0.1379396468,0.7212661505,0.1562675834,-0.6583706141,-0.0926177725,0.7304454446,0.1562675834,-0.6583706141,-0.0926177725,0.7304454446,-0.0900894701,0.4063754082,0.1666318774,0.8938550353,-0.3232751191,0.3478382528,0.2681710124,0.8382040262,-0.3597862124,0.3014221787,0.1705820113,0.8663720489,0.0022355651,-0.6124534011,0.4465038776,0.6523267627,0.1142230034,-0.5973962545,0.3678041697,0.7034138441,0.1142230034,-0.5973962545,0.3678041697,0.7034138441,-0.1437409371,0.6547718048,0.1148352996,0.7330930233
0.8232790232,0.3070420027,0.2042335272,-0.1397379488,0.6556377411,0.1193119586,0.7323777676,-0.0894510001,0.0594619997,0.1693830043,0.2404370010,-0.0037489999,-0.2406850010,-0.2015219927,-0.2197739929,-0.1913380027,0.4034979939,-0.0703860000,0.2617999911,-0.0122189997,-0.7428069711,0.5308650136,0.2830260098,-2.1947999001,0.1628859937,-0.6126599908,-0.5352979898,-0.2351209968,-2.1947999001,-0.2940090001,0.0000000000,-0.0399500132,-0.0112503767,-0.0103503456,0.0676535517,-0.1556430310,-0.0699085519,0.1171998680,0.1080000773,0.0757500529,0.0680498779,0.1464000046,-0.0656001270,0.0813506544,0.0698000193,0.0947996974,0.0540003181,0.1253500581,0.0000000000,0.0493500382,0.1059502363,0.0727504492,-0.2648994327,0.0000000000,-0.0527501106,-0.0602483749,-0.0773489475,0.0761501491,0.0000000000,-0.0370502472,0.0000000000,2.0000000000,2.0000000000,-0.1397379488,0.6556377411,0.1193119586,0.7323777676,-0.1397379488,0.6556377411,0.1193119586,0.7323777676,-0.1268584728,0.6249698400,0.1337025613,0.7585797906,-0.1042523980,0.6286681294,0.1150652394,0.7620156407,-0.0506995134,0.6352335811,0.1791119576,0.7495510578,-0.0718143284,0.7205417752,0.1717388630,0.6679581404,-0.0714922771,0.7192884684,0.1718731821,0.6693076491,-0.1513270885,0.6934524775,0.2569822967,0.6558840871,-0.1513270885,0.6934524775,0.2569822967,0.6558840871,-0.1445058286,0.5775141716,0.1132168844,0.7954730988,-0.2308705896,0.5616148114,0.1758676767,0.7748278379,-0.2834620774,0.5369931459,0.1010494828,0.7880841494,-0.2979614139,0.6840204597,0.0421989337,0.6644955277,-0.2962920964,0.6602161527,0.0526567958,0.6881518364,-0.2039352059,0.6614410281,-0.0339693949,0.7209385633,-0.2039352059,0.6614410281,-0.0339693949,0.7209385633,-0.1437409371,0.6547718048,0.1148352996,0.7330930233,-0.1072674319,0.3413213789,0.1423638314,0.9228900671,0.1385878325,0.3667138219,0.0478404276,0.9187087417,0.1892458647,0.3354023397,0.1754545718,0.9060391784,0.2211848795,-0.6417359710,-0.1379396468,0.7212661505,0.1562675834,-0.6583706141,-0.0926177725,0.7304454446,0.1562675834,-0.6583706141,-0.0926177725,0.7304454446,-0.0900894701,0.4063754082,0.1666318774,0.8938550353,-0.3232751191,0.3478382528,0.2681710124,0.8382040262,-0.3597862124,0.3014221787,0.1705820113,0.8663720489,0.0022355651,-0.6124534011,0.4465038776,0.6523267627,0.1142230034,-0.5973962545,0.3678041697,0.7034138441,0.1142230034,-0.5973962545,0.3678041697,0.7034138441,-0.1437409371,0.6547718048,0.1148352996,0.7330930233
0.8232790232,0.3070420027,0.2042335272,-0.1397379488,0.6556377411,0.1193119586,0.7323777676,-0.0894510001,0.0594619997,0.1693830043,0.2404370010,-0.0037489999,-0.2406850010,-0.2015219927,-0.2197739929,-0.1913380027,0.4034979939,-0.0703860000,0.2617999911,-0.0122189997,-0.7428069711,0.5308650136,0.2830260098,-2.1947999001,0.1628859937,-0.6126599908,-0.5352979898,-0.2351209968,-2.1947999001,-0.2940090001,0.0000000000,-0.0399500132,-0.0112503767,-0.0103503456,0.0676535517,-0.1556430310,-0.0699085519,0.1171998680,0.1080000773,0.0757500529,0.0680498779,0.1464000046,-0.0656001270,0.0813506544,0.0698000193,0.0947996974,0.0540003181,0.1253500581,0.0000000000,0.0493500382,0.1059502363,0.0727504492,-0.2648994327,0.0000000000,-0.0527501106,-0.0602483749,-0.0773489475,0.0761501491,0.0000000000,-0.0370502472,0.0000000000,2.0000000000,2.0000000000,-0.1397379488,0.6556377411,0.1193119586,0.7323777676,-0.1397379488,0.6556377411,0.1193119586,0.7323777676,-0.1268584728,0.6249698400,0.1337025613,0.7585797906,-0.1042523980,0.6286681294,0.1150652394,0.7620156407,-0.0506995134,0.6352335811,0.1791119576,0.7495510578,-0.0718143284,0.7205417752,0.1717388630,0.6679581404,-0.0714922771,0.7192884684,0.1718731821,0.6693076491,-0.1513270885,0.6934524775,0.2569822967,0.6558840871,-0.1513270885,0.6934524775,0.2569822967,0.6558840871,-0.1445058286,0.5775141716,0.1132168844,0.7954730988,-0.2308705896,0.5616148114,0.1758676767,0.7748278379,-0.2834620774,0.5369931459,0.1010494828,0.7880841494,-0.2979614139,0.6840204597,0.0421989337,0.6644955277,-0.2962920964,0.6602161527,0.0526567958,0.6881518364,-0.2039352059,0.6614410281,-0.0339693949,0.7209385633,-0.2039352059,0.6614410281,-0.0339693949,0.7209385633,-0.1437409371,0.6547718048,0.1148352996,0.7330930233,-0.1072674319,0.3413213789,0.1423638314,0.9228900671,0.1385878325,0.3667138219,0.0478404276,0.9187087417,0.1892458647,0.3354023397,0.1754545718,0.9060391784,0.2211848795,-0.6417359710,-0.1379396468,0.7212661505,0.1562675834,-0.6583706141,-0.0926177725,0.7304454446,0.1562675834,-0.6583706141,-0.0926177725,0.7304454446,-0.0900894701,0.4063754082,0.1666318774,0.8938550353,-0.3232751191,0.3478382528,0.2681710124,0.8382040262,-0.3597862124,0.3014221787,0.1705820113,0.8663720489,0.0022355651,-0.6124534011,0.4465038776,0.6523267627,0.1142230034,-0.5973962545,0.3678041697,0.7034138441,0.1142230034,-0.5973962545,0.3678041697,0.7034138441,-0.1437409371,0.6547718048,0.1148352996,0.7330930233
0.8232790232,0.3070420027,0.2042335272,-0.1397379488,0.6556377411,0.1193119586,0.7323777676,-0.0894510001,0.0594619997,0.1693830043,0.2404370010,-0.0037489999,-0.2406850010,-0.2015219927,-0.2197739929,-0.1913380027,0.4034979939,-0.0703860000,0.2617999911,-0.0122189997,-0.7428069711,0.5308650136,0.2830260098,-2.1947999001,0.1628859937,-0.6126599908,-0.5352979898,-0.2351209968,-2.1947999001,-0.2940090001,0.0000000000,-0.0399500132,-0.0112503767,-0.0103503456,0.0676535517,-0.1556430310,-0.0699085519,0.1171998680,0.1080000773,0.0757500529,0.0680498779,0.1464000046,-0.0656001270,0.0813506544,0.0698000193,0.0947996974,0.0540003181,0.1253500581,0.0000000000,0.0493500382,0.1059502363,0.0727504492,-0.2648994327,0.0000000000,-0.0527501106,-0.0602483749,-0.0773489475,0.0761501491,0.0000000000,-0.0370502472,0.0000000000,2.0000000000,2.0000000000,-0.1397379488,0.6556377411,0.1193119586,0.7323777676,-0.1397379488,0.6556377411,0.1193119586,0.7323777676,-0.1268584728,0.6249698400,0.1337025613,0.7585797906,-0.1042523980,0.6286681294,0.1150652394,0.7620156407,-0.0506995134,0.6352335811,0.1791119576,0.7495510578,-0.0718143284,0.7205417752,0.1717388630,0.6679581404,-0.0714922771,0.7192884684,0.1718731821,0.6693076491,-0.1513270885,0.6934524775,0.2569822967,0.6558840871,-0.1513270885,0.6934524775,0.2569822967,0.6558840871,-0.1445058286,0.5775141716,0.1132168844,0.7954730988,-0.2308705896,0.5616148114,0.1758676767,0.7748278379,-0.2834620774,0.5369931459,0.1010494828,0.7880841494,-0.2979614139,0.6840204597,0.0421989337,0.6644955277,-0.2962920964,0.6602161527,0.0526567958,0.6881518364,-0.2039352059,0.6614410281,-0.0339693949,0.7209385633,-0.2039352059,0.6614410281,-0.0339693949,0.7209385633,-0.1437409371,0.6547718048,0.1148352996,0.7330930233,-0.1072674319,0.3413213789,0.1423638314,0.9228900671,0.1385878325,0.3667138219,0.0478404276,0.9187087417,0.1892458647,0.3354023397,0.1754545718,0.9060391784,0.2211848795,-0.6417359710,-0.1379396468,0.7212661505,0.1562675834,-0.6583706141,-0.0926177725,0.7304454446,0.1562675834,-0.6583706141,-0.0926177725,0.7304454446,-0.0900894701,0.4063754082,0.1666318774,0.8938550353,-0.3232751191,0.3478382528,0.2681710124,0.8382040262,-0.3597862124,0.3014221787,0.1705820113,0.8663720489,0.0022355651,-0.6124534011,0.4465038776,0.6523267627,0.1142230034,-0.5973962545,0.3678041697,0.7034138441,0.1142230034,-0.5973962545,0.3678041697,0.7034138441,-0.1437409371,0.6547718048,0.1148352996,0.7330930233
0.8232790232,0.3070420027,0.2042335272,-0.1397379488,0.6556377411,0.1193119586,0.7323777676,-0.0894510001,0.0594619997,0.1693830043,0.2404370010,-0.0037489999,-0.2406850010,-0.2015219927,-0.2197739929,-0.1913380027,0.4034979939,-0.0703860000,0.2617999911,-0.0122189997,-0.7428069711,0.5308650136,0.2830260098,-2.1947999001,0.1628859937,-0.6126599908,-0.5352979898,-0.2351209968,-2.1947999001,-0.2940090001,0.0000000000,-0.0399500132,-0.0112503767,-0.0103503456,0.0676535517,-0.1556430310,-0.0699085519,0.1171998680,0.1080000773,0.0757500529,0.0680498779,0.1464000046,-0.0656001270,0.0813506544,0.0698000193,0.0947996974,0.0540003181,0.1253500581,0.0000000000,0.0493500382,0.1059502363,0.0727504492,-0.2648994327,0.0000000000,-0.0527501106,-0.0602483749,-0.0773489475,0.0761501491,0.0000000000,-0.0370502472,0.0000000000,2.0000000000,2.0000000000,-0.1397379488,0.6556377411,0.1193119586,0.7323777676,-0.1397379488,0.6556377411,0.1193119586,0.7323777676,-0.1268584728,0.6249698400,0.1337025613,0.7585797906,-0.1042523980,0.6286681294,0.1150652394,0.7620156407,-0.0506995134,0.6352335811,0.1791119576,0.7495510578,-0.0718143284,0.7205417752,0.1717388630,0.6679581404,-0.0714922771,0.7192884684,0.1718731821,0.6693076491,-0.1513270885,0.6934524775,0.2569822967,0.6558840871,-0.1513270885,0.6934524775,0.2569822967,0.6558840871,-0.1445058286,0.5775141716,0.1132168844,0.7954730988,-0.2308705896,0.5616148114,0.1758676767,0.7748278379,-0.2834620774,0.5369931459,0.1010494828,0.7880841494,-0.2979614139,0.6840204597,0.0421989337,0.6644955277,-0.2962920964,0.6602161527,0.0526567958,0.6881518364,-0.2039352059,0.6614410281,-0.0339693949,0.7209385633,-0.2039352059,0.6614410281,-0.0339693949,0.7209385633,-0.1437409371,0.6547718048,0.1148352996,0.7330930233,-0.1072674319,0.3413213789,0.1423638314,0.9228900671,0.1385878325,0.3667138219,0.0478404276,0.9187087417,0.1892458647,0.3354023397,0.1754545718,0.9060391784,0.2211848795,-0.6417359710,-0.1379396468,0.7212661505,0.1562675834,-0.6583706141,-0.0926177725,0.7304454446,0.1562675834,-0.6583706141,-0.0926177725,0.7304454446,-0.0900894701,0.4063754082,0.1666318774,0.8938550353,-0.3232751191,0.3478382528,0.2681710124,0.8382040262,-0.3597862124,0.3014221787,0.1705820113,0.8663720489,0.0022355651,-0.6124534011,0.4465038776,0.6523267627,0.1142230034,-0.5973962545,0.3678041697,0.7034138441,0.1142230034,-0.5973962545,0.3678041697,0.7034138441,-0.1437409371,0.6547718048,0.1148352996,0.7330930233
0.8232790232,0.3070420027,0.2042335272,-0.1397379488,0.6556377411,0.1193119586,0.7323777676,-0.0894510001,0.0594619997,0.1693830043,0.2404370010,-0.0037489999,-0.2406850010,-0.2015219927,-0.2197739929,-0.1913380027,0.4034979939,-0.0703860000,0.2617999911,-0.0122189997,-0.7428069711,0.5308650136,0.2830260098,-2.1947999001,0.1628859937,-0.6126599908,-0.5352979898,-0.2351209968,-2.1947999001,-0.2940090001,0.0000000000,-0.0399500132,-0.0112503767,-0.0103503456,0.0676535517,-0.1556430310,-0.0699085519,0.1171998680,0.1080000773,0.0757500529,0.0680498779,0.1464000046,-0.0656001270,0.0813506544,0.0698000193,0.0947996974,0.0540003181,0.1253500581,0.0000000000,0.0493500382,0.1059502363,0.0727504492,-0.2648994327,0.0000000000,-0.0527501106,-0.0602483749,-0.0773489475,0.0761501491,0.0000000000,-0.0370502472,0.0000000000,2.0000000000,2.0000000000,-0.1397379488,0.6556377411,0.1193119586,0.7323777676,-0.1397379488,0.6556377411,0.1193119586,0.7323777676,-0.1268584728,0.6249698400,0.1337025613,0.7585797906,-0.1042523980,0.6286681294,0.1150652394,0.7620156407,-0.0506995134,0.6352335811,0.1791119576,0.7495510578,-0.0718143284,0.7205417752,0.1717388630,0.6679581404,-0.0714922771,0.7192884684,0.1718731821,0.6693076491,-0.1513270885,0.6934524775,0.2569822967,0.6558840871,-0.1513270885,0.6934524775,0.2569822967,0.6558840871,-0.1445058286,0.5775141716,0.1132168844,0.7954730988,-0.2308705896,0.5616148114,0.1758676767,0.7748278379,-0.2834620774,0.5369931459,0.1010494828,0.7880841494,-0.2979614139,0.6840204597,0.0421989337,0.6644955277,-0.2962920964,0.6602161527,0.0526567958,0.6881518364,-0.2039352059,0.6614410281,-0.0339693949,0.7209385633,-0.2039352059,0.6614410281,-0.0339693949,0.7209385633,-0.1437409371,0.6547718048,0.1148352996,0.7330930233,-0.1072674319,0.3413213789,0.1423638314,0.9228900671,0.1385878325,0.3667138219,0.0478404276,0.9187087417,0.1892458647,0.3354023397,0.1754545718,0.9060391784,0.2211848795,-0.6417359710,-0.1379396468,0.7212661505,0.1562675834,-0.6583706141,-0.0926177725,0.7304454446,0.1562675834,-0.6583706141,-0.0926177725,0.7304454446,-0.0900894701,0.4063754082,0.1666318774,0.8938550353,-0.3232751191,0.3478382528,0.2681710124,0.8382040262,-0.3597862124,0.3014221787,0.1705820113,0.8663720489,0.0022355651,-0.6124534011,0.4465038776,0.6523267627,0.1142230034,-0.5973962545,0.3678041697,0.7034138441,0.1142230034,-0.5973962545,0.3678041697,0.7034138441,-0.1437409371,0.6547718048,0.1148352996,0.7330930233
0.8232790232,0.3070420027,0.2042335272,-0.1397379488,0.6556377411,0.1193119586,0.7323777676,-0.0894510001,0.0594619997,0.1693830043,0.2404370010,-0.0037489999,-0.2406850010,-0.2015219927,-0.2197739929,-0.1913380027,0.4034979939,-0.0703860000,0.2617999911,-0.0122189997,-0.7428069711,0.5308650136,0.2830260098,-2.1947999001,0.1628859937,-0.6126599908,-0.5352979898,-0.2351209968,-2.1947999001,-0.2940090001,0.0000000000,-0.0399500132,-0.0112503767,-0.0103503456,0.0676535517,-0.1556430310,-0.0699085519,0.1171998680,0.1080000773,0.0757500529,0.0680498779,0.1464000046,-0.0656001270,0.0813506544,0.0698000193,0.0947996974,0.0540003181,0.1253500581,0.0000000000,0.0493500382,0.1059502363,0.0727504492,-0.2648994327,0.0000000000,-0.0527501106,-0.0602483749,-0.0773489475,0.0761501491,0.0000000000,-0.0370502472,0.0000000000,2.0000000000,2.0000000000,-0.1397379488,0.6556377411,0.1193119586,0.7323777676,-0.1397379488,0.6556377411,0.1193119586,0.7323777676,-0.1268584728,0.6249698400,0.1337025613,0.7585797906,-0.1042523980,0.6286681294,0.1150652394,0.7620156407,-0.0506995134,0.6352335811,0.1791119576,0.7495510578,-0.0718143284,0.7205417752,0.1717388630,0.6679581404,-0.0714922771,0.7192884684,0.1718731821,0.6693076491,-0.1513270885,0.6934524775,0.2569822967,0.6558840871,-0.1513270885,0.6934524775,0.2569822967,0.6558840871,-0.1445058286,0.5775141716,0.1132168844,0.7954730988,-0.2308705896,0.5616148114,0.1758676767,0.7748278379,-0.2834620774,0.5369931459,0.1010494828,0.7880841494,-0.2979614139,0.6840204597,0.0421989337,0.6644955277,-0.2962920964,0.6602161527,0.0526567958,0.6881518364,-0.2039352059,0.6614410281,-0.0339693949,0.7209385633,-0.2039352059,0.6614410281,-0.0339693949,0.7209385633,-0.1437409371,0.6547718048,0.1148352996,0.7330930233,-0.1072674319,0.3413213789,0.1423638314,0.9228900671,0.1385878325,0.3667138219,0.0478404276,0.9187087417,0.1892458647,0.3354023397,0.1754545718,0.9060391784,0.2211848795,-0.6417359710,-0.1379396468,0.7212661505,0.1562675834,-0.6583706141,-0.0926177725,0.7304454446,0.1562675834,-0.6583706141,-0.0926177725,0.7304454446,-0.0900894701,0.4063754082,0.1666318774,0.8938550353,-0.3232751191,0.3478382528,0.2681710124,0.8382040262,-0.3597862124,0.3014221787,0.1705820113,0.8663720489,0.0022355651,-0.6124534011,0.4465038776,0.6523267627,0.1142230034,-0.5973962545,0.3678041697,0.7034138441,0.1142230034,-0.5973962545,0.3678041697,0.7034138441,-0.1437409371,0.6547718048,0.1148352996,0.7330930233
0.8232790232,0.3070420027,0.2042335272,-0.1397379488,0.6556377411,0.1193119586,0.7323777676,-0.0894510001,0.0594619997,0.1693830043,0.2404370010,-0.0037489999,-0.2406850010,-0.2015219927,-0.2197739929,-0.1913380027,0.4034979939,-0.0703860000,0.2617999911,-0.0122189997,-0.7428069711,0.5308650136,0.2830260098,-2.1947999001,0.1628859937,-0.6126599908,-0.5352979898,-0.2351209968,-2.1947999001,-0.2940090001,0.0000000000,-0.0399500132,-0.0112503767,-0.0103503456,0.0676535517,-0.1556430310,-0.0699085519,0.1171998680,0.1080000773,0.0757500529,0.0680498779,0.1464000046,-0.0656001270,0.0813506544,0.0698000193,0.0947996974,0.0540003181,0.1253500581,0.0000000000,0.0493500382,0.1059502363,0.0727504492,-0.2648994327,0.0000000000,-0.0527501106,-0.0602483749,-0.0773489475,0.0761501491,0.0000000000,-0.0370502472,0.0000000000,2.0000000000,2.0000000000,-0.1397379488,0.6556377411,0.1193119586,0.7323777676,-0.1397379488,0.6556377411,0.1193119586,0.7323777676,-0.1268584728,0.6249698400,0.1337025613,0.7585797906,-0.1042523980,0.6286681294,0.1150652394,0.7620156407,-0.0506995134,0.6352335811,0.1791119576,0.7495510578,-0.0718143284,0.7205417752,0.1717388630,0.6679581404,-0.0714922771,0.7192884684,0.1718731821,0.6693076491,-0.1513270885,0.6934524775,0.2569822967,0.6558840871,-0.1513270885,0.6934524775,0.2569822967,0.6558840871,-0.1445058286,0.5775141716,0.1132168844,0.7954730988,-0.2308705896,0.5616148114,0.1758676767,0.7748278379,-0.2834620774,0.5369931459,0.1010494828,0.7880841494,-0.2979614139,0.6840204597,0.0421989337,0.6644955277,-0.2962920964,0.6602161527,0.0526567958,0.6881518364,-0.2039352059,0.6614410281,-0.0339693949,0.7209385633,-0.2039352059,0.6614410281,-0.0339693949,0.7209385633,-0.1437409371,0.6547718048,0.1148352996,0.7330930233,-0.1072674319,0.3413213789,0.1423638314,0.9228900671,0.1385878325,0.3667138219,0.0478404276,0.9187087417,0.1892458647,0.3354023397,0.1754545718,0.9060391784,0.2211848795,-0.6417359710,-0.1379396468,0.7212661505,0.1562675834,-0.6583706141,-0.0926177725,0.7304454446,0.1562675834,-0.6583706141,-0.0926177725,0.7304454446,-0.0900894701,0.4063754082,0.1666318774,0.8938550353,-0.3232751191,0.3478382528,0.2681710124,0.8382040262,-0.3597862124,0.3014221787,0.1705820113,0.8663720489,0.0022355651,-0.6124534011,0.4465038776,0.6523267627,0.1142230034,-0.5973962545,0.3678041697,0.7034138441,0.1142230034,-0.5973962545,0.3678041697,0.7034138441,-0.1437409371,0.6547718048,0.1148352996,0.7330930233
0.8232790232,0.3070420027,0.2042335272,-0.1397379488,0.6556377411,0.1193119586,0.7323777676,-0.0894510001,0.0594619997,0.1693830043,0.2404370010,-0.0037489999,-0.2406850010,-0.2015219927,-0.2197739929,-0.1913380027,0.4034979939,-0.0703860000,0.2617999911,-0.0122189997,-0.7428069711,0.5308650136,0.2830260098,-2.1947999001,0.1628859937,-0.6126599908,-0.5352979898,-0.2351209968,-2.1947999001,-0.2940090001,0.0000000000,-0.0399500132,-0.0112503767,-0.0103503456,0.0676535517,-0.1556430310,-0.0699085519,0.1171998680,0.1080000773,0.0757500529,0.0680498779,0.1464000046,-0.0656001270,0.0813506544,0.0698000193,0.0947996974,0.0540003181,0.1253500581,0.0000000000,0.0493500382,0.1059502363,0.0727504492,-0.2648994327,0.0000000000,-0.0527501106,-0.0602483749,-0.0773489475,0.0761501491,0.0000000000,-0.0370502472,0.0000000000,2.0000000000,2.0000000000,-0.1397379488,0.6556377411,0.1193119586,0.7323777676,-0.1397379488,0.6556377411,0.1193119586,0.7323777676,-0.1268584728,0.6249698400,0.1337025613,0.7585797906,-0.1042523980,0.6286681294,0.1150652394,0.7620156407,-0.0506995134,0.6352335811,0.1791119576,0.7495510578,-0.0718143284,0.7205417752,0.1717388630,0.6679581404,-0.0714922771,0.7192884684,0.1718731821,0.6693076491,-0.1513270885,0.6934524775,0.2569822967,0.6558840871,-0.1513270885,0.6934524775,0.2569822967,0.6558840871,-0.1445058286,0.5775141716,0.1132168844,0.7954730988,-0.2308705896,0.5616148114,0.1758676767,0.7748278379,-0.2834620774,0.5369931459,0.1010494828,0.7880841494,-0.2979614139,0.6840204597,0.0421989337,0.6644955277,-0.2962920964,0.6602161527,0.0526567958,0.6881518364,-0.2039352059,0.6614410281,-0.0339693949,0.7209385633,-0.2039352059,0.6614410281,-0.0339693949,0.7209385633,-0.1437409371,0.6547718048,0.1148352996,0.7330930233,-0.1072674319,0.3413213789,0.1423638314,0.9228900671,0.1385878325,0.3667138219,0.0478404276,0.9187087417,0.1892458647,0.3354023397,0.1754545718,0.9060391784,0.2211848795,-0.6417359710,-0.1379396468,0.7212661505,0.1562675834,-0.6583706141,-0.0926177725,0.7304454446,0.1562675834,-0.6583706141,-0.0926177725,0.7304454446,-0.0900894701,0.4063754082,0.1666318774,0.8938550353,-0.3232751191,0.3478382528,0.2681710124,0.8382040262,-0.3597862124,0.3014221787,0.1705820113,0.8663720489,0.0022355651,-0.6124534011,0.4465038776,0.6523267627,0.1142230034,-0.5973962545,0.3678041697,0.7034138441,0.1142230034,-0.5973962545,0.3678041697,0.7034138441,-0.1437409371,0.6547718048,0.1148352996,0.7330930233
0.8232790232,0.3070420027,0.2042335272,-0.1397379488,0.6556377411,0.1193119586,0.7323777676,-0.0894510001,0.0594619997,0.1693830043,0.2404370010,-0.0037489999,-0.2406850010,-0.2015219927,-0.2197739929,-0.1913380027,0.4034979939,-0.0703860000,0.2617999911,-0.0122189997,-0.7428069711,0.5308650136,0.2830260098,-2.1947999001,0.1628859937,-0.6126599908,-0.5352979898,-0.2351209968,-2.1947999001,-0.2940090001,0.0000000000,-0.0399500132,-0.0112503767,-0.0103503456,0.0676535517,-0.1556430310,-0.0699085519,0.1171998680,0.1080000773,0.0757500529,0.0680498779,0.1464000046,-0.0656001270,0.0813506544,0.0698000193,0.0947996974,0.0540003181,0.1253500581,0.0000000000,0.0493500382,0.1059502363,0.0727504492,-0.2648994327,0.0000000000,-0.0527501106,-0.0602483749,-0.0773489475,0.0761501491,0.0000000000,-0.0370502472,0.0000000000,2.0000000000,2.0000000000,-0.1397379488,0.6556377411,0.1193119586,0.7323777676,-0.1397379488,0.6556377411,0.1193119586,0.7323777676,-0.1268584728,0.6249698400,0.1337025613,0.7585797906,-0.1042523980,0.6286681294,0.1150652394,0.7620156407,-0.0506995134,0.6352335811,0.1791119576,0.7495510578,-0.0718143284,0.7205417752,0.1717388630,0.6679581404,-0.0714922771,0.7192884684,0.1718731821,0.6693076491,-0.1513270885,0.6934524775,0.2569822967,0.6558840871,-0.1513270885,0.6934524775,0.2569822967,0.6558840871,-0.1445058286,0.5775141716,0.1132168844,0.7954730988,-0.2308705896,0.5616148114,0.1758676767,0.7748278379,-0.2834620774,0.5369931459,0.1010494828,0.7880841494,-0.2979614139,0.6840204597,0.0421989337,0.6644955277,-0.2962920964,0.6602161527,0.0526567958,0.6881518364,-0.2039352059,0.6614410281,-0.0339693949,0.7209385633,-0.2039352059,0.6614410281,-0.0339693949,0.7209385633,-0.1437409371,0.6547718048,0.1148352996,0.7330930233,-0.1072674319,0.3413213789,0.1423638314,0.9228900671,0.1385878325,0.3667138219,0.0478404276,0.9187087417,0.1892458647,0.3354023397,0.1754545718,0.9060391784,0.2211848795,-0.6417359710,-0.1379396468,0.7212661505,0.1562675834,-0.6583706141,-0.0926177725,0.7304454446,0.1562675834,-0.6583706141,-0.0926177725,0.7304454446,-0.0900894701,0.4063754082,0.1666318774,0.8938550353,-0.3232751191,0.3478382528,0.2681710124,0.8382040262,-0.3597862124,0.3014221787,0.1705820113,0.8663720489,0.0022355651,-0.6124534011,0.4465038776,0.6523267627,0.1142230034,-0.5973962545,0.3678041697,0.7034138441,0.1142230034,-0.5973962545,0.3678041697,0.7034138441,-0.1437409371,0.6547718048,0.1148352996,0.7330930233
0.8232790232,0.3070420027,0.2042335272,-0.1397379488,0.6556377411,0.1193119586,0.7323777676,-0.0894510001,0.0594619997,0.1693830043,0.2404370010,-0.0037489999,-0.2406850010,-0.2015219927,-0.2197739929,-0.1913380027,0.4034979939,-0.0703860000,0.2617999911,-0.0122189997,-0.7428069711,0.5308650136,0.2830260098,-2.1947999001,0.1628859937,-0.6126599908,-0.5352979898,-0.2351209968,-2.1947999001,-0.2940090001,0.0000000000,-0.0399500132,-0.0112503767,-0.0103503456,0.0676535517,-0.1556430310,-0.0699085519,0.1171998680,0.1080000773,0.0757500529,0.0680498779,0.1464000046,-0.0656001270,0.0813506544,0.0698000193,0.0947996974,0.0540003181,0.1253500581,0.0000000000,0.0493500382,0.1059502363,0.0727504492,-0.2648994327,0.0000000000,-0.0527501106,-0.0602483749,-0.0773489475,0.0761501491,0.0000000000,-0.0370502472,0.0000000000,2.0000000000,2.0000000000,-0.1397379488,0.6556377411,0.1193119586,0.7323777676,-0.1397379488,0.6556377411,0.1193119586,0.7323777676,-0.1268584728,0.6249698400,0.1337025613,0.7585797906,-0.1042523980,0.6286681294,0.1150652394,0.7620156407,-0.0506995134,0.6352335811,0.1791119576,0.7495510578,-0.0718143284,0.7205417752,0.1717388630,0.6679581404,-0.0714922771,0.7192884684,0.1718731821,0.6693076491,-0.1513270885,0.6934524775,0.2569822967,0.6558840871,-0.1513270885,0.6934524775,0.2569822967,0.6558840871,-0.1445058286,0.5775141716,0.1132168844,0.7954730988,-0.2308705896,0.5616148114,0.1758676767,0.7748278379,-0.2834620774,0.5369931459,0.1010494828,0.7880841494,-0.2979614139,0.6840204597,0.0421989337,0.6644955277,-0.2962920964,0.6602161527,0.0526567958,0.6881518364,-0.2039352059,0.6614410281,-0.0339693949,0.7209385633,-0.2039352059,0.6614410281,-0.0339693949,0.7209385633,-0.1437409371,0.6547718048,0.1148352996,0.7330930233,-0.1072674319,0.3413213789,0.1423638314,0.9228900671,0.1385878325,0.3667138219,0.0478404276,0.9187087417,0.1892458647,0.3354023397,0.1754545718,0.9060391784,0.2211848795,-0.6417359710,-0.1379396468,0.7212661505,0.1562675834,-0.6583706141,-0.0926177725,0.7304454446,0.1562675834,-0.6583706141,-0.0926177725,0.7304454446,-0.0900894701,0.4063754082,0.1666318774,0.8938550353,-0.3232751191,0.3478382528,0.2681710124,0.8382040262,-0.3597862124,0.3014221787,0.1705820113,0.8663720489,0.0022355651,-0.6124534011,0.4465038776,0.6523267627,0.1142230034,-0.5973962545,0.3678041697,0.7034138441,0.1142230034,-0.5973962545,0.3678041697,0.7034138441,-0.1437409371,0.6547718048,0.1148352996,0.7330930233
0.8232790232,0.3070420027,0.2042335272,-0.1397379488,0.6556377411,0.1193119586,0.7323777676,-0.0894510001,0.0594619997,0.1693830043,0.2404370010,-0.0037489999,-0.2406850010,-0.2015219927,-0.2197739929,-0.1913380027,0.4034979939,-0.0703860000,0.2617999911,-0.0122189997,-0.7428069711,0.5308650136,0.2830260098,-2.1947999001,0.1628859937,-0.6126599908,-0.5352979898,-0.2351209968,-2.1947999001,-0.2940090001,0.0000000000,-0.0399500132,-0.0112503767,-0.0103503456,0.0676535517,-0.1556430310,-0.0699085519,0.1171998680,0.1080000773,0.0757500529,0.0680498779,0.1464000046,-0.0656001270,0.0813506544,0.0698000193,0.0947996974,0.0540003181,0.1253500581,0.0000000000,0.0493500382,0.1059502363,0.0727504492,-0.2648994327,0.0000000000,-0.0527501106,-0.0602483749,-0.0773489475,0.0761501491,0.0000000000,-0.0370502472,0.0000000000,2.0000000000,2.0000000000,-0.1397379488,0.6556377411,0.1193119586,0.7323777676,-0.1397379488,0.6556377411,0.1193119586,0.7323777676,-0.1268584728,0.6249698400,0.1337025613,0.7585797906,-0.1042523980,0.6286681294,0.1150652394,0.7620156407,-0.0506995134,0.6352335811,0.1791119576,0.7495510578,-0.0718143284,0.7205417752,0.1717388630,0.6679581404,-0.0714922771,0.7192884684,0.1718731821,0.6693076491,-0.1513270885,0.6934524775,0.2569822967,0.6558840871,-0.1513270885,0.6934524775,0.2569822967,0.6558840871,-0.1445058286,0.5775141716,0.1132168844,0.7954730988,-0.2308705896,0.5616148114,0.1758676767,0.7748278379,-0.2834620774,0.5369931459,0.1010494828,0.7880841494,-0.2979614139,0.6840204597,0.0421989337,0.6644955277,-0.2962920964,0.6602161527,0.0526567958,0.6881518364,-0.2039352059,0.6614410281,-0.0339693949,0.7209385633,-0.2039352059,0.6614410281,-0.0339693949,0.7209385633,-0.1437409371,0.6547718048,0.1148352996,0.7330930233,-0.1072674319,0.3413213789,0.1423638314,0.9228900671,0.1385878325,0.3667138219,0.0478404276,0.9187087417,0.1892458647,0.3354023397,0.1754545718,0.9060391784,0.2211848795,-0.6417359710,-0.1379396468,0.7212661505,0.1562675834,-0.6583706141,-0.0926177725,0.7304454446,0.1562675834,-0.6583706141,-0.0926177725,0.7304454446,-0.0900894701,0.4063754082,0.1666318774,0.8938550353,-0.3232751191,0.3478382528,0.2681710124,0.8382040262,-0.3597862124,0.3014221787,0.1705820113,0.8663720489,0.0022355651,-0.6124534011,0.4465038776,0.6523267627,0.1142230034,-0.5973962545,0.3678041697,0.7034138441,0.1142230034,-0.5973962545,0.3678041697,0.7034138441,-0.1437409371,0.6547718048,0.1148352996,0.7330930233
0.8232790232,0.3070420027,0.2042335272,-0.1397379488,0.6556377411,0.1193119586,0.7323777676,-0.0894510001,0.0594619997,0.1693830043,0.2404370010,-0.0037489999,-0.2406850010,-0.2015219927,-0.2197739929,-0.1913380027,0.4034979939,-0.0703860000,0.2617999911,-0.0122189997,-0.7428069711,0.5308650136,0.2830260098,-2.1947999001,0.1628859937,-0.6126599908,-0.5352979898,-0.2351209968,-2.1947999001,-0.2940090001,0.0000000000,-0.0399500132,-0.0112503767,-0.0103503456,0.0676535517,-0.1556430310,-0.0699085519,0.1171998680,0.1080000773,0.0757500529,0.0680498779,0.1464000046,-0.0656001270,0.0813506544,0.0698000193,0.0947996974,0.0540003181,0.1253500581,0.0000000000,0.0493500382,0.1059502363,0.0727504492,-0.2648994327,0.0000000000,-0.0527501106,-0.0602483749,-0.0773489475,0.0761501491,0.0000000000,-0.0370502472,0.0000000000,2.0000000000,2.0000000000,-0.1397379488,0.6556377411,0.1193119586,0.7323777676,-0.1397379488,0.6556377411,0.1193119586,0.7323777676,-0.1268584728,0.6249698400,0.1337025613,0.7585797906,-0.1042523980,0.6286681294,0.1150652394,0.7620156407,-0.0506995134,0.6352335811,0.1791119576,0.7495510578,-0.0718143284,0.7205417752,0.1717388630,0.6679581404,-0.0714922771,0.7192884684,0.1718731821,0.6693076491,-0.1513270885,0.6934524775,0.2569822967,0.6558840871,-0.1513270885,0.6934524775,0.2569822967,0.6558840871,-0.1445058286,0.5775141716,0.1132168844,0.7954730988,-0.2308705896,0.5616148114,0.1758676767,0.7748278379,-0.2834620774,0.5369931459,0.1010494828,0.7880841494,-0.2979614139,0.6840204597,0.0421989337,0.6644955277,-0.2962920964,0.6602161527,0.0526567958,0.6881518364,-0.2039352059,0.6614410281,-0.0339693949,0.7209385633,-0.2039352059,0.6614410281,-0.0339693949,0.7209385633,-0.1437409371,0.6547718048,0.1148352996,0.7330930233,-0.1072674319,0.3413213789,0.1423638314,0.9228900671,0.1385878325,0.3667138219,0.0478404276,0.9187087417,0.1892458647,0.3354023397,0.1754545718,0.9060391784,0.2211848795,-0.6417359710,-0.1379396468,0.7212661505,0.1562675834,-0.6583706141,-0.0926177725,0.7304454446,0.1562675834,-0.6583706141,-0.0926177725,0.7304454446,-0.0900894701,0.4063754082,0.1666318774,0.8938550353,-0.3232751191,0.3478382528,0.2681710124,0.8382040262,-0.3597862124,0.3014221787,0.1705820113,0.8663720489,0.0022355651,-0.6124534011,0.4465038776,0.6523267627,0.1142230034,-0.5973962545,0.3678041697,0.7034138441,0.1142230034,-0.5973962545,0.3678041697,0.7034138441,-0.1437409371,0.6547718048,0.1148352996,0.7330930233
0.8232790232,0.3070420027,0.2042335272,-0.1397379488,0.6556377411,0.1193119586,0.7323777676,-0.0894510001,0.0594619997,0.1693830043,0.2404370010,-0.0037489999,-0.2406850010,-0.2015219927,-0.2197739929,-0.1913380027,0.4034979939,-0.0703860000,0.2617999911,-0.0122189997,-0.7428069711,0.5308650136,0.2830260098,-2.1947999001,0.1628859937,-0.6126599908,-0.5352979898,-0.2351209968,-2.1947999001,-0.2940090001,0.0000000000,-0.0399500132,-0.0112503767,-0.0103503456,0.0676535517,-0.1556430310,-0.0699085519,0.1171998680,0.1080000773,0.0757500529,0.0680498779,0.1464000046,-0.0656001270,0.0813506544,0.0698000193,0.0947996974,0.0540003181,0.1253500581,0.0000000000,0.0493500382,0.1059502363,0.0727504492,-0.2648994327,0.0000000000,-0.0527501106,-0.0602483749,-0.0773489475,0.0761501491,0.0000000000,-0.0370502472,0.0000000000,2.0000000000,2.0000000000,-0.1397379488,0.6556377411,0.1193119586,0.7323777676,-0.1397379488,0.6556377411,0.1193119586,0.7323777676,-0.1268584728,0.6249698400,0.1337025613,0.7585797906,-0.1042523980,0.6286681294,0.1150652394,0.7620156407,-0.0506995134,0.6352335811,0.1791119576,0.7495510578,-0.0718143284,0.7205417752,0.1717388630,0.6679581404,-0.0714922771,0.7192884684,0.1718731821,0.6693076491,-0.1513270885,0.6934524775,0.2569822967,0.6558840871,-0.1513270885,0.6934524775,0.2569822967,0.6558840871,-0.1445058286,0.5775141716,0.1132168844,0.7954730988,-0.2308705896,0.5616148114,0.1758676767,0.7748278379,-0.2834620774,0.5369931459,0.1010494828,0.7880841494,-0.2979614139,0.6840204597,0.0421989337,0.6644955277,-0.2962920964,0.6602161527,0.0526567958,0.6881518364,-0.2039352059,0.6614410281,-0.0339693949,0.7209385633,-0.2039352059,0.6614410281,-0.0339693949,0.7209385633,-0.1437409371,0.6547718048,0.1148352996,0.7330930233,-0.1072674319,0.3413213789,0.1423638314,0.9228900671,0.1385878325,0.3667138219,0.0478404276,0.9187087417,0.1892458647,0.3354023397,0.1754545718,0.9060391784,0.2211848795,-0.6417359710,-0.1379396468,0.7212661505,0.1562675834,-0.6583706141,-0.0926177725,0.7304454446,0.1562675834,-0.6583706141,-0.0926177725,0.7304454446,-0.0900894701,0.4063754082,0.1666318774,0.8938550353,-0.3232751191,0.3478382528,0.2681710124,0.8382040262,-0.3597862124,0.3014221787,0.1705820113,0.8663720489,0.0022355651,-0.6124534011,0.4465038776,0.6523267627,0.1142230034,-0.5973962545,0.3678041697,0.7034138441,0.1142230034,-0.5973962545,0.3678041697,0.7034138441,-0.1437409371,0.6547718048,0.1148352996,0.7330930233
0.8232790232,0.3070420027,0.2042335272,-0.1397379488,0.6556377411,0.1193119586,0.7323777676,-0.0894510001,0.0594619997,0.1693830043,0.2404370010,-0.0037489999,-0.2406850010,-0.2015219927,-0.2197739929,-0.1913380027,0.4034979939,-0.0703860000,0.2617999911,-0.0122189997,-0.7428069711,0.5308650136,0.2830260098,-2.1947999001,0.1628859937,-0.6126599908,-0.5352979898,-0.2351209968,-2.1947999001,-0.2940090001,0.0000000000,-0.0399500132,-0.0112503767,-0.0103503456,0.0676535517,-0.1556430310,-0.0699085519,0.1171998680,0.1080000773,0.0757500529,0.0680498779,0.1464000046,-0.0656001270,0.0813506544,0.0698000193,0.0947996974,0.0540003181,0.1253500581,0.0000000000,0.0493500382,0.1059502363,0.0727504492,-0.2648994327,0.0000000000,-0.0527501106,-0.0602483749,-0.0773489475,0.0761501491,0.0000000000,-0.0370502472,0.0000000000,2.0000000000,2.0000000000,-0.1397379488,0.6556377411,0.1193119586,0.7323777676,-0.1397379488,0.6556377411,0.1193119586,0.7323777676,-0.1268584728,0.6249698400,0.1337025613,0.7585797906,-0.1042523980,0.6286681294,0.1150652394,0.7620156407,-0.0506995134,0.6352335811,0.1791119576,0.7495510578,-0.0718143284,0.7205417752,0.1717388630,0.6679581404,-0.0714922771,0.7192884684,0.1718731821,0.6693076491,-0.1513270885,0.6934524775,0.2569822967,0.6558840871,-0.1513270885,0.6934524775,0.2569822967,0.6558840871,-0.1445058286,0.5775141716,0.1132168844,0.7954730988,-0.2308705896,0.5616148114,0.1758676767,0.7748278379,-0.2834620774,0.5369931459,0.1010494828,0.7880841494,-0.2979614139,0.6840204597,0.0421989337,0.6644955277,-0.2962920964,0.6602161527,0.0526567958,0.6881518364,-0.2039352059,0.6614410281,-0.0339693949,0.7209385633,-0.2039352059,0.6614410281,-0.0339693949,0.7209385633,-0.1437409371,0.6547718048,0.1148352996,0.7330930233,-0.1072674319,0.3413213789,0.1423638314,0.9228900671,0.1385878325,0.3667138219,0.0478404276,0.9187087417,0.1892458647,0.3354023397,0.1754545718,0.9060391784,0.2211848795,-0.6417359710,-0.1379396468,0.7212661505,0.1562675834,-0.6583706141,-0.0926177725,0.7304454446,0.1562675834,-0.6583706141,-0.0926177725,0.7304454446,-0.0900894701,0.4063754082,0.1666318774,0.8938550353,-0.3232751191,0.3478382528,0.2681710124,0.8382040262,-0.3597862124,0.3014221787,0.1705820113,0.8663720489,0.0022355651,-0.6124534011,0.4465038776,0.6523267627,0.1142230034,-0.5973962545,0.3678041697,0.7034138441,0.1142230034,-0.5973962545,0.3678041697,0.7034138441,-0.1437409371,0.6547718048,0.1148352996,0.7330930233
0.8232790232,0.3070420027,0.2042335272,-0.1397379488,0.6556377411,0.1193119586,0.7323777676,-0.0894510001,0.0594619997,0.1693830043,0.2404370010,-0.0037489999,-0.2406850010,-0.2015219927,-0.2197739929,-0.1913380027,0.4034979939,-0.0703860000,0.2617999911,-0.0122189997,-0.7428069711,0.5308650136,0.2830260098,-2.1947999001,0.1628859937,-0.6126599908,-0.5352979898,-0.2351209968,-2.1947999001,-0.2940090001,0.0000000000,-0.0399500132,-0.0112503767,-0.0103503456,0.0676535517,-0.1556430310,-0.0699085519,0.1171998680,0.1080000773,0.0757500529,0.0680498779,0.1464000046,-0.0656001270,0.0813506544,0.0698000193,0.0947996974,0.0540003181,0.1253500581,0.0000000000,0.0493500382,0.1059502363,0.0727504492,-0.2648994327,0.0000000000,-0.0527501106,-0.0602483749,-0.0773489475,0.0761501491,0.0000000000,-0.0370502472,0.0000000000,2.0000000000,2.0000000000,-0.1397379488,0.6556377411,0.1193119586,0.7323777676,-0.1397379488,0.6556377411,0.1193119586,0.7323777676,-0.1268584728,0.6249698400,0.1337025613,0.7585797906,-0.1042523980,0.6286681294,0.1150652394,0.7620156407,-0.0506995134,0.6352335811,0.1791119576,0.7495510578,-0.0718143284,0.7205417752,0.1717388630,0.6679581404,-0.0714922771,0.7192884684,0.1718731821,0.6693076491,-0.1513270885,0.6934524775,0.2569822967,0.6558840871,-0.1513270885,0.6934524775,0.2569822967,0.6558840871,-0.1445058286,0.5775141716,0.1132168844,0.7954730988,-0.2308705896,0.5616148114,0.1758676767,0.7748278379,-0.2834620774,0.5369931459,0.1010494828,0.7880841494,-0.2979614139,0.6840204597,0.0421989337,0.6644955277,-0.2962920964,0.6602161527,0.0526567958,0.6881518364,-0.2039352059,0.6614410281,-0.0339693949,0.7209385633,-0.2039352059,0.6614410281,-0.0339693949,0.7209385633,-0.1437409371,0.6547718048,0.1148352996,0.7330930233,-0.1072674319,0.3413213789,0.1423638314,0.9228900671,0.1385878325,0.3667138219,0.0478404276,0.9187087417,0.1892458647,0.3354023397,0.1754545718,0.9060391784,0.2211848795,-0.6417359710,-0.1379396468,0.7212661505,0.1562675834,-0.6583706141,-0.0926177725,0.7304454446,0.1562675834,-0.6583706141,-0.0926177725,0.7304454446,-0.0900894701,0.4063754082,0.1666318774,0.8938550353,-0.3232751191,0.3478382528,0.2681710124,0.8382040262,-0.3597862124,0.3014221787,0.1705820113,0.8663720489,0.0022355651,-0.6124534011,0.4465038776,0.6523267627,0.1142230034,-0.5973962545,0.3678041697,0.7034138441,0.1142230034,-0.5973962545,0.3678041697,0.7034138441,-0.1437409371,0.6547718048,0.1148352996,0.7330930233
0.8232790232,0.3070420027,0.2042335272,-0.1397379488,0.6556377411,0.1193119586,0.7323777676,-0.0894510001,0.0594619997,0.1693830043,0.2404370010,-0.0037489999,-0.2406850010,-0.2015219927,-0.2197739929,-0.1913380027,0.4034979939,-0.0703860000,0.2617999911,-0.0122189997,-0.7428069711,0.5308650136,0.2830260098,-2.1947999001,0.1628859937,-0.6126599908,-0.5352979898,-0.2351209968,-2.1947999001,-0.2940090001,0.0000000000,-0.0399500132,-0.0112503767,-0.0103503456,0.0676535517,-0.1556430310,-0.0699085519,0.1171998680,0.1080000773,0.0757500529,0.0680498779,0.1464000046,-0.0656001270,0.0813506544,0.0698000193,0.0947996974,0.0540003181,0.1253500581,0.0000000000,0.0493500382,0.1059502363,0.0727504492,-0.2648994327,0.0000000000,-0.0527501106,-0.0602483749,-0.0773489475,0.0761501491,0.0000000000,-0.0370502472,0.0000000000,2.0000000000,2.0000000000,-0.1397379488,0.6556377411,0.1193119586,0.7323777676,-0.1397379488,0.6556377411,0.1193119586,0.7323777676,-0.1268584728,0.6249698400,0.1337025613,0.7585797906,-0.1042523980,0.6286681294,0.1150652394,0.7620156407,-0.0506995134,0.6352335811,0.1791119576,0.7495510578,-0.0718143284,0.7205417752,0.1717388630,0.6679581404,-0.0714922771,0.7192884684,0.1718731821,0.6693076491,-0.1513270885,0.6934524775,0.2569822967,0.6558840871,-0.1513270885,0.6934524775,0.2569822967,0.6558840871,-0.1445058286,0.5775141716,0.1132168844,0.7954730988,-0.2308705896,0.5616148114,0.1758676767,0.7748278379,-0.2834620774,0.5369931459,0.1010494828,0.7880841494,-0.2979614139,0.6840204597,0.0421989337,0.6644955277,-0.2962920964,0.6602161527,0.0526567958,0.6881518364,-0.2039352059,0.6614410281,-0.0339693949,0.7209385633,-0.2039352059,0.6614410281,-0.0339693949,0.7209385633,-0.1437409371,0.6547718048,0.1148352996,0.7330930233,-0.1072674319,0.3413213789,0.1423638314,0.9228900671,0.1385878325,0.3667138219,0.0478404276,0.9187087417,0.1892458647,0.3354023397,0.1754545718,0.9060391784,0.2211848795,-0.6417359710,-0.1379396468,0.7212661505,0.1562675834,-0.6583706141,-0.0926177725,0.7304454446,0.1562675834,-0.6583706141,-0.0926177725,0.7304454446,-0.0900894701,0.4063754082,0.1666318774,0.8938550353,-0.3232751191,0.3478382528,0.2681710124,0.8382040262,-0.3597862124,0.3014221787,0.1705820113,0.8663720489,0.0022355651,-0.6124534011,0.4465038776,0.6523267627,0.1142230034,-0.5973962545,0.3678041697,0.7034138441,0.1142230034,-0.5973962545,0.3678041697,0.7034138441,-0.1437409371,0.6547718048,0.1148352996,0.7330930233
0.8232790232,0.3070420027,0.2042335272,-0.1397379488,0.6556377411,0.1193119586,0.7323777676,-0.0894510001,0.0594619997,0.1693830043,0.2404370010,-0.0037489999,-0.2406850010,-0.2015219927,-0.2197739929,-0.1913380027,0.4034979939,-0.0703860000,0.2617999911,-0.0122189997,-0.7428069711,0.5308650136,0.2830260098,-2.1947999001,0.1628859937,-0.6126599908,-0.5352979898,-0.2351209968,-2.1947999001,-0.2940090001,0.0000000000,-0.0399500132,-0.0112503767,-0.0103503456,0.0676535517,-0.1556430310,-0.0699085519,0.1171998680,0.1080000773,0.0757500529,0.0680498779,0.1464000046,-0.0656001270,0.0813506544,0.0698000193,0.0947996974,0.0540003181,0.1253500581,0.0000000000,0.0493500382,0.1059502363,0.0727504492,-0.2648994327,0.0000000000,-0.0527501106,-0.0602483749,-0.0773489475,0.0761501491,0.0000000000,-0.0370502472,0.0000000000,2.0000000000,2.0000000000,-0.1397379488,0.6556377411,0.1193119586,0.7323777676,-0.1397379488,0.6556377411,0.1193119586,0.7323777676,-0.1268584728,0.6249698400,0.1337025613,0.7585797906,-0.1042523980,0.6286681294,0.1150652394,0.7620156407,-0.0506995134,0.6352335811,0.1791119576,0.7495510578,-0.0718143284,0.7205417752,0.1717388630,0.6679581404,-0.0714922771,0.7192884684,0.1718731821,0.6693076491,-0.1513270885,0.6934524775,0.2569822967,0.6558840871,-0.1513270885,0.6934524775,0.2569822967,0.6558840871,-0.1445058286,0.5775141716,0.1132168844,0.7954730988,-0.2308705896,0.5616148114,0.1758676767,0.7748278379,-0.2834620774,0.5369931459,0.1010494828,0.7880841494,-0.2979614139,0.6840204597,0.0421989337,0.6644955277,-0.2962920964,0.6602161527,0.0526567958,0.6881518364,-0.2039352059,0.6614410281,-0.0339693949,0.7209385633,-0.2039352059,0.6614410281,-0.0339693949,0.7209385633,-0.1437409371,0.6547718048,0.1148352996,0.7330930233,-0.1072674319,0.3413213789,0.1423638314,0.9228900671,0.1385878325,0.3667138219,0.0478404276,0.9187087417,0.1892458647,0.3354023397,0.1754545718,0.9060391784,0.2211848795,-0.6417359710,-0.1379396468,0.7212661505,0.1562675834,-0.6583706141,-0.0926177725,0.7304454446,0.1562675834,-0.6583706141,-0.0926177725,0.7304454446,-0.0900894701,0.4063754082,0.1666318774,0.8938550353,-0.3232751191,0.3478382528,0.2681710124,0.8382040262,-0.3597862124,0.3014221787,0.1705820113,0.8663720489,0.0022355651,-0.6124534011,0.4465038776,0.6523267627,0.1142230034,-0.5973962545,0.3678041697,0.7034138441,0.1142230034,-0.5973962545,0.3678041697,0.7034138441,-0.1437409371,0.6547718048,0.1148352996,0.7330930233
0.8232790232,0.3070420027,0.2042335272,-0.1397379488,0.6556377411,0.1193119586,0.7323777676,-0.0894510001,0.0594619997,0.1693830043,0.2404370010,-0.0037489999,-0.2406850010,-0.2015219927,-0.2197739929,-0.1913380027,0.4034979939,-0.0703860000,0.2617999911,-0.0122189997,-0.7428069711,0.5308650136,0.2830260098,-2.1947999001,0.1628859937,-0.6126599908,-0.5352979898,-0.2351209968,-2.1947999001,-0.2940090001,0.0000000000,-0.0399500132,-0.0112503767,-0.0103503456,0.0676535517,-0.1556430310,-0.0699085519,0.1171998680,0.1080000773,0.0757500529,0.0680498779,0.1464000046,-0.0656001270,0.0813506544,0.0698000193,0.0947996974,0.0540003181,0.1253500581,0.0000000000,0.0493500382,0.1059502363,0.0727504492,-0.2648994327,0.0000000000,-0.0527501106,-0.0602483749,-0.0773489475,0.0761501491,0.0000000000,-0.0370502472,0.0000000000,2.0000000000,2.0000000000,-0.1397379488,0.6556377411,0.1193119586,0.7323777676,-0.1397379488,0.6556377411,0.1193119586,0.7323777676,-0.1268584728,0.6249698400,0.1337025613,0.7585797906,-0.1042523980,0.6286681294,0.1150652394,0.7620156407,-0.0506995134,0.6352335811,0.1791119576,0.7495510578,-0.0718143284,0.7205417752,0.1717388630,0.6679581404,-0.0714922771,0.7192884684,0.1718731821,0.6693076491,-0.1513270885,0.6934524775,0.2569822967,0.6558840871,-0.1513270885,0.6934524775,0.2569822967,0.6558840871,-0.1445058286,0.5775141716,0.1132168844,0.7954730988,-0.2308705896,0.5616148114,0.1758676767,0.7748278379,-0.2834620774,0.5369931459,0.1010494828,0.7880841494,-0.2979614139,0.6840204597,0.0421989337,0.6644955277,-0.2962920964,0.6602161527,0.0526567958,0.6881518364,-0.2039352059,0.6614410281,-0.0339693949,0.7209385633,-0.2039352059,0.6614410281,-0.0339693949,0.7209385633,-0.1437409371,0.6547718048,0.1148352996,0.7330930233,-0.1072674319,0.3413213789,0.1423638314,0.9228900671,0.1385878325,0.3667138219,0.0478404276,0.9187087417,0.1892458647,0.3354023397,0.1754545718,0.9060391784,0.2211848795,-0.6417359710,-0.1379396468,0.7212661505,0.1562675834,-0.6583706141,-0.0926177725,0.7304454446,0.1562675834,-0.6583706141,-0.0926177725,0.7304454446,-0.0900894701,0.4063754082,0.1666318774,0.8938550353,-0.3232751191,0.3478382528,0.2681710124,0.8382040262,-0.3597862124,0.3014221787,0.1705820113,0.8663720489,0.0022355651,-0.6124534011,0.4465038776,0.6523267627,0.1142230034,-0.5973962545,0.3678041697,0.7034138441,0.1142230034,-0.5973962545,0.3678041697,0.7034138441,-0.1437409371,0.6547718048,0.1148352996,0.7330930233
0.8232790232,0.3070420027,0.2042335272,-0.1397379488,0.6556377411,0.1193119586,0.7323777676,-0.0894510001,0.0594619997,0.1693830043,0.2404370010,-0.0037489999,-0.2406850010,-0.2015219927,-0.2197739929,-0.1913380027,0.4034979939,-0.0703860000,0.2617999911,-0.0122189997,-0.7428069711,0.5308650136,0.2830260098,-2.1947999001,0.1628859937,-0.6126599908,-0.5352979898,-0.2351209968,-2.1947999001,-0.2940090001,0.0000000000,-0.0399500132,-0.0112503767,-0.0103503456,0.0676535517,-0.1556430310,-0.0699085519,0.1171998680,0.1080000773,0.0757500529,0.0680498779,0.1464000046,-0.0656001270,0.0813506544,0.0698000193,0.0947996974,0.0540003181,0.1253500581,0.0000000000,0.0493500382,0.1059502363,0.0727504492,-0.2648994327,0.0000000000,-0.0527501106,-0.0602483749,-0.0773489475,0.0761501491,0.0000000000,-0.0370502472,0.0000000000,2.0000000000,2.0000000000,-0.1397379488,0.6556377411,0.1193119586,0.7323777676,-0.1397379488,0.6556377411,0.1193119586,0.7323777676,-0.1268584728,0.6249698400,0.1337025613,0.7585797906,-0.1042523980,0.6286681294,0.1150652394,0.7620156407,-0.0506995134,0.6352335811,0.1791119576,0.7495510578,-0.0718143284,0.7205417752,0.1717388630,0.6679581404,-0.0714922771,0.7192884684,0.1718731821,0.6693076491,-0.1513270885,0.6934524775,0.2569822967,0.6558840871,-0.1513270885,0.6934524775,0.2569822967,0.6558840871,-0.1445058286,0.5775141716,0.1132168844,0.7954730988,-0.2308705896,0.5616148114,0.1758676767,0.7748278379,-0.2834620774,0.5369931459,0.1010494828,0.7880841494,-0.2979614139,0.6840204597,0.0421989337,0.6644955277,-0.2962920964,0.6602161527,0.0526567958,0.6881518364,-0.2039352059,0.6614410281,-0.0339693949,0.7209385633,-0.2039352059,0.6614410281,-0.0339693949,0.7209385633,-0.1437409371,0.6547718048,0.1148352996,0.7330930233,-0.1072674319,0.3413213789,0.1423638314,0.9228900671,0.1385878325,0.3667138219,0.0478404276,0.9187087417,0.1892458647,0.3354023397,0.1754545718,0.9060391784,0.2211848795,-0.6417359710,-0.1379396468,0.7212661505,0.1562675834,-0.6583706141,-0.0926177725,0.7304454446,0.1562675834,-0.6583706141,-0.0926177725,0.7304454446,-0.0900894701,0.4063754082,0.1666318774,0.8938550353,-0.3232751191,0.3478382528,0.2681710124,0.8382040262,-0.3597862124,0.3014221787,0.1705820113,0.8663720489,0.0022355651,-0.6124534011,0.4465038776,0.6523267627,0.1142230034,-0.5973962545,0.3678041697,0.7034138441,0.1142230034,-0.5973962545,0.3678041697,0.7034138441,-0.1437409371,0.6547718048,0.1148352996,0.7330930233
0.8232790232,0.3070420027,0.2042335272,-0.1397379488,0.6556377411,0.1193119586,0.7323777676,-0.0894510001,0.0594619997,0.1693830043,0.2404370010,-0.0037489999,-0.2406850010,-0.2015219927,-0.2197739929,-0.1913380027,0.4034979939,-0.0703860000,0.2617999911,-0.0122189997,-0.7428069711,0.5308650136,0.2830260098,-2.1947999001,0.1628859937,-0.6126599908,-0.5352979898,-0.2351209968,-2.1947999001,-0.2940090001,0.0000000000,-0.0399500132,-0.0112503767,-0.0103503456,0.0676535517,-0.1556430310,-0.0699085519,0.1171998680,0.1080000773,0.0757500529,0.0680498779,0.1464000046,-0.0656001270,0.0813506544,0.0698000193,0.0947996974,0.0540003181,0.1253500581,0.0000000000,0.0493500382,0.1059502363,0.0727504492,-0.2648994327,0.0000000000,-0.0527501106,-0.0602483749,-0.0773489475,0.0761501491,0.0000000000,-0.0370502472,0.0000000000,2.0000000000,2.0000000000,-0.1397379488,0.6556377411,0.1193119586,0.7323777676,-0.1397379488,0.6556377411,0.1193119586,0.7323777676,-0.1268584728,0.6249698400,0.1337025613,0.7585797906,-0.1042523980,0.6286681294,0.1150652394,0.7620156407,-0.0506995134,0.6352335811,0.1791119576,0.7495510578,-0.0718143284,0.7205417752,0.1717388630,0.6679581404,-0.0714922771,0.7192884684,0.1718731821,0.6693076491,-0.1513270885,0.6934524775,0.2569822967,0.6558840871,-0.1513270885,0.6934524775,0.2569822967,0.6558840871,-0.1445058286,0.5775141716,0.1132168844,0.7954730988,-0.2308705896,0.5616148114,0.1758676767,0.7748278379,-0.2834620774,0.5369931459,0.1010494828,0.7880841494,-0.2979614139,0.6840204597,0.0421989337,0.6644955277,-0.2962920964,0.6602161527,0.0526567958,0.6881518364,-0.2039352059,0.6614410281,-0.0339693949,0.7209385633,-0.2039352059,0.6614410281,-0.0339693949,0.7209385633,-0.1437409371,0.6547718048,0.1148352996,0.7330930233,-0.1072674319,0.3413213789,0.1423638314,0.9228900671,0.1385878325,0.3667138219,0.0478404276,0.9187087417,0.1892458647,0.3354023397,0.1754545718,0.9060391784,0.2211848795,-0.6417359710,-0.1379396468,0.7212661505,0.1562675834,-0.6583706141,-0.0926177725,0.7304454446,0.1562675834,-0.6583706141,-0.0926177725,0.7304454446,-0.0900894701,0.4063754082,0.1666318774,0.8938550353,-0.3232751191,0.3478382528,0.2681710124,0.8382040262,-0.3597862124,0.3014221787,0.1705820113,0.8663720489,0.0022355651,-0.6124534011,0.4465038776,0.6523267627,0.1142230034,-0.5973962545,0.3678041697,0.7034138441,0.1142230034,-0.5973962545,0.3678041697,0.7034138441,-0.1437409371,0.6547718048,0.1148352996,0.7330930233
