base_x,base_y,base_z,base_qx,base_qy,base_qz,base_qw,J00_HIP_PITCH_L,J01_HIP_ROLL_L,J02_HIP_YAW_L,J03_KNEE_PITCH_L,J04_ANKLE_PITCH_L,J05_ANKLE_ROLL_L,J06_HIP_PITCH_R,J07_HIP_ROLL_R,J08_HIP_YAW_R,J09_KNEE_PITCH_R,J10_ANKLE_PITCH_R,J11_ANKLE_ROLL_R,J12_WAIST_YAW,J13_SHOULDER_PITCH_L,J14_SHOULDER_ROLL_L,J15_SHOULDER_YAW_L,J16_ELBOW_PITCH_L,J17_ELBOW_YAW_L,J18_SHOULDER_PITCH_R,J19_SHOULDER_ROLL_R,J20_SHOULDER_YAW_R,J21_ELBOW_PITCH_R,J22_ELBOW_YAW_R,J23_HEAD_YAW,base_vx,base_vy,base_vz,base_wx,base_wy,base_wz,dJ00_HIP_PITCH_L,dJ01_HIP_ROLL_L,dJ02_HIP_YAW_L,dJ03_KNEE_PITCH_L,dJ04_ANKLE_PITCH_L,dJ05_ANKLE_ROLL_L,dJ06_HIP_PITCH_R,dJ07_HIP_ROLL_R,dJ08_HIP_YAW_R,dJ09_KNEE_PITCH_R,dJ10_ANKLE_PITCH_R,dJ11_ANKLE_ROLL_R,dJ12_WAIST_YAW,dJ13_SHOULDER_PITCH_L,dJ14_SHOULDER_ROLL_L,dJ15_SHOULDER_YAW_L,dJ16_ELBOW_PITCH_L,dJ17_ELBOW_YAW_L,dJ18_SHOULDER_PITCH_R,dJ19_SHOULDER_ROLL_R,dJ20_SHOULDER_YAW_R,dJ21_ELBOW_PITCH_R,dJ22_ELBOW_YAW_R,dJ23_HEAD_YAW,left_foot_contact,right_foot_contact,base_quat_x,base_quat_y,base_quat_z,base_quat_w,LINK_BASE_qx,LINK_BASE_qy,LINK_BASE_qz,LINK_BASE_qw,LINK_HIP_PITCH_L_qx,LINK_HIP_PITCH_L_qy,LINK_HIP_PITCH_L_qz,LINK_HIP_PITCH_L_qw,LINK_HIP_ROLL_L_qx,LINK_HIP_ROLL_L_qy,LINK_HIP_ROLL_L_qz,LINK_HIP_ROLL_L_qw,LINK_HIP_YAW_L_qx,LINK_HIP_YAW_L_qy,LINK_HIP_YAW_L_qz,LINK_HIP_YAW_L_qw,LINK_KNEE_PITCH_L_qx,LINK_KNEE_PITCH_L_qy,LINK_KNEE_PITCH_L_qz,LINK_KNEE_PITCH_L_qw,LINK_ANKLE_PITCH_L_qx,LINK_ANKLE_PITCH_L_qy,LINK_ANKLE_PITCH_L_qz,LINK_ANKLE_PITCH_L_qw,LINK_ANKLE_ROLL_L_qx,LINK_ANKLE_ROLL_L_qy,LINK_ANKLE_ROLL_L_qz,LINK_ANKLE_ROLL_L_qw,LINK_FOOT_L_qx,LINK_FOOT_L_qy,LINK_FOOT_L_qz,LINK_FOOT_L_qw,LINK_HIP_PITCH_R_qx,LINK_HIP_PITCH_R_qy,LINK_HIP_PITCH_R_qz,LINK_HIP_PITCH_R_qw,LINK_HIP_ROLL_R_qx,LINK_HIP_ROLL_R_qy,LINK_HIP_ROLL_R_qz,LINK_HIP_ROLL_R_qw,LINK_HIP_YAW_R_qx,LINK_HIP_YAW_R_qy,LINK_HIP_YAW_R_qz,LINK_HIP_YAW_R_qw,LINK_KNEE_PITCH_R_qx,LINK_KNEE_PITCH_R_qy,LINK_KNEE_PITCH_R_qz,LINK_KNEE_PITCH_R_qw,LINK_ANKLE_PITCH_R_qx,LINK_ANKLE_PITCH_R_qy,LINK_ANKLE_PITCH_R_qz,LINK_ANKLE_PITCH_R_qw,LINK_ANKLE_ROLL_R_qx,LINK_ANKLE_ROLL_R_qy,LINK_ANKLE_ROLL_R_qz,LINK_ANKLE_ROLL_R_qw,LINK_FOOT_R_qx,LINK_FOOT_R_qy,LINK_FOOT_R_qz,LINK_FOOT_R_qw,LINK_TORSO_YAW_qx,LINK_TORSO_YAW_qy,LINK_TORSO_YAW_qz,LINK_TORSO_YAW_qw,LINK_SHOULDER_PITCH_L_qx,LINK_SHOULDER_PITCH_L_qy,LINK_SHOULDER_PITCH_L_qz,LINK_SHOULDER_PITCH_L_qw,LINK_SHOULDER_ROLL_L_qx,LINK_SHOULDER_ROLL_L_qy,LINK_SHOULDER_ROLL_L_qz,LINK_SHOULDER_ROLL_L_qw,LINK_SHOULDER_YAW_L_qx,LINK_SHOULDER_YAW_L_qy,LINK_SHOULDER_YAW_L_qz,LINK_SHOULDER_YAW_L_qw,LINK_ELBOW_PITCH_L_qx,LINK_ELBOW_PITCH_L_qy,LINK_ELBOW_PITCH_L_qz,LINK_ELBOW_PITCH_L_qw,LINK_ELBOW_YAW_L_qx,LINK_ELBOW_YAW_L_qy,LINK_ELBOW_YAW_L_qz,LINK_ELBOW_YAW_L_qw,LINK_ELBOW_END_L_qx,LINK_ELBOW_END_L_qy,LINK_ELBOW_END_L_qz,LINK_ELBOW_END_L_qw,LINK_SHOULDER_PITCH_R_qx,LINK_SHOULDER_PITCH_R_qy,LINK_SHOULDER_PITCH_R_qz,LINK_SHOULDER_PITCH_R_qw,LINK_SHOULDER_ROLL_R_qx,LINK_SHOULDER_ROLL_R_qy,LINK_SHOULDER_ROLL_R_qz,LINK_SHOULDER_ROLL_R_qw,LINK_SHOULDER_YAW_R_qx,LINK_SHOULDER_YAW_R_qy,LINK_SHOULDER_YAW_R_qz,LINK_SHOULDER_YAW_R_qw,LINK_ELBOW_PITCH_R_qx,LINK_ELBOW_PITCH_R_qy,LINK_ELBOW_PITCH_R_qz,LINK_ELBOW_PITCH_R_qw,LINK_ELBOW_YAW_R_qx,LINK_ELBOW_YAW_R_qy,LINK_ELBOW_YAW_R_qz,LINK_ELBOW_YAW_R_qw,LINK_ELBOW_END_R_qx,LINK_ELBOW_END_R_qy,LINK_ELBOW_END_R_qz,LINK_ELBOW_END_R_qw,LINK_HEAD_YAW_qx,LINK_HEAD_YAW_qy,LINK_HEAD_YAW_qz,LINK_HEAD_YAW_qw
0.00016327810590155423,0.0,0.8199999928474426,0.011873627081513405,0.011280771344900131,-0.013347653672099113,0.9997767806053162,-0.10187746584415436,-0.0021198978647589684,0.1763407588005066,0.2530442178249359,-0.28810352087020874,0.008895265869796276,-0.15755632519721985,-0.03745994716882706,-0.03924977406859398,0.2413167804479599,-0.23834769427776337,0.10454733669757843,0.0,-0.01961231790482998,0.1467626988887787,-0.4978415369987488,-0.5329694747924805,-0.0911879912018776,-0.032857030630111694,-0.20932045578956604,0.42087695002555847,-0.7058613300323486,-0.06456863135099411,0.0,-0.07951491326093674,0.0,-0.11153339594602585,0.3444957733154297,0.10022267699241638,1.051538109779358,-1.9198195934295654,-0.3521302044391632,-1.5644457340240479,2.7517495155334473,-1.0365869998931885,0.18151409924030304,-1.8566938638687134,-0.6596160531044006,-0.4608314335346222,3.301985502243042,-1.7130879163742065,0.0708286464214325,0.0,0.7356104254722595,0.572069525718689,-0.15447913110256195,-1.6644500494003296,0.8141239285469055,1.6930538415908813,-1.6256680488586426,-0.10963796824216843,-3.1412510871887207,-0.9004228711128235,0.0,0.0,0.0,0.011873627081513405,0.011280771344900131,-0.013347653672099113,0.9997767806053162,0.011873627081513405,0.011280771344900131,-0.013347653672099113,0.9997767806053162,0.011350424960255623,-0.03806111961603165,-0.000739038921892643,0.9992106556892395,0.010291306301951408,-0.03806031495332718,-0.0007793813711032271,0.9992221593856812,0.006899883970618248,-0.038818683475255966,0.08721133321523666,0.9954093098640442,-0.004160015378147364,0.0870971530675888,0.087384894490242,0.9923510551452637,0.008427529595792294,-0.05626100301742554,0.08707699179649353,0.9945759177207947,0.012850940227508545,-0.05587316304445267,0.08732635527849197,0.994528591632843,0.012850940227508545,-0.05587316304445267,0.08732635527849197,0.994528591632843,0.01059240847826004,-0.06451058387756348,-0.03457248583436012,0.9972617030143738,-0.008087042719125748,-0.06385176628828049,-0.035774633288383484,0.9972851872444153,-0.006832481827586889,-0.06399816274642944,-0.055338095873594284,0.9963911175727844,-0.00012199085904285312,0.05639857426285744,-0.05575816333293915,0.9968501329421997,-0.006750322878360748,-0.06251890957355499,-0.05534818023443222,0.9964849948883057,0.045325104147195816,-0.06532544642686844,-0.05200596898794174,0.9954765439033508,0.045325104147195816,-0.06532544642686844,-0.05200596898794174,0.9954765439033508,0.011873627081513405,0.011280771344900131,-0.013347653672099113,0.9997767806053162,0.011735481210052967,0.0015030726790428162,-0.014078804291784763,0.9998309016227722,0.08500701189041138,0.00046683294931426644,-0.014151114039123058,0.996279776096344,0.08249115943908691,0.03676766902208328,-0.2573568522930145,0.9620866775512695,0.010642323642969131,-0.21583785116672516,-0.2858385145664215,0.9335936307907104,0.030166130512952805,-0.2153042107820511,-0.3248732089996338,0.920430064201355,0.030166130512952805,-0.2153042107820511,-0.3248732089996338,0.920430064201355,0.01166482176631689,-0.005124698393046856,-0.012509241700172424,0.9998405575752258,-0.09285161644220352,-0.0037898255977779627,-0.012976166792213917,0.9955881834030151,-0.0914231464266777,0.02870958112180233,0.19364899396896362,0.9763798713684082,-0.01928216964006424,-0.3080759644508362,0.23446886241436005,0.9218143820762634,-0.0027198640163987875,-0.3087385892868042,0.207519069314003,0.9282289147377014,-0.0027198640163987875,-0.3087385892868042,0.207519069314003,0.9282289147377014,0.011873627081513405,0.011280771344900131,-0.013347653672099113,0.9997767806053162
-0.0024872191715985537,0.0,0.8162822127342224,0.017391592264175415,0.013233460485935211,0.00422029010951519,0.9997522830963135,-0.16587145626544952,-0.013857572339475155,0.12419256567955017,0.3447692096233368,-0.32265642285346985,0.014945736154913902,-0.2194461226463318,-0.05944715067744255,-0.05461082234978676,0.3513829708099365,-0.2954506278038025,0.10690829157829285,0.0,0.004908030852675438,0.16583168506622314,-0.5029908418655396,-0.5884511470794678,-0.06405052542686462,0.02357809990644455,-0.2635093927383423,0.41722235083580017,-0.810569703578949,-0.09458272904157639,0.0,-0.07951491326093674,0.0,-0.11153339594602585,0.3444957733154297,0.10022267699241638,1.051538109779358,-1.9198195934295654,-0.3521302044391632,-1.5644457340240479,2.7517495155334473,-1.0365869998931885,0.18151409924030304,-1.8566938638687134,-0.6596160531044006,-0.4608314335346222,3.301985502243042,-1.7130879163742065,0.0708286464214325,0.0,0.7356104254722595,0.572069525718689,-0.15447913110256195,-1.6644500494003296,0.8141239285469055,1.6930538415908813,-1.6256680488586426,-0.10963796824216843,-3.1412510871887207,-0.9004228711128235,0.0,0.0,0.0,0.017391592264175415,0.013233460485935211,0.00422029010951519,0.9997522830963135,0.017391592264175415,0.013233460485935211,0.00422029010951519,0.9997522830963135,0.01795324869453907,-0.06718304753303528,0.024249572306871414,0.9972843527793884,0.011042902246117592,-0.06734945625066757,0.023783497512340546,0.997384786605835,0.006842155009508133,-0.06790493428707123,0.08563175052404404,0.9939865469932556,-0.007947850041091442,0.10360211879014969,0.08553621172904968,0.9909021258354187,0.0058949775993824005,-0.05691109970211983,0.08570216596126556,0.9946765899658203,0.013327830471098423,-0.056269075721502304,0.08612506091594696,0.994604766368866,0.013327830471098423,-0.056269075721502304,0.08612506091594696,0.994604766368866,0.017358338460326195,-0.09209882467985153,-0.025979068130254745,0.9952595829963684,-0.012227645143866539,-0.0912860631942749,-0.028704697266221046,0.9953358173370361,-0.009730792604386806,-0.09158587455749512,-0.05586867406964302,0.9941810965538025,0.00018423427536617965,0.08359594643115997,-0.05670946091413498,0.9948847889900208,-0.008164758794009686,-0.0637502446770668,-0.0561189241707325,0.9963533282279968,0.0450807586312294,-0.06665755063295364,-0.05263267457485199,0.9953663945198059,0.0450807586312294,-0.06665755063295364,-0.05263267457485199,0.9953663945198059,0.017391592264175415,0.013233460485935211,0.00422029010951519,0.9997522830963135,0.017383242025971413,0.01567930355668068,0.004416923504322767,0.9997162222862244,0.10012088716030121,0.015991250053048134,0.0031031754333525896,0.9948419332504272,0.09295111149549484,0.055902350693941116,-0.24251000583171844,0.9640663266181946,0.01698841154575348,-0.223640576004982,-0.2765052318572998,0.9344737529754639,0.03093448467552662,-0.22304458916187286,-0.30395618081092834,0.925691545009613,0.03093448467552662,-0.22304458916187286,-0.30395618081092834,0.925691545009613,0.01733093336224556,0.02500801347196102,0.0036845747381448746,0.9995301961898804,-0.1141313910484314,0.024307209998369217,0.006938038859516382,0.9931440353393555,-0.10672306269407272,0.06028524786233902,0.21057908236980438,0.9698620438575745,-0.014763637445867062,-0.3238242566585541,0.25959131121635437,0.9096879959106445,0.010170495137572289,-0.32416898012161255,0.220716193318367,0.9198344349861145,0.010170495137572289,-0.32416898012161255,0.220716193318367,0.9198344349861145,0.017391592264175415,0.013233460485935211,0.00422029010951519,0.9997522830963135
-0.0056275431998074055,0.0,0.8147409558296204,0.010785987600684166,0.014989151619374752,0.0070950002409517765,0.9998043179512024,-0.19069835543632507,-0.01691620610654354,0.11305776983499527,0.3732949495315552,-0.3334122598171234,0.017155339941382408,-0.2473597675561905,-0.06433403491973877,-0.0509200245141983,0.38751646876335144,-0.31232866644859314,0.10652056336402893,0.0,0.006818877998739481,0.17217189073562622,-0.5063811540603638,-0.6078621745109558,-0.05972180888056755,0.03441305831074715,-0.2773548364639282,0.41686341166496277,-0.8520095348358154,-0.09809163957834244,0.0,-0.0942097157239914,0.0,-0.046237703412771225,-0.39445802569389343,0.10060257464647293,0.17950530350208282,-0.7448069453239441,-0.09175901114940643,-0.33404386043548584,0.8557721376419067,-0.32267507910728455,0.06628811359405518,-0.8374093174934387,-0.14660651981830597,0.11072392761707306,1.0840048789978027,-0.5063411593437195,-0.011631845496594906,0.0,0.05732541158795357,0.1902061551809311,-0.10170935839414597,-0.5823307633399963,0.1298614889383316,0.3250487446784973,-0.41536328196525574,-0.010768174193799496,-1.243194818496704,-0.10526730865240097,0.0,0.0,0.0,0.010785987600684166,0.014989151619374752,0.0070950002409517765,0.9998043179512024,0.010785987600684166,0.014989151619374752,0.0070950002409517765,0.9998043179512024,0.011758800595998764,-0.077287457883358,0.03070686198771,0.9964665174484253,0.003330264240503311,-0.07754441350698471,0.0300520658493042,0.996530294418335,-0.0010562202660366893,-0.07760870456695557,0.08630681037902832,0.9932405948638916,-0.017053455114364624,0.10805054754018784,0.08461182564496994,0.9903913736343384,-0.0027769701555371284,-0.05778803303837776,0.0862685889005661,0.9945906400680542,0.005754297599196434,-0.05704593285918236,0.08676110208034515,0.9945778846740723,0.005754297599196434,-0.05704593285918236,0.08676110208034515,0.9945778846740723,0.01107045542448759,-0.1039188951253891,-0.0261673703789711,0.9941798448562622,-0.02090955711901188,-0.10302355885505676,-0.02949601784348488,0.9940215945243835,-0.018280083313584328,-0.10352246463298798,-0.05479152873158455,0.9929485321044922,-0.007388009689748287,0.08960510790348053,-0.057286038994789124,0.9943010807037354,-0.016207825392484665,-0.06612930446863174,-0.055439870804548264,0.9961378574371338,0.03684466332197189,-0.06898687779903412,-0.05184085667133331,0.9955881834030151,0.03684466332197189,-0.06898687779903412,-0.05184085667133331,0.9955881834030151,0.010785987600684166,0.014989151619374752,0.0070950002409517765,0.9998043179512024,0.010764991864562035,0.018388794735074043,0.007345699705183506,0.9997459650039673,0.09668294340372086,0.018952278420329094,0.0057374355383217335,0.995118260383606,0.08877218514680862,0.05817364901304245,-0.24170365929603577,0.9645282030105591,0.010631325654685497,-0.23071379959583282,-0.2752215266227722,0.9332262277603149,0.023834021762013435,-0.23034122586250305,-0.30075743794441223,0.9251593351364136,0.023834021762013435,-0.23034122586250305,-0.30075743794441223,0.9251593351364136,0.010646363720297813,0.03216695412993431,0.00619901716709137,0.9994065761566162,-0.12760716676712036,0.031001228839159012,0.01058605033904314,0.991283655166626,-0.11858056485652924,0.06956315040588379,0.21341632306575775,0.9672399163246155,-0.019249293953180313,-0.3327256739139557,0.26842236518859863,0.9038100242614746,0.007005433086305857,-0.3331620693206787,0.22847257554531097,0.9147427082061768,0.007005433086305857,-0.3331620693206787,0.22847257554531097,0.9147427082061768,0.010785987600684166,0.014989151619374752,0.0070950002409517765,0.9998043179512024
-0.010524052195250988,0.0,0.8140254616737366,0.003457707818597555,0.016655616462230682,0.008877896703779697,0.9998158812522888,-0.20836859941482544,-0.01882733218371868,0.10580024123191833,0.38448578119277954,-0.3344346284866333,0.020077254623174667,-0.2657732665538788,-0.0659111738204956,-0.04791761562228203,0.40104973316192627,-0.3163640797138214,0.10362697392702103,0.0,0.004198314622044563,0.1763278841972351,-0.5094292759895325,-0.6241093873977661,-0.057173606008291245,0.03296257182955742,-0.2843776047229767,0.41767290234565735,-0.8828067183494568,-0.09910620003938675,0.0,-0.14689525961875916,0.0,-0.021464822813868523,-0.43872857093811035,0.09568540751934052,0.114618219435215,-0.530107319355011,-0.05733377858996391,-0.21772584319114685,0.33572492003440857,-0.03067105822265148,0.08765743672847748,-0.5524049401283264,-0.04731416329741478,0.09007225930690765,0.4059979021549225,-0.12106239050626755,-0.08680767565965652,0.0,-0.07861689478158951,0.124679796397686,-0.09144365042448044,-0.4874163568019867,0.07644607871770859,-0.043514590710401535,-0.21068303287029266,0.024284718558192253,-0.923915445804596,-0.030436811968684196,0.0,0.0,0.0,0.003457707818597555,0.016655616462230682,0.008877896703779697,0.9998158812522888,0.003457707818597555,0.016655616462230682,0.008877896703779697,0.9998158812522888,0.004779069218784571,-0.083961620926857,0.03539358451962471,0.9958287477493286,-0.004595403093844652,-0.08429107815027237,0.034601643681526184,0.9958296418190002,-0.009045903570950031,-0.08393017947673798,0.08720818161964417,0.9926069974899292,-0.025541339069604874,0.10726439207792282,0.08387332409620285,0.9903571605682373,-0.011225278489291668,-0.059065934270620346,0.0869545191526413,0.9943963885307312,-0.0012425059685483575,-0.05819006636738777,0.0875430628657341,0.9944589138031006,-0.0012425059685483575,-0.05819006636738777,0.0875430628657341,0.9944589138031006,0.003992265090346336,-0.11133027821779251,-0.025929026305675507,0.9934371113777161,-0.028743280097842216,-0.11041548103094101,-0.029583238065242767,0.9930292367935181,-0.026089860126376152,-0.11107237637042999,-0.05336426943540573,0.9920355081558228,-0.01493778359144926,0.08875058591365814,-0.057491641491651535,0.9942811131477356,-0.023807557299733162,-0.06897978484630585,-0.054420825093984604,0.9958480596542358,0.02779966965317726,-0.07170568406581879,-0.05077530816197395,0.9957446455955505,0.02779966965317726,-0.07170568406581879,-0.05077530816197395,0.9957446455955505,0.003457707818597555,0.016655616462230682,0.008877896703779697,0.9998158812522888,0.003441296285018325,0.018749751150608063,0.009016904979944229,0.999777615070343,0.09145811945199966,0.01947086490690708,0.007330972235649824,0.9955915808677673,0.08349486440420151,0.05759637802839279,-0.2418215572834015,0.9650044441223145,0.003448834177106619,-0.239057719707489,-0.2742847204208374,0.9314544796943665,0.0163114070892334,-0.2388993352651596,-0.2986488938331604,0.9238343238830566,0.0163114070892334,-0.2388993352651596,-0.2986488938331604,0.9238343238830566,0.003293978748843074,0.033101923763751984,0.007898927666246891,0.9994153380393982,-0.13836658000946045,0.031648505479097366,0.012510092929005623,0.9897962212562561,-0.12897463142871857,0.07247573882341385,0.21523842215538025,0.9652902483940125,-0.024022188037633896,-0.34282681345939636,0.2755764424800873,0.8977473378181458,0.002955086762085557,-0.34338685870170593,0.23561643064022064,0.9091543555259705,0.002955086762085557,-0.34338685870170593,0.23561643064022064,0.9091543555259705,0.003457707818597555,0.016655616462230682,0.008877896703779697,0.9998158812522888
-0.015356877818703651,0.0,0.81270831823349,0.0044137840159237385,0.019156208261847496,0.010556058026850224,0.9997510313987732,-0.23273085057735443,-0.020128654316067696,0.0962447077035904,0.404623806476593,-0.34158945083618164,0.024724485352635384,-0.2900555431842804,-0.06688374280929565,-0.04341154173016548,0.4217570722103119,-0.3244875371456146,0.10146883130073547,0.0,0.0021975731942802668,0.1803671270608902,-0.5210558772087097,-0.6418707966804504,-0.05989699810743332,0.03175424784421921,-0.29194551706314087,0.4190639555454254,-0.9123624563217163,-0.10101040452718735,0.0,-0.14498476684093475,0.0,-0.03951429948210716,0.0577126108109951,0.15023405849933624,0.10026919096708298,-0.7308675050735474,-0.03903966024518013,-0.28666597604751587,0.6041406989097595,-0.214644655585289,0.1394169181585312,-0.7284682393074036,-0.029177067801356316,0.1351822167634964,0.6212201118469238,-0.2437037080526352,-0.06474427878856659,0.0,-0.06002223864197731,0.12117727845907211,-0.348798006772995,-0.5328422784805298,-0.08170175552368164,-0.03624971583485603,-0.22703735530376434,0.041731592267751694,-0.8866720795631409,-0.057126130908727646,0.0,0.0,0.0,0.0044137840159237385,0.019156208261847496,0.010556058026850224,0.9997510313987732,0.0044137840159237385,0.019156208261847496,0.010556058026850224,0.9997510313987732,0.00614340091124177,-0.09322492778301239,0.04003185033798218,0.9948210120201111,-0.0038689454086124897,-0.0936230942606926,0.03909159079194069,0.994832456111908,-0.008368091657757759,-0.09332860261201859,0.08690153807401657,0.9918003082275391,-0.025658950209617615,0.10786188393831253,0.08344771713018417,0.9903251528739929,-0.011102373711764812,-0.0620286799967289,0.08659468591213226,0.9942487478256226,0.0011893057962879539,-0.06095346435904503,0.0873548686504364,0.9943100214004517,0.0011893057962879539,-0.06095346435904503,0.0873548686504364,0.9943100214004517,0.005124497693032026,-0.12044056504964828,-0.027566084638237953,0.9923245310783386,-0.028057370334863663,-0.11945153027772903,-0.03157768025994301,0.9919410347938538,-0.02545817755162716,-0.12003235518932343,-0.05309939384460449,0.991021990776062,-0.01377949770539999,0.09006646275520325,-0.05725198611617088,0.9941933155059814,-0.022846616804599762,-0.07171129435300827,-0.05427427217364311,0.9956855773925781,0.027676640078425407,-0.07437141984701157,-0.05056776851415634,0.9955630302429199,0.027676640078425407,-0.07437141984701157,-0.05056776851415634,0.9955630302429199,0.0044137840159237385,0.019156208261847496,0.010556058026850224,0.9997510313987732,0.004403526894748211,0.02025223709642887,0.010629868134856224,0.9997286796569824,0.09442256391048431,0.021127277985215187,0.008762726560235023,0.9952694177627563,0.08566299080848694,0.06078954413533211,-0.24587154388427734,0.9635941386222839,0.0018488157074898481,-0.2437746673822403,-0.27932485938072205,0.9287346601486206,0.015454071573913097,-0.24368590116500854,-0.30473464727401733,0.9206058382987976,0.015454071573913097,-0.24368590116500854,-0.30473464727401733,0.9206058382987976,0.004226868972182274,0.03499937802553177,0.00962801743298769,0.9993320107460022,-0.14117583632469177,0.03322671353816986,0.014616454020142555,0.98931884765625,-0.13138139247894287,0.07472803443670273,0.21782729029655457,0.9642125964164734,-0.02126842550933361,-0.35345903038978577,0.28007498383522034,0.8922849297523499,0.006701814476400614,-0.35380667448043823,0.2397109568119049,0.9040545225143433,0.006701814476400614,-0.35380667448043823,0.2397109568119049,0.9040545225143433,0.0044137840159237385,0.019156208261847496,0.010556058026850224,0.9997510313987732
-0.023736750707030296,0.0,0.8105399012565613,0.00532408244907856,0.022239038720726967,0.012368245981633663,0.9996619820594788,-0.2703554928302765,-0.021307863295078278,0.08306770771741867,0.4367057979106903,-0.3519090712070465,0.030478721484541893,-0.325925350189209,-0.06691600382328033,-0.03571019321680069,0.45089465379714966,-0.33360758423805237,0.10006387531757355,0.0,-0.0014204129111021757,0.19082744419574738,-0.533245861530304,-0.672196090221405,-0.06779345870018005,0.02913728915154934,-0.30373328924179077,0.4224618971347809,-0.956183671951294,-0.10528593510389328,0.0,-0.25139617919921875,0.0,-0.06505250930786133,0.05475834384560585,0.18512319028377533,0.10853099822998047,-1.1287392377853394,-0.03537626937031746,-0.3953099846839905,0.9624596834182739,-0.30958858132362366,0.17262707650661469,-1.076094150543213,-0.0009678303613327444,0.23104044795036316,0.8741273880004883,-0.2736014127731323,-0.04214867576956749,0.0,-0.10853957384824753,0.31380948424339294,-0.36569949984550476,-0.9097587466239929,-0.23689380288124084,-0.07850875705480576,-0.3536331355571747,0.10193824023008347,-1.3146363496780396,-0.12826591730117798,0.0,0.0,0.0,0.00532408244907856,0.022239038720726967,0.012368245981633663,0.9996619820594788,0.00532408244907856,0.022239038720726967,0.012368245981633663,0.9996619820594788,0.007661242038011551,-0.10827992856502533,0.04643067717552185,0.9930059909820557,-0.002918411046266556,-0.10876844823360443,0.04527445510029793,0.9930312633514404,-0.007432167883962393,-0.1085534617304802,0.08646796643733978,0.9902949929237366,-0.025986554101109505,0.10854368656873703,0.08280486613512039,0.9902960658073425,-0.011090490967035294,-0.06648159772157669,0.08607524633407593,0.9940061569213867,0.0040582288056612015,-0.06516219675540924,0.08707834780216217,0.9940597414970398,0.0040582288056612015,-0.06516219675540924,0.08707834780216217,0.9940597414970398,0.006257973611354828,-0.1344931423664093,-0.030607178807258606,0.9904219508171082,-0.026876885443925858,-0.1333940029144287,-0.03508908301591873,0.9900769591331482,-0.0244909655302763,-0.13385260105133057,-0.052760470658540726,0.9892926812171936,-0.012077000923454762,0.09068349003791809,-0.05690009146928787,0.9941795468330383,-0.021356577053666115,-0.07564013451337814,-0.054105184972286224,0.9954371452331543,0.028453020378947258,-0.07825133949518204,-0.050254639238119125,0.9952595829963684,0.028453020378947258,-0.07825133949518204,-0.050254639238119125,0.9952595829963684,0.00532408244907856,0.022239038720726967,0.012368245981633663,0.9996619820594788,0.005331856198608875,0.02153070457279682,0.012319889850914478,0.9996780753135681,0.10054595023393631,0.02260647900402546,0.010212644934654236,0.9946231245994568,0.09087979793548584,0.06470475345849991,-0.2500256896018982,0.9617906808853149,0.0012936984421685338,-0.2533854842185974,-0.2858131527900696,0.9241780042648315,0.0169900543987751,-0.2533383071422577,-0.3143298625946045,0.9147282838821411,0.0169900543987751,-0.2533383071422577,-0.3143298625946045,0.9147282838821411,0.0051233479753136635,0.036776017397642136,0.011529907584190369,0.9992438554763794,-0.14610478281974792,0.03460845351219177,0.016960809007287025,0.9885180592536926,-0.13583886623382568,0.07742543518543243,0.2215076982975006,0.9625421762466431,-0.017866527661681175,-0.3695858418941498,0.2869488298892975,0.8835991621017456,0.01203436404466629,-0.3696254789829254,0.24546919763088226,0.8960898518562317,0.01203436404466629,-0.3696254789829254,0.24546919763088226,0.8960898518562317,0.00532408244907856,0.022239038720726967,0.012368245981633663,0.9996619820594788
-0.03237437084317207,0.0,0.8069508671760559,0.006235173903405666,0.02748245559632778,0.01511478703469038,0.9994885325431824,-0.3221283257007599,-0.022048460319638252,0.0657624676823616,0.48427584767341614,-0.36931487917900085,0.03778994828462601,-0.3744557499885559,-0.06522247195243835,-0.023577125743031502,0.4931098222732544,-0.35097432136535645,0.09598766267299652,0.0,-0.008808963000774384,0.20859394967556,-0.5523123741149902,-0.7056284546852112,-0.07451921701431274,0.02423362247645855,-0.31917816400527954,0.42858603596687317,-1.009081482887268,-0.1102503314614296,0.0,-0.259128600358963,0.0,-0.10767101496458054,0.054476458579301834,0.31453076004981995,0.16532574594020844,-1.5531848669052124,-0.02221790887415409,-0.5191571712493896,1.4271013736724854,-0.5221742391586304,0.21933679282665253,-1.4559118747711182,0.0508059523999691,0.36399200558662415,1.2664549350738525,-0.5210021138191223,-0.1222863718867302,0.0,-0.22165648639202118,0.5329951643943787,-0.5719953179359436,-1.0029709339141846,-0.20177273452281952,-0.1471099853515625,-0.4633462131023407,0.18372415006160736,-1.586934208869934,-0.14893187582492828,0.0,0.0,0.0,0.006235173903405666,0.02748245559632778,0.01511478703469038,0.9994885325431824,0.006235173903405666,0.02748245559632778,0.01511478703469038,0.9994885325431824,0.009636517614126205,-0.1279570758342743,0.055438533425331116,0.9901821613311768,-0.001279842690564692,-0.12856045365333557,0.05402456596493721,0.9902282357215881,-0.005505615845322609,-0.12844888865947723,0.08654942363500595,0.987916886806488,-0.02609771303832531,0.1121797263622284,0.08270443230867386,0.9898962378501892,-0.010468686930835247,-0.07148207724094391,0.08609019219875336,0.9936645030975342,0.008307330310344696,-0.06984274089336395,0.08742539584636688,0.9936849474906921,0.008307330310344696,-0.06984274089336395,0.08742539584636688,0.9936849474906921,0.007519767619669437,-0.1523990035057068,-0.034421272575855255,0.987690806388855,-0.024688340723514557,-0.15119564533233643,-0.03937200829386711,0.987410843372345,-0.0229042861610651,-0.1514761745929718,-0.0510091595351696,0.9868780970573425,-0.009762112982571125,0.0939665362238884,-0.05505671352148056,0.9940038919448853,-0.019224414601922035,-0.0810176283121109,-0.052506785839796066,0.9951429963111877,0.028540113940835,-0.08344337344169617,-0.04855947196483612,0.9949194192886353,0.028540113940835,-0.08344337344169617,-0.04855947196483612,0.9949194192886353,0.006235173903405666,0.02748245559632778,0.01511478703469038,0.9994885325431824,0.006293954327702522,0.023090386763215065,0.014810813590884209,0.9996038675308228,0.11032649874687195,0.024506837129592896,0.0123264379799366,0.993516743183136,0.09926638752222061,0.07061320543289185,-0.25660842657089233,0.958807647228241,0.0022238946985453367,-0.2619917392730713,-0.2957756519317627,0.9186251163482666,0.019767094403505325,-0.26197677850723267,-0.32682281732559204,0.9078349471092224,0.019767094403505325,-0.26197677850723267,-0.32682281732559204,0.9078349471092224,0.00603103032335639,0.039571601897478104,0.014428661204874516,0.9990943670272827,-0.15281420946121216,0.0367758572101593,0.020533734932541847,0.987356960773468,-0.14178787171840668,0.08155157417058945,0.22757726907730103,0.959924042224884,-0.013114841654896736,-0.38772115111351013,0.29686999320983887,0.8725643157958984,0.019065706059336662,-0.3872995972633362,0.2541927695274353,0.8860144019126892,0.019065706059336662,-0.3872995972633362,0.2541927695274353,0.8860144019126892,0.006235173903405666,0.02748245559632778,0.01511478703469038,0.9994885325431824
-0.04354055970907211,0.0,0.8012962937355042,0.006648029200732708,0.035785336047410965,0.01938805542886257,0.9991493225097656,-0.39229026436805725,-0.025883417576551437,0.041517142206430435,0.5446114540100098,-0.3916897773742676,0.04896673187613487,-0.4429086446762085,-0.061997152864933014,-0.0045680096372962,0.5504589676856995,-0.37290439009666443,0.09138607978820801,0.0,-0.018958348780870438,0.2373899221420288,-0.5757318139076233,-0.754663348197937,-0.08627524226903915,0.01777680404484272,-0.3382411003112793,0.4331456422805786,-1.0617066621780396,-0.12367790937423706,0.0,-0.3349856436252594,0.0,-0.16963718831539154,0.024402523413300514,0.49726036190986633,0.25900179147720337,-2.104858160018921,-0.11504871398210526,-0.7273597121238708,1.810068130493164,-0.6712468862533569,0.33530348539352417,-2.053586721420288,0.09675956517457962,0.5702734589576721,1.7204742431640625,-0.6579020023345947,-0.1380474865436554,0.0,-0.304481565952301,0.8638791441917419,-0.7025831341743469,-1.4710466861724854,-0.3526807427406311,-0.1937045454978943,-0.5718880295753479,0.13678818941116333,-1.578755259513855,-0.40282732248306274,0.0,0.0,0.0,0.006648029200732708,0.035785336047410965,0.01938805542886257,0.9991493225097656,0.006648029200732708,0.035785336047410965,0.01938805542886257,0.9991493225097656,0.011975393630564213,-0.1533251702785492,0.06816308200359344,0.985749363899231,-0.0007825345383025706,-0.1541944444179535,0.06617313623428345,0.9858217835426331,-0.003982992377132177,-0.1541449874639511,0.08662166446447372,0.9842358231544495,-0.027133380994200706,0.11624784022569656,0.0823587030172348,0.9894277453422546,-0.010588068515062332,-0.07851243019104004,0.08606433123350143,0.9931347370147705,0.01372795645147562,-0.07638195902109146,0.08796059340238571,0.9930962920188904,0.01372795645147562,-0.07638195902109146,0.08796059340238571,0.9930962920188904,0.008564761839807034,-0.17669446766376495,-0.039296772330999374,0.9834436774253845,-0.021919824182987213,-0.17539162933826447,-0.04475429281592369,0.9832366704940796,-0.021519172936677933,-0.17544125020503998,-0.046999890357255936,0.9831318855285645,-0.007936195470392704,0.09834544360637665,-0.0510791651904583,0.9938088655471802,-0.017267383635044098,-0.08758515864610672,-0.048722703009843826,0.994814932346344,0.028190942481160164,-0.0897192507982254,-0.04467121139168739,0.9945653080940247,0.028190942481160164,-0.0897192507982254,-0.04467121139168739,0.9945653080940247,0.006648029200732708,0.035785336047410965,0.01938805542886257,0.9991493225097656,0.006809848360717297,0.026335405185818672,0.018729601055383682,0.9994544982910156,0.12511378526687622,0.02836800180375576,0.015479275956749916,0.9916159510612488,0.11165163666009903,0.08033183962106705,-0.26389744877815247,0.954693078994751,0.003941593691706657,-0.2735235393047333,-0.3083984851837158,0.9110761284828186,0.024697398766875267,-0.2735271751880646,-0.3438628017902374,0.8979595303535461,0.024697398766875267,-0.2735271751880646,-0.3438628017902374,0.8979595303535461,0.006455807946622372,0.04465083032846451,0.01888863369822502,0.9988031983375549,-0.16175036132335663,0.04083455726504326,0.026134580373764038,0.9856400489807129,-0.14956708252429962,0.08786855638027191,0.23472173511981964,0.9564593434333801,-0.008911407552659512,-0.4030623435974121,0.30851563811302185,0.8615564107894897,0.028000954538583755,-0.40202975273132324,0.26141369342803955,0.8770694732666016,0.028000954538583755,-0.40202975273132324,0.26141369342803955,0.8770694732666016,0.006648029200732708,0.035785336047410965,0.01938805542886257,0.9991493225097656
-0.05430343374609947,0.0,0.7930110096931458,0.005617666523903608,0.04666997864842415,0.025804661214351654,0.9985612034797668,-0.4745434522628784,-0.032026343047618866,0.012866348028182983,0.615369439125061,-0.4116588234901428,0.06312757730484009,-0.5224732160568237,-0.05670202523469925,0.015806779265403748,0.6179456114768982,-0.4005424380302429,0.08260490000247955,0.0,-0.03568289056420326,0.27275440096855164,-0.5978763103485107,-0.8097538948059082,-0.09613484889268875,0.005588495638221502,-0.36734044551849365,0.44185805320739746,-1.1253018379211426,-0.12870749831199646,0.0,-0.322886198759079,0.0,-0.24855850636959076,-0.06042090058326721,0.6500450968742371,0.39191749691963196,-2.4675955772399902,-0.18428775668144226,-0.8595237731933594,2.122739553451538,-0.5990713238716125,0.4248253405094147,-2.386936902999878,0.15885381400585175,0.6112436652183533,2.024599313735962,-0.82914137840271,-0.26343539357185364,0.0,-0.5017362236976624,1.06093430519104,-0.6643348336219788,-1.6527162790298462,-0.2957881689071655,-0.3656492233276367,-0.8729802966117859,0.26137232780456543,-1.9078551530838013,-0.1508876532316208,0.0,0.0,0.0,0.005617666523903608,0.04666997864842415,0.025804661214351654,0.9985612034797668,0.005617666523903608,0.04666997864842415,0.025804661214351654,0.9985612034797668,0.014158236794173717,-0.1816951483488083,0.08455453813076019,0.9796106219291687,-0.0015295806806534529,-0.1830257773399353,0.08163430541753769,0.9797117114067078,-0.0027069775387644768,-0.18301215767860413,0.08793523162603378,0.9791662693023682,-0.029211290180683136,0.12212593853473663,0.08298573642969131,0.9886077642440796,-0.011634139344096184,-0.08250272274017334,0.08720424026250839,0.9927000403404236,0.019699826836586,-0.07970958948135376,0.08976446837186813,0.9925727248191833,0.019699826836586,-0.07970958948135376,0.08976446837186813,0.9925727248191833,0.008744953200221062,-0.20365388691425323,-0.043222714215517044,0.9780492782592773,-0.01898353360593319,-0.2023468017578125,-0.04897836595773697,0.9779041409492493,-0.020582150667905807,-0.20219045877456665,-0.04124815762042999,0.9782606959342957,-0.007064761593937874,0.10485373437404633,-0.0455535352230072,0.9934186935424805,-0.015985755249857903,-0.09486789256334305,-0.04323761165142059,0.9944219589233398,0.025088265538215637,-0.09657229483127594,-0.03928357735276222,0.9942339658737183,0.025088265538215637,-0.09657229483127594,-0.03928357735276222,0.9942339658737183,0.005617666523903608,0.04666997864842415,0.025804661214351654,0.9985612034797668,0.006023951340466738,0.028889168053865433,0.024581922218203545,0.9992621541023254,0.14182256162166595,0.03196296468377113,0.020426057279109955,0.9891650676727295,0.12576021254062653,0.09052583575248718,-0.2685963213443756,0.9507078528404236,0.006740542594343424,-0.2871423065662384,-0.3197421729564667,0.9029223918914795,0.030450312420725822,-0.2871084213256836,-0.358676016330719,0.8876897096633911,0.030450312420725822,-0.2871084213256836,-0.358676016330719,0.8876897096633911,0.005537494085729122,0.04945550113916397,0.025645026937127113,0.9984316825866699,-0.1769084930419922,0.04393986985087395,0.03424619510769844,0.9826493859291077,-0.16347001492977142,0.09508342295885086,0.24588871002197266,0.9506710767745972,-0.005561742931604385,-0.4205705225467682,0.32699111104011536,0.8462660908699036,0.03380328416824341,-0.41890111565589905,0.2790999710559845,0.8634132146835327,0.03380328416824341,-0.41890111565589905,0.2790999710559845,0.8634132146835327,0.005617666523903608,0.04666997864842415,0.025804661214351654,0.9985612034797668
-0.06670766323804855,0.0,0.7805691957473755,0.003576605347916484,0.05890301987528801,0.03286063298583031,0.9977163076400757,-0.5741143226623535,-0.044429562985897064,-0.02262895740568638,0.7058789730072021,-0.41634637117385864,0.0759715735912323,-0.6224465370178223,-0.04809427261352539,0.04231181740760803,0.7085812091827393,-0.42389002442359924,0.07614193856716156,0.0,-0.06355784833431244,0.3143538236618042,-0.6166031956672668,-0.8793036937713623,-0.11539760231971741,-0.0054543400183320045,-0.40370094776153564,0.45289212465286255,-1.1804900169372559,-0.12363996356725693,0.0,-0.37212687730789185,0.0,-0.3732543885707855,-0.12118886411190033,0.7297787070274353,0.4339107275009155,-2.987125873565674,-0.37209656834602356,-1.0648590326309204,2.7152857780456543,-0.1406264305114746,0.38531985878944397,-2.999199390411377,0.25823256373405457,0.7951511144638062,2.7190678119659424,-0.7004275321960449,-0.1938888281583786,0.0,-0.8362486958503723,1.2479826211929321,-0.5618065595626831,-2.086493968963623,-0.5778825879096985,-0.3312850296497345,-1.0908150672912598,0.33102211356163025,-1.6556452512741089,0.15202602744102478,0.0,0.0,0.0,0.003576605347916484,0.05890301987528801,0.03286063298583031,0.9977163076400757,0.003576605347916484,0.05890301987528801,0.03286063298583031,0.9977163076400757,0.01673349365592003,-0.21662834286689758,0.10365020483732224,0.9705919623374939,-0.00483035109937191,-0.21887727081775665,0.09881267696619034,0.9707242250442505,-0.0023536125663667917,-0.21891790628433228,0.08782334625720978,0.9717800617218018,-0.032565344125032425,0.13047918677330017,0.08159643411636353,0.9875508546829224,-0.01499849185347557,-0.0764378160238266,0.08656514436006546,0.9931962490081787,0.022730596363544464,-0.07309522479772568,0.08940555155277252,0.9930493831634521,0.022730596363544464,-0.07309522479772568,0.08940555155277252,0.9930493831634521,0.008456157520413399,-0.23875680565834045,-0.048851337283849716,0.9698129892349243,-0.014865264296531677,-0.23751315474510193,-0.05457808077335358,0.9697359204292297,-0.01988636888563633,-0.2371455430984497,-0.03405174985527992,0.9706735014915466,-0.006837875582277775,0.11433390527963638,-0.038835976272821426,0.9926594495773315,-0.014854473993182182,-0.09704208374023438,-0.036528538912534714,0.9944987893104553,0.02300867810845375,-0.09836211055517197,-0.03280847519636154,0.9943435788154602,0.02300867810845375,-0.09836211055517197,-0.03280847519636154,0.9943435788154602,0.003576605347916484,0.05890301987528801,0.03286063298583031,0.9977163076400757,0.004499322269111872,0.027241956442594528,0.03074009157717228,0.9991459846496582,0.1608407199382782,0.03171791136264801,0.02609696425497532,0.9861253499984741,0.1431542932987213,0.09772419929504395,-0.270708292722702,0.9469286203384399,0.01083790697157383,-0.30966776609420776,-0.33097198605537415,0.8913170099258423,0.04044738784432411,-0.3094600737094879,-0.37664565443992615,0.8722020983695984,0.04044738784432411,-0.3094600737094879,-0.37664565443992615,0.8722020983695984,0.003676118329167366,0.05618662014603615,0.03302162513136864,0.9978672862052917,-0.1964535266160965,0.04842561483383179,0.043615635484457016,0.9783448576927185,-0.18120217323303223,0.10500144213438034,0.2589530050754547,0.9429123997688293,-0.0044646249152719975,-0.43057870864868164,0.3489015996456146,0.8323759436607361,0.03385213762521744,-0.42857882380485535,0.3038424253463745,0.8502082228660583,0.03385213762521744,-0.42857882380485535,0.3038424253463745,0.8502082228660583,0.003576605347916484,0.05890301987528801,0.03286063298583031,0.9977163076400757
-0.07843197137117386,0.0,0.7637820243835449,0.0005607585771940649,0.07612144201993942,0.041067805141210556,0.9962522983551025,-0.6895204186439514,-0.06654276698827744,-0.06081870198249817,0.8063474297523499,-0.41934701800346375,0.08686279505491257,-0.7411783337593079,-0.03437386080622673,0.07850507646799088,0.8165677785873413,-0.4445711076259613,0.07057534158229828,0.0,-0.10059624165296555,0.37035614252090454,-0.6325396299362183,-0.956771194934845,-0.1259172111749649,-0.02671128325164318,-0.4517270624637604,0.46016430854797363,-1.24634850025177,-0.11422750353813171,0.0,-0.35172921419143677,0.0,-0.503615140914917,-0.18517783284187317,1.028277039527893,0.5085776448249817,-3.4621827602386475,-0.6633960604667664,-1.1456923484802246,3.0140535831451416,-0.09001939743757248,0.3267366290092468,-3.5619537830352783,0.411612331867218,1.085797667503357,3.2395968437194824,-0.620432436466217,-0.16699789464473724,0.0,-1.1111516952514648,1.6800694465637207,-0.4780929982662201,-2.3240249156951904,-0.31558823585510254,-0.6377082467079163,-1.4407833814620972,0.21816550195217133,-1.9757543802261353,0.2823737859725952,0.0,0.0,0.0,0.0005607585771940649,0.07612144201993942,0.041067805141210556,0.9962522983551025,0.0005607585771940649,0.07612144201993942,0.041067805141210556,0.9962522983551025,0.02059314399957657,-0.2536383271217346,0.12561364471912384,0.9588872194290161,-0.011315872892737389,-0.25767654180526733,0.11710678786039352,0.9590415954589844,-0.0034760728012770414,-0.25790145993232727,0.08789330720901489,0.9621587991714478,-0.03768138587474823,0.1402699202299118,0.07948226481676102,0.9861982464790344,-0.020312638953328133,-0.06807000935077667,0.08558454364538193,0.9937953352928162,0.022854868322610855,-0.06428993493318558,0.08845928311347961,0.9937401413917542,0.022854868322610855,-0.06428993493318558,0.08845928311347961,0.9937401413917542,0.00775395380333066,-0.2775067389011383,-0.05530007556080818,0.9590994715690613,-0.008730355650186539,-0.2765153646469116,-0.06006116420030594,0.959091067314148,-0.01957477442920208,-0.2759597599506378,-0.022377807646989822,0.960709273815155,-0.009081026539206505,0.12815821170806885,-0.028310297057032585,0.9913079738616943,-0.01509887259453535,-0.09353825449943542,-0.02561175636947155,0.9951716661453247,0.020020529627799988,-0.0943836122751236,-0.022295748814940453,0.995084822177887,0.020020529627799988,-0.0943836122751236,-0.022295748814940453,0.995084822177887,0.0005607585771940649,0.07612144201993942,0.041067805141210556,0.9962522983551025,0.002380427671596408,0.026037288829684258,0.037842635065317154,0.9989416003227234,0.18626642227172852,0.03255978599190712,0.03240162879228592,0.981424868106842,0.16628824174404144,0.10793406516313553,-0.27021074295043945,0.9421701431274414,0.019173912703990936,-0.33190324902534485,-0.3433794379234314,0.8783866763114929,0.0526980459690094,-0.3312881290912628,-0.39200612902641296,0.856622576713562,0.0526980459690094,-0.3312881290912628,-0.39200612902641296,0.856622576713562,0.0011719312751665711,0.06283524632453918,0.04189211130142212,0.9971436262130737,-0.22216619551181793,0.05185764282941818,0.054899927228689194,0.9720796942710876,-0.20529457926750183,0.11497785896062851,0.2715243995189667,0.9332249164581299,-0.00582311162725091,-0.4431110918521881,0.374443382024765,0.8145003318786621,0.03014996647834778,-0.44099998474121094,0.3339688777923584,0.8325111269950867,0.03014996647834778,-0.44099998474121094,0.3339688777923584,0.8325111269950867,0.0005607585771940649,0.07612144201993942,0.041067805141210556,0.9962522983551025
-0.08958626538515091,0.0,0.7434461116790771,-0.0008921223343349993,0.09199177473783493,0.0481482669711113,0.9945946335792542,-0.8050722479820251,-0.09927744418382645,-0.10085505247116089,0.9162359833717346,-0.43122217059135437,0.09851886332035065,-0.861085057258606,-0.019766896963119507,0.11768787354230881,0.9413188099861145,-0.4699028730392456,0.06380189210176468,0.0,-0.15727706253528595,0.43448495864868164,-0.6569228768348694,-1.0341193675994873,-0.1548900157213211,-0.061078958213329315,-0.506130039691925,0.4805971384048462,-1.2872945070266724,-0.0898221805691719,0.0,-0.33462879061698914,0.0,-0.6100773215293884,-0.09356225281953812,0.9524528384208679,0.43451207876205444,-3.466554641723633,-0.982040286064148,-1.2010904550552368,3.296656370162964,-0.35625454783439636,0.3496820330619812,-3.5972015857696533,0.4382088780403137,1.1754838228225708,3.7425308227539062,-0.7599529027938843,-0.2032034695148468,0.0,-1.7004245519638062,1.9238643646240234,-0.7314973473548889,-2.3204450607299805,-0.8691840767860413,-1.0310301780700684,-1.6320892572402954,0.612984836101532,-1.2283800840377808,0.7321596741676331,0.0,0.0,0.0,-0.0008921223343349993,0.09199177473783493,0.0481482669711113,0.9945946335792542,-0.0008921223343349993,0.09199177473783493,0.0481482669711113,0.9945946335792542,0.026726029813289642,-0.2916295826435089,0.14548242092132568,0.9450252652168274,-0.02019747532904148,-0.29848894476890564,0.13083304464817047,0.9451873302459717,-0.005126118194311857,-0.29912760853767395,0.08302346616983414,0.9505805969238281,-0.041315581649541855,0.15212120115756989,0.07219553738832474,0.9848552942276001,-0.02491312474012375,-0.062105320394039154,0.079363152384758,0.9945972561836243,0.024090580642223358,-0.0581221841275692,0.08232492208480835,0.9946175217628479,0.024090580642223358,-0.0581221841275692,0.08232492208480835,0.9946175217628479,0.008662802167236805,-0.3174632489681244,-0.06332390755414963,0.9461142420768738,-0.0006883398164063692,-0.3168218731880188,-0.06645839661359787,0.9461536407470703,-0.019319437444210052,-0.3162330389022827,-0.010700087063014507,0.9484244585037231,-0.012366613373160362,0.14823706448078156,-0.018297525122761726,0.9887052178382874,-0.01628643460571766,-0.08600204437971115,-0.014915918000042439,0.9960501790046692,0.015491404570639133,-0.08643403649330139,-0.012165247462689877,0.9960628151893616,0.015491404570639133,-0.08643403649330139,-0.012165247462689877,0.9960628151893616,-0.0008921223343349993,0.09199177473783493,0.0481482669711113,0.9945946335792542,0.002431811997666955,0.013724385760724545,0.04316338896751404,0.9989708065986633,0.21769055724143982,0.022705139592289925,0.039190731942653656,0.9749663472175598,0.1979488730430603,0.11132903397083282,-0.2723848521709442,0.9350019097328186,0.0329761765897274,-0.35799404978752136,-0.3633129596710205,0.8595094680786133,0.0758972093462944,-0.35635408759117126,-0.42093247175216675,0.8307028412818909,0.0758972093462944,-0.35635408759117126,-0.42093247175216675,0.8307028412818909,0.0007519627688452601,0.06164083629846573,0.05005993694067001,0.9968419075012207,-0.24885381758213043,0.04714391753077507,0.06389868259429932,0.9652803540229797,-0.23146061599254608,0.11932273954153061,0.2876201570034027,0.9216629862785339,-0.009894289076328278,-0.44831281900405884,0.40362441539764404,0.7974992394447327,0.01854611746966839,-0.44661813974380493,0.3726695477962494,0.8132070302963257,0.01854611746966839,-0.44661813974380493,0.3726695477962494,0.8132070302963257,-0.0008921223343349993,0.09199177473783493,0.0481482669711113,0.9945946335792542
-0.10357772558927536,0.0,0.7193360924720764,-0.0017113253707066178,0.10886000096797943,0.05608750879764557,0.9924720525741577,-0.9348504543304443,-0.1428377479314804,-0.14415216445922852,1.0387457609176636,-0.4521394670009613,0.11083921045064926,-1.002227544784546,-0.0035369459073990583,0.16332857310771942,1.1010457277297974,-0.5018914341926575,0.05320420488715172,0.0,-0.20688682794570923,0.5125624537467957,-0.6712431907653809,-1.1201821565628052,-0.19060134887695312,-0.09639180451631546,-0.5665280818939209,0.5057558417320251,-1.3404220342636108,-0.051556073129177094,0.0,-0.41974377632141113,0.0,-0.7233005166053772,-0.05391313508152962,1.0164566040039062,0.48355865478515625,-3.893346071243286,-1.3068090677261353,-1.2989132404327393,3.675293207168579,-0.6275188326835632,0.36961039900779724,-4.234274387359619,0.4868985414505005,1.3692209720611572,4.791807174682617,-0.9596567749977112,-0.3179306089878082,0.0,-1.488292932510376,2.342324733734131,-0.42960938811302185,-2.581883430480957,-1.0713399648666382,-1.0593852996826172,-1.811941146850586,0.7547610402107239,-1.5938256978988647,1.147983193397522,0.0,0.0,0.0,-0.0017113253707066178,0.10886000096797943,0.05608750879764557,0.9924720525741577,-0.0017113253707066178,0.10886000096797943,0.05608750879764557,0.9924720525741577,0.0355788990855217,-0.3345769941806793,0.16655902564525604,0.9268497228622437,-0.030650105327367783,-0.3456094264984131,0.1422596126794815,0.9270258545875549,-0.005681916140019894,-0.34691932797431946,0.07513170689344406,0.9348635673522949,-0.04222320020198822,0.1628349870443344,0.06240399554371834,0.9837721586227417,-0.02716103382408619,-0.061819929629564285,0.07028041034936905,0.9952392578125,0.028008203953504562,-0.05783209949731827,0.07359679043292999,0.9952158331871033,0.028008203953504562,-0.05783209949731827,0.07359679043292999,0.9952158331871033,0.010990199632942677,-0.3652774691581726,-0.07341576367616653,0.9279341101646423,0.009349157102406025,-0.36514705419540405,-0.07406163215637207,0.9279521107673645,-0.020468341186642647,-0.3646927773952484,0.0018815369112417102,0.9309009909629822,-0.018428459763526917,0.17617511749267578,-0.00910412147641182,0.9841442108154297,-0.02011198177933693,-0.07372588664293289,-0.004242803435772657,0.9970666766166687,0.006416076794266701,-0.07381265610456467,-0.002280269982293248,0.9972488880157471,0.006416076794266701,-0.07381265610456467,-0.002280269982293248,0.9972488880157471,-0.0017113253707066178,0.10886000096797943,0.05608750879764557,0.9924720525741577,0.0033721185754984617,0.005987519398331642,0.049529146403074265,0.9987490177154541,0.25642988085746765,0.018346859142184258,0.0463937446475029,0.965274453163147,0.23513221740722656,0.12157942354679108,-0.2681821286678314,0.9262880682945251,0.0516149066388607,-0.37989342212677,-0.3826054036617279,0.8406128883361816,0.10605056583881378,-0.3762492537498474,-0.45076635479927063,0.8024957776069641,0.10605056583881378,-0.3762492537498474,-0.45076635479927063,0.8024957776069641,0.0013167823199182749,0.061018552631139755,0.0591069795191288,0.9963841438293457,-0.27721619606018066,0.04206698387861252,0.07380560785531998,0.9570445418357849,-0.25905516743659973,0.12498423457145691,0.30607515573501587,0.90751713514328,-0.009937000460922718,-0.4550563395023346,0.4360692501068115,0.7763173580169678,0.006492380052804947,-0.45397940278053284,0.41895613074302673,0.7863436341285706,0.006492380052804947,-0.45397940278053284,0.41895613074302673,0.7863436341285706,-0.0017113253707066178,0.10886000096797943,0.05608750879764557,0.9924720525741577
-0.11845632642507553,0.0,0.692357063293457,-0.0021774114575237036,0.12483900785446167,0.06204479560256004,0.9902327656745911,-1.0673589706420898,-0.19106478989124298,-0.18070872128009796,1.1653950214385986,-0.4773338735103607,0.12513987720012665,-1.1535841226577759,0.02231036312878132,0.22382506728172302,1.2855899333953857,-0.525410532951355,0.044955868273973465,0.0,-0.2793864607810974,0.6064112186431885,-0.6885617971420288,-1.2137534618377686,-0.2377520054578781,-0.14708277583122253,-0.6361358165740967,0.5424066185951233,-1.3898978233337402,-0.013216864317655563,0.0,-0.44635799527168274,0.0,-0.8093708157539368,-0.04284943267703056,0.9652400016784668,0.36370372772216797,-3.975255250930786,-1.4468111991882324,-1.0966966152191162,3.7994775772094727,-0.7558321356773376,0.4290199875831604,-4.54069709777832,0.7754192352294922,1.814894676208496,5.536325931549072,-0.7055729031562805,-0.2474500834941864,0.0,-2.1749889850616455,2.815462827682495,-0.5195581912994385,-2.8071389198303223,-1.4145196676254272,-1.5207290649414062,-2.0882320404052734,1.0995233058929443,-1.4842735528945923,1.1501761674880981,0.0,0.0,0.0,-0.0021774114575237036,0.12483900785446167,0.06204479560256004,0.9902327656745911,-0.0021774114575237036,0.12483900785446167,0.06204479560256004,0.9902327656745911,0.04504898935556412,-0.37880587577819824,0.18486325442790985,0.9057053923606873,-0.04154908284544945,-0.3947121798992157,0.14788711071014404,0.9058727025985718,-0.00576413469389081,-0.396851122379303,0.06554562598466873,0.9155215620994568,-0.04088127985596657,0.17242839932441711,0.05155749246478081,0.9828219413757324,-0.0275338776409626,-0.06480580568313599,0.0597606860101223,0.9957262277603149,0.034781888127326965,-0.06094220653176308,0.06369598954916,0.9954994320869446,0.034781888127326965,-0.06094220653176308,0.06369598954916,0.9954994320869446,0.013237071223556995,-0.41727614402770996,-0.08661124855279922,0.9045462012290955,0.023326415568590164,-0.418216347694397,-0.08195116370916367,0.9043422937393188,-0.02352551929652691,-0.4182051718235016,0.01955760270357132,0.9078372716903687,-0.03055388852953911,0.20944811403751373,0.0015523459296673536,0.9773410558700562,-0.02910248003900051,-0.05154740810394287,0.009433746337890625,0.998201847076416,-0.006659501697868109,-0.05132235586643219,0.010589945130050182,0.9986037611961365,-0.006659501697868109,-0.05132235586643219,0.010589945130050182,0.9986037611961365,-0.0021774114575237036,0.12483900785446167,0.06204479560256004,0.9902327656745911,0.005374367348849773,-0.014003396965563297,0.05308543145656586,0.9984773397445679,0.30325567722320557,0.002485685981810093,0.05484504997730255,0.9513263702392578,0.2834602892398834,0.12465800344944,-0.26240286231040955,0.9139230847358704,0.07760526984930038,-0.4072251617908478,-0.40942567586898804,0.8127211928367615,0.14784006774425507,-0.3998415172100067,-0.48953965306282043,0.7606714367866516,0.14784006774425507,-0.3998415172100067,-0.48953965306282043,0.7606714367866516,0.002954179188236594,0.051897723227739334,0.06660526245832443,0.9964244365692139,-0.30880776047706604,0.028465013951063156,0.07949451357126236,0.9473690390586853,-0.29124730825424194,0.12592393159866333,0.3246852457523346,0.8910093307495117,-0.012694465927779675,-0.4615621268749237,0.47156164050102234,0.7512848377227783,-0.008461885154247284,-0.46127182245254517,0.4673725366592407,0.754135012626648,-0.008461885154247284,-0.46127182245254517,0.4673725366592407,0.754135012626648,-0.0021774114575237036,0.12483900785446167,0.06204479560256004,0.9902327656745911
-0.1310284286737442,0.0,0.6617034673690796,-0.00034373917151242495,0.14821100234985352,0.06391064077615738,0.9868884682655334,-1.2217345237731934,-0.2360728234052658,-0.20231378078460693,1.3003913164138794,-0.5006221532821655,0.131264328956604,-1.319391131401062,0.06761230528354645,0.2907308042049408,1.4856202602386475,-0.5233408808708191,0.05015456676483154,0.0,-0.3474584221839905,0.733732283115387,-0.6784561276435852,-1.331571340560913,-0.2698938250541687,-0.2238418310880661,-0.6988402605056763,0.5632949471473694,-1.4671076536178589,-0.003134805941954255,0.0,-0.3771630525588989,0.0,-0.9196078181266785,0.03548134118318558,1.420876383781433,0.10652879625558853,-4.631266117095947,-1.35024094581604,-0.6481517553329468,4.049888610839844,-0.6986483335494995,0.18373353779315948,-4.974209785461426,1.3590582609176636,2.007172107696533,6.000909328460693,0.06208955869078636,0.15596094727516174,0.0,-2.042158842086792,3.819631814956665,0.3031700551509857,-3.534536123275757,-0.9642545580863953,-2.30277156829834,-1.8811331987380981,0.626649796962738,-2.3162946701049805,0.30246174335479736,0.0,0.0,0.0,-0.00034373917151242495,0.14821100234985352,0.06391064077615738,0.9868884682655334,-0.00034373917151242495,0.14821100234985352,0.06391064077615738,0.9868884682655334,0.05712943896651268,-0.42531147599220276,0.19904933869838715,0.8810367584228516,-0.047021180391311646,-0.44579261541366577,0.14757856726646423,0.881633996963501,-0.001762682106345892,-0.44826212525367737,0.05779280886054039,0.8920302391052246,-0.03638745844364166,0.18318237364292145,0.044934049248695374,0.981377124786377,-0.0241230521351099,-0.06561879813671112,0.052547067403793335,0.9961681962013245,0.04126263037323952,-0.06203121691942215,0.056737542152404785,0.9956055283546448,0.04126263037323952,-0.06203121691942215,0.056737542152404785,0.9956055283546448,0.014053218066692352,-0.4671724736690521,-0.10583987832069397,0.8776960372924805,0.043711062520742416,-0.47048288583755493,-0.08998911082744598,0.8767195343971252,-0.02490127831697464,-0.47185245156288147,0.037956323474645615,0.8805081248283386,-0.04401371255517006,0.24798810482025146,0.011115279980003834,0.967698872089386,-0.03963998705148697,-0.010791982524096966,0.022123010829091072,0.9989107847213745,-0.014580179937183857,-0.010233862325549126,0.022386660799384117,0.9995906949043274,-0.014580179937183857,-0.010233862325549126,0.022386660799384117,0.9995906949043274,-0.00034373917151242495,0.14821100234985352,0.06391064077615738,0.9868884682655334,0.009078359231352806,-0.024277327582240105,0.05229640007019043,0.9982951879501343,0.3665546178817749,-0.0039035233203321695,0.05752446874976158,0.9286082983016968,0.3457595705986023,0.13745881617069244,-0.24648644030094147,0.8948742151260376,0.11313019692897797,-0.4297207295894623,-0.4414728581905365,0.7795148491859436,0.19465593993663788,-0.41724222898483276,-0.5263193845748901,0.7148467898368835,0.19465593993663788,-0.41724222898483276,-0.5263193845748901,0.7148467898368835,0.007821734063327312,0.0372806042432785,0.07047007977962494,0.9967862963676453,-0.3339037299156189,0.010902144946157932,0.07897479832172394,0.9392296671867371,-0.3191016614437103,0.11948560923337936,0.3305688798427582,0.880125880241394,-0.01272809412330389,-0.4865257143974304,0.4959844946861267,0.7191175818443298,-0.011694565415382385,-0.48644736409187317,0.4950502812862396,0.7198315262794495,-0.011694565415382385,-0.48644736409187317,0.4950502812862396,0.7198315262794495,-0.00034373917151242495,0.14821100234985352,0.06391064077615738,0.9868884682655334
-0.1463700532913208,0.0,0.6278735399246216,-0.0016957258339971304,0.1752585768699646,0.06372818350791931,0.9824562668800354,-1.4004672765731812,-0.27125829458236694,-0.212453231215477,1.4377944469451904,-0.5102354884147644,0.13054145872592926,-1.4848686456680298,0.1292741894721985,0.3608052134513855,1.6724611520767212,-0.4940691292285919,0.061512041836977005,0.0,-0.41976913809776306,0.9002395868301392,-0.6354390382766724,-1.4625962972640991,-0.319677472114563,-0.35498952865600586,-0.7695592641830444,0.5845590233802795,-1.5267380475997925,0.016542725265026093,0.0,-0.4602487087249756,0.0,-1.0148978233337402,-0.18551048636436462,1.63600754737854,0.017659125849604607,-5.361982345581055,-1.055564045906067,-0.3041834831237793,4.122093677520752,-0.2884000241756439,-0.02168610505759716,-4.964324951171875,1.8498563766479492,2.1022322177886963,5.605226516723633,0.8781524896621704,0.34072422981262207,0.0,-2.169321298599243,4.995218753814697,1.2905125617980957,-3.930748462677002,-1.493509292602539,-3.9344308376312256,-2.121570110321045,0.6379222273826599,-1.7889117002487183,0.5903258919715881,0.0,0.0,0.0,-0.0016957258339971304,0.1752585768699646,0.06372818350791931,0.9824562668800354,-0.0016957258339971304,0.1752585768699646,0.06372818350791931,0.9824562668800354,0.06760018318891525,-0.4772176146507263,0.2136439085006714,0.8497351408004761,-0.0479164719581604,-0.5017226338386536,0.1471555382013321,0.8510720729827881,0.005549743305891752,-0.503974974155426,0.05608948692679405,0.8618772625923157,-0.03276166319847107,0.18833620846271515,0.04586397111415863,0.9804859161376953,-0.020127082243561745,-0.06519434601068497,0.05264722928404808,0.9962795376777649,0.04489750415086746,-0.061621636152267456,0.056787386536598206,0.9954708218574524,0.04489750415086746,-0.061621636152267456,0.056787386536598206,0.9954708218574524,0.009700705297291279,-0.512751579284668,-0.12384948134422302,0.8495016694068909,0.06455153971910477,-0.5196805000305176,-0.09047115594148636,0.847101092338562,-0.029740050435066223,-0.5228291153907776,0.06298872083425522,0.8495867848396301,-0.06667902320623398,0.2800629436969757,0.020148390904068947,0.9574511647224426,-0.05972788855433464,0.03743555396795273,0.035841718316078186,0.996868371963501,-0.029044771566987038,0.038520026952028275,0.034673579037189484,0.9982336163520813,-0.029044771566987038,0.038520026952028275,0.034673579037189484,0.9982336163520813,-0.0016957258339971304,0.1752585768699646,0.06372818350791931,0.9824562668800354,0.009300081990659237,-0.03289756551384926,0.04982950910925865,0.9981724619865417,0.44265204668045044,-0.007941308431327343,0.059179093688726425,0.8947032690048218,0.42181235551834106,0.1480218768119812,-0.21405260264873505,0.8685305714607239,0.16350038349628448,-0.45063409209251404,-0.47662436962127686,0.7369028329849243,0.2612125277519226,-0.4285571277141571,-0.5678491592407227,0.6524217128753662,0.2612125277519226,-0.4285571277141571,-0.5678491592407227,0.6524217128753662,0.0115038538351655,-0.0006004484603181481,0.07391787320375443,0.9971978068351746,-0.36364036798477173,-0.02830198034644127,0.06828770786523819,0.9286019206047058,-0.3575924038887024,0.09426989406347275,0.3258479833602905,0.8700942397117615,-0.031078170984983444,-0.5173380970954895,0.5201137661933899,0.6788793206214905,-0.036720287054777145,-0.5176461935043335,0.524634063243866,0.674872636795044,-0.036720287054777145,-0.5176461935043335,0.524634063243866,0.674872636795044,-0.0016957258339971304,0.1752585768699646,0.06372818350791931,0.9824562668800354
-0.16486498713493347,0.0,0.59266197681427,-0.010337188839912415,0.19571025669574738,0.06276626884937286,0.9785964488983154,-1.5814732313156128,-0.2984512150287628,-0.23463156819343567,1.5713932514190674,-0.4996502697467804,0.11970952153205872,-1.6321910619735718,0.17957699298858643,0.3994781970977783,1.8007103204727173,-0.47528260946273804,0.06055565923452377,0.0,-0.44573351740837097,1.0951203107833862,-0.5330615043640137,-1.5611624717712402,-0.33357641100883484,-0.5162183046340942,-0.794946551322937,0.5934737920761108,-1.5250591039657593,-0.006197520066052675,0.0,-0.5548480153083801,0.0,-1.0563468933105469,-0.598150908946991,1.2131235599517822,0.04684898257255554,-5.430178165435791,-0.8157875537872314,-0.665350079536438,4.007964134216309,0.3175565302371979,-0.32495808601379395,-4.41967248916626,1.5090839862823486,1.1601893901824951,3.8474748134613037,0.5635955929756165,-0.028691476210951805,0.0,-0.7789313197135925,5.846421241760254,3.0713257789611816,-2.9569849967956543,-0.41696813702583313,-4.836863040924072,-0.7616185545921326,0.26744306087493896,0.050368305295705795,-0.6822072863578796,0.0,0.0,0.0,-0.010337188839912415,0.19571025669574738,0.06276626884937286,0.9785964488983154,-0.010337188839912415,0.19571025669574738,0.06276626884937286,0.9785964488983154,0.0718361884355545,-0.532403290271759,0.2312919646501541,0.811104416847229,-0.049550995230674744,-0.5608731508255005,0.1495678424835205,0.8127702474594116,0.016438042744994164,-0.5628176927566528,0.05340756103396416,0.824690043926239,-0.026156136766076088,0.1854645311832428,0.04938049614429474,0.981060802936554,-0.013135573826730251,-0.06284520030021667,0.05431421101093292,0.9964576959609985,0.04649507999420166,-0.059483639895915985,0.057976286858320236,0.9954590201377869,0.04649507999420166,-0.059483639895915985,0.057976286858320236,0.9954590201377869,0.00018414616351947188,-0.5564672946929932,-0.13423490524291992,0.8199543356895447,0.0737069845199585,-0.5662622451782227,-0.0837969109416008,0.8166348338127136,-0.04011256620287895,-0.5696284770965576,0.0799005776643753,0.8170252442359924,-0.08752912282943726,0.28624993562698364,0.01821465790271759,0.9539747834205627,-0.08078126609325409,0.05362912639975548,0.03830805793404579,0.9945505261421204,-0.050636012107133865,0.05476425215601921,0.03666697442531586,0.9965401887893677,-0.050636012107133865,0.05476425215601921,0.03666697442531586,0.9965401887893677,-0.010337188839912415,0.19571025669574738,0.06276626884937286,0.9785964488983154,0.001047949306666851,-0.02514236979186535,0.04991283267736435,0.9984365105628967,0.5206864476203918,0.0045184176415205,0.05570470169186592,0.8519167900085449,0.5001920461654663,0.15532168745994568,-0.1615895926952362,0.8364041447639465,0.23343652486801147,-0.4546351730823517,-0.5027617812156677,0.6971691846847534,0.33379220962524414,-0.4213135838508606,-0.5899862051010132,0.6024897694587708,0.33379220962524414,-0.4213135838508606,-0.5899862051010132,0.6024897694587708,0.009131639264523983,-0.059903666377067566,0.07900496572256088,0.9950308203697205,-0.3767465651035309,-0.08581571280956268,0.04965779185295105,0.9209949970245361,-0.38623595237731934,0.04478815943002701,0.30933913588523865,0.867827832698822,-0.0657198578119278,-0.5497135519981384,0.5276706218719482,0.6442512273788452,-0.06352919340133667,-0.5496817827224731,0.5261006951332092,0.6457802057266235,-0.06352919340133667,-0.5496817827224731,0.5261006951332092,0.6457802057266235,-0.010337188839912415,0.19571025669574738,0.06276626884937286,0.9785964488983154
-0.16292887926101685,0.0,0.5549913048744202,-0.030692042782902718,0.2823575735092163,0.05465603619813919,0.9572590589523315,-1.8732881546020508,-0.350092351436615,-0.2635572850704193,1.6875824928283691,-0.45832493901252747,0.1029818132519722,-1.9342632293701172,0.24659287929534912,0.37373825907707214,1.8889446258544922,-0.45580777525901794,0.033332329243421555,0.0,-0.5268287062644958,1.3643555641174316,-0.24711880087852478,-1.6764252185821533,-0.27519553899765015,-1.1288570165634155,-0.569831371307373,0.780271053314209,-1.256629467010498,-0.00573369488120079,0.0,0.05808323249220848,0.0,-1.1301201581954956,-1.6322300434112549,5.263845443725586,-0.21086156368255615,-8.754446983337402,-1.5492340326309204,-0.8677714467048645,3.4856770038604736,1.2397598028182983,-0.5018312335014343,-9.062164306640625,2.010476589202881,-0.7721980810165405,2.647028923034668,0.584244966506958,-0.8166998624801636,0.0,-2.4328556060791016,8.077056884765625,8.578280448913574,-3.4578821659088135,1.751426100730896,-18.379159927368164,6.75345516204834,5.603917598724365,8.052888870239258,0.01391475461423397,0.0,0.0,0.0,-0.030692042782902718,0.2823575735092163,0.05465603619813919,0.9572590589523315,-0.030692042782902718,0.2823575735092163,0.05465603619813919,0.9572590589523315,0.08321531116962433,-0.5711725950241089,0.2558521628379822,0.7754848599433899,-0.053109824657440186,-0.607001781463623,0.15247058868408203,0.7781265377998352,0.027109213173389435,-0.6087174415588379,0.048904698342084885,0.7914142608642578,-0.01852230913937092,0.18674473464488983,0.05275891348719597,0.9808158874511719,-0.006053261924535036,-0.040941398590803146,0.055587202310562134,0.9975957274436951,0.04529917240142822,-0.03802616521716118,0.05762070417404175,0.9965850710868835,0.04529917240142822,-0.03802616521716118,0.05762070417404175,0.9965850710868835,-0.034123264253139496,-0.6074766516685486,-0.14853565394878387,0.7795799374580383,0.06201186403632164,-0.6211326122283936,-0.07269798219203949,0.7778584957122803,-0.05446387454867363,-0.6218398809432983,0.0730808675289154,0.7778226137161255,-0.09113433957099915,0.26567813754081726,-0.001288113766349852,0.9597437381744385,-0.08906883001327515,0.04196750745177269,0.019335731863975525,0.9949530363082886,-0.07247517257928848,0.04228391870856285,0.018633641302585602,0.9962992668151855,-0.07247517257928848,0.04228391870856285,0.018633641302585602,0.9962992668151855,-0.030692042782902718,0.2823575735092163,0.05465603619813919,0.9572590589523315,-0.02004655823111534,0.02335832640528679,0.04509595409035683,0.9985083341598511,0.6139842867851257,0.04656308889389038,0.020276475697755814,0.7876827120780945,0.6034191250801086,0.12782613933086395,-0.07201229780912399,0.7838112711906433,0.3425748944282532,-0.46776190400123596,-0.5322232842445374,0.6169113516807556,0.42456889152526855,-0.42798125743865967,-0.5929792523384094,0.5338060855865479,0.42456889152526855,-0.42798125743865967,-0.5929792523384094,0.5338060855865479,0.012732160277664661,-0.27146580815315247,0.0947176143527031,0.9576913714408875,-0.256965696811676,-0.28714466094970703,0.014596444554626942,0.9226611256599426,-0.3469948172569275,-0.14599980413913727,0.357571542263031,0.8546468615531921,-0.07772376388311386,-0.6072357892990112,0.5241450071334839,0.5920267701148987,-0.07556906342506409,-0.6072328090667725,0.5228762626647949,0.5934290885925293,-0.07556906342506409,-0.6072328090667725,0.5228762626647949,0.5934290885925293,-0.030692042782902718,0.2823575735092163,0.05465603619813919,0.9572590589523315
-0.19665786623954773,0.0,0.5170956254005432,-0.0759488120675087,0.2507181167602539,0.0725645199418068,0.9623443484306335,-2.014296770095825,-0.4199180006980896,-0.352478563785553,1.8287932872772217,-0.4467146098613739,0.06753238290548325,-1.9909502267837524,0.17034073173999786,0.29602280259132385,1.989912509918213,-0.4906763434410095,0.005725621711462736,0.0,-0.23246553540229797,1.733939290046692,0.015943137928843498,-1.5433961153030396,-0.1859707236289978,-1.4197301864624023,-0.2776118218898773,0.9140055775642395,-1.0557637214660645,-0.12069626152515411,0.0,-1.0118695497512817,0.0,-1.1368703842163086,-2.184065580368042,-2.0199594497680664,1.8379275798797607,-4.230258464813232,-2.0947694778442383,-2.6676383018493652,4.236323833465576,0.34830984473228455,-1.0634828805923462,-1.700609803199768,-2.287564277648926,-2.331463575363159,3.029036283493042,-1.0460569858551025,-0.828201174736023,0.0,8.830894470214844,11.08751106262207,7.891857624053955,3.990872859954834,2.676744222640991,-8.726194381713867,8.766586303710938,4.012035369873047,6.02597188949585,-3.4488766193389893,0.0,0.0,0.0,-0.0759488120675087,0.2507181167602539,0.0725645199418068,0.9623443484306335,-0.0759488120675087,0.2507181167602539,0.0725645199418068,0.9623443484306335,0.07352489978075027,-0.6351940035820007,0.31132644414901733,0.7029925584793091,-0.07460731267929077,-0.6861313581466675,0.17210252583026886,0.7028785347938538,0.04684663563966751,-0.6885839700698853,0.04620213061571121,0.7221654057502747,-0.008012041449546814,0.15187424421310425,0.0653073638677597,0.9862073659896851,0.006652876269072294,-0.07034806162118912,0.06545978784561157,0.9953501224517822,0.04025188088417053,-0.0680980533361435,0.06779740750789642,0.9945581555366516,0.04025188088417053,-0.0680980533361435,0.06779740750789642,0.9945581555366516,-0.03696005791425705,-0.6599872708320618,-0.10794281959533691,0.7425625324249268,0.02634180337190628,-0.6667773723602295,-0.05140812695026398,0.7430149912834167,-0.07227691262960434,-0.6633716821670532,0.05872754007577896,0.7424722909927368,-0.08861449360847473,0.26150548458099365,-0.0286417193710804,0.9606987237930298,-0.09291758388280869,0.020336048677563667,-0.00626097247004509,0.9954464435577393,-0.09006743133068085,0.020318040624260902,-0.006319165229797363,0.9957083463668823,-0.09006743133068085,0.020318040624260902,-0.006319165229797363,0.9957083463668823,-0.0759488120675087,0.2507181167602539,0.0725645199418068,0.9623443484306335,-0.06886327266693115,0.1370893269777298,0.07385767251253128,0.9853981137275696,0.7066751718521118,0.1450229287147522,-0.05671674385666847,0.6901896595954895,0.7077780365943909,0.1390506625175476,-0.05157775059342384,0.6906915903091431,0.46398523449897766,-0.34994617104530334,-0.5595477223396301,0.5908991098403931,0.5086532235145569,-0.3142048716545105,-0.6009611487388611,0.5304648280143738,0.5086532235145569,-0.3142048716545105,-0.6009611487388611,0.5304648280143738,-0.00014403411478269845,-0.43268731236457825,0.14381885528564453,0.8899987936019897,-0.12328342348337173,-0.4484245479106903,0.0825687125325203,0.881418764591217,-0.3104012608528137,-0.3236925005912781,0.45884737372398376,0.7670288681983948,-0.048771750181913376,-0.6560347676277161,0.5762438774108887,0.48495644330978394,-0.0016838620649650693,-0.6520534753799438,0.5553670525550842,0.5161306262016296,-0.0016838620649650693,-0.6520534753799438,0.5553670525550842,0.5161306262016296,-0.0759488120675087,0.2507181167602539,0.0725645199418068,0.9623443484306335
-0.20552325248718262,0.0,0.4841389060020447,-0.08780862390995026,0.2622080147266388,0.062050189822912216,0.9590027928352356,-2.142256021499634,-0.422721803188324,-0.34741613268852234,1.9000858068466187,-0.43900033831596375,0.06167660281062126,-2.1219065189361572,0.17040008306503296,0.26472586393356323,2.0317130088806152,-0.5021864175796509,-0.014492797665297985,0.0,-0.030687391757965088,1.9951480627059937,0.23994097113609314,-1.2305662631988525,-0.06928280740976334,-1.7926952838897705,0.07727038860321045,0.9608322381973267,-0.7271736860275269,-0.23501697182655334,0.0,-0.26596158742904663,0.0,-0.9887015223503113,-0.9082738161087036,0.6141928434371948,-0.4665367901325226,-3.8387773036956787,-0.08411406725645065,0.151872918009758,2.138775587081909,0.2314281314611435,-0.17567339539527893,-3.9286885261535645,0.0017805396346375346,-0.9389081001281738,1.2540148496627808,-0.34530219435691833,-0.6065525412559509,0.0,6.053343772888184,7.8362627029418945,6.719934463500977,9.384895324707031,3.5006372928619385,-11.188952445983887,10.646465301513672,1.4047996997833252,9.85770034790039,-3.4296212196350098,0.0,0.0,0.0,-0.08780862390995026,0.2622080147266388,0.062050189822912216,0.9590027928352356,-0.08780862390995026,0.2622080147266388,0.062050189822912216,0.9590027928352356,0.0701034888625145,-0.6674935221672058,0.32204002141952515,0.6677036285400391,-0.07153458893299103,-0.7202003598213196,0.17483949661254883,0.6675518155097961,0.054018355906009674,-0.7217255234718323,0.05683143436908722,0.6877241134643555,-0.01480930857360363,0.13963226974010468,0.07699661701917648,0.9870942234992981,0.0023114029318094254,-0.07864970713853836,0.07837379723787308,0.9938141107559204,0.03295298293232918,-0.07619577646255493,0.08076157420873642,0.9932702779769897,0.03295298293232918,-0.07619577646255493,0.08076157420873642,0.9932702779769897,-0.049774330109357834,-0.7003846764564514,-0.11232854425907135,0.7031117677688599,0.010238921269774437,-0.7074029445648193,-0.052320461720228195,0.7047969698905945,-0.08321139961481094,-0.7025664448738098,0.04115402698516846,0.7055370807647705,-0.078821562230587,0.22948187589645386,-0.049040310084819794,0.9688757658004761,-0.08853453397750854,-0.01844416931271553,-0.027918227016925812,0.9955109357833862,-0.09574601799249649,-0.018241379410028458,-0.028051147237420082,0.9948432445526123,-0.09574601799249649,-0.018241379410028458,-0.028051147237420082,0.9948432445526123,-0.08780862390995026,0.2622080147266388,0.062050189822912216,0.9590027928352356,-0.08710073679685593,0.24740752577781677,0.06246357411146164,0.9629648327827454,0.7618039846420288,0.18665876984596252,-0.17398472130298615,0.5954347252845764,0.7773162722587585,0.0898466408252716,-0.10733749717473984,0.6133397221565247,0.5687114000320435,-0.2515976130962372,-0.5575163960456848,0.5499467849731445,0.582150399684906,-0.23521608114242554,-0.5726557374000549,0.5271050333976746,0.582150399684906,-0.23521608114242554,-0.5726557374000549,0.5271050333976746,0.006394600961357355,-0.5795058012008667,0.15422819554805756,0.8002160787582397,0.037298642098903656,-0.5731161832809448,0.17649686336517334,0.7993719577789307,-0.23638713359832764,-0.5022477507591248,0.5262995958328247,0.6441094875335693,-0.04597579687833786,-0.6932569146156311,0.5896902084350586,0.4117603003978729,0.04820965602993965,-0.6818691492080688,0.556361973285675,0.47243162989616394,0.04820965602993965,-0.6818691492080688,0.556361973285675,0.47243162989616394,-0.08780862390995026,0.2622080147266388,0.062050189822912216,0.9590027928352356
-0.2490798383951187,0.0,0.4517936110496521,-0.06506810337305069,0.2244953215122223,0.05798099935054779,0.9705700278282166,-2.252006769180298,-0.4157315194606781,-0.29631751775741577,1.9643739461898804,-0.402585506439209,0.047717079520225525,-2.303439140319824,0.16837459802627563,0.2822653651237488,2.112175226211548,-0.4593163728713989,-0.0021885731257498264,0.0,0.0635879635810852,2.175830125808716,0.3037892282009125,-0.9179301261901855,-0.02696388028562069,-2.1775288581848145,0.404789000749588,0.8779278993606567,-0.40196648240089417,-0.2947447597980499,0.0,-1.3066974878311157,0.0,-0.9703587889671326,1.446325659751892,-2.289548873901367,-0.43643370270729065,-3.2925221920013428,0.20970849692821503,1.5329583883285522,1.928644061088562,1.092444896697998,-0.4187856912612915,-5.445978164672852,-0.06076454743742943,0.5261850357055664,2.4138662815093994,1.286101222038269,0.36912670731544495,0.0,2.8282604217529297,5.420461654663086,1.9154475927352905,9.379083633422852,1.2695677280426025,-11.54500675201416,9.825557708740234,-2.4871299266815186,9.756216049194336,-1.791833519935608,0.0,0.0,0.0,-0.06506810337305069,0.2244953215122223,0.05798099935054779,0.9705700278282166,-0.06506810337305069,0.2244953215122223,0.05798099935054779,0.9705700278282166,0.07500924170017242,-0.7344837784767151,0.30844300985336304,0.599808394908905,-0.0503891296684742,-0.7823269963264465,0.1502263993024826,0.6023764610290527,0.0656479150056839,-0.7811945676803589,0.059659410268068314,0.6179531812667847,-0.013171492144465446,0.08023695647716522,0.08772346377372742,0.9928207993507385,0.004633545409888029,-0.11988388001918793,0.08858568966388702,0.9888169765472412,0.028221717104315758,-0.11773643642663956,0.09142046421766281,0.9884250164031982,0.028221717104315758,-0.11773643642663956,0.09142046421766281,0.9884250164031982,-0.028394058346748352,-0.7804047465324402,-0.1484585404396057,0.6067307591438293,0.022725213319063187,-0.7901244163513184,-0.08231016993522644,0.6069695353507996,-0.08864329010248184,-0.7854650616645813,0.003887362079694867,0.6125127673149109,-0.047021135687828064,0.14648348093032837,-0.07524465024471283,0.9852257966995239,-0.0629156082868576,-0.0816439837217331,-0.06256493180990219,0.9927041530609131,-0.06400187313556671,-0.08157546818256378,-0.06265423446893692,0.9926347136497498,-0.06400187313556671,-0.08157546818256378,-0.06265423446893692,0.9926347136497498,-0.06506810337305069,0.2244953215122223,0.05798099935054779,0.9705700278282166,-0.06642661988735199,0.2553039491176605,0.05782464146614075,0.9628414511680603,0.8219068050384521,0.16975905001163483,-0.199262797832489,0.5059104561805725,0.8361857533454895,0.03887871652841568,-0.12838008999824524,0.5317898392677307,0.6911640167236328,-0.17685243487358093,-0.49955809116363525,0.49138298630714417,0.6952650547027588,-0.1687905639410019,-0.5048805475234985,0.48292016983032227,0.6952650547027588,-0.1687905639410019,-0.5048805475234985,0.48292016983032227,0.033598702400922775,-0.7505894899368286,0.13841770589351654,0.6452341675758362,0.16261497139930725,-0.7074443697929382,0.28647246956825256,0.6253098249435425,-0.16051889955997467,-0.692661464214325,0.5288857221603394,0.4633936583995819,-0.06084805354475975,-0.7693199515342712,0.5556530952453613,0.3093443810939789,0.06472744047641754,-0.754976749420166,0.5301725268363953,0.3804439306259155,0.06472744047641754,-0.754976749420166,0.5301725268363953,0.3804439306259155,-0.06506810337305069,0.2244953215122223,0.05798099935054779,0.9705700278282166
-0.26412004232406616,0.0,0.4229355454444885,-0.03638659790158272,0.21431086957454681,0.053809262812137604,0.9746032357215881,-2.3293755054473877,-0.40257295966148376,-0.23460768163204193,2.0108940601348877,-0.3666694760322571,0.029985029250383377,-2.4709317684173584,0.14906218647956848,0.30657759308815,2.1680285930633545,-0.41542139649391174,0.0016280334675684571,0.0,0.08640134334564209,2.2448806762695312,0.2938953936100006,-0.7224670648574829,-0.01800406165421009,-2.3797624111175537,0.5785170197486877,0.7978629469871521,-0.200029194355011,-0.25459766387939453,0.0,-0.4512060880661011,0.0,-0.8657419085502625,1.6654951572418213,-0.5640076994895935,-0.6036361455917358,-2.321061849594116,0.3947567641735077,1.851294994354248,1.3956032991409302,1.0774809122085571,-0.5319615006446838,-5.024778366088867,-0.5793722867965698,0.7293667793273926,1.6756008863449097,1.3168492317199707,0.11449819058179855,0.0,0.6844013333320618,2.071516513824463,-0.29681500792503357,5.8638916015625,0.26879453659057617,-6.0670061111450195,5.2118401527404785,-2.4019484519958496,6.0581183433532715,1.204412817955017,0.0,0.0,0.0,-0.03638659790158272,0.21431086957454681,0.053809262812137604,0.9746032357215881,-0.03638659790158272,0.21431086957454681,0.053809262812137604,0.9746032357215881,0.0843304917216301,-0.7715137600898743,0.2852741479873657,0.5623819828033447,-0.02980915829539299,-0.8129719495773315,0.12526576220989227,0.5678877830505371,0.06554187089204788,-0.8108737468719482,0.057942163199186325,0.578645646572113,-0.013814965263009071,0.054215457290410995,0.08638390153646469,0.9946897029876709,0.002165156649425626,-0.12803444266319275,0.08745481073856354,0.987903892993927,0.0169755220413208,-0.12670893967151642,0.08936446160078049,0.9877604246139526,0.0169755220413208,-0.12670893967151642,0.08936446160078049,0.9877604246139526,-0.015271607786417007,-0.8273276090621948,-0.18729935586452484,0.529353141784668,0.024187540635466576,-0.8389775156974792,-0.12517482042312622,0.5290207266807556,-0.1041988730430603,-0.8328330516815186,-0.04293130710721016,0.5419304370880127,-0.01079805288463831,0.08939517289400101,-0.11217799782752991,0.9895999431610107,-0.033699341118335724,-0.11660196632146835,-0.10754001885652542,0.986764132976532,-0.03289608657360077,-0.11668946593999863,-0.10744506865739822,0.9867912530899048,-0.03289608657360077,-0.11668946593999863,-0.10744506865739822,0.9867912530899048,-0.03638659790158272,0.21431086957454681,0.053809262812137604,0.9746032357215881,-0.0380907766520977,0.25621694326400757,0.05483361333608627,0.9643107652664185,0.8524874448776245,0.16048000752925873,-0.20712319016456604,0.4523397982120514,0.8648462295532227,0.030016638338565826,-0.1466294378042221,0.47920742630958557,0.7561822533607483,-0.12161348760128021,-0.4528307020664215,0.45644596219062805,0.7583536505699158,-0.11559484899044037,-0.45616063475608826,0.4510599672794342,0.7583536505699158,-0.11559484899044037,-0.45616063475608826,0.4510599672794342,0.0488186813890934,-0.8211676478385925,0.11052645742893219,0.557749330997467,0.20588386058807373,-0.7555260062217712,0.340165913105011,0.5206528902053833,-0.11147235333919525,-0.7633152604103088,0.5203166007995605,0.3663255274295807,-0.06395069509744644,-0.7954479455947876,0.530913770198822,0.28513768315315247,0.046945877373218536,-0.7846887707710266,0.5135274529457092,0.3440191447734833,0.046945877373218536,-0.7846887707710266,0.5135274529457092,0.3440191447734833,-0.03638659790158272,0.21431086957454681,0.053809262812137604,0.9746032357215881
-0.33423760533332825,0.0,0.3581165373325348,-0.019188454374670982,0.1237582191824913,0.04914427921175957,0.9909089207649231,-2.4162795543670654,-0.3968890607357025,-0.23400673270225525,2.0334932804107666,-0.3666633367538452,0.02755269967019558,-2.5723185539245605,0.13913147151470184,0.3137933909893036,2.2039387226104736,-0.38726213574409485,0.0006588296964764595,0.0,0.08594845980405807,2.243964910507202,0.284067302942276,-0.6507276296615601,-0.011242878623306751,-2.475632429122925,0.6100463271141052,0.7634305357933044,-0.1915966123342514,-0.23279590904712677,0.0,-2.1035268306732178,0.0,-1.9445701837539673,1.2755171060562134,-5.467508792877197,-0.3493967056274414,-2.607121229171753,0.1705169528722763,0.018028466030955315,0.6779765486717224,0.0001841783378040418,-0.07296988368034363,-3.0416033267974854,-0.29792141914367676,0.21647392213344574,1.0773038864135742,0.8447777628898621,-0.029076112434267998,0.0,-0.013586505316197872,-0.027472971007227898,-0.2948426902294159,2.1521830558776855,0.20283548533916473,-2.8761003017425537,0.9458791613578796,-1.0329723358154297,0.2529774606227875,0.6540526151657104,0.0,0.0,0.0,-0.019188454374670982,0.1237582191824913,0.04914427921175957,0.9909089207649231,-0.019188454374670982,0.1237582191824913,0.04914427921175957,0.9909089207649231,0.06752251088619232,-0.8463419675827026,0.27454835176467896,0.4514079689979553,-0.022795310243964195,-0.883857786655426,0.10230840742588043,0.45586052536964417,0.08053908497095108,-0.8804758191108704,0.04839331656694412,0.46468690037727356,0.0012207475956529379,-0.06807935982942581,0.09395194053649902,0.993245542049408,0.018328331410884857,-0.24801351130008698,0.09215492010116577,0.9641892313957214,0.0316091813147068,-0.24672044813632965,0.09556278586387634,0.9638452529907227,0.0316091813147068,-0.24672044813632965,0.09556278586387634,0.9638452529907227,0.009429263882339,-0.8886466026306152,-0.2145577371120453,0.40519532561302185,0.037571437656879425,-0.9014110565185547,-0.15226927399635315,0.4035598337650299,-0.1037389412522316,-0.8962096571922302,-0.08734119683504105,0.4223955571651459,0.03104357235133648,-0.02812488190829754,-0.13200965523719788,0.9903629422187805,0.005061688832938671,-0.2181682586669922,-0.13551616668701172,0.9664431214332581,0.0053800493478775024,-0.21821288764476776,-0.1354442983865738,0.9664414525032043,0.0053800493478775024,-0.21821288764476776,-0.1354442983865738,0.9664414525032043,-0.019188454374670982,0.1237582191824913,0.04914427921175957,0.9909089207649231,-0.02094401605427265,0.16618216037750244,0.05094921216368675,0.9845552444458008,0.877959668636322,0.1180092990398407,-0.12761716544628143,0.4460655152797699,0.8846562504768372,-0.011180255562067032,-0.07111839950084686,0.4606522023677826,0.8153773546218872,-0.13972994685173035,-0.3588687777519226,0.43225979804992676,0.8167768716812134,-0.13554298877716064,-0.3607790172100067,0.4293507933616638,0.8167768716812134,-0.13554298877716064,-0.3607790172100067,0.4293507933616638,0.04742534086108208,-0.8930423855781555,0.09296439588069916,0.4377027750015259,0.17668500542640686,-0.8239009380340576,0.3568674325942993,0.4032558500766754,-0.1506868302822113,-0.820857584476471,0.48523691296577454,0.26082831621170044,-0.10867190361022949,-0.841214656829834,0.49874964356422424,0.17831745743751526,-0.004679919686168432,-0.8366647362709045,0.49695494771003723,0.23023025691509247,-0.004679919686168432,-0.8366647362709045,0.49695494771003723,0.23023025691509247,-0.019188454374670982,0.1237582191824913,0.04914427921175957,0.9909089207649231
-0.40366482734680176,0.0,0.26867908239364624,-0.0077522192150354385,0.0013381245080381632,0.04802308604121208,0.9988152384757996,-2.471674680709839,-0.3937528729438782,-0.23564551770687103,2.0171093940734863,-0.35017770528793335,0.018680516630411148,-2.6546213626861572,0.109519824385643,0.30886349081993103,2.2127161026000977,-0.35796278715133667,-0.015533977188169956,0.0,0.08048714697360992,2.216242551803589,0.268013596534729,-0.6159788966178894,-0.020053235813975334,-2.5015182495117188,0.61080002784729,0.7723636627197266,-0.21085768938064575,-0.23050539195537567,0.0,-2.0828166007995605,0.0,-2.6831235885620117,1.0443317890167236,-7.323246479034424,-0.03403573855757713,-1.6618536710739136,0.09408562630414963,-0.04916354641318321,-0.4915165603160858,0.49456891417503357,-0.26616546511650085,-2.4690840244293213,-0.8883493542671204,-0.14789699018001556,0.2633213996887207,0.8789803981781006,-0.4857841730117798,0.0,-0.16383937001228333,-0.8316707015037537,-0.4816111624240875,1.0424619913101196,-0.26431068778038025,-0.7765745520591736,0.022611020132899284,0.2679938077926636,-0.5778322815895081,0.06871551275253296,0.0,0.0,0.0,-0.0077522192150354385,0.0013381245080381632,0.04802308604121208,0.9988152384757996,-0.0077522192150354385,0.0013381245080381632,0.04802308604121208,0.9988152384757996,0.04158743470907211,-0.9088277816772461,0.26700374484062195,0.3178231418132782,-0.02138439007103443,-0.9434992074966431,0.08407273143529892,0.3198183476924896,0.0896725207567215,-0.9394715428352356,0.04589508846402168,0.32748380303382874,0.008972889743745327,-0.223745658993721,0.10033448040485382,0.9694278240203857,0.026313532143831253,-0.38919493556022644,0.09723743051290512,0.9156308174133301,0.03486448898911476,-0.3882697522640228,0.10086832195520401,0.9153451323509216,0.03486448898911476,-0.3882697522640228,0.10086832195520401,0.9153451323509216,0.04281342029571533,-0.93794846534729,-0.23204219341278076,0.2541183531284332,0.05665779113769531,-0.9492427706718445,-0.18035805225372314,0.2513941526412964,-0.09002771228551865,-0.9466609358787537,-0.13954253494739532,0.27614477276802063,0.08443597704172134,-0.17713531851768494,-0.14299535751342773,0.970075249671936,0.05763007700443268,-0.34700557589530945,-0.15574298799037933,0.9230439066886902,0.05045914277434349,-0.3457854688167572,-0.1584334522485733,0.9234636425971985,0.05045914277434349,-0.3457854688167572,-0.1584334522485733,0.9234636425971985,-0.0077522192150354385,0.0013381245080381632,0.04802308604121208,0.9988152384757996,-0.009670848958194256,0.04146237298846245,0.05019617825746536,0.9978315234184265,0.8886047005653381,0.06342510133981705,-0.014698353596031666,0.4540296792984009,0.8889718055725098,-0.05944184586405754,0.03851867839694023,0.4524511694908142,0.8595528602600098,-0.17663834989070892,-0.24090971052646637,0.4146448075771332,0.862278401851654,-0.16849066317081451,-0.2440357506275177,0.41052818298339844,0.862278401851654,-0.16849066317081451,-0.2440357506275177,0.41052818298339844,0.043135594576597214,-0.9453452229499817,0.08198411017656326,0.31263452768325806,0.13514086604118347,-0.8769505023956299,0.3624318242073059,0.2851981222629547,-0.21303868293762207,-0.8564224243164062,0.4461453855037689,0.1486925631761551,-0.17070065438747406,-0.8660038709640503,0.4667796790599823,0.054911624640226364,-0.06782016903162003,-0.8682534098625183,0.4801338016986847,0.10491859912872314,-0.06782016903162003,-0.8682534098625183,0.4801338016986847,0.10491859912872314,-0.0077522192150354385,0.0013381245080381632,0.04802308604121208,0.9988152384757996
-0.38566821813583374,0.0,0.21504943072795868,-0.007887400686740875,-0.060648638755083084,0.0450642965734005,0.9971101880073547,-2.503053903579712,-0.3901112377643585,-0.24569162726402283,1.9655961990356445,-0.30564984679222107,0.001228430075570941,-2.695276975631714,0.09512586146593094,0.30197030305862427,2.18615460395813,-0.30864468216896057,-0.013223586603999138,0.0,0.08556490391492844,2.16228985786438,0.24250976741313934,-0.6106131076812744,-0.027597537264227867,-2.4914581775665283,0.61080002784729,0.7911953926086426,-0.25717175006866455,-0.23085743188858032,0.0,0.5398982763290405,0.0,-1.6088894605636597,0.16958478093147278,-3.7188174724578857,-0.14365346729755402,-0.9413766264915466,0.109249047935009,-0.30138325691223145,-1.5453957319259644,1.3358356952667236,-0.5235626101493835,-1.2196682691574097,-0.4318188726902008,-0.2067956179380417,-0.7968448996543884,1.4795430898666382,0.0693117156624794,0.0,0.15233269333839417,-1.61858069896698,-0.7651148438453674,0.1609736531972885,-0.2263290286064148,0.3018021285533905,0.0,0.5649518966674805,-1.3894217014312744,-0.010561197064816952,0.0,0.0,0.0,-0.007887400686740875,-0.060648638755083084,0.0450642965734005,0.9971101880073547,-0.007887400686740875,-0.060648638755083084,0.0450642965734005,0.9971101880073547,0.023949632421135902,-0.931560218334198,0.26640748977661133,0.24627019464969635,-0.024236885830760002,-0.9655303359031677,0.08079955726861954,0.24624209105968475,0.09425902366638184,-0.9612239599227905,0.050016868859529495,0.25428733229637146,0.010668483562767506,-0.32160714268684387,0.10617265850305557,0.9408413171768188,0.026706883683800697,-0.4610837697982788,0.10331114381551743,0.8809173107147217,0.027247952297329903,-0.46102023124694824,0.1035943254828453,0.8809007406234741,0.027247952297329903,-0.46102023124694824,0.1035943254828453,0.8809007406234741,0.0560116283595562,-0.9546650648117065,-0.23426882922649384,0.17491553723812103,0.06426464766263962,-0.9647237062454224,-0.1886143535375595,0.17205464839935303,-0.08157263696193695,-0.9634146094322205,-0.16058944165706635,0.19846713542938232,0.1051073893904686,-0.2666865289211273,-0.14627201855182648,0.9468026161193848,0.08137473464012146,-0.40905073285102844,-0.1606898158788681,0.8945582509040833,0.07545837014913559,-0.4079793393611908,-0.1633908450603485,0.8950766921043396,0.07545837014913559,-0.4079793393611908,-0.1633908450603485,0.8950766921043396,-0.007887400686740875,-0.060648638755083084,0.0450642965734005,0.9971101880073547,-0.009966626763343811,-0.018010307103395462,0.04736415296792984,0.9986655712127686,0.8766317367553711,0.033328138291835785,0.03817026689648628,0.47848618030548096,0.8745085000991821,-0.07637766748666763,0.08899315446615219,0.47061824798583984,0.8618203401565552,-0.19759100675582886,-0.18641383945941925,0.4283379316329956,0.8658244609832764,-0.18616792559623718,-0.1908349245786667,0.42340466380119324,0.8658244609832764,-0.18616792559623718,-0.1908349245786667,0.42340466380119324,0.03649222105741501,-0.9619264602661133,0.08118230849504471,0.25840914249420166,0.11250069737434387,-0.8930054903030396,0.3666526973247528,0.2354794144630432,-0.24850940704345703,-0.8616052865982056,0.4316222071647644,0.09788618981838226,-0.1981910616159439,-0.8651692271232605,0.46034979820251465,-0.01675082929432392,-0.09688179194927216,-0.8701530694961548,0.48198235034942627,0.03377269580960274,-0.09688179194927216,-0.8701530694961548,0.48198235034942627,0.03377269580960274,-0.007887400686740875,-0.060648638755083084,0.0450642965734005,0.9971101880073547
-0.4000000059604645,0.0,0.1434783637523651,-0.003907260484993458,-0.1436004936695099,0.03524390980601311,0.9890002608299255,-2.5096418857574463,-0.38147199153900146,-0.2582480013370514,1.8848340511322021,-0.24639040231704712,-0.007135971914976835,-2.7115814685821533,0.07039815932512283,0.29820549488067627,2.1375114917755127,-0.2346373349428177,0.012854139320552349,0.0,0.09502457082271576,2.086376667022705,0.22519682347774506,-0.651107668876648,-0.032101694494485855,-2.456696033477783,0.6084309220314026,0.7850918173789978,-0.3264995217323303,-0.24793922901153564,0.0,-0.42995360493659973,0.0,-2.14713191986084,0.4948883056640625,-4.992000102996826,-0.5124555230140686,-0.19763945043087006,0.25917738676071167,-0.37669119238853455,-2.4228641986846924,1.7777832746505737,-0.2509320378303528,-0.4891347587108612,-0.7418310046195984,-0.11294423788785934,-1.459293246269226,2.2202203273773193,0.7823317050933838,0.0,0.2837899923324585,-2.277395725250244,-0.5193883180618286,-1.2148367166519165,-0.13512471318244934,1.0428643226623535,-0.07107317447662354,-0.18310724198818207,-2.0798330307006836,-0.5124539136886597,0.0,0.0,0.0,-0.003907260484993458,-0.1436004936695099,0.03524390980601311,0.9890002608299255,-0.003907260484993458,-0.1436004936695099,0.03524390980601311,0.9890002608299255,-0.004183049313724041,-0.9516692757606506,0.2578389048576355,0.1668148636817932,-0.0357322171330452,-0.9832922220230103,0.07274401187896729,0.16299664974212646,0.09117934852838516,-0.9797074794769287,0.05115007609128952,0.17100661993026733,0.012218905612826347,-0.4375646114349365,0.10383016616106033,0.8930885791778564,0.024885347113013268,-0.5439944863319397,0.10154173523187637,0.8325502872467041,0.021914666518568993,-0.5443533062934875,0.09960012882947922,0.8326337933540344,0.021914666518568993,-0.5443533062934875,0.09960012882947922,0.8326337933540344,0.06873632222414017,-0.9649308919906616,-0.23887169361114502,0.0844041109085083,0.07166408002376556,-0.9727395176887512,-0.20476606488227844,0.08193287253379822,-0.0736323744058609,-0.9725924730300903,-0.19032293558120728,0.11144199222326279,0.13140451908111572,-0.3703360855579376,-0.15613262355327606,0.9062045216560364,0.1122259721159935,-0.4738613963127136,-0.17044024169445038,0.8566275835037231,0.11772922426462173,-0.4749470353126526,-0.16739121079444885,0.8558886051177979,0.11772922426462173,-0.4749470353126526,-0.16739121079444885,0.8558886051177979,-0.003907260484993458,-0.1436004936695099,0.03524390980601311,0.9890002608299255,-0.006001683883368969,-0.09654749184846878,0.037968337535858154,0.9945858120918274,0.8563142418861389,-0.01580340787768364,0.1025342121720314,0.5059277415275574,0.8498430252075195,-0.1152995154261589,0.15257643163204193,0.4911143481731415,0.8557945489883423,-0.24907000362873077,-0.13667383790016174,0.4323194622993469,0.8612069487571716,-0.2356913685798645,-0.1417102813720703,0.4274229109287262,0.8612069487571716,-0.2356913685798645,-0.1417102813720703,0.4274229109287262,0.023326709866523743,-0.9777251482009888,0.07400210201740265,0.1950206309556961,0.08067300915718079,-0.9106633067131042,0.36347654461860657,0.17907832562923431,-0.28187331557273865,-0.8678949475288391,0.4061374068260193,0.048560887575149536,-0.22112677991390228,-0.8615357875823975,0.44656988978385925,-0.09713050723075867,-0.11475562304258347,-0.8689709305763245,0.4794236719608307,-0.043285198509693146,-0.11475562304258347,-0.8689709305763245,0.4794236719608307,-0.043285198509693146,-0.003907260484993458,-0.1436004936695099,0.03524390980601311,0.9890002608299255
-0.4099999964237213,0.0,0.1469999998807907,0.002568307798355818,-0.13606677949428558,0.027139240875840187,0.9903245568275452,-2.4880900382995605,-0.3874405324459076,-0.28733742237091064,1.7672228813171387,-0.1521073877811432,-0.04635435342788696,-2.7115771770477295,0.05247589573264122,0.28267592191696167,2.052009105682373,-0.1662270873785019,0.0283148605376482,0.0,0.11054708808660507,1.9772077798843384,0.17687273025512695,-0.6803000569343567,-0.03608541190624237,-2.401954412460327,0.6068103313446045,0.834969162940979,-0.41951945424079895,-0.2692683935165405,0.0,-0.2999996840953827,0.0,0.10564907640218735,0.4384819269180298,0.47026732563972473,-0.42971596121788025,0.6465553641319275,-0.17905621230602264,-0.8726825714111328,-3.528334856033325,2.8284902572631836,-1.176551342010498,0.00012874603271484375,-0.5376678705215454,-0.4658871591091156,-2.5650713443756104,2.052307367324829,0.4638216197490692,0.0,0.4656755030155182,-3.275066375732422,-1.4497227668762207,-0.8757715821266174,-0.11951151490211487,1.642248511314392,-0.04861771687865257,1.4963202476501465,-2.790597915649414,-0.6398748755455017,0.0,0.0,0.0,0.002568307798355818,-0.13606677949428558,0.027139240875840187,0.9903245568275452,0.002568307798355818,-0.13606677949428558,0.027139240875840187,0.9903245568275452,-0.007701519411057234,-0.9502701163291931,0.24911445379257202,0.18673346936702728,-0.04350568726658821,-0.9804524183273315,0.0615173801779747,0.18175795674324036,0.09731879085302353,-0.9765800833702087,0.03486039862036705,0.1886931210756302,0.03478718549013138,-0.47364041209220886,0.09734498709440231,0.8746305108070374,0.04208293929696083,-0.5387260317802429,0.09442044794559479,0.8361148238182068,0.02269458957016468,-0.5407695770263672,0.08191005885601044,0.8368655443191528,0.02269458957016468,-0.5407695770263672,0.08191005885601044,0.8368655443191528,0.06056464836001396,-0.9629356861114502,-0.24704644083976746,0.08974889665842056,0.06289836019277573,-0.9690855145454407,-0.2216988503932953,0.08812909573316574,-0.07424183934926987,-0.9682825207710266,-0.20707359910011292,0.11848055571317673,0.13862153887748718,-0.40047401189804077,-0.17080806195735931,0.8895106911659241,0.12396290898323059,-0.4729368984699249,-0.18172650039196014,0.8531936407089233,0.13602910935878754,-0.4754621982574463,-0.17501294612884521,0.8513531684875488,0.13602910935878754,-0.4754621982574463,-0.17501294612884521,0.8513531684875488,0.002568307798355818,-0.13606677949428558,0.027139240875840187,0.9903245568275452,0.0005960234557278454,-0.08126496523618698,0.030674738809466362,0.9962202310562134,0.8324297666549683,-0.019062714651226997,0.08474401384592056,0.5472803115844727,0.8279663920402527,-0.0953998863697052,0.1280365139245987,0.5375659465789795,0.8246701955795288,-0.25169458985328674,-0.1663365513086319,0.4784359931945801,0.8310019373893738,-0.23726174235343933,-0.17282623052597046,0.47251853346824646,0.8310019373893738,-0.23726174235343933,-0.17282623052597046,0.47251853346824646,0.018216684460639954,-0.9708805680274963,0.06539865583181381,0.22974340617656708,0.0860254317522049,-0.9069960117340088,0.3524830639362335,0.21380718052387238,-0.297364205121994,-0.8584635853767395,0.4109187424182892,0.07589852809906006,-0.21671892702579498,-0.8517648577690125,0.46421340107917786,-0.10970643162727356,-0.10262551158666611,-0.8581151962280273,0.5007233619689941,-0.04880988597869873,-0.10262551158666611,-0.8581151962280273,0.5007233619689941,-0.04880988597869873,0.002568307798355818,-0.13606677949428558,0.027139240875840187,0.9903245568275452
-0.4099999964237213,0.0,0.1523876190185547,0.016660090535879135,-0.11168389022350311,0.020372269675135612,0.9933952689170837,-2.4546592235565186,-0.3876028060913086,-0.3450191617012024,1.6194154024124146,-0.04547850042581558,-0.07845904678106308,-2.6799943447113037,0.03764751926064491,0.2560734152793884,1.9667309522628784,-0.10419788956642151,0.06212426722049713,0.0,0.109639011323452,1.8404439687728882,0.1601949781179428,-0.7228536605834961,-0.03684268891811371,-2.313347816467285,0.5963462591171265,0.8824405670166016,-0.5252718329429626,-0.2863669991493225,0.0,0.0,0.0,0.16162855923175812,0.8525152206420898,1.4980887174606323,-0.28832805156707764,1.0029244422912598,-0.004868208896368742,-1.730452060699463,-4.4342241287231445,3.198866367340088,-0.9631407260894775,0.9474849104881287,-0.444851279258728,-0.7980751395225525,-2.5583443641662598,1.8608758449554443,1.0142822265625,0.0,-0.027242301031947136,-4.102914333343506,-0.5003325343132019,-1.2766079902648926,-0.022718308493494987,2.6581976413726807,-0.31392213702201843,1.4241420030593872,-3.1725711822509766,-0.5129581689834595,0.0,0.0,0.0,0.016660090535879135,-0.11168389022350311,0.020372269675135612,0.9933952689170837,0.016660090535879135,-0.11168389022350311,0.020372269675135612,0.9933952689170837,-0.003078495617955923,-0.9451718330383301,0.23380042612552643,0.2279869168996811,-0.04692897945642471,-0.9725052714347839,0.04739236831665039,0.22312593460083008,0.12070318311452866,-0.966126024723053,0.008388197049498558,0.22794924676418304,0.07717642933130264,-0.5012921094894409,0.09318485856056213,0.8567768335342407,0.07927525043487549,-0.5206432938575745,0.09140598773956299,0.8451573252677917,0.04606764391064644,-0.5238276720046997,0.0709163099527359,0.8476161956787109,0.04606764391064644,-0.5238276720046997,0.0709163099527359,0.8476161956787109,0.05110684037208557,-0.9554533958435059,-0.26129740476608276,0.1273597627878189,0.05349503085017204,-0.9602024555206299,-0.24326695501804352,0.1263752281665802,-0.06954838335514069,-0.959173321723938,-0.22513920068740845,0.1564028561115265,0.1488530933856964,-0.40141263604164124,-0.18266743421554565,0.88506680727005,0.13913865387439728,-0.44695815443992615,-0.19017116725444794,0.8629621863365173,0.16587267816066742,-0.45264872908592224,-0.17619818449020386,0.8582246899604797,0.16587267816066742,-0.45264872908592224,-0.17619818449020386,0.8582246899604797,0.016660090535879135,-0.11168389022350311,0.020372269675135612,0.9933952689170837,0.015136785805225372,-0.057250674813985825,0.024670418351888657,0.997940182685852,0.8032644987106323,-0.015042359009385109,0.06049790605902672,0.5923511385917664,0.7997919917106628,-0.08211449533700943,0.1035691350698471,0.5855454206466675,0.7859300971031189,-0.26579228043556213,-0.19845938682556152,0.5218067169189453,0.792859673500061,-0.2518264949321747,-0.20584629476070404,0.5153486728668213,0.792859673500061,-0.2518264949321747,-0.20584629476070404,0.5153486728668213,0.01889726147055626,-0.9535265564918518,0.05007921904325485,0.296516478061676,0.10517238080501556,-0.8967400193214417,0.32799118757247925,0.27788108587265015,-0.2958858013153076,-0.8482336401939392,0.4178330898284912,0.13552427291870117,-0.1913970708847046,-0.8497350215911865,0.48178258538246155,-0.09593275934457779,-0.06993803381919861,-0.852046012878418,0.5179296731948853,-0.029583213850855827,-0.06993803381919861,-0.852046012878418,0.5179296731948853,-0.029583213850855827,0.016660090535879135,-0.11168389022350311,0.020372269675135612,0.9933952689170837
-0.4099999964237213,0.0,0.16146880388259888,-0.01000604685395956,-0.10228527337312698,0.01819588989019394,0.9945383667945862,-2.3746132850646973,-0.3852077126502991,-0.4279286563396454,1.4303604364395142,0.0727166011929512,-0.10922230780124664,-2.5763049125671387,0.013324794359505177,0.22288286685943604,1.882513403892517,-0.06276437640190125,0.10388200730085373,0.0,0.1386100947856903,1.687046766281128,0.16197408735752106,-0.8035517930984497,-0.04757663607597351,-2.1575756072998047,0.5697810053825378,0.9560467600822449,-0.6271029114723206,-0.2733016312122345,0.0,0.0,0.0,0.2724355459213257,-1.5876609086990356,0.5375050902366638,-0.30045366287231445,2.4013779163360596,0.07185279577970505,-2.4872846603393555,-5.6716485023498535,3.5458528995513916,-0.9228977560997009,3.110682725906372,-0.7296817302703857,-0.995716392993927,-2.5265262126922607,1.2430052757263184,1.2527321577072144,0.0,0.8691324591636658,-4.6019158363342285,0.053373273462057114,-2.4209437370300293,-0.3220183849334717,4.673165798187256,-0.7969575524330139,2.2081856727600098,-3.054932117462158,0.391961008310318,0.0,0.0,0.0,-0.01000604685395956,-0.10228527337312698,0.01819588989019394,0.9945383667945862,-0.01000604685395956,-0.10228527337312698,0.01819588989019394,0.9945383667945862,-0.01199506688863039,-0.9267423748970032,0.25447985529899597,0.2761244475841522,-0.06462769955396652,-0.9583174586296082,0.07238169014453888,0.26872262358665466,0.14033082127571106,-0.9501875042915344,0.013671805150806904,0.27796411514282227,0.09698093682527542,-0.5350919365882874,0.10234429687261581,0.8329447507858276,0.09319660067558289,-0.5044605135917664,0.10580193996429443,0.8518450260162354,0.04656054079532623,-0.5094835758209229,0.07810872793197632,0.8556621074676514,0.04656054079532623,-0.5094835758209229,0.07810872793197632,0.8556621074676514,0.03951079398393631,-0.953546941280365,-0.2328355461359024,0.18701519072055817,0.04075587913393974,-0.955077052116394,-0.2264775186777115,0.18674780428409576,-0.06571192294359207,-0.9536850452423096,-0.20430424809455872,0.21077613532543182,0.12644946575164795,-0.3911336362361908,-0.17340362071990967,0.8949615359306335,0.12094631046056747,-0.4190222918987274,-0.17728585004806519,0.8822482824325562,0.1665874570608139,-0.4276614487171173,-0.1552921086549759,0.874779224395752,0.1665874570608139,-0.4276614487171173,-0.1552921086549759,0.874779224395752,-0.01000604685395956,-0.10228527337312698,0.01819588989019394,0.9945383667945862,-0.011684357188642025,-0.033260755240917206,0.021785147488117218,0.9991409182548523,0.7385803461074829,-0.005839622113853693,0.039328984916210175,0.6729919910430908,0.7358878254890442,-0.06887184083461761,0.08978421241044998,0.6675810813903809,0.7133088111877441,-0.305953711271286,-0.22103655338287354,0.5905299782752991,0.7235428690910339,-0.28958916664123535,-0.23205126821994781,0.5820447206497192,0.7235428690910339,-0.28958916664123535,-0.23205126821994781,0.5820447206497192,0.005618360359221697,-0.9226077795028687,0.07243811339139938,0.37883514165878296,0.11186441779136658,-0.8650608062744141,0.3288193941116333,0.3619861602783203,-0.30733731389045715,-0.8089954257011414,0.4613860547542572,0.19543057680130005,-0.16615675389766693,-0.8241469264030457,0.5366032719612122,-0.07232402265071869,-0.05276918783783913,-0.8222152590751648,0.5667197704315186,-0.002488998929038644,-0.05276918783783913,-0.8222152590751648,0.5667197704315186,-0.002488998929038644,-0.01000604685395956,-0.10228527337312698,0.01819588989019394,0.9945383667945862
-0.4099999964237213,0.0,0.14192043244838715,-0.03195464611053467,-0.1291743665933609,0.015590119175612926,0.9909842610359192,-2.256547451019287,-0.3861522972583771,-0.5308462977409363,1.250379204750061,0.2064712643623352,-0.1588415503501892,-2.4648313522338867,-0.018559817224740982,0.15995025634765625,1.7352577447891235,0.017130542546510696,0.15970341861248016,0.0,0.18520458042621613,1.519642949104309,0.2237728089094162,-0.977931559085846,-0.05364561825990677,-1.8562620878219604,0.3631303012371063,1.0682806968688965,-0.7610622644424438,-0.18889003992080688,0.0,0.0,0.0,-0.5864511132240295,-1.2667675018310547,-1.652209997177124,-0.2702251672744751,3.5419747829437256,-0.02833753637969494,-3.087529182434082,-5.3994364738464355,4.012639999389648,-1.4885772466659546,3.3442065715789795,-0.9565382599830627,-1.887978196144104,-4.417669773101807,2.3968472480773926,1.6746422052383423,0.0,1.3978345394134521,-5.022114276885986,1.8539615869522095,-5.231392860412598,-0.18206945061683655,9.03940486907959,-6.199520587921143,3.367017984390259,-4.01878023147583,2.5323476791381836,0.0,0.0,0.0,-0.03195464611053467,-0.1291743665933609,0.015590119175612926,0.9909842610359192,-0.03195464611053467,-0.1291743665933609,0.015590119175612926,0.9909842610359192,-0.03028763271868229,-0.912854015827179,0.2663480341434479,0.30795934796333313,-0.08881571143865585,-0.9469984769821167,0.08624160289764404,0.2964254915714264,0.16270886361598969,-0.9371340274810791,0.005463927518576384,0.3086678385734558,0.12873506546020508,-0.5792289972305298,0.09965596348047256,0.7987425923347473,0.11777988821268082,-0.4938328266143799,0.11239183694124222,0.8541809916496277,0.04964020475745201,-0.5011930465698242,0.07285819202661514,0.8608327507972717,0.04964020475745201,-0.5011930465698242,0.07285819202661514,0.8608327507972717,0.0351342149078846,-0.9536190629005432,-0.207650288939476,0.21507592499256134,0.033136844635009766,-0.9516510367393494,-0.2164907157421112,0.21539270877838135,-0.042996376752853394,-0.9512565732002258,-0.19859105348587036,0.23199966549873352,0.12368176877498627,-0.4381489157676697,-0.16121387481689453,0.8756360411643982,0.12505805492401123,-0.4306328594684601,-0.16014860570430756,0.8793567419052124,0.19480310380458832,-0.4420352280139923,-0.12528805434703827,0.8665791749954224,0.19480310380458832,-0.4420352280139923,-0.12528805434703827,0.8665791749954224,-0.03195464611053467,-0.1291743665933609,0.015590119175612926,0.9909842610359192,-0.03400652855634689,-0.03697988763451576,0.018328223377466202,0.9985690116882324,0.6631530523300171,-0.014184568077325821,0.03875866159796715,0.7473450303077698,0.6576976776123047,-0.09323327988386154,0.1171448826789856,0.7382535934448242,0.6373493671417236,-0.40913787484169006,-0.22679786384105682,0.6123354434967041,0.6517193913459778,-0.39261937141418457,-0.23930801451206207,0.6031944155693054,0.6517193913459778,-0.39261937141418457,-0.23930801451206207,0.6031944155693054,-0.013188964687287807,-0.8675307631492615,0.08468382805585861,0.4899439215660095,0.0754966214299202,-0.837979257106781,0.23994117975234985,0.4842718541622162,-0.36846423149108887,-0.7441332340240479,0.4549892842769623,0.32169023156166077,-0.19113145768642426,-0.8020148277282715,0.5657740831375122,0.011860393919050694,-0.11301632970571518,-0.8046181797981262,0.5795236825942993,0.06300169229507446,-0.11301632970571518,-0.8046181797981262,0.5795236825942993,0.06300169229507446,-0.03195464611053467,-0.1291743665933609,0.015590119175612926,0.9909842610359192
-0.4099999964237213,0.0,0.16209079325199127,-0.07498972862958908,-0.13077037036418915,0.022129539400339127,0.9883248209953308,-2.2194271087646484,-0.3370286226272583,-0.5257467031478882,1.119118571281433,0.254334956407547,-0.17835479974746704,-2.294586420059204,-0.025268960744142532,0.12181633710861206,1.6264283657073975,-0.0011670293752104044,0.19454717636108398,0.0,0.27592599391937256,1.3537942171096802,0.29284238815307617,-1.21804940700531,-0.053281500935554504,-1.3985843658447266,-0.08120878040790558,1.0946485996246338,-1.0436228513717651,-0.004964370746165514,0.0,0.0,0.0,0.605110764503479,-2.6139445304870605,-0.14327166974544525,0.060852937400341034,1.1136102676391602,1.4737101793289185,0.15298782289028168,-3.937818765640259,1.435910701751709,-0.5853974223136902,5.10734748840332,-0.20127429068088531,-1.1440174579620361,-3.264881134033203,-0.5489271283149719,1.0453126430511475,0.0,2.721642255783081,-4.975461483001709,2.072087287902832,-7.203535079956055,0.010923518799245358,13.730330467224121,-13.330172538757324,0.7910370230674744,-8.47681713104248,5.517769813537598,0.0,0.0,0.0,-0.07498972862958908,-0.13077037036418915,0.022129539400339127,0.9883248209953308,-0.07498972862958908,-0.13077037036418915,0.022129539400339127,0.9883248209953308,-0.044532377272844315,-0.8957559466362,0.3038007318973541,0.3214705288410187,-0.09781793504953384,-0.9340204000473022,0.14926309883594513,0.3094480335712433,0.1482534259557724,-0.9273529052734375,0.06372351199388504,0.3376046121120453,0.09181791543960571,-0.6067166328430176,0.13269978761672974,0.7783669829368591,0.074246846139431,-0.503101110458374,0.14327305555343628,0.8490285873413086,-0.0016620358219370246,-0.5138617157936096,0.09789793193340302,0.8522672057151794,-0.0016620358219370246,-0.5138617157936096,0.09789793193340302,0.8522672057151794,0.019525285810232162,-0.9417450428009033,-0.1580692082643509,0.2962249219417572,0.015781179070472717,-0.9396727681159973,-0.16995473206043243,0.2964479625225067,-0.04144645109772682,-0.9388909339904785,-0.1515946388244629,0.30624350905418396,0.08165282011032104,-0.42268896102905273,-0.13428165018558502,0.8925442695617676,0.081574447453022,-0.4232097268104553,-0.13432927429676056,0.8922975063323975,0.16784897446632385,-0.4342551529407501,-0.0925920158624649,0.8801567554473877,0.16784897446632385,-0.4342551529407501,-0.0925920158624649,0.8801567554473877,-0.07498972862958908,-0.13077037036418915,0.022129539400339127,0.9883248209953308,-0.07844381034374237,0.006771653424948454,0.020161131396889687,0.9966916441917419,0.5631564855575562,0.01790711283683777,0.011474396102130413,0.8260765671730042,0.5598430633544922,-0.07185521721839905,0.1264769732952118,0.8157304525375366,0.5327073931694031,-0.5047495365142822,-0.2453167885541916,0.6334590315818787,0.5496523976325989,-0.49109819531440735,-0.2579100430011749,0.6246496438980103,0.5496523976325989,-0.49109819531440735,-0.2579100430011749,0.6246496438980103,-0.04845867678523064,-0.7319532632827759,0.1050545945763588,0.6714609265327454,-0.07567550241947174,-0.7356144189834595,0.07525565475225449,0.6689403653144836,-0.44914141297340393,-0.5669930577278137,0.40922197699546814,0.5561728477478027,-0.2042955756187439,-0.7547118663787842,0.5948313474655151,0.1866787075996399,-0.20227807760238647,-0.7549153566360474,0.5948116779327393,0.18811020255088806,-0.20227807760238647,-0.7549153566360474,0.5948116779327393,0.18811020255088806,-0.07498972862958908,-0.13077037036418915,0.022129539400339127,0.9883248209953308
-0.4099999964237213,0.0,0.17000000178813934,-0.0989234447479248,-0.1637607216835022,0.020821891725063324,0.981306791305542,-2.0553433895111084,-0.20655114948749542,-0.6226062178611755,1.011810302734375,0.27221444249153137,-0.1711297333240509,-2.152064323425293,0.023933222517371178,0.08325841277837753,1.555383563041687,0.07188244163990021,0.20778042078018188,0.0,0.45018038153648376,1.1836881637573242,0.31367766857147217,-1.485503077507019,-0.0018634006846696138,-0.7725563049316406,-0.6315304636955261,0.8233860731124878,-1.4647424221038818,0.17538166046142578,0.0,0.0,0.0,0.23727624118328094,-1.3971688747406006,-2.0496230125427246,-0.10760820657014847,4.922511100769043,3.9143240451812744,-2.905785322189331,-3.219247817993164,0.5363845825195312,0.21675197780132294,4.275662899017334,1.4760653972625732,-1.1567376852035522,-2.1313440799713135,2.191483974456787,0.3969973027706146,0.0,5.227631568908691,-5.1031813621521,0.6250583529472351,-8.02361011505127,1.5425429344177246,18.780839920043945,-16.5096492767334,-8.1378755569458,-12.633586883544922,5.4103803634643555,0.0,0.0,0.0,-0.0989234447479248,-0.1637607216835022,0.020821891725063324,0.981306791305542,-0.0989234447479248,-0.1637607216835022,0.020821891725063324,0.981306791305542,-0.07019196450710297,-0.8741841316223145,0.30999597907066345,0.36712080240249634,-0.10766521841287613,-0.9014844298362732,0.21822279691696167,0.35792848467826843,0.17363379895687103,-0.8911325931549072,0.0981007069349289,0.40756624937057495,0.10434422641992569,-0.5819995999336243,0.1699550747871399,0.78835529088974,0.08031846582889557,-0.46964722871780396,0.18254147469997406,0.8600343465805054,0.00652566272765398,-0.48352912068367004,0.14173737168312073,0.863752007484436,0.00652566272765398,-0.48352912068367004,0.14173737168312073,0.863752007484436,0.008030977100133896,-0.9344922304153442,-0.1295427680015564,0.33147916197776794,0.011996989138424397,-0.9359754920005798,-0.1183510571718216,0.331359326839447,-0.026966067031025887,-0.9356638789176941,-0.1044582799077034,0.33599770069122314,0.05407748743891716,-0.43094491958618164,-0.09335055947303772,0.8959060907363892,0.05739697441458702,-0.3984735906124115,-0.09134707599878311,0.9108128547668457,0.15154191851615906,-0.40579813718795776,-0.0495314821600914,0.8999497294425964,0.15154191851615906,-0.40579813718795776,-0.0495314821600914,0.8999497294425964,-0.0989234447479248,-0.1637607216835022,0.020821891725063324,0.981306791305542,-0.10336118936538696,0.06034654378890991,0.012013626284897327,0.9927388429641724,0.4680606424808502,0.05678471177816391,-0.02369661070406437,0.8815515637397766,0.47093525528907776,-0.025525080040097237,0.1094263345003128,0.874982476234436,0.42022842168807983,-0.589596152305603,-0.2744789123535156,0.6328078508377075,0.420906126499176,-0.5892326831817627,-0.27491122484207153,0.6325082778930664,0.420906126499176,-0.5892326831817627,-0.27491122484207153,0.6325082778930664,-0.0876794308423996,-0.518325686454773,0.07969670742750168,0.8469352126121521,-0.3463550806045532,-0.5174484848976135,-0.08520647883415222,0.7778335809707642,-0.5219286680221558,-0.3163442015647888,0.2238551378250122,0.7598721385002136,-0.2533855438232422,-0.7207984328269958,0.5460723638534546,0.3435845375061035,-0.32336491346359253,-0.7048084735870361,0.5583707094192505,0.29479196667671204,-0.32336491346359253,-0.7048084735870361,0.5583707094192505,0.29479196667671204,-0.0989234447479248,-0.1637607216835022,0.020821891725063324,0.981306791305542
-0.41999998688697815,0.0,0.17000000178813934,-0.10223720222711563,-0.2065906673669815,-0.01176440715789795,0.9730002284049988,-1.7895185947418213,-0.013247092254459858,-0.5646460652351379,0.7217364311218262,0.2418517768383026,-0.16570284962654114,-2.0261740684509277,0.1653338521718979,0.125941202044487,1.5908929109573364,0.13277782499790192,0.20524509251117706,0.0,0.5969966053962708,1.0037165880203247,0.3152049481868744,-1.592604160308838,0.01811555214226246,-0.20873376727104187,-0.9278614521026611,0.37779468297958374,-1.7435381412506104,0.1602771133184433,0.0,-0.2999996840953827,0.0,0.0,0.1293419599533081,-2.802319288253784,-1.6874356269836426,7.974743366241455,5.799121379852295,1.7388044595718384,-8.702216148376465,-0.910879909992218,0.16280649602413177,3.776707410812378,4.242018699645996,1.280483603477478,1.0652804374694824,1.8268613815307617,-0.07605984061956406,0.0,4.404486656188965,-5.399147033691406,0.04581838473677635,-3.2130322456359863,0.5993685722351074,16.914674758911133,-8.889928817749023,-13.367740631103516,-8.363871574401855,-0.4531363844871521,0.0,0.0,0.0,-0.10223720222711563,-0.2065906673669815,-0.01176440715789795,0.9730002284049988,-0.10223720222711563,-0.2065906673669815,-0.01176440715789795,0.9730002284049988,-0.11454412341117859,-0.8417589664459229,0.26611530780792236,0.4555261731147766,-0.1175587847828865,-0.8435031175613403,0.2605341076850891,0.4547574818134308,0.12208466231822968,-0.8428599834442139,0.12353003770112991,0.5093355774879456,0.07060445845127106,-0.608732283115387,0.1586800068616867,0.7741321921348572,0.05094707012176514,-0.5109022855758667,0.16603834927082062,0.8419111967086792,-0.018901459872722626,-0.522890567779541,0.12318821996450424,0.8432394862174988,-0.018901459872722626,-0.522890567779541,0.12318821996450424,0.8432394862174988,-0.018382729962468147,-0.9292190670967102,-0.13610772788524628,0.34305787086486816,0.01000729575753212,-0.9372845888137817,-0.058914706110954285,0.34340423345565796,-0.04899491369724274,-0.9360566735267639,-0.0371878556907177,0.34643107652664185,-0.007736093830317259,-0.4077950119972229,-0.06102123484015465,0.9109993577003479,-0.003670893609523773,-0.34646081924438477,-0.061400022357702255,0.9360456466674805,0.09223929047584534,-0.35092803835868835,-0.025584673509001732,0.9314970970153809,0.09223929047584534,-0.35092803835868835,-0.025584673509001732,0.9314970970153809,-0.10223720222711563,-0.2065906673669815,-0.01176440715789795,0.9730002284049988,-0.09807814657688141,0.09001319855451584,-0.023284029215574265,0.9908260107040405,0.3906581699848175,0.06771277636289597,-0.06371422857046127,0.9158284068107605,0.395795077085495,-0.003346785670146346,0.07668102532625198,0.9151257276535034,0.32987064123153687,-0.6375377774238586,-0.2698041796684265,0.6418229341506958,0.32282865047454834,-0.6402589678764343,-0.2655521631240845,0.6444627046585083,0.32282865047454834,-0.6402589678764343,-0.2655521631240845,0.6444627046585083,-0.10425546020269394,-0.3059625029563904,0.005294179078191519,0.9463031888008118,-0.5166749954223633,-0.27599141001701355,-0.13217347860336304,0.7996286153793335,-0.5576481819152832,-0.16482624411582947,0.013940471224486828,0.8134288191795349,-0.35780036449432373,-0.7007107734680176,0.4737413823604584,0.39566701650619507,-0.42047765851020813,-0.6767286062240601,0.4892721474170685,0.3547529876232147,-0.42047765851020813,-0.6767286062240601,0.4892721474170685,0.3547529876232147,-0.10223720222711563,-0.2065906673669815,-0.01176440715789795,0.9730002284049988
-0.4300000071525574,0.0,0.17000000178813934,-0.12744903564453125,-0.27814844250679016,-0.03628915548324585,0.9513533711433411,-1.63455069065094,0.071811243891716,-0.5150425434112549,0.5986194610595703,0.24784836173057556,-0.18949392437934875,-1.898280382156372,0.2585461437702179,0.14743572473526,1.6973074674606323,0.17398607730865479,0.24146978557109833,0.0,0.6719468235969543,0.835150957107544,0.3556675314903259,-1.5519717931747437,-0.004967601038515568,-0.016335327178239822,-0.9515559673309326,0.19804370403289795,-1.7113444805145264,0.14903371036052704,0.0,-0.3000005781650543,0.0,0.0,-1.3527084589004517,-4.58372688293457,-1.322099208831787,4.649036884307861,2.5517499446868896,1.4881055355072021,-3.6935088634490967,0.17989753186702728,-0.7137321829795837,3.836810350418091,2.7963685989379883,0.6448356509208679,3.192436456680298,1.2362475395202637,1.0867407321929932,0.0,2.248506546020508,-5.056968688964844,1.2138774394989014,1.2189708948135376,-0.6924945712089539,5.771953105926514,-0.7108353972434998,-5.392529010772705,0.9658097624778748,-0.3373020589351654,0.0,0.0,0.0,-0.12744903564453125,-0.27814844250679016,-0.03628915548324585,0.9513533711433411,-0.12744903564453125,-0.27814844250679016,-0.03628915548324585,0.9513533711433411,-0.16526658833026886,-0.8364220261573792,0.24452050030231476,0.4618385434150696,-0.14858102798461914,-0.8271051645278931,0.27438870072364807,0.4674735963344574,0.06696928292512894,-0.8376719951629639,0.14628231525421143,0.5219408273696899,0.02085893601179123,-0.646529495716095,0.15952524542808533,0.7457320094108582,0.0009804980363696814,-0.5493935346603394,0.1608802080154419,0.8199288845062256,-0.07659348845481873,-0.5621495246887207,0.1081831082701683,0.816344141960144,-0.07659348845481873,-0.5621495246887207,0.1081831082701683,0.816344141960144,-0.04419704154133797,-0.9358212947845459,-0.1212218701839447,0.3280096650123596,-0.001543444930575788,-0.9436398148536682,0.0004294504760764539,0.33097028732299805,-0.07103937864303589,-0.9409632682800293,0.02480461448431015,0.33003976941108704,-0.06556976586580276,-0.3743121325969696,-0.03691162168979645,0.9242448806762695,-0.06211480498313904,-0.29259514808654785,-0.04246896132826805,0.9532713294029236,0.05315106362104416,-0.2955802083015442,-0.006919122766703367,0.9538130760192871,0.05315106362104416,-0.2955802083015442,-0.006919122766703367,0.9538130760192871,-0.12744903564453125,-0.27814844250679016,-0.03628915548324585,0.9513533711433411,-0.11414089798927307,0.05307242274284363,-0.05650143325328827,0.9904356598854065,0.29733332991600037,0.02559826895594597,-0.07316982001066208,0.9516216516494751,0.2963505983352661,-0.037871453911066055,0.0926884338259697,0.9498162865638733,0.27616050839424133,-0.6781255006790161,-0.18285810947418213,0.6560823917388916,0.27817949652671814,-0.6774514317512512,-0.18404163420200348,0.6555946469306946,0.27817949652671814,-0.6774514317512512,-0.18404163420200348,0.6555946469306946,-0.12788324058055878,-0.28582873940467834,-0.03476114943623543,0.9490729570388794,-0.5483841300010681,-0.23816196620464325,-0.16181863844394684,0.7850913405418396,-0.5681915879249573,-0.17801550030708313,-0.08696898072957993,0.7986896634101868,-0.44818437099456787,-0.6914394497871399,0.4086143672466278,0.392525851726532,-0.5052743554115295,-0.6617233753204346,0.42284148931503296,0.35780590772628784,-0.5052743554115295,-0.6617233753204346,0.42284148931503296,0.35780590772628784,-0.12744903564453125,-0.27814844250679016,-0.03628915548324585,0.9513533711433411
-0.4399999976158142,0.0,0.14000000059604645,-0.11957347393035889,-0.3463205397129059,-0.04057932272553444,0.9295792579650879,-1.5013742446899414,0.1426459401845932,-0.4670916199684143,0.5676085948944092,0.23379802703857422,-0.17270343005657196,-1.7674568891525269,0.2732529640197754,0.17145168781280518,1.7030680179595947,0.19781538844108582,0.23765839636325836,0.0,0.6893126368522644,0.7660418748855591,0.3833836615085602,-1.4773529767990112,-0.00041930985753424466,0.06261411309242249,-0.9370972514152527,0.13580819964408875,-1.676040530204773,0.14013724029064178,0.0,-0.2999996840953827,0.0,-0.8999999761581421,0.2063838392496109,-4.308422088623047,0.3607576787471771,3.995293140411377,2.1250407695770264,1.4385275840759277,-0.9303259253501892,-0.4215100109577179,0.5037147998809814,3.9247045516967773,0.44120457768440247,0.7204788327217102,0.17281650006771088,0.7148792743682861,-0.11434166878461838,0.0,0.5209743976593018,-2.073272466659546,0.8314838409423828,2.2385644912719727,0.1364487260580063,2.368483066558838,0.43376144766807556,-1.8670650720596313,1.0591185092926025,-0.2668941020965576,0.0,0.0,0.0,-0.11957347393035889,-0.3463205397129059,-0.04057932272553444,0.9295792579650879,-0.11957347393035889,-0.3463205397129059,-0.04057932272553444,0.9295792579650879,-0.1753154695034027,-0.8446236848831177,0.21323254704475403,0.4587016701698303,-0.14218150079250336,-0.8272808194160461,0.2728804349899292,0.4700288772583008,0.053134821355342865,-0.8377265930175781,0.15669415891170502,0.5204207897186279,0.0071333786472678185,-0.6584922075271606,0.16530421376228333,0.7341741323471069,-0.0121952248737216,-0.5683691501617432,0.16500802338123322,0.8059653639793396,-0.08165981620550156,-0.5804824233055115,0.11537452042102814,0.8019105792045593,-0.08165981620550156,-0.5804824233055115,0.11537452042102814,0.8019105792045593,-0.03684838488698006,-0.9377661347389221,-0.12244939059019089,0.32286691665649414,0.007470062468200922,-0.945704996585846,0.0064171478152275085,0.324876993894577,-0.07352946698665619,-0.9428717494010925,0.03420983627438545,0.32313451170921326,-0.07417919486761093,-0.37810060381889343,-0.03277716413140297,0.9222055077552795,-0.07058002054691315,-0.28518810868263245,-0.039941903203725815,0.9550344944000244,0.04313679039478302,-0.2879121005535126,-0.005851260386407375,0.9566669464111328,0.04313679039478302,-0.2879121005535126,-0.005851260386407375,0.9566669464111328,-0.11957347393035889,-0.3463205397129059,-0.04057932272553444,0.9295792579650879,-0.10620523989200592,-0.009957029484212399,-0.05879254639148712,0.9925546646118164,0.2724321186542511,-0.031207740306854248,-0.050811249762773514,0.9603254795074463,0.2609001398086548,-0.09392788261175156,0.12945979833602905,0.9520235657691956,0.28211891651153564,-0.698390781879425,-0.12003130465745926,0.6467238664627075,0.28229230642318726,-0.6983301043510437,-0.12012834846973419,0.6466956734657288,0.28229230642318726,-0.6983301043510437,-0.12012834846973419,0.6466956734657288,-0.11756648868322372,-0.31734561920166016,-0.046121995896101,0.9398630857467651,-0.5293301939964294,-0.2623152732849121,-0.18446187674999237,0.7854769825935364,-0.5450878739356995,-0.22251904010772705,-0.13310100138187408,0.797275722026825,-0.47537001967430115,-0.7145999670028687,0.352098673582077,0.37335872650146484,-0.5301082134246826,-0.6840838193893433,0.36390626430511475,0.34436431527137756,-0.5301082134246826,-0.6840838193893433,0.36390626430511475,0.34436431527137756,-0.11957347393035889,-0.3463205397129059,-0.04057932272553444,0.9295792579650879
-0.44999998807907104,0.0,0.14000000059604645,-0.12177415937185287,-0.4214324951171875,-0.03935980424284935,0.8977842330932617,-1.3287872076034546,0.19072124361991882,-0.4287267327308655,0.6404979228973389,0.2207847386598587,-0.1813364028930664,-1.6010873317718506,0.2806755006313324,0.18233709037303925,1.7058112621307373,0.19600270688533783,0.2345462441444397,0.0,0.6963527202606201,0.7411091327667236,0.3612283170223236,-1.4084900617599487,-0.005278944969177246,0.11768314987421036,-0.914154589176178,0.12427211552858353,-1.6349890232086182,0.11669562011957169,0.0,-0.2999996840953827,0.0,0.0,-0.5596947073936462,-4.841293811798096,0.4842980206012726,5.177610874176025,1.4422590732574463,1.1509464979171753,2.1866798400878906,-0.39039862155914307,-0.2589891850948334,4.991086483001709,0.222676083445549,0.3265620470046997,0.08229731768369675,-0.05438044294714928,-0.09336455911397934,0.0,0.2112024873495102,-0.7479822039604187,-0.6646602749824524,2.065887451171875,-0.1457890421152115,1.6520709991455078,0.6882798075675964,-0.34608250856399536,1.231545090675354,-0.7032485604286194,0.0,0.0,0.0,-0.12177415937185287,-0.4214324951171875,-0.03935980424284935,0.8977842330932617,-0.12177415937185287,-0.4214324951171875,-0.03935980424284935,0.8977842330932617,-0.1865667849779129,-0.847052276134491,0.1848088651895523,0.4621049165725708,-0.1417192816734314,-0.8256070017814636,0.2646222710609436,0.47776955366134644,0.03715197741985321,-0.8368578553199768,0.15693187713623047,0.5231262445449829,-0.014139545150101185,-0.6296278834342957,0.16064855456352234,0.7599742412567139,-0.0317518524825573,-0.542070209980011,0.15811294317245483,0.8247132897377014,-0.10629428923130035,-0.5541598200798035,0.10838226974010468,0.8184507489204407,-0.10629428923130035,-0.5541598200798035,0.10838226974010468,0.8184507489204407,-0.03379395976662636,-0.9384861588478088,-0.1097588911652565,0.3256603479385376,0.012090847827494144,-0.9446125626564026,0.022593319416046143,0.327185720205307,-0.07395906746387482,-0.9417903423309326,0.052287232130765915,0.3237699866294861,-0.0880325585603714,-0.37564536929130554,-0.021311184391379356,0.9223267436027527,-0.08552496880292892,-0.28359827399253845,-0.02982243523001671,0.9546560049057007,0.02676151692867279,-0.28513967990875244,0.0035646758042275906,0.9581056833267212,0.02676151692867279,-0.28513967990875244,0.0035646758042275906,0.9581056833267212,-0.12177415937185287,-0.4214324951171875,-0.03935980424284935,0.8977842330932617,-0.11009328067302704,-0.08783093839883804,-0.059230078011751175,0.9882595539093018,0.2552599608898163,-0.10331869125366211,-0.023403503000736237,0.9610514640808105,0.2323208600282669,-0.15824294090270996,0.14639398455619812,0.9484487175941467,0.2764100432395935,-0.7242753505706787,-0.07739905267953873,0.6269227266311646,0.278640478849411,-0.7235031127929688,-0.0785558670759201,0.6266830563545227,0.278640478849411,-0.7235031127929688,-0.0785558670759201,0.6266830563545227,-0.11769714951515198,-0.36846041679382324,-0.04975394159555435,0.9208196401596069,-0.5119979381561279,-0.3086787760257721,-0.20725814998149872,0.7743510603904724,-0.5293316841125488,-0.27333351969718933,-0.16086521744728088,0.7869047522544861,-0.4932812452316284,-0.7352707982063293,0.3108074367046356,0.3456142544746399,-0.5396849513053894,-0.7086271047592163,0.31893256306648254,0.3238360285758972,-0.5396849513053894,-0.7086271047592163,0.31893256306648254,0.3238360285758972,-0.12177415937185287,-0.4214324951171875,-0.03935980424284935,0.8977842330932617
-0.44999998807907104,0.0,0.10999999940395355,-0.10761584341526031,-0.49322566390037537,-0.030854063108563423,0.8626675605773926,-1.163476824760437,0.22868923842906952,-0.3734551966190338,0.615432858467102,0.24195320904254913,-0.17377643287181854,-1.432490348815918,0.24033933877944946,0.21296326816082,1.60026216506958,0.20288929343223572,0.21085430681705475,0.0,0.6547730565071106,0.7367628812789917,0.30542629957199097,-1.3323358297348022,-0.018972981721162796,0.1754932552576065,-0.8929466009140015,0.10775059461593628,-1.5819294452667236,0.1060207188129425,0.0,0.0,0.0,-0.8999999761581421,0.12160193920135498,-4.73178768157959,1.2592058181762695,4.959311008453369,1.1390397548675537,1.6581460237503052,-0.7519518733024597,0.6350540518760681,0.22679908573627472,5.05790901184082,-1.2100847959518433,0.9187852740287781,-3.1664726734161377,0.20659758150577545,-0.7107580900192261,0.0,-1.247389793395996,-0.130387544631958,-1.6740604639053345,2.2846269607543945,-0.4108210802078247,1.7343031167984009,0.6362395882606506,-0.4956456124782562,1.5917872190475464,-0.32024702429771423,0.0,0.0,0.0,-0.10761584341526031,-0.49322566390037537,-0.030854063108563423,0.8626675605773926,-0.10761584341526031,-0.49322566390037537,-0.030854063108563423,0.8626675605773926,-0.17643404006958008,-0.8546541929244995,0.15402309596538544,0.46337252855300903,-0.12241312116384506,-0.8314997553825378,0.25052958726882935,0.480476975440979,0.03407804295420647,-0.8397710919380188,0.15697678923606873,0.5186342597007751,-0.015068299137055874,-0.6432395577430725,0.15992489457130432,0.7486252784729004,-0.03425818309187889,-0.5481929183006287,0.15693756937980652,0.8207810521125793,-0.10535544902086258,-0.5597437620162964,0.10877394676208496,0.8147118091583252,-0.10535544902086258,-0.5597437620162964,0.10877394676208496,0.8147118091583252,-0.016925722360610962,-0.9374067783355713,-0.10161668807268143,0.3326501250267029,0.02307465486228466,-0.942828357219696,0.011493077501654625,0.3322802186012268,-0.0772603303194046,-0.9399407505989075,0.04674289748072624,0.32917675375938416,-0.0873560979962349,-0.418607622385025,-0.022868530824780464,0.9036667346954346,-0.08459107577800751,-0.3249405324459076,-0.031597577035427094,0.9414136409759521,0.014945396222174168,-0.32646143436431885,0.0027719903737306595,0.945088267326355,0.014945396222174168,-0.32646143436431885,0.0027719903737306595,0.945088267326355,-0.10761584341526031,-0.49322566390037537,-0.030854063108563423,0.8626675605773926,-0.1019567996263504,-0.18799538910388947,-0.04633432626724243,0.9757641553878784,0.25626179575920105,-0.19206830859184265,0.0244724340736866,0.9470167756080627,0.22435340285301208,-0.23778605461120605,0.1655154675245285,0.9304450154304504,0.28613048791885376,-0.7523747682571411,-0.04475544020533562,0.5916574001312256,0.29430609941482544,-0.7494389414787292,-0.048522986471652985,0.5910758972167969,0.29430609941482544,-0.7494389414787292,-0.048522986471652985,0.5910758972167969,-0.10178925842046738,-0.41647037863731384,-0.04489448666572571,0.9023169279098511,-0.4814203381538391,-0.3562611937522888,-0.22032031416893005,0.7699164748191833,-0.4991234242916107,-0.3272680640220642,-0.1802508383989334,0.7818446755409241,-0.49499985575675964,-0.762306272983551,0.26171815395355225,0.32460424304008484,-0.5382264256477356,-0.7375850081443787,0.2678152918815613,0.3074990212917328,-0.5382264256477356,-0.7375850081443787,0.2678152918815613,0.3074990212917328,-0.10761584341526031,-0.49322566390037537,-0.030854063108563423,0.8626675605773926
-0.44999998807907104,0.0,0.10999999940395355,-0.09527017176151276,-0.5454279184341431,-0.02524840645492077,0.8323427438735962,-1.025948405265808,0.23439371585845947,-0.3181855380535126,0.5973007678985596,0.2495911568403244,-0.14915584027767181,-1.2841358184814453,0.170458123087883,0.19192683696746826,1.4743741750717163,0.21055203676223755,0.1942211091518402,0.0,0.5894571542739868,0.7122611403465271,0.20971745252609253,-1.2262886762619019,-0.020062316209077835,0.20001044869422913,-0.9003356695175171,0.10992447286844254,-1.5467529296875,0.08236011117696762,0.0,0.0,0.0,0.0,0.18079183995723724,-3.5883595943450928,0.9370279908180237,4.125852584838867,0.17113430798053741,1.6580896377563477,-0.5439627170562744,0.22913841903209686,0.7386177182197571,4.45063591003418,-2.0964362621307373,-0.63109290599823,-3.776639461517334,0.22988228499889374,-0.49899590015411377,0.0,-1.9594769477844238,-0.7350521683692932,-2.871265172958374,3.1814143657684326,-0.03268003463745117,0.7355157732963562,-0.22167204320430756,0.06521634757518768,1.055295467376709,-0.7098181843757629,0.0,0.0,0.0,-0.09527017176151276,-0.5454279184341431,-0.02524840645492077,0.8323427438735962,-0.09527017176151276,-0.5454279184341431,-0.02524840645492077,0.8323427438735962,-0.1642574816942215,-0.8576945066452026,0.1288888305425644,0.4698587954044342,-0.10819071531295776,-0.8367401957511902,0.22829385101795197,0.48584213852882385,0.02573404833674431,-0.8433131575584412,0.14844249188899994,0.5158734917640686,-0.01908140815794468,-0.6541976928710938,0.1494433581829071,0.7411666512489319,-0.03753451257944107,-0.5568556189537048,0.14590606093406677,0.8168318867683411,-0.09829135239124298,-0.566179096698761,0.10400983691215515,0.8117647767066956,-0.09829135239124298,-0.566179096698761,0.10400983691215515,0.8117647767066956,-0.006364551372826099,-0.9330437779426575,-0.09412015229463577,0.3471745252609253,0.023212101310491562,-0.9376690983772278,-0.014352306723594666,0.3464561402797699,-0.06673858314752579,-0.9355790019035339,0.018909838050603867,0.34623730182647705,-0.062122080475091934,-0.45992401242256165,-0.030862079933285713,0.8852447867393494,-0.05853511020541191,-0.36435467004776,-0.037219107151031494,0.928673267364502,0.031782977283000946,-0.36624670028686523,-0.0017166483448818326,0.9299732446670532,0.031782977283000946,-0.36624670028686523,-0.0017166483448818326,0.9299732446670532,-0.09527017176151276,-0.5454279184341431,-0.02524840645492077,0.8323427438735962,-0.09379085153341293,-0.27887001633644104,-0.036597710102796555,0.9550368785858154,0.24506805837154388,-0.27413153648376465,0.0629267767071724,0.9278112649917603,0.21549983322620392,-0.3043244779109955,0.1578894406557083,0.9143398404121399,0.27648621797561646,-0.7664578557014465,-0.02815454639494419,0.5790553689002991,0.28523117303848267,-0.7634170055389404,-0.03199154511094093,0.5786312818527222,0.28523117303848267,-0.7634170055389404,-0.03199154511094093,0.5786312818527222,-0.08885911852121353,-0.46036404371261597,-0.03983304277062416,0.8823730945587158,-0.46394169330596924,-0.3971678614616394,-0.23617669939994812,0.755801796913147,-0.4842016398906708,-0.3685249090194702,-0.1959826648235321,0.7689791917800903,-0.500735342502594,-0.7782014608383179,0.23036427795886993,0.30099645256996155,-0.5347861647605896,-0.758718729019165,0.23408949375152588,0.28905314207077026,-0.5347861647605896,-0.758718729019165,0.23408949375152588,0.28905314207077026,-0.09527017176151276,-0.5454279184341431,-0.02524840645492077,0.8323427438735962
-0.46000000834465027,0.0,0.10999999940395355,-0.0771435871720314,-0.5869004726409912,-0.015410489402711391,0.8058282732963562,-0.9080045223236084,0.203835129737854,-0.287262499332428,0.6878630518913269,0.28943607211112976,-0.1555209904909134,-1.1475173234939575,0.08485907316207886,0.18758292496204376,1.443274974822998,0.22923371195793152,0.16921362280845642,0.0,0.5102818012237549,0.6985690593719482,0.13994288444519043,-1.1559147834777832,-0.03214628994464874,0.23437649011611938,-0.9027146100997925,0.0993710607290268,-1.487375259399414,0.09772932529449463,0.0,-0.3000005781650543,0.0,0.0,0.3690854012966156,-2.911473512649536,1.282023549079895,3.538316249847412,-0.9167575240135193,0.9276911020278931,2.7168684005737305,1.1953474283218384,-0.19095449149608612,4.098554611206055,-2.5679714679718018,-0.13031736016273499,-0.9329759478569031,0.5604502558708191,-0.7502245306968689,0.0,-2.375260353088379,-0.41076239943504333,-2.0932369232177734,2.1112167835235596,-0.36251920461654663,1.030981183052063,-0.07136821746826172,-0.31660234928131104,1.7813299894332886,0.46107640862464905,0.0,0.0,0.0,-0.0771435871720314,-0.5869004726409912,-0.015410489402711391,0.8058282732963562,-0.0771435871720314,-0.5869004726409912,-0.015410489402711391,0.8058282732963562,-0.1424756795167923,-0.8600570559501648,0.11029922962188721,0.4773223102092743,-0.09317299723625183,-0.8443721532821655,0.19723013043403625,0.4893411099910736,0.028648093342781067,-0.8490140438079834,0.12515594065189362,0.5125333666801453,-0.015231098979711533,-0.6264709830284119,0.1274862140417099,0.7687973380088806,-0.03345710411667824,-0.5090513825416565,0.12395702302455902,0.8511063456535339,-0.09947177767753601,-0.5171423554420471,0.08403824269771576,0.8459354043006897,-0.09947177767753601,-0.5171423554420471,0.08403824269771576,0.8459354043006897,0.009580716490745544,-0.9262494444847107,-0.08570338040590286,0.36691299080848694,0.025135371834039688,-0.9290510416030884,-0.04633770510554314,0.36617639660835266,-0.061984460800886154,-0.92732173204422,-0.011840152554214,0.3689066767692566,-0.03871150314807892,-0.45245835185050964,-0.04983655363321304,0.889549970626831,-0.032757893204689026,-0.3477552831172943,-0.05393684282898903,0.9354592561721802,0.04641111195087433,-0.3510693609714508,-0.024356534704566002,0.934881329536438,0.04641111195087433,-0.3510693609714508,-0.024356534704566002,0.934881329536438,-0.0771435871720314,-0.5869004726409912,-0.015410489402711391,0.8058282732963562,-0.08006538450717926,-0.3637036383152008,-0.021572671830654144,0.9278166890144348,0.24229179322719574,-0.3491251468658447,0.1041986420750618,0.899193525314331,0.2177957445383072,-0.36912524700164795,0.16562224924564362,0.8881896138191223,0.2840671241283417,-0.7862168550491333,-0.01105103176087141,0.5486773252487183,0.2982522249221802,-0.7811573147773743,-0.016648171469569206,0.5482351183891296,0.2982522249221802,-0.7811573147773743,-0.016648171469569206,0.5482351183891296,-0.07050750404596329,-0.48940977454185486,-0.030222635716199875,0.8686733245849609,-0.4423508942127228,-0.4272155463695526,-0.2406703531742096,0.7509263157844543,-0.46223029494285583,-0.4024205207824707,-0.20453159511089325,0.7632612586021423,-0.496900737285614,-0.7918571829795837,0.1934872567653656,0.2976820170879364,-0.5377155542373657,-0.7683846950531006,0.19761840999126434,0.2852962613105774,-0.5377155542373657,-0.7683846950531006,0.19761840999126434,0.2852962613105774,-0.0771435871720314,-0.5869004726409912,-0.015410489402711391,0.8058282732963562
-0.46000000834465027,0.0,0.10999999940395355,-0.06632860004901886,-0.6194553971290588,-0.010175639763474464,0.7821585536003113,-0.8184243440628052,0.1661570519208908,-0.26625972986221313,0.7719818949699402,0.299712598323822,-0.1484983265399933,-1.015406608581543,0.04262862354516983,0.17476803064346313,1.3967472314834595,0.25517433881759644,0.1806672364473343,0.0,0.4390009343624115,0.6776992678642273,0.06833415478467941,-1.102932095527649,-0.03505723550915718,0.24204863607883453,-0.927406370639801,0.07016962021589279,-1.4476932287216187,0.08767575770616531,0.0,0.0,0.0,0.0,0.19896045327186584,-2.394000768661499,0.7629655599594116,2.6874051094055176,-1.1303422451019287,0.6300830245018005,2.5235650539398193,0.30829575657844543,0.21067990362644196,3.9633212089538574,-1.2669134140014648,-0.38444679975509644,-1.3958321809768677,0.7782187461853027,0.34360837936401367,0.0,-2.138425827026367,-0.6260936856269836,-2.148261785507202,1.5894805192947388,-0.08732835948467255,0.23016436398029327,-0.7407527565956116,-0.8760431408882141,1.1904608011245728,-0.30160701274871826,0.0,0.0,0.0,-0.06632860004901886,-0.6194553971290588,-0.010175639763474464,0.7821585536003113,-0.06632860004901886,-0.6194553971290588,-0.010175639763474464,0.7821585536003113,-0.1285548359155655,-0.8620854616165161,0.09670368582010269,0.4805524945259094,-0.08823376893997192,-0.8510873317718506,0.16790857911109924,0.4895629286766052,0.02551773004233837,-0.8552681803703308,0.10143972188234329,0.5075185894966125,-0.01454947330057621,-0.6012732982635498,0.10358322411775589,0.7921674251556396,-0.029850976541638374,-0.4762670695781708,0.10025013983249664,0.8730570077896118,-0.09453293681144714,-0.48239150643348694,0.0646439790725708,0.8684371709823608,-0.09453293681144714,-0.48239150643348694,0.0646439790725708,0.8684371709823608,0.015205652453005314,-0.9169716238975525,-0.0761631652712822,0.3913195729255676,0.02354227378964424,-0.9183865785598755,-0.05660272389650345,0.39090660214424133,-0.05669776350259781,-0.9169370532035828,-0.02227122150361538,0.3943549692630768,-0.02910439670085907,-0.4487123489379883,-0.05351240932941437,0.8915977478027344,-0.022058842703700066,-0.3316170573234558,-0.056780729442834854,0.9414454102516174,0.06295965611934662,-0.3353872001171112,-0.026633772999048233,0.9395968317985535,0.06295965611934662,-0.3353872001171112,-0.026633772999048233,0.9395968317985535,-0.06632860004901886,-0.6194553971290588,-0.010175639763474464,0.7821585536003113,-0.07099515944719315,-0.43371275067329407,-0.013651692308485508,0.8981462121009827,0.2315877079963684,-0.4135887026786804,0.1312917172908783,0.8706744313240051,0.21763372421264648,-0.4231107532978058,0.16040214896202087,0.864802896976471,0.281933456659317,-0.8056610822677612,-0.006237169727683067,0.5209460854530334,0.2976222336292267,-0.8001787662506104,-0.0117970434948802,0.5205725431442261,0.2976222336292267,-0.8001787662506104,-0.0117970434948802,0.5205725431442261,-0.05992147698998451,-0.5211842656135559,-0.02402248978614807,0.8509989976882935,-0.4342145323753357,-0.45540401339530945,-0.2545923590660095,0.7343348264694214,-0.44932952523231506,-0.43830519914627075,-0.22968417406082153,0.7437988519668579,-0.5080474615097046,-0.800929844379425,0.1550353467464447,0.2763387858867645,-0.5447928309440613,-0.7791687846183777,0.15777276456356049,0.2668417692184448,-0.5447928309440613,-0.7791687846183777,0.15777276456356049,0.2668417692184448,-0.06632860004901886,-0.6194553971290588,-0.010175639763474464,0.7821585536003113
-0.46000000834465027,0.0,0.10999999940395355,-0.05524585768580437,-0.6448588371276855,-0.0056008524261415005,0.7622818350791931,-0.7504991292953491,0.1212906464934349,-0.25225165486335754,0.8797730803489685,0.312630295753479,-0.1448529064655304,-0.901911735534668,-0.002655469346791506,0.15872825682163239,1.3175009489059448,0.269746869802475,0.18790526688098907,0.0,0.37297025322914124,0.6542360186576843,0.03263191878795624,-1.0611492395401,-0.04518682509660721,0.24394908547401428,-0.934586226940155,0.014992350712418556,-1.4024317264556885,0.09963376820087433,0.0,0.0,0.0,0.0,0.2555120587348938,-1.9198745489120483,0.7157126665115356,2.0377564430236816,-1.345992088317871,0.42024222016334534,3.2337353229522705,0.3875308930873871,0.10936259478330612,3.404845952987671,-1.358522653579712,-0.4811931848526001,-2.3773882389068604,0.4371758997440338,0.21714089810848236,0.0,-1.9809203147888184,-0.7038974165916443,-1.071066975593567,1.2534855604171753,-0.30388766527175903,0.05701347813010216,-0.21539567410945892,-1.655318021774292,1.3578449487686157,0.35874029994010925,0.0,0.0,0.0,-0.05524585768580437,-0.6448588371276855,-0.0056008524261415005,0.7622818350791931,-0.05524585768580437,-0.6448588371276855,-0.0056008524261415005,0.7622818350791931,-0.11455469578504562,-0.8646068572998047,0.0866556316614151,0.48148003220558167,-0.08516248315572739,-0.8577653169631958,0.1388985514640808,0.48753786087036133,0.023413745686411858,-0.8616645932197571,0.07646702229976654,0.5011374950408936,-0.011377716436982155,-0.5662313103675842,0.07915779948234558,0.8203576803207397,-0.023562228307127953,-0.43161487579345703,0.07642140239477158,0.8985061049461365,-0.08851918578147888,-0.43601343035697937,0.04498803988099098,0.8944454789161682,-0.08851918578147888,-0.43601343035697937,0.04498803988099098,0.8944454789161682,0.020659301429986954,-0.9075267314910889,-0.06776920706033707,0.4139755964279175,0.0201096348464489,-0.907435953617096,-0.0689741000533104,0.4140026569366455,-0.05189594626426697,-0.9061739444732666,-0.035934511572122574,0.4181678295135498,-0.019040554761886597,-0.46059125661849976,-0.06018252298235893,0.8853650093078613,-0.01077519915997982,-0.3373578190803528,-0.06219625100493431,0.939257800579071,0.07738830149173737,-0.3417048752307892,-0.03027290105819702,0.9361262321472168,0.07738830149173737,-0.3417048752307892,-0.03027290105819702,0.9361262321472168,-0.05524585768580437,-0.6448588371276855,-0.0056008524261415005,0.7622818350791931,-0.060758937150239944,-0.49198228120803833,-0.00685212342068553,0.8684554100036621,0.2215109020471573,-0.4680952727794647,0.15159261226654053,0.8419260382652283,0.21401473879814148,-0.47250252962112427,0.1650545746088028,0.8388659358024597,0.2818082273006439,-0.8246182799339294,0.006968088913708925,0.49044904112815857,0.30226436257362366,-0.8174825310707092,0.0005623025353997946,0.4902634024620056,0.30226436257362366,-0.8174825310707092,0.0005623025353997946,0.4902634024620056,-0.049228619784116745,-0.5479242205619812,-0.018091624602675438,0.8348821997642517,-0.4200412929058075,-0.48103204369544983,-0.26297616958618164,0.723199188709259,-0.42350447177886963,-0.4775356650352478,-0.25775599479675293,0.7253726720809937,-0.5101632475852966,-0.8143033385276794,0.10428667813539505,0.25645241141319275,-0.5521180033683777,-0.7888565063476562,0.10632225126028061,0.24812637269496918,-0.5521180033683777,-0.7888565063476562,0.10632225126028061,0.24812637269496918,-0.05524585768580437,-0.6448588371276855,-0.0056008524261415005,0.7622818350791931
-0.46000000834465027,0.0,0.10000000149011612,-0.04244556277990341,-0.6593969464302063,-0.007816259749233723,0.7505550980567932,-0.7347019910812378,0.08313078433275223,-0.24572350084781647,0.9270915985107422,0.326983779668808,-0.14722828567028046,-0.8612270355224609,-0.03388805314898491,0.15473458170890808,1.2128897905349731,0.2762371003627777,0.19685126841068268,0.0,0.32087475061416626,0.6385195851325989,0.013259162195026875,-1.0509121417999268,-0.05114340782165527,0.24091273546218872,-0.9403987526893616,-0.04245660454034805,-1.36735999584198,0.11068354547023773,0.0,0.0,0.0,-0.2999999225139618,0.627460777759552,-1.1303962469100952,0.43822434544563293,0.47391411662101746,-1.1447957754135132,0.1958446055650711,1.419555425643921,0.430604487657547,-0.07126137614250183,1.2205408811569214,-0.9369775056838989,-0.11981024593114853,-3.1383345127105713,0.19470690190792084,0.2683800458908081,0.0,-1.5628650188446045,-0.4714929759502411,-0.5811827182769775,0.3071129024028778,-0.17869746685028076,-0.09109049290418625,-0.1743757575750351,-1.723468542098999,1.0521519184112549,0.3314932882785797,0.0,0.0,0.0,-0.04244556277990341,-0.6593969464302063,-0.007816259749233723,0.7505550980567932,-0.04244556277990341,-0.6593969464302063,-0.007816259749233723,0.7505550980567932,-0.10361837595701218,-0.8718305826187134,0.07719652354717255,0.47245675325393677,-0.0838966816663742,-0.8678697943687439,0.11335739493370056,0.4763543903827667,0.02309567853808403,-0.8716095089912415,0.054124295711517334,0.4866558909416199,-0.0035417387261986732,-0.5620361566543579,0.058739304542541504,0.8250166773796082,-0.013055183924734592,-0.42025789618492126,0.05737954378128052,0.9054945707321167,-0.07961684465408325,-0.42333984375,0.026315150782465935,0.902082085609436,-0.07961684465408325,-0.42333984375,0.026315150782465935,0.902082085609436,0.029517924413084984,-0.9064136743545532,-0.07107721269130707,0.4153202772140503,0.02247682772576809,-0.9050793051719666,-0.0864245742559433,0.4157607853412628,-0.04754410684108734,-0.9041091203689575,-0.054031841456890106,0.421196848154068,-0.008270572870969772,-0.5028267502784729,-0.07149460911750793,0.861385703086853,0.0016515551833435893,-0.37944281101226807,-0.0719524472951889,0.9224116802215576,0.09228599816560745,-0.38467687368392944,-0.03431757539510727,0.9177849888801575,0.09228599816560745,-0.38467687368392944,-0.03431757539510727,0.9177849888801575,-0.04244556277990341,-0.6593969464302063,-0.007816259749233723,0.7505550980567932,-0.047268569469451904,-0.5308383107185364,-0.006954489275813103,0.8461253046989441,0.220688134431839,-0.5061967372894287,0.16000789403915405,0.8182047605514526,0.2174006849527359,-0.5079864859580994,0.1653261035680771,0.816917359828949,0.28572362661361694,-0.8417954444885254,0.007759526371955872,0.4579106867313385,0.30911189317703247,-0.8336318731307983,0.0014204232720658183,0.4577179551124573,0.30911189317703247,-0.8336318731307983,0.0014204232720658183,0.4577179551124573,-0.03622527793049812,-0.5649264454841614,-0.018513182178139687,0.824137806892395,-0.40568122267723083,-0.49523183703422546,-0.2724519670009613,0.7182883024215698,-0.3954615592956543,-0.5046719312667847,-0.28706666827201843,0.7116945385932922,-0.508790910243988,-0.8237233757972717,0.05410849675536156,0.24430274963378906,-0.5555099248886108,-0.7948376536369324,0.05566822737455368,0.23778747022151947,-0.5555099248886108,-0.7948376536369324,0.05566822737455368,0.23778747022151947,-0.04244556277990341,-0.6593969464302063,-0.007816259749233723,0.7505550980567932
-0.46000000834465027,0.0,0.10000000149011612,-0.031425509601831436,-0.6669340133666992,-0.007396645378321409,0.7444170713424683,-0.7279398441314697,0.03584923595190048,-0.23658356070518494,0.9622328281402588,0.32870739698410034,-0.15693512558937073,-0.8279911875724792,-0.06770467758178711,0.14248380064964294,1.1858456134796143,0.27241790294647217,0.19499163329601288,0.0,0.28017765283584595,0.6341928243637085,-0.010517938062548637,-1.067471981048584,-0.044572316110134125,0.24738343060016632,-0.9538478255271912,-0.08458986133337021,-1.3304208517074585,0.10895456373691559,0.0,0.0,0.0,0.0,0.4605178236961365,-0.5863834023475647,0.4712252616882324,0.2028643935918808,-1.41844642162323,0.2741982042789459,1.054236888885498,0.051708515733480453,-0.29120516777038574,0.9970753788948059,-1.0144987106323242,-0.3675234019756317,-0.8113252520561218,-0.11457591503858566,-0.055789049714803696,0.0,-1.2209128141403198,-0.12980282306671143,-0.7133129835128784,-0.4967951476573944,0.19713273644447327,0.1941208392381668,-0.4034721553325653,-1.2639976739883423,1.1081743240356445,-0.05186944827437401,0.0,0.0,0.0,-0.031425509601831436,-0.6669340133666992,-0.007396645378321409,0.7444170713424683,-0.031425509601831436,-0.6669340133666992,-0.007396645378321409,0.7444170713424683,-0.09335897862911224,-0.8763213157653809,0.07248150557279587,0.46700263023376465,-0.08497358113527298,-0.8748814463615417,0.08817674964666367,0.46860092878341675,0.018870331346988678,-0.8787957429885864,0.032258085906505585,0.4757324755191803,0.0018001021817326546,-0.5588794946670532,0.03732871636748314,0.8284063339233398,-0.00433168513700366,-0.41580870747566223,0.037120211869478226,0.9086838960647583,-0.07554741948843002,-0.4174390137195587,0.004411967936903238,0.9055483341217041,-0.07554741948843002,-0.4174390137195587,0.004411967936903238,0.9055483341217041,0.037793226540088654,-0.9031171798706055,-0.07206614315509796,0.4216129779815674,0.023501714691519737,-0.9001606106758118,-0.10259164869785309,0.4226505756378174,-0.04063281789422035,-0.8995501399040222,-0.07224644720554352,0.42888110876083374,0.006673153024166822,-0.506353497505188,-0.08261987566947937,0.8583329916000366,0.017830146476626396,-0.38511213660240173,-0.08094850927591324,0.9191398620605469,0.10721586644649506,-0.3911629021167755,-0.04307672008872032,0.9130392670631409,0.10721586644649506,-0.3911629021167755,-0.04307672008872032,0.9130392670631409,-0.031425509601831436,-0.6669340133666992,-0.007396645378321409,0.7444170713424683,-0.03593426197767258,-0.5563862919807434,-0.005176794249564409,0.8301302790641785,0.22469937801361084,-0.5302616953849792,0.16856756806373596,0.7999485731124878,0.22742369771003723,-0.5288107991218567,0.16444087028503418,0.8009973764419556,0.2950722575187683,-0.854925274848938,-0.00023035619233269244,0.42665573954582214,0.31561079621315,-0.847716212272644,-0.004998249001801014,0.426312118768692,0.31561079621315,-0.847716212272644,-0.004998249001801014,0.426312118768692,-0.025107966735959053,-0.5704196691513062,-0.01697658561170101,0.8207939863204956,-0.3990904688835144,-0.49897414445877075,-0.2769324779510498,0.7176768183708191,-0.378412663936615,-0.5172744393348694,-0.3059104382991791,0.7040240168571472,-0.5074034333229065,-0.8254867196083069,0.018832676112651825,0.24649295210838318,-0.5534077286720276,-0.7967222332954407,0.020521964877843857,0.24197620153427124,-0.5534077286720276,-0.7967222332954407,0.020521964877843857,0.24197620153427124,-0.031425509601831436,-0.6669340133666992,-0.007396645378321409,0.7444170713424683
-0.46000000834465027,0.0,0.10000000149011612,-0.02292369306087494,-0.6733542084693909,-0.010091220028698444,0.7388956546783447,-0.735436737537384,-0.016894057393074036,-0.2521929144859314,1.0278263092041016,0.3110913038253784,-0.16709783673286438,-0.7486383318901062,-0.07080981135368347,0.15196067094802856,1.0318259000778198,0.25944089889526367,0.22187913954257965,0.0,0.24156726896762848,0.6293728351593018,-0.0049012829549610615,-1.1135004758834839,-0.041545867919921875,0.24887192249298096,-0.9452340602874756,-0.15076756477355957,-1.31780207157135,0.10163518041372299,0.0,0.0,0.0,0.0,0.4743119180202484,-0.5165702104568481,0.2295166552066803,-0.224906787276268,-1.582298755645752,-0.4682805836200714,1.9678043127059937,-0.5284827947616577,-0.3048813045024872,2.3805854320526123,-0.09315400570631027,0.2843061089515686,-4.620591163635254,-0.3893100917339325,0.8066251277923584,0.0,-1.1583114862442017,-0.14459966123104095,0.1684996485710144,-1.3808547258377075,0.0907934382557869,0.04465475305914879,0.2584129571914673,-1.9853310585021973,0.37856337428092957,-0.2195814847946167,0.0,0.0,0.0,-0.02292369306087494,-0.6733542084693909,-0.010091220028698444,0.7388956546783447,-0.02292369306087494,-0.6733542084693909,-0.010091220028698444,0.7388956546783447,-0.08754560351371765,-0.8827802538871765,0.06729177385568619,0.45662519335746765,-0.09139955788850784,-0.8833171725273132,0.05983259156346321,0.4558694064617157,0.020414352416992188,-0.8877986073493958,0.0020262401085346937,0.4597746729850769,0.01678130216896534,-0.5470994710922241,0.011799969710409641,0.8368161916732788,0.014750663191080093,-0.4108555018901825,0.014257256872951984,0.9114696383476257,-0.06136452779173851,-0.41061216592788696,-0.02007908746600151,0.909521222114563,-0.06136452779173851,-0.41061216592788696,-0.02007908746600151,0.909521222114563,0.0388219952583313,-0.8898615837097168,-0.07122114300727844,0.44896185398101807,0.022905532270669937,-0.8867828845977783,-0.10267539322376251,0.45005470514297485,-0.0444738008081913,-0.8859630823135376,-0.06821674853563309,0.45655006170272827,-0.005031900946050882,-0.5454190969467163,-0.08127806335687637,0.8341981768608093,0.005524258594959974,-0.4329271912574768,-0.08124608546495438,0.8977430462837219,0.10488135367631912,-0.43926069140434265,-0.0328163281083107,0.8916125893592834,0.10488135367631912,-0.43926069140434265,-0.0328163281083107,0.8916125893592834,-0.02292369306087494,-0.6733542084693909,-0.010091220028698444,0.7388956546783447,-0.026637567207217216,-0.5794211030006409,-0.007184087764471769,0.8145612478256226,0.2267921268939972,-0.5531913638114929,0.17251013219356537,0.7828058004379272,0.228117898106575,-0.5525144934654236,0.17062993347644806,0.7833105325698853,0.300863116979599,-0.874853253364563,-0.002236241940408945,0.37961581349372864,0.320206880569458,-0.8680949807167053,-0.005631296429783106,0.379271537065506,0.320206880569458,-0.8680949807167053,-0.005631296429783106,0.379271537065506,-0.016248801723122597,-0.5767992734909058,-0.018611177802085876,0.8165122270584106,-0.38615867495536804,-0.5050984025001526,-0.2791404128074646,0.7196094393730164,-0.34841689467430115,-0.5360920429229736,-0.33061009645462036,0.6941959261894226,-0.4992635250091553,-0.8341038227081299,-0.022713158279657364,0.233432799577713,-0.5423912405967712,-0.8073264360427856,-0.021796898916363716,0.23143185675144196,-0.5423912405967712,-0.8073264360427856,-0.021796898916363716,0.23143185675144196,-0.02292369306087494,-0.6733542084693909,-0.010091220028698444,0.7388956546783447
-0.46000000834465027,0.0,0.10000000149011612,-0.011444155126810074,-0.6754900813102722,-0.014976123347878456,0.7371281385421753,-0.7543219327926636,-0.06688560545444489,-0.257161021232605,1.1110588312149048,0.31134966015815735,-0.17287985980510712,-0.6897131204605103,-0.07533986866474152,0.16015653312206268,0.9135981202125549,0.2590872049331665,0.2212478667497635,0.0,0.2161824256181717,0.6243029236793518,0.0003093581472057849,-1.1523088216781616,-0.04732954874634743,0.25560685992240906,-0.9331406950950623,-0.18006008863449097,-1.292540192604065,0.09976993501186371,0.0,0.0,0.0,0.0,0.7025818824768066,-0.17977534234523773,0.24909600615501404,-0.5665558576583862,-1.499746322631836,-0.14904318749904633,2.4969754219055176,0.007750689517706633,-0.1734606772661209,1.7677562236785889,-0.13590171933174133,0.24587585031986237,-3.5468332767486572,-0.010610817931592464,-0.018938181921839714,0.0,-0.7615452408790588,-0.15209732949733734,0.15631923079490662,-1.1642502546310425,-0.17351041734218597,0.20204810798168182,0.3628009259700775,-0.8787756562232971,0.7578563094139099,-0.055957358330488205,0.0,0.0,0.0,-0.011444155126810074,-0.6754900813102722,-0.014976123347878456,0.7371281385421753,-0.011444155126810074,-0.6754900813102722,-0.014976123347878456,0.7371281385421753,-0.0803539901971817,-0.8891429305076599,0.06040949746966362,0.446451336145401,-0.09523686021566391,-0.8906656503677368,0.03064582869410515,0.4435149133205414,0.019756264984607697,-0.8955249786376953,-0.026477521285414696,0.4437832832336426,0.030749410390853882,-0.5268089175224304,-0.012076548300683498,0.8493415117263794,0.03224999085068703,-0.3887505531311035,-0.007162909954786301,0.9207505583763123,-0.04736095666885376,-0.3866807222366333,-0.04069790616631508,0.9200970530509949,-0.04736095666885376,-0.3866807222366333,-0.04069790616631508,0.9200970530509949,0.0434424951672554,-0.8774248957633972,-0.07485371828079224,0.47184234857559204,0.025641607120633125,-0.8739833831787109,-0.10784533619880676,0.47314369678497314,-0.04435285925865173,-0.8732337951660156,-0.06965169310569763,0.48025432229042053,-0.009083511307835579,-0.571870744228363,-0.08207328617572784,0.816177248954773,0.001594957197085023,-0.4616439640522003,-0.0825590118765831,0.8832136392593384,0.09909061342477798,-0.46793651580810547,-0.03108959086239338,0.8776388168334961,0.09909061342477798,-0.46793651580810547,-0.03108959086239338,0.8776388168334961,-0.011444155126810074,-0.6754900813102722,-0.014976123347878456,0.7371281385421753,-0.01434063445776701,-0.5921052098274231,-0.011127639561891556,0.8056562542915344,0.23377491533756256,-0.56690913438797,0.171249657869339,0.7711270451545715,0.2336890548467636,-0.5669527053833008,0.17136642336845398,0.7710950970649719,0.30739355087280273,-0.8869488835334778,-0.010585798881947994,0.34455597400665283,0.32953059673309326,-0.8791598081588745,-0.013571332208812237,0.34395259618759155,0.32953059673309326,-0.8791598081588745,-0.013571332208812237,0.34395259618759155,-0.00403981190174818,-0.5763067007064819,-0.02220899984240532,0.8169217109680176,-0.37108051776885986,-0.5047187209129333,-0.2790728807449341,0.7277888655662537,-0.32586419582366943,-0.540080726146698,-0.34115299582481384,0.6969504952430725,-0.4867550730705261,-0.8371667861938477,-0.05103512108325958,0.24416518211364746,-0.5292955040931702,-0.8111674785614014,-0.04957352951169014,0.24371294677257538,-0.5292955040931702,-0.8111674785614014,-0.04957352951169014,0.24371294677257538,-0.011444155126810074,-0.6754900813102722,-0.014976123347878456,0.7371281385421753
-0.46000000834465027,0.0,0.10000000149011612,0.00048738616169430315,-0.6743329167366028,-0.016020270064473152,0.7382534742355347,-0.769049882888794,-0.12015410512685776,-0.25597018003463745,1.1998016834259033,0.30745333433151245,-0.1882331520318985,-0.6261695027351379,-0.06943295150995255,0.1826118379831314,0.7824334502220154,0.2527123689651489,0.2343529760837555,0.0,0.19032800197601318,0.6231415271759033,-0.010510184802114964,-1.1848509311676025,-0.05964485928416252,0.2633732557296753,-0.8943697810173035,-0.1855408400297165,-1.2453839778900146,0.08763778954744339,0.0,0.0,0.0,0.0,0.5718495845794678,0.08535172045230865,0.43762534856796265,-0.44183847308158875,-1.5980548858642578,0.03572523221373558,2.662285327911377,-0.11688976734876633,-0.46059873700141907,1.9063084125518799,0.17720749974250793,0.673659086227417,-3.9349398612976074,-0.19124506413936615,0.39315325021743774,0.0,-0.7756326794624329,-0.03484189510345459,-0.32458627223968506,-0.9762632250785828,-0.3694593012332916,0.23299185931682587,1.1631273031234741,-0.16442252695560455,1.4146863222122192,-0.36396434903144836,0.0,0.0,0.0,0.00048738616169430315,-0.6743329167366028,-0.016020270064473152,0.7382534742355347,0.00048738616169430315,-0.6743329167366028,-0.016020270064473152,0.7382534742355347,-0.07082248479127884,-0.8926348090171814,0.056648436933755875,0.4415634572505951,-0.09720658510923386,-0.894425630569458,0.0029516234062612057,0.43651458621025085,0.01774934120476246,-0.8995172381401062,-0.05278748273849487,0.433321088552475,0.044451892375946045,-0.4978179335594177,-0.03354976326227188,0.8654916286468506,0.04906488582491875,-0.35942161083221436,-0.026347564533352852,0.9315119981765747,-0.03869360312819481,-0.35535481572151184,-0.06000857055187225,0.9320003986358643,-0.03869360312819481,-0.35535481572151184,-0.06000857055187225,0.9320003986358643,0.049452051520347595,-0.8611440062522888,-0.07423630356788635,0.5004742741584778,0.03205104172229767,-0.8580483794212341,-0.10408145189285278,0.501889169216156,-0.046318549662828445,-0.8573966026306152,-0.05788610130548477,0.5092886090278625,-0.02074623852968216,-0.5984180569648743,-0.07117445021867752,0.7977465987205505,-0.011611422523856163,-0.49311506748199463,-0.07322146743535995,0.8667994737625122,0.08980444818735123,-0.49829384684562683,-0.015070010907948017,0.8622130155563354,0.08980444818735123,-0.49829384684562683,-0.015070010907948017,0.8622130155563354,0.00048738616169430315,-0.6743329167366028,-0.016020270064473152,0.7382534742355347,-0.0020189147908240557,-0.6012739539146423,-0.011496842838823795,0.7989577054977417,0.24300208687782288,-0.5758489370346069,0.17337971925735474,0.7611093521118164,0.24596165120601654,-0.5743153691291809,0.16946573555469513,0.7621982097625732,0.31746575236320496,-0.8928285837173462,-0.024082446470856667,0.3185790479183197,0.34535813331604004,-0.8827709555625916,-0.027026411145925522,0.3173527121543884,0.34535813331604004,-0.8827709555625916,-0.027026411145925522,0.3173527121543884,0.008142338134348392,-0.5717443227767944,-0.021904466673731804,0.8200989365577698,-0.34729284048080444,-0.5060514807701111,-0.2669893801212311,0.7429779767990112,-0.3005656898021698,-0.5403059720993042,-0.33251291513442993,0.7121551036834717,-0.4586169719696045,-0.8418862223625183,-0.06993226706981659,0.2756946086883545,-0.4965266287326813,-0.820091187953949,-0.06725883483886719,0.2763839066028595,-0.4965266287326813,-0.820091187953949,-0.06725883483886719,0.2763839066028595,0.00048738616169430315,-0.6743329167366028,-0.016020270064473152,0.7382534742355347
-0.46000000834465027,0.0,0.10000000149011612,0.006716437637805939,-0.6711164116859436,-0.019219426438212395,0.7410723567008972,-0.7986015677452087,-0.1656276434659958,-0.24616941809654236,1.2086046934127808,0.2909727692604065,-0.21183381974697113,-0.5654303431510925,-0.0582260899245739,0.21054047346115112,0.6530828475952148,0.25789856910705566,0.2544853389263153,0.0,0.17147298157215118,0.6240242123603821,-0.0027035099919885397,-1.2208424806594849,-0.06307075917720795,0.28185299038887024,-0.8490045666694641,-0.18550929427146912,-1.2258418798446655,0.07379423081874847,0.0,0.0,0.0,0.0,0.4083688259124756,0.25063657760620117,0.11312485486268997,-0.8865504860877991,-1.364206075668335,0.2940228283405304,0.26409029960632324,-0.4944169223308563,-0.7080199718475342,1.8221746683120728,0.3362058401107788,0.837859034538269,-3.8805179595947266,0.15558598935604095,0.6039708256721497,0.0,-0.5656505823135376,0.026480553671717644,0.23420022428035736,-1.0797464847564697,-0.10277698934078217,0.5543920397758484,1.3609563112258911,0.0009463726892136037,0.5862628817558289,-0.4153067469596863,0.0,0.0,0.0,0.006716437637805939,-0.6711164116859436,-0.019219426438212395,0.7410723567008972,0.006716437637805939,-0.6711164116859436,-0.019219426438212395,0.7410723567008972,-0.06855850666761398,-0.8972902894020081,0.05433858931064606,0.4326859712600708,-0.10411498695611954,-0.8987100124359131,-0.020070765167474747,0.4255320131778717,0.007011047564446926,-0.904693603515625,-0.07216326147317886,0.4198485314846039,0.046771686524152756,-0.5059182047843933,-0.05539945885539055,0.8595289587974548,0.05430903285741806,-0.37596437335014343,-0.04803352802991867,0.9237933158874512,-0.043657805770635605,-0.36877942085266113,-0.08751092106103897,0.9243578910827637,-0.043657805770635605,-0.36877942085266113,-0.08751092106103897,0.9243578910827637,0.04972636699676514,-0.8436775207519531,-0.07377254962921143,0.529427170753479,0.034294236451387405,-0.8411725759506226,-0.09829983860254288,0.5306503176689148,-0.05428258702158928,-0.840119481086731,-0.04199710860848427,0.5380417108535767,-0.03794277831912041,-0.6231382489204407,-0.057190049439668655,0.7790945768356323,-0.030273564159870148,-0.5177791714668274,-0.06159437820315361,0.852756917476654,0.07818568497896194,-0.5214095115661621,0.00460954150184989,0.8497045636177063,0.07818568497896194,-0.5214095115661621,0.00460954150184989,0.8497045636177063,0.006716437637805939,-0.6711164116859436,-0.019219426438212395,0.7410723567008972,0.004725803155452013,-0.6053535342216492,-0.014590179547667503,0.7958089709281921,0.2487904578447342,-0.5806045532226562,0.17194218933582306,0.7559348940849304,0.2495589256286621,-0.5802041888237,0.17094333469867706,0.7562154531478882,0.321989506483078,-0.8993210792541504,-0.030824774876236916,0.2942689061164856,0.35152068734169006,-0.888612687587738,-0.03313387185335159,0.29275044798851013,0.35152068734169006,-0.888612687587738,-0.03313387185335159,0.29275044798851013,0.015263089910149574,-0.5605179667472839,-0.024623338133096695,0.8276354074478149,-0.3269675672054291,-0.5006269812583923,-0.2532968819141388,0.7604640126228333,-0.28075775504112244,-0.533122181892395,-0.3206029534339905,0.7308690547943115,-0.4341190457344055,-0.8450429439544678,-0.07549086958169937,0.30289310216903687,-0.46643486618995667,-0.8275690078735352,-0.07223580777645111,0.30389145016670227,-0.46643486618995667,-0.8275690078735352,-0.07223580777645111,0.30389145016670227,0.006716437637805939,-0.6711164116859436,-0.019219426438212395,0.7410723567008972
-0.46000000834465027,0.0,0.10000000149011612,0.004856644663959742,-0.6717997193336487,-0.024036811664700508,0.7403267621994019,-0.7964521050453186,-0.17089171707630157,-0.22501462697982788,1.1575720310211182,0.2773839831352234,-0.21511507034301758,-0.5120111107826233,-0.06263203173875809,0.19800034165382385,0.5569203495979309,0.24873647093772888,0.2382892370223999,0.0,0.173021137714386,0.6347642540931702,-0.030348850414156914,-1.2330304384231567,-0.05907560884952545,0.2915835678577423,-0.7999213337898254,-0.1321900337934494,-1.1598929166793823,0.07009562104940414,0.0,0.0,0.0,0.0,0.1108001247048378,-0.0563199408352375,-0.29022663831710815,0.0644838809967041,-0.1579221934080124,0.6346436738967896,-1.5309797525405884,-0.4076635539531708,-0.09843751043081284,1.6025768518447876,-0.13217824697494507,-0.3762039244174957,-2.8848748207092285,-0.27486294507980347,-0.48588302731513977,0.0,0.04644468054175377,0.3222012221813202,-0.8293601870536804,-0.36563870310783386,0.11985450237989426,0.2919172942638397,1.4724968671798706,1.599577784538269,1.9784687757492065,-0.1109582856297493,0.0,0.0,0.0,0.004856644663959742,-0.6717997193336487,-0.024036811664700508,0.7403267621994019,0.004856644663959742,-0.6717997193336487,-0.024036811664700508,0.7403267621994019,-0.07195258885622025,-0.897023618221283,0.05032839626073837,0.43317264318466187,-0.10865786671638489,-0.8980461359024048,-0.026408933103084564,0.42545172572135925,-0.007147164084017277,-0.9045674800872803,-0.07400748133659363,0.41979697346687317,0.034499604254961014,-0.5276058316230774,-0.0658632442355156,0.8462292551994324,0.04327377676963806,-0.4055502414703369,-0.06046130880713463,0.9110438227653503,-0.05477709323167801,-0.3967161476612091,-0.10364785045385361,0.9104245901107788,-0.05477709323167801,-0.3967161476612091,-0.10364785045385361,0.9104245901107788,0.0428474061191082,-0.8306635618209839,-0.07296063750982285,0.5503079891204834,0.025595759972929955,-0.8279718160629272,-0.09893368184566498,0.5513797998428345,-0.05636508762836456,-0.8264474868774414,-0.04395168647170067,0.5584583878517151,-0.04211265593767166,-0.6411060690879822,-0.05775203928351402,0.764116644859314,-0.034623369574546814,-0.5413672924041748,-0.06252995878458023,0.8377426266670227,0.0651986300945282,-0.5449618101119995,0.002261837013065815,0.8359190225601196,0.0651986300945282,-0.5449618101119995,0.002261837013065815,0.8359190225601196,0.004856644663959742,-0.6717997193336487,-0.024036811664700508,0.7403267621994019,0.0032665191683918238,-0.6054737567901611,-0.0195116326212883,0.7956193685531616,0.2514006793498993,-0.581322968006134,0.17041940987110138,0.7548632621765137,0.26001280546188354,-0.5767294764518738,0.1592078059911728,0.7579111456871033,0.32376381754875183,-0.8987157344818115,-0.04857359826564789,0.29176634550094604,0.35143280029296875,-0.8887783885002136,-0.05065819248557091,0.2898305654525757,0.35143280029296875,-0.8887783885002136,-0.05065819248557091,0.2898305654525757,0.014418346807360649,-0.5572890639305115,-0.029830899089574814,0.829657256603241,-0.3097732961177826,-0.501690149307251,-0.24447493255138397,0.7697919011116028,-0.27704107761383057,-0.5242063403129578,-0.29339849948883057,0.7499155402183533,-0.4113573133945465,-0.8386496901512146,-0.06889256834983826,0.35029366612434387,-0.44223490357398987,-0.8228067755699158,-0.06409066915512085,0.35115477442741394,-0.44223490357398987,-0.8228067755699158,-0.06409066915512085,0.35115477442741394,0.004856644663959742,-0.6717997193336487,-0.024036811664700508,0.7403267621994019
-0.46000000834465027,0.0,0.10000000149011612,0.0021883698645979166,-0.6757404208183289,-0.02877909131348133,0.7365744113922119,-0.7877730131149292,-0.18248702585697174,-0.206497922539711,1.1993186473846436,0.2699972987174988,-0.21477274596691132,-0.45980584621429443,-0.07309753447771072,0.1757185012102127,0.48653334379196167,0.23059190809726715,0.20933081209659576,0.0,0.16335345804691315,0.6186224222183228,-0.07290267199277878,-1.1804529428482056,-0.057712994515895844,0.279537171125412,-0.7082415223121643,-0.01820928230881691,-1.004401445388794,0.06125257536768913,0.0,0.0,0.0,0.0,0.06803880631923676,-0.3210671842098236,-0.3247661590576172,0.26037275791168213,-0.3478592336177826,0.5555011034011841,1.2523983716964722,-0.2216005176305771,0.010269730351865292,1.5661578178405762,-0.3139650523662567,-0.668455183506012,-2.111610174179077,-0.5443368554115295,-0.8687527179718018,0.0,-0.2900303602218628,-0.4842549264431,-1.2766145467758179,1.5773247480392456,0.040878426283597946,-0.3613918721675873,2.750394105911255,3.4194223880767822,4.664743900299072,-0.26529136300086975,0.0,0.0,0.0,0.0021883698645979166,-0.6757404208183289,-0.02877909131348133,0.7365744113922119,0.0021883698645979166,-0.6757404208183289,-0.02877909131348133,0.7365744113922119,-0.07576872408390045,-0.8972631096839905,0.045777082443237305,0.43253031373023987,-0.11486439406871796,-0.8977017402648926,-0.036169227212667465,0.42382726073265076,-0.021730506792664528,-0.9047596454620361,-0.0796586275100708,0.41784238815307617,0.027017103508114815,-0.5110903382301331,-0.07802427560091019,0.8555518388748169,0.03727249801158905,-0.3912923038005829,-0.0736781656742096,0.9165547490119934,-0.06117863580584526,-0.3811414837837219,-0.11519250273704529,0.9152699112892151,-0.06117863580584526,-0.3811414837837219,-0.11519250273704529,0.9152699112892151,0.03565146028995514,-0.8199649453163147,-0.07194705307483673,0.5667539834976196,0.014918103814125061,-0.816788375377655,-0.10186104476451874,0.5676782131195068,-0.05680956318974495,-0.8149468898773193,-0.051656514406204224,0.5744264721870422,-0.04269414767622948,-0.6525872349739075,-0.063819520175457,0.7538130879402161,-0.035068850964307785,-0.5615353584289551,-0.06830737739801407,0.8238824605941772,0.05119769647717476,-0.5655987858772278,-0.009267488494515419,0.8230376243591309,0.05119769647717476,-0.5655987858772278,-0.009267488494515419,0.8230376243591309,0.0021883698645979166,-0.6757404208183289,-0.02877909131348133,0.7365744113922119,0.0010626970324665308,-0.6135233640670776,-0.024731606245040894,0.7892884612083435,0.24127373099327087,-0.5919360518455505,0.16320018470287323,0.7515080571174622,0.26226943731307983,-0.5810474157333374,0.1363106518983841,0.7582994699478149,0.31277045607566833,-0.8949785232543945,-0.05981412157416344,0.31242653727531433,0.3398522138595581,-0.8856225609779358,-0.06247026100754738,0.31027501821517944,0.3398522138595581,-0.8856225609779358,-0.06247026100754738,0.31027501821517944,0.012079576030373573,-0.5667189955711365,-0.0346374586224556,0.8230940699577332,-0.27409082651138306,-0.5195440053939819,-0.2290070503950119,0.7762113213539124,-0.2694895267486572,-0.5224567651748657,-0.23589394986629486,0.7738012671470642,-0.36634451150894165,-0.8212293386459351,-0.05460059642791748,0.43404242396354675,-0.39343491196632385,-0.8087281584739685,-0.04771612584590912,0.4346158504486084,-0.39343491196632385,-0.8087281584739685,-0.04771612584590912,0.4346158504486084,0.0021883698645979166,-0.6757404208183289,-0.02877909131348133,0.7365744113922119
-0.46000000834465027,0.0,0.10000000149011612,0.003308611921966076,-0.6735256314277649,-0.031376853585243225,0.7384902238845825,-0.7653357982635498,-0.1883903443813324,-0.21018724143505096,1.2051820755004883,0.25355541706085205,-0.21734066307544708,-0.4267227053642273,-0.06209896132349968,0.2080388367176056,0.4260304570198059,0.23890891671180725,0.22267597913742065,0.0,0.1584313064813614,0.6102790832519531,-0.10049637407064438,-1.1363248825073242,-0.05372851714491844,0.2743452489376068,-0.6409326195716858,0.0530143678188324,-0.9168912172317505,0.041772641241550446,0.0,0.0,0.0,0.0,0.15840654075145721,0.17396414279937744,-0.0657883957028389,0.6731163859367371,-0.1770995408296585,-0.11067955940961838,0.1759028285741806,-0.49325641989707947,-0.0770375058054924,0.9924941658973694,0.32995718717575073,0.9696100354194641,-1.8150864839553833,0.2495102435350418,0.4003549814224243,0.0,-0.14766453206539154,-0.25030016899108887,-0.8278110027313232,1.3238416910171509,0.11953431367874146,-0.15575765073299408,2.0192670822143555,2.136709213256836,2.6253066062927246,-0.5843979716300964,0.0,0.0,0.0,0.003308611921966076,-0.6735256314277649,-0.031376853585243225,0.7384902238845825,0.003308611921966076,-0.6735256314277649,-0.031376853585243225,0.7384902238845825,-0.07333846390247345,-0.8914843201637268,0.041068535298109055,0.44518595933914185,-0.11488572508096695,-0.8913950324058533,-0.04296291992068291,0.43631449341773987,-0.020744292065501213,-0.898528516292572,-0.0884953960776329,0.42940041422843933,0.03306673839688301,-0.4968954026699066,-0.08466611802577972,0.8630371689796448,0.043506406247615814,-0.38378652930259705,-0.07980571687221527,0.9189375042915344,-0.05641504004597664,-0.3728671967983246,-0.12095913290977478,0.9182354211807251,-0.05641504004597664,-0.3728671967983246,-0.12095913290977478,0.9182354211807251,0.03372789919376373,-0.8091161251068115,-0.07181426137685776,0.5822681784629822,0.015635423362255096,-0.8064967393875122,-0.09689824283123016,0.5830345749855042,-0.06818920373916626,-0.8037609457969666,-0.03583688288927078,0.5899443030357361,-0.05907178297638893,-0.6608753800392151,-0.049442633986473083,0.7465317845344543,-0.05275871977210045,-0.5672011971473694,-0.05612991377711296,0.8199687600135803,0.03867311775684357,-0.5699257850646973,0.007238273974508047,0.8207536935806274,0.03867311775684357,-0.5699257850646973,0.007238273974508047,0.8207536935806274,0.003308611921966076,-0.6735256314277649,-0.031376853585243225,0.7384902238845825,0.0024296536576002836,-0.6131064295768738,-0.027347736060619354,0.7895230650901794,0.2395108938217163,-0.5929999947547913,0.1581088751554489,0.752321183681488,0.26843568682670593,-0.5778722167015076,0.1209525465965271,0.7611678242683411,0.309628427028656,-0.8869516253471375,-0.0687749981880188,0.33573365211486816,0.3347896635532379,-0.8783634901046753,-0.07190791517496109,0.3335007429122925,0.3347896635532379,-0.8783634901046753,-0.07190791517496109,0.3335007429122925,0.013342645950615406,-0.5663865208625793,-0.03697139769792557,0.8232018947601318,-0.24665279686450958,-0.525904655456543,-0.2135060727596283,0.7854946255683899,-0.2601219415664673,-0.5178883075714111,-0.19306382536888123,0.7917415499687195,-0.3338802456855774,-0.8066471219062805,-0.0368611216545105,0.48629793524742126,-0.3523615896701813,-0.7988805174827576,-0.031004007905721664,0.4864874482154846,-0.3523615896701813,-0.7988805174827576,-0.031004007905721664,0.4864874482154846,0.003308611921966076,-0.6735256314277649,-0.031376853585243225,0.7384902238845825
-0.46000000834465027,0.0,0.10000000149011612,0.004221554845571518,-0.6714187860488892,-0.03619636595249176,0.7401816248893738,-0.7351690530776978,-0.18335703015327454,-0.21705779433250427,1.0839864015579224,0.24641643464565277,-0.22276359796524048,-0.4058026671409607,-0.04570135474205017,0.24666382372379303,0.3869789242744446,0.26398828625679016,0.24581487476825714,0.0,0.16217467188835144,0.6035090088844299,-0.13761268556118011,-1.084468126296997,-0.04932133108377457,0.2690897285938263,-0.5864804983139038,0.12382929027080536,-0.845447838306427,0.037857066839933395,0.0,0.0,0.0,0.0,0.23884771764278412,0.16094407439231873,-0.1730547398328781,0.9050022959709167,0.15099941194057465,-0.20611657202243805,-3.6358699798583984,-0.2141694575548172,-0.16268803179264069,0.6276010870933533,0.4919281601905823,1.1587495803833008,-1.1715458631515503,0.7523810267448425,0.6941668391227722,0.0,0.11230095475912094,-0.2031022161245346,-1.1134892702102661,1.555702567100525,0.13221557438373566,-0.15766559541225433,1.63356351852417,2.1244475841522217,2.143301248550415,-0.11746722459793091,0.0,0.0,0.0,0.004221554845571518,-0.6714187860488892,-0.03619636595249176,0.7401816248893738,0.004221554845571518,-0.6714187860488892,-0.03619636595249176,0.7401816248893738,-0.07107336074113846,-0.8838893175125122,0.03360038623213768,0.46104153990745544,-0.11298330873250961,-0.8832535147666931,-0.04746091365814209,0.4525986313819885,-0.01664811372756958,-0.8902947902679443,-0.09620533883571625,0.44479498267173767,0.03536485508084297,-0.5332546234130859,-0.09100523591041565,0.8403016328811646,0.04628101736307144,-0.42594194412231445,-0.08596914261579514,0.8994669914245605,-0.05398299917578697,-0.4137469530105591,-0.13278058171272278,0.8990375995635986,-0.05398299917578697,-0.4137469530105591,-0.13278058171272278,0.8990375995635986,0.03210742026567459,-0.801498293876648,-0.07487980276346207,0.5924209952354431,0.01856299303472042,-0.7995781302452087,-0.09317344427108765,0.5929999351501465,-0.07994169741868973,-0.7957883477210999,-0.01951516978442669,0.5999578237533569,-0.07469746470451355,-0.6655758023262024,-0.03452254459261894,0.7417798638343811,-0.06950414925813675,-0.5621597170829773,-0.04405326768755913,0.8229246139526367,0.0319092683494091,-0.5633198022842407,0.025198832154273987,0.8252378702163696,0.0319092683494091,-0.5633198022842407,0.025198832154273987,0.8252378702163696,0.004221554845571518,-0.6714187860488892,-0.03619636595249176,0.7401816248893738,0.0037189412396401167,-0.6093988418579102,-0.031971633434295654,0.7922102212905884,0.23899254202842712,-0.5913658738136292,0.15058378875255585,0.7553101778030396,0.2783541977405548,-0.5703065395355225,0.09943276643753052,0.7664088606834412,0.30704331398010254,-0.8743427395820618,-0.08383169770240784,0.36636239290237427,0.33003243803977966,-0.8665819764137268,-0.08751184493303299,0.36394497752189636,0.33003243803977966,-0.8665819764137268,-0.08751184493303299,0.36394497752189636,0.014684343710541725,-0.5662237405776978,-0.04153841733932495,0.8230732679367065,-0.22385649383068085,-0.5300460457801819,-0.20343542098999023,0.7921827435493469,-0.2553690969944,-0.5121288299560547,-0.15499567985534668,0.8052869439125061,-0.31044304370880127,-0.7900099158287048,-0.016623731702566147,0.5284250974655151,-0.32709068059921265,-0.783454418182373,-0.010447593405842781,0.5283007621765137,-0.32709068059921265,-0.783454418182373,-0.010447593405842781,0.5283007621765137,0.004221554845571518,-0.6714187860488892,-0.03619636595249176,0.7401816248893738
-0.46000000834465027,0.0,0.10000000149011612,0.002076891250908375,-0.6682664752006531,-0.03700569272041321,0.7429981231689453,-0.7122849225997925,-0.16604550182819366,-0.2209455668926239,1.0471947193145752,0.24289190769195557,-0.2135007530450821,-0.39225074648857117,-0.0322251170873642,0.2541447579860687,0.35641592741012573,0.2758011519908905,0.24961867928504944,0.0,0.16985785961151123,0.5979405641555786,-0.17496514320373535,-1.0187326669692993,-0.059608835726976395,0.25791287422180176,-0.5476981401443481,0.18456193804740906,-0.7872748374938965,0.04368821159005165,0.0,0.0,0.0,0.0,-0.056510087102651596,0.25832366943359375,-0.11542613804340363,0.6865238547325134,0.5193458199501038,-0.11663316935300827,-1.103750467300415,-0.10573580116033554,0.2778853476047516,0.4065575897693634,0.40428709983825684,0.22442801296710968,-0.9168898463249207,0.35438594222068787,0.11411412805318832,0.0,0.2304956167936325,-0.16705332696437836,-1.12057363986969,1.972063660621643,-0.30862513184547424,-0.3353056013584137,1.1634706258773804,1.821979284286499,1.745189905166626,0.17493432760238647,0.0,0.0,0.0,0.002076891250908375,-0.6682664752006531,-0.03700569272041321,0.7429981231689453,0.002076891250908375,-0.6682664752006531,-0.03700569272041321,0.7429981231689453,-0.07082073390483856,-0.8767470121383667,0.03166528046131134,0.4746539890766144,-0.1099386215209961,-0.8763530254364014,-0.04115014523267746,0.4671461284160614,-0.012652086094021797,-0.8831313848495483,-0.09240132570266724,0.45976170897483826,0.03524351119995117,-0.5349345803260803,-0.08634798228740692,0.8397302627563477,0.045444779098033905,-0.429263174533844,-0.08144231885671616,0.8983513116836548,-0.05053121596574783,-0.4181421399116516,-0.1267157346010208,0.8980795741081238,-0.05053121596574783,-0.4181421399116516,-0.1267157346010208,0.8980795741081238,0.028776278719305992,-0.7952052354812622,-0.07416116446256638,0.6010996103286743,0.019087709486484528,-0.793907105922699,-0.08696378022432327,0.6014851927757263,-0.08167857676744461,-0.7899249792098999,-0.010035977698862553,0.6076564788818359,-0.07860598713159561,-0.6696979403495789,-0.02435588836669922,0.7380599975585938,-0.07451170682907104,-0.5618836879730225,-0.03493015840649605,0.8231127262115479,0.028533538803458214,-0.5618613362312317,0.03528795391321182,0.8259857296943665,0.028533538803458214,-0.5618613362312317,0.03528795391321182,0.8259857296943665,0.002076891250908375,-0.6682664752006531,-0.03700569272041321,0.7429981231689453,0.0016428701346740127,-0.6029670834541321,-0.03273902088403702,0.7970923185348511,0.2363426387310028,-0.5858624577522278,0.14630897343158722,0.7612496614456177,0.28572237491607666,-0.5588362216949463,0.0806664451956749,0.7743111252784729,0.30479341745376587,-0.8560771346092224,-0.09307855367660522,0.4069020450115204,0.3322998285293579,-0.8466888666152954,-0.09881415218114853,0.4036465585231781,0.3322998285293579,-0.8466888666152954,-0.09881415218114853,0.4036465585231781,0.012205314822494984,-0.5673403143882751,-0.042431458830833435,0.8222989439964294,-0.21063125133514404,-0.5347244739532471,-0.19428133964538574,0.7949584722518921,-0.2577885389328003,-0.5084781050682068,-0.12156253308057785,0.8125377297401428,-0.2977008521556854,-0.774287223815918,0.005451127886772156,0.5584118366241455,-0.31674131751060486,-0.7670350074768066,0.013303102925419807,0.5578129291534424,-0.31674131751060486,-0.7670350074768066,0.013303102925419807,0.5578129291534424,0.002076891250908375,-0.6682664752006531,-0.03700569272041321,0.7429981231689453
-0.46000000834465027,0.0,0.10000000149011612,0.00430799787864089,-0.6686493158340454,-0.035033218562603,0.7427396774291992,-0.6716715097427368,-0.14506670832633972,-0.22217123210430145,0.9828106164932251,0.2309238314628601,-0.19935713708400726,-0.379257470369339,-0.025998111814260483,0.24762855470180511,0.3360321521759033,0.2787241041660309,0.24267840385437012,0.0,0.17645129561424255,0.5885688066482544,-0.21786107122898102,-0.926092803478241,-0.057425085455179214,0.2458161562681198,-0.5153882503509521,0.22948992252349854,-0.7239934206008911,0.03277280554175377,0.0,0.0,0.0,0.0,0.019556378945708275,-0.03262929245829582,0.17676982283592224,1.2184022665023804,0.6293637752532959,-0.03676995262503624,-1.9315229654312134,-0.3590422570705414,0.4243084490299225,0.38979825377464294,0.18681015074253082,-0.19548608362674713,-0.6115131974220276,0.08768855780363083,-0.20820824801921844,0.0,0.1978030651807785,-0.28115272521972656,-1.2868777513504028,2.779195785522461,0.0655125081539154,-0.362901508808136,0.9692966341972351,1.3478394746780396,1.8984423875808716,-0.32746216654777527,0.0,0.0,0.0,0.00430799787864089,-0.6686493158340454,-0.035033218562603,0.7427396774291992,0.00430799787864089,-0.6686493158340454,-0.035033218562603,0.7427396774291992,-0.06411783397197723,-0.8680983185768127,0.02890522964298725,0.49138444662094116,-0.09955976158380508,-0.8679105043411255,-0.03408166021108627,0.4854457974433899,-0.0027318974025547504,-0.8735979199409485,-0.08768679946660995,0.4786754846572876,0.03896772861480713,-0.5443552732467651,-0.0785999596118927,0.8342547416687012,0.04776342213153839,-0.4446199834346771,-0.0735873207449913,0.8914127349853516,-0.04118134081363678,-0.435090035200119,-0.11746777594089508,0.8917410373687744,-0.04118134081363678,-0.435090035200119,-0.11746777594089508,0.8917410373687744,0.030472880229353905,-0.7916848659515381,-0.07142480462789536,0.6059744358062744,0.022593431174755096,-0.7906895279884338,-0.08170963823795319,0.6063193082809448,-0.0752282440662384,-0.7874268889427185,-0.006204806733876467,0.6117688417434692,-0.07313130050897598,-0.6740346550941467,-0.018697602674365044,0.7348330020904541,-0.06982497125864029,-0.5654231309890747,-0.028675096109509468,0.8213397264480591,0.030104752629995346,-0.5647366642951965,0.039975494146347046,0.8237524628639221,0.030104752629995346,-0.5647366642951965,0.039975494146347046,0.8237524628639221,0.00430799787864089,-0.6686493158340454,-0.035033218562603,0.7427396774291992,0.0036726200487464666,-0.6007579565048218,-0.030408864840865135,0.7988439798355103,0.23522350192070007,-0.5837515592575073,0.1451513171195984,0.7634363770484924,0.29617568850517273,-0.5495573282241821,0.06306368112564087,0.7786460518836975,0.3075694739818573,-0.8305693864822388,-0.09812185913324356,0.4537925124168396,0.3336564600467682,-0.8214189410209656,-0.10511121898889542,0.4504397213459015,0.3336564600467682,-0.8214189410209656,-0.10511121898889542,0.4504397213459015,0.013709371909499168,-0.5726926922798157,-0.03995949402451515,0.8186808824539185,-0.19538535177707672,-0.5435987710952759,-0.1845916360616684,0.7951420545578003,-0.2548890709877014,-0.5119815468788147,-0.09392359852790833,0.8149139881134033,-0.2837376594543457,-0.7610672116279602,0.019878989085555077,0.5829874873161316,-0.29792657494544983,-0.7559120655059814,0.026220867410302162,0.5823652148246765,-0.29792657494544983,-0.7559120655059814,0.026220867410302162,0.5823652148246765,0.00430799787864089,-0.6686493158340454,-0.035033218562603,0.7427396774291992
-0.46000000834465027,0.0,0.10000000149011612,0.000748612335883081,-0.665952205657959,-0.044838979840278625,0.7446452379226685,-0.6178438663482666,-0.10898535698652267,-0.2121715545654297,0.8003942966461182,0.225897878408432,-0.17896628379821777,-0.36462292075157166,-0.009208324365317822,0.24854260683059692,0.3017604351043701,0.2965560257434845,0.2388007640838623,0.0,0.1741383671760559,0.5908588171005249,-0.25869426131248474,-0.8335734009742737,-0.0591580867767334,0.23014739155769348,-0.48297664523124695,0.2779439091682434,-0.6614181399345398,0.0326215997338295,0.0,0.0,0.0,0.0,0.23995667695999146,0.20666466653347015,-0.5750953555107117,1.614829182624817,1.0824404954910278,0.29999029636383057,-5.472489356994629,-0.15077857673168182,0.6117255687713623,0.43903645873069763,0.5036935806274414,0.027421562001109123,-1.028151512145996,0.5349576473236084,-0.11632918566465378,0.0,-0.06938785314559937,0.06870031356811523,-1.2249956130981445,2.7755818367004395,-0.05199003592133522,-0.47006291151046753,0.9723480939865112,1.4536194801330566,1.87725830078125,-0.004536173772066832,0.0,0.0,0.0,0.000748612335883081,-0.665952205657959,-0.044838979840278625,0.7446452379226685,0.000748612335883081,-0.665952205657959,-0.044838979840278625,0.7446452379226685,-0.06485802680253983,-0.8531677722930908,0.01565929688513279,0.5173518657684326,-0.09293968975543976,-0.8527542948722839,-0.030832339078187943,0.5130513906478882,-0.0021216918248683214,-0.8578013181686401,-0.0849844291806221,0.5069023966789246,0.03115588240325451,-0.5925323367118835,-0.07909592986106873,0.8010483980178833,0.0398721769452095,-0.4984714388847351,-0.07508038729429245,0.8627278804779053,-0.03738396614789963,-0.4897676408290863,-0.11932528018951416,0.8628392815589905,-0.03738396614789963,-0.4897676408290863,-0.11932528018951416,0.8628392815589905,0.02413337118923664,-0.7852867841720581,-0.07916923612356186,0.6135751605033875,0.02130812592804432,-0.784913957118988,-0.08278397470712662,0.6136797666549683,-0.07614760100841522,-0.7815020680427551,-0.006078916601836681,0.6192084550857544,-0.07436878979206085,-0.6795513033866882,-0.017455479130148888,0.7296400666236877,-0.0709739476442337,-0.5643009543418884,-0.028250832110643387,0.8220273852348328,0.027448704466223717,-0.5636484622955322,0.03916807845234871,0.8246289491653442,0.027448704466223717,-0.5636484622955322,0.03916807845234871,0.8246289491653442,0.000748612335883081,-0.665952205657959,-0.044838979840278625,0.7446452379226685,0.0010009878315031528,-0.5988076329231262,-0.04053821414709091,0.7998656630516052,0.23383906483650208,-0.5846683382987976,0.1355612576007843,0.7649218440055847,0.306053102016449,-0.543485164642334,0.037853069603443146,0.7807192206382751,0.3081034719944,-0.8046494722366333,-0.10948863625526428,0.49560439586639404,0.3345125615596771,-0.7952039241790771,-0.11805158853530884,0.49174782633781433,0.3345125615596771,-0.7952039241790771,-0.11805158853530884,0.49174782633781433,0.010683178901672363,-0.5762110352516174,-0.049825262278318405,0.8157108426094055,-0.18470244109630585,-0.5475755929946899,-0.18617922067642212,0.7945963144302368,-0.25700557231903076,-0.509849488735199,-0.0761365219950676,0.817438006401062,-0.278871089220047,-0.741823136806488,0.027492985129356384,0.6092400550842285,-0.292789101600647,-0.7367722988128662,0.034294284880161285,0.6084941029548645,-0.292789101600647,-0.7367722988128662,0.034294284880161285,0.6084941029548645,0.000748612335883081,-0.665952205657959,-0.044838979840278625,0.7446452379226685
-0.46000000834465027,0.0,0.10000000149011612,-0.0036197819281369448,-0.6678232550621033,-0.04846735671162605,0.7427313923835754,-0.557747483253479,-0.08400936424732208,-0.21135661005973816,0.7272182106971741,0.20724232494831085,-0.17039167881011963,-0.35203590989112854,0.0017478622030466795,0.2418975830078125,0.2904976010322571,0.30465027689933777,0.23188231885433197,0.0,0.17899149656295776,0.5819286108016968,-0.30479297041893005,-0.731478750705719,-0.05684501305222511,0.2128949761390686,-0.4619182050228119,0.3321838080883026,-0.6039973497390747,0.028944090008735657,0.0,0.0,0.0,0.0,-0.05514286085963249,-0.1481533944606781,-0.34189489483833313,1.8028913736343384,0.7492797374725342,0.0244483333081007,-2.195282459259033,-0.5596665740013123,0.25723814964294434,0.37761029601097107,0.32868558168411255,-0.19935069978237152,-0.3378849923610687,0.24282751977443695,-0.20755334198474884,0.0,0.14559386670589447,-0.26790618896484375,-1.3829611539840698,3.0628392696380615,0.06939221173524857,-0.5175724625587463,0.631753146648407,1.6271969079971313,1.722623586654663,-0.11032528430223465,0.0,0.0,0.0,-0.0036197819281369448,-0.6678232550621033,-0.04846735671162605,0.7427313923835754,-0.0036197819281369448,-0.6678232550621033,-0.04846735671162605,0.7427313923835754,-0.06394674628973007,-0.8392521142959595,0.007284163497388363,0.5399200916290283,-0.08656284213066101,-0.8388177156448364,-0.027964413166046143,0.536758542060852,0.00239999545738101,-0.8432689309120178,-0.08442661911249161,0.5308144092559814,0.03226938098669052,-0.5993514657020569,-0.07805319130420685,0.7960177063941956,0.040169790387153625,-0.5137999057769775,-0.07429671287536621,0.8537423610687256,-0.03262324631214142,-0.5056142210960388,-0.11774792522192001,0.8540640473365784,-0.03262324631214142,-0.5056142210960388,-0.11774792522192001,0.8540640473365784,0.018505221232771873,-0.7832970023155212,-0.08076821267604828,0.616100549697876,0.01904364489018917,-0.7833672761917114,-0.08008363842964172,0.6160841584205627,-0.07561196386814117,-0.7799421548843384,-0.0051655033603310585,0.6212458610534668,-0.07406812161207199,-0.6818110346794128,-0.01605508103966713,0.7275918126106262,-0.07077433168888092,-0.5635138750076294,-0.02710803411900997,0.8226227760314941,0.024863123893737793,-0.5628665685653687,0.03826213628053665,0.8252872824668884,0.024863123893737793,-0.5628665685653687,0.03826213628053665,0.8252872824668884,-0.0036197819281369448,-0.6678232550621033,-0.04846735671162605,0.7427313923835754,-0.0030298393685370684,-0.5988786220550537,-0.04442805424332619,0.7996007204055786,0.22648388147354126,-0.5864517688751221,0.12924334406852722,0.766860842704773,0.3114786446094513,-0.5380296111106873,0.013719459995627403,0.783145546913147,0.30709585547447205,-0.774991512298584,-0.11647918075323105,0.5399193167686462,0.33193936944007874,-0.7659329771995544,-0.12611670792102814,0.5359640717506409,0.33193936944007874,-0.7659329771995544,-0.12611670792102814,0.5359640717506409,0.005995288956910372,-0.5853104591369629,-0.053531840443611145,0.8090179562568665,-0.17935723066329956,-0.5575148463249207,-0.18609458208084106,0.7889087200164795,-0.26694875955581665,-0.5120582580566406,-0.05522320047020912,0.8145459294319153,-0.2814832627773285,-0.7256450057029724,0.04131457209587097,0.6264979243278503,-0.29367363452911377,-0.7211657166481018,0.04763949289917946,0.6256247162818909,-0.29367363452911377,-0.7211657166481018,0.04763949289917946,0.6256247162818909,-0.0036197819281369448,-0.6678232550621033,-0.04846735671162605,0.7427313923835754
-0.46000000834465027,0.0,0.10000000149011612,-0.011042705737054348,-0.6666997075080872,-0.052415527403354645,0.7433990836143494,-0.5932567119598389,-0.05030536279082298,-0.18392319977283478,0.8027681112289429,0.1923893839120865,-0.16110043227672577,-0.3384183943271637,0.011606222949922085,0.2307320088148117,0.26085734367370605,0.3077049255371094,0.21688738465309143,0.0,0.17631445825099945,0.5793307423591614,-0.33886390924453735,-0.6260334849357605,-0.05417945608496666,0.19355671107769012,-0.4451795816421509,0.3692135512828827,-0.552162766456604,0.011353193782269955,0.0,0.0,0.0,0.0,-0.16918319463729858,0.09755347669124603,-0.47168591618537903,-1.065276861190796,1.0111199617385864,0.823002278804779,2.2664968967437744,-0.44558820128440857,0.2787373960018158,0.4085254371166229,0.29575079679489136,-0.3349671959877014,-0.889207661151886,0.0916394516825676,-0.4498479962348938,0.0,-0.08031114190816879,-0.07793604582548141,-1.0221281051635742,3.163357734680176,0.079966701567173,-0.580147922039032,0.5021587014198303,1.1108922958374023,1.5550373792648315,-0.5277268290519714,0.0,0.0,0.0,-0.011042705737054348,-0.6666997075080872,-0.052415527403354645,0.7433990836143494,-0.011042705737054348,-0.6666997075080872,-0.052415527403354645,0.7433990836143494,-0.07579657435417175,-0.8466373682022095,0.009231087751686573,0.5266638398170471,-0.08901821076869965,-0.8466017246246338,-0.012064787559211254,0.5245909690856934,-0.010896900668740273,-0.8511991500854492,-0.060188062489032745,0.5212663412094116,0.013484213501214981,-0.5798918008804321,-0.05966172367334366,0.8123940825462341,0.019152168184518814,-0.49918338656425476,-0.05809078738093376,0.864334762096405,-0.05045701935887337,-0.4928906559944153,-0.09806829690933228,0.8630732893943787,-0.05045701935887337,-0.4928906559944153,-0.09806829690933228,0.8630732893943787,0.00964752770960331,-0.7785841822624207,-0.08227237313985825,0.6220489740371704,0.013257164508104324,-0.779048502445221,-0.07775279879570007,0.6219825148582458,-0.07650744169950485,-0.7753959894180298,-0.005639386363327503,0.626798152923584,-0.07512414455413818,-0.6872890591621399,-0.015541981905698776,0.722321629524231,-0.07185503095388412,-0.5684778094291687,-0.026870891451835632,0.8191140294075012,0.017220811918377876,-0.5680466890335083,0.034814026206731796,0.8220793008804321,0.017220811918377876,-0.5680466890335083,0.034814026206731796,0.8220793008804321,-0.011042705737054348,-0.6666997075080872,-0.052415527403354645,0.7433990836143494,-0.010079816915094852,-0.5987276434898376,-0.049072567373514175,0.7993844747543335,0.21866953372955322,-0.5878010392189026,0.12398732453584671,0.7689608335494995,0.31314611434936523,-0.5344410538673401,-0.004880490712821484,0.7850403785705566,0.30610713362693787,-0.7436715364456177,-0.11650999635457993,0.5828177332878113,0.3292146623134613,-0.7350174784660339,-0.12701423466205597,0.5789943337440491,0.3292146623134613,-0.7350174784660339,-0.12701423466205597,0.5789943337440491,-0.0018911814549937844,-0.5919560194015503,-0.05774560570716858,0.8038967251777649,-0.17930975556373596,-0.5646041631698608,-0.18699896335601807,0.783646285533905,-0.2775419354438782,-0.5131293535232544,-0.042326003313064575,0.8110963106155396,-0.2879313826560974,-0.70957350730896,0.04828326776623726,0.6413031220436096,-0.2926516532897949,-0.7078024744987488,0.05086442828178406,0.6409239172935486,-0.2926516532897949,-0.7078024744987488,0.05086442828178406,0.6409239172935486,-0.011042705737054348,-0.6666997075080872,-0.052415527403354645,0.7433990836143494
-0.46000000834465027,0.0,0.10000000149011612,-0.02424071729183197,-0.6684041619300842,-0.052609845995903015,0.7415392994880676,-0.5302114486694336,-0.02435906231403351,-0.1593511998653412,0.6813931465148926,0.19674858450889587,-0.16339923441410065,-0.3292303681373596,0.01779326982796192,0.2139396220445633,0.2530115246772766,0.3209596574306488,0.2133530080318451,0.0,0.17825967073440552,0.5651037693023682,-0.3856845796108246,-0.5184308886528015,-0.05667716637253761,0.17681463062763214,-0.4328748285770416,0.41915684938430786,-0.49764227867126465,-0.005347494035959244,0.0,0.0,0.0,0.0,-0.5875205397605896,-0.10904562473297119,-0.5413498878479004,1.8913577795028687,0.7783889770507812,0.7371599674224854,-3.6412487030029297,0.13077601790428162,-0.06896406412124634,0.2756407856941223,0.18561139702796936,-0.5037716031074524,-0.2353745549917221,0.3976419270038605,-0.10603129118680954,0.0,0.05835637077689171,-0.426809161901474,-1.4046200513839722,3.2280776500701904,-0.074931301176548,-0.5022624135017395,0.3691425621509552,1.4982988834381104,1.6356145143508911,-0.501020610332489,0.0,0.0,0.0,-0.02424071729183197,-0.6684041619300842,-0.052609845995903015,0.7415392994880676,-0.02424071729183197,-0.6684041619300842,-0.052609845995903015,0.7415392994880676,-0.0820353627204895,-0.8310807943344116,0.005649383645504713,0.5500390529632568,-0.08872833102941513,-0.8310879468917847,-0.004472959786653519,0.5489991307258606,-0.022299453616142273,-0.8355134129524231,-0.04815433919429779,0.5469014644622803,-0.004927258938550949,-0.6047462224960327,-0.05283775180578232,0.794648289680481,0.00028606061823666096,-0.5237753987312317,-0.05306622385978699,0.8502018451690674,-0.0690988153219223,-0.5176976323127747,-0.09563387930393219,0.8473893404006958,-0.0690988153219223,-0.5176976323127747,-0.09563387930393219,0.8473893404006958,-0.0038913011085242033,-0.7777738571166992,-0.07951278239488602,0.6234824657440186,0.00165567547082901,-0.7784504890441895,-0.07259015738964081,0.623492419719696,-0.08146577328443527,-0.7741777896881104,-0.005607499275356531,0.6276787519454956,-0.08010727912187576,-0.6887978315353394,-0.015841111540794373,0.720339834690094,-0.07654667645692825,-0.5648428201675415,-0.028438057750463486,0.8211482763290405,0.011319638229906559,-0.564659833908081,0.03186483681201935,0.8246306777000427,0.011319638229906559,-0.564659833908081,0.03186483681201935,0.8246306777000427,-0.02424071729183197,-0.6684041619300842,-0.052609845995903015,0.7415392994880676,-0.02320662885904312,-0.5997399091720581,-0.05040990933775902,0.7982683181762695,0.20027658343315125,-0.5900131464004517,0.1188008263707161,0.773084819316864,0.30798661708831787,-0.5314643383026123,-0.028859449550509453,0.7885791063308716,0.2983192801475525,-0.7104613780975342,-0.11974853277206421,0.626027524471283,0.32184097170829773,-0.7015676498413086,-0.13214269280433655,0.6218999624252319,0.32184097170829773,-0.7015676498413086,-0.13214269280433655,0.6218999624252319,-0.015804585069417953,-0.6005852222442627,-0.05865147337317467,0.7972500324249268,-0.1866465061903,-0.5739772915840149,-0.1862596571445465,0.7752550840377808,-0.299308180809021,-0.5125356912612915,-0.023650633171200752,0.8044640421867371,-0.30436819791793823,-0.6898242235183716,0.06273553520441055,0.6538859009742737,-0.30218344926834106,-0.6906871795654297,0.06147776544094086,0.6541076302528381,-0.30218344926834106,-0.6906871795654297,0.06147776544094086,0.6541076302528381,-0.02424071729183197,-0.6684041619300842,-0.052609845995903015,0.7415392994880676
-0.46000000834465027,0.0,0.10000000149011612,-0.028771568089723587,-0.6685790419578552,-0.045675214380025864,0.7416791915893555,-0.4746851921081543,-0.01028151623904705,-0.13541357219219208,0.5654072165489197,0.18598534166812897,-0.17119483649730682,-0.32051071524620056,0.015944262966513634,0.18426436185836792,0.23398859798908234,0.3091871440410614,0.17324186861515045,0.0,0.17592115700244904,0.5623222589492798,-0.41437017917633057,-0.440256804227829,-0.07936747372150421,0.1587650030851364,-0.42030227184295654,0.4606178402900696,-0.45020973682403564,-0.011607300490140915,0.0,0.0,0.0,0.0,-0.4800504744052887,0.0222177654504776,0.12752912938594818,1.6657875776290894,0.42232635617256165,0.7181288003921509,-3.4795777797698975,-0.3228972554206848,-0.2338680475950241,0.26158958673477173,-0.05547020211815834,-0.8902577757835388,-0.5706877708435059,-0.3531753718852997,-1.203334093093872,0.0,-0.07015541195869446,-0.08344530314207077,-0.8605679273605347,2.3452224731445312,-0.680709183216095,-0.5414888262748718,0.3771766722202301,1.243829607963562,1.4229761362075806,-0.18779417872428894,0.0,0.0,0.0,-0.028771568089723587,-0.6685790419578552,-0.045675214380025864,0.7416791915893555,-0.028771568089723587,-0.6685790419578552,-0.045675214380025864,0.7416791915893555,-0.07902372628450394,-0.8165274262428284,0.007273408584296703,0.5718262791633606,-0.08196228742599487,-0.8165540099143982,0.0030757607892155647,0.5714125037193298,-0.026530476287007332,-0.8202282786369324,-0.035590238869190216,0.5703113675117493,-0.015549341216683388,-0.6285790801048279,-0.041578229516744614,0.7764778137207031,-0.011621257290244102,-0.5537604689598083,-0.042842473834753036,0.8314919471740723,-0.08266539126634598,-0.5480703115463257,-0.09002822637557983,0.8274540901184082,-0.08266539126634598,-0.5480703115463257,-0.09002822637557983,0.8274540901184082,-0.00783077348023653,-0.7755178213119507,-0.07128652185201645,0.6272392272949219,-0.0028301444835960865,-0.776061475276947,-0.06510179489850998,0.6272817254066467,-0.07421726733446121,-0.7725096940994263,-0.00711458083242178,0.6306108236312866,-0.07287944853305817,-0.6936191320419312,-0.0157291479408741,0.7164731025695801,-0.06958834826946259,-0.5750256776809692,-0.0267634354531765,0.8147310614585876,0.0011570975184440613,-0.5751851201057434,0.023083902895450592,0.8176966905593872,0.0011570975184440613,-0.5751851201057434,0.023083902895450592,0.8176966905593872,-0.028771568089723587,-0.6685790419578552,-0.045675214380025864,0.7416791915893555,-0.028343692421913147,-0.6008096933364868,-0.0439300499856472,0.797680675983429,0.19410280883312225,-0.5894076228141785,0.12450241297483444,0.7742234468460083,0.30934861302375793,-0.526951014995575,-0.034600649029016495,0.7908406257629395,0.30109938979148865,-0.6823149919509888,-0.11233846843242645,0.6566318869590759,0.3331184387207031,-0.669478714466095,-0.13108764588832855,0.650881290435791,0.3331184387207031,-0.669478714466095,-0.13108764588832855,0.650881290435791,-0.021737078204751015,-0.607918381690979,-0.05150144547224045,0.7920292615890503,-0.1864822655916214,-0.583800196647644,-0.1771848499774933,0.7700695991516113,-0.3120245933532715,-0.5148616433143616,0.0002638556470628828,0.7984723448753357,-0.3117951452732086,-0.6753726601600647,0.08064383268356323,0.6634396314620972,-0.3071134686470032,-0.6772628426551819,0.07784346491098404,0.6640306711196899,-0.3071134686470032,-0.6772628426551819,0.07784346491098404,0.6640306711196899,-0.028771568089723587,-0.6685790419578552,-0.045675214380025864,0.7416791915893555
-0.46000000834465027,0.0,0.10000000149011612,-0.02871563844382763,-0.6666889190673828,-0.042762886732816696,0.7435540556907654,-0.4303918182849884,-0.005407865159213543,-0.1282772570848465,0.4806690216064453,0.20131616294384003,-0.1808956116437912,-0.3156546652317047,0.015325130894780159,0.17660704255104065,0.3118775486946106,0.30102258920669556,0.16274817287921906,0.0,0.17579147219657898,0.5539821982383728,-0.4262501895427704,-0.3928379416465759,-0.07474959641695023,0.1454392820596695,-0.4133569598197937,0.4844340682029724,-0.422658771276474,-0.017487462610006332,0.0,0.0,0.0,0.0,-0.1059221625328064,0.16419626772403717,0.13371990621089935,1.328801155090332,0.14620952308177948,0.21408943831920624,-2.5421457290649414,0.4599246084690094,-0.29102322459220886,0.1456814855337143,-0.018573960289359093,-0.22971956431865692,2.3366684913635254,-0.24493663012981415,-0.3148108422756195,0.0,-0.003890543943271041,-0.2502018213272095,-0.3564002811908722,1.4225658178329468,0.13853631913661957,-0.3997716009616852,0.20835934579372406,0.7144867777824402,0.8265289068222046,-0.17640484869480133,0.0,0.0,0.0,-0.02871563844382763,-0.6666889190673828,-0.042762886732816696,0.7435540556907654,-0.02871563844382763,-0.6666889190673828,-0.042762886732816696,0.7435540556907654,-0.07372017949819565,-0.803091824054718,0.005241089500486851,0.5912540555000305,-0.07531861960887909,-0.8031030893325806,0.0030695670284330845,0.5910525321960449,-0.023689130321145058,-0.8062793016433716,-0.034820057451725006,0.590034008026123,-0.014720135368406773,-0.6426612138748169,-0.03945793956518173,0.7649921178817749,-0.010680568404495716,-0.5625355243682861,-0.04073741286993027,0.8256998062133789,-0.08521786332130432,-0.5565565228462219,-0.09138165414333344,0.8213599324226379,-0.08521786332130432,-0.5565565228462219,-0.09138165414333344,0.8213599324226379,-0.007730425335466862,-0.7724552750587463,-0.06811913847923279,0.6313579678535461,-0.0028924238868057728,-0.7729545831680298,-0.062198206782341,0.6313986778259277,-0.0710470974445343,-0.7696878910064697,-0.006273574661463499,0.6344237923622131,-0.06921068578958511,-0.6618177890777588,-0.01723160222172737,0.7462641000747681,-0.06584446132183075,-0.5424380898475647,-0.02741449512541294,0.837062656879425,0.002413482405245304,-0.5428714752197266,0.016767924651503563,0.8396449089050293,0.002413482405245304,-0.5428714752197266,0.016767924651503563,0.8396449089050293,-0.02871563844382763,-0.6666889190673828,-0.042762886732816696,0.7435540556907654,-0.028533104807138443,-0.5988146662712097,-0.0410151407122612,0.7993276119232178,0.1911407709121704,-0.5872055292129517,0.1243017166852951,0.7766620516777039,0.3091227412223816,-0.5232534408569336,-0.03992322087287903,0.7931299209594727,0.3013944923877716,-0.6638620495796204,-0.10936339944601059,0.6756390929222107,0.33103784918785095,-0.6517359614372253,-0.12786880135536194,0.6703012585639954,0.33103784918785095,-0.6517359614372253,-0.12786880135536194,0.6703012585639954,-0.02249741367995739,-0.6111412048339844,-0.048124268651008606,0.7897369265556335,-0.18408069014549255,-0.588259220123291,-0.1725125014781952,0.768312931060791,-0.3169277608394623,-0.515450119972229,0.013671466149389744,0.7960408329963684,-0.3142588138580322,-0.6664637923240662,0.08990462124347687,0.6700630784034729,-0.3072598874568939,-0.669310450553894,0.08561240136623383,0.6710330843925476,-0.3072598874568939,-0.669310450553894,0.08561240136623383,0.6710330843925476,-0.02871563844382763,-0.6666889190673828,-0.042762886732816696,0.7435540556907654
-0.46000000834465027,0.0,0.10000000149011612,-0.030749287456274033,-0.6651904582977295,-0.040772080421447754,0.744925320148468,-0.3921140432357788,0.0015139946481212974,-0.11424475908279419,0.35476386547088623,0.20466597378253937,-0.179671049118042,-0.31300094723701477,0.008843975141644478,0.1610650271177292,0.2981448769569397,0.28873440623283386,0.15126122534275055,0.0,0.17006908357143402,0.544094979763031,-0.44038137793540955,-0.3622329533100128,-0.06290027499198914,0.13525953888893127,-0.4154943525791168,0.4905681014060974,-0.40747642517089844,-0.03199944645166397,0.0,0.0,0.0,0.0,-0.16415561735630035,0.13035179674625397,0.008404266089200974,1.148333191871643,0.20765578746795654,0.4209749102592468,-3.7771544456481934,0.10049431771039963,0.0367368720471859,0.07961153239011765,-0.19443465769290924,-0.4662604331970215,-0.41198012232780457,-0.36864545941352844,-0.3446083962917328,0.0,-0.17167164385318756,-0.2966165244579315,-0.4239356219768524,0.9181495904922485,0.3554796278476715,-0.3053922653198242,-0.0641217827796936,0.1840209811925888,0.45547035336494446,-0.43535947799682617,0.0,0.0,0.0,-0.030749287456274033,-0.6651904582977295,-0.040772080421447754,0.744925320148468,-0.030749287456274033,-0.6651904582977295,-0.040772080421447754,0.744925320148468,-0.07137022167444229,-0.7910659909248352,0.0033532320521771908,0.6075439453125,-0.07091029733419418,-0.7910631895065308,0.003952065948396921,0.607597827911377,-0.025631794705986977,-0.7938213348388672,-0.030742941424250603,0.6068324446678162,-0.01980491727590561,-0.6742879748344421,-0.034783367067575455,0.7373829483985901,-0.016148032620549202,-0.5954334735870361,-0.03662456199526787,0.802406907081604,-0.08807063847780228,-0.5897466540336609,-0.08989603072404861,0.7977224588394165,-0.08807063847780228,-0.5897466540336609,-0.08989603072404861,0.7977224588394165,-0.00967791210860014,-0.7704511284828186,-0.06569483876228333,0.6340312361717224,-0.006874148268252611,-0.7707340717315674,-0.062287285923957825,0.6340678334236145,-0.0688539519906044,-0.7676831483840942,-0.011077512986958027,0.6370235681533813,-0.06644506752490997,-0.6645576357841492,-0.021180907264351845,0.7439755201339722,-0.06270663440227509,-0.5506113767623901,-0.030519768595695496,0.8318434357643127,0.0003254926996305585,-0.5513434410095215,0.011170865036547184,0.8342035412788391,0.0003254926996305585,-0.5513434410095215,0.011170865036547184,0.8342035412788391,-0.030749287456274033,-0.6651904582977295,-0.040772080421447754,0.744925320148468,-0.030729586258530617,-0.5994797348976135,-0.03925855830311775,0.7988356947898865,0.1850510537624359,-0.5879814624786377,0.12326798588037491,0.7777138948440552,0.30706316232681274,-0.5227788686752319,-0.04669946804642677,0.7938725352287292,0.29916974902153015,-0.6534470915794373,-0.11037416011095047,0.6865288615226746,0.3239012360572815,-0.643363356590271,-0.1263652741909027,0.6820582151412964,0.3239012360572815,-0.643363356590271,-0.1263652741909027,0.6820582151412964,-0.025106530636548996,-0.6135588884353638,-0.0459136925637722,0.7879130840301514,-0.1870785355567932,-0.5908962488174438,-0.17147669196128845,0.7657930850982666,-0.3220696449279785,-0.516194224357605,0.016395404934883118,0.7934392094612122,-0.31909286975860596,-0.6616556644439697,0.09088802337646484,0.672406792640686,-0.3063333332538605,-0.666900634765625,0.08298052102327347,0.6741792559623718,-0.3063333332538605,-0.666900634765625,0.08298052102327347,0.6741792559623718,-0.030749287456274033,-0.6651904582977295,-0.040772080421447754,0.744925320148468
-0.46000000834465027,0.0,0.10000000149011612,-0.02967521734535694,-0.6631010174751282,-0.03912559524178505,0.7469174265861511,-0.27417901158332825,0.006737651769071817,-0.1007348969578743,0.20000000298023224,0.20959234237670898,-0.1831579953432083,-0.3152743875980377,0.004165098536759615,0.15066836774349213,0.25,0.27938932180404663,0.1415390968322754,0.0,0.16475552320480347,0.5430557131767273,-0.44533899426460266,-0.3444114029407501,-0.06236837059259415,0.13242368400096893,-0.4191536605358124,0.49812424182891846,-0.41029098629951477,-0.031929805874824524,0.0,0.0,0.0,0.0,-0.008920668624341488,0.17330697178840637,0.11747682839632034,3.538050651550293,0.1567097008228302,0.40529584884643555,-4.642915725708008,0.1477910429239273,-0.10460837930440903,-0.06820321083068848,-0.14036628603935242,-0.31189975142478943,-1.4443461894989014,-0.28035253286361694,-0.2916638255119324,0.0,-0.15940679609775543,-0.03117799572646618,-0.14872847497463226,0.5346465110778809,0.01595713198184967,-0.08507563918828964,-0.1097792312502861,0.22668419778347015,-0.0844368264079094,0.0020892173051834106,0.0,0.0,0.0,-0.02967521734535694,-0.6631010174751282,-0.03912559524178505,0.7469174265861511,-0.02967521734535694,-0.6631010174751282,-0.03912559524178505,0.7469174265861511,-0.05801563709974289,-0.7544261813163757,-0.008422554470598698,0.6537617444992065,-0.05581290274858475,-0.754450261592865,-0.005880981683731079,0.653953492641449,-0.017758451402187347,-0.7563034296035767,-0.038797568529844284,0.6528280973434448,-0.01379643939435482,-0.6873510479927063,-0.04037662595510483,0.7250710129737854,-0.009497175924479961,-0.6077345013618469,-0.04159828647971153,0.7929931879043579,-0.08197743445634842,-0.601383626461029,-0.09700192511081696,0.7888016700744629,-0.08197743445634842,-0.601383626461029,-0.09700192511081696,0.7888016700744629,-0.008297843858599663,-0.7693445086479187,-0.06448844075202942,0.6355166435241699,-0.00697433203458786,-0.769477128982544,-0.06288610398769379,0.635532557964325,-0.06486766785383224,-0.7667697668075562,-0.014875689521431923,0.638463020324707,-0.06250692158937454,-0.6811869740486145,-0.02284698374569416,0.7290783524513245,-0.0587167851626873,-0.5730338096618652,-0.03132793307304382,0.8168250322341919,-0.0008117113611660898,-0.5738146305084229,0.009269986301660538,0.8189323544502258,-0.0008117113611660898,-0.5738146305084229,0.009269986301660538,0.8189323544502258,-0.02967521734535694,-0.6631010174751282,-0.03912559524178505,0.7469174265861511,-0.02978755719959736,-0.599360466003418,-0.03757080063223839,0.7990420460700989,0.18560975790023804,-0.5874778628349304,0.12455636262893677,0.7777560353279114,0.3087788224220276,-0.5212791562080383,-0.04736046493053436,0.7941540479660034,0.3013514280319214,-0.646037757396698,-0.10825615376234055,0.6928947567939758,0.32568737864494324,-0.6359527707099915,-0.12435244023799896,0.6884971261024475,0.32568737864494324,-0.6359527707099915,-0.12435244023799896,0.6884971261024475,-0.02427179180085659,-0.6124501824378967,-0.04410243779420853,0.7889047265052795,-0.18786917626857758,-0.5898738503456116,-0.1705552488565445,0.7665930986404419,-0.32454660534858704,-0.5135902166366577,0.02038821391761303,0.7940270304679871,-0.3206062316894531,-0.6601121425628662,0.09581460803747177,0.6725200414657593,-0.3078930974006653,-0.6653528213500977,0.08791814744472504,0.674372136592865,-0.3078930974006653,-0.6653528213500977,0.08791814744472504,0.674372136592865,-0.02967521734535694,-0.6631010174751282,-0.03912559524178505,0.7469174265861511
