base_x,base_y,base_z,base_qx,base_qy,base_qz,base_qw,J00_HIP_PITCH_L,J01_HIP_ROLL_L,J02_HIP_YAW_L,J03_KNEE_PITCH_L,J04_ANKLE_PITCH_L,J05_ANKLE_ROLL_L,J06_HIP_PITCH_R,J07_HIP_ROLL_R,J08_HIP_YAW_R,J09_KNEE_PITCH_R,J10_ANKLE_PITCH_R,J11_ANKLE_ROLL_R,J12_WAIST_YAW,J13_SHOULDER_PITCH_L,J14_SHOULDER_ROLL_L,J15_SHOULDER_YAW_L,J16_ELBOW_PITCH_L,J17_ELBOW_YAW_L,J18_SHOULDER_PITCH_R,J19_SHOULDER_ROLL_R,J20_SHOULDER_YAW_R,J21_ELBOW_PITCH_R,J22_ELBOW_YAW_R,J23_HEAD_YAW,base_vx,base_vy,base_vz,base_wx,base_wy,base_wz,dJ00_HIP_PITCH_L,dJ01_HIP_ROLL_L,dJ02_HIP_YAW_L,dJ03_KNEE_PITCH_L,dJ04_ANKLE_PITCH_L,dJ05_ANKLE_ROLL_L,dJ06_HIP_PITCH_R,dJ07_HIP_ROLL_R,dJ08_HIP_YAW_R,dJ09_KNEE_PITCH_R,dJ10_ANKLE_PITCH_R,dJ11_ANKLE_ROLL_R,dJ12_WAIST_YAW,dJ13_SHOULDER_PITCH_L,dJ14_SHOULDER_ROLL_L,dJ15_SHOULDER_YAW_L,dJ16_ELBOW_PITCH_L,dJ17_ELBOW_YAW_L,dJ18_SHOULDER_PITCH_R,dJ19_SHOULDER_ROLL_R,dJ20_SHOULDER_YAW_R,dJ21_ELBOW_PITCH_R,dJ22_ELBOW_YAW_R,dJ23_HEAD_YAW,left_foot_contact,right_foot_contact,base_quat_x,base_quat_y,base_quat_z,base_quat_w,LINK_BASE_qx,LINK_BASE_qy,LINK_BASE_qz,LINK_BASE_qw,LINK_HIP_PITCH_L_qx,LINK_HIP_PITCH_L_qy,LINK_HIP_PITCH_L_qz,LINK_HIP_PITCH_L_qw,LINK_HIP_ROLL_L_qx,LINK_HIP_ROLL_L_qy,LINK_HIP_ROLL_L_qz,LINK_HIP_ROLL_L_qw,LINK_HIP_YAW_L_qx,LINK_HIP_YAW_L_qy,LINK_HIP_YAW_L_qz,LINK_HIP_YAW_L_qw,LINK_KNEE_PITCH_L_qx,LINK_KNEE_PITCH_L_qy,LINK_KNEE_PITCH_L_qz,LINK_KNEE_PITCH_L_qw,LINK_ANKLE_PITCH_L_qx,LINK_ANKLE_PITCH_L_qy,LINK_ANKLE_PITCH_L_qz,LINK_ANKLE_PITCH_L_qw,LINK_ANKLE_ROLL_L_qx,LINK_ANKLE_ROLL_L_qy,LINK_ANKLE_ROLL_L_qz,LINK_ANKLE_ROLL_L_qw,LINK_FOOT_L_qx,LINK_FOOT_L_qy,LINK_FOOT_L_qz,LINK_FOOT_L_qw,LINK_HIP_PITCH_R_qx,LINK_HIP_PITCH_R_qy,LINK_HIP_PITCH_R_qz,LINK_HIP_PITCH_R_qw,LINK_HIP_ROLL_R_qx,LINK_HIP_ROLL_R_qy,LINK_HIP_ROLL_R_qz,LINK_HIP_ROLL_R_qw,LINK_HIP_YAW_R_qx,LINK_HIP_YAW_R_qy,LINK_HIP_YAW_R_qz,LINK_HIP_YAW_R_qw,LINK_KNEE_PITCH_R_qx,LINK_KNEE_PITCH_R_qy,LINK_KNEE_PITCH_R_qz,LINK_KNEE_PITCH_R_qw,LINK_ANKLE_PITCH_R_qx,LINK_ANKLE_PITCH_R_qy,LINK_ANKLE_PITCH_R_qz,LINK_ANKLE_PITCH_R_qw,LINK_ANKLE_ROLL_R_qx,LINK_ANKLE_ROLL_R_qy,LINK_ANKLE_ROLL_R_qz,LINK_ANKLE_ROLL_R_qw,LINK_FOOT_R_qx,LINK_FOOT_R_qy,LINK_FOOT_R_qz,LINK_FOOT_R_qw,LINK_TORSO_YAW_qx,LINK_TORSO_YAW_qy,LINK_TORSO_YAW_qz,LINK_TORSO_YAW_qw,LINK_SHOULDER_PITCH_L_qx,LINK_SHOULDER_PITCH_L_qy,LINK_SHOULDER_PITCH_L_qz,LINK_SHOULDER_PITCH_L_qw,LINK_SHOULDER_ROLL_L_qx,LINK_SHOULDER_ROLL_L_qy,LINK_SHOULDER_ROLL_L_qz,LINK_SHOULDER_ROLL_L_qw,LINK_SHOULDER_YAW_L_qx,LINK_SHOULDER_YAW_L_qy,LINK_SHOULDER_YAW_L_qz,LINK_SHOULDER_YAW_L_qw,LINK_ELBOW_PITCH_L_qx,LINK_ELBOW_PITCH_L_qy,LINK_ELBOW_PITCH_L_qz,LINK_ELBOW_PITCH_L_qw,LINK_ELBOW_YAW_L_qx,LINK_ELBOW_YAW_L_qy,LINK_ELBOW_YAW_L_qz,LINK_ELBOW_YAW_L_qw,LINK_ELBOW_END_L_qx,LINK_ELBOW_END_L_qy,LINK_ELBOW_END_L_qz,LINK_ELBOW_END_L_qw,LINK_SHOULDER_PITCH_R_qx,LINK_SHOULDER_PITCH_R_qy,LINK_SHOULDER_PITCH_R_qz,LINK_SHOULDER_PITCH_R_qw,LINK_SHOULDER_ROLL_R_qx,LINK_SHOULDER_ROLL_R_qy,LINK_SHOULDER_ROLL_R_qz,LINK_SHOULDER_ROLL_R_qw,LINK_SHOULDER_YAW_R_qx,LINK_SHOULDER_YAW_R_qy,LINK_SHOULDER_YAW_R_qz,LINK_SHOULDER_YAW_R_qw,LINK_ELBOW_PITCH_R_qx,LINK_ELBOW_PITCH_R_qy,LINK_ELBOW_PITCH_R_qz,LINK_ELBOW_PITCH_R_qw,LINK_ELBOW_YAW_R_qx,LINK_ELBOW_YAW_R_qy,LINK_ELBOW_YAW_R_qz,LINK_ELBOW_YAW_R_qw,LINK_ELBOW_END_R_qx,LINK_ELBOW_END_R_qy,LINK_ELBOW_END_R_qz,LINK_ELBOW_END_R_qw,LINK_HEAD_YAW_qx,LINK_HEAD_YAW_qy,LINK_HEAD_YAW_qz,LINK_HEAD_YAW_qw
0.007226907182484865,-0.0012054400285705924,0.8114871382713318,0.002323447959497571,0.020159410312771797,-0.00037666739081032574,0.9997940063476562,-0.12102086842060089,-0.014434472657740116,0.07832624763250351,0.29280611872673035,-0.40549251437187195,0.05054500699043274,-0.18155238032341003,-0.07179504632949829,-0.09070006757974625,0.3583556115627289,-0.39107492566108704,0.052690524607896805,0.0,0.02167479693889618,0.2159726619720459,-0.5168116688728333,-0.47097793221473694,-0.060766395181417465,0.0034024135675281286,-0.267180472612381,0.5603921413421631,-0.5439356565475464,0.06318584084510803,0.0,0.10238149017095566,0.05419261381030083,-0.0744938775897026,-0.018514443188905716,-0.03487582504749298,-0.059518471360206604,0.0429631732404232,-0.024109257385134697,0.07952257245779037,0.3308584988117218,-0.78386390209198,0.23951655626296997,0.05670323595404625,-0.0778137817978859,0.021702198311686516,0.23614256083965302,-0.6648480296134949,-0.006025358568876982,0.0,0.13213801383972168,0.08081763237714767,-0.037009116262197495,-0.09737848490476608,-0.09823131561279297,0.008029486052691936,-0.05191146954894066,0.12535572052001953,0.04712998494505882,0.056624334305524826,0.0,0.0,0.0,0.002323447959497571,0.020159410312771797,-0.00037666739081032574,0.9997940063476562,0.002323447959497571,0.020159410312771797,-0.00037666739081032574,0.9997940063476562,0.0026127223391085863,-0.03831474855542183,0.015136770904064178,0.9991476535797119,-0.0045983679592609406,-0.03842299431562424,0.014859852381050587,0.9991405010223389,-0.006099221762269735,-0.038213495165109634,0.0539679192006588,0.9977925419807434,-0.013906847685575485,0.10775390267372131,0.05250082165002823,0.9926930069923401,-0.003050426719710231,-0.094341941177845,0.05422574654221535,0.994057297706604,0.02207018993794918,-0.0929415374994278,0.0565924346446991,0.9938169121742249,0.02207018993794918,-0.0929415374994278,0.0565924346446991,0.9938169121742249,0.0018079124856740236,-0.06741373986005783,-0.024036075919866562,0.9974339008331299,-0.03399096801877022,-0.06650765240192413,-0.026440057903528214,0.9968562126159668,-0.030940931290388107,-0.06798023730516434,-0.07160484045743942,0.9946326613426208,-0.017684126272797585,0.11037211120128632,-0.0759727954864502,0.9908245801925659,-0.03210816904902458,-0.08424226939678192,-0.07108909636735916,0.9933874607086182,-0.0059290011413395405,-0.08608567714691162,-0.06884530186653137,0.9938885569572449,-0.0059290011413395405,-0.08608567714691162,-0.06884530186653137,0.9938885569572449,0.002323447959497571,0.020159410312771797,-0.00037666739081032574,0.9997940063476562,0.002341103507205844,0.030970219522714615,0.0003288199077360332,0.9995175004005432,0.11005204916000366,0.030825261026620865,-0.003010959830135107,0.9934431314468384,0.09858495742082596,0.07381231337785721,-0.25450778007507324,0.9591968059539795,0.03490884602069855,-0.1499742567539215,-0.28444796800613403,0.9462444186210632,0.04604272544384003,-0.14894746243953705,-0.31129056215286255,0.9374395608901978,0.04604272544384003,-0.14894746243953705,-0.31129056215286255,0.9374395608901978,0.0023219306021928787,0.02185712940990925,-0.0004795200366061181,0.9997583031654358,-0.13085980713367462,0.021726252511143684,0.0024359743110835552,0.9911597967147827,-0.119802325963974,0.07420696318149567,0.2736271619796753,0.9514561891555786,-0.04148507118225098,-0.181782066822052,0.3117910325527191,0.9316762685775757,-0.053991999477148056,-0.18070755898952484,0.3390057682991028,0.9216858148574829,-0.053991999477148056,-0.18070755898952484,0.3390057682991028,0.9216858148574829,0.002323447959497571,0.020159410312771797,-0.00037666739081032574,0.9997940063476562
0.010639623738825321,0.0006009805365465581,0.809004008769989,0.0020351523999124765,0.019575830549001694,-0.001373307197354734,0.9998053312301636,-0.11958876252174377,-0.015238114632666111,0.08097700029611588,0.3038347363471985,-0.4316213130950928,0.05852889269590378,-0.17966227233409882,-0.07438883930444717,-0.08997666090726852,0.36622703075408936,-0.413236528635025,0.05248967930674553,0.0,0.026079397648572922,0.21866658329963684,-0.5180453062057495,-0.47422388195991516,-0.06404077261686325,0.00367006310261786,-0.26891085505485535,0.5645706653594971,-0.5423646569252014,0.06507331877946854,0.0,0.10238149017095566,0.05419261381030083,-0.0744938775897026,-0.018514443188905716,-0.03487582504749298,-0.059518471360206604,0.0429631732404232,-0.024109257385134697,0.07952257245779037,0.3308584988117218,-0.78386390209198,0.23951655626296997,0.05670323595404625,-0.0778137817978859,0.021702198311686516,0.23614256083965302,-0.6648480296134949,-0.006025358568876982,0.0,0.13213801383972168,0.08081763237714767,-0.037009116262197495,-0.09737848490476608,-0.09823131561279297,0.008029486052691936,-0.05191146954894066,0.12535572052001953,0.04712998494505882,0.056624334305524826,0.0,0.0,0.0,0.0020351523999124765,0.019575830549001694,-0.001373307197354734,0.9998053312301636,0.0020351523999124765,0.019575830549001694,-0.001373307197354734,0.9998053312301636,0.002255018102005124,-0.03820192441344261,0.013975361362099648,0.9991697669029236,-0.005357705522328615,-0.03830729424953461,0.013683896511793137,0.9991579651832581,-0.006903895642608404,-0.03805903345346451,0.054116036742925644,0.997785210609436,-0.015013961121439934,0.11337782442569733,0.05244797468185425,0.9920530319213867,-0.003434509038925171,-0.10168978571891785,0.054446425288915634,0.9933191537857056,0.025631748139858246,-0.10005312412977219,0.057398583739995956,0.9929943680763245,0.025631748139858246,-0.10005312412977219,0.057398583739995956,0.9929943680763245,0.0014534182846546173,-0.06709254533052444,-0.024758348241448402,0.9974384903907776,-0.03563817963004112,-0.06612548232078552,-0.02723611705005169,0.9968026280403137,-0.03262824937701225,-0.0676613375544548,-0.07203792035579681,0.9945691823959351,-0.018965231254696846,0.11457286775112152,-0.07677489519119263,0.9902620911598206,-0.03431231155991554,-0.09101758897304535,-0.07125117629766464,0.9927042722702026,-0.008250122889876366,-0.0928560122847557,-0.06883817166090012,0.9932628273963928,-0.008250122889876366,-0.0928560122847557,-0.06883817166090012,0.9932628273963928,0.0020351523999124765,0.019575830549001694,-0.001373307197354734,0.9998053312301636,0.002068878849968314,0.0325835682451725,-0.0005281154881231487,0.9994667172431946,0.11111393570899963,0.03233138844370842,-0.004080337472259998,0.9932732582092285,0.09920801222324371,0.07563474774360657,-0.25606757402420044,0.9585752487182617,0.034672632813453674,-0.14957459270954132,-0.2862531542778015,0.9457718729972839,0.046393319964408875,-0.14850948750972748,-0.31452175974845886,0.9364126324653625,0.046393319964408875,-0.14850948750972748,-0.31452175974845886,0.9364126324653625,0.002035408513620496,0.02140708640217781,-0.001484778244048357,0.9997676610946655,-0.13200248777866364,0.021412910893559456,0.0013982568634673953,0.9910171031951904,-0.12084964662790298,0.07459565997123718,0.27453845739364624,0.9510307312011719,-0.04247709736227989,-0.1805478185415268,0.31286394596099854,0.9315118789672852,-0.05531821772456169,-0.17941546440124512,0.3408874273300171,0.921165406703949,-0.05531821772456169,-0.17941546440124512,0.3408874273300171,0.921165406703949,0.0020351523999124765,0.019575830549001694,-0.001373307197354734,0.9998053312301636
0.01764664426445961,0.003368025179952383,0.8055759072303772,0.0015474125975742936,0.018721850588917732,-0.004261775407940149,0.9998144507408142,-0.11695794761180878,-0.01624542847275734,0.08544564992189407,0.325213223695755,-0.4641793966293335,0.06880851089954376,-0.1784815490245819,-0.0785999447107315,-0.08684822171926498,0.38476258516311646,-0.44179344177246094,0.05045754462480545,0.0,0.027158472687005997,0.22451956570148468,-0.5190359950065613,-0.47478926181793213,-0.069003164768219,0.0001702866720734164,-0.2667700946331024,0.5691657662391663,-0.5310146808624268,0.06543813645839691,0.0,0.21021060645580292,0.08301133662462234,-0.1028430387377739,-0.032722871750593185,-0.05084671825170517,-0.1728052794933319,0.07892443984746933,-0.030219413340091705,0.13405948877334595,0.6413545608520508,-0.9767424464225769,0.30838853120803833,0.0354216992855072,-0.12633316218852997,0.0938531681895256,0.556066632270813,-0.8567073345184326,-0.060964036732912064,0.0,0.03237225115299225,0.175589457154274,-0.029720662161707878,-0.016961395740509033,-0.1488717496395111,-0.10499328374862671,0.06422281265258789,0.13785302639007568,0.34049925208091736,0.010944529436528683,0.0,0.0,0.0,0.0015474125975742936,0.018721850588917732,-0.004261775407940149,0.9998144507408142,0.0015474125975742936,0.018721850588917732,-0.004261775407940149,0.9998144507408142,0.0015873749507591128,-0.03777724876999855,0.01078218687325716,0.9992267489433289,-0.006529021542519331,-0.037863582372665405,0.010474980808794498,0.9992066621780396,-0.00814021099358797,-0.0375501774251461,0.05314137041568756,0.9978475570678711,-0.016635939478874207,0.12448767572641373,0.05112253502011299,0.9907636046409607,-0.004431112669408321,-0.10673732310533524,0.05357829108834267,0.9928327798843384,0.029722442850470543,-0.10483120381832123,0.05721808224916458,0.992397665977478,0.029722442850470543,-0.10483120381832123,0.05721808224916458,0.992397665977478,0.0007425287622027099,-0.06738658249378204,-0.027440305799245834,0.9973492622375488,-0.038443755358457565,-0.06625642627477646,-0.030066726729273796,0.996608316898346,-0.035531289875507355,-0.06786283105611801,-0.07330161333084106,0.9943636059761047,-0.020860766991972923,0.1235082671046257,-0.07874279469251633,0.9889944791793823,-0.03760679066181183,-0.09618610143661499,-0.07225876301527023,0.9920245409011841,-0.012569917365908623,-0.09797830134630203,-0.06980936974287033,0.992657482624054,-0.012569917365908623,-0.09797830134630203,-0.06980936974287033,0.992657482624054,0.0015474125975742936,0.018721850588917732,-0.004261775407940149,0.9998144507408142,0.0016209883615374565,0.03226831555366516,-0.003387945471331477,0.9994722008705139,0.11357580125331879,0.03168566897511482,-0.006981450133025646,0.9929993748664856,0.10177013278007507,0.07571560144424438,-0.2592325210571289,0.9574489593505859,0.036340758204460144,-0.14945776760578156,-0.28994065523147583,0.944603681564331,0.048962127417325974,-0.14827756583690643,-0.320342481136322,0.934343159198761,0.048962127417325974,-0.14827756583690643,-0.320342481136322,0.934343159198761,0.001547674648463726,0.0188068188726902,-0.004266988951712847,0.9998128414154053,-0.13143105804920197,0.01920723170042038,-0.0017279706662520766,0.9911377429962158,-0.12073235958814621,0.07273481786251068,0.2737444043159485,0.9514185786247253,-0.04429536312818527,-0.17717795073986053,0.3114973306655884,0.9325316548347473,-0.05710429325699806,-0.1759708672761917,0.3397301733493805,0.9221479296684265,-0.05710429325699806,-0.1759708672761917,0.3397301733493805,0.9221479296684265,0.0015474125975742936,0.018721850588917732,-0.004261775407940149,0.9998144507408142
0.02623988874256611,0.007883794605731964,0.8005412220954895,0.00043553661089390516,0.01789465919137001,-0.0063493517227470875,0.9998196363449097,-0.11715076863765717,-0.01817389950156212,0.0906958132982254,0.3561859130859375,-0.5026499629020691,0.08013486117124557,-0.18286415934562683,-0.08582323789596558,-0.08519385755062103,0.41729432344436646,-0.4755490720272064,0.046605970710515976,0.0,0.019176607951521873,0.24053509533405304,-0.5258156657218933,-0.48729124665260315,-0.081631600856781,-0.00984143652021885,-0.2659919261932373,0.5902816653251648,-0.528588056564331,0.0717795193195343,0.0,0.25779733061790466,0.1354730725288391,-0.15104053914546967,-0.06925725191831589,-0.0491500161588192,-0.12405795603990555,-0.005784630309790373,-0.05785412713885307,0.1575048863887787,0.9291806221008301,-1.1541168689727783,0.3397904932498932,-0.13147830963134766,-0.2166987806558609,0.049630921334028244,0.9759520888328552,-1.0126688480377197,-0.11554720997810364,0.0,-0.2394559234380722,0.4804658591747284,-0.20339010655879974,-0.3750595152378082,-0.37885305285453796,-0.30035167932510376,0.02334505133330822,0.6334769129753113,0.0727987214922905,0.1902414709329605,0.0,0.0,0.0,0.00043553661089390516,0.01789465919137001,-0.0063493517227470875,0.9998196363449097,0.00043553661089390516,0.01789465919137001,-0.0063493517227470875,0.9998196363449097,0.0003468874783720821,-0.03867955878376961,0.008785928599536419,0.9992129802703857,-0.008732800371944904,-0.038757797330617905,0.008434091694653034,0.9991748929023743,-0.010480805300176144,-0.038322076201438904,0.0537203811109066,0.9977653622627258,-0.019831761717796326,0.13904120028018951,0.0510139986872673,0.9887728691101074,-0.0065221767872571945,-0.11122244596481323,0.054343242198228836,0.9922871589660645,0.033230818808078766,-0.10895636677742004,0.05875483155250549,0.991752028465271,0.033230818808078766,-0.10895636677742004,0.05875483155250549,0.991752028465271,-0.0005491306656040251,-0.07034749537706375,-0.029988376423716545,0.9970715045928955,-0.04332144930958748,-0.06899628043174744,-0.032978568226099014,0.996130108833313,-0.040344011038541794,-0.0707784965634346,-0.07536790519952774,0.9938221573829651,-0.02385757863521576,0.13661347329616547,-0.08209004998207092,0.9869289994239807,-0.04252185672521591,-0.09969180822372437,-0.07416098564863205,0.9913392663002014,-0.0194112379103899,-0.10139276087284088,-0.07181794941425323,0.9920609593391418,-0.0194112379103899,-0.10139276087284088,-0.07181794941425323,0.9920609593391418,0.00043553661089390516,0.01789465919137001,-0.0063493517227470875,0.9998196363449097,0.0005070484476163983,0.027461085468530655,-0.005742952693253756,0.9996062517166138,0.12043397128582001,0.026573695242404938,-0.008996190503239632,0.9923248291015625,0.10954990237951279,0.07309481501579285,-0.2641071379184723,0.9554597735404968,0.04099118337035179,-0.15727202594280243,-0.2971104085445404,0.9409094452857971,0.05620920658111572,-0.15573737025260925,-0.33280280232429504,0.9283472895622253,0.05620920658111572,-0.15573737025260925,-0.33280280232429504,0.9283472895622253,0.00040987873217090964,0.012984205037355423,-0.0060424949042499065,0.9998973608016968,-0.13218437135219574,0.013670803047716618,-0.004267373587936163,0.9911217093467712,-0.12242229282855988,0.06955498456954956,0.28122612833976746,0.9492558836936951,-0.044387247413396835,-0.178534135222435,0.3189977705478668,0.9297288656234741,-0.058476850390434265,-0.17725998163223267,0.3498342037200928,0.9180279970169067,-0.058476850390434265,-0.17725998163223267,0.3498342037200928,0.9180279970169067,0.00043553661089390516,0.01789465919137001,-0.0063493517227470875,0.9998196363449097
0.0409698523581028,0.012982498854398727,0.7932195067405701,-0.0017317422898486257,0.01956593059003353,-0.007155977189540863,0.9997814893722534,-0.12564651668071747,-0.01857699453830719,0.09022150933742523,0.40884432196617126,-0.5404538512229919,0.09227722883224487,-0.19413921236991882,-0.09322339296340942,-0.08283750712871552,0.4676227867603302,-0.5087321996688843,0.04119733348488808,0.0,0.015781043097376823,0.2579818069934845,-0.5274593234062195,-0.5036572217941284,-0.09370564669370651,-0.017525574192404747,-0.2678598463535309,0.6093636155128479,-0.5210672616958618,0.07892739772796631,0.0,0.4418988823890686,0.1529611200094223,-0.21965144574642181,-0.13024182617664337,0.10114601254463196,-0.04603275656700134,-0.2548724412918091,-0.012092850171029568,-0.014229117892682552,1.5797522068023682,-1.1341166496276855,0.36427101492881775,-0.3382515609264374,-0.22200463712215424,0.07069051265716553,1.5098538398742676,-0.9954937696456909,-0.16225910186767578,0.0,-0.1018669381737709,0.5234013199806213,-0.04930972680449486,-0.49097922444343567,-0.362221360206604,-0.23052412271499634,-0.056037601083517075,0.5724584460258484,0.22562383115291595,0.214436337351799,0.0,0.0,0.0,-0.0017317422898486257,0.01956593059003353,-0.007155977189540863,0.9997814893722534,-0.0017317422898486257,0.01956593059003353,-0.007155977189540863,0.9997814893722534,-0.0018443538574501872,-0.04107397794723511,0.009208763018250465,0.9991119503974915,-0.011124389246106148,-0.041157737374305725,0.008826855570077896,0.9990517497062683,-0.012969099916517735,-0.040614210069179535,0.05387056991457939,0.9976373314857483,-0.023634864017367363,0.16275320947170258,0.0501161552965641,0.9851097464561462,-0.009398647584021091,-0.10612822324037552,0.054606787860393524,0.9928073883056641,0.036401864141225815,-0.10349670052528381,0.05944354832172394,0.9921843409538269,0.036401864141225815,-0.10349670052528381,0.05944354832172394,0.9921843409538269,-0.002884287852793932,-0.0741640254855156,-0.03203871101140976,0.9967271089553833,-0.04932347312569618,-0.07259063422679901,-0.035459570586681366,0.9955101013183594,-0.04627541825175285,-0.07457070797681808,-0.07665015757083893,0.9931880831718445,-0.027257448062300682,0.15756697952747345,-0.08528594672679901,0.9834408760070801,-0.04784105345606804,-0.09496820718050003,-0.0756828561425209,0.9914456009864807,-0.02740989252924919,-0.09650691598653793,-0.07371072471141815,0.9922206401824951,-0.02740989252924919,-0.09650691598653793,-0.07371072471141815,0.9922206401824951,-0.0017317422898486257,0.01956593059003353,-0.007155977189540863,0.9997814893722534,-0.0016656420193612576,0.027439327910542488,-0.006674052681773901,0.999599814414978,0.12693020701408386,0.026352860033512115,-0.01014822255820036,0.9915096163749695,0.11585148423910141,0.07469753175973892,-0.2656788229942322,0.9541559219360352,0.044311024248600006,-0.16294710338115692,-0.3009899854660034,0.9385573267936707,0.062015604227781296,-0.1610514521598816,-0.3417375981807709,0.9238137602806091,0.062015604227781296,-0.1610514521598816,-0.3417375981807709,0.9238137602806091,-0.0017834920436143875,0.010822659358382225,-0.006590462289750576,0.9999181032180786,-0.13528648018836975,0.0116057638078928,-0.005086294841021299,0.9907255172729492,-0.12548497319221497,0.07023757696151733,0.28922054171562195,0.9463993310928345,-0.04642345383763313,-0.17361298203468323,0.3270775079727173,0.9277519583702087,-0.06172444298863411,-0.17219825088977814,0.36091506481170654,0.9144824743270874,-0.06172444298863411,-0.17219825088977814,0.36091506481170654,0.9144824743270874,-0.0017317422898486257,0.01956593059003353,-0.007155977189540863,0.9997814893722534
0.05564718693494797,0.013616851530969143,0.7826663851737976,-0.004641951527446508,0.02169431932270527,-0.008165567182004452,0.9997205138206482,-0.15392929315567017,-0.00786011666059494,0.10339461266994476,0.49817267060279846,-0.5623382329940796,0.09632275253534317,-0.22177328169345856,-0.09340380877256393,-0.07571293413639069,0.5409010052680969,-0.5339602828025818,0.041393354535102844,0.0,0.01946442574262619,0.2808327376842499,-0.5263364315032959,-0.5355507135391235,-0.11373596638441086,-0.023239001631736755,-0.2789585292339325,0.6302464604377747,-0.5242486000061035,0.09377829730510712,0.0,0.4403200149536133,0.019030578434467316,-0.31659361720085144,-0.17485252022743225,0.1288919299840927,-0.05739316716790199,-0.8484832644462585,0.3215063214302063,0.39519307017326355,2.6798503398895264,-0.6565313935279846,0.12136570364236832,-0.8290220499038696,-0.005412473808974028,0.21373717486858368,2.1983463764190674,-0.7568424344062805,0.005880631040781736,0.0,0.1105014756321907,0.6855278611183167,0.03368675708770752,-0.9568046927452087,-0.6009095311164856,-0.17140281200408936,-0.33296045660972595,0.626485288143158,-0.09544014185667038,0.44552695751190186,0.0,0.0,0.0,-0.004641951527446508,0.02169431932270527,-0.008165567182004452,0.9997205138206482,-0.004641951527446508,0.02169431932270527,-0.008165567182004452,0.9997205138206482,-0.004802934359759092,-0.052525538951158524,0.012098045088350773,0.9985347390174866,-0.008727186359465122,-0.05257267877459526,0.01189152430742979,0.9985081553459167,-0.011432182975113392,-0.052051469683647156,0.06347282975912094,0.9965596795082092,-0.02672659605741501,0.19522543251514435,0.05869568884372711,0.9786355495452881,-0.009390263818204403,-0.08399160206317902,0.06380687654018402,0.9943771362304688,0.038492683321237564,-0.08082237094640732,0.06777647882699966,0.9936761856079102,0.038492683321237564,-0.08082237094640732,0.06777647882699966,0.9936761856079102,-0.006107593420892954,-0.08543090522289276,-0.03625202551484108,0.9956656098365784,-0.052583515644073486,-0.08364533632993698,-0.04020083695650101,0.9942948818206787,-0.04938007891178131,-0.08557555824518204,-0.07780353724956512,0.9920610189437866,-0.02679871767759323,0.1825796216726303,-0.08816808462142944,0.9788630604743958,-0.04910977557301521,-0.0821322351694107,-0.07797443121671677,0.9923520088195801,-0.028562335297465324,-0.08372834324836731,-0.07625798881053925,0.993155837059021,-0.028562335297465324,-0.08372834324836731,-0.07625798881053925,0.993155837059021,-0.004641951527446508,0.02169431932270527,-0.008165567182004452,0.9997205138206482,-0.004549163859337568,0.03140626847743988,-0.00759935425594449,0.9994674324989319,0.1353764683008194,0.030033592134714127,-0.011920036748051643,0.9902672171592712,0.123112753033638,0.08032555133104324,-0.26639845967292786,0.9525874853134155,0.04635774716734886,-0.17184285819530487,-0.3051852285861969,0.935512125492096,0.06829757988452911,-0.16943015158176422,-0.35425740480422974,0.9171317219734192,0.06829757988452911,-0.16943015158176422,-0.35425740480422974,0.9171317219734192,-0.004720501136034727,0.010103171691298485,-0.007381809409707785,0.9999105930328369,-0.14368967711925507,0.011031328700482845,-0.005905502941459417,0.9895436763763428,-0.13308697938919067,0.07419199496507645,0.29767662286758423,0.9424287676811218,-0.05101379007101059,-0.17011843621730804,0.3373141586780548,0.9244871139526367,-0.06901590526103973,-0.168314129114151,0.37731876969337463,0.9080405831336975,-0.06901590526103973,-0.168314129114151,0.37731876969337463,0.9080405831336975,-0.004641951527446508,0.02169431932270527,-0.008165567182004452,0.9997205138206482
0.07068676501512527,0.01835978962481022,0.768912136554718,-0.009098843671381474,0.024303356185555458,-0.008792162872850895,0.9996245503425598,-0.19246794283390045,-0.0019089371198788285,0.09638402611017227,0.6056082248687744,-0.5554075241088867,0.09039908647537231,-0.25955718755722046,-0.09246686846017838,-0.05251762270927429,0.634485125541687,-0.5326606035232544,0.045679155737161636,0.0,0.025622554123401642,0.3180233836174011,-0.5245405435562134,-0.5928301215171814,-0.1375700980424881,-0.025372415781021118,-0.2996644973754883,0.6521130204200745,-0.5374330878257751,0.1117129847407341,0.0,0.4511873126029968,0.14228813350200653,-0.4126274287700653,-0.2669040858745575,0.15863315761089325,-0.03255770355463028,-1.1561594009399414,0.17853538691997528,-0.21031758189201355,3.223066568374634,0.20792125165462494,-0.17770996689796448,-1.1335171461105347,0.028108207508921623,0.6958593130111694,2.807523488998413,0.03899037465453148,0.12857402861118317,0.0,0.18474383652210236,1.1157193183898926,0.05387663468718529,-1.7183821201324463,-0.715023934841156,-0.06400242447853088,-0.6211789846420288,0.6559967398643494,-0.39553460478782654,0.5380405783653259,0.0,0.0,0.0,-0.009098843671381474,0.024303356185555458,-0.008792162872850895,0.9996245503425598,-0.009098843671381474,0.024303356185555458,-0.008792162872850895,0.9996245503425598,-0.009268363937735558,-0.06835944205522537,0.016952408477663994,0.9974736571311951,-0.010220416821539402,-0.0683755949139595,0.016887152567505836,0.9974643588066101,-0.013502432964742184,-0.06780385226011276,0.06491875648498535,0.9954927563667297,-0.03224676474928856,0.23213481903076172,0.057938821613788605,0.9704208970069885,-0.015127492137253284,-0.04279790446162224,0.06455942988395691,0.9968809485435486,0.02993118017911911,-0.039837129414081573,0.06642728298902512,0.9965463280677795,0.02993118017911911,-0.039837129414081573,0.06642728298902512,0.9965463280677795,-0.010935431346297264,-0.10116375982761383,-0.041063204407691956,0.9939618110656738,-0.056861646473407745,-0.09915784746408463,-0.045694805681705475,0.9923943281173706,-0.05423857271671295,-0.10061661154031754,-0.07173515111207962,0.990852415561676,-0.029154395684599876,0.21349859237670898,-0.08507512509822845,0.9727952480316162,-0.050517674535512924,-0.050061486661434174,-0.07440242171287537,0.9946889281272888,-0.027788197621703148,-0.051747605204582214,-0.07323972880840302,0.9955832362174988,-0.027788197621703148,-0.051747605204582214,-0.07323972880840302,0.9955832362174988,-0.009098843671381474,0.024303356185555458,-0.008792162872850895,0.9996245503425598,-0.008966133929789066,0.037089526653289795,-0.008103669621050358,0.9992388486862183,0.14936891198158264,0.03533846139907837,-0.01387428306043148,0.9880524277687073,0.13534273207187653,0.08886957913637161,-0.2666381001472473,0.9500992894172668,0.0493248775601387,-0.18928003311157227,-0.311822772026062,0.9297885298728943,0.0769416019320488,-0.18617434799671173,-0.3703692555427551,0.9067776799201965,0.0769416019320488,-0.18617434799671173,-0.3703692555427551,0.9067776799201965,-0.009190068580210209,0.0116525674238801,-0.00788000039756298,0.9998587965965271,-0.1583382934331894,0.01269827876240015,-0.00605230825021863,0.9872847199440002,-0.14581482112407684,0.08250323683023453,0.30669495463371277,0.9369468688964844,-0.058619424700737,-0.16651087999343872,0.3500038683414459,0.9199647903442383,-0.07982975989580154,-0.16407877206802368,0.39731845259666443,0.8993571996688843,-0.07982975989580154,-0.16407877206802368,0.39731845259666443,0.8993571996688843,-0.009098843671381474,0.024303356185555458,-0.008792162872850895,0.9996245503425598
0.08403556048870087,0.025257887318730354,0.7522192597389221,-0.015386643819510937,0.02831527777016163,-0.0095624178647995,0.9994348883628845,-0.251211017370224,-0.000894238124601543,0.06823740899562836,0.7419530153274536,-0.536263108253479,0.07439002394676208,-0.31016257405281067,-0.08790382742881775,-0.01873682253062725,0.7555830478668213,-0.5171027183532715,0.04951775446534157,0.0,0.04279851168394089,0.37548619508743286,-0.5281155109405518,-0.68934166431427,-0.1588767021894455,-0.02492384985089302,-0.3374483585357666,0.6866031885147095,-0.5734515190124512,0.14186030626296997,0.0,0.40046384930610657,0.20694291591644287,-0.500786304473877,-0.37624019384384155,0.24380026757717133,-0.0393197201192379,-1.7622921466827393,0.03044096753001213,-0.8443984985351562,4.090343475341797,0.5743324160575867,-0.4802718460559845,-1.5181615352630615,0.1368912309408188,1.0134239196777344,3.632937431335449,0.4667365252971649,0.11515795439481735,0.0,0.515278697013855,1.7238842248916626,-0.10724901407957077,-2.895346164703369,-0.6391980648040771,0.013456976972520351,-1.1335158348083496,1.0347050428390503,-1.0805529356002808,0.9044196009635925,0.0,0.0,0.0,-0.015386643819510937,0.02831527777016163,-0.0095624178647995,0.9994348883628845,-0.015386643819510937,0.02831527777016163,-0.0095624178647995,0.9994348883628845,-0.015504459850490093,-0.09234735369682312,0.02478015422821045,0.9952977299690247,-0.015949474647641182,-0.09235842525959015,0.024738861247897148,0.9952906966209412,-0.01909073069691658,-0.09176060557365417,0.05867590382695198,0.9938675165176392,-0.03906358405947685,0.27478402853012085,0.04776352271437645,0.9595240354537964,-0.025013746693730354,0.010758417658507824,0.056405942887067795,0.9980365633964539,0.012116977013647556,0.012848512269556522,0.05596686154603958,0.99827641248703,0.012116977013647556,0.012848512269556522,0.05596686154603958,0.99827641248703,-0.017760643735527992,-0.12175264209508896,-0.047106701880693436,0.9912829399108887,-0.061298247426748276,-0.11956529319286346,-0.05241075158119202,0.9895452260971069,-0.06017543375492096,-0.12013430893421173,-0.06167878210544586,0.9890108108520508,-0.033180586993694305,0.253152459859848,-0.07952611893415451,0.9635810852050781,-0.052410975098609924,-0.0016307185869663954,-0.06839915364980698,0.9962790608406067,-0.027730681002140045,-0.003323532175272703,-0.0683378204703331,0.9972712397575378,-0.027730681002140045,-0.003323532175272703,-0.0683378204703331,0.9972712397575378,-0.015386643819510937,0.02831527777016163,-0.0095624178647995,0.9994348883628845,-0.015140867792069912,0.049672797322273254,-0.008546002209186554,0.9986141920089722,0.17150866985321045,0.04720490053296089,-0.01766686886548996,0.9838924407958984,0.1535574197769165,0.10637155175209045,-0.2705320417881012,0.9444139003753662,0.05017118155956268,-0.21485088765621185,-0.3263464570045471,0.9191408753395081,0.08390089124441147,-0.2113388031721115,-0.3925013542175293,0.8912010192871094,0.08390089124441147,-0.2113388031721115,-0.3925013542175293,0.8912010192871094,-0.01548222079873085,0.015895133838057518,-0.008588279597461224,0.9997168779373169,-0.1831396073102951,0.017111605033278465,-0.005797137506306171,0.9829208850860596,-0.16658225655555725,0.09841015189886093,0.3208666443824768,0.9271517395973206,-0.06818240880966187,-0.16458886861801147,0.37132588028907776,0.9112511873245239,-0.09488082677125931,-0.16111943125724792,0.4305344820022583,0.8829938769340515,-0.09488082677125931,-0.16111943125724792,0.4305344820022583,0.8829938769340515,-0.015386643819510937,0.02831527777016163,-0.0095624178647995,0.9994348883628845
0.08868097513914108,0.02747279964387417,0.73292475938797,-0.018277417868375778,0.028594234958291054,-0.011788900941610336,0.9993544816970825,-0.32549500465393066,-0.004340916406363249,0.02674965374171734,0.9031749963760376,-0.5285161733627319,0.057895537465810776,-0.3699566125869751,-0.09305216372013092,0.0022861089091748,0.9061130881309509,-0.5054267644882202,0.04417061433196068,0.0,0.06822115927934647,0.4574609696865082,-0.5151374340057373,-0.8467373251914978,-0.1872471272945404,-0.015842879191040993,-0.40575286746025085,0.717372715473175,-0.6559569239616394,0.18348637223243713,0.0,0.13936243951320648,0.06644736975431442,-0.5788349509239197,-0.17704559862613678,0.01646769419312477,-0.12890625,-2.2285194396972656,-0.1034003421664238,-1.2446324825286865,4.836658954620361,0.23240803182125092,-0.4948345720767975,-1.793821096420288,-0.15445007383823395,0.6306878924369812,4.5159010887146,0.3502785861492157,-0.1604141891002655,0.0,0.762679398059845,2.459243059158325,0.3893422782421112,-4.721869468688965,-0.8511127233505249,0.27242910861968994,-2.049135208129883,0.9230857491493225,-2.4751620292663574,1.2487819194793701,0.0,0.0,0.0,-0.018277417868375778,0.028594234958291054,-0.011788900941610336,0.9993544816970825,-0.018277417868375778,0.028594234958291054,-0.011788900941610336,0.9993544816970825,-0.018681824207305908,-0.12742507457733154,0.03313682600855827,0.9911184310913086,-0.020832959562540054,-0.12749668955802917,0.032860178500413895,0.9910755753517151,-0.022536292672157288,-0.12720665335655212,0.0461123064160347,0.9905474185943604,-0.04040030762553215,0.31781452894210815,0.03165508806705475,0.94676274061203,-0.030729779973626137,0.059494104236364365,0.04110851511359215,0.9969083070755005,-0.0018626637756824493,0.060659009963274,0.039369311183691025,0.9973800778388977,-0.0018626637756824493,0.060659009963274,0.039369311183691025,0.9973800778388977,-0.02142118290066719,-0.1503070741891861,-0.055913254618644714,0.9868245124816895,-0.06729451566934586,-0.14754393696784973,-0.0628434270620346,0.9847603440284729,-0.06746312230825424,-0.14746691286563873,-0.06171774864196777,0.9848315119743347,-0.03364216908812523,0.2984867990016937,-0.08502092957496643,0.9500238299369812,-0.053831569850444794,0.051469698548316956,-0.07390883564949036,0.9944800138473511,-0.031856831163167953,0.04982498288154602,-0.07502744346857071,0.9954262971878052,-0.031856831163167953,0.04982498288154602,-0.07502744346857071,0.9954262971878052,-0.018277417868375778,0.028594234958291054,-0.011788900941610336,0.9993544816970825,-0.017804298549890518,0.06263143569231033,-0.010264112614095211,0.9978250861167908,0.20890752971172333,0.05867290496826172,-0.024197915568947792,0.9758737683296204,0.18748697638511658,0.1254592090845108,-0.2681514620780945,0.936591386795044,0.05670059844851494,-0.26450255513191223,-0.34537529945373535,0.8986319303512573,0.10059785097837448,-0.2599106729030609,-0.42010775208473206,0.8636179566383362,0.10059785097837448,-0.2599106729030609,-0.42010775208473206,0.8636179566383362,-0.018355822190642357,0.020701805129647255,-0.01114696729928255,0.9995550513267517,-0.2193773090839386,0.02252320945262909,-0.006747197825461626,0.9753567576408386,-0.1973761022090912,0.11944819986820221,0.33056458830833435,0.9151512980461121,-0.07896792143583298,-0.17743156850337982,0.3950142562389374,0.8979119062423706,-0.11438917368650436,-0.1723141223192215,0.46959397196769714,0.8583148717880249,-0.11438917368650436,-0.1723141223192215,0.46959397196769714,0.8583148717880249,-0.018277417868375778,0.028594234958291054,-0.011788900941610336,0.9993544816970825
0.09170864522457123,0.030872415751218796,0.7102679014205933,-0.02019372582435608,0.028701679781079292,-0.015948062762618065,0.9992567896842957,-0.41686317324638367,-0.016317883506417274,-0.03654300048947334,1.103295922279358,-0.5304499268531799,0.0470389723777771,-0.438724160194397,-0.08860520273447037,0.048026781529188156,1.0680838823318481,-0.5070539712905884,0.03623285889625549,0.0,0.10655546933412552,0.5511013269424438,-0.4533136188983917,-1.0349262952804565,-0.19083328545093536,0.006780220195651054,-0.4953227639198303,0.6980729103088379,-0.7707577347755432,0.193531334400177,0.0,0.09083009511232376,0.10198847949504852,-0.6797056794166565,-0.12207149714231491,0.0034044908825308084,-0.24628867208957672,-2.7410449981689453,-0.35930898785591125,-1.8987795114517212,6.003627300262451,-0.05801260098814964,-0.3256969451904297,-2.0630264282226562,0.1334088295698166,1.3722200393676758,4.859123706817627,-0.04881620034575462,-0.23813265562057495,0.0,1.150029182434082,2.8092105388641357,1.8547143936157227,-5.645668983459473,-0.10758473724126816,0.6786929368972778,-2.6870968341827393,-0.57899409532547,-3.444024085998535,0.30134883522987366,0.0,0.0,0.0,-0.02019372582435608,0.028701679781079292,-0.015948062762618065,0.9992567896842957,-0.02019372582435608,0.028701679781079292,-0.015948062762618065,0.9992567896842957,-0.021407127380371094,-0.17056433856487274,0.041949812322854996,0.9842203855514526,-0.029436523094773293,-0.17090092599391937,0.040556807070970535,0.9840129613876343,-0.026309166103601456,-0.1714102178812027,0.022571643814444542,0.984589695930481,-0.0342361219227314,0.370031476020813,0.005435002036392689,0.9283722639083862,-0.03161434829235077,0.11374194175004959,0.014219149947166443,0.9929053783416748,-0.008255134336650372,0.11404487490653992,0.011540312319993973,0.9933742880821228,-0.008255134336650372,0.11404487490653992,0.011540312319993973,0.9933742880821228,-0.02467847429215908,-0.1831594854593277,-0.0676002949476242,0.9804456830024719,-0.06807634979486465,-0.1799858808517456,-0.07564575225114822,0.9783907532691956,-0.07237837463617325,-0.17829939723014832,-0.05213171988725662,0.9799249768257141,-0.03576425835490227,0.3453257083892822,-0.08171452581882477,0.9342343211174011,-0.05511662736535072,0.09996252506971359,-0.07013203948736191,0.9909849166870117,-0.037155456840991974,0.09867565333843231,-0.071931391954422,0.991820752620697,-0.037155456840991974,0.09867565333843231,-0.071931391954422,0.991820752620697,-0.02019372582435608,0.028701679781079292,-0.015948062762618065,0.9992567896842957,-0.019221501424908638,0.08183642476797104,-0.013657395727932453,0.9963667988777161,0.25259196758270264,0.07503332942724228,-0.03540797531604767,0.9640091061592102,0.22980289161205292,0.14337006211280823,-0.24714304506778717,0.9303526282310486,0.07199428975582123,-0.32724180817604065,-0.35694998502731323,0.8719611763954163,0.12200386077165604,-0.3212282359600067,-0.4291764497756958,0.835305392742157,0.12200386077165604,-0.3212282359600067,-0.4291764497756958,0.835305392742157,-0.020145760849118233,0.03207811340689659,-0.01622900366783142,0.9991505146026611,-0.2644602060317993,0.035077694803476334,-0.007870284840464592,0.9637263417243958,-0.23637232184410095,0.1439225822687149,0.31586208939552307,0.9075492024421692,-0.09806714206933975,-0.20186011493206024,0.40294334292411804,0.8872835040092468,-0.13744038343429565,-0.19473548233509064,0.4798382818698883,0.844359815120697,-0.13744038343429565,-0.19473548233509064,0.4798382818698883,0.844359815120697,-0.02019372582435608,0.028701679781079292,-0.015948062762618065,0.9992567896842957
0.10213232785463333,0.031168708577752113,0.67415851354599,-0.01845475472509861,0.032317500561475754,-0.017646515741944313,0.9991514682769775,-0.49374058842658997,-0.029583033174276352,-0.08212554454803467,1.2985609769821167,-0.5299302339553833,0.02102864719927311,-0.50499027967453,-0.08891554176807404,0.08810188621282578,1.2387114763259888,-0.5194442868232727,0.027506178244948387,0.0,0.14981304109096527,0.6681354641914368,-0.3569662868976593,-1.2790110111236572,-0.17550000548362732,0.04045042023062706,-0.6358789205551147,0.6482646465301514,-0.974652886390686,0.19495372474193573,0.0,0.3127104640007019,0.008888784795999527,-1.0832816362380981,0.10466845333576202,0.21324816346168518,-0.10930825769901276,-2.3063223361968994,-0.39795446395874023,-1.367476224899292,5.8579511642456055,0.015590786002576351,-0.7803097367286682,-1.9879834651947021,-0.009310170076787472,1.2022531032562256,5.1188273429870605,-0.3717094361782074,-0.2618004083633423,0.0,1.297727108001709,3.511023998260498,2.8904197216033936,-7.322541236877441,0.45999836921691895,1.0101059675216675,-4.216684341430664,-1.4942477941513062,-6.116854190826416,0.04267170652747154,0.0,0.0,0.0,-0.01845475472509861,0.032317500561475754,-0.017646515741944313,0.9991514682769775,-0.01845475472509861,0.032317500561475754,-0.017646515741944313,0.9991514682769775,-0.020016582682728767,-0.2033384144306183,0.05043862760066986,0.9776036143302917,-0.03447410464286804,-0.20406220853328705,0.0474255345761776,0.9772005677223206,-0.02606804110109806,-0.20530539751052856,0.0072702690958976746,0.9783236980438232,-0.02515939250588417,0.4279780387878418,-0.009970180690288544,0.9033838510513306,-0.026892317458987236,0.1764681041240692,-0.0030336061026901007,0.983934223651886,-0.016545619815587997,0.1764264553785324,-0.004888847004622221,0.9841626286506653,-0.016545619815587997,0.1764264553785324,-0.004888847004622221,0.9841626286506653,-0.02421743981540203,-0.21100403368473053,-0.07723718136548996,0.9741279482841492,-0.06748680025339127,-0.20736289024353027,-0.08653853833675385,0.9720891118049622,-0.07655291259288788,-0.20418983697891235,-0.04364699497818947,0.9749569892883301,-0.03699586167931557,0.39971083402633667,-0.07997946441173553,0.9123956561088562,-0.0562947578728199,0.15199090540409088,-0.06779608130455017,0.9844456911087036,-0.04275069385766983,0.15104416012763977,-0.06987994909286499,0.985126793384552,-0.04275069385766983,0.15104416012763977,-0.06987994909286499,0.985126793384552,-0.01845475472509861,0.032317500561475754,-0.017646515741944313,0.9991514682769775,-0.016933145001530647,0.10693903267383575,-0.014280340634286404,0.9940187931060791,0.30993038415908813,0.09634469449520111,-0.04855496063828468,0.9446180462837219,0.2884772717952728,0.16026198863983154,-0.21170157194137573,0.9199344515800476,0.09787576645612717,-0.4081805646419525,-0.37590914964675903,0.8261363506317139,0.149956613779068,-0.4008423984050751,-0.4368166923522949,0.7912203073501587,0.149956613779068,-0.4008423984050751,-0.4368166923522949,0.7912203073501587,-0.01813584379851818,0.052454251796007156,-0.019284188747406006,0.9982723593711853,-0.3292967975139618,0.05585375800728798,-0.0019199737580493093,0.9425711035728455,-0.2943575084209442,0.17646445333957672,0.2911984324455261,0.8929823040962219,-0.11995289474725723,-0.25312069058418274,0.4213453233242035,0.8625597357749939,-0.1639639437198639,-0.2441510707139969,0.49515360593795776,0.8175138831138611,-0.1639639437198639,-0.2441510707139969,0.49515360593795776,0.8175138831138611,-0.01845475472509861,0.032317500561475754,-0.017646515741944313,0.9991514682769775
0.11164872348308563,0.029346905648708344,0.6442591547966003,-0.013371730223298073,0.033807579427957535,-0.01733267307281494,0.9991886019706726,-0.5503339767456055,-0.05149659514427185,-0.11880600452423096,1.478186011314392,-0.5409300327301025,-0.014550366438925266,-0.563875138759613,-0.08905389159917831,0.13215669989585876,1.4288899898529053,-0.5342875719070435,0.03195183351635933,0.0,0.1934516727924347,0.8048361539840698,-0.19891470670700073,-1.5607253313064575,-0.13386042416095734,0.07910708338022232,-0.8554973602294922,0.524269700050354,-1.2911030054092407,0.1772269904613495,0.0,0.28549185395240784,-0.0546540841460228,-0.8969807028770447,0.30695146322250366,0.08422291278839111,0.007347751408815384,-1.6978015899658203,-0.6574068069458008,-1.1004137992858887,5.3887505531311035,-0.32999393343925476,-1.0673704147338867,-1.7665456533432007,-0.004150494933128357,1.3216443061828613,5.705355167388916,-0.44529852271080017,0.13336965441703796,0.0,1.3091589212417603,4.101020336151123,4.741547107696533,-8.45142936706543,1.2491873502731323,1.15969979763031,-6.588552951812744,-3.719848155975342,-9.493502616882324,-0.5318019986152649,0.0,0.0,0.0,-0.013371730223298073,0.033807579427957535,-0.01733267307281494,0.9991886019706726,-0.013371730223298073,0.033807579427957535,-0.01733267307281494,0.9991886019706726,-0.015040179714560509,-0.22876040637493134,0.057094816118478775,0.9716905951499939,-0.04005181044340134,-0.23015451431274414,0.05118635296821594,0.9709812998771667,-0.026317333802580833,-0.2321263551712036,-0.006549221463501453,0.9723075032234192,-0.015038938261568546,0.4834037721157074,-0.022568223997950554,0.8749772906303406,-0.020521992817521095,0.23205441236495972,-0.01772969774901867,0.9723246693611145,-0.02759522758424282,0.2321772575378418,-0.01604100503027439,0.9721496105194092,-0.02759522758424282,0.2321772575378418,-0.01604100503027439,0.9721496105194092,-0.01993613690137863,-0.23700924217700958,-0.08500433713197708,0.9675760865211487,-0.06298534572124481,-0.2329905927181244,-0.0954698920249939,0.9657296538352966,-0.07823232561349869,-0.22832317650318146,-0.0314941480755806,0.9699259400367737,-0.03846624493598938,0.4630054235458374,-0.07505015283823013,0.882334291934967,-0.05691336467862129,0.21366557478904724,-0.062233809381723404,0.9732599258422852,-0.041358042508363724,0.21264410018920898,-0.06563922762870789,0.974044919013977,-0.041358042508363724,0.21264410018920898,-0.06563922762870789,0.974044919013977,-0.013371730223298073,0.033807579427957535,-0.01733267307281494,0.9991886019706726,-0.01143361534923315,0.13003693521022797,-0.012481377460062504,0.9913646578788757,0.37774214148521423,0.11476089060306549,-0.0624125637114048,0.9166490435600281,0.3648921251296997,0.15734317898750305,-0.15058615803718567,0.9052186012268066,0.1448931246995926,-0.5073670148849487,-0.40291768312454224,0.7478249073028564,0.19005410373210907,-0.49947673082351685,-0.4428762197494507,0.719904899597168,0.19005410373210907,-0.49947673082351685,-0.4428762197494507,0.719904899597168,-0.012761176563799381,0.07318110764026642,-0.020327769219875336,0.9970298409461975,-0.42520269751548767,0.07502006739377975,0.01186095830053091,0.9019057750701904,-0.39146775007247925,0.1971038281917572,0.23779837787151337,0.8668073415756226,-0.16388073563575745,-0.348635196685791,0.45807090401649475,0.8011040091514587,-0.2110477089881897,-0.3374492824077606,0.5178506374359131,0.7572433948516846,-0.2110477089881897,-0.3374492824077606,0.5178506374359131,0.7572433948516846,-0.013371730223298073,0.033807579427957535,-0.01733267307281494,0.9991886019706726
0.11998341232538223,0.022961724549531937,0.6114654541015625,-0.0033928032498806715,0.03628489002585411,-0.02241355925798416,0.9990843534469604,-0.5904161930084229,-0.0739307701587677,-0.13947507739067078,1.6415140628814697,-0.5738974809646606,-0.044209081679582596,-0.6280246376991272,-0.09002038836479187,0.18019753694534302,1.6200928688049316,-0.5574703216552734,0.030786162242293358,0.0,0.20297934114933014,0.9343703985214233,-0.015647465363144875,-1.7978904247283936,-0.0687783807516098,0.10819823294878006,-1.1172724962234497,0.31819501519203186,-1.6267262697219849,0.12388407438993454,0.0,0.2500406503677368,-0.1915554255247116,-0.9838109612464905,0.5904490351676941,0.1342783272266388,-0.3269507586956024,-1.202466368675232,-0.6730251908302307,-0.6200721263885498,4.89984130859375,-0.9890233874320984,-0.8897614479064941,-1.9244848489761353,-0.028994901105761528,1.4412250518798828,5.736085891723633,-0.6954824328422546,-0.03497013822197914,0.0,0.285830020904541,3.8860270977020264,5.498016834259033,-7.114952564239502,1.9524612426757812,0.8727344274520874,-7.8532538414001465,-6.182240009307861,-10.068696975708008,-1.6002874374389648,0.0,0.0,0.0,-0.0033928032498806715,0.03628489002585411,-0.02241355925798416,0.9990843534469604,-0.0033928032498806715,0.03628489002585411,-0.02241355925798416,0.9990843534469604,-0.00681254593655467,-0.24579738080501556,0.05474104732275009,0.9677503108978271,-0.04257300868630409,-0.24765253067016602,0.04561972618103027,0.9668374061584473,-0.02521284483373165,-0.25001710653305054,-0.02186138555407524,0.9676662087440491,-0.0011916293296962976,0.5375761389732361,-0.033349476754665375,0.8425546288490295,-0.010581710375845432,0.2771299183368683,-0.03164862096309662,0.9602527618408203,-0.03180334344506264,0.2777617275714874,-0.02551555633544922,0.9597843289375305,-0.03180334344506264,0.2777617275714874,-0.02551555633544922,0.9597843289375305,-0.012814776040613651,-0.2638399302959442,-0.1001754105091095,0.9592649340629578,-0.055963918566703796,-0.25906533002853394,-0.11194543540477753,0.9577167630195618,-0.0790468230843544,-0.252979040145874,-0.025318961590528488,0.963904619216919,-0.036160990595817566,0.5237544775009155,-0.07471166551113129,0.8478158712387085,-0.05532148480415344,0.27027183771133423,-0.06187877804040909,0.9591994881629944,-0.04055047780275345,0.2692873477935791,-0.06603159755468369,0.9599373936653137,-0.04055047780275345,0.2692873477935791,-0.06603159755468369,0.9599373936653137,-0.0033928032498806715,0.03628489002585411,-0.02241355925798416,0.9990843534469604,-0.0008781514479778707,0.13714279234409332,-0.01628543622791767,0.9904170036315918,0.4452749192714691,0.11511194705963135,-0.07630594819784164,0.8846789598464966,0.44439998269081116,0.11901991069316864,-0.08299259096384048,0.8839995265007019,0.20404785871505737,-0.5944089293479919,-0.441987007856369,0.6400703191757202,0.22951515018939972,-0.5891206860542297,-0.45835188031196594,0.6246384382247925,0.22951515018939972,-0.5891206860542297,-0.45835188031196594,0.6246384382247925,-0.002301465719938278,0.09013690054416656,-0.02595602348446846,0.9955884218215942,-0.5296435952186584,0.09019165486097336,0.025765128433704376,0.8430179953575134,-0.5089502334594727,0.1811830997467041,0.15346437692642212,0.8274001479148865,-0.23176322877407074,-0.4526023268699646,0.51261967420578,0.6918511390686035,-0.2697903513908386,-0.44191503524780273,0.5464742183685303,0.6582478284835815,-0.2697903513908386,-0.44191503524780273,0.5464742183685303,0.6582478284835815,-0.0033928032498806715,0.03628489002585411,-0.02241355925798416,0.9990843534469604
0.12513847649097443,0.014466577209532261,0.5685381293296814,0.00439953850582242,0.038477469235658646,-0.027374466881155968,0.9988747239112854,-0.6189709305763245,-0.08455770462751389,-0.1549282819032669,1.783671259880066,-0.6137891411781311,-0.06607838720083237,-0.6782153844833374,-0.07953201234340668,0.218429297208786,1.7951850891113281,-0.5750323534011841,0.03720686212182045,0.0,0.16361208260059357,1.0574450492858887,0.15424855053424835,-1.9847663640975952,-0.030913975089788437,0.08119241148233414,-1.3642488718032837,0.13082896173000336,-1.8527039289474487,0.0684521421790123,0.0,0.15465191006660461,-0.2548544108867645,-1.2878196239471436,0.4592248797416687,0.12040335685014725,-0.31507956981658936,-0.8566420674324036,-0.31880801916122437,-0.4635961055755615,4.264715671539307,-1.1967496871948242,-0.656079113483429,-1.5057222843170166,0.3146512508392334,1.146952748298645,5.252766132354736,-0.5268609523773193,0.19262099266052246,0.0,-1.1810176372528076,3.692239284515381,5.0968804359436035,-5.606277942657471,1.1359320878982544,-0.8101745843887329,-7.409290790557861,-5.620981216430664,-6.779329299926758,-1.6629579067230225,0.0,0.0,0.0,0.00439953850582242,0.038477469235658646,-0.027374466881155968,0.9988747239112854,0.00439953850582242,0.038477469235658646,-0.027374466881155968,0.9988747239112854,-0.0008296878659166396,-0.2575570046901703,0.05137120187282562,0.9648962020874023,-0.04161150008440018,-0.25949811935424805,0.04043932631611824,0.9639989137649536,-0.021405009552836418,-0.2619401216506958,-0.0342826321721077,0.9642374515533447,0.013237612321972847,0.5859001278877258,-0.03818689286708832,0.8093748092651367,0.001082850620150566,0.3140127956867218,-0.04040174186229706,0.9485580921173096,-0.030251633375883102,0.31517601013183594,-0.030006850138306618,0.9480761885643005,-0.030251633375883102,0.31517601013183594,-0.030006850138306618,0.9480761885643005,-0.00795944593846798,-0.2842845320701599,-0.11322730779647827,0.9519971013069153,-0.04580030217766762,-0.27955836057662964,-0.12443967163562775,0.9509280920028687,-0.07599863409996033,-0.27290064096450806,-0.0200493261218071,0.9588260650634766,-0.03170956298708916,0.579485297203064,-0.07191850244998932,0.8111836910247803,-0.05080194026231766,0.3256697654724121,-0.059974413365125656,0.9422109127044678,-0.03326580673456192,0.3244977295398712,-0.06602226197719574,0.9429929256439209,-0.03326580673456192,0.3244977295398712,-0.06602226197719574,0.9429929256439209,0.00439953850582242,0.038477469235658646,-0.027374466881155968,0.9988747239112854,0.006814736872911453,0.1197880282998085,-0.021798959001898766,0.992536723613739,0.5065501928329468,0.09243517369031906,-0.0792471170425415,0.8535704612731934,0.5117688775062561,0.049078576266765594,-0.015826715156435966,0.8575741648674011,0.2620187997817993,-0.6628738641738892,-0.4813102185726166,0.510181188583374,0.2741282284259796,-0.6599569320678711,-0.48648732900619507,0.5026336908340454,0.2741282284259796,-0.6599569320678711,-0.48648732900619507,0.5026336908340454,0.005406660959124565,0.07891637086868286,-0.029719209298491478,0.9964234828948975,-0.623991847038269,0.07999394088983536,0.026683218777179718,0.7768675088882446,-0.6175481081008911,0.12372002005577087,0.07474692165851593,0.7731368541717529,-0.30683112144470215,-0.5116883516311646,0.5766955614089966,0.5580787062644958,-0.32904160022735596,-0.5042111873626709,0.5905608534812927,0.5373458862304688,-0.32904160022735596,-0.5042111873626709,0.5905608534812927,0.5373458862304688,0.00439953850582242,0.038477469235658646,-0.027374466881155968,0.9988747239112854
0.1282220035791397,0.006055748090147972,0.5359390377998352,0.007166091352701187,0.04376973211765289,-0.034867577254772186,0.9984073042869568,-0.6458179950714111,-0.08416540175676346,-0.1661636084318161,1.9194880723953247,-0.639651358127594,-0.079027459025383,-0.7267385721206665,-0.062000520527362823,0.24512146413326263,1.9567046165466309,-0.595769464969635,0.046361275017261505,0.0,0.08256404846906662,1.1995482444763184,0.3013686537742615,-2.0936505794525146,0.005695301573723555,0.0038708930369466543,-1.539554238319397,-0.03145642951130867,-1.9949034452438354,-0.005150701850652695,0.0,0.0925058051943779,-0.2523248493671417,-0.977972686290741,0.1573255956172943,0.3156964182853699,-0.4548453986644745,-0.8054118752479553,0.011769085191190243,-0.33705976605415344,4.074504375457764,-0.7758664488792419,-0.38847213983535767,-1.4556955099105835,0.525944709777832,0.8007649779319763,4.845585346221924,-0.6221132874488831,0.27463236451148987,0.0,-2.431440830230713,4.263095855712891,4.413602828979492,-3.266526222229004,1.098278284072876,-2.319645643234253,-5.25916051864624,-4.868561267852783,-4.265985488891602,-2.208085060119629,0.0,0.0,0.0,0.007166091352701187,0.04376973211765289,-0.034867577254772186,0.9984073042869568,0.007166091352701187,0.04376973211765289,-0.034867577254772186,0.9984073042869568,-0.00029686253401450813,-0.265106737613678,0.046737316995859146,0.9630856513977051,-0.040813881903886795,-0.26683828234672546,0.03554282709956169,0.9622204899787903,-0.018529193475842476,-0.2693048417568207,-0.044430848211050034,0.9618510603904724,0.02576010674238205,0.6332908868789673,-0.04066753387451172,0.7724152207374573,0.011667899787425995,0.3583286702632904,-0.04670429974794388,0.9323535561561584,-0.025172388181090355,0.35989394783973694,-0.03251262754201889,0.932086706161499,-0.025172388181090355,0.35989394783973694,-0.03251262754201889,0.932086706161499,-0.00929878931492567,-0.3011969327926636,-0.1268954575061798,0.9450351595878601,-0.03858596459031105,-0.29711905121803284,-0.1361701786518097,0.9442929029464722,-0.0746205523610115,-0.2901730239391327,-0.019705036655068398,0.9538569450378418,-0.025320513173937798,0.6292694211006165,-0.07290670275688171,0.7733456492424011,-0.04560340940952301,0.374580055475235,-0.06226431205868721,0.9239768981933594,-0.024174703285098076,0.3730362355709076,-0.07092981040477753,0.9247856736183167,-0.024174703285098076,0.3730362355709076,-0.07092981040477753,0.9247856736183167,0.007166091352701187,0.04376973211765289,-0.034867577254772186,0.9984073042869568,0.008709566667675972,0.08483713120222092,-0.03195543959736824,0.9958441853523254,0.5692996978759766,0.05199248343706131,-0.07426486909389496,0.8171164989471436,0.5699380040168762,-0.04159169644117355,0.043628618121147156,0.8194738030433655,0.32318204641342163,-0.6980496644973755,-0.5153293013572693,0.3777773678302765,0.32092130184173584,-0.6986953020095825,-0.5147625803947449,0.3792807459831238,0.32092130184173584,-0.6986953020095825,-0.5147625803947449,0.3792807459831238,0.007228109519928694,0.045699071139097214,-0.03497500345110893,0.9983166456222534,-0.689613401889801,0.057156674563884735,0.006691065616905689,0.7218876481056213,-0.6904186010360718,0.04561217129230499,-0.00395986856892705,0.7219598293304443,-0.37708041071891785,-0.5441427826881409,0.6149075031280518,0.42849475145339966,-0.37537819147109985,-0.544815719127655,0.6141909956932068,0.43015870451927185,-0.37537819147109985,-0.544815719127655,0.6141909956932068,0.43015870451927185,0.007166091352701187,0.04376973211765289,-0.034867577254772186,0.9984073042869568
0.12573033571243286,0.00239883572794497,0.49356570839881897,0.004675837233662605,0.057494718581438065,-0.04442427679896355,0.9973459839820862,-0.6945849657058716,-0.08677366375923157,-0.18228857219219208,2.0815343856811523,-0.6542125344276428,-0.09111783653497696,-0.7850823998451233,-0.021945111453533173,0.28129541873931885,2.1209142208099365,-0.6162436604499817,0.05620566010475159,0.0,-0.0283871628344059,1.3640527725219727,0.46200430393218994,-2.1823983192443848,0.014175495132803917,-0.09849497675895691,-1.679105281829834,-0.20835602283477783,-2.1201984882354736,-0.04578045383095741,0.0,-0.07475002855062485,-0.10970736294984818,-1.2711998224258423,-0.14511211216449738,0.8343335390090942,-0.5622947812080383,-1.463008999824524,-0.07824785262346268,-0.4837488830089569,4.86138916015625,-0.43683525919914246,-0.3627113103866577,-1.750314712524414,1.2016621828079224,1.0852185487747192,4.926287651062012,-0.6142258048057556,0.29533153772354126,0.0,-3.32853627204895,4.935135364532471,4.8190693855285645,-2.6624319553375244,0.25440576672554016,-3.0709757804870605,-4.186531066894531,-5.306987762451172,-3.7588510513305664,-1.2188924551010132,0.0,0.0,0.0,0.004675837233662605,0.057494718581438065,-0.04442427679896355,0.9973459839820862,0.004675837233662605,0.057494718581438065,-0.04442427679896355,0.9973459839820862,-0.005143364425748587,-0.2742331624031067,0.044546812772750854,0.9606171250343323,-0.04680358245968819,-0.2759072184562683,0.032610513269901276,0.9594900608062744,-0.02149675041437149,-0.2790219783782959,-0.05485584959387779,0.9584755897521973,0.03646134212613106,0.6859034895896912,-0.04628007113933563,0.7253034710884094,0.01965804398059845,0.41649121046066284,-0.055541299283504486,0.9072286486625671,-0.02168041281402111,0.4185885787010193,-0.03651534020900726,0.9071825742721558,-0.02168041281402111,0.4185885787010193,-0.03651534020900726,0.9071825742721558,-0.017787141725420952,-0.31493765115737915,-0.14151829481124878,0.9383338689804077,-0.028081785887479782,-0.3133659064769745,-0.14496538043022156,0.938082218170166,-0.0717335194349289,-0.306334912776947,-0.01202936191111803,0.9491409659385681,-0.024543339386582375,0.6785638928413391,-0.06846917420625687,0.7309313416481018,-0.04415207356214523,0.4249376952648163,-0.05780136212706566,0.902295708656311,-0.018780915066599846,0.42314574122428894,-0.06971891969442368,0.9031800627708435,-0.018780915066599846,0.42314574122428894,-0.06971891969442368,0.9031800627708435,0.004675837233662605,0.057494718581438065,-0.04442427679896355,0.9973459839820862,0.0039948527701199055,0.043365590274333954,-0.04537486657500267,0.998020350933075,0.6322206854820251,0.0050617391243577,-0.06256062537431717,0.7722418904304504,0.6156843304634094,-0.1506398767232895,0.10646873712539673,0.7660971283912659,0.38490208983421326,-0.7137838006019592,-0.5390653014183044,0.2275337278842926,0.37937837839126587,-0.7157041430473328,-0.5387354493141174,0.2315247654914856,0.37937837839126587,-0.7157041430473328,-0.5387354493141174,0.2315247654914856,0.0026653020177036524,0.008410506881773472,-0.04151730611920357,0.9990988373756409,-0.7418937683105469,0.03651968017220497,-0.021464772522449493,0.6691780090332031,-0.7418018579483032,-0.045044831931591034,-0.08595442026853561,0.663560688495636,-0.44146528840065,-0.5589268207550049,0.6401000022888184,0.2880646586418152,-0.426557332277298,-0.5658904314041138,0.6368791460990906,0.30364754796028137,-0.426557332277298,-0.5658904314041138,0.6368791460990906,0.30364754796028137,0.004675837233662605,0.057494718581438065,-0.04442427679896355,0.9973459839820862
0.11257569491863251,0.001538118813186884,0.4624471962451935,0.004760982468724251,0.07289595156908035,-0.04736752063035965,0.9962027072906494,-0.7705434560775757,-0.10613085329532623,-0.20695726573467255,2.2264297008514404,-0.6698277592658997,-0.09650546312332153,-0.8533477783203125,0.006141578312963247,0.3152577579021454,2.2599523067474365,-0.6033247709274292,0.07339055091142654,0.0,-0.16250212490558624,1.4771411418914795,0.6126917004585266,-2.1947999000549316,0.032777391374111176,-0.19876421988010406,-1.7384827136993408,-0.411704957485199,-2.1947999000549316,-0.0716840848326683,0.0,-0.39463919401168823,-0.0258215069770813,-0.9335553050041199,0.03631545603275299,0.9262023568153381,-0.17515341937541962,-2.278754711151123,-0.5807156562805176,-0.7400607466697693,4.346859455108643,-0.4684567153453827,-0.16162878274917603,-2.0479612350463867,0.8426006436347961,1.0188701152801514,4.171142578125,0.3875666558742523,0.5155466794967651,0.0,-4.023448944091797,3.392650842666626,4.5206217765808105,-0.37204739451408386,0.5580568313598633,-3.0080771446228027,-1.7813228368759155,-6.100467681884766,-2.2380423545837402,-0.777108907699585,0.0,0.0,0.0,0.004760982468724251,0.07289595156908035,-0.04736752063035965,0.9962027072906494,0.004760982468724251,0.07289595156908035,-0.04736752063035965,0.9962027072906494,-0.005692315753549337,-0.294537752866745,0.05127407982945442,0.9542463421821594,-0.05629802867770195,-0.2968427538871765,0.035579465329647064,0.9526011943817139,-0.025334790349006653,-0.3010701537132263,-0.06300889700651169,0.9511807560920715,0.04533436894416809,0.7203199863433838,-0.050564490258693695,0.690309464931488,0.026195598766207695,0.45340168476104736,-0.06265591084957123,0.8887153267860413,-0.016701195389032364,0.4558961093425751,-0.0407136045396328,0.8889444470405579,-0.016701195389032364,0.4558961093425751,-0.0407136045396328,0.8889444470405579,-0.022408679127693176,-0.3313552439212799,-0.1517283171415329,0.9309565424919128,-0.019549807533621788,-0.3318195939064026,-0.1507100760936737,0.931020975112915,-0.07139545679092407,-0.32463690638542175,-0.0026928065344691277,0.9431363940238953,-0.02802773006260395,0.7144579291343689,-0.06571916490793228,0.6960210204124451,-0.046287793666124344,0.47540244460105896,-0.05442428216338158,0.8768625855445862,-0.014087139628827572,0.47308576107025146,-0.07182875275611877,0.8779703974723816,-0.014087139628827572,0.47308576107025146,-0.07182875275611877,0.8779703974723816,0.004760982468724251,0.07289595156908035,-0.04736752063035965,0.9962027072906494,0.0005369409918785095,-0.008014223538339138,-0.05267375335097313,0.9985794425010681,0.6726723313331604,-0.04138760641217232,-0.03355321288108826,0.7380197644233704,0.6282616257667542,-0.25590044260025024,0.17739883065223694,0.7129740118980408,0.4565841257572174,-0.7152903079986572,-0.5176575183868408,0.10918521136045456,0.4441876709461212,-0.7207760810852051,-0.5188250541687012,0.11832054704427719,0.4441876709461212,-0.7207760810852051,-0.5188250541687012,0.11832054704427719,0.0005011680186726153,-0.02614019252359867,-0.04139888286590576,0.9988005757331848,-0.7625998854637146,0.014751060865819454,-0.04668600857257843,0.6450148820877075,-0.7501075863838196,-0.1494079828262329,-0.16749469935894012,0.6220622062683105,-0.5006206035614014,-0.5783474445343018,0.624333381652832,0.15843316912651062,-0.4774942696094513,-0.5910075902938843,0.6239607930183411,0.1827080398797989,-0.4774942696094513,-0.5910075902938843,0.6239607930183411,0.1827080398797989,0.004760982468724251,0.07289595156908035,-0.04736752063035965,0.9962027072906494
0.09655309468507767,0.002732123713940382,0.42676880955696106,-0.004140626173466444,0.09051018953323364,-0.04470263794064522,0.994883120059967,-0.8688660860061646,-0.12510043382644653,-0.23544719815254211,2.35160756111145,-0.6772165298461914,-0.09382718056440353,-0.9048185348510742,0.06316789984703064,0.32760289311408997,2.3644022941589355,-0.575579047203064,0.12399314343929291,0.0,-0.2868369221687317,1.5270212888717651,0.7376327514648438,-2.1947999000549316,0.08377822488546371,-0.30569225549697876,-1.7040358781814575,-0.6480815410614014,-2.1947999000549316,-0.14243479073047638,0.0,-0.480677992105484,0.03582014515995979,-1.0703516006469727,-0.47000652551651,1.0832221508026123,0.19951385259628296,-2.949678659439087,-0.5690873861312866,-0.8546979427337646,3.755335569381714,-0.22166310250759125,0.08034846931695938,-1.544122576713562,1.7107895612716675,0.370354026556015,3.1334993839263916,0.8323716521263123,1.5180777311325073,0.0,-3.730043649673462,1.4964042901992798,3.7482314109802246,0.0,1.5300248861312866,-3.207840919494629,1.033405065536499,-7.091297149658203,0.0,-2.122521162033081,0.0,0.0,0.0,-0.004140626173466444,0.09051018953323364,-0.04470263794064522,0.994883120059967,-0.004140626173466444,0.09051018953323364,-0.04470263794064522,0.994883120059967,-0.01207024697214365,-0.3219205439090729,0.06951173394918442,0.9441342949867249,-0.07106394320726395,-0.3256361484527588,0.049252722412347794,0.9415334463119507,-0.03232550993561745,-0.33172887563705444,-0.061673037707805634,0.9408015012741089,0.04448528215289116,0.7407095432281494,-0.053568292409181595,0.6682072281837463,0.024165280163288116,0.476688951253891,-0.06530345976352692,0.8763099312782288,-0.016957074403762817,0.4792269766330719,-0.04287661984562874,0.8764790892601013,-0.016957074403762817,0.4792269766330719,-0.04287661984562874,0.8764790892601013,-0.03283943608403206,-0.3391420841217041,-0.15101663768291473,0.9279537796974182,-0.0035194852389395237,-0.34374186396598816,-0.140231654047966,0.9285280108451843,-0.059526339173316956,-0.33856678009033203,0.013060417957603931,0.9389667510986328,-0.03464052081108093,0.7406803369522095,-0.05013974383473396,0.6690878868103027,-0.04744721204042435,0.5203093886375427,-0.0382455438375473,0.8518005609512329,0.0054188319481909275,0.5169402360916138,-0.07040880620479584,0.853103756904602,0.0054188319481909275,0.5169402360916138,-0.07040880620479584,0.853103756904602,-0.004140626173466444,0.09051018953323364,-0.04470263794064522,0.994883120059967,-0.011287020519375801,-0.05237159505486488,-0.05258163809776306,0.9971784949302673,0.6813570261001587,-0.074192114174366,-0.0017727011581882834,0.7281792759895325,0.60880446434021,-0.3308420777320862,0.24491871893405914,0.6781706809997559,0.5119622945785522,-0.7197937369346619,-0.4678276479244232,0.030476883053779602,0.4806459844112396,-0.7359302639961243,-0.47397515177726746,0.05228404328227043,0.4806459844112396,-0.7359302639961243,-0.47397515177726746,0.05228404328227043,-0.010019698180258274,-0.06167915463447571,-0.03404122591018677,0.9974650144577026,-0.7573004364967346,-0.014993823133409023,-0.06883537024259567,0.649255633354187,-0.7144995331764221,-0.2678421437740326,-0.2564274072647095,0.5932924747467041,-0.5699312090873718,-0.6085621118545532,0.5502635836601257,0.045172061771154404,-0.5231642127037048,-0.6383368968963623,0.5575475692749023,0.08925183862447739,-0.5231642127037048,-0.6383368968963623,0.5575475692749023,0.08925183862447739,-0.004140626173466444,0.09051018953323364,-0.04470263794064522,0.994883120059967
0.0948166623711586,0.005939462222158909,0.40565353631973267,-0.019001567736268044,0.10324347019195557,-0.04298143461346626,0.9935453534126282,-0.9049719572067261,-0.1294369399547577,-0.2579168379306793,2.3910999298095703,-0.6765641570091248,-0.0996074303984642,-0.916317880153656,0.10585609078407288,0.3175351321697235,2.3910999298095703,-0.5763047337532043,0.15243647992610931,0.0,-0.4148913621902466,1.489492416381836,0.8136502504348755,-2.1947999000549316,0.16149742901325226,-0.46689027547836304,-1.5405429601669312,-0.8122102618217468,-2.1947999000549316,-0.2851194441318512,0.0,-0.05209296569228172,0.09622015058994293,-0.633458137512207,-0.8439810276031494,0.8076916337013245,0.1767076551914215,-1.0831761360168457,-0.13009518384933472,-0.6740891337394714,1.184770941734314,0.019571183249354362,-0.17340748012065887,-0.3449803292751312,1.2806456089019775,-0.30203279852867126,0.8009290099143982,-0.021770594641566277,0.8533000349998474,0.0,-3.8416330814361572,-1.125866174697876,2.280524969100952,0.0,2.331576108932495,-4.835940361022949,4.904787063598633,-4.923861503601074,0.0,-4.280539512634277,0.0,0.0,0.0,-0.019001567736268044,0.10324347019195557,-0.04298143461346626,0.9935453534126282,-0.019001567736268044,0.10324347019195557,-0.04298143461346626,0.9935453534126282,-0.02355794422328472,-0.3245760202407837,0.08179450780153275,0.9420217871665955,-0.08443228155374527,-0.32918643951416016,0.06063186749815941,0.9385260939598083,-0.04139739274978638,-0.3373110890388489,-0.060567256063222885,0.9385302662849426,0.04118060693144798,0.7495997548103333,-0.06071485951542854,0.6578131318092346,0.018697485327720642,0.48881059885025024,-0.07094039767980576,0.8692997694015503,-0.02460215985774994,0.49173611402511597,-0.04651791974902153,0.8691526651382446,-0.02460215985774994,0.49173611402511597,-0.04651791974902153,0.8691526651382446,-0.047223519533872604,-0.3340485394001007,-0.14416682720184326,0.9302673935890198,0.002056859200820327,-0.34120768308639526,-0.1262926608324051,0.9314629435539246,-0.05191441997885704,-0.33724144101142883,0.02256132662296295,0.9397149085998535,-0.040018174797296524,0.7507274746894836,-0.040033310651779175,0.6581824421882629,-0.04974496737122536,0.5327323079109192,-0.027010343968868256,0.8443886637687683,0.014694977551698685,0.5291289687156677,-0.06749654561281204,0.8457249999046326,0.014694977551698685,0.5291289687156677,-0.06749654561281204,0.8457249999046326,-0.019001567736268044,0.10324347019195557,-0.04298143461346626,0.9935453534126282,-0.028764400631189346,-0.10344360023736954,-0.05100303888320923,0.9929102063179016,0.6518305540084839,-0.11062704026699066,0.03261205181479454,0.7495431900024414,0.5557515025138855,-0.377641886472702,0.3097572922706604,0.6727386713027954,0.5479977130889893,-0.7394279837608337,-0.3909517526626587,-0.010074658319354057,0.4863002598285675,-0.773278534412384,-0.40601760149002075,0.026495736092329025,0.4863002598285675,-0.773278534412384,-0.40601760149002075,0.026495736092329025,-0.02690979838371277,-0.12866486608982086,-0.02299693040549755,0.9910562038421631,-0.7094160318374634,-0.07633210718631744,-0.10609861463308334,0.6925643682479858,-0.624254047870636,-0.3669930696487427,-0.3529193103313446,0.5925123691558838,-0.6200368404388428,-0.6578826308250427,0.4258258640766144,-0.03764469176530838,-0.5200451016426086,-0.7237469553947449,0.45224934816360474,0.03484134003520012,-0.5200451016426086,-0.7237469553947449,0.45224934816360474,0.03484134003520012,-0.019001567736268044,0.10324347019195557,-0.04298143461346626,0.9935453534126282
0.10446968674659729,0.013356361538171768,0.41749653220176697,-0.04487280920147896,0.1314648687839508,-0.051301050931215286,0.9889750480651855,-0.9252456426620483,-0.12357953190803528,-0.2916785180568695,2.3910999298095703,-0.67640221118927,-0.10839129984378815,-0.9356095194816589,0.18430976569652557,0.3151756823062897,2.3910999298095703,-0.5680957436561584,0.16572371125221252,0.0,-0.5791441202163696,1.382498860359192,0.7975688576698303,-2.1947999000549316,0.1968979686498642,-0.7719597816467285,-1.2450860738754272,-0.7848498821258545,-2.1947999000549316,-0.4047689735889435,0.0,0.2895907163619995,0.22250697016716003,0.35528984665870667,-1.526618480682373,1.7683579921722412,-0.37975257635116577,-0.6082105040550232,0.17572222650051117,-1.0128504037857056,0.0,0.0048583741299808025,-0.26351606845855713,-0.5787491202354431,2.353610038757324,-0.07078349590301514,0.0,0.24626968801021576,0.3986169099807739,0.0,-4.927582263946533,-3.209806442260742,-0.4824417531490326,0.0,1.0620161294937134,-9.152084350585938,8.863706588745117,0.8208113312721252,0.0,-3.5894856452941895,0.0,0.0,0.0,-0.04487280920147896,0.1314648687839508,-0.051301050931215286,0.9889750480651855,-0.04487280920147896,0.1314648687839508,-0.051301050931215286,0.9889750480651855,-0.04708583652973175,-0.30350762605667114,0.08767222613096237,0.9476178884506226,-0.10551181435585022,-0.30834221839904785,0.06876318156719208,0.9429019093513489,-0.05958256497979164,-0.32040223479270935,-0.06899195909500122,0.942885160446167,0.04235420003533363,0.7598487734794617,-0.08072232455015182,0.6436768770217896,0.013172050938010216,0.5032396912574768,-0.09020238369703293,0.8593252301216125,-0.03339618444442749,0.5073869824409485,-0.06280989199876785,0.8587770462036133,-0.03339618444442749,0.5073869824409485,-0.06280989199876785,0.8587770462036133,-0.07773962616920471,-0.31865766644477844,-0.14166635274887085,0.9339938163757324,0.00854056142270565,-0.33034229278564453,-0.11174090951681137,0.9371846318244934,-0.043407995253801346,-0.3275892436504364,0.036722078919410706,0.9431079030036926,-0.050075963139534,0.7574219107627869,-0.026928845793008804,0.6504454016685486,-0.05561600252985954,0.5447880625724792,-0.011816308833658695,0.8366439938545227,0.013821390457451344,0.5419408082962036,-0.056866273283958435,0.8383765816688538,0.013821390457451344,0.5419408082962036,-0.056866273283958435,0.8383765816688538,-0.04487280920147896,0.1314648687839508,-0.051301050931215286,0.9889750480651855,-0.05998137593269348,-0.1566498577594757,-0.05410914123058319,0.9843450784683228,0.5813076496124268,-0.1551854908466339,0.058175936341285706,0.7966269254684448,0.47697392106056213,-0.3877106308937073,0.34815356135368347,0.7077891230583191,0.5466659665107727,-0.779649019241333,-0.30545470118522644,-0.0010832336265593767,0.46749013662338257,-0.8217907547950745,-0.3238661587238312,0.03498135507106781,0.46749013662338257,-0.8217907547950745,-0.3238661587238312,0.03498135507106781,-0.057738907635211945,-0.2487281709909439,-0.007288979832082987,0.9668233394622803,-0.6106646060943604,-0.19781608879566193,-0.1509556919336319,0.7517778277397156,-0.4923679232597351,-0.4339072108268738,-0.41175195574760437,0.6322647333145142,-0.6160032153129578,-0.7309280037879944,0.2839127480983734,-0.07535098493099213,-0.45994773507118225,-0.8235016465187073,0.3321033716201782,-0.0006894859252497554,-0.45994773507118225,-0.8235016465187073,0.3321033716201782,-0.0006894859252497554,-0.04487280920147896,0.1314648687839508,-0.051301050931215286,0.9889750480651855
0.11909249424934387,0.019404258579015732,0.4328232407569885,-0.06583208590745926,0.1697893887758255,-0.052704405039548874,0.9818655252456665,-0.9636625647544861,-0.11098684370517731,-0.3189207911491394,2.3910999298095703,-0.6769481897354126,-0.11659557372331619,-0.9681248068809509,0.24072416126728058,0.30924075841903687,2.385631799697876,-0.5553979873657227,0.17171277105808258,0.0,-0.6994783878326416,1.2773597240447998,0.7275078892707825,-2.1947999000549316,0.16771800816059113,-1.4199999570846558,-0.75,-0.5179682374000549,-2.1947999000549316,-0.3651365041732788,0.0,0.4386841952800751,0.18143689632415771,0.45980122685432434,-1.1563156843185425,2.3917160034179688,-0.043029770255088806,-1.1525075435638428,0.37778061628341675,-0.8172681331634521,0.0,-0.016379356384277344,-0.24612820148468018,-0.975458562374115,1.6924318075180054,-0.17804770171642303,-0.16404388844966888,0.38093265891075134,0.1796717792749405,0.0,-3.61002779006958,-3.1541738510131836,-2.1018290519714355,0.0,-0.8753987550735474,-19.441204071044922,14.852581024169922,8.006448745727539,0.0,1.1889740228652954,0.0,0.0,0.0,-0.06583208590745926,0.1697893887758255,-0.052704405039548874,0.9818655252456665,-0.06583208590745926,0.1697893887758255,-0.052704405039548874,0.9818655252456665,-0.061564017087221146,-0.2811412513256073,0.10052579641342163,0.9523990750312805,-0.11429401487112045,-0.28628411889076233,0.08477757126092911,0.9475183486938477,-0.0673862174153328,-0.30080029368400574,-0.06675014644861221,0.9489587545394897,0.03740832582116127,0.77268385887146,-0.0871613472700119,0.6276648640632629,0.006344103254377842,0.5204287171363831,-0.09463739395141602,0.8486209511756897,-0.04311138018965721,0.5250585675239563,-0.06415396183729172,0.8475489020347595,-0.04311138018965721,0.5250585675239563,-0.06415396183729172,0.8475489020347595,-0.1024114340543747,-0.2990162968635559,-0.13532091677188873,0.9390364289283752,0.011081165634095669,-0.313101202249527,-0.09843850880861282,0.9445394277572632,-0.037270188331604004,-0.3110724687576294,0.048199668526649475,0.948431134223938,-0.058551687747240067,0.7666836380958557,-0.016851546242833138,0.6391274929046631,-0.06092824414372444,0.5620983839035034,-0.00015437636466231197,0.8248230814933777,0.010025536641478539,0.5600147247314453,-0.04835427924990654,0.8270095586776733,0.010025536641478539,0.5600147247314453,-0.04835427924990654,0.8270095586776733,-0.06583208590745926,0.1697893887758255,-0.052704405039548874,0.9818655252456665,-0.08352351933717728,-0.17768079042434692,-0.04812602326273918,0.97935551404953,0.5167694687843323,-0.17134661972522736,0.06728234142065048,0.8360996842384338,0.42361727356910706,-0.3623129725456238,0.348217636346817,0.7536724805831909,0.5208660960197449,-0.8118090629577637,-0.26053377985954285,0.04226955771446228,0.45064684748649597,-0.847012460231781,-0.27347394824028015,0.0685516968369484,0.45064684748649597,-0.847012460231781,-0.27347394824028015,0.0685516968369484,-0.07726193219423294,-0.5072939395904541,0.0430448092520237,0.8572226166725159,-0.38586992025375366,-0.4878069758415222,-0.14575430750846863,0.7693532705307007,-0.25066500902175903,-0.5825363993644714,-0.33133000135421753,0.6985977292060852,-0.44283896684646606,-0.8713136911392212,0.10922835767269135,-0.1810394674539566,-0.2871222496032715,-0.9289041757583618,0.1784054934978485,-0.15122592449188232,-0.2871222496032715,-0.9289041757583618,0.1784054934978485,-0.15122592449188232,-0.06583208590745926,0.1697893887758255,-0.052704405039548874,0.9818655252456665
0.1344442218542099,0.025532841682434082,0.4350135922431946,-0.0789114311337471,0.2291286289691925,-0.04883343726396561,0.9689624905586243,-1.0637543201446533,-0.13425613939762115,-0.3526785373687744,2.3910999298095703,-0.6653725504875183,-0.12878121435642242,-1.044162392616272,0.27413761615753174,0.30738964676856995,2.3531150817871094,-0.5489795804023743,0.1709207445383072,0.0,-0.7474038600921631,1.2072340250015259,0.7091567516326904,-2.1947999000549316,0.07578492164611816,-1.4199999570846558,-0.75,-0.30037158727645874,-2.1947999000549316,-0.14762452244758606,0.0,0.46055179834365845,0.1838574856519699,0.06571054458618164,-0.5947982668876648,3.686267852783203,0.08615750074386597,-3.0027525424957275,-0.6980788111686707,-1.0127323865890503,0.0,0.3472691476345062,-0.36556920409202576,-2.281127452850342,1.0024036169052124,-0.05553334578871727,-0.9755014777183533,0.19255219399929047,-0.02376079373061657,0.0,-1.437764048576355,-2.1037709712982178,-0.5505341291427612,0.0,-2.7579925060272217,0.0,0.0,6.527899265289307,0.0,6.525359153747559,0.0,0.0,0.0,-0.0789114311337471,0.2291286289691925,-0.04883343726396561,0.9689624905586243,-0.0789114311337471,0.2291286289691925,-0.04883343726396561,0.9689624905586243,-0.06185688078403473,-0.26683294773101807,0.12375559657812119,0.9537601470947266,-0.12569357454776764,-0.274533212184906,0.10557834059000015,0.9474628567695618,-0.07558389753103256,-0.292325884103775,-0.062269289046525955,0.9512913227081299,0.030234796926379204,0.7779600024223328,-0.09314636886119843,0.6206350326538086,-0.0018430630443617702,0.5326142907142639,-0.09791319072246552,0.8406733274459839,-0.05593331158161163,0.5378108620643616,-0.06343861669301987,0.838812530040741,-0.05593331158161163,0.5378108620643616,-0.06343861669301987,0.838812530040741,-0.12149526923894882,-0.2783225476741791,-0.12938012182712555,0.9439471364021301,0.0086252111941576,-0.29339057207107544,-0.09013663977384567,0.9516947865486145,-0.03639175370335579,-0.29125258326530457,0.0566212460398674,0.9542754292488098,-0.06625606119632721,0.7692005038261414,-0.011851584538817406,0.6354528069496155,-0.06698811054229736,0.5681611895561218,0.006551188882440329,0.8201600313186646,0.003262258367612958,0.5666468739509583,-0.04196890816092491,0.822884738445282,0.003262258367612958,0.5666468739509583,-0.04196890816092491,0.822884738445282,-0.0789114311337471,0.2291286289691925,-0.04883343726396561,0.9689624905586243,-0.09650955349206924,-0.14152981340885162,-0.03892337530851364,0.9844492077827454,0.47934186458587646,-0.13861362636089325,0.04829058051109314,0.8652662634849548,0.40254542231559753,-0.31495440006256104,0.3346576988697052,0.7916849851608276,0.4964750111103058,-0.825127899646759,-0.2500084638595581,0.10085783153772354,0.4642438292503357,-0.8410701155662537,-0.2539834678173065,0.11212116479873657,0.4642438292503357,-0.8410701155662537,-0.2539834678173065,0.11212116479873657,-0.08223385363817215,-0.45336392521858215,0.05396103113889694,0.8858820199966431,-0.4009934663772583,-0.4416230320930481,-0.11584360897541046,0.7941999435424805,-0.3316218852996826,-0.5039921998977661,-0.2293674796819687,0.7638123631477356,-0.3849470615386963,-0.8891553282737732,0.23146042227745056,-0.08743373304605484,-0.32031530141830444,-0.9103385210037231,0.25295624136924744,-0.0685204491019249,-0.32031530141830444,-0.9103385210037231,0.25295624136924744,-0.0685204491019249,-0.0789114311337471,0.2291286289691925,-0.04883343726396561,0.9689624905586243
0.1477968692779541,0.032288696616888046,0.4294227659702301,-0.0826009213924408,0.2940293252468109,-0.026233699172735214,0.9518590569496155,-1.193206548690796,-0.20267200469970703,-0.38839900493621826,2.3824615478515625,-0.6352582573890686,-0.13506440818309784,-1.1211949586868286,0.28620338439941406,0.30047714710235596,2.313480854034424,-0.5368443131446838,0.20061303675174713,0.0,-0.78699791431427,1.1977334022521973,0.7039854526519775,-2.1947999000549316,0.03536011278629303,-1.4199999570846558,-0.550000011920929,-0.20660430192947388,-2.0999999046325684,0.03080909326672554,0.0,0.40057939291000366,0.20267564058303833,-0.16772477328777313,0.20554853975772858,4.129588603973389,1.0080674886703491,-3.8835666179656982,-2.052475929260254,-1.0716140270233154,-0.2591514587402344,0.9034287333488464,-0.18849579989910126,-2.31097674369812,0.36197301745414734,-0.20737497508525848,-1.1890267133712769,0.3640579879283905,0.8907687067985535,0.0,-1.1878215074539185,-0.2850186824798584,-0.15513895452022552,0.0,-1.2127442359924316,0.0,5.999999523162842,2.813018321990967,2.8439996242523193,5.353008270263672,0.0,0.0,0.0,-0.0826009213924408,0.2940293252468109,-0.026233699172735214,0.9518590569496155,-0.0826009213924408,0.2940293252468109,-0.026233699172735214,0.9518590569496155,-0.03981241583824158,-0.2613193094730377,0.16153843700885773,0.9508062601089478,-0.1357942521572113,-0.27632036805152893,0.1342739760875702,0.9419009685516357,-0.0799170434474945,-0.29733195900917053,-0.05001918226480484,0.9501079320907593,0.016848480328917503,0.7723181247711182,-0.09276195615530014,0.6282006502151489,-0.012965270318090916,0.5374890565872192,-0.09338390082120895,0.8379838466644287,-0.06948360800743103,0.5425655245780945,-0.05690080672502518,0.8351987600326538,-0.06948360800743103,0.5425655245780945,-0.05690080672502518,0.8351987600326538,-0.12389278411865234,-0.25119373202323914,-0.11078378558158875,0.9535613656044006,0.013364587910473347,-0.26442545652389526,-0.07382770627737045,0.9614832401275635,-0.02636357769370079,-0.2634471356868744,0.07091299444437027,0.9617026448249817,-0.07552735507488251,0.7744438648223877,0.00439436174929142,0.628102719783783,-0.07165732979774475,0.5801320672035217,0.024267643690109253,0.8110013008117676,0.009915225207805634,0.5796461701393127,-0.033947836607694626,0.814100444316864,0.009915225207805634,0.5796461701393127,-0.033947836607694626,0.814100444316864,-0.0826009213924408,0.2940293252468109,-0.026233699172735214,0.9518590569496155,-0.0934055969119072,-0.09467487037181854,-0.015536574646830559,0.9909948110580444,0.4814797639846802,-0.08695714920759201,0.04053604230284691,0.8711903095245361,0.42291581630706787,-0.26616060733795166,0.32739198207855225,0.8019446730613708,0.49655598402023315,-0.8108392357826233,-0.2718704640865326,0.14852039515972137,0.48164457082748413,-0.8183993101119995,-0.2728912830352783,0.15417993068695068,0.48164457082748413,-0.8183993101119995,-0.2728912830352783,0.15417993068695068,-0.06767328828573227,-0.3928681015968323,0.07279996573925018,0.914207398891449,-0.3133806884288788,-0.39787477254867554,-0.03661761060357094,0.8614797592163086,-0.27099987864494324,-0.4335833191871643,-0.12305251508951187,0.8505425453186035,-0.2669946551322937,-0.937009334564209,0.2186802476644516,0.05391044169664383,-0.2814182937145233,-0.9335615634918213,0.21610891819000244,0.05063093826174736,-0.2814182937145233,-0.9335615634918213,0.21610891819000244,0.05063093826174736,-0.0826009213924408,0.2940293252468109,-0.026233699172735214,0.9518590569496155
0.15865926444530487,0.027670754119753838,0.4244717061519623,-0.07874876260757446,0.34590771794319153,-0.0076980614103376865,0.9349263310432434,-1.2988675832748413,-0.23741529881954193,-0.4201030433177948,2.3608877658843994,-0.5896175503730774,-0.13355857133865356,-1.1883513927459717,0.31971636414527893,0.2796153128147125,2.2897400856018066,-0.5242258310317993,0.22921335697174072,0.0,-0.8150463700294495,1.170548915863037,0.5936006307601929,-2.1947999000549316,0.03650108724832535,-1.4199999570846558,-0.550000011920929,-0.19321642816066742,-2.0999999046325684,0.13516730070114136,0.0,0.3258718252182007,-0.13853827118873596,-0.14853177964687347,0.5450453162193298,3.349241018295288,0.7072686553001404,-3.169830799102783,-1.0422987937927246,-0.9511210918426514,-0.6472133994102478,1.3692210912704468,0.04517510160803795,-2.014693021774292,1.0053893327713013,-0.6258549690246582,-0.7122229933738708,0.37855443358421326,0.8580095767974854,0.0,-0.8414536118507385,-0.8155345320701599,-3.311544418334961,0.0,0.03422923386096954,0.0,0.0,0.40163618326187134,0.0,3.1307461261749268,0.0,0.0,0.0,-0.07874876260757446,0.34590771794319153,-0.0076980614103376865,0.9349263310432434,-0.07874876260757446,0.34590771794319153,-0.0076980614103376865,0.9349263310432434,-0.013073806650936604,-0.2583027184009552,0.18620043992996216,0.9478597640991211,-0.1252359300851822,-0.27853643894195557,0.1542995125055313,0.9396409392356873,-0.06440555304288864,-0.29852724075317383,-0.04501676186919212,0.9511607885360718,0.017123136669397354,0.7660158276557922,-0.076690174639225,0.6380009055137634,-0.005898451432585716,0.5475926399230957,-0.07835683226585388,0.8330472707748413,-0.0614742673933506,0.5516008138656616,-0.04164150729775429,0.8307968974113464,-0.0614742673933506,0.5516008138656616,-0.04164150729775429,0.8307968974113464,-0.11953455954790115,-0.23034922778606415,-0.09926007688045502,0.9606238603591919,0.03489989414811134,-0.2432122826576233,-0.06132792308926582,0.9674030542373657,0.0006670920993201435,-0.2457026094198227,0.07408064603805542,0.9665101170539856,-0.0671863928437233,0.7786430716514587,0.031214982271194458,0.6230783462524414,-0.056803133338689804,0.590595006942749,0.047558289021253586,0.8035603165626526,0.035461410880088806,0.5921591520309448,-0.020291758701205254,0.8047845959663391,0.035461410880088806,0.5921591520309448,-0.020291758701205254,0.8047845959663391,-0.07874876260757446,0.34590771794319153,-0.0076980614103376865,0.9349263310432434,-0.08395301550626755,-0.05419435724616051,0.0008149538189172745,0.994994580745697,0.47968313097953796,-0.04472407326102257,0.03061780519783497,0.8757661581039429,0.4462181329727173,-0.19886626303195953,0.27609121799468994,0.8277168869972229,0.4577871263027191,-0.8016246557235718,-0.3172351121902466,0.21723441779613495,0.4422417879104614,-0.8086361289024353,-0.31697767972946167,0.2237297147512436,0.4422417879104614,-0.8086361289024353,-0.31697767972946167,0.2237297147512436,-0.050570305436849594,-0.3426676392555237,0.0836576372385025,0.9343569874763489,-0.302391916513443,-0.35250893235206604,-0.012536132708191872,0.8855164647102356,-0.2671225965023041,-0.38533905148506165,-0.09589279443025589,0.8780454993247986,-0.23899035155773163,-0.9370892643928528,0.23044951260089874,0.10789044946432114,-0.3026556074619293,-0.9221104383468628,0.22243329882621765,0.09292639046907425,-0.3026556074619293,-0.9221104383468628,0.22243329882621765,0.09292639046907425,-0.07874876260757446,0.34590771794319153,-0.0076980614103376865,0.9349263310432434
0.17645803093910217,0.029397714883089066,0.4209846258163452,-0.06898775696754456,0.3930796682834625,0.013849636539816856,0.9168081879615784,-1.3632477521896362,-0.2849729359149933,-0.3990376889705658,2.317831039428711,-0.4975227117538452,-0.16401836276054382,-1.2297314405441284,0.3191963732242584,0.28378188610076904,2.260864496231079,-0.46519961953163147,0.25866881012916565,0.0,-0.8165910243988037,1.1188126802444458,0.5389665365219116,-2.1947999000549316,-0.0066253989934921265,-1.4199999570846558,-0.550000011920929,-0.2347360998392105,-2.0999999046325684,0.22385261952877045,0.0,0.5339629650115967,0.05180881917476654,-0.10461240261793137,0.9314245581626892,3.1210925579071045,0.7752960324287415,-1.931404948234558,-1.4267290830612183,0.6319605708122253,-1.2917016744613647,2.762845039367676,-0.913793683052063,-1.2414013147354126,-0.01559972669929266,0.12499719113111496,-0.8662676215171814,1.7707862854003906,0.883663535118103,0.0,-0.04633962735533714,-1.5520869493484497,-1.639022707939148,0.0,-1.2937945127487183,0.0,0.0,-1.245590090751648,0.0,2.6605594158172607,0.0,0.0,0.0,-0.06898775696754456,0.3930796682834625,0.013849636539816856,0.9168081879615784,-0.06898775696754456,0.3930796682834625,0.013849636539816856,0.9168081879615784,0.01895577274262905,-0.24146080017089844,0.20224399864673615,0.9489123821258545,-0.11598645895719528,-0.26773345470428467,0.16590584814548492,0.9419878721237183,-0.060621362179517746,-0.28541040420532227,-0.024085257202386856,0.9561829566955566,-0.002197770169004798,0.7619575262069702,-0.06519370526075363,0.64433354139328,-0.01818104460835457,0.5798658132553101,-0.062645822763443,0.8120964169502258,-0.08464467525482178,0.5830487012863159,-0.014934243634343147,0.8078777194023132,-0.08464467525482178,0.5830487012863159,-0.014934243634343147,0.8078777194023132,-0.10732235759496689,-0.20005163550376892,-0.08712632954120636,0.9699846506118774,0.048193011432886124,-0.21135547757148743,-0.054226551204919815,0.9747132062911987,0.017819790169596672,-0.21604666113853455,0.08415776491165161,0.9725860953330994,-0.0685328021645546,0.7877040505409241,0.05199355632066727,0.6100181937217712,-0.054702308028936386,0.6258773803710938,0.0663907527923584,0.7751628160476685,0.04573052376508713,0.6292127370834351,-0.014885736629366875,0.775743842124939,0.04573052376508713,0.6292127370834351,-0.014885736629366875,0.775743842124939,-0.06898775696754456,0.3930796682834625,0.013849636539816856,0.9168081879615784,-0.06762859225273132,-0.00424811290577054,0.017191650345921516,0.9975534081459045,0.4720647633075714,0.0055227442644536495,0.016825534403324127,0.8813859820365906,0.45677605271339417,-0.1348448097705841,0.242516428232193,0.8451972007751465,0.4291563332080841,-0.7872921228408813,-0.34274232387542725,0.28022077679634094,0.43196573853492737,-0.7860884666442871,-0.3429970443248749,0.2789687216281891,0.43196573853492737,-0.7860884666442871,-0.3429970443248749,0.2789687216281891,-0.027219422161579132,-0.29550701379776,0.09290702641010284,0.9504225254058838,-0.2842809855937958,-0.3096320331096649,0.009172038175165653,0.9073192477226257,-0.24607178568840027,-0.3473963737487793,-0.09483713656663895,0.8998724222183228,-0.22558720409870148,-0.9382548332214355,0.21402940154075623,0.15159042179584503,-0.3314368724822998,-0.9119115471839905,0.20512431859970093,0.12841714918613434,-0.3314368724822998,-0.9119115471839905,0.20512431859970093,0.12841714918613434,-0.06898775696754456,0.3930796682834625,0.013849636539816856,0.9168081879615784
0.19477416574954987,0.025632839649915695,0.41955289244651794,-0.05943808704614639,0.43624570965766907,0.022459186613559723,0.8975813984870911,-1.40782630443573,-0.32577261328697205,-0.3884812295436859,2.27364444732666,-0.47793376445770264,-0.18395480513572693,-1.3010696172714233,0.310843825340271,0.2807869017124176,2.2540435791015625,-0.4506249725818634,0.25594839453697205,0.0,-0.8712810277938843,1.1078898906707764,0.5030698180198669,-2.1947999000549316,-0.025040917098522186,-1.4199999570846558,-0.550000011920929,-0.28710120916366577,-2.0999999046325684,0.29202306270599365,0.0,0.5494840145111084,-0.11294624954462051,-0.04295199736952782,0.6131575703620911,2.8726794719696045,0.08570709824562073,-1.337356448173523,-1.2239902019500732,0.3166937530040741,-1.3255976438522339,0.5876683592796326,-0.5980932116508484,-2.1401453018188477,-0.2505764365196228,-0.08984952419996262,-0.20462749898433685,0.4372393786907196,-0.08161246031522751,0.0,-1.6406999826431274,-0.3276836574077606,-1.0769015550613403,0.0,-0.5524654984474182,0.0,0.0,-1.5709532499313354,0.0,2.0451130867004395,0.0,0.0,0.0,-0.05943808704614639,0.43624570965766907,0.022459186613559723,0.8975813984870911,-0.05943808704614639,0.43624570965766907,0.022459186613559723,0.8975813984870911,0.04180498048663139,-0.2186121940612793,0.20463192462921143,0.9531981945037842,-0.11332565546035767,-0.2489030361175537,0.16647160053253174,0.9473604559898376,-0.06315087527036667,-0.2660965919494629,-0.019519897177815437,0.9616774916648865,-0.00884323101490736,0.7606435418128967,-0.06550463289022446,0.6457958817481995,-0.024096814915537834,0.5861691236495972,-0.06155000627040863,0.8074879050254822,-0.09816092252731323,0.5893446207046509,-0.007451511919498444,0.8018614649772644,-0.09816092252731323,0.5893446207046509,-0.007451511919498444,0.8018614649772644,-0.10253921151161194,-0.1872335523366928,-0.08804839849472046,0.9729731678962708,0.04931003600358963,-0.19860632717609406,-0.05800390988588333,0.9771180152893066,0.021033355966210365,-0.20355232059955597,0.07929755747318268,0.9756208062171936,-0.06258589774370193,0.7937242388725281,0.05304253101348877,0.6027199625968933,-0.04915371164679527,0.639008104801178,0.06568422168493271,0.7648124694824219,0.048857565969228745,0.6421655416488647,-0.016406429931521416,0.7648314833641052,0.048857565969228745,0.6421655416488647,-0.016406429931521416,0.7648314833641052,-0.05943808704614639,0.43624570965766907,0.022459186613559723,0.8975813984870911,-0.05598695948719978,0.015901386737823486,0.02161099575459957,0.9980708956718445,0.47741708159446716,0.024891814216971397,0.010014334693551064,0.8782670497894287,0.46873316168785095,-0.10820988565683365,0.22039781510829926,0.8485308885574341,0.41346365213394165,-0.7773880958557129,-0.36356931924819946,0.3041921555995941,0.42401784658432007,-0.7730234265327454,-0.36484187841415405,0.29922235012054443,0.42401784658432007,-0.7730234265327454,-0.36484187841415405,0.29922235012054443,-0.01260964572429657,-0.2506544589996338,0.09243673831224442,0.9635708332061768,-0.273790568113327,-0.2663370966911316,0.020898990333080292,0.9239407777786255,-0.2327602058649063,-0.31098780035972595,-0.10877296328544617,0.9150288105010986,-0.2290809005498886,-0.9339520931243896,0.19648292660713196,0.19144150614738464,-0.3668411076068878,-0.8959435820579529,0.19029110670089722,0.16279436647891998,-0.3668411076068878,-0.8959435820579529,0.19029110670089722,0.16279436647891998,-0.05943808704614639,0.43624570965766907,0.022459186613559723,0.8975813984870911
0.2224050909280777,0.028885681182146072,0.4219420254230499,-0.049939144402742386,0.476054310798645,0.028744995594024658,0.8775261044502258,-1.4110859632492065,-0.36133474111557007,-0.3603818714618683,2.2308096885681152,-0.41942042112350464,-0.23136736452579498,-1.3316209316253662,0.2947176992893219,0.30069103837013245,2.2419285774230957,-0.4197002351284027,0.25781476497650146,0.0,-0.9383935332298279,0.9780733585357666,0.4599534571170807,-2.1947999000549316,-0.030307795852422714,-1.4199999570846558,-0.550000011920929,-0.3407256007194519,-2.0999999046325684,0.3127700686454773,0.0,0.8289276957511902,0.09758523851633072,0.07167398184537888,0.5511212944984436,2.7050013542175293,-0.02506299875676632,-0.09778975695371628,-1.066863775253296,0.842980682849884,-1.285042643547058,1.7554001808166504,-1.4223767518997192,-0.9165393710136414,-0.4837837517261505,0.5971240401268005,-0.3634500205516815,0.927742063999176,0.05599110946059227,0.0,-2.0133750438690186,-3.894495725631714,-1.2934907674789429,0.0,-0.15800635516643524,0.0,0.0,-1.6087316274642944,0.0,0.6224101185798645,0.0,0.0,0.0,-0.049939144402742386,0.476054310798645,0.028744995594024658,0.8775261044502258,-0.049939144402742386,0.476054310798645,0.028744995594024658,0.8775261044502258,0.059884242713451385,-0.17885801196098328,0.2004374861717224,0.9613784551620483,-0.11383679509162903,-0.2119627594947815,0.1650368720293045,0.9564914107322693,-0.07400630414485931,-0.22893249988555908,-0.009055089205503464,0.9705827832221985,-0.02441672794520855,0.7709819674491882,-0.07044679671525955,0.6324775815010071,-0.038547154515981674,0.6224237680435181,-0.06382040679454803,0.7791211009025574,-0.12822021543979645,0.6256300806999207,0.008449941873550415,0.7694641947746277,-0.12822021543979645,0.6256300806999207,0.008449941873550415,0.7694641947746277,-0.09822985529899597,-0.15718218684196472,-0.08788982778787613,0.9787338972091675,0.04653842747211456,-0.16838321089744568,-0.06385885924100876,0.9825493693351746,0.020793046802282333,-0.17345426976680756,0.08402752131223679,0.9810304045677185,-0.06662736088037491,0.8080172538757324,0.055260926485061646,0.5827651023864746,-0.05365411564707756,0.6688933372497559,0.06792798638343811,0.7383012175559998,0.04170016944408417,0.6720756888389587,-0.018622305244207382,0.7390727400779724,0.04170016944408417,0.6720756888389587,-0.018622305244207382,0.7390727400779724,-0.049939144402742386,0.476054310798645,0.028744995594024658,0.8775261044502258,-0.04508651793003082,0.027182091027498245,0.02326018363237381,0.9983422756195068,0.42919519543647766,0.03492303192615509,0.007764274254441261,0.9025029540061951,0.4259515404701233,-0.07656082510948181,0.20673923194408417,0.8774751424789429,0.37998732924461365,-0.791027307510376,-0.33333614468574524,0.34463372826576233,0.3930615484714508,-0.7860856652259827,-0.335456907749176,0.3391762971878052,0.3930615484714508,-0.7860856652259827,-0.335456907749176,0.3391762971878052,0.00031253989436663687,-0.2078070044517517,0.09020329266786575,0.9740018248558044,-0.26418641209602356,-0.2244931310415268,0.030384566634893417,0.9374887347221375,-0.22205297648906708,-0.27592504024505615,-0.12587101757526398,0.9266684055328369,-0.2366730123758316,-0.9271251559257507,0.17942291498184204,0.2285437136888504,-0.3839047849178314,-0.8836811184883118,0.1786307841539383,0.19953911006450653,-0.3839047849178314,-0.8836811184883118,0.1786307841539383,0.19953911006450653,-0.049939144402742386,0.476054310798645,0.028744995594024658,0.8775261044502258
0.2543609142303467,0.03057781234383583,0.42407384514808655,-0.04040173813700676,0.5199037194252014,0.034696683287620544,0.852563202381134,-1.4221372604370117,-0.37046346068382263,-0.34462839365005493,2.1735572814941406,-0.4137404263019562,-0.26039543747901917,-1.367087721824646,0.268159419298172,0.3111046850681305,2.2191483974456787,-0.4495742917060852,0.2371908575296402,0.0,-1.0193023681640625,0.9443432092666626,0.40015798807144165,-2.1940829753875732,-0.04911863058805466,-1.4199999570846558,-0.550000011920929,-0.3232927918434143,-2.0999999046325684,0.3270680606365204,0.0,0.9586746692657471,0.05076393112540245,0.06395459175109863,0.521966814994812,3.057406187057495,-0.04740944504737854,-0.3315388858318329,-0.2738615870475769,0.47260430455207825,-1.7175720930099487,0.17039982974529266,-0.8708421587944031,-1.0640037059783936,-0.7967483401298523,0.312409371137619,-0.683405339717865,-0.8962216377258301,-0.6187171936035156,0.0,-2.427264928817749,-1.0119044780731201,-1.7938640117645264,0.021507738158106804,-0.5643250346183777,0.0,0.0,0.5229842662811279,0.0,0.42893972992897034,0.0,0.0,0.0,-0.04040173813700676,0.5199037194252014,0.034696683287620544,0.852563202381134,-0.04040173813700676,0.5199037194252014,0.034696683287620544,0.852563202381134,0.07908236235380173,-0.13672323524951935,0.1957699954509735,0.9678465127944946,-0.10052290558815002,-0.1704401969909668,0.167240172624588,0.965855062007904,-0.06981007754802704,-0.18515200912952423,-0.00084469880675897,0.9802268147468567,-0.031737688928842545,0.7814720869064331,-0.06218424066901207,0.6200219392776489,-0.04383350536227226,0.6374588012695312,-0.05433953180909157,0.7673148512840271,-0.1430831402540207,0.6391184329986572,0.02888178639113903,0.7551295757293701,-0.1430831402540207,0.6391184329986572,0.02888178639113903,0.7551295757293701,-0.09514044970273972,-0.12358716130256653,-0.08780854940414429,0.9838516712188721,0.03723311424255371,-0.1342160403728485,-0.07049952447414398,0.987739622592926,0.015990041196346283,-0.13836389780044556,0.08337802439928055,0.9867359399795532,-0.06754954159259796,0.8220533132553101,0.05142602697014809,0.5630459785461426,-0.054387301206588745,0.6758694648742676,0.0651889443397522,0.7321153879165649,0.03261687234044075,0.6788350343704224,-0.015236220322549343,0.7334077954292297,0.03261687234044075,0.6788350343704224,-0.015236220322549343,0.7334077954292297,-0.04040173813700676,0.5199037194252014,0.034696683287620544,0.852563202381134,-0.03429979458451271,0.03747234120965004,0.023841911926865578,0.998424232006073,0.423557847738266,0.04421602934598923,0.0041899727657437325,0.9047796130180359,0.42393097281455994,-0.051973920315504074,0.17828664183616638,0.8864508271217346,0.35250264406204224,-0.7877108454704285,-0.34482017159461975,0.3692595064640045,0.37372255325317383,-0.7802932858467102,-0.34886375069618225,0.36023321747779846,0.37372255325317383,-0.7802932858467102,-0.34886375069618225,0.36023321747779846,0.01321191992610693,-0.15870407223701477,0.08749058097600937,0.9833533763885498,-0.25431111454963684,-0.17649860680103302,0.041107527911663055,0.9499917030334473,-0.22223018109798431,-0.22464701533317566,-0.10945151001214981,0.9424265623092651,-0.21979102492332458,-0.9152818322181702,0.18872565031051636,0.27988162636756897,-0.37379083037376404,-0.8719708919525146,0.19639936089515686,0.24773862957954407,-0.37379083037376404,-0.8719708919525146,0.19639936089515686,0.24773862957954407,-0.04040173813700676,0.5199037194252014,0.034696683287620544,0.852563202381134
0.28923916816711426,0.03358467295765877,0.4259619414806366,-0.03521024063229561,0.5578765869140625,0.03714609518647194,0.8283442258834839,-1.4134012460708618,-0.3676299750804901,-0.3140343129634857,2.116161584854126,-0.37891119718551636,-0.26179999113082886,-1.3796520233154297,0.24670949578285217,0.3194359242916107,2.1911604404449463,-0.4261820316314697,0.2512557804584503,0.0,-1.096068263053894,0.9193620681762695,0.33000001311302185,-2.1583080291748047,-0.055056728422641754,-1.4199999570846558,-0.550000011920929,-0.32307133078575134,-2.0999999046325684,0.31908366084098816,0.0,1.0463476181030273,0.09020581096410751,0.056642886251211166,0.20428119599819183,2.7156264781951904,-0.07830602675676346,0.26208043098449707,0.08500456064939499,0.9178223609924316,-1.72187077999115,1.0448768138885498,-0.04213660582900047,-0.37692901492118835,-0.64349764585495,0.24993716180324554,-0.8396386504173279,0.7017677426338196,0.4219476580619812,0.0,-2.302976608276367,-0.7494341731071472,-2.104739189147949,1.0732483863830566,-0.17814292013645172,0.0,0.0,0.006643831264227629,0.0,-0.2395319789648056,0.0,0.0,0.0,-0.03521024063229561,0.5578765869140625,0.03714609518647194,0.8283442258834839,-0.03521024063229561,0.5578765869140625,0.03714609518647194,0.8283442258834839,0.0902763083577156,-0.08935261517763138,0.18954409658908844,0.9736217856407166,-0.08920468389987946,-0.12249251455068588,0.17001894116401672,0.9737205505371094,-0.06895280629396439,-0.13493481278419495,0.01566402055323124,0.9883282780647278,-0.04747435450553894,0.7950530648231506,-0.05240263789892197,0.6024041771888733,-0.05649357661604881,0.6673797369003296,-0.042524419724941254,0.7413530945777893,-0.15277647972106934,0.6672207713127136,0.04495012387633324,0.7276367545127869,-0.15277647972106934,0.6672207713127136,0.04495012387633324,0.7276367545127869,-0.0962148904800415,-0.08467590063810349,-0.0861419290304184,0.9880041480064392,0.0260823592543602,-0.09463157504796982,-0.07506866753101349,0.9923352599143982,0.010700204409658909,-0.09757525473833084,0.08370755612850189,0.9916439056396484,-0.06953657418489456,0.837119996547699,0.04781332612037659,0.5404707789421082,-0.0578521303832531,0.703886091709137,0.061437614262104034,0.7052821516990662,0.030974023044109344,0.7060368657112122,-0.027241872623562813,0.7069727182388306,0.030974023044109344,0.7060368657112122,-0.027241872623562813,0.7069727182388306,-0.03521024063229561,0.5578765869140625,0.03714609518647194,0.8283442258834839,-0.028989139944314957,0.04429967328906059,0.022915776818990707,0.9983346462249756,0.4169435203075409,0.04986796900629997,0.0008828890859149396,0.9075629711151123,0.4194646179676056,-0.02852003462612629,0.14534498751163483,0.8956064581871033,0.32532328367233276,-0.778557300567627,-0.3500911295413971,0.40675482153892517,0.3490888774394989,-0.770910918712616,-0.35571372509002686,0.39661192893981934,0.3490888774394989,-0.770910918712616,-0.35571372509002686,0.39661192893981934,0.02029660902917385,-0.11436379700899124,0.08497954159975052,0.989589512348175,-0.24918603897094727,-0.13314253091812134,0.05073131248354912,0.9579173922538757,-0.22405807673931122,-0.1810816377401352,-0.10117436200380325,0.9522453546524048,-0.21118532121181488,-0.9020251631736755,0.19506427645683289,0.32202690839767456,-0.3610851764678955,-0.8613572716712952,0.20959502458572388,0.2893976867198944,-0.3610851764678955,-0.8613572716712952,0.20959502458572388,0.2893976867198944,-0.03521024063229561,0.5578765869140625,0.03714609518647194,0.8283442258834839
0.32538920640945435,0.032534025609493256,0.424859881401062,-0.027202792465686798,0.5944193601608276,0.03928302600979805,0.802734375,-1.4041290283203125,-0.3499031960964203,-0.2910533547401428,2.0524206161499023,-0.38535696268081665,-0.26179999113082886,-1.395444631576538,0.22886840999126434,0.3217470645904541,2.153944969177246,-0.45772063732147217,0.2460024505853653,0.0,-1.1764781475067139,0.8899703621864319,0.33000001311302185,-2.1173415184020996,-0.0852845162153244,-1.4199999570846558,-0.550000011920929,-0.3121020793914795,-2.0999999046325684,0.30169054865837097,0.0,1.0845011472702026,-0.03151942044496536,-0.03306180238723755,0.33406969904899597,2.6967148780822754,-0.18200813233852386,0.2781665325164795,0.5318033695220947,0.6894286870956421,-1.9122289419174194,-0.1933729499578476,0.0,-0.47377821803092957,-0.5352325439453125,0.06933420896530151,-1.1164641380310059,-0.9461581110954285,-0.15759988129138947,0.0,-2.4122962951660156,-0.8817511200904846,0.0,1.2289952039718628,-0.9068335890769958,0.0,0.0,0.32907751202583313,0.0,-0.5217933654785156,0.0,0.0,0.0,-0.027202792465686798,0.5944193601608276,0.03928302600979805,0.802734375,-0.027202792465686798,0.5944193601608276,0.03928302600979805,0.802734375,0.10308843106031418,-0.04234576225280762,0.1811341494321823,0.9771233201026917,-0.06856376677751541,-0.0732276439666748,0.17099839448928833,0.9801511168479919,-0.05722002685070038,-0.08239628374576569,0.027055684477090836,0.9945877194404602,-0.05278549715876579,0.8080258965492249,-0.03492610529065132,0.5857371091842651,-0.058496639132499695,0.6809113621711731,-0.02417197823524475,0.7296256422996521,-0.1532316654920578,0.6782411336898804,0.06491179019212723,0.7157481908798218,-0.1532316654920578,0.6782411336898804,0.06491179019212723,0.7157481908798218,-0.09531004726886749,-0.047178030014038086,-0.08649779111146927,0.9905596375465393,0.018419988453388214,-0.05674618110060692,-0.08054504543542862,0.9949638247489929,0.009092512540519238,-0.05896398425102234,0.07986880093812943,0.9950183629989624,-0.0660168007016182,0.8481916189193726,0.045863717794418335,0.5235544443130493,-0.05389045551419258,0.7072979211807251,0.05964493006467819,0.7023303508758545,0.032686520367860794,0.7092721462249756,-0.027585003525018692,0.7036360502243042,0.032686520367860794,0.7092721462249756,-0.027585003525018692,0.7036360502243042,-0.027202792465686798,0.5944193601608276,0.03928302600979805,0.802734375,-0.02158650942146778,0.049005135893821716,0.019776057451963425,0.9983693957328796,0.4102582633495331,0.05274536460638046,-0.0032437846530228853,0.9104369878768921,0.4132992625236511,-0.024615462869405746,0.1418144702911377,0.899147629737854,0.32511770725250244,-0.7720139622688293,-0.33935192227363586,0.4279406666755676,0.3617139458656311,-0.7597808837890625,-0.34889763593673706,0.41251233220100403,0.3617139458656311,-0.7597808837890625,-0.34889763593673706,0.41251233220100403,0.029254993423819542,-0.07031846046447754,0.08034269511699677,0.9938533902168274,-0.24172210693359375,-0.08949307352304459,0.05822907015681267,0.9644536375999451,-0.2243351936340332,-0.13531151413917542,-0.08971766382455826,0.9608929753303528,-0.19893258810043335,-0.8867495656013489,0.2015838623046875,0.3653286397457123,-0.34022417664527893,-0.8506498336791992,0.2223324328660965,0.333482563495636,-0.34022417664527893,-0.8506498336791992,0.2223324328660965,0.333482563495636,-0.027202792465686798,0.5944193601608276,0.03928302600979805,0.802734375
0.3667420744895935,0.025902440771460533,0.42016106843948364,-0.020379524677991867,0.6293954849243164,0.04145566746592522,0.7757108807563782,-1.3778375387191772,-0.32863304018974304,-0.27261146903038025,1.9868402481079102,-0.359887033700943,-0.26179999113082886,-1.3873732089996338,0.22298820316791534,0.30422675609588623,2.1084752082824707,-0.44176042079925537,0.26179999113082886,0.0,-1.2724032402038574,0.8355696797370911,0.33000001311302185,-2.091395616531372,-0.10490066558122635,-1.4199999570846558,-0.550000011920929,-0.29980528354644775,-2.0999999046325684,0.2785526514053345,0.0,1.2405859231948853,-0.19894753396511078,-0.14096438884735107,0.27967241406440735,2.668910026550293,-0.1321468949317932,0.7887446284294128,0.6381046175956726,0.5532565712928772,-1.967410922050476,0.7640978097915649,0.0,0.2421426624059677,-0.17640618979930878,-0.5256092548370361,-1.3640927076339722,0.4788064658641815,0.4739261865615845,0.0,-2.8777525424957275,-1.632020354270935,0.0,0.7783769965171814,-0.5884844660758972,0.0,0.0,0.36890384554862976,0.0,-0.6941368579864502,0.0,0.0,0.0,-0.020379524677991867,0.6293954849243164,0.04145566746592522,0.7757108807563782,-0.020379524677991867,0.6293954849243164,0.04145566746592522,0.7757108807563782,0.1132795512676239,0.01288577076047659,0.17214415967464447,0.9784519076347351,-0.04829957336187363,-0.015446809120476246,0.17193326354026794,0.9838025569915771,-0.04575261101126671,-0.021866677328944206,0.03665546700358391,0.9980405569076538,-0.05568655580282211,0.8243204355239868,-0.01832844875752926,0.563079833984375,-0.058067746460437775,0.7102341055870056,-0.008066067472100258,0.7015202045440674,-0.1491379290819168,0.70521080493927,0.08470730483531952,0.6879391670227051,-0.1491379290819168,0.70521080493927,0.08470730483531952,0.6879391670227051,-0.09422113746404648,0.0014947995077818632,-0.08390549570322037,0.9920080900192261,0.01673792488873005,-0.00785007979720831,-0.0835508406162262,0.9963319897651672,0.01535515021532774,-0.010295690037310123,0.06838555634021759,0.9974876642227173,-0.05187911167740822,0.8622544407844543,0.04712666943669319,0.5016023516654968,-0.040293797850608826,0.7314106225967407,0.057347845286130905,0.6783259510993958,0.04859042912721634,0.7326387166976929,-0.03861124441027641,0.6777821779251099,0.04859042912721634,0.7326387166976929,-0.03861124441027641,0.6777821779251099,-0.020379524677991867,0.6293954849243164,0.04145566746592522,0.7757108807563782,-0.015291118063032627,0.04552433639764786,0.01649041287600994,0.998710036277771,0.3912374973297119,0.048299554735422134,-0.0033988275099545717,0.919015109539032,0.39380645751953125,-0.025971343740820885,0.14326393604278564,0.9075887799263,0.3204038441181183,-0.7757171988487244,-0.31764018535614014,0.4412583112716675,0.3656021058559418,-0.7604222893714905,-0.329976350069046,0.4233304560184479,0.3656021058559418,-0.7604222893714905,-0.329976350069046,0.4233304560184479,0.037274450063705444,-0.02649310790002346,0.07644543796777725,0.996024489402771,-0.23459354043006897,-0.046256158500909805,0.0663788914680481,0.9687208533287048,-0.2244459092617035,-0.08978690952062607,-0.07655075937509537,0.9673171043395996,-0.18512462079524994,-0.8696843385696411,0.2086886614561081,0.40721872448921204,-0.3149484097957611,-0.838935911655426,0.23424644768238068,0.37699154019355774,-0.3149484097957611,-0.838935911655426,0.23424644768238068,0.37699154019355774,-0.020379524677991867,0.6293954849243164,0.04145566746592522,0.7757108807563782
0.4138588309288025,0.02912895567715168,0.41136765480041504,-0.02552301064133644,0.6688368916511536,0.03607957810163498,0.7420943975448608,-1.3478182554244995,-0.3077794015407562,-0.2869647741317749,1.906715750694275,-0.3553350269794464,-0.26179999113082886,-1.3817501068115234,0.20298554003238678,0.3013486862182617,2.0403056144714355,-0.4532327950000763,0.26179999113082886,0.0,-1.2703700065612793,0.7754858732223511,0.33000001311302185,-2.0805487632751465,-0.12888017296791077,-1.4199999570846558,-0.550000011920929,-0.2747953236103058,-2.0999999046325684,0.26544317603111267,0.0,1.41350257396698,0.09679543972015381,-0.2638024091720581,-0.58188796043396,3.0872347354888916,-0.020601864904165268,0.9005784392356873,0.6256090998649597,-0.4305991232395172,-2.4037346839904785,0.13656020164489746,0.0,0.16869305074214935,-0.6000798344612122,-0.08634208887815475,-2.0450878143310547,-0.3441711962223053,0.0,0.0,0.06099700555205345,-1.8025140762329102,0.0,0.3254055678844452,-0.7193852066993713,0.0,0.0,0.7502987384796143,0.0,-0.39328423142433167,0.0,0.0,0.0,-0.02552301064133644,0.6688368916511536,0.03607957810163498,0.7420943975448608,-0.02552301064133644,0.6688368916511536,0.03607957810163498,0.7420943975448608,0.10983174294233322,0.07942281663417816,0.1634361445903778,0.9771988987922668,-0.0412542000412941,0.05343223735690117,0.17367887496948242,0.9824860095977783,-0.04847057908773422,0.04698421061038971,0.0314079225063324,0.9972244501113892,-0.05367086082696915,0.8403025269508362,-0.0213376022875309,0.5390323400497437,-0.05659709498286247,0.7318094372749329,-0.011516237631440163,0.6790574789047241,-0.14474788308143616,0.727051854133606,0.0841028094291687,0.6658605933189392,-0.14474788308143616,0.727051854133606,0.0841028094291687,0.6658605933189392,-0.10776958614587784,0.054497092962265015,-0.07887253910303116,0.9895427823066711,-0.006955903954803944,0.04622539505362511,-0.0839882344007492,0.9953696727752686,6.156278686830774e-05,0.04674578085541725,0.06637318432331085,0.9966992735862732,-0.056530214846134186,0.8738341927528381,0.034781284630298615,0.4816724956035614,-0.047270145267248154,0.7432692050933838,0.046593308448791504,0.6656917333602905,0.04002467170357704,0.7429920434951782,-0.05082162469625473,0.6661666631698608,0.04002467170357704,0.7429920434951782,-0.05082162469625473,0.6661666631698608,-0.02552301064133644,0.6688368916511536,0.03607957810163498,0.7420943975448608,-0.02409813366830349,0.09800198674201965,0.01650923490524292,0.9947574138641357,0.3538084626197815,0.09696893393993378,-0.021770870313048363,0.9300228953361511,0.36467450857162476,0.02805914543569088,0.12733200192451477,0.9219608306884766,0.2904449999332428,-0.7600052952766418,-0.299374520778656,0.49840596318244934,0.34563207626342773,-0.742351233959198,-0.31836602091789246,0.47759413719177246,0.34563207626342773,-0.742351233959198,-0.31836602091789246,0.47759413719177246,0.03149072453379631,0.02549738995730877,0.07433860003948212,0.99640953540802,-0.24026450514793396,0.004352910444140434,0.07846908271312714,0.9675208926200867,-0.2379203736782074,-0.036852046847343445,-0.05245985463261604,0.9691665172576904,-0.168094664812088,-0.8442695736885071,0.23256637156009674,0.4526211619377136,-0.29028382897377014,-0.818065345287323,0.26352760195732117,0.4207821190357208,-0.29028382897377014,-0.818065345287323,0.26352760195732117,0.4207821190357208,-0.02552301064133644,0.6688368916511536,0.03607957810163498,0.7420943975448608
0.4946233034133911,0.009892130270600319,0.37285035848617554,5.286535283064164e-18,0.7489557266235352,5.286535283064164e-18,0.6626200675964355,-1.3112798929214478,-0.25915244221687317,-0.28557631373405457,1.824128270149231,-0.33594757318496704,-0.26179999113082886,-1.350193977355957,0.18333140015602112,0.2786281406879425,1.9649865627288818,-0.460926353931427,0.26179999113082886,0.0,-1.2795523405075073,0.689582109451294,0.33000001311302185,-2.0887622833251953,-0.13884706795215607,-1.4199999570846558,-0.550000011920929,-0.2533707022666931,-2.0999999046325684,0.24526798725128174,0.0,2.422934055328369,-0.5771047472953796,-1.1555187702178955,-0.6080861687660217,6.773255348205566,-2.5876972675323486,1.0961508750915527,1.4588086605072021,0.04165380820631981,-2.4776241779327393,0.5816235542297363,0.0,0.9466838240623474,-0.5896241664886475,-0.6816163063049316,-2.2595715522766113,-0.23080675303936005,0.0,0.0,-0.2754700183868408,-2.5771126747131348,0.0,-0.24640558660030365,-0.2990068197250366,0.0,0.0,0.6427385807037354,0.0,-0.6052556037902832,0.0,0.0,0.0,5.286535283064164e-18,0.7489557266235352,5.286535283064164e-18,0.6626200675964355,5.286535283064164e-18,0.7489557266235352,5.286535283064164e-18,0.6626200675964355,0.11818017810583115,0.20345354080200195,0.10455699265003204,0.9662856459617615,-0.007668117992579937,0.18823771178722382,0.1299694925546646,0.973455548286438,-0.03437695652246475,0.18523083627223969,-0.009879271499812603,0.9820438623428345,-0.013230422511696815,0.8899523019790649,-0.033231474459171295,0.45464879274368286,-0.018600016832351685,0.8014162182807922,-0.030551832169294357,0.5970365405082703,-0.09636997431516647,0.7985478043556213,0.07431559264659882,0.5895009636878967,-0.09636997431516647,0.7985478043556213,0.07431559264659882,0.5895009636878967,-0.12114723771810532,0.1846606433391571,-0.10718201845884323,0.9693996906280518,-0.03190230205655098,0.1740742176771164,-0.12363538146018982,0.9764193296432495,-0.007420598529279232,0.17681777477264404,0.013151818886399269,0.9841277599334717,-0.015058845281600952,0.9168047904968262,0.0011255297577008605,0.3990500569343567,-0.01440359652042389,0.8014107346534729,0.004535640589892864,0.597923755645752,0.06376451998949051,0.7951465249061584,-0.10010848939418793,0.5946884751319885,0.06376451998949051,0.7951465249061584,-0.10010848939418793,0.5946884751319885,5.286535283064164e-18,0.7489557266235352,5.286535283064164e-18,0.6626200675964355,-0.02807617373764515,0.20602022111415863,-0.024839701130986214,0.9778294563293457,0.30408260226249695,0.18549929559230804,-0.09301263093948364,0.9297701120376587,0.32940173149108887,0.1235411986708641,0.05752931907773018,0.9343031644821167,0.2062368392944336,-0.7263908982276917,-0.30577918887138367,0.5799325108528137,0.26480722427368164,-0.7127618789672852,-0.33254462480545044,0.557908296585083,0.26480722427368164,-0.7127618789672852,-0.33254462480545044,0.557908296585083,0.030654121190309525,0.13691365718841553,0.027120476588606834,0.9897370934486389,-0.23925776779651642,0.1244046613574028,0.06327991187572479,0.9608719348907471,-0.2525254786014557,0.08561491966247559,-0.05649255961179733,0.9621379971504211,-0.17216603457927704,-0.7764438986778259,0.24311016499996185,0.5553297400474548,-0.2798817455768585,-0.7522671222686768,0.2857927083969116,0.5235292911529541,-0.2798817455768585,-0.7522671222686768,0.2857927083969116,0.5235292911529541,5.286535283064164e-18,0.7489557266235352,5.286535283064164e-18,0.6626200675964355
0.5342302918434143,0.004987179767340422,0.3476872742176056,3.5096998104917107e-16,0.7716245651245117,-2.7417564471049125e-16,0.6360782384872437,-1.2505736351013184,-0.22894053161144257,-0.29460594058036804,1.748801350593567,-0.31194058060646057,-0.26179999113082886,-1.3101296424865723,0.1675882339477539,0.2822129726409912,1.9083218574523926,-0.4536561667919159,0.26179999113082886,0.0,-1.2774577140808105,0.5921143293380737,0.33000001311302185,-2.1239514350891113,-0.14788806438446045,-1.4199999570846558,-0.550000011920929,-0.2519260346889496,-2.0999999046325684,0.2261323481798172,0.0,1.1882095336914062,-0.1471485048532486,-0.7548924684524536,1.1865886564134073e-15,2.0943942070007324,-2.663452920400374e-14,1.8211876153945923,0.9063572883605957,-0.2708888053894043,-2.259807586669922,0.7202097177505493,0.0,1.2019299268722534,-0.47229495644569397,0.10754495114088058,-1.6999410390853882,0.21810559928417206,0.0,0.0,0.06283879280090332,-2.9240331649780273,0.0,-1.0556745529174805,-0.27122989296913147,0.0,0.0,0.04334002360701561,0.0,-0.5740691423416138,0.0,0.0,0.0,3.5096998104917107e-16,0.7716245651245117,-2.7417564471049125e-16,0.6360782384872437,3.5096998104917107e-16,0.7716245651245117,-2.7417564471049125e-16,0.6360782384872437,0.1168968454003334,0.26600030064582825,0.09636233001947403,0.9519943594932556,0.0073945969343185425,0.25325289368629456,0.1261143535375595,0.9591159820556641,-0.029855625703930855,0.2515956163406372,-0.016021665185689926,0.9672391414642334,-0.006859924644231796,0.9034141302108765,-0.03318122401833534,0.4274281859397888,-0.011930981650948524,0.8260517120361328,-0.03171283379197121,0.5625749230384827,-0.08525983989238739,0.8231240510940552,0.07638010382652283,0.5562046766281128,-0.08525983989238739,0.8231240510940552,0.07638010382652283,0.5562046766281128,-0.12166611105203629,0.2376030832529068,-0.10029380768537521,0.9584797024726868,-0.04101821780204773,0.22837521135807037,-0.11982835829257965,0.965299665927887,-0.008492148481309414,0.23187413811683655,0.017121097072958946,0.9725580215454102,-0.018878838047385216,0.9275321364402771,0.002972880145534873,0.3732543885707855,-0.017726685851812363,0.8198326230049133,0.007142352871596813,0.5722841620445251,0.05712321773171425,0.8137511014938354,-0.09992863237857819,0.5697019696235657,0.05712321773171425,0.8137511014938354,-0.09992863237857819,0.5697019696235657,3.5096998104917107e-16,0.7716245651245117,-2.7417564471049125e-16,0.6360782384872437,-0.028885239735245705,0.24103616178035736,-0.023811155930161476,0.9697939157485962,0.25530996918678284,0.2236027717590332,-0.09309782087802887,0.9360296130180359,0.2875368595123291,0.16905780136585236,0.058974508196115494,0.9408847093582153,0.17996373772621155,-0.7220816016197205,-0.2730883061885834,0.6096178889274597,0.24238966405391693,-0.7086943984031677,-0.30395784974098206,0.5887352228164673,0.24238966405391693,-0.7086943984031677,-0.30395784974098206,0.5887352228164673,0.03158193826675415,0.17137154936790466,0.026034142822027206,0.9843559265136719,-0.2369035929441452,0.1578628122806549,0.0715913400053978,0.9559449553489685,-0.254255086183548,0.11936768144369125,-0.04696562513709068,0.9585927128791809,-0.162932351231575,-0.7565085887908936,0.24923449754714966,0.5822627544403076,-0.2609368860721588,-0.7357332110404968,0.29220378398895264,0.5524721741676331,-0.2609368860721588,-0.7357332110404968,0.29220378398895264,0.5524721741676331,3.5096998104917107e-16,0.7716245651245117,-2.7417564471049125e-16,0.6360782384872437
0.5774634480476379,-0.006277685984969139,0.311582088470459,1.130299459097982e-17,0.7933533191680908,1.130299459097982e-17,0.6087614297866821,-1.1668975353240967,-0.1734103411436081,-0.30280184745788574,1.6529935598373413,-0.3040837049484253,-0.26179996132850647,-1.2448464632034302,0.16019736230373383,0.25185370445251465,1.8356232643127441,-0.4555884003639221,0.26179999113082886,0.0,-1.2748879194259644,0.5765632390975952,0.33000001311302185,-2.162433385848999,-0.1699366420507431,-1.4199999570846558,-0.550000011920929,-0.2373126596212387,-2.0999999046325684,0.21059833467006683,0.0,1.2969945669174194,-0.33794596791267395,-1.0831555128097534,1.1865866447101575e-15,2.094395875930786,2.663452920400374e-14,2.5102827548980713,1.6659055948257446,-0.2458771914243698,-2.8742334842681885,0.23570625483989716,8.940696147874405e-07,1.9584952592849731,-0.22172613441944122,-0.9107779860496521,-2.180957794189453,-0.05796700343489647,0.0,0.0,0.07709383219480515,-0.4665326774120331,0.0,-1.1544584035873413,-0.6614573001861572,0.0,0.0,0.4384012222290039,0.0,-0.4660203754901886,0.0,0.0,0.0,1.130299459097982e-17,0.7933533191680908,1.130299459097982e-17,0.6087614297866821,1.130299459097982e-17,0.7933533191680908,1.130299459097982e-17,0.6087614297866821,0.11312010139226913,0.3381645083427429,0.08680011332035065,0.930222749710083,0.03214106336236,0.32937759160995483,0.11575792729854584,0.9365241527557373,-0.017904380336403847,0.3304573595523834,-0.02681579999625683,0.9432699680328369,0.007595255970954895,0.917704701423645,-0.03133633732795715,0.3959525227546692,0.0027615365106612444,0.8471482992172241,-0.032125189900398254,0.5303773283958435,-0.06649037450551987,0.8440939784049988,0.0787249282002449,0.5262003540992737,-0.06649037450551987,0.8440939784049988,0.0787249282002449,0.5262003540992737,-0.11971139907836914,0.30175620317459106,-0.09185779094696045,0.9413684606552124,-0.04400581493973732,0.2934388816356659,-0.11570771783590317,0.9479287266731262,-0.0068031130358576775,0.2966422140598297,0.004262937698513269,0.9549549221992493,-0.0075192381627857685,0.9387237429618835,-0.002813545987010002,0.34457701444625854,-0.007960373535752296,0.8366580009460449,-0.001042799325659871,0.5476667881011963,0.06359275430440903,0.8293641209602356,-0.1102399155497551,0.5440204739570618,0.06359275430440903,0.8293641209602356,-0.1102399155497551,0.5440204739570618,1.130299459097982e-17,0.7933533191680908,1.130299459097982e-17,0.6087614297866821,-0.029647227376699448,0.27596890926361084,-0.022749118506908417,0.9604398608207703,0.244634211063385,0.2581130266189575,-0.10026974231004715,0.92923504114151,0.282589316368103,0.2049195021390915,0.0508962981402874,0.935714066028595,0.1641101986169815,-0.7122583389282227,-0.276336133480072,0.6240146160125732,0.23526205122470856,-0.697871744632721,-0.31311121582984924,0.5996567010879517,0.23526205122470856,-0.697871744632721,-0.31311121582984924,0.5996567010879517,0.03247127681970596,0.20562070608139038,0.024916088208556175,0.977775514125824,-0.23426076769828796,0.1911286562681198,0.07981554418802261,0.949853241443634,-0.2546011209487915,0.15504781901836395,-0.031224334612488747,0.9540249109268188,-0.14752301573753357,-0.7348191738128662,0.25720199942588806,0.6100203990936279,-0.23742957413196564,-0.7174732089042664,0.30072230100631714,0.5817435383796692,-0.23742957413196564,-0.7174732089042664,0.30072230100631714,0.5817435383796692,1.130299459097982e-17,0.7933533191680908,1.130299459097982e-17,0.6087614297866821
0.602777361869812,-0.021230733022093773,0.2858058512210846,3.6671719704135537e-16,0.7986354827880859,-2.552077712248297e-16,0.6018150448799133,-1.08749258518219,-0.10847188532352448,-0.3140083849430084,1.562705636024475,-0.30234330892562866,-0.24856308102607727,-1.1454541683197021,0.15754351019859314,0.21267493069171906,1.749224066734314,-0.4543858766555786,0.26179999113082886,0.0,-1.279891014099121,0.6277033090591431,0.33000001311302185,-2.1947858333587646,-0.1800597459077835,-1.4199999570846558,-0.550000011920929,-0.21116003394126892,-2.0999999046325684,0.17363601922988892,0.0,0.7594173550605774,-0.4485913813114166,-0.7732870578765869,2.9664785231762146e-16,0.5235975384712219,-2.6644676658711848e-14,2.382148265838623,1.9481536149978638,-0.33619609475135803,-2.7086374759674072,0.05221187695860863,0.3971063792705536,2.9817686080932617,-0.07961555570363998,-1.1753631830215454,-2.591975688934326,0.03607570752501488,0.0,0.0,-0.15009282529354095,1.534201979637146,0.0,-0.970573365688324,-0.30369308590888977,0.0,0.0,0.7845787405967712,0.0,-1.1088694334030151,0.0,0.0,0.0,3.6671719704135537e-16,0.7986354827880859,-2.552077712248297e-16,0.6018150448799133,3.6671719704135537e-16,0.7986354827880859,-2.552077712248297e-16,0.6018150448799133,0.10693637281656265,0.38271602988243103,0.08058234304189682,0.914111316204071,0.05722574517130852,0.37778496742248535,0.10121064633131027,0.9185642004013062,-0.0025485611986368895,0.3820860683917999,-0.043660882860422134,0.9230912327766418,0.028938382863998413,0.9213446378707886,-0.0327923446893692,0.38627874851226807,0.023669935762882233,0.8526647686958313,-0.036776378750801086,0.5206246376037598,-0.041050225496292114,0.8506470322608948,0.06920517981052399,0.5195432305335999,-0.041050225496292114,0.8506470322608948,0.06920517981052399,0.5195432305335999,-0.1120171844959259,0.35616791248321533,-0.08441101014614105,0.9238351583480835,-0.03897295519709587,0.3484211564064026,-0.11217622458934784,0.9297850728034973,-0.0017723784549161792,0.3505895733833313,-0.012857838533818722,0.9364392757415771,0.008729135617613792,0.9433561563491821,-0.009605598635971546,0.3315278887748718,0.006341219879686832,0.8444397449493408,-0.011324940249323845,0.5354932546615601,0.0761830285191536,0.8357372283935547,-0.12144981324672699,0.5300843119621277,0.0761830285191536,0.8357372283935547,-0.12144981324672699,0.5300843119621277,3.6671719704135537e-16,0.7986354827880859,-2.552077712248297e-16,0.6018150448799133,-0.029945336282253265,0.28194236755371094,-0.022565430030226707,0.9586983919143677,0.26749104261398315,0.26120343804359436,-0.10850564390420914,0.9211122989654541,0.30555737018585205,0.20430482923984528,0.04120492562651634,0.9290836453437805,0.1622372716665268,-0.7151433825492859,-0.3040655851364136,0.6081061959266663,0.2376866489648819,-0.7005161643028259,-0.34141090512275696,0.5798454284667969,0.2376866489648819,-0.7005161643028259,-0.34141090512275696,0.5798454284667969,0.0326874740421772,0.21414543688297272,0.02463177964091301,0.975943922996521,-0.23355534672737122,0.19941028952598572,0.08185678720474243,0.9481492042541504,-0.2526863217353821,0.16746142506599426,-0.01677611656486988,0.9527984261512756,-0.13338331878185272,-0.7277191877365112,0.26269590854644775,0.6193742752075195,-0.20732958614826202,-0.7152731418609619,0.29978373646736145,0.5962620973587036,-0.20732958614826202,-0.7152731418609619,0.29978373646736145,0.5962620973587036,3.6671719704135537e-16,0.7986354827880859,-2.552077712248297e-16,0.6018150448799133
0.6288159489631653,-0.034225091338157654,0.25267767906188965,1.2321223319349933e-17,0.8005229234695435,1.2321223319349933e-17,0.5993021130561829,-0.9743463397026062,-0.04157063364982605,-0.30181145668029785,1.447601318359375,-0.31898927688598633,-0.2246454805135727,-1.0236841440200806,0.132398784160614,0.18604959547519684,1.6462682485580444,-0.4569750428199768,0.26179999113082886,0.0,-1.3604376316070557,0.5924191474914551,0.33000001311302185,-2.1947999000549316,-0.17425507307052612,-1.4199999570846558,-0.6499999761581421,-0.19793817400932312,-2.0999999046325684,0.10590061545372009,0.0,0.7811575531959534,-0.38983073830604553,-0.9938451051712036,1.0683280471350198e-16,0.18856871128082275,2.6645264499577243e-14,3.3943872451782227,2.007037401199341,0.36590781807899475,-3.453129291534424,-0.4993790090084076,0.7175279855728149,3.6531004905700684,-0.754341721534729,-0.7987599968910217,-3.088674306869507,-0.0776749774813652,0.0,0.0,-2.416398286819458,-1.0585248470306396,0.0,-0.00042200085590593517,0.17414017021656036,0.0,-2.9999988079071045,0.39665576815605164,0.0,-2.03206205368042,0.0,0.0,0.0,1.2321223319349933e-17,0.8005229234695435,1.2321223319349933e-17,0.5993021130561829,1.2321223319349933e-17,0.8005229234695435,1.2321223319349933e-17,0.5993021130561829,0.09699205309152603,0.4363982081413269,0.072611965239048,0.8915585279464722,0.07844111323356628,0.4347948133945465,0.08166630566120148,0.8933818340301514,0.012185372412204742,0.4416458308696747,-0.05356714129447937,0.8955060243606567,0.0446045845746994,0.9239601492881775,-0.03206793963909149,0.3785231411457062,0.03894544020295143,0.8521161675453186,-0.03874498978257179,0.5204614996910095,-0.019636789336800575,0.8510892987251282,0.05701005458831787,0.5215470194816589,-0.019636789336800575,0.8510892987251282,0.05701005458831787,0.5215470194816589,-0.10147861391305923,0.414404034614563,-0.07597077637910843,0.9012212753295898,-0.041639599949121475,0.4084707796573639,-0.10321763157844543,0.905960202217102,-0.003516431665048003,0.4105726182460785,-0.0186160858720541,0.9116310477256775,0.0112598966807127,0.9476403594017029,-0.015236098319292068,0.3187771439552307,0.007516206242144108,0.8508067727088928,-0.017390532419085503,0.5251370668411255,0.07599619776010513,0.8412580490112305,-0.12829457223415375,0.5196633338928223,0.07599619776010513,0.8412580490112305,-0.12829457223415375,0.5196633338928223,1.2321223319349933e-17,0.8005229234695435,1.2321223319349933e-17,0.5993021130561829,-0.03161512315273285,0.24615949392318726,-0.02366829104721546,0.968424379825592,0.2524418532848358,0.22853048145771027,-0.09449073672294617,0.9354776740074158,0.2855011224746704,0.17439444363117218,0.05753960832953453,0.9406194090843201,0.16924498975276947,-0.7401915788650513,-0.2795219123363495,0.5876563787460327,0.24387229979038239,-0.7250872850418091,-0.31355759501457214,0.562544584274292,0.24387229979038239,-0.7250872850418091,-0.31355759501457214,0.562544584274292,0.032764725387096405,0.21721158921718597,0.024528926238417625,0.9752660989761353,-0.28036150336265564,0.19800841808319092,0.09260242432355881,0.9346736669540405,-0.2979411780834198,0.1635933816432953,0.001718072802759707,0.9404601454734802,-0.14007176458835602,-0.7165413498878479,0.31039440631866455,0.6087722778320312,-0.1847766637802124,-0.7098451256752014,0.3327592611312866,0.5926624536514282,-0.1847766637802124,-0.7098451256752014,0.3327592611312866,0.5926624536514282,1.2321223319349933e-17,0.8005229234695435,1.2321223319349933e-17,0.5993021130561829
0.6427794098854065,-0.05807892605662346,0.24535593390464783,9.051705921450386e-18,0.7771459817886353,9.051705921450386e-18,0.6293203830718994,-0.8197184801101685,0.06513136625289917,-0.2880411446094513,1.3012181520462036,-0.3278764486312866,-0.19781382381916046,-0.8547410368919373,0.14915400743484497,0.13351032137870789,1.5045312643051147,-0.42517170310020447,0.26179999113082886,0.0,-1.2829148769378662,0.541951060295105,0.33000001311302185,-2.1947999000549316,-0.20938743650913239,-1.2200000286102295,-0.44999998807907104,-0.14976264536380768,-2.0999999046325684,0.01181571651250124,0.0,0.41890379786491394,-0.7156149744987488,-0.21965233981609344,-2.7958236189193385e-16,-2.2829606533050537,3.678694743772782e-23,4.638835430145264,3.2010598182678223,0.41310933232307434,-4.3914947509765625,-0.2666151523590088,0.8049496412277222,5.06829309463501,0.5026566982269287,-1.5761781930923462,-4.252109527587891,0.9541001319885254,0.0,0.0,2.3256824016571045,-1.5140424966812134,0.0,0.0,-1.0539708137512207,5.999997615814209,5.999999523162842,1.445265769958496,0.0,-2.8225467205047607,0.0,0.0,0.0,9.051705921450386e-18,0.7771459817886353,9.051705921450386e-18,0.6293203830718994,9.051705921450386e-18,0.7771459817886353,9.051705921450386e-18,0.6293203830718994,0.08015035837888718,0.470553457736969,0.06490448117256165,0.8763234615325928,0.1086408868432045,0.4724172353744507,0.04954887926578522,0.8732491135597229,0.039713285863399506,0.48311877250671387,-0.07629562169313431,0.8713197112083435,0.07781051844358444,0.9121581315994263,-0.03665638342499733,0.4007111191749573,0.07078474760055542,0.8345300555229187,-0.04886395484209061,0.5442070960998535,0.01670067198574543,0.8352766036987305,0.03378113731741905,0.5485370755195618,0.01670067198574543,0.8352766036987305,0.03378113731741905,0.5485370755195618,-0.08336840569972992,0.4552961587905884,-0.06751039624214172,0.8838537335395813,-0.017282593995332718,0.4490005671977997,-0.10124590992927551,0.8876085877418518,0.012706749141216278,0.4491533637046814,-0.04181194305419922,0.8923853039741516,0.037847623229026794,0.9377082586288452,-0.02184622921049595,0.34466445446014404,0.03238632157444954,0.843878984451294,-0.02933984249830246,0.5347509980201721,0.10190841555595398,0.8328297734260559,-0.1392373889684677,0.5259488224983215,0.10190841555595398,0.8328297734260559,-0.1392373889684677,0.5259488224983215,9.051705921450386e-18,0.7771459817886353,9.051705921450386e-18,0.6293203830718994,-0.029198719188570976,0.2468489408493042,-0.02364465594291687,0.9683253169059753,0.23105983436107635,0.23151248693466187,-0.0888562947511673,0.940807044506073,0.2649564743041992,0.18078607320785522,0.06419172883033752,0.9449835419654846,0.16541942954063416,-0.7423185706138611,-0.25846847891807556,0.595645546913147,0.25516730546951294,-0.7233520150184631,-0.2999921441078186,0.567147433757782,0.25516730546951294,-0.7233520150184631,-0.2999921441078186,0.567147433757782,0.02795455977320671,0.27718037366867065,0.022637154906988144,0.9601443409919739,-0.18696436285972595,0.2651433050632477,0.08390726894140244,0.9421798586845398,-0.20584286749362946,0.24601498246192932,0.014203723520040512,0.9470499157905579,-0.07896380871534348,-0.6862812638282776,0.23743033409118652,0.6829418540000916,-0.08386771380901337,-0.685866117477417,0.24045906960964203,0.6817135214805603,-0.08386771380901337,-0.685866117477417,0.24045906960964203,0.6817135214805603,9.051705921450386e-18,0.7771459817886353,9.051705921450386e-18,0.6293203830718994
0.6595888733863831,-0.06942576169967651,0.21093474328517914,6.794212983736497e-18,0.760405957698822,6.794212983736497e-18,0.649448037147522,-0.6350004076957703,0.13561221957206726,-0.22667939960956573,1.148017168045044,-0.3265393376350403,-0.17427632212638855,-0.6892218589782715,0.11653418838977814,0.11339841037988663,1.3601845502853394,-0.4229922592639923,0.26179999113082886,0.0,-1.2542672157287598,0.729759931564331,0.33000001311302185,-2.1947999000549316,-0.22294816374778748,-1.2200000286102295,-0.6499999761581421,-0.10781871527433395,-2.0999999046325684,-0.03121713548898697,0.0,0.5042839050292969,-0.34040504693984985,-1.0326356887817383,-1.9236707184741298e-16,-1.5707972049713135,-8.139560694518121e-24,5.541542053222656,2.1144254207611084,1.8408522605895996,-4.596029281616211,0.04011332616209984,0.706125020980835,4.965575218200684,-0.9785945415496826,-0.6033573150634766,-4.330401420593262,0.06538331508636475,0.0,0.0,0.8594297766685486,5.634265899658203,0.0,0.0,-0.4068217873573303,0.0,-5.999999523162842,1.2583178281784058,0.0,-1.2909854650497437,0.0,0.0,0.0,6.794212983736497e-18,0.760405957698822,6.794212983736497e-18,0.649448037147522,6.794212983736497e-18,0.760405957698822,6.794212983736497e-18,0.649448037147522,0.06144185736775398,0.5265556573867798,0.05247630178928375,0.8462920784950256,0.1186404749751091,0.5289011597633362,0.016679374501109123,0.8401843905448914,0.058062031865119934,0.5389255881309509,-0.07845014333724976,0.8366801142692566,0.09135511517524719,0.9068719744682312,-0.03434918820858002,0.40994828939437866,0.08455689251422882,0.8281764388084412,-0.04874172434210777,0.5519041419029236,0.036205001175403595,0.8292760848999023,0.023517686873674393,0.5571689605712891,0.036205001175403595,0.8292760848999023,0.023517686873674393,0.5571689605712891,-0.06648757308721542,0.5037720203399658,-0.05678575113415718,0.8594000935554504,-0.016328321769833565,0.49961021542549133,-0.08602610975503922,0.861813485622406,0.012010244652628899,0.4997326731681824,-0.037049900740385056,0.8653035759925842,0.032637517899274826,0.9327084422111511,-0.021254023537039757,0.3585219979286194,0.027448581531643867,0.8366637825965881,-0.02763180248439312,0.5463302731513977,0.09852432459592819,0.8258993029594421,-0.13660219311714172,0.5380735397338867,0.09852432459592819,0.8258993029594421,-0.13660219311714172,0.5380735397338867,6.794212983736497e-18,0.760405957698822,6.794212983736497e-18,0.649448037147522,-0.0280188899487257,0.23534943163394928,-0.023930391296744347,0.9712120890617371,0.3203902542591095,0.2113163322210312,-0.10633639991283417,0.9172720909118652,0.34958261251449585,0.14646323025226593,0.04216951131820679,0.9244253635406494,0.18640829622745514,-0.7349219918251038,-0.342613160610199,0.5547592639923096,0.28055304288864136,-0.7145135402679443,-0.38179418444633484,0.5147753357887268,0.28055304288864136,-0.7145135402679443,-0.38179418444633484,0.5147753357887268,0.027352407574653625,0.2519517242908478,0.023361163213849068,0.9670710563659668,-0.2828737497329712,0.23130282759666443,0.10258862376213074,0.9251794815063477,-0.2945544421672821,0.21262449026107788,0.053643349558115005,0.9301348924636841,-0.09073957800865173,-0.683513343334198,0.3328525125980377,0.6432612538337708,-0.07785213738679886,-0.6843162178993225,0.3254051208496094,0.6478902697563171,-0.07785213738679886,-0.6843162178993225,0.3254051208496094,0.6478902697563171,6.794212983736497e-18,0.760405957698822,6.794212983736497e-18,0.649448037147522
0.6727712750434875,-0.06559617817401886,0.19838078320026398,4.067597382912653e-18,0.739540696144104,4.067597382912653e-18,0.6731117963790894,-0.4683002233505249,0.1493174135684967,-0.15787088871002197,1.0331413745880127,-0.2977459132671356,-0.16344431042671204,-0.540739893913269,0.05924828723073006,0.0977851003408432,1.2517343759536743,-0.4108370542526245,0.24687698483467102,0.0,-1.215142011642456,0.7871779203414917,0.33000001311302185,-2.1947999000549316,-0.23242855072021484,-1.2107075452804565,-0.6499999761581421,-0.14977394044399261,-2.0999999046325684,-0.05239279195666313,0.0,0.3954720199108124,0.11488749831914902,-0.37661877274513245,-2.3182706784221003e-16,-1.8930121660232544,-3.2386838291725158e-24,5.001005172729492,0.4111557900905609,2.0642552375793457,-3.4462735652923584,0.8638026714324951,0.324960321187973,4.454458713531494,-1.7185769081115723,-0.4683992862701416,-3.253504991531372,0.36465612053871155,-0.4476901590824127,0.0,1.1737560033798218,1.7225395441055298,0.0,0.0,-0.28441160917282104,0.2787744998931885,0.0,-1.2586567401885986,0.0,-0.6352696418762207,0.0,0.0,0.0,4.067597382912653e-18,0.739540696144104,4.067597382912653e-18,0.6731117963790894,4.067597382912653e-18,0.739540696144104,4.067597382912653e-18,0.6731117963790894,0.04440959542989731,0.5685085654258728,0.0404205247759819,0.8204827904701233,0.10548517853021622,0.5699397921562195,-0.0020967680029571056,0.8148847222328186,0.060214973986148834,0.5764830112457275,-0.06634674966335297,0.8121820092201233,0.08512674272060394,0.902400016784668,-0.027949446812272072,0.42148125171661377,0.08003958314657211,0.8299028277397156,-0.040266603231430054,0.5506664514541626,0.034820880740880966,0.8304201364517212,0.027613764628767967,0.5553624033927917,0.034820880740880966,0.8304201364517212,0.027613764628767967,0.5553624033927917,-0.051122549921274185,0.5390205979347229,-0.04653048887848854,0.8394511342048645,-0.026235733181238174,0.5374058485031128,-0.06247575953602791,0.8405970335006714,6.029373616911471e-05,0.5380458831787109,-0.02131854183971882,0.8426459431648254,0.012537273578345776,0.9296844601631165,-0.01724240742623806,0.3677394986152649,0.008756632916629314,0.835128128528595,-0.019437212496995926,0.5496422052383423,0.07636484503746033,0.8263805508613586,-0.12211468070745468,0.5443819165229797,0.07636484503746033,0.8263805508613586,-0.12211468070745468,0.5443819165229797,4.067597382912653e-18,0.739540696144104,4.067597382912653e-18,0.6731117963790894,-0.02650933898985386,0.22368600964546204,-0.024128150194883347,0.9740018844604492,0.3490526080131531,0.19732940196990967,-0.1080680787563324,0.9096948504447937,0.375544935464859,0.12804585695266724,0.038923557847738266,0.9170905947685242,0.19640882313251495,-0.735344409942627,-0.36678916215896606,0.53493732213974,0.2941479980945587,-0.7134806513786316,-0.40504875779151917,0.4902629852294922,0.2941479980945587,-0.7134806513786316,-0.40504875779151917,0.4902629852294922,0.026424739509820938,0.22584447264671326,0.024051150307059288,0.9735078811645508,-0.28580817580223083,0.2063419371843338,0.09490621089935303,0.9309830665588379,-0.2999687194824219,0.18004892766475677,0.026466982439160347,0.9364297389984131,-0.11874948441982269,-0.7048124074935913,0.3242833614349365,0.6196598410606384,-0.09670235216617584,-0.7067827582359314,0.312509685754776,0.6272515058517456,-0.09670235216617584,-0.7067827582359314,0.312509685754776,0.6272515058517456,4.067597382912653e-18,0.739540696144104,4.067597382912653e-18,0.6731117963790894
0.6793174743652344,-0.04684872925281525,0.16824519634246826,3.77724706173919e-18,0.7372773289680481,3.77724706173919e-18,0.6755902171134949,-0.31301650404930115,0.10905724763870239,-0.09564806520938873,0.9221833348274231,-0.25730371475219727,-0.14214801788330078,-0.4324576258659363,-0.0317692905664444,0.07699483633041382,1.182388186454773,-0.39663857221603394,0.22486081719398499,0.0,-1.1336206197738647,0.9033942818641663,0.33000001311302185,-2.1947999000549316,-0.3125491142272949,-1.0323395729064941,-0.7247705459594727,-0.37158989906311035,-2.1947999000549316,-0.07695019245147705,0.0,0.1963859647512436,0.5624234676361084,-0.9040675759315491,-2.4662378382739944e-17,-0.20138391852378845,-1.902780623908299e-24,4.658511161804199,-1.2078049182891846,1.8666845560073853,-3.3287410736083984,1.2132658958435059,0.6388887166976929,3.2484679222106934,-2.73052716255188,-0.6237078905105591,-2.080385684967041,0.4259544312953949,-0.6604849696159363,0.0,2.44564151763916,3.4864907264709473,0.0,0.0,-2.4036166667938232,5.351038932800293,-2.243117094039917,-6.654478549957275,-2.8439996242523193,-0.7367219924926758,0.0,0.0,0.0,3.77724706173919e-18,0.7372773289680481,3.77724706173919e-18,0.6755902171134949,3.77724706173919e-18,0.7372773289680481,3.77724706173919e-18,0.6755902171134949,0.029743341729044914,0.6265498399734497,0.027254752814769745,0.7783365845680237,0.07211972773075104,0.6271040439605713,-0.006933729629963636,0.7755586504936218,0.042058054357767105,0.629834771156311,-0.04400200769305229,0.7743404507637024,0.057243458926677704,0.9085836410522461,-0.020694036036729813,0.4132440984249115,0.05411539599299431,0.8480567932128906,-0.027867194265127182,0.5263977646827698,0.016597064211964607,0.8478946685791016,0.03242722526192665,0.5289117097854614,0.016597064211964607,0.8478946685791016,0.03242722526192665,0.5289117097854614,-0.0409402996301651,0.5801012516021729,-0.03751487284898758,0.8126494288444519,-0.053843237459659576,0.5806239247322083,-0.02829582430422306,0.811896562576294,-0.031456343829631805,0.582266092300415,0.002973343012854457,0.8123840689659119,-0.027774639427661896,0.936225950717926,-0.015063587576150894,0.3499751389026642,-0.03019808605313301,0.8489223718643188,-0.009296117350459099,0.5275722742080688,0.029182855039834976,0.8425195813179016,-0.10448116064071655,0.5276294350624084,0.029182855039834976,0.8425195813179016,-0.10448116064071655,0.5276294350624084,3.77724706173919e-18,0.7372773289680481,3.77724706173919e-18,0.6755902171134949,-0.024857399985194206,0.2599421441555023,-0.022777609527111053,0.9650354385375977,0.3988668918609619,0.22392967343330383,-0.1339561492204666,0.8790997862815857,0.42877617478370667,0.1464345008134842,0.007857848890125751,0.8914293050765991,0.1921173483133316,-0.7011160254478455,-0.4267568290233612,0.5379645824432373,0.31823283433914185,-0.6725096106529236,-0.47787654399871826,0.4670039713382721,0.31823283433914185,-0.6725096106529236,-0.47787654399871826,0.4670039713382721,0.02284863032400608,0.30844053626060486,0.020936913788318634,0.9507386684417725,-0.3156774640083313,0.2809862792491913,0.1289210468530655,0.8970918655395508,-0.36055275797843933,0.20754551887512207,-0.03502696752548218,0.9086802005767822,-0.1860981285572052,-0.6922923922538757,0.35558202862739563,0.5997167229652405,-0.1542031466960907,-0.6972476243972778,0.3389970064163208,0.6124934554100037,-0.1542031466960907,-0.6972476243972778,0.3389970064163208,0.6124934554100037,3.77724706173919e-18,0.7372773289680481,3.77724706173919e-18,0.6755902171134949
0.6980286836624146,-0.03939424827694893,0.14374834299087524,3.77724706173919e-18,0.7372773289680481,3.77724706173919e-18,0.6755902171134949,-0.22918957471847534,0.0934586152434349,-0.0627305656671524,0.8412936329841614,-0.22595828771591187,-0.1354476809501648,-0.3629600703716278,-0.07387334108352661,0.055221639573574066,1.0976933240890503,-0.38155221939086914,0.21065689623355865,0.0,-1.1141471862792969,1.0422542095184326,0.3405013382434845,-2.1947999000549316,-0.4067714512348175,-0.8228491544723511,-0.786758542060852,-0.6388332843780518,-2.1947999000549316,-0.10646754503250122,0.0,0.5613362789154053,0.22363442182540894,-0.7349055409431458,0.0,0.0,0.0,2.51480770111084,-0.4679589569568634,0.9875249266624451,-2.4266908168792725,0.9403627514839172,0.2010100930929184,2.0849266052246094,-1.263121485710144,-0.653195858001709,-2.5408456325531006,0.45259055495262146,-0.42611759901046753,0.0,0.5842029452323914,4.165797710418701,0.315039724111557,0.0,-2.826669931411743,6.284712314605713,-1.8596397638320923,-8.017301559448242,0.0,-0.8855205178260803,0.0,0.0,0.0,3.77724706173919e-18,0.7372773289680481,3.77724706173919e-18,0.6755902171134949,3.77724706173919e-18,0.7372773289680481,3.77724706173919e-18,0.6755902171134949,0.021819304674863815,0.6578240990638733,0.01999370940029621,0.7525899410247803,0.05695069581270218,0.6580399870872498,-0.010756595991551876,0.7507491707801819,0.03628645837306976,0.6595022678375244,-0.03429490327835083,0.7500425577163696,0.04712754487991333,0.9082908034324646,-0.016487635672092438,0.41534921526908875,0.04496828839182854,0.8556740880012512,-0.021695630624890327,0.5151009559631348,0.010007249191403389,0.8551807403564453,0.036259353160858154,0.5169632434844971,0.010007249191403389,0.8551807403564453,0.036259353160858154,0.5169632434844971,-0.03444048762321472,0.6073900461196899,-0.031558893620967865,0.7930291295051575,-0.06370218843221664,0.6081411838531494,-0.009107501246035099,0.7912163734436035,-0.046888768672943115,0.6096680164337158,0.012739327736198902,0.7911662459373474,-0.046648215502500534,0.9328784346580505,-0.013593778945505619,0.35689908266067505,-0.0483795627951622,0.8482780456542969,-0.004501671064645052,0.5273173451423645,0.007327429484575987,0.8431036472320557,-0.0936594158411026,0.5294812917709351,0.007327429484575987,0.8431036472320557,-0.0936594158411026,0.5294812917709351,3.77724706173919e-18,0.7372773289680481,3.77724706173919e-18,0.6755902171134949,-0.024475963786244392,0.26932260394096375,-0.022428087890148163,0.9624776840209961,0.4579501450061798,0.22240635752677917,-0.15353535115718842,0.8469025492668152,0.48730334639549255,0.1327422559261322,-0.012981530278921127,0.8629869222640991,0.20112399756908417,-0.6787720918655396,-0.4866887331008911,0.5118120908737183,0.358903706073761,-0.6398985385894775,-0.5454567670822144,0.40520966053009033,0.358903706073761,-0.6398985385894775,-0.5454567670822144,0.40520966053009033,0.018513772636651993,0.40610721707344055,0.01696474850177765,0.9134803414344788,-0.3330480754375458,0.36858558654785156,0.1713346391916275,0.8508043885231018,-0.4283360540866852,0.22879168391227722,-0.09740117937326431,0.8687321543693542,-0.2711219787597656,-0.6431822776794434,0.385173499584198,0.6036975979804993,-0.22921279072761536,-0.6539188027381897,0.3615625202655792,0.6237982511520386,-0.22921279072761536,-0.6539188027381897,0.3615625202655792,0.6237982511520386,3.77724706173919e-18,0.7372773289680481,3.77724706173919e-18,0.6755902171134949
0.718745231628418,-0.038281261920928955,0.13861659169197083,3.0221430386561235e-18,0.7313537001609802,3.0221430386561235e-18,0.6819983720779419,-0.18921685218811035,0.09255057573318481,-0.05293098837137222,0.8292680382728577,-0.19537073373794556,-0.1363213211297989,-0.31389638781547546,-0.10266362875699997,0.02455599047243595,1.0450608730316162,-0.3624601364135742,0.18686872720718384,0.0,-1.102709174156189,1.0385584831237793,0.345341295003891,-2.1947999000549316,-0.415470689535141,-0.7552521824836731,-0.827318549156189,-0.6695746779441833,-2.1947999000549316,-0.08121312409639359,0.0,0.6214963793754578,0.03338959068059921,-0.15395252406597137,-6.412233963595126e-17,-0.5235986113548279,-4.609983814899678e-25,1.1991815567016602,-0.027241183444857597,0.29398730397224426,-0.36076781153678894,0.9176265597343445,-0.026209203526377678,1.4719103574752808,-0.8637085556983948,-0.9199694395065308,-1.578973412513733,0.5727624297142029,-0.7136450409889221,0.0,0.3431403338909149,-0.11087178438901901,0.14519868791103363,0.0,-0.2609771490097046,2.02790904045105,-1.2168000936508179,-0.922241747379303,0.0,0.7576326131820679,0.0,0.0,0.0,3.0221430386561235e-18,0.7313537001609802,3.0221430386561235e-18,0.6819983720779419,3.0221430386561235e-18,0.7313537001609802,3.0221430386561235e-18,0.6819983720779419,0.01788155548274517,0.6658517718315125,0.016674820333719254,0.7456833124160767,0.05235680937767029,0.6659103035926819,-0.014144515618681908,0.7440578937530518,0.0347168855369091,0.6670625805854797,-0.03382912278175354,0.7434230446815491,0.04540334269404411,0.910029947757721,-0.016976701095700264,0.41169872879981995,0.0435311459004879,0.8655384182929993,-0.021323958411812782,0.4984912574291229,0.009478873573243618,0.864980936050415,0.037675559520721436,0.5002985596656799,0.009478873573243618,0.864980936050415,0.037675559520721436,0.5002985596656799,-0.02958662435412407,0.6193973422050476,-0.02758997492492199,0.7840346693992615,-0.06977590173482895,0.6199970841407776,0.004227194003760815,0.7814838886260986,-0.06215851381421089,0.6208070516586304,0.013821689411997795,0.7813730835914612,-0.06076207756996155,0.9279293417930603,-0.01904441975057125,0.36727696657180786,-0.06319952011108398,0.8465345501899719,-0.007780789397656918,0.528511643409729,-0.013614526949822903,0.8421161770820618,-0.08672723174095154,0.5321027636528015,-0.013614526949822903,0.8421161770820618,-0.08672723174095154,0.5321027636528015,3.0221430386561235e-18,0.7313537001609802,3.0221430386561235e-18,0.6819983720779419,-0.02405599318444729,0.2664244472980499,-0.02243257872760296,0.9632943868637085,0.4571543335914612,0.22017133235931396,-0.1516897827386856,0.8482480049133301,0.4864732325077057,0.12935392558574677,-0.008913845755159855,0.8640207648277283,0.20454560220241547,-0.6812915205955505,-0.4841628670692444,0.5094990730285645,0.36585843563079834,-0.6404663920402527,-0.5433831810951233,0.4008554518222809,0.36585843563079834,-0.6404663920402527,-0.5433831810951233,0.4008554518222809,0.016932222992181778,0.4288576543331146,0.01578955352306366,0.9030753374099731,-0.34749847650527954,0.38633930683135986,0.18684256076812744,0.8337125778198242,-0.45103904604911804,0.2337377667427063,-0.08975262939929962,0.8566650152206421,-0.2743729054927826,-0.6289582252502441,0.40816444158554077,0.6021069884300232,-0.24298416078090668,-0.6372504234313965,0.3901774287223816,0.6185726523399353,-0.24298416078090668,-0.6372504234313965,0.3901774287223816,0.6185726523399353,3.0221430386561235e-18,0.7313537001609802,3.0221430386561235e-18,0.6819983720779419
0.7390536665916443,-0.03714199364185333,0.12664061784744263,3.0221430386561235e-18,0.7313537001609802,3.0221430386561235e-18,0.6819983720779419,-0.14952442049980164,0.09091664850711823,-0.046898260712623596,0.7978926301002502,-0.1968640387058258,-0.13649027049541473,-0.2741078734397888,-0.12307383865118027,-0.004930170252919197,1.0026676654815674,-0.37230390310287476,0.16930845379829407,0.0,-1.0397603511810303,1.057288408279419,0.45020392537117004,-2.1947999000549316,-0.40496090054512024,-0.6800000071525574,-0.9466269016265869,-0.7769778370857239,-2.1947999000549316,-0.05548552796244621,0.0,0.6092529892921448,0.03417804837226868,-0.35927918553352356,0.0,0.0,0.0,1.1907728910446167,-0.04901781305670738,0.1809818148612976,-0.9412621855735779,-0.04479914531111717,-0.0050684805028140545,1.1936553716659546,-0.6123062372207642,-0.8845847845077515,-1.2717961072921753,-0.2953129708766937,-0.5268082022666931,0.0,1.8884645700454712,0.5618977546691895,3.145878791809082,0.0,0.31529363989830017,2.2575652599334717,-3.5792503356933594,-3.2220945358276367,0.0,0.7718278169631958,0.0,0.0,0.0,3.0221430386561235e-18,0.7313537001609802,3.0221430386561235e-18,0.6819983720779419,3.0221430386561235e-18,0.7313537001609802,3.0221430386561235e-18,0.6819983720779419,0.014138424769043922,0.6801062822341919,0.013184295035898685,0.7328585982322693,0.047426871955394745,0.6800028085708618,-0.01773517020046711,0.7314590215682983,0.03146981820464134,0.6809278726577759,-0.034880802035331726,0.730842113494873,0.042547885328531265,0.9113490581512451,-0.019917262718081474,0.40894487500190735,0.040384598076343536,0.8667493462562561,-0.024002166464924812,0.4965265095233917,0.006431369576603174,0.8663684725761414,0.03515922650694847,0.4981245994567871,0.006431369576603174,0.8663684725761414,0.03515922650694847,0.4981245994567871,-0.025861551985144615,0.6344923973083496,-0.024116288870573044,0.7721198201179504,-0.07329649478197098,0.6347745656967163,0.014949428848922253,0.7690678834915161,-0.07486104220151901,0.6345919370651245,0.01305356714874506,0.7691023945808411,-0.07192230224609375,0.9261277914047241,-0.024530665948987007,0.369476318359375,-0.07521985471248627,0.8417455554008484,-0.010795580223202705,0.5344996452331543,-0.029756860807538033,0.837818443775177,-0.08192916214466095,0.5389456748962402,-0.029756860807538033,0.837818443775177,-0.08192916214466095,0.5389456748962402,3.0221430386561235e-18,0.7313537001609802,3.0221430386561235e-18,0.6819983720779419,-0.022813089191913605,0.2965943217277527,-0.021273549646139145,0.9544939994812012,0.46171262860298157,0.24537713825702667,-0.1679607629776001,0.8357037305831909,0.5023712515830994,0.124618299305439,0.015970055013895035,0.8554754853248596,0.23418262600898743,-0.6750317811965942,-0.4864735007286072,0.5028261542320251,0.3894888758659363,-0.6300904154777527,-0.5430212616920471,0.39549002051353455,0.3894888758659363,-0.6300904154777527,-0.5430212616920471,0.39549002051353455,0.01531448494642973,0.4624982476234436,0.014280987903475761,0.8863728642463684,-0.3904115557670593,0.4051426649093628,0.22353523969650269,0.7959084510803223,-0.5091636776924133,0.20842981338500977,-0.0847238302230835,0.8307413458824158,-0.29775720834732056,-0.6142332553863525,0.460577130317688,0.5673859715461731,-0.2768639326095581,-0.6202777028083801,0.4492303133010864,0.5803396105766296,-0.2768639326095581,-0.6202777028083801,0.4492303133010864,0.5803396105766296,3.0221430386561235e-18,0.7313537001609802,3.0221430386561235e-18,0.6819983720779419
0.7391936182975769,-0.0350155271589756,0.12384291738271713,2.266808645772461e-18,0.7253744006156921,2.266808645772461e-18,0.6883545517921448,-0.11719142645597458,0.08518373221158981,-0.0477897971868515,0.7835564017295837,-0.17783169448375702,-0.13643455505371094,-0.24262727797031403,-0.14193013310432434,-0.021849682554602623,0.9894111752510071,-0.35617274045944214,0.1581914871931076,0.0,-0.999890923500061,1.0886178016662598,0.45971861481666565,-2.1947999000549316,-0.3703937530517578,-0.6800000071525574,-0.9598196744918823,-0.7751679420471191,-2.1947999000549316,-0.04915960133075714,0.0,0.004198551177978516,0.06379399448633194,-0.08393100649118423,-6.412235948828596e-17,-0.523595929145813,1.1640184603977916e-23,0.9699897766113281,-0.17198747396469116,-0.02674609236419201,-0.43008682131767273,0.5709702968597412,0.0016714631346985698,0.9444178342819214,-0.5656887888908386,-0.507585346698761,-0.3976946771144867,0.48393484950065613,-0.3335089683532715,0.0,1.1960827112197876,0.9398817420005798,0.28544068336486816,0.0,1.037014365196228,0.0,-0.3957831561565399,0.05429684743285179,0.0,0.18977779150009155,0.0,0.0,0.0,2.266808645772461e-18,0.7253744006156921,2.266808645772461e-18,0.6883545517921448,2.266808645772461e-18,0.7253744006156921,2.266808645772461e-18,0.6883545517921448,0.010994503274559975,0.6851915121078491,0.010433392599225044,0.7282052040100098,0.04199077561497688,0.6850143671035767,-0.018750831484794617,0.7270767092704773,0.0256119966506958,0.685822069644928,-0.036117248237133026,0.7264211177825928,0.037462156265974045,0.9112296104431152,-0.02360120788216591,0.40951216220855713,0.03521840646862984,0.871265709400177,-0.02683456614613533,0.4888104498386383,0.0018170301336795092,0.8710683584213257,0.03261713311076164,0.49007418751716614,0.0018170301336795092,0.8710683584213257,0.03261713311076164,0.49007418751716614,-0.022719677537679672,0.6395795941352844,-0.021560167893767357,0.7680864930152893,-0.07712406665086746,0.6394985318183899,0.02384382113814354,0.7645423412322998,-0.08410574495792389,0.6386178135871887,0.015490061603486538,0.7647571563720703,-0.08137644082307816,0.9251387119293213,-0.02629816345870495,0.3698711097240448,-0.08474805951118469,0.8449857831001282,-0.01146669127047062,0.5279065370559692,-0.042771462351083755,0.8414379954338074,-0.0781959518790245,0.5329522490501404,-0.042771462351083755,0.8414379954338074,-0.0781959518790245,0.5329522490501404,2.266808645772461e-18,0.7253744006156921,2.266808645772461e-18,0.6883545517921448,-0.021834131330251694,0.3072642385959625,-0.02071981504559517,0.9511480927467346,0.47385135293006897,0.25213077664375305,-0.17683520913124084,0.8249995708465576,0.516190230846405,0.12594500184059143,0.008632770739495754,0.8471192121505737,0.23391149938106537,-0.666214108467102,-0.501623272895813,0.49981826543807983,0.37497204542160034,-0.6269801259040833,-0.5537364482879639,0.3995845317840576,0.37497204542160034,-0.6269801259040833,-0.5537364482879639,0.3995845317840576,0.015189278870821,0.45474570989608765,0.014414086006581783,0.8903751373291016,-0.3976120352745056,0.39672109484672546,0.22274155914783478,0.7968081831932068,-0.5124789476394653,0.19840247929096222,-0.08490573614835739,0.8311394453048706,-0.2999916076660156,-0.6189727187156677,0.4634369909763336,0.5586626529693604,-0.28141891956329346,-0.6243757605552673,0.453637957572937,0.5702375769615173,-0.28141891956329346,-0.6243757605552673,0.453637957572937,0.5702375769615173,2.266808645772461e-18,0.7253744006156921,2.266808645772461e-18,0.6883545517921448
0.7395312786102295,-0.03260650113224983,0.11865422129631042,2.266808645772461e-18,0.7253744006156921,2.266808645772461e-18,0.6883545517921448,-0.09995865076780319,0.07783191651105881,-0.05189361050724983,0.778843343257904,-0.17113813757896423,-0.14125698804855347,-0.23338675498962402,-0.1479976326227188,-0.03362711891531944,0.9846131801605225,-0.3724129796028137,0.14363904297351837,0.0,-0.9438148140907288,1.1234009265899658,0.5639382600784302,-2.1947999000549316,-0.3358110785484314,-0.6800000071525574,-0.9659573435783386,-0.8642895221710205,-2.1947999000549316,-0.027541816234588623,0.0,0.010129808448255062,0.07227077335119247,-0.15566086769104004,0.0,0.0,0.0,0.5169832706451416,-0.22055445611476898,-0.12311439216136932,-0.14139175415039062,0.20080669224262238,-0.14467297494411469,0.2772156894207001,-0.1820249706506729,-0.3533230721950531,-0.14393983781337738,-0.4872071444988251,-0.4365732967853546,0.0,1.6822831630706787,1.0434937477111816,3.126589298248291,0.0,1.0374802350997925,0.0,-0.18413005769252777,-2.673647165298462,0.0,0.6485335230827332,0.0,0.0,0.0,2.266808645772461e-18,0.7253744006156921,2.266808645772461e-18,0.6883545517921448,2.266808645772461e-18,0.7253744006156921,2.266808645772461e-18,0.6883545517921448,0.009379245340824127,0.6912512183189392,0.008900570683181286,0.7224988341331482,0.03748178109526634,0.6910741329193115,-0.018000083044171333,0.7215868830680847,0.019540010020136833,0.6918139457702637,-0.03671479597687721,0.7208769917488098,0.032015927135944366,0.9137004613876343,-0.02654748409986496,0.4042545258998871,0.029629914090037346,0.8758078813552856,-0.029186582192778587,0.480864554643631,-0.004378467798233032,0.8756840825080872,0.03269176185131073,0.48175665736198425,-0.004378467798233032,0.8756840825080872,0.03269176185131073,0.48175665736198425,-0.021858401596546173,0.6430277824401855,-0.02074284851551056,0.7652497887611389,-0.07837449759244919,0.6428015828132629,0.02685379795730114,0.7615395188331604,-0.08917068690061569,0.6413930058479309,0.01404641568660736,0.7618833780288696,-0.08522039651870728,0.9253360033035278,-0.029769068583846092,0.3682451844215393,-0.08925846219062805,0.8411661982536316,-0.013477420434355736,0.5331891179084778,-0.05076788365840912,0.8380306363105774,-0.07380291074514389,0.5382196307182312,-0.05076788365840912,0.8380306363105774,-0.07380291074514389,0.5382196307182312,2.266808645772461e-18,0.7253744006156921,2.266808645772461e-18,0.6883545517921448,-0.020704951137304306,0.33379411697387695,-0.019648263230919838,0.9422137141227722,0.48432403802871704,0.2720416784286499,-0.194416806101799,0.8084712028503418,0.5373459458351135,0.11267486214637756,0.02930847741663456,0.8352872133255005,0.26269257068634033,-0.6606217622756958,-0.5103596448898315,0.48384350538253784,0.3892550766468048,-0.6218542456626892,-0.555563747882843,0.3913140594959259,0.3892550766468048,-0.6218542456626892,-0.555563747882843,0.3913140594959259,0.015189278870821,0.45474570989608765,0.014414086006581783,0.8903751373291016,-0.4000554382801056,0.39603567123413086,0.22395797073841095,0.7955842018127441,-0.5229285955429077,0.17148534953594208,-0.11865846812725067,0.826473593711853,-0.3362300395965576,-0.6264342069625854,0.4570047855377197,0.5344868302345276,-0.3258196711540222,-0.6299916505813599,0.4519270062446594,0.5410305261611938,-0.3258196711540222,-0.6299916505813599,0.4519270062446594,0.5410305261611938,2.266808645772461e-18,0.7253744006156921,2.266808645772461e-18,0.6883545517921448
0.7394567131996155,-0.02987060509622097,0.12266324460506439,1.5113016823335046e-18,0.7193397879600525,1.5113016823335046e-18,0.6946583986282349,-0.09006176888942719,0.06900471448898315,-0.05989371985197067,0.7817720770835876,-0.16427560150623322,-0.13976487517356873,-0.22439686954021454,-0.14968495070934296,-0.03620332479476929,0.9870648384094238,-0.38245606422424316,0.13302090764045715,0.0,-0.8965662717819214,1.1501715183258057,0.5759152173995972,-2.1947999000549316,-0.3034899830818176,-0.6800000071525574,-0.9667450189590454,-0.8539088368415833,-2.1947999000549316,-0.01861080527305603,0.0,-0.0022369620855897665,0.08207687735557556,0.12027069181203842,-6.412235287084106e-17,-0.5236027836799622,-1.0384914421710412e-23,0.296906441450119,-0.2648160457611084,-0.24000327289104462,0.08786200731992722,0.20587606728076935,0.04476338252425194,0.26969656348228455,-0.05061953887343407,-0.07728616893291473,0.07354974001646042,-0.3012925088405609,-0.31854403018951416,0.0,1.4174561500549316,0.8031176924705505,0.3593086898326874,0.0,0.9696328043937683,0.0,-0.023630259558558464,0.3114205300807953,0.0,0.2679303288459778,0.0,0.0,0.0,1.5113016823335046e-18,0.7193397879600525,1.5113016823335046e-18,0.6946583986282349,1.5113016823335046e-18,0.7193397879600525,1.5113016823335046e-18,0.6946583986282349,0.00838096160441637,0.6884055733680725,0.008093400858342648,0.7252323627471924,0.03339323773980141,0.6882750391960144,-0.015658318996429443,0.7245116829872131,0.01276966743171215,0.6889663338661194,-0.037344902753829956,0.723717987537384,0.02603517472743988,0.9127410054206848,-0.029662704095244408,0.40662771463394165,0.023513708263635635,0.8763018250465393,-0.031698767095804214,0.48014307022094727,-0.010069949552416801,0.8763763904571533,0.02956688031554222,0.48061302304267883,-0.010069949552416801,0.8763763904571533,0.02956688031554222,0.48061302304267883,-0.020845167338848114,0.6396908164024353,-0.020129945129156113,0.7680858969688416,-0.07821860909461975,0.6394052505493164,0.027757767587900162,0.7643770575523376,-0.08977945894002914,0.6378846764564514,0.013917479664087296,0.7647542357444763,-0.08565888553857803,0.924057126045227,-0.030275460332632065,0.37130093574523926,-0.0898517519235611,0.836641788482666,-0.013442857190966606,0.5401633381843567,-0.05375306308269501,0.8338985443115234,-0.06901754438877106,0.544940710067749,-0.05375306308269501,0.8338985443115234,-0.06901754438877106,0.544940710067749,1.5113016823335046e-18,0.7193397879600525,1.5113016823335046e-18,0.6946583986282349,-0.019576627761125565,0.34777966141700745,-0.018904929980635643,0.9371812343597412,0.4933115541934967,0.28155526518821716,-0.20502369105815887,0.7970794439315796,0.549145519733429,0.11592485755681992,0.02053878642618656,0.8273927569389343,0.26011982560157776,-0.6514468789100647,-0.5243898034095764,0.4826696217060089,0.3736935257911682,-0.6181434988975525,-0.5658935904502869,0.3975125253200531,0.3736935257911682,-0.6181434988975525,-0.5658935904502869,0.3975125253200531,0.015062914229929447,0.44695845246315,0.014546087943017483,0.8943095803260803,-0.40230923891067505,0.38899099826812744,0.2206115424633026,0.7988515496253967,-0.5212216377258301,0.16703249514102936,-0.11888387799263,0.828429102897644,-0.33590564131736755,-0.6302961707115173,0.4554842412471771,0.5314397811889648,-0.3288498520851135,-0.6327112913131714,0.45209774374961853,0.5358561873435974,-0.3288498520851135,-0.6327112913131714,0.45209774374961853,0.5358561873435974,1.5113016823335046e-18,0.7193397879600525,1.5113016823335046e-18,0.6946583986282349
0.739627480506897,-0.028181158006191254,0.12205228954553604,1.5113016823335046e-18,0.7193397879600525,1.5113016823335046e-18,0.6946583986282349,-0.08803544193506241,0.06347145140171051,-0.06479183584451675,0.7959679365158081,-0.1685417741537094,-0.14411796629428864,-0.2212471216917038,-0.15500839054584503,-0.04283178225159645,1.0025053024291992,-0.36803877353668213,0.13558946549892426,0.0,-0.8516409993171692,1.168075442314148,0.6010439395904541,-2.1947999000549316,-0.256929486989975,-0.6800000071525574,-0.9556271433830261,-0.9541506767272949,-2.1947999000549316,-0.024970712140202522,0.0,0.005123018752783537,0.050683408975601196,-0.018328649923205376,0.0,0.0,0.0,0.060789804905653,-0.16599787771701813,-0.14694346487522125,0.4258757531642914,-0.1279851794242859,-0.1305927336215973,0.09449242800474167,-0.15970318019390106,-0.19885371625423431,0.46321389079093933,0.43251869082450867,0.07705672830343246,0.0,1.3477580547332764,0.5371177196502686,0.7538616061210632,0.0,1.3968148231506348,0.0,0.3335362374782562,-3.0072550773620605,0.0,-0.19079719483852386,0.0,0.0,0.0,1.5113016823335046e-18,0.7193397879600525,1.5113016823335046e-18,0.6946583986282349,1.5113016823335046e-18,0.7193397879600525,1.5113016823335046e-18,0.6946583986282349,0.008192518725991249,0.6891171336174011,0.007911424152553082,0.7245604395866394,0.03117898479104042,0.6890212297439575,-0.013958522118628025,0.7239356637001038,0.008845055475831032,0.6896695494651794,-0.03739965707063675,0.7231037020683289,0.022648397833108902,0.9160144329071045,-0.03104865923523903,0.39930012822151184,0.01995462365448475,0.8791542053222656,-0.032844819128513336,0.47498515248298645,-0.01429449487477541,0.8792374134063721,0.03053656406700611,0.4751891791820526,-0.01429449487477541,0.8792374134063721,0.03053656406700611,0.4751891791820526,-0.020553776994347572,0.6408669352531433,-0.019848553463816643,0.7671200037002563,-0.07988759130239487,0.6404799222946167,0.02983119525015354,0.7632257342338562,-0.09358467161655426,0.6386222839355469,0.013480444438755512,0.7636895775794983,-0.08854968845844269,0.9270313382148743,-0.033147625625133514,0.3628678321838379,-0.09312006831169128,0.8449810147285461,-0.016384916380047798,0.5263718366622925,-0.057248249650001526,0.8419299721717834,-0.07358866930007935,0.5314708352088928,-0.057248249650001526,0.8419299721717834,-0.07358866930007935,0.5314708352088928,1.5113016823335046e-18,0.7193397879600525,1.5113016823335046e-18,0.6946583986282349,-0.018657423555850983,0.36872777342796326,-0.01801726594567299,0.9291754961013794,0.4967796206474304,0.29767394065856934,-0.21834611892700195,0.7854458689689636,0.5583989024162292,0.12296494096517563,0.014251952059566975,0.8202847838401794,0.25837790966033936,-0.6413909792900085,-0.5350611805915833,0.4853534996509552,0.3539392054080963,-0.6147151589393616,-0.5715594291687012,0.412519246339798,0.3539392054080963,-0.6147151589393616,-0.5715594291687012,0.412519246339798,0.015062914229929447,0.44695845246315,0.014546087943017483,0.8943095803260803,-0.3978622853755951,0.3902113437652588,0.2184457629919052,0.8010756373405457,-0.5259642004966736,0.14121291041374207,-0.1615886688232422,0.8229882717132568,-0.3774307072162628,-0.6368661522865295,0.43986058235168457,0.5083996653556824,-0.36794787645339966,-0.6406229138374329,0.4356391131877899,0.5142326354980469,-0.36794787645339966,-0.6406229138374329,0.4356391131877899,0.5142326354980469,1.5113016823335046e-18,0.7193397879600525,1.5113016823335046e-18,0.6946583986282349
0.739578127861023,-0.028678111732006073,0.12467588484287262,1.5113016823335046e-18,0.7193397879600525,1.5113016823335046e-18,0.6946583986282349,-0.09677727520465851,0.06447861343622208,-0.06966909021139145,0.820084810256958,-0.1725860983133316,-0.13741245865821838,-0.22782424092292786,-0.15179340541362762,-0.04382853955030441,1.0163931846618652,-0.3967827558517456,0.11983676254749298,0.0,-0.8140870928764343,1.1923635005950928,0.6237887740135193,-2.1947999000549316,-0.22309529781341553,-0.6800000071525574,-0.9505282640457153,-0.9478025436401367,-2.1947999000549316,-0.020031243562698364,0.0,-0.0014805792598053813,-0.014908610843122005,0.07870785146951675,0.0,0.0,0.0,-0.2622549831867218,0.030214859172701836,-0.14631761610507965,0.7235061526298523,-0.12132971733808517,0.20116521418094635,-0.1973135620355606,0.09644954651594162,-0.029902717098593712,0.4166364371776581,-0.8623194098472595,-0.47258105874061584,0.0,1.126617193222046,0.7286416888237,0.6823449730873108,0.0,1.0150256156921387,0.0,0.15296636521816254,0.1904439777135849,0.0,0.14818404614925385,0.0,0.0,0.0,1.5113016823335046e-18,0.7193397879600525,1.5113016823335046e-18,0.6946583986282349,1.5113016823335046e-18,0.7193397879600525,1.5113016823335046e-18,0.6946583986282349,0.00900542177259922,0.6860422492027283,0.008696435019373894,0.7274540066719055,0.03244929388165474,0.6859660744667053,-0.013421778567135334,0.7267857193946838,0.008539123460650444,0.686680018901825,-0.03872576728463173,0.7258773446083069,0.02326922118663788,0.9191266894340515,-0.03211144357919693,0.3919611871242523,0.020415080711245537,0.881925106048584,-0.033997442573308945,0.4697185754776001,-0.011880291625857353,0.8821783065795898,0.026628855615854263,0.4700118601322174,-0.011880291625857353,0.8821783065795898,0.026628855615854263,0.4700118601322174,-0.021162182092666626,0.6384092569351196,-0.020436083897948265,0.7691347002983093,-0.07942002266645432,0.6381209492683411,0.02802939899265766,0.7653159499168396,-0.0933837890625,0.6362274289131165,0.011252670548856258,0.7657463550567627,-0.08705785125494003,0.928437352180481,-0.03561019152402878,0.35938411951065063,-0.0923686996102333,0.8393940329551697,-0.017753243446350098,0.5353228449821472,-0.060146450996398926,0.8368245363235474,-0.06798642873764038,0.539893388748169,-0.060146450996398926,0.8368245363235474,-0.06798642873764038,0.539893388748169,1.5113016823335046e-18,0.7193397879600525,1.5113016823335046e-18,0.6946583986282349,-0.01788180135190487,0.38609641790390015,-0.017268255352973938,0.9221234321594238,0.5029634237289429,0.30979329347610474,-0.23107735812664032,0.7730842232704163,0.5691203474998474,0.12591251730918884,0.007140208967030048,0.8125251531600952,0.25680285692214966,-0.6325379610061646,-0.5473860502243042,0.4840624928474426,0.3391837477684021,-0.6104949116706848,-0.5796109437942505,0.41988274455070496,0.3391837477684021,-0.6104949116706848,-0.5796109437942505,0.41988274455070496,0.015062914229929447,0.44695845246315,0.014546087943017483,0.8943095803260803,-0.39581868052482605,0.39076700806617737,0.21745023131370544,0.8020873665809631,-0.5239452123641968,0.14443856477737427,-0.16049078106880188,0.823930561542511,-0.375357061624527,-0.6363480687141418,0.438628226518631,0.5116380453109741,-0.3677535951137543,-0.6393540501594543,0.43521326780319214,0.5163071751594543,-0.3677535951137543,-0.6393540501594543,0.43521326780319214,0.5163071751594543,1.5113016823335046e-18,0.7193397879600525,1.5113016823335046e-18,0.6946583986282349
0.7391389012336731,-0.031040247529745102,0.1307978630065918,1.3601846766116514e-18,0.7181262969970703,1.3601846766116514e-18,0.695912778377533,-0.11245780438184738,0.07092513144016266,-0.0766262337565422,0.8331536054611206,-0.17593733966350555,-0.13565966486930847,-0.23432786762714386,-0.1516120880842209,-0.049037497490644455,1.0174920558929443,-0.3908630907535553,0.11111337691545486,0.0,-0.7328120470046997,1.2015347480773926,0.6531413197517395,-2.1947999000549316,-0.20520859956741333,-0.6800000071525574,-0.902384877204895,-0.9277964234352112,-2.1947999000549316,-0.014027268625795841,0.0,-0.01317679788917303,-0.07086407393217087,0.18365933001041412,-1.2824464287595557e-17,-0.10471726953983307,4.829620243068349e-24,-0.470415860414505,0.19339552521705627,-0.2087142914533615,0.39206382632255554,-0.10053723305463791,0.052583809942007065,-0.1951087862253189,0.005439519416540861,-0.15626873075962067,0.03296613693237305,0.17758993804454803,-0.2617015540599823,0.0,2.438251256942749,0.27513742446899414,0.8805763125419617,0.0,0.5366009473800659,0.0,1.4443014860153198,0.6001835465431213,0.0,0.18011923134326935,0.0,0.0,0.0,1.3601846766116514e-18,0.7181262969970703,1.3601846766116514e-18,0.695912778377533,1.3601846766116514e-18,0.7181262969970703,1.3601846766116514e-18,0.695912778377533,0.010445461608469486,0.6792141795158386,0.010122356936335564,0.7337959408760071,0.036455728113651276,0.6791460514068604,-0.013965637423098087,0.732964277267456,0.010415138676762581,0.6800440549850464,-0.042030662298202515,0.731891393661499,0.0265313982963562,0.918033242225647,-0.03422187641263008,0.3941318094730377,0.023422235623002052,0.8798568844795227,-0.03642047196626663,0.47326186299324036,-0.00870828703045845,0.8803021311759949,0.023298073559999466,0.47376105189323425,-0.00870828703045845,0.8803021311759949,0.023298073559999466,0.47376105189323425,-0.021726850420236588,0.6346253752708435,-0.021054783836007118,0.7722274661064148,-0.08014791458845139,0.6343973875045776,0.027068061754107475,0.7683642506599426,-0.09567689150571823,0.6322417259216309,0.008222483098506927,0.7687969207763672,-0.08756501227617264,0.9266396164894104,-0.039421383291482925,0.36347949504852295,-0.09355335682630539,0.8384160399436951,-0.021666714921593666,0.536504328250885,-0.06361794471740723,0.8359193205833435,-0.06818894296884537,0.5408714413642883,-0.06361794471740723,0.8359193205833435,-0.06818894296884537,0.5408714413642883,1.3601846766116514e-18,0.7181262969970703,1.3601846766116514e-18,0.695912778377533,-0.016154661774635315,0.4216304123401642,-0.01565495692193508,0.9064887166023254,0.49908995628356934,0.3389544188976288,-0.251251220703125,0.7568962574005127,0.5761709809303284,0.14600048959255219,-0.005696605890989304,0.8041631579399109,0.24751229584217072,-0.6155267357826233,-0.5589852929115295,0.4973931610584259,0.32214784622192383,-0.5967226624488831,-0.5905903577804565,0.4374309182167053,0.32214784622192383,-0.5967226624488831,-0.5905903577804565,0.4374309182167053,0.015037504024803638,0.44539695978164673,0.014572354964911938,0.8950883150100708,-0.37676069140434265,0.3944709897041321,0.20732448995113373,0.8120718002319336,-0.5072709321975708,0.16172191500663757,-0.16663606464862823,0.8299124240875244,-0.3722623288631439,-0.6346988081932068,0.4213915169239044,0.5301012992858887,-0.36693274974823,-0.6368233561515808,0.4188750982284546,0.5332541465759277,-0.36693274974823,-0.6368233561515808,0.4188750982284546,0.5332541465759277,1.3601846766116514e-18,0.7181262969970703,1.3601846766116514e-18,0.695912778377533
0.738905668258667,-0.03359075263142586,0.11610306799411774,3.2027231590059315e-16,0.7181262969970703,-3.0768717977962756e-16,0.695912778377533,-0.11488958448171616,0.07888347655534744,-0.07452084124088287,0.8325663208961487,-0.19169294834136963,-0.13537700474262238,-0.2260996699333191,-0.1417810022830963,-0.05457727611064911,0.9991622567176819,-0.4104973375797272,0.10286974161863327,0.0,-0.7087216973304749,1.2153515815734863,0.7647055983543396,-2.1947999000549316,-0.19142119586467743,-0.6800000071525574,-0.8672374486923218,-1.0077872276306152,-2.1947999000549316,-0.020767195150256157,0.0,-0.006996988784521818,-0.07651514559984207,-0.4408438205718994,-7.281168989576641e-22,5.124845626823732e-32,-2.6645352591003757e-14,-0.07295339554548264,0.23875033855438232,0.06316177546977997,-0.017618536949157715,-0.47266823053359985,0.008479803800582886,0.24684591591358185,0.2949325442314148,-0.16619335114955902,-0.5498939752578735,-0.5890273451805115,-0.24730904400348663,0.0,0.7227104306221008,0.4145049750804901,3.346928119659424,0.0,0.41362208127975464,0.0,1.0544228553771973,-2.399724006652832,0.0,-0.20219779014587402,0.0,0.0,0.0,3.2027231590059315e-16,0.7181262969970703,-3.0768717977962756e-16,0.695912778377533,3.2027231590059315e-16,0.7181262969970703,-3.0768717977962756e-16,0.695912778377533,0.010671088472008705,0.6783486008644104,0.01034100353717804,0.7345899343490601,0.039628781378269196,0.6782287955284119,-0.016415350139141083,0.7335978746414185,0.014336032792925835,0.6792342662811279,-0.043731797486543655,0.7324771881103516,0.0307952668517828,0.9174137115478516,-0.03420004993677139,0.39526453614234924,0.027380986139178276,0.875376284122467,-0.03699018061161041,0.4812466502189636,-0.0052317120134830475,0.8758735656738281,0.02230220101773739,0.4819965660572052,-0.0052317120134830475,0.8758735656738281,0.02230220101773739,0.4819965660572052,-0.02096724696457386,0.6377119421958923,-0.02031867392361164,0.7697213888168335,-0.07543482631444931,0.6375494003295898,0.02490222081542015,0.7663030028343201,-0.09280243515968323,0.6352537870407104,0.003984180744737387,0.766697108745575,-0.08336908370256424,0.9249074459075928,-0.04096049442887306,0.36867061257362366,-0.08996737748384476,0.8303549885749817,-0.02310924232006073,0.5494382977485657,-0.061600569635629654,0.828068733215332,-0.06576905399560928,0.5533370971679688,-0.061600569635629654,0.828068733215332,-0.06576905399560928,0.5533370971679688,3.2027231590059315e-16,0.7181262969970703,-3.0768717977962756e-16,0.695912778377533,-0.015646418556571007,0.43250903487205505,-0.015162433497607708,0.9013662934303284,0.5017995238304138,0.34642294049263,-0.25939375162124634,0.7489347457885742,0.5884829759597778,0.11700446903705597,0.026458323001861572,0.7995609641075134,0.28331947326660156,-0.6240481734275818,-0.5550748109817505,0.4713660180568695,0.35311055183410645,-0.6034061908721924,-0.5819545388221741,0.4153827726840973,0.35311055183410645,-0.6034061908721924,-0.5819545388221741,0.4153827726840973,0.015037504024803638,0.44539695978164673,0.014572354964911938,0.8950883150100708,-0.3624321520328522,0.3980533480644226,0.200360506772995,0.818567156791687,-0.5031270384788513,0.1491107940673828,-0.20801040530204773,0.825445830821991,-0.40781840682029724,-0.6366121172904968,0.39856740832328796,0.5191851258277893,-0.3999393582344055,-0.6401500105857849,0.39497339725494385,0.5236912369728088,-0.3999393582344055,-0.6401500105857849,0.39497339725494385,0.5236912369728088,3.2027231590059315e-16,0.7181262969970703,-3.0768717977962756e-16,0.695912778377533
0.7385629415512085,-0.036118630319833755,0.11863929033279419,3.2027231590059315e-16,0.7181262969970703,-3.0768717977962756e-16,0.695912778377533,-0.12350849062204361,0.08677826076745987,-0.0701693519949913,0.8409448862075806,-0.20453336834907532,-0.13659657537937164,-0.2202424257993698,-0.13450968265533447,-0.06264137476682663,0.9753747582435608,-0.41123172640800476,0.09626228362321854,0.0,-0.6932787895202637,1.232596516609192,0.7959860563278198,-2.1947999000549316,-0.1793011724948883,-0.6800000071525574,-0.8296909928321838,-1.0029489994049072,-2.1947999000549316,-0.029121477156877518,0.0,-0.010281800292432308,-0.07583632320165634,0.07608666270971298,0.0,0.0,0.0,-0.2585671842098236,0.2368435114622116,0.13054467737674713,0.25135695934295654,-0.38521257042884827,-0.03658711537718773,0.1757173091173172,0.21813957393169403,-0.24192294478416443,-0.713624894618988,-0.022031662985682487,-0.19822372496128082,0.0,0.46328720450401306,0.517348051071167,0.938413679599762,0.0,0.3636006712913513,0.0,1.1263936758041382,0.14514683187007904,0.0,-0.25062844157218933,0.0,0.0,0.0,3.2027231590059315e-16,0.7181262969970703,-3.0768717977962756e-16,0.695912778377533,3.2027231590059315e-16,0.7181262969970703,-3.0768717977962756e-16,0.695912778377533,0.011470640078186989,0.6752725839614868,0.01111582387238741,0.7373952865600586,0.04344474524259567,0.6751192212104797,-0.018184935674071312,0.7362037301063538,0.019736530259251595,0.6762276887893677,-0.04399791359901428,0.7351127862930298,0.035976991057395935,0.9173926711082458,-0.03210923820734024,0.39505109190940857,0.032511040568351746,0.8722693920135498,-0.035614315420389175,0.48664233088493347,-0.0007757614948786795,0.8726662993431091,0.02399691566824913,0.48772647976875305,-0.0007757614948786795,0.8726662993431091,0.02399691566824913,0.48772647976875305,-0.020426305010914803,0.6399024724960327,-0.019794465973973274,0.7679295539855957,-0.07198818027973175,0.6397860646247864,0.023254388943314552,0.7648206949234009,-0.09198813140392303,0.6372179388999939,-0.0007078101625666022,0.7651737928390503,-0.0809323862195015,0.9214786887168884,-0.043729472905397415,0.37737876176834106,-0.0881558284163475,0.8250186443328857,-0.02628435753285885,0.557567834854126,-0.06122772395610809,0.8227986097335815,-0.06594768166542053,0.5611635446548462,-0.06122772395610809,0.8227986097335815,-0.06594768166542053,0.5611635446548462,3.2027231590059315e-16,0.7181262969970703,-3.0768717977962756e-16,0.695912778377533,-0.015319413505494595,0.4394497871398926,-0.014845544472336769,0.8980138301849365,0.5065675377845764,0.35002046823501587,-0.2661243975162506,0.7416554689407349,0.5958862900733948,0.10866861045360565,0.02922092191874981,0.7951458096504211,0.2896253168582916,-0.6235195994377136,-0.5601648092269897,0.46212100982666016,0.35486575961112976,-0.603951632976532,-0.5846462249755859,0.4092694818973541,0.35486575961112976,-0.603951632976532,-0.5846462249755859,0.4092694818973541,0.015037504024803638,0.44539695978164673,0.014572354964911938,0.8950883150100708,-0.3470020294189453,0.40174439549446106,0.1928528994321823,0.8252264857292175,-0.49120116233825684,0.16088895499706268,-0.21633727848529816,0.8282719254493713,-0.4091263711452484,-0.634398877620697,0.3843642473220825,0.5314299464225769,-0.3980712890625,-0.6394148468971252,0.3791343569755554,0.537536084651947,-0.3980712890625,-0.6394148468971252,0.3791343569755554,0.537536084651947,3.2027231590059315e-16,0.7181262969970703,-3.0768717977962756e-16,0.695912778377533
0.738071858882904,-0.03718898817896843,0.12568135559558868,3.2027231590059315e-16,0.7181262969970703,-3.0768717977962756e-16,0.695912778377533,-0.1402054876089096,0.08937172591686249,-0.07396721094846725,0.8314727544784546,-0.20922976732254028,-0.13623492419719696,-0.22302141785621643,-0.13259384036064148,-0.06714470684528351,0.9335730671882629,-0.40055960416793823,0.09170147776603699,0.0,-0.632412850856781,1.202257513999939,0.7233901619911194,-2.1947999000549316,-0.17688530683517456,-0.6800000071525574,-0.7614774107933044,-0.9894656538963318,-2.1947999000549316,-0.011352944187819958,0.0,-0.014732479117810726,-0.03211073577404022,0.21126194298267365,0.0,0.0,0.0,-0.5009098649024963,0.07780394703149796,-0.11393576115369797,-0.2841639518737793,-0.14089196920394897,0.010849534533917904,-0.08336975425481796,0.057475265115499496,-0.13509996235370636,-1.254050612449646,0.32016363739967346,-0.13682417571544647,0.0,1.8259780406951904,-0.9101700186729431,-2.1778767108917236,0.0,0.07247596234083176,0.0,2.046407461166382,0.4045003354549408,0.0,0.5330559611320496,0.0,0.0,0.0,3.2027231590059315e-16,0.7181262969970703,-3.0768717977962756e-16,0.695912778377533,3.2027231590059315e-16,0.7181262969970703,-3.0768717977962756e-16,0.695912778377533,0.013018956407904625,0.6692779660224915,0.01261624600738287,0.742790937423706,0.04618716612458229,0.6691734194755554,-0.0172936599701643,0.7414678335189819,0.02141277864575386,0.6704236268997192,-0.04469773918390274,0.7403213977813721,0.037640612572431564,0.9123052954673767,-0.03224250301718712,0.4065004587173462,0.03406793251633644,0.8648691177368164,-0.03599681705236435,0.49954476952552795,-1.248919670615578e-05,0.8653135299682617,0.022953804582357407,0.5007051229476929,-1.248919670615578e-05,0.8653135299682617,0.022953804582357407,0.5007051229476929,-0.02068297751247883,0.6388638615608215,-0.020043199881911278,0.768780529499054,-0.07156798988580704,0.6387882232666016,0.022324517369270325,0.7657214403152466,-0.09296926110982895,0.6360259652137756,-0.003390304045751691,0.766039252281189,-0.08149761706590652,0.912715494632721,-0.04486553370952606,0.3978639245033264,-0.08879426121711731,0.8153187036514282,-0.027755288407206535,0.5714898705482483,-0.06250689178705215,0.813189685344696,-0.06509598344564438,0.5749590992927551,-0.06250689178705215,0.813189685344696,-0.06509598344564438,0.5749590992927551,3.2027231590059315e-16,0.7181262969970703,-3.0768717977962756e-16,0.695912778377533,-0.014021867886185646,0.4665466547012329,-0.01358813513070345,0.8842810392379761,0.48856231570243835,0.3770748972892761,-0.2750726342201233,0.7371949553489685,0.5840068459510803,0.16375310719013214,-0.007783512584865093,0.795022189617157,0.24826088547706604,-0.5988704562187195,-0.5663430690765381,0.508897066116333,0.31160086393356323,-0.583117663860321,-0.5952221751213074,0.4567157030105591,0.31160086393356323,-0.583117663860321,-0.5952221751213074,0.4567157030105591,0.015037504024803638,0.44539695978164673,0.014572354964911938,0.8950883150100708,-0.31865984201431274,0.4080870747566223,0.17904117703437805,0.8365793824195862,-0.4684893786907196,0.18321478366851807,-0.22934769093990326,0.8332764506340027,-0.4090929627418518,-0.6299033761024475,0.3585923910140991,0.5543250441551208,-0.40479937195777893,-0.6319141983985901,0.35643139481544495,0.5565775036811829,-0.40479937195777893,-0.6319141983985901,0.35643139481544495,0.5565775036811829,3.2027231590059315e-16,0.7181262969970703,-3.0768717977962756e-16,0.695912778377533
0.7380600571632385,-0.03697898983955383,0.12353057414293289,3.2027231590059315e-16,0.7181262969970703,-3.0768717977962756e-16,0.695912778377533,-0.1403115689754486,0.08922579884529114,-0.06705397367477417,0.8219038844108582,-0.21021883189678192,-0.13962753117084503,-0.2091638594865799,-0.13720466196537018,-0.08453765511512756,0.8875797390937805,-0.42629221081733704,0.07690310478210449,0.0,-0.6559184789657593,1.1940630674362183,0.7252758741378784,-2.1947999000549316,-0.15982882678508759,-0.6800000071525574,-0.7639989852905273,-0.9867326617240906,-2.1947999000549316,-0.005672683008015156,0.0,-0.00035405156086198986,0.006299949716776609,-0.06452344357967377,0.0,0.0,0.0,-0.0031824407633394003,-0.004377812147140503,0.20739710330963135,-0.2870660722255707,-0.029671935364603996,-0.10177820175886154,0.4157267212867737,-0.13832464814186096,-0.5217884182929993,-1.379799723625183,-0.7719781398773193,-0.44395115971565247,0.0,-0.7051687836647034,-0.2458333820104599,0.0565713606774807,0.0,0.5116943717002869,0.0,-0.07564722746610641,0.08198975771665573,0.0,0.17040783166885376,0.0,0.0,0.0,3.2027231590059315e-16,0.7181262969970703,-3.0768717977962756e-16,0.695912778377533,3.2027231590059315e-16,0.7181262969970703,-3.0768717977962756e-16,0.695912778377533,0.01302879024296999,0.6692396998405457,0.01262577623128891,0.7428250312805176,0.04614441469311714,0.6691369414329529,-0.017233608290553093,0.7415048480033875,0.02368853986263275,0.6703076958656311,-0.04207969084382057,0.7405104637145996,0.03852634131908417,0.9103192687034607,-0.029113026335835457,0.4110803008079529,0.035259295254945755,0.8621664047241211,-0.032994382083415985,0.5043185949325562,-6.38398796581896e-06,0.8623677492141724,0.02722819149494171,0.5055496692657471,-6.38398796581896e-06,0.8623677492141724,0.02722819149494171,0.5055496692657471,-0.019402675330638885,0.644030749797821,-0.018802499398589134,0.7645223140716553,-0.07176391780376434,0.6438047289848328,0.025389092043042183,0.7613939642906189,-0.09890458732843399,0.640197217464447,-0.006807233206927776,0.7617867588996887,-0.08640100061893463,0.9052667021751404,-0.0486140213906765,0.4131146967411041,-0.09472937881946564,0.7973921895027161,-0.029236987233161926,0.595262348651886,-0.07177623361349106,0.7956787943840027,-0.05986878648400307,0.5984639525413513,-0.07177623361349106,0.7956787943840027,-0.05986878648400307,0.5984639525413513,3.2027231590059315e-16,0.7181262969970703,-3.0768717977962756e-16,0.695912778377533,-0.014524568803608418,0.45613205432891846,-0.014075285755097866,0.8896822333335876,0.48815852403640747,0.3693119287490845,-0.26807326078414917,0.743939995765686,0.5811902284622192,0.15589098632335663,0.00187119550537318,0.7986941933631897,0.25598323345184326,-0.6058974266052246,-0.5596637725830078,0.5041203498840332,0.3137211203575134,-0.5911502242088318,-0.5854485630989075,0.4575701951980591,0.3137211203575134,-0.5911502242088318,-0.5854485630989075,0.4575701951980591,0.015037504024803638,0.44539695978164673,0.014572354964911938,0.8950883150100708,-0.31971433758735657,0.40786099433898926,0.17955555021762848,0.8361769914627075,-0.46902599930763245,0.18323947489261627,-0.22757665812969208,0.8334547281265259,-0.4077635109424591,-0.6300247311592102,0.35988649725914,0.5543279647827148,-0.40561923384666443,-0.6310275793075562,0.3588079810142517,0.5554584264755249,-0.40561923384666443,-0.6310275793075562,0.3588079810142517,0.5554584264755249,3.2027231590059315e-16,0.7181262969970703,-3.0768717977962756e-16,0.695912778377533
0.7380013465881348,-0.03451650217175484,0.12532640993595123,1.3601846766116514e-18,0.7181262969970703,1.3601846766116514e-18,0.695912778377533,-0.14837652444839478,0.08135576546192169,-0.06770601868629456,0.8035984635353088,-0.21500633656978607,-0.14150989055633545,-0.2028515636920929,-0.14355207979679108,-0.09543349593877792,0.8398122787475586,-0.43235906958580017,0.07919274270534515,0.0,-0.6959826946258545,1.1713546514511108,0.7208492755889893,-2.1947999000549316,-0.13756544888019562,-0.6800000071525574,-0.7633510828018188,-0.9942703247070312,-2.1947999000549316,-0.011464192532002926,0.0,-0.0017613171366974711,0.07387462258338928,0.053875070065259933,7.281168989576641e-22,-5.124845626823732e-32,2.6645352591003757e-14,-0.24194864928722382,-0.23610098659992218,-0.019561348482966423,-0.5491626262664795,-0.14362512528896332,-0.056470777839422226,0.1893688589334488,-0.19042252004146576,-0.3268752098083496,-1.4330236911773682,-0.18200574815273285,0.06868913769721985,0.0,-1.201926350593567,-0.6812524199485779,-0.1327979564666748,0.0,0.6679012775421143,0.0,0.019437072798609734,-0.22612987458705902,0.0,-0.1737452745437622,0.0,0.0,0.0,1.3601846766116514e-18,0.7181262969970703,1.3601846766116514e-18,0.695912778377533,1.3601846766116514e-18,0.7181262969970703,1.3601846766116514e-18,0.695912778377533,0.013776334002614021,0.6663273572921753,0.013350196182727814,0.7454125285148621,0.04407837986946106,0.6663190126419067,-0.013758158311247826,0.7442356944084167,0.02150052972137928,0.6674291491508484,-0.038940079510211945,0.7433435916900635,0.03501668944954872,0.9049773812294006,-0.02743053063750267,0.42312806844711304,0.03187135234475136,0.8543530106544495,-0.031029336154460907,0.5177860260009766,-0.004813755862414837,0.8544089794158936,0.02944757603108883,0.518743634223938,-0.004813755862414837,0.8544089794158936,0.02944757603108883,0.518743634223938,-0.018819168210029602,0.6463741064071655,-0.0182370413094759,0.7625705003738403,-0.07345801591873169,0.6460177302360535,0.02816426381468773,0.759257435798645,-0.10418857634067535,0.6417785286903381,-0.008083340711891651,0.7597365975379944,-0.09184204787015915,0.895750880241394,-0.049856167286634445,0.43209925293922424,-0.1003984659910202,0.7822163105010986,-0.028995631262660027,0.6141799688339233,-0.07600682973861694,0.7804553508758545,-0.0599377378821373,0.6176729798316956,-0.07600682973861694,0.7804553508758545,-0.0599377378821373,0.6176729798316956,1.3601846766116514e-18,0.7181262969970703,1.3601846766116514e-18,0.695912778377533,-0.015376735478639603,0.43823641538619995,-0.01490109320729971,0.898604691028595,0.483902245759964,0.3569622039794922,-0.25465893745422363,0.7573410272598267,0.5728117227554321,0.146930530667305,0.01755123771727085,0.8062196373939514,0.26657402515411377,-0.6171735525131226,-0.5455150604248047,0.5004481673240662,0.3169969916343689,-0.6037797927856445,-0.5675045847892761,0.4614124298095703,0.3169969916343689,-0.6037797927856445,-0.5675045847892761,0.4614124298095703,0.015037504024803638,0.44539695978164673,0.014572354964911938,0.8950883150100708,-0.3194434344768524,0.40791913866996765,0.17942340672016144,0.8362805247306824,-0.46955928206443787,0.18145370483398438,-0.23077252507209778,0.8326659798622131,-0.41094329953193665,-0.6301007270812988,0.358854740858078,0.5525594353675842,-0.406608521938324,-0.632140576839447,0.35668328404426575,0.5548376441001892,-0.406608521938324,-0.632140576839447,0.35668328404426575,0.5548376441001892,1.3601846766116514e-18,0.7181262969970703,1.3601846766116514e-18,0.695912778377533
0.7374251484870911,-0.03371080011129379,0.13280849158763885,1.3601846766116514e-18,0.7181262969970703,1.3601846766116514e-18,0.695912778377533,-0.16696612536907196,0.0778070017695427,-0.07427892088890076,0.777391254901886,-0.21707271039485931,-0.1459578275680542,-0.2050197571516037,-0.14974941313266754,-0.10995832830667496,0.795863687992096,-0.4274498522281647,0.07510792464017868,0.0,-0.7160874009132385,1.1558846235275269,0.6190340518951416,-2.1947999000549316,-0.12636254727840424,-0.6800000071525574,-0.7696233987808228,-1.0045115947723389,-2.1947999000549316,-0.019186269491910934,0.0,-0.017285943031311035,0.02417105995118618,0.22446243464946747,0.0,0.0,0.0,-0.5576879978179932,-0.10646290332078934,-0.19718705117702484,-0.7862161993980408,-0.06199121102690697,-0.1334381103515625,-0.0650458037853241,-0.18591998517513275,-0.4357449412345886,-1.3184576034545898,0.14727650582790375,-0.1225445345044136,0.0,-0.6031411290168762,-0.46410080790519714,-3.0544564723968506,0.0,0.33608701825141907,0.0,-0.188169464468956,-0.30723807215690613,0.0,-0.2316623032093048,0.0,0.0,0.0,1.3601846766116514e-18,0.7181262969970703,1.3601846766116514e-18,0.695912778377533,1.3601846766116514e-18,0.7181262969970703,1.3601846766116514e-18,0.695912778377533,0.015498537570238113,0.6595731377601624,0.015019127167761326,0.7513304948806763,0.04470882564783096,0.6596581935882568,-0.010645468719303608,0.7501592040061951,0.02018427476286888,0.6608633995056152,-0.03849223256111145,0.7492465972900391,0.03326646238565445,0.8955165147781372,-0.027971401810646057,0.4429008364677429,0.03004075586795807,0.8422704935073853,-0.0314103439450264,0.5373000502586365,-0.00921598356217146,0.8423188328742981,0.030086699873209,0.5380603075027466,-0.00921598356217146,0.8423188328742981,0.030086699873209,0.5380603075027466,-0.01901961676776409,0.645569920539856,-0.018431290984153748,0.7632417678833008,-0.076060451567173,0.6451399326324463,0.029912058264017105,0.7596805691719055,-0.1113969087600708,0.6399855017662048,-0.011878701858222485,0.760176420211792,-0.09808970242738724,0.8845577836036682,-0.054118260741233826,0.45277711749076843,-0.10733649134635925,0.7683972716331482,-0.0320819653570652,0.6300914287567139,-0.08360394835472107,0.7666509747505188,-0.060908928513526917,0.6336771249771118,-0.08360394835472107,0.7666509747505188,-0.060908928513526917,0.6336771249771118,1.3601846766116514e-18,0.7181262969970703,1.3601846766116514e-18,0.695912778377533,-0.015802059322595596,0.42918944358825684,-0.015313261188566685,0.902946412563324,0.4800454378128052,0.3511185050010681,-0.24729309976100922,0.764930248260498,0.5592425465583801,0.17386826872825623,-0.012188231572508812,0.8104745745658875,0.23245511949062347,-0.6093581914901733,-0.547193169593811,0.5246206521987915,0.27874618768692017,-0.5992065072059631,-0.5692146420478821,0.4891286790370941,0.27874618768692017,-0.5992065072059631,-0.5692146420478821,0.4891286790370941,0.015037504024803638,0.44539695978164673,0.014572354964911938,0.8950883150100708,-0.3220645785331726,0.4073544442653656,0.1807018220424652,0.8352745771408081,-0.4725421071052551,0.17706002295017242,-0.23319080471992493,0.8312495350837708,-0.4146933853626251,-0.6306731104850769,0.36031195521354675,0.5481387972831726,-0.40743395686149597,-0.6341046690940857,0.3567159175872803,0.5519624948501587,-0.40743395686149597,-0.6341046690940857,0.3567159175872803,0.5519624948501587,1.3601846766116514e-18,0.7181262969970703,1.3601846766116514e-18,0.695912778377533
0.7371795177459717,-0.031547848135232925,0.13567757606506348,3.2027231590059315e-16,0.7181262969970703,-3.0768717977962756e-16,0.695912778377533,-0.17340409755706787,0.07114852219820023,-0.07147800922393799,0.7207171320915222,-0.21176239848136902,-0.15226007997989655,-0.20538732409477234,-0.15392400324344635,-0.12398578971624374,0.7427902221679688,-0.42601364850997925,0.08121751993894577,0.0,-0.7284644246101379,1.156535029411316,0.6063124537467957,-2.1947999000549316,-0.1128191351890564,-0.6800000071525574,-0.7750180959701538,-1.006484031677246,-2.1947999000549316,-0.027693158015608788,0.0,-0.007368921767920256,0.06488855928182602,0.08607252687215805,-7.281168989576641e-22,5.124845626823732e-32,-2.6645352591003757e-14,-0.19313915073871613,-0.19975437223911285,0.08402734249830246,-1.7002235651016235,0.15930934250354767,-0.1890675574541092,-0.01102700736373663,-0.12523770332336426,-0.4208238124847412,-1.5922038555145264,0.043086107820272446,0.1832878440618515,0.0,-0.37131068110466003,0.019512174651026726,-0.38164791464805603,0.0,0.4063023328781128,0.0,-0.16184090077877045,-0.0591731034219265,0.0,-0.2552066445350647,0.0,0.0,0.0,3.2027231590059315e-16,0.7181262969970703,-3.0768717977962756e-16,0.695912778377533,3.2027231590059315e-16,0.7181262969970703,-3.0768717977962756e-16,0.695912778377533,0.016094667837023735,0.657220721244812,0.015596818178892136,0.7533649206161499,0.04287923127412796,0.6573596000671387,-0.007788259070366621,0.7523158192634583,0.01936347410082817,0.658471941947937,-0.0346645824611187,0.7515571117401123,0.030342837795615196,0.881184995174408,-0.025610338896512985,0.4711012840270996,0.027466323226690292,0.8264625668525696,-0.028673654422163963,0.5615897178649902,-0.01532579492777586,0.8262495398521423,0.03426726907491684,0.5620520710945129,-0.01532579492777586,0.8262495398521423,0.03426726907491684,0.5620520710945129,-0.019053595140576363,0.6454335451126099,-0.018464218825101852,0.7633554935455322,-0.07768858224153519,0.6449426412582397,0.03121527098119259,0.7596309185028076,-0.11749560385942459,0.6388906836509705,-0.015906253829598427,0.7601056098937988,-0.10371235013008118,0.8711866736412048,-0.05746280401945114,0.4764195680618286,-0.11351604014635086,0.7507826089859009,-0.03423936665058136,0.6498209238052368,-0.08704128116369247,0.7487735748291016,-0.06469111144542694,0.6538937091827393,-0.08704128116369247,0.7487735748291016,-0.06469111144542694,0.6538937091827393,3.2027231590059315e-16,0.7181262969970703,-3.0768717977962756e-16,0.695912778377533,-0.016063109040260315,0.4235982596874237,-0.015566236339509487,0.9055739641189575,0.4815117120742798,0.34621766209602356,-0.24456311762332916,0.7671171426773071,0.5581227540969849,0.1725834757089615,-0.013880069367587566,0.8114932179450989,0.2305111438035965,-0.610907256603241,-0.5470298528671265,0.5238465666770935,0.2719690501689911,-0.6020638942718506,-0.5667440891265869,0.49229368567466736,0.2719690501689911,-0.6020638942718506,-0.5667440891265869,0.49229368567466736,0.015037504024803638,0.44539695978164673,0.014572354964911938,0.8950883150100708,-0.32431644201278687,0.40686553716659546,0.18179994821548462,0.8344027996063232,-0.4744347035884857,0.17505760490894318,-0.23252983391284943,0.8307806253433228,-0.41507992148399353,-0.631065309047699,0.36226335167884827,0.5461047887802124,-0.4045887589454651,-0.6359974145889282,0.35709112882614136,0.5516349673271179,-0.4045887589454651,-0.6359974145889282,0.35709112882614136,0.5516349673271179,3.2027231590059315e-16,0.7181262969970703,-3.0768717977962756e-16,0.695912778377533
0.7368167638778687,-0.028641531243920326,0.13907325267791748,1.3601846766116514e-18,0.7181262969970703,1.3601846766116514e-18,0.695912778377533,-0.1850406378507614,0.06114403158426285,-0.08015327155590057,0.6856250166893005,-0.2107195258140564,-0.15164750814437866,-0.20628271996974945,-0.1551675796508789,-0.12546490132808685,0.6962923407554626,-0.41633695363998413,0.08738503605127335,0.0,-0.7512920498847961,1.1477586030960083,0.6085613965988159,-2.1947999000549316,-0.10754410177469254,-0.6800000071525574,-0.7705153226852417,-1.0064923763275146,-2.1947999000549316,-0.03573456034064293,0.0,-0.010882615111768246,0.08718950301408768,0.10187029093503952,7.281168989576641e-22,-5.124845626823732e-32,2.6645352591003757e-14,-0.3490961790084839,-0.30013468861579895,-0.26025786995887756,-1.0527634620666504,0.03128618001937866,0.01837715320289135,-0.026861874386668205,-0.037307288497686386,-0.044373344630002975,-1.3949363231658936,0.29030081629753113,0.18502546846866608,0.0,-0.6848286986351013,-0.2632927894592285,0.06746828556060791,0.0,0.15825098752975464,0.0,0.13508319854736328,-0.0002503395080566406,0.0,-0.24124205112457275,0.0,0.0,0.0,1.3601846766116514e-18,0.7181262969970703,1.3601846766116514e-18,0.695912778377533,1.3601846766116514e-18,0.7181262969970703,1.3601846766116514e-18,0.695912778377533,0.017171738669276237,0.6529514193534851,0.016640571877360344,0.7570222020149231,0.040303803980350494,0.6531549692153931,-0.0033261359203606844,0.7561435699462891,0.014102195389568806,0.6542453169822693,-0.033619046211242676,0.7554031610488892,0.02458224445581436,0.8700959086418152,-0.02692257985472679,0.4915322959423065,0.021614620462059975,0.8135790824890137,-0.029358480125665665,0.5803102254867554,-0.02240663394331932,0.813465416431427,0.032355401664972305,0.5802801847457886,-0.02240663394331932,0.813465416431427,0.032355401664972305,0.5802801847457886,-0.019136367365717888,0.6451011300086975,-0.018544429913163185,0.7636323571205139,-0.07826487720012665,0.6445979475975037,0.031510550528764725,0.7598521113395691,-0.11852161586284637,0.6384234428405762,-0.016187556087970734,0.7603328824043274,-0.10588864237070084,0.8595142960548401,-0.0556507483124733,0.4969162046909332,-0.11510387063026428,0.7382615208625793,-0.032565485686063766,0.6638226509094238,-0.08599916100502014,0.7361345291137695,-0.06478064507246017,0.6682167053222656,-0.08599916100502014,0.7361345291137695,-0.06478064507246017,0.6682167053222656,1.3601846766116514e-18,0.7181262969970703,1.3601846766116514e-18,0.695912778377533,-0.016542958095669746,0.41324371099472046,-0.016031241044402122,0.9103290438652039,0.4803193509578705,0.33833932876586914,-0.23781058192253113,0.7734765410423279,0.5549488067626953,0.16462014615535736,-0.004642439540475607,0.815420389175415,0.23770517110824585,-0.6182260513305664,-0.5402378439903259,0.5190721154212952,0.2775381803512573,-0.6093891263008118,-0.5587212443351746,0.4893342852592468,0.2775381803512573,-0.6093891263008118,-0.5587212443351746,0.4893342852592468,0.015037504024803638,0.44539695978164673,0.014572354964911938,0.8950883150100708,-0.322437047958374,0.4072738289833069,0.1808834671974182,0.8351308703422546,-0.47301337122917175,0.17629560828208923,-0.233743354678154,0.8309887051582336,-0.4154411554336548,-0.6307622790336609,0.3604622185230255,0.5473706126213074,-0.4018913507461548,-0.6371183395385742,0.3537527024745941,0.5544570088386536,-0.4018913507461548,-0.6371183395385742,0.3537527024745941,0.5544570088386536,1.3601846766116514e-18,0.7181262969970703,1.3601846766116514e-18,0.695912778377533
0.7361705899238586,-0.027775926515460014,0.14023315906524658,1.3601846766116514e-18,0.7181262969970703,1.3601846766116514e-18,0.695912778377533,-0.19769960641860962,0.05826833099126816,-0.07612314820289612,0.6329249739646912,-0.21238179504871368,-0.1567365974187851,-0.20736810564994812,-0.1569187194108963,-0.14594003558158875,0.643632709980011,-0.40803757309913635,0.09523765742778778,0.0,-0.7683788537979126,1.1407420635223389,0.5984415411949158,-2.1947999000549316,-0.09385276585817337,-0.6800000071525574,-0.7665920257568359,-0.999936580657959,-2.1947999000549316,-0.03886394947767258,0.0,-0.019385216757655144,0.025968139991164207,0.03479719161987305,0.0,0.0,0.0,-0.3797690272331238,-0.0862710103392601,0.12090369313955307,-1.5810011625289917,-0.04986807331442833,-0.1526726633310318,-0.03256157040596008,-0.05253418907523155,-0.6142539978027344,-1.5797888040542603,0.24898140132427216,0.23557862639427185,0.0,-0.5126041173934937,-0.21049617230892181,-0.303595632314682,0.0,0.41074004769325256,0.0,0.11769890040159225,0.19667385518550873,0.0,-0.09388166666030884,0.0,0.0,0.0,1.3601846766116514e-18,0.7181262969970703,1.3601846766116514e-18,0.695912778377533,1.3601846766116514e-18,0.7181262969970703,1.3601846766116514e-18,0.695912778377533,0.01834278367459774,0.6482819318771362,0.017775392159819603,0.7609717845916748,0.040502142161130905,0.6485246419906616,-0.0011166323674842715,0.7601145505905151,0.015794897451996803,0.6495961546897888,-0.030039994046092033,0.7595215439796448,0.02435920573771,0.8537068367004395,-0.023632798343896866,0.5196467638015747,0.021717116236686707,0.7938198447227478,-0.026081543415784836,0.6072052121162415,-0.02588648349046707,0.7934253215789795,0.0361451581120491,0.6070417761802673,-0.02588648349046707,0.7934253215789795,0.0361451581120491,0.6070417761802673,-0.019236695021390915,0.6446980834007263,-0.018641654402017593,0.7639678120613098,-0.07905646413564682,0.6441758871078491,0.03194640949368477,0.7601098418235779,-0.125809907913208,0.6366980075836182,-0.023554621264338493,0.7604161500930786,-0.11190104484558105,0.8445236682891846,-0.062137823551893234,0.5199969410896301,-0.12216976284980774,0.7216537594795227,-0.038177236914634705,0.6803182363510132,-0.0896475613117218,0.7190184593200684,-0.07248528301715851,0.6853624582290649,-0.0896475613117218,0.7190184593200684,-0.07248528301715851,0.6853624582290649,1.3601846766116514e-18,0.7181262969970703,1.3601846766116514e-18,0.695912778377533,-0.016900723800063133,0.40545791387557983,-0.016377940773963928,0.9138107299804688,0.4791816174983978,0.33243101835250854,-0.23271004855632782,0.7782805562019348,0.5513809323310852,0.16227960586547852,-0.0022755537647753954,0.8183148503303528,0.2383047491312027,-0.6220693588256836,-0.5361570119857788,0.5184363722801208,0.27326565980911255,-0.6143849492073059,-0.5523108839988708,0.49275723099708557,0.27326565980911255,-0.6143849492073059,-0.5523108839988708,0.49275723099708557,0.015037504024803638,0.44539695978164673,0.014572354964911938,0.8950883150100708,-0.32079818844795227,0.4076278507709503,0.1800841987133026,0.8357617855072021,-0.47114118933677673,0.17908895015716553,-0.23217357695102692,0.83189457654953,-0.41303929686546326,-0.6304017901420593,0.35957229137420654,0.5501816272735596,-0.3982933759689331,-0.6372665166854858,0.3522123098373413,0.5578532218933105,-0.3982933759689331,-0.6372665166854858,0.3522123098373413,0.5578532218933105,1.3601846766116514e-18,0.7181262969970703,1.3601846766116514e-18,0.695912778377533
0.7360477447509766,-0.024709448218345642,0.1377733051776886,1.3601846766116514e-18,0.7181262969970703,1.3601846766116514e-18,0.695912778377533,-0.19965475797653198,0.048756491392850876,-0.07609771192073822,0.5796265006065369,-0.2068406343460083,-0.16262362897396088,-0.20265646278858185,-0.15329718589782715,-0.14100435376167297,0.5991883277893066,-0.3930199146270752,0.10847371071577072,0.0,-0.7831773161888123,1.1298432350158691,0.5974955558776855,-2.1947999000549316,-0.081547312438488,-0.6800000071525574,-0.7618647813796997,-0.9980713129043579,-2.1947999000549316,-0.04788496717810631,0.0,-0.0036853549536317587,0.09199434518814087,-0.0737956091761589,0.0,0.0,0.0,-0.0586545430123806,-0.28535518050193787,0.0007630884065292776,-1.5989540815353394,0.1662348061800003,-0.17661093175411224,0.14134928584098816,0.10864599794149399,0.14807043969631195,-1.3333313465118408,0.45052972435951233,0.397081583738327,0.0,-0.44395384192466736,-0.3269648253917694,-0.02837955765426159,0.0,0.3691635727882385,0.0,0.14181733131408691,0.05595802888274193,0.0,-0.27063050866127014,0.0,0.0,0.0,1.3601846766116514e-18,0.7181262969970703,1.3601846766116514e-18,0.695912778377533,1.3601846766116514e-18,0.7181262969970703,1.3601846766116514e-18,0.695912778377533,0.01852358505129814,0.6475584506988525,0.017950601875782013,0.7615790963172913,0.03708220273256302,0.6478036046028137,0.002160492353141308,0.7609012722969055,0.012413125485181808,0.6487453579902649,-0.026785509660840034,0.7604327201843262,0.01955004595220089,0.839002251625061,-0.022121140733361244,0.5433265566825867,0.017161889001727104,0.7784284353256226,-0.024021213874220848,0.6270387768745422,-0.03382430970668793,0.7778075933456421,0.03928385674953461,0.6263609528541565,-0.03382430970668793,0.7778075933456421,0.03928385674953461,0.6263609528541565,-0.01880113035440445,0.6464464664459229,-0.018219562247395515,0.7625100016593933,-0.07713403552770615,0.6459435820579529,0.031334638595581055,0.7588315606117249,-0.12244512885808945,0.6389052867889404,-0.02219817228615284,0.7591537833213806,-0.11043957620859146,0.8344970345497131,-0.05734691768884659,0.536776602268219,-0.11951090395450592,0.7136319279670715,-0.03468015044927597,0.6893793940544128,-0.08196372538805008,0.7107025384902954,-0.07331532984972,0.6948443651199341,-0.08196372538805008,0.7107025384902954,-0.07331532984972,0.6948443651199341,1.3601846766116514e-18,0.7181262969970703,1.3601846766116514e-18,0.695912778377533,-0.017209582030773163,0.3986908495426178,-0.016677243635058403,0.9167722463607788,0.47625792026519775,0.3278183341026306,-0.22752510011196136,0.7835469841957092,0.5472510457038879,0.15891726315021515,0.003910817671567202,0.8217337131500244,0.2420966774225235,-0.626884937286377,-0.5298673510551453,0.5173441767692566,0.27266907691955566,-0.6200785636901855,-0.543881893157959,0.4953247606754303,0.27266907691955566,-0.6200785636901855,-0.543881893157959,0.4953247606754303,0.015037504024803638,0.44539695978164673,0.014572354964911938,0.8950883150100708,-0.31882187724113464,0.40805238485336304,0.17912021279335022,0.8365176916122437,-0.46945711970329285,0.18087011575698853,-0.2326935976743698,0.8323158621788025,-0.4126349091529846,-0.6300568580627441,0.35786718130111694,0.5519890189170837,-0.39444586634635925,-0.6384828090667725,0.34873566031455994,0.5613694190979004,-0.39444586634635925,-0.6384828090667725,0.34873566031455994,0.5613694190979004,1.3601846766116514e-18,0.7181262969970703,1.3601846766116514e-18,0.695912778377533
0.7360715270042419,-0.024303948506712914,0.13417208194732666,8.658492547819626e-17,-0.7181262969970703,-8.658492547819626e-17,-0.695912778377533,-0.19601431488990784,0.04766414687037468,-0.07651715725660324,0.5388553738594055,-0.19770406186580658,-0.1660299450159073,-0.20030619204044342,-0.1540348380804062,-0.14351718127727509,0.560712993144989,-0.3800455331802368,0.11498204618692398,0.0,-0.8007602095603943,1.1173372268676758,0.6020110249519348,-2.1947999000549316,-0.06820698827505112,-0.6800000071525574,-0.753079891204834,-0.9932906031608582,-2.1947999000549316,-0.057930316776037216,0.0,0.0007134675397537649,0.012164990417659283,-0.10803668946027756,9.43095960183948e-23,-1.4132579197432653e-32,7.347881221390126e-15,0.10921328514814377,-0.03277033567428589,-0.012583359144628048,-1.2231336832046509,0.27409717440605164,-0.10218947380781174,0.07050812244415283,-0.022129563614726067,-0.07538481801748276,-1.1542599201202393,0.389231413602829,0.19525004923343658,0.0,-0.5274868011474609,-0.3751802146434784,0.13546407222747803,0.0,0.4002096951007843,0.0,0.2635467052459717,0.14342127740383148,0.0,-0.30136045813560486,0.0,0.0,0.0,8.658492547819626e-17,-0.7181262969970703,-8.658492547819626e-17,-0.695912778377533,8.658492547819626e-17,-0.7181262969970703,-8.658492547819626e-17,-0.695912778377533,-0.01818692311644554,-0.6489050984382629,-0.017624353989958763,-0.7604477405548096,-0.0363030880689621,-0.6491408348083496,-0.0021560590248554945,-0.7597984075546265,-0.011447376571595669,-0.650054395198822,0.026907235383987427,-0.7593249082565308,-0.018196556717157364,-0.8287195563316345,0.022889452055096626,-0.5588996410369873,-0.015848737210035324,-0.7695153951644897,0.024573547765612602,-0.6379584670066833,0.03710513561964035,-0.7689030170440674,-0.039319030940532684,-0.6370756030082703,0.03710513561964035,-0.7689030170440674,-0.039319030940532684,-0.6370756030082703,0.01858382113277912,-0.6473172307014465,0.018008975312113762,-0.7617812752723694,0.077141173183918,-0.6467840075492859,-0.03184984251856804,-0.7580931782722473,0.12331513315439224,-0.6395886540412903,0.022585149854421616,-0.758425772190094,0.11225125193595886,-0.824472188949585,0.055824436247348785,-0.5518413782119751,0.12077490985393524,-0.7053991556167603,0.03361743688583374,-0.6976355314254761,0.08048968017101288,-0.702302098274231,0.07409367710351944,-0.7034225463867188,0.08048968017101288,-0.702302098274231,0.07409367710351944,-0.7034225463867188,8.658492547819626e-17,-0.7181262969970703,-8.658492547819626e-17,-0.695912778377533,0.017575325444340706,-0.39062219858169556,0.017031675204634666,-0.9202256798744202,-0.47286951541900635,-0.3222048580646515,0.22149451076984406,-0.7896319627761841,-0.5428234934806824,-0.15309546887874603,-0.013307864777743816,-0.8256677985191345,-0.2487410604953766,0.6333039402961731,0.5218843221664429,-0.5144810080528259,-0.2745134234428406,0.6274048686027527,0.5335159301757812,-0.4963529109954834,-0.2745134234428406,0.6274048686027527,0.5335159301757812,-0.4963529109954834,-0.015037504024803638,-0.44539695978164673,-0.014572354964911938,-0.8950883150100708,0.31514444947242737,-0.40883520245552063,-0.17732614278793335,-0.837909996509552,0.4661821722984314,-0.18450982868671417,0.23312725126743317,-0.8332358598709106,0.4113258421421051,0.6293966174125671,-0.35482069849967957,-0.5556736588478088,0.38929376006126404,0.639532744884491,-0.3436388075351715,-0.5668867230415344,0.38929376006126404,0.639532744884491,-0.3436388075351715,-0.5668867230415344,8.658492547819626e-17,-0.7181262969970703,-8.658492547819626e-17,-0.695912778377533
0.7361675500869751,-0.02381356991827488,0.1287398487329483,1.3601846766116514e-18,0.7181262969970703,1.3601846766116514e-18,0.695912778377533,-0.18865583837032318,0.04673263430595398,-0.07326439023017883,0.4774319529533386,-0.1892409771680832,-0.169396311044693,-0.1992257833480835,-0.15502989292144775,-0.15429125726222992,0.5255668759346008,-0.37254640460014343,0.12176883965730667,0.0,-0.8060848712921143,1.1160486936569214,0.6027178168296814,-2.1947999000549316,-0.05592171475291252,-0.6800000071525574,-0.7456590533256531,-0.9889776110649109,-2.1947999000549316,-0.06754989922046661,0.0,0.0028806922491639853,0.014711356721818447,-0.16296698153018951,-9.43095960183948e-23,1.4132579197432653e-32,-7.347881221390126e-15,0.22075428068637848,-0.027945375069975853,0.09758300334215164,-1.8427025079727173,0.25389254093170166,-0.10099097341299057,0.03241226077079773,-0.0298516433686018,-0.32322224974632263,-1.0543835163116455,0.22497384250164032,0.20360378921031952,0.0,-0.15973983705043793,-0.03865599259734154,0.02120375446975231,0.0,0.36855819821357727,0.0,0.22262512147426605,0.12938976287841797,0.0,-0.28858745098114014,0.0,0.0,0.0,1.3601846766116514e-18,0.7181262969970703,1.3601846766116514e-18,0.695912778377533,1.3601846766116514e-18,0.7181262969970703,1.3601846766116514e-18,0.695912778377533,0.01750624179840088,0.6516205668449402,0.016964729875326157,0.7581532597541809,0.0352151021361351,0.6518390774726868,0.0017355106538161635,0.757537305355072,0.01131852064281702,0.6526914834976196,-0.026009701192378998,0.7570925951004028,0.01714768446981907,0.8132011890411377,-0.022595804184675217,0.5812909603118896,0.014936142601072788,0.7546436190605164,-0.024114832282066345,0.6555215120315552,-0.040572501718997955,0.753978431224823,0.03981214016675949,0.6544351577758789,-0.040572501718997955,0.753978431224823,0.03981214016675949,0.6544351577758789,-0.01848391629755497,0.6477172374725342,-0.017912160605192184,0.7614458799362183,-0.07739276438951492,0.6471593379974365,0.03229912742972374,0.757728099822998,-0.12703858315944672,0.6392699480056763,-0.026194382458925247,0.7579637169837952,-0.11587293446063995,0.8142200708389282,-0.05829589068889618,0.565880537033081,-0.12466475367546082,0.6953352093696594,-0.03582802414894104,0.7068833112716675,-0.08142217248678207,0.6918668150901794,-0.07807056605815887,0.7131589651107788,-0.08142217248678207,0.6918668150901794,-0.07807056605815887,0.7131589651107788,1.3601846766116514e-18,0.7181262969970703,1.3601846766116514e-18,0.695912778377533,-0.017685817554593086,0.38817277550697327,-0.017138749361038208,0.921257495880127,0.47281330823898315,0.3202129304409027,-0.22008071839809418,0.7908702492713928,0.5422603487968445,0.15097709000110626,0.015304980799555779,0.8263930082321167,0.2503749430179596,-0.6349502205848694,-0.5205193161964417,0.5130402445793152,0.2715611755847931,-0.630116879940033,-0.5300498008728027,0.498251348733902,0.2715611755847931,-0.630116879940033,-0.5300498008728027,0.498251348733902,0.015037504024803638,0.44539695978164673,0.014572354964911938,0.8950883150100708,-0.3120332956314087,0.40949034690856934,0.17580798268318176,0.8390735387802124,-0.4633694887161255,0.18764114379882812,-0.2333766371011734,0.8340352773666382,-0.41009199619293213,-0.6288357377052307,0.3522608280181885,0.5588403344154358,-0.3843708038330078,-0.6405881643295288,0.33908456563949585,0.5717757344245911,-0.3843708038330078,-0.6405881643295288,0.33908456563949585,0.5717757344245911,1.3601846766116514e-18,0.7181262969970703,1.3601846766116514e-18,0.695912778377533
0.7363767623901367,-0.02209082990884781,0.12392768263816833,1.3601846766116514e-18,0.7181262969970703,1.3601846766116514e-18,0.695912778377533,-0.180519700050354,0.041634682565927505,-0.07526689767837524,0.4301576614379883,-0.18761838972568512,-0.17341074347496033,-0.19219104945659637,-0.15657293796539307,-0.16447699069976807,0.49219951033592224,-0.35943272709846497,0.1331753432750702,0.0,-0.815252423286438,1.1154199838638306,0.5979592204093933,-2.1947999000549316,-0.04519962519407272,-0.6800000071525574,-0.7434179186820984,-0.9853256344795227,-2.1947999000549316,-0.07942011952400208,0.0,0.0062763686291873455,0.05168219655752182,-0.14436496794223785,0.0,0.0,0.0,0.24408413469791412,-0.15293854475021362,-0.060075219720602036,-1.4182286262512207,0.04867761954665184,-0.12043296545743942,0.21104200184345245,-0.04629134759306908,-0.305571973323822,-1.001020908355713,0.3934102952480316,0.3421950936317444,0.0,-0.2750265598297119,-0.01886129193007946,-0.14275789260864258,0.0,0.32166266441345215,0.0,0.06723403930664062,0.10955929011106491,0.0,-0.35610657930374146,0.0,0.0,0.0,1.3601846766116514e-18,0.7181262969970703,1.3601846766116514e-18,0.695912778377533,1.3601846766116514e-18,0.7181262969970703,1.3601846766116514e-18,0.695912778377533,0.01675335131585598,0.6546127200126648,0.016235126182436943,0.7556043267250061,0.03247825801372528,0.6548088192939758,0.0026052959728986025,0.7550919055938721,0.007818363606929779,0.6555671691894531,-0.025806553661823273,0.7546552419662476,0.013145973905920982,0.8015245199203491,-0.023543329909443855,0.5973536372184753,0.010882830247282982,0.7420452237129211,-0.024671217426657677,0.6698073148727417,-0.047161202877759933,0.7413941025733948,0.03968018293380737,0.6682335138320923,-0.047161202877759933,0.7413941025733948,0.03968018293380737,0.6682335138320923,-0.017833290621638298,0.6503170728683472,-0.017281660810112953,0.759256899356842,-0.07715751230716705,0.6496767997741699,0.033630311489105225,0.7555367350578308,-0.1302649825811386,0.6411429643630981,-0.028547538444399834,0.7557458281517029,-0.1193852573633194,0.8059424757957458,-0.05942295864224434,0.576777994632721,-0.12808437645435333,0.6898629069328308,-0.03712574392557144,0.7115512490272522,-0.0804549902677536,0.6858637928962708,-0.08294589072465897,0.7184969186782837,-0.0804549902677536,0.6858637928962708,-0.08294589072465897,0.7184969186782837,1.3601846766116514e-18,0.7181262969970703,1.3601846766116514e-18,0.695912778377533,-0.017875758931040764,0.3839491307735443,-0.01732281595468521,0.9230186343193054,0.4733355939388275,0.316601037979126,-0.21790087223052979,0.792613685131073,0.5413756966590881,0.14875034987926483,0.01600959524512291,0.8273628950119019,0.2507196068763733,-0.6368781328201294,-0.5194718837738037,0.5115417242050171,0.2678932845592499,-0.6329987049102783,-0.5271643996238708,0.4996434152126312,0.2678932845592499,-0.6329987049102783,-0.5271643996238708,0.4996434152126312,0.015037504024803638,0.44539695978164673,0.014572354964911938,0.8950883150100708,-0.3110928535461426,0.4096871018409729,0.17534901201725006,0.8394227027893066,-0.462277889251709,0.18918779492378235,-0.23250655829906464,0.8345344662666321,-0.4087362289428711,-0.6286370754241943,0.35171955823898315,0.5603957772254944,-0.37844589352607727,-0.6423357725143433,0.3361227214336395,0.5755040645599365,-0.37844589352607727,-0.6423357725143433,0.3361227214336395,0.5755040645599365,1.3601846766116514e-18,0.7181262969970703,1.3601846766116514e-18,0.695912778377533
0.7364317774772644,-0.0220782570540905,0.12261522561311722,1.3601846766116514e-18,0.7181262969970703,1.3601846766116514e-18,0.695912778377533,-0.17627641558647156,0.04151352122426033,-0.07914549857378006,0.4032077491283417,-0.17388857901096344,-0.17473453283309937,-0.19164696335792542,-0.15854805707931519,-0.17112241685390472,0.47456416487693787,-0.34590569138526917,0.1362532526254654,0.0,-0.8265494108200073,1.1166490316390991,0.6001599431037903,-2.1947999000549316,-0.038861241191625595,-0.6800000071525574,-0.7485578656196594,-0.9891431927680969,-2.1947999000549316,-0.08658135682344437,0.0,0.0016504524974152446,0.00037718561361543834,-0.03937370702624321,0.0,0.0,0.0,0.1272985339164734,-0.003634840017184615,-0.11635801941156387,-0.8084973096847534,0.411894291639328,-0.039713677018880844,0.016322582960128784,-0.059253569692373276,-0.19936276972293854,-0.5290603637695312,0.40581104159355164,0.09233727306127548,0.0,-0.3389095962047577,0.03687142953276634,0.06602168083190918,0.0,0.19015151262283325,0.0,-0.15419839322566986,-0.11452674120664597,0.0,-0.21483710408210754,0.0,0.0,0.0,1.3601846766116514e-18,0.7181262969970703,1.3601846766116514e-18,0.695912778377533,1.3601846766116514e-18,0.7181262969970703,1.3601846766116514e-18,0.695912778377533,0.016360580921173096,0.6561689376831055,0.015854503959417343,0.7542700171470642,0.03201213479042053,0.656356692314148,0.0022321257274597883,0.7537679672241211,0.006020012777298689,0.657109260559082,-0.02759050764143467,0.7532661557197571,0.0114228380843997,0.7946354150772095,-0.02582625485956669,0.6064298152923584,0.009137073531746864,0.7389746308326721,-0.026720602065324783,0.6731411814689636,-0.04963349178433418,0.7384876608848572,0.037861403077840805,0.6713709831237793,-0.04963349178433418,0.7384876608848572,0.037861403077840805,0.6713709831237793,-0.01778296008706093,0.6505178213119507,-0.01723288558423519,0.7590872049331665,-0.07784000039100647,0.6498395204544067,0.034336406737565994,0.7552949786186218,-0.13308849930763245,0.6408103704452515,-0.03033433109521866,0.7554662823677063,-0.12222897261381149,0.8004363775253296,-0.06076838821172714,0.5836684703826904,-0.13086317479610443,0.6880499720573425,-0.038827165961265564,0.7127092480659485,-0.08204267919063568,0.6838107705116272,-0.08557537198066711,0.719964325428009,-0.08204267919063568,0.6838107705116272,-0.08557537198066711,0.719964325428009,1.3601846766116514e-18,0.7181262969970703,1.3601846766116514e-18,0.695912778377533,-0.018109304830431938,0.3787333071231842,-0.01754913665354252,0.9251622557640076,0.47476011514663696,0.31192341446876526,-0.21552418172359467,0.7942644357681274,0.5415648818016052,0.14317907392978668,0.01961180754005909,0.8281440734863281,0.2543150782585144,-0.640110194683075,-0.5180547833442688,0.5071508884429932,0.26912903785705566,-0.6367250084877014,-0.5245839953422546,0.49695318937301636,0.26912903785705566,-0.6367250084877014,-0.5245839953422546,0.49695318937301636,0.015037504024803638,0.44539695978164673,0.014572354964911938,0.8950883150100708,-0.3132491111755371,0.4092350900173187,0.1764013171195984,0.8386204242706299,-0.4643177390098572,0.1868114024400711,-0.23267000913619995,0.8338916301727295,-0.4099426567554474,-0.6290351152420044,0.35341525077819824,0.5579959750175476,-0.3768908381462097,-0.6439478397369385,0.3364922106266022,0.5745062828063965,-0.3768908381462097,-0.6439478397369385,0.3364922106266022,0.5745062828063965,1.3601846766116514e-18,0.7181262969970703,1.3601846766116514e-18,0.695912778377533
0.7365604639053345,-0.02155556157231331,0.11988760530948639,1.3601846766116514e-18,0.7181262969970703,1.3601846766116514e-18,0.695912778377533,-0.17045682668685913,0.040160153061151505,-0.07881829887628555,0.37700337171554565,-0.16626347601413727,-0.17720133066177368,-0.19019265472888947,-0.16018423438072205,-0.1721848100423813,0.463694304227829,-0.34178414940834045,0.1394946575164795,0.0,-0.8346177935600281,1.1190578937530518,0.5971925258636475,-2.1947999000549316,-0.03186345472931862,-0.6800000071525574,-0.756578803062439,-0.9872899055480957,-2.1947999000549316,-0.09393525868654251,0.0,0.003860592609271407,0.015680864453315735,-0.08182860165834427,0.0,0.0,0.0,0.1745876520872116,-0.04060104116797447,0.00981598999351263,-0.7861312627792358,0.22875307500362396,-0.0740039274096489,0.04362925514578819,-0.04908531531691551,-0.031871795654296875,-0.3260957896709442,0.12364625185728073,0.09724213927984238,0.0,-0.24205146729946136,0.0722658559679985,-0.08902250975370407,0.0,0.2099335789680481,0.0,-0.24062810838222504,0.05559861287474632,0.0,-0.22061704099178314,0.0,0.0,0.0,1.3601846766116514e-18,0.7181262969970703,1.3601846766116514e-18,0.695912778377533,1.3601846766116514e-18,0.7181262969970703,1.3601846766116514e-18,0.695912778377533,0.015821782872080803,0.6582984924316406,0.015332373790442944,0.752434492111206,0.030926520004868507,0.6584736108779907,0.0021114875562489033,0.7519651651382446,0.004959339741617441,0.6591808199882507,-0.027516787871718407,0.7514644861221313,0.010027787648141384,0.7883191108703613,-0.02610004134476185,0.6146309971809387,0.007825913839042187,0.7345601320266724,-0.026842573657631874,0.6779672503471375,-0.05219457298517227,0.7340540289878845,0.038260117173194885,0.6760004162788391,-0.05219457298517227,0.7340540289878845,0.038260117173194885,0.6760004162788391,-0.017648423090577126,0.6510541439056396,-0.01710251159965992,0.7586333155632019,-0.07828745990991592,0.650335431098938,0.03504088893532753,0.754789412021637,-0.13391730189323425,0.6411951780319214,-0.02999028190970421,0.7550069689750671,-0.1234431266784668,0.7975212931632996,-0.05995878577232361,0.5874746441841125,-0.13184167444705963,0.6859973669052124,-0.0380924716591835,0.7145448327064514,-0.08172392100095749,0.6816747784614563,-0.08580755442380905,0.7219957113265991,-0.08172392100095749,0.6816747784614563,-0.08580755442380905,0.7219957113265991,1.3601846766116514e-18,0.7181262969970703,1.3601846766116514e-18,0.695912778377533,-0.018275750800967216,0.3750007152557373,-0.017710434272885323,0.9266751408576965,0.47637835144996643,0.30841460824012756,-0.21405521035194397,0.7950625419616699,0.5418940186500549,0.14021462202072144,0.020044350996613503,0.8284255862236023,0.2550143897533417,-0.6416944265365601,-0.5181728601455688,0.5046709775924683,0.2671842575073242,-0.6389284133911133,-0.5234962701797485,0.4963212013244629,0.2671842575073242,-0.6389284133911133,-0.5234962701797485,0.4963212013244629,0.015037504024803638,0.44539695978164673,0.014572354964911938,0.8950883150100708,-0.31660985946655273,0.40852436423301697,0.17804111540317535,0.8373574018478394,-0.4667058289051056,0.1851116418838501,-0.22978441417217255,0.8337376713752747,-0.40856286883354187,-0.6295468211174011,0.3568393588066101,0.5562489032745361,-0.37265610694885254,-0.6455676555633545,0.33852675557136536,0.5742555856704712,-0.37265610694885254,-0.6455676555633545,0.33852675557136536,0.5742555856704712,1.3601846766116514e-18,0.7181262969970703,1.3601846766116514e-18,0.695912778377533
0.7366548180580139,-0.020468881353735924,0.1166764572262764,1.3601846766116514e-18,0.7181262969970703,1.3601846766116514e-18,0.695912778377533,-0.16695788502693176,0.03727567940950394,-0.07395718991756439,0.35951468348503113,-0.16778212785720825,-0.17538806796073914,-0.19016271829605103,-0.16110198199748993,-0.17294816672801971,0.45860937237739563,-0.3399271070957184,0.14228838682174683,0.0,-0.8411495089530945,1.1159729957580566,0.59588223695755,-2.1947999000549316,-0.02922980859875679,-0.6800000071525574,-0.7566206455230713,-0.990041971206665,-2.1947999000549316,-0.0968724861741066,0.0,0.002830624347552657,0.03260040655732155,-0.09633443504571915,0.0,0.0,0.0,0.10496824234724045,-0.08653420209884644,0.14583325386047363,-0.5246606469154358,-0.04555955156683922,0.05439787730574608,0.0008980929269455373,-0.02753242664039135,-0.022900698706507683,-0.1525479406118393,0.05571126565337181,0.08381187170743942,0.0,-0.195951446890831,-0.09254693239927292,-0.039308663457632065,0.0,0.07900937646627426,0.0,-0.0012552737025544047,-0.08256196230649948,0.0,-0.08811681717634201,0.0,0.0,0.0,1.3601846766116514e-18,0.7181262969970703,1.3601846766116514e-18,0.695912778377533,1.3601846766116514e-18,0.7181262969970703,1.3601846766116514e-18,0.695912778377533,0.015497773885726929,0.6595761179924011,0.015018387697637081,0.7513278722763062,0.029497399926185608,0.6597414612770081,0.002723416779190302,0.7509085536003113,0.005086482036858797,0.6603809595108032,-0.025039661675691605,0.7504959106445312,0.009481385350227356,0.7839221358299255,-0.02372678369283676,0.620333194732666,0.007459910586476326,0.7291858196258545,-0.024437811225652695,0.6838385462760925,-0.05246048420667648,0.7285241484642029,0.03951941430568695,0.6818641424179077,-0.05246048420667648,0.7285241484642029,0.03951941430568695,0.6818641424179077,-0.01764565333724022,0.6510652303695679,-0.017099827527999878,0.7586239576339722,-0.07863029092550278,0.6503300666809082,0.03534287214279175,0.754744291305542,-0.13450311124324799,0.641109049320221,-0.029973700642585754,0.7549765706062317,-0.12416941672563553,0.7959343791007996,-0.05976175144314766,0.5894904732704163,-0.13248874247074127,0.6847555041313171,-0.03789782524108887,0.7156258821487427,-0.08128389716148376,0.6803293228149414,-0.08647724986076355,0.7232334613800049,-0.08128389716148376,0.6803293228149414,-0.08647724986076355,0.7232334613800049,1.3601846766116514e-18,0.7181262969970703,1.3601846766116514e-18,0.695912778377533,-0.018410278484225273,0.37197455763816833,-0.017840800806879997,0.927888810634613,0.4756799638271332,0.3061082363128662,-0.21208754181861877,0.7968972325325012,0.5404943227767944,0.13856901228427887,0.021956341341137886,0.8295676112174988,0.2561638057231903,-0.6435419321060181,-0.5161256790161133,0.5038334131240845,0.26735204458236694,-0.6409884691238403,-0.520995557308197,0.4962058663368225,0.26735204458236694,-0.6409884691238403,-0.520995557308197,0.4962058663368225,0.015037504024803638,0.44539695978164673,0.014572354964911938,0.8950883150100708,-0.3166273832321167,0.4085206389427185,0.17804966866970062,0.8373507857322693,-0.4669928550720215,0.18438710272312164,-0.23087768256664276,0.8334354162216187,-0.4097045958042145,-0.6295899748802185,0.3565772473812103,0.555527925491333,-0.3726663291454315,-0.64614337682724,0.3377179801464081,0.5740776062011719,-0.3726663291454315,-0.64614337682724,0.3377179801464081,0.5740776062011719,1.3601846766116514e-18,0.7181262969970703,1.3601846766116514e-18,0.695912778377533
0.7367210984230042,-0.019029125571250916,0.11309590190649033,1.3601846766116514e-18,0.7181262969970703,1.3601846766116514e-18,0.695912778377533,-0.16511908173561096,0.03275550901889801,-0.07602373510599136,0.34843719005584717,-0.16764983534812927,-0.17469459772109985,-0.1919916272163391,-0.1616114228963852,-0.1714053750038147,0.4572226405143738,-0.3414967358112335,0.1427917182445526,0.0,-0.8404533863067627,1.1136164665222168,0.5903209447860718,-2.1947999000549316,-0.03002670593559742,-0.6800000071525574,-0.7609493136405945,-0.9904441237449646,-2.1947999000549316,-0.0987268015742302,0.0,0.0019884109497070312,0.04319266974925995,-0.10741665214300156,0.0,0.0,0.0,0.055164095014333725,-0.1356051117181778,-0.061996351927518845,-0.3323247730731964,0.003968775272369385,0.020804105326533318,-0.05486726388335228,-0.015283226035535336,0.046283748000860214,-0.04160195216536522,-0.0470888577401638,0.01509994175285101,0.0,0.020883677527308464,-0.07069587707519531,-0.16683875024318695,0.0,-0.023906918242573738,0.0,-0.1298600435256958,-0.012064575217664242,0.0,-0.05562945827841759,0.0,0.0,0.0,1.3601846766116514e-18,0.7181262969970703,1.3601846766116514e-18,0.695912778377533,1.3601846766116514e-18,0.7181262969970703,1.3601846766116514e-18,0.695912778377533,0.015327478758990765,0.6602467894554138,0.014853359200060368,0.7507453560829163,0.02762039750814438,0.660401463508606,0.004038491286337376,0.7503936886787415,0.002503395779058337,0.6609740853309631,-0.02448142319917679,0.7500051259994507,0.006709075998514891,0.7809733152389526,-0.02367689460515976,0.6240794062614441,0.004703128710389137,0.7259789705276489,-0.02415548823773861,0.6872764825820923,-0.0552702397108078,0.7253184914588928,0.03926829621195793,0.6850666403770447,-0.0552702397108078,0.7253184914588928,0.03926829621195793,0.6850666403770447,-0.017814842984080315,0.6503906846046448,-0.017263783141970634,0.7591946721076965,-0.07903724163770676,0.6496619582176208,0.03529065474867821,0.7552794814109802,-0.1343567967414856,0.6405121088027954,-0.02948913909494877,0.7555282115936279,-0.12417812645435333,0.7950690388679504,-0.05917052552103996,0.5907147526741028,-0.13242655992507935,0.6831328868865967,-0.037209730595350266,0.7172225117683411,-0.08092596381902695,0.6787381172180176,-0.08584636449813843,0.7248420119285583,-0.08092596381902695,0.6787381172180176,-0.08584636449813843,0.7248420119285583,1.3601846766116514e-18,0.7181262969970703,1.3601846766116514e-18,0.695912778377533,-0.01839595101773739,0.3722972571849823,-0.01782691478729248,0.9277599453926086,0.4746847152709961,0.3066391944885254,-0.2118854820728302,0.7973401546478271,0.5393095016479492,0.14100214838981628,0.020088572055101395,0.829975962638855,0.2538275718688965,-0.6428570747375488,-0.5159417390823364,0.5060735940933228,0.26531732082366943,-0.6402636170387268,-0.5209800004959106,0.4982459545135498,0.26531732082366943,-0.6402636170387268,-0.5209800004959106,0.4982459545135498,0.015037504024803638,0.44539695978164673,0.014572354964911938,0.8950883150100708,-0.31843894720077515,0.4081343114376068,0.17893342673778534,0.836663544178009,-0.46841707825660706,0.1831042617559433,-0.2298814356327057,0.8331943154335022,-0.4095400869846344,-0.6298835277557373,0.3582799732685089,0.5542194247245789,-0.37177878618240356,-0.6467087864875793,0.33911529183387756,0.5731920003890991,-0.37177878618240356,-0.6467087864875793,0.33911529183387756,0.5731920003890991,1.3601846766116514e-18,0.7181262969970703,1.3601846766116514e-18,0.695912778377533
