base_x,base_y,base_z,base_qx,base_qy,base_qz,base_qw,J00_HIP_PITCH_L,J01_HIP_ROLL_L,J02_HIP_YAW_L,J03_KNEE_PITCH_L,J04_ANKLE_PITCH_L,J05_ANKLE_ROLL_L,J06_HIP_PITCH_R,J07_HIP_ROLL_R,J08_HIP_YAW_R,J09_KNEE_PITCH_R,J10_ANKLE_PITCH_R,J11_ANKLE_ROLL_R,J12_WAIST_YAW,J13_SHOULDER_PITCH_L,J14_SHOULDER_ROLL_L,J15_SHOULDER_YAW_L,J16_ELBOW_PITCH_L,J17_ELBOW_YAW_L,J18_SHOULDER_PITCH_R,J19_SHOULDER_ROLL_R,J20_SHOULDER_YAW_R,J21_ELBOW_PITCH_R,J22_ELBOW_YAW_R,J23_HEAD_YAW,base_vx,base_vy,base_vz,base_wx,base_wy,base_wz,dJ00_HIP_PITCH_L,dJ01_HIP_ROLL_L,dJ02_HIP_YAW_L,dJ03_KNEE_PITCH_L,dJ04_ANKLE_PITCH_L,dJ05_ANKLE_ROLL_L,dJ06_HIP_PITCH_R,dJ07_HIP_ROLL_R,dJ08_HIP_YAW_R,dJ09_KNEE_PITCH_R,dJ10_ANKLE_PITCH_R,dJ11_ANKLE_ROLL_R,dJ12_WAIST_YAW,dJ13_SHOULDER_PITCH_L,dJ14_SHOULDER_ROLL_L,dJ15_SHOULDER_YAW_L,dJ16_ELBOW_PITCH_L,dJ17_ELBOW_YAW_L,dJ18_SHOULDER_PITCH_R,dJ19_SHOULDER_ROLL_R,dJ20_SHOULDER_YAW_R,dJ21_ELBOW_PITCH_R,dJ22_ELBOW_YAW_R,dJ23_HEAD_YAW,left_foot_contact,right_foot_contact,base_quat_x,base_quat_y,base_quat_z,base_quat_w,LINK_BASE_qx,LINK_BASE_qy,LINK_BASE_qz,LINK_BASE_qw,LINK_HIP_PITCH_L_qx,LINK_HIP_PITCH_L_qy,LINK_HIP_PITCH_L_qz,LINK_HIP_PITCH_L_qw,LINK_HIP_ROLL_L_qx,LINK_HIP_ROLL_L_qy,LINK_HIP_ROLL_L_qz,LINK_HIP_ROLL_L_qw,LINK_HIP_YAW_L_qx,LINK_HIP_YAW_L_qy,LINK_HIP_YAW_L_qz,LINK_HIP_YAW_L_qw,LINK_KNEE_PITCH_L_qx,LINK_KNEE_PITCH_L_qy,LINK_KNEE_PITCH_L_qz,LINK_KNEE_PITCH_L_qw,LINK_ANKLE_PITCH_L_qx,LINK_ANKLE_PITCH_L_qy,LINK_ANKLE_PITCH_L_qz,LINK_ANKLE_PITCH_L_qw,LINK_ANKLE_ROLL_L_qx,LINK_ANKLE_ROLL_L_qy,LINK_ANKLE_ROLL_L_qz,LINK_ANKLE_ROLL_L_qw,LINK_FOOT_L_qx,LINK_FOOT_L_qy,LINK_FOOT_L_qz,LINK_FOOT_L_qw,LINK_HIP_PITCH_R_qx,LINK_HIP_PITCH_R_qy,LINK_HIP_PITCH_R_qz,LINK_HIP_PITCH_R_qw,LINK_HIP_ROLL_R_qx,LINK_HIP_ROLL_R_qy,LINK_HIP_ROLL_R_qz,LINK_HIP_ROLL_R_qw,LINK_HIP_YAW_R_qx,LINK_HIP_YAW_R_qy,LINK_HIP_YAW_R_qz,LINK_HIP_YAW_R_qw,LINK_KNEE_PITCH_R_qx,LINK_KNEE_PITCH_R_qy,LINK_KNEE_PITCH_R_qz,LINK_KNEE_PITCH_R_qw,LINK_ANKLE_PITCH_R_qx,LINK_ANKLE_PITCH_R_qy,LINK_ANKLE_PITCH_R_qz,LINK_ANKLE_PITCH_R_qw,LINK_ANKLE_ROLL_R_qx,LINK_ANKLE_ROLL_R_qy,LINK_ANKLE_ROLL_R_qz,LINK_ANKLE_ROLL_R_qw,LINK_FOOT_R_qx,LINK_FOOT_R_qy,LINK_FOOT_R_qz,LINK_FOOT_R_qw,LINK_TORSO_YAW_qx,LINK_TORSO_YAW_qy,LINK_TORSO_YAW_qz,LINK_TORSO_YAW_qw,LINK_SHOULDER_PITCH_L_qx,LINK_SHOULDER_PITCH_L_qy,LINK_SHOULDER_PITCH_L_qz,LINK_SHOULDER_PITCH_L_qw,LINK_SHOULDER_ROLL_L_qx,LINK_SHOULDER_ROLL_L_qy,LINK_SHOULDER_ROLL_L_qz,LINK_SHOULDER_ROLL_L_qw,LINK_SHOULDER_YAW_L_qx,LINK_SHOULDER_YAW_L_qy,LINK_SHOULDER_YAW_L_qz,LINK_SHOULDER_YAW_L_qw,LINK_ELBOW_PITCH_L_qx,LINK_ELBOW_PITCH_L_qy,LINK_ELBOW_PITCH_L_qz,LINK_ELBOW_PITCH_L_qw,LINK_ELBOW_YAW_L_qx,LINK_ELBOW_YAW_L_qy,LINK_ELBOW_YAW_L_qz,LINK_ELBOW_YAW_L_qw,LINK_ELBOW_END_L_qx,LINK_ELBOW_END_L_qy,LINK_ELBOW_END_L_qz,LINK_ELBOW_END_L_qw,LINK_SHOULDER_PITCH_R_qx,LINK_SHOULDER_PITCH_R_qy,LINK_SHOULDER_PITCH_R_qz,LINK_SHOULDER_PITCH_R_qw,LINK_SHOULDER_ROLL_R_qx,LINK_SHOULDER_ROLL_R_qy,LINK_SHOULDER_ROLL_R_qz,LINK_SHOULDER_ROLL_R_qw,LINK_SHOULDER_YAW_R_qx,LINK_SHOULDER_YAW_R_qy,LINK_SHOULDER_YAW_R_qz,LINK_SHOULDER_YAW_R_qw,LINK_ELBOW_PITCH_R_qx,LINK_ELBOW_PITCH_R_qy,LINK_ELBOW_PITCH_R_qz,LINK_ELBOW_PITCH_R_qw,LINK_ELBOW_YAW_R_qx,LINK_ELBOW_YAW_R_qy,LINK_ELBOW_YAW_R_qz,LINK_ELBOW_YAW_R_qw,LINK_ELBOW_END_R_qx,LINK_ELBOW_END_R_qy,LINK_ELBOW_END_R_qz,LINK_ELBOW_END_R_qw,LINK_HEAD_YAW_qx,LINK_HEAD_YAW_qy,LINK_HEAD_YAW_qz,LINK_HEAD_YAW_qw
0.00025204793200828135,0.00016484051593579352,0.8246051669120789,-0.010178467258810997,0.08580972999334335,0.0035949270240962505,0.9962530732154846,-0.21194468438625336,0.10384727269411087,0.21787463128566742,0.11884186416864395,-0.15313564240932465,-0.14141042530536652,-0.2133142352104187,-0.0557723194360733,-0.17740829288959503,0.11085950583219528,-0.20929841697216034,0.034245774149894714,-0.0,0.05151931941509247,0.368869423866272,-0.4671218991279602,-0.6583388447761536,-0.05217356979846954,0.008243069984018803,-0.2955608069896698,0.48490941524505615,-0.5844786167144775,-0.0015636051539331675,-0.0,-0.015384156256914139,-0.010070542804896832,-0.0012266634730622172,0.03594542294740677,-0.09414790570735931,0.08894047141075134,0.10270356386899948,-0.0355781614780426,-0.07177679985761642,-0.07369189709424973,0.13098478317260742,-0.05835100635886192,0.1407364010810852,-0.021911969408392906,-0.24389727413654327,-0.058549489825963974,0.050805505365133286,0.048121172934770584,0.0,0.18039195239543915,0.23819176852703094,-0.044990476220846176,-0.3403061330318451,-0.1388382911682129,0.13175487518310547,-0.08852630108594894,0.21078048646450043,-0.06641685962677002,0.13157868385314941,0.0,0.0,0.0,-0.010178467258810997,0.08580972999334335,0.0035949270240962505,0.9962530732154846,-0.010178467258810997,0.08580972999334335,0.0035949270240962505,0.9962530732154846,-0.007404917851090431,-0.016180116683244705,0.031888458877801895,0.9993330240249634,0.04447075352072716,-0.014503289945423603,0.032685235142707825,0.9983705282211304,0.04263031482696533,-0.019252264872193336,0.14103630185127258,0.988898754119873,0.03417949751019478,0.03950842469930649,0.1433190256357193,0.9882967472076416,0.045042261481285095,-0.036205142736434937,0.14028462767601013,0.9884232878684998,-0.024898743256926537,-0.04602527245879173,0.1373763531446457,0.9891357421875,-0.024898743256926537,-0.04602527245879173,0.1373763531446457,0.9891357421875,-0.012115249410271645,-0.01740068756043911,-0.02282821200788021,0.9995145201683044,-0.03997954726219177,-0.016757413744926453,-0.023304512724280357,0.9987881183624268,-0.03833786025643349,-0.020233232527971268,-0.11169339716434479,0.992796778678894,-0.032091010361909866,0.03480014577507973,-0.11364582180976868,0.9923929572105408,-0.04378670081496239,-0.06905391812324524,-0.10967192053794861,0.9905989766120911,-0.026819195598363876,-0.07092160731554031,-0.10847350209951401,0.9912034869194031,-0.026819195598363876,-0.07092160731554031,-0.10847350209951401,0.9912034869194031,-0.010178467258810997,0.08580972999334335,0.0035949270240962505,0.9962530732154846,-0.01012872252613306,0.11140739172697067,0.0049433172680437565,0.9937109351158142,0.17228056490421295,0.11042448878288269,-0.01557161845266819,0.978715181350708,0.14232265949249268,0.16144663095474243,-0.2387145459651947,0.9469395875930786,0.0535564087331295,-0.14962124824523926,-0.2908962368965149,0.9434641599655151,0.06309773027896881,-0.1483146697282791,-0.31385892629623413,0.9356890320777893,0.06309773027896881,-0.1483146697282791,-0.31385892629623413,0.9356890320777893,-0.010215374641120434,0.08990434557199478,0.003295204369351268,0.9958925843238831,-0.15674233436584473,0.0884392186999321,0.016497081145644188,0.983533501625061,-0.1312154233455658,0.1382368952035904,0.24931856989860535,0.9494805335998535,-0.052210576832294464,-0.13844822347164154,0.29376012086868286,0.9443575143814087,-0.05193226411938667,-0.13848434388637543,0.29306620359420776,0.9445831775665283,-0.05193226411938667,-0.13848434388637543,0.29306620359420776,0.9445831775665283,-0.010178467258810997,0.08580972999334335,0.0035949270240962505,0.9962530732154846
-0.0002607573114801198,-0.00017084425780922174,0.8245642781257629,-0.00971443671733141,0.08422902226448059,0.00510714016854763,0.9963859915733337,-0.20852123200893402,0.10266133397817612,0.21548207104206085,0.11638546735048294,-0.14876948297023773,-0.14335545897483826,-0.2086230218410492,-0.05650271847844124,-0.18553820252418518,0.10890785604715347,-0.20760490000247955,0.035849813371896744,-0.0,0.05753238499164581,0.37680914998054504,-0.4686215817928314,-0.6696823835372925,-0.05680151283740997,0.012634899467229843,-0.29851168394088745,0.4919354319572449,-0.5866925120353699,0.002822351409122348,-0.0,-0.015384156256914139,-0.010070542804896832,-0.0012266634730622172,0.03594542294740677,-0.09414790570735931,0.08894047141075134,0.10270356386899948,-0.0355781614780426,-0.07177679985761642,-0.07369189709424973,0.13098478317260742,-0.05835100635886192,0.1407364010810852,-0.021911969408392906,-0.24389727413654327,-0.058549489825963974,0.050805505365133286,0.048121172934770584,0.0,0.18039195239543915,0.23819176852703094,-0.044990476220846176,-0.3403061330318451,-0.1388382911682129,0.13175487518310547,-0.08852630108594894,0.21078048646450043,-0.06641685962677002,0.13157868385314941,0.0,0.0,0.0,-0.00971443671733141,0.08422902226448059,0.00510714016854763,0.9963859915733337,-0.00971443671733141,0.08422902226448059,0.00510714016854763,0.9963859915733337,-0.006879513617604971,-0.016129061579704285,0.03289437294006348,0.999305009841919,0.04440201818943024,-0.014420069754123688,0.03367859870195389,0.9983417391777039,0.042593926191329956,-0.01911112479865551,0.14083771407604218,0.9889313578605652,0.03433071821928024,0.038437370210886,0.1430765688419342,0.9883688688278198,0.04486868903040886,-0.035120703279972076,0.14012959599494934,0.9884923100471497,-0.026038752868771553,-0.045066095888614655,0.13725456595420837,0.9891674518585205,-0.026038752868771553,-0.045066095888614655,0.13725456595420837,0.9891674518585205,-0.01141786202788353,-0.016701683402061462,-0.02079506404697895,0.9995790123939514,-0.03964901715517044,-0.016107609495520592,-0.02125854790210724,0.9988576173782349,-0.037986379116773605,-0.01971127651631832,-0.11369740962982178,0.9925932884216309,-0.03174186497926712,0.03434183448553085,-0.11559636890888214,0.9921948313713074,-0.04354865849018097,-0.06865040957927704,-0.11168518662452698,0.9904125928878784,-0.02578955888748169,-0.07064121961593628,-0.11043675243854523,0.9910340309143066,-0.02578955888748169,-0.07064121961593628,-0.11043675243854523,0.9910340309143066,-0.00971443671733141,0.08422902226448059,0.00510714016854763,0.9963859915733337,-0.00970490276813507,0.11281344294548035,0.006625645328313112,0.993546724319458,0.17655012011528015,0.11205805838108063,-0.014620649628341198,0.9777828454971313,0.1459735482931137,0.16416235268115997,-0.23821315169334412,0.9460427761077881,0.05550495907664299,-0.15200184285640717,-0.29223597049713135,0.9425565004348755,0.06595257669687271,-0.15052935481071472,-0.31718185544013977,0.9340165257453918,0.06595257669687271,-0.15052935481071472,-0.31718185544013977,0.9340165257453918,-0.00977985467761755,0.09050564467906952,0.004650547634810209,0.9958370923995972,-0.15775437653064728,0.0888078510761261,0.018057240173220634,0.9833110570907593,-0.1317007839679718,0.13950562477111816,0.25406068563461304,0.9479695558547974,-0.05097038298845291,-0.13783302903175354,0.2985360324382782,0.9430165886878967,-0.051471829414367676,-0.1377708911895752,0.29978659749031067,0.9426016211509705,-0.051471829414367676,-0.1377708911895752,0.29978659749031067,0.9426016211509705,-0.00971443671733141,0.08422902226448059,0.00510714016854763,0.9963859915733337
-0.00021096797718200833,-0.0007241765270009637,0.8244189620018005,-0.009157958440482616,0.08385816961526871,0.006922292988747358,0.9964115619659424,-0.20796136558055878,0.10151564329862595,0.21173295378684998,0.11528811603784561,-0.14803512394428253,-0.14436207711696625,-0.2073928266763687,-0.05762678384780884,-0.19231753051280975,0.10993984341621399,-0.21041423082351685,0.036560773849487305,-0.0,0.05682774633169174,0.38141652941703796,-0.4740363359451294,-0.6728227734565735,-0.05782758817076683,0.013660071417689323,-0.30002161860466003,0.4995768666267395,-0.5840081572532654,0.007153156213462353,-0.0,0.0014936799416318536,-0.01659996807575226,-0.00435948371887207,0.04256991297006607,-0.02107146941125393,0.10591166466474533,0.016795992851257324,-0.03437072038650513,-0.1124735102057457,-0.03292053937911987,0.022030768916010857,-0.030198542401194572,0.03690585121512413,-0.033721961081027985,-0.203379824757576,0.03095961920917034,-0.08427991718053818,0.021328812465071678,0.0,-0.021139157935976982,0.1382213830947876,-0.16244260966777802,-0.09421169012784958,-0.03078225813806057,0.03075515665113926,-0.04529803618788719,0.22924302518367767,0.08053063601255417,0.12992413341999054,0.0,0.0,0.0,-0.009157958440482616,0.08385816961526871,0.006922292988747358,0.9964115619659424,-0.009157958440482616,0.08385816961526871,0.006922292988747358,0.9964115619659424,-0.006161747965961695,-0.01624571532011032,0.0345703549683094,0.9992512464523315,0.04454422742128372,-0.01447083055973053,0.03535007685422897,0.9982768893241882,0.042765725404024124,-0.019096750766038895,0.14063891768455505,0.9889525175094604,0.03459218516945839,0.037910640239715576,0.14286914467811584,0.9884101152420044,0.04506264254450798,-0.035286083817481995,0.13991987705230713,0.9885072708129883,-0.026344239711761475,-0.045284997671842575,0.13701075315475464,0.9891831278800964,-0.026344239711761475,-0.045284997671842575,0.13701075315475464,0.9891831278800964,-0.010663253255188465,-0.016462484374642372,-0.018893633037805557,0.9996290802955627,-0.039457548409700394,-0.015911336988210678,-0.019360065460205078,0.9989069700241089,-0.03774760663509369,-0.019626175984740257,-0.11517632752656937,0.9924335479736328,-0.03136254474520683,0.034929994493722916,-0.11707630008459091,0.9920127987861633,-0.043483685702085495,-0.06943751871585846,-0.11313548684120178,0.9901959300041199,-0.02537626400589943,-0.0714939683675766,-0.11184731125831604,0.990825355052948,-0.02537626400589943,-0.0714939683675766,-0.11184731125831604,0.990825355052948,-0.009157958440482616,0.08385816961526871,0.006922292988747358,0.9964115619659424,-0.00920094270259142,0.11209289729595184,0.008437322452664375,0.9936193227767944,0.17931075394153595,0.11166001111268997,-0.012963343411684036,0.9773492813110352,0.1483222246170044,0.16497063636779785,-0.2389904260635376,0.9453405737876892,0.0570027194917202,-0.1524282842874527,-0.29390838742256165,0.9418780207633972,0.06764876842498779,-0.1508972942829132,-0.31927743554115295,0.933121383190155,0.06764876842498779,-0.1508972942829132,-0.31927743554115295,0.933121383190155,-0.009240894578397274,0.09064432978630066,0.006432385183870792,0.9958196878433228,-0.1579611897468567,0.08866503089666367,0.01990683376789093,0.9832550287246704,-0.13149316608905792,0.14014598727226257,0.25941717624664307,0.9464520215988159,-0.0496046356856823,-0.13553161919116974,0.3034316599369049,0.9418597221374512,-0.05086752027273178,-0.13538238406181335,0.306598037481308,0.9407878518104553,-0.05086752027273178,-0.13538238406181335,0.306598037481308,0.9407878518104553,-0.009157958440482616,0.08385816961526871,0.006922292988747358,0.9964115619659424
0.0005922332056798041,-0.00081876281183213,0.8242970108985901,-0.008989029563963413,0.08403472602367401,0.008505905978381634,0.9963859915733337,-0.2081586867570877,0.10079410672187805,0.20816859602928162,0.11557964235544205,-0.15010260045528412,-0.14386117458343506,-0.20644420385360718,-0.05862948298454285,-0.1974778175354004,0.1112155020236969,-0.21446694433689117,0.03652787581086159,-0.0,0.05643627047538757,0.3849790394306183,-0.4802030920982361,-0.6769980192184448,-0.0561540462076664,0.014789625070989132,-0.3023504614830017,0.5073095560073853,-0.5790614485740662,0.009256478399038315,-0.0,0.024096034467220306,-0.0028375883121043444,-0.003658532863482833,0.017979921773076057,0.011624354869127274,0.09373950213193893,-0.005919634830206633,-0.02164609543979168,-0.10693072527647018,0.008745789527893066,-0.06202429160475731,0.015027075074613094,0.02845868282020092,-0.030080972239375114,-0.15480859577655792,0.038269754499197006,-0.12158139795064926,-0.000986941158771515,0.0,-0.011744274757802486,0.10687529295682907,-0.1850026696920395,-0.12525737285614014,0.0502062551677227,0.033886607736349106,-0.06986528635025024,0.23198066651821136,0.14840124547481537,0.06309965997934341,0.0,0.0,0.0,-0.008989029563963413,0.08403472602367401,0.008505905978381634,0.9963859915733337,-0.008989029563963413,0.08403472602367401,0.008505905978381634,0.9963859915733337,-0.0058271875604987144,-0.016167160123586655,0.03615386039018631,0.9991984367370605,0.04451555386185646,-0.014325357042253017,0.0369223915040493,0.9982233643531799,0.042786289006471634,-0.018872838467359543,0.14043445885181427,0.988985002040863,0.03460369631648064,0.038280125707387924,0.14267125725746155,0.9884240627288818,0.04520390182733536,-0.03594052419066429,0.13967500627040863,0.9885119199752808,-0.025955934077501297,-0.045885827392339706,0.1367308348417282,0.989204466342926,-0.025955934077501297,-0.045885827392339706,0.1367308348417282,0.989204466342926,-0.010335681959986687,-0.015820525586605072,-0.017216749489307404,0.9996731877326965,-0.03963220492005348,-0.015309096314013004,-0.017673060297966003,0.9989407062530518,-0.037930019199848175,-0.019141415134072304,-0.11606110632419586,0.9923329949378967,-0.03142081946134567,0.03604114055633545,-0.11798982322216034,0.991862952709198,-0.04386856034398079,-0.07032306492328644,-0.11394917964935303,0.990023136138916,-0.025780528783798218,-0.07239238172769547,-0.11264587193727493,0.9906591773033142,-0.025780528783798218,-0.07239238172769547,-0.11264587193727493,0.9906591773033142,-0.008989029563963413,0.08403472602367401,0.008505905978381634,0.9963859915733337,-0.009076089598238468,0.11207414418458939,0.010014601051807404,0.9936079382896423,0.1811717450618744,0.1119200736284256,-0.011610480956733227,0.9769933223724365,0.1495858132839203,0.1662983000278473,-0.24044330418109894,0.9445400834083557,0.05708828568458557,-0.1528359204530716,-0.295922189950943,0.9411759376525879,0.06743738055229187,-0.151361882686615,-0.32053810358047485,0.9326291680335999,0.06743738055229187,-0.151361882686615,-0.32053810358047485,0.9326291680335999,-0.009090577252209187,0.09138173609972,0.007976689375936985,0.9957424998283386,-0.15894578397274017,0.0891382172703743,0.021647807210683823,0.9830167889595032,-0.1318763792514801,0.14158298075199127,0.2646454870700836,0.9447357654571533,-0.04917653277516365,-0.13134291768074036,0.3082531690597534,0.9409095048904419,-0.050792183727025986,-0.13115650415420532,0.31234976649284363,0.9394975900650024,-0.050792183727025986,-0.13115650415420532,0.31234976649284363,0.9394975900650024,-0.008989029563963413,0.08403472602367401,0.008505905978381634,0.9963859915733337
0.0006846426986157894,-0.0009311684407293797,0.824225127696991,-0.009016022086143494,0.08330627530813217,0.01088425051420927,0.9964237809181213,-0.20854899287223816,0.10039562731981277,0.20229001343250275,0.11722889542579651,-0.15310892462730408,-0.14190125465393066,-0.2056870460510254,-0.059931907802820206,-0.20163527131080627,0.11529503017663956,-0.2192584127187729,0.035581957548856735,-0.0,0.05475999414920807,0.38878941535949707,-0.48835718631744385,-0.684623658657074,-0.057301584631204605,0.017423754557967186,-0.30449792742729187,0.5126843452453613,-0.5766904354095459,0.011114357970654964,-0.0,0.002772284671664238,-0.0033721686340868473,-0.002156496047973633,0.010770273394882679,-0.04247070103883743,0.14269478619098663,-0.011709182523190975,-0.011954381130635738,-0.1763574630022049,0.04947758838534355,-0.09018971771001816,0.05879759415984154,0.022714732214808464,-0.03907274082303047,-0.12472360581159592,0.12238583713769913,-0.14374403655529022,-0.02837754599750042,0.0,-0.05028828606009483,0.11431127041578293,-0.24462281167507172,-0.22876916825771332,-0.03442615270614624,0.07902388274669647,-0.06442397832870483,0.16124366223812103,0.07113039493560791,0.05573638528585434,0.0,0.0,0.0,-0.009016022086143494,0.08330627530813217,0.01088425051420927,0.9964237809181213,-0.009016022086143494,0.08330627530813217,0.01088425051420927,0.9964237809181213,-0.005628542508929968,-0.017082784324884415,0.03857458755373955,0.9990938305854797,0.04450981318950653,-0.015125719830393791,0.03938315436244011,0.9981177449226379,0.04275504872202873,-0.019542688503861427,0.13996446132659912,0.989039957523346,0.034482382237911224,0.03842971473932266,0.14222872257232666,0.9884862899780273,0.04525899887084961,-0.037281982600688934,0.1391749531030655,0.9885302186012268,-0.024932879954576492,-0.04705445095896721,0.13618183135986328,0.9892516136169434,-0.024932879954576492,-0.04705445095896721,0.13618183135986328,0.9892516136169434,-0.010102583095431328,-0.016183018684387207,-0.014755125157535076,0.9997091293334961,-0.040050800889730453,-0.015733668580651283,-0.015233367681503296,0.998957633972168,-0.03826388716697693,-0.019684767350554466,-0.11569803953170776,0.9923519492149353,-0.03153431415557861,0.037522874772548676,-0.11771044135093689,0.9918376207351685,-0.04422367364168167,-0.0712190791964531,-0.11355363577604294,0.9899887442588806,-0.02660473622381687,-0.07322793453931808,-0.11226867139339447,0.9906188249588013,-0.02660473622381687,-0.07322793453931808,-0.11226867139339447,0.9906188249588013,-0.009016022086143494,0.08330627530813217,0.01088425051420927,0.9964237809181213,-0.009166824631392956,0.11051539331674576,0.012346679344773293,0.9937554597854614,0.1829722374677658,0.11081884801387787,-0.009234427474439144,0.9768086075782776,0.15094618499279022,0.16651049256324768,-0.24186886847019196,0.9439221024513245,0.0567886047065258,-0.15596261620521545,-0.29814958572387695,0.9399774074554443,0.06743265688419342,-0.15448011457920074,-0.3232128620147705,0.9311939477920532,0.06743265688419342,-0.15448011457920074,-0.3232128620147705,0.9311939477920532,-0.009155883453786373,0.09196165949106216,0.010260384529829025,0.995667576789856,-0.16005437076091766,0.08934178948402405,0.02408873848617077,0.9827616214752197,-0.1326005458831787,0.14256897568702698,0.2694350779056549,0.9431309103965759,-0.04884450510144234,-0.12882226705551147,0.31289464235305786,0.9397425055503845,-0.05077086016535759,-0.1286058872938156,0.31780940294265747,0.9380192160606384,-0.05077086016535759,-0.1286058872938156,0.31780940294265747,0.9380192160606384,-0.009016022086143494,0.08330627530813217,0.01088425051420927,0.9964237809181213
0.0023435833863914013,-0.0009602271602489054,0.824105441570282,-0.009482168592512608,0.08310463279485703,0.014239874668419361,0.9963939785957336,-0.20901699364185333,0.10075614601373672,0.19448533654212952,0.12004454433917999,-0.159358412027359,-0.13804809749126434,-0.2034676969051361,-0.06074197217822075,-0.2060348093509674,0.11958395689725876,-0.22520175576210022,0.0332326665520668,-0.0,0.056371405720710754,0.39311090111732483,-0.49712517857551575,-0.6953768134117126,-0.05242059379816055,0.02402089722454548,-0.3101920485496521,0.52435702085495,-0.5744448304176331,0.009348505176603794,-0.0,0.04976821690797806,-0.0008717615273781121,-0.0035905835684388876,-0.010980553925037384,-0.010395496152341366,0.2030763179063797,-0.014040022157132626,0.010815559886395931,-0.2341402918100357,0.08446945995092392,-0.18748460710048676,0.11559470742940903,0.06658047437667847,-0.024301929399371147,-0.13198614120483398,0.12866780161857605,-0.17830027639865875,-0.07047872990369797,0.0,0.04834234341979027,0.12964457273483276,-0.263039767742157,-0.32259461283683777,0.14642971754074097,0.1979142725467682,-0.1708236187696457,0.3501802384853363,0.06736814975738525,-0.05297558009624481,0.0,0.0,0.0,-0.009482168592512608,0.08310463279485703,0.014239874668419361,0.9963939785957336,-0.009482168592512608,0.08310463279485703,0.014239874668419361,0.9963939785957336,-0.005751780234277248,-0.017493218183517456,0.04201984778046608,0.9989470839500427,0.044559262692928314,-0.01535504125058651,0.042847439646720886,0.9979693293571472,0.04285793378949165,-0.01960873417556286,0.13953733444213867,0.9890945553779602,0.03441043570637703,0.03975863754749298,0.14185695350170135,0.9884896278381348,0.045592352747917175,-0.039046261459589005,0.1386679857969284,0.9885180592536926,-0.022693561390042305,-0.04851711168885231,0.135644793510437,0.9893086552619934,-0.022693561390042305,-0.04851711168885231,0.135644793510437,0.9893086552619934,-0.010220665484666824,-0.015318485908210278,-0.011094038374722004,0.999768853187561,-0.04057525098323822,-0.014974536374211311,-0.01155408751219511,0.9989974498748779,-0.03882022574543953,-0.019067713990807533,-0.11422502249479294,0.9925130009651184,-0.03192518278956413,0.040275320410728455,-0.11634065955877304,0.9918788075447083,-0.04479540139436722,-0.07143029570579529,-0.11201668530702591,0.99012291431427,-0.028337763622403145,-0.0732816532254219,-0.11081437021493912,0.9907305240631104,-0.028337763622403145,-0.0732816532254219,-0.11081437021493912,0.9907305240631104,-0.009482168592512608,0.08310463279485703,0.014239874668419361,0.9963939785957336,-0.009731858968734741,0.11111333966255188,0.015730706974864006,0.9936355948448181,0.18450488150119781,0.11204594373703003,-0.006271762773394585,0.9764037728309631,0.15142127871513367,0.1689886599779129,-0.24296025931835175,0.9431250095367432,0.05525007098913193,-0.1583685427904129,-0.2999379634857178,0.9390974640846252,0.0650494247674942,-0.15706725418567657,-0.32284224033355713,0.9310592412948608,0.0650494247674942,-0.15706725418567657,-0.32284224033355713,0.9310592412948608,-0.009714841842651367,0.09503472596406937,0.01337378192692995,0.9953367114067078,-0.1633528470993042,0.09182807803153992,0.027893738821148872,0.9818887114524841,-0.134471133351326,0.14692488312721252,0.2782709300518036,0.9396253824234009,-0.04839875176548958,-0.12257657945156097,0.32171761989593506,0.9376195073127747,-0.049991119652986526,-0.12240640819072723,0.325848788022995,0.9361304044723511,-0.049991119652986526,-0.12240640819072723,0.325848788022995,0.9361304044723511,-0.009482168592512608,0.08310463279485703,0.014239874668419361,0.9963939785957336
0.003494319273158908,-0.0018052769592031837,0.8238709568977356,-0.009726590476930141,0.08174609392881393,0.01704425737261772,0.9964599609375,-0.2082192748785019,0.10215850919485092,0.18720443546772003,0.12443767488002777,-0.16454483568668365,-0.13502874970436096,-0.19980409741401672,-0.06075727939605713,-0.20943288505077362,0.12394364178180695,-0.2312965989112854,0.02938659116625786,-0.0,0.06015698239207268,0.4012390375137329,-0.5047457814216614,-0.7132623195648193,-0.04919121041893959,0.02393810823559761,-0.3192974030971527,0.5313220620155334,-0.574372410774231,0.008680733852088451,-0.0,0.034522075206041336,-0.025351492688059807,-0.007034539710730314,0.000569267722312361,-0.08016086369752884,0.1695917695760727,0.023931561037898064,0.042070891708135605,-0.21842701733112335,0.13179391622543335,-0.15559269487857819,0.09058042615652084,0.10990797728300095,-0.0004592165059875697,-0.1019422635436058,0.13079054653644562,-0.18284527957439423,-0.11538225412368774,0.0,0.1135672926902771,0.24384407699108124,-0.2286180704832077,-0.5365651845932007,0.09688149392604828,-0.0024836694356054068,-0.2731606364250183,0.2089512199163437,0.0021725893020629883,-0.020033137872815132,0.0,0.0,0.0,-0.009726590476930141,0.08174609392881393,0.01704425737261772,0.9964599609375,-0.009726590476930141,0.08174609392881393,0.01704425737261772,0.9964599609375,-0.005764296278357506,-0.01846018061041832,0.044730015099048615,0.9988119006156921,0.045239608734846115,-0.01615232229232788,0.045614197850227356,0.9978035092353821,0.043531883507966995,-0.020309962332248688,0.13867482542991638,0.9891722798347473,0.03482503071427345,0.041234783828258514,0.1411132514476776,0.9885210990905762,0.046303872019052505,-0.040140993893146515,0.1377740204334259,0.9885661005973816,-0.02049334906041622,-0.04934420809149742,0.13475210964679718,0.9894377589225769,-0.02049334906041622,-0.04934420809149742,0.13475210964679718,0.9894377589225769,-0.01014624908566475,-0.014909072779119015,-0.007825865410268307,0.9998067617416382,-0.0405096635222435,-0.014664490707218647,-0.008275102823972702,0.9990372657775879,-0.03875495493412018,-0.018818441778421402,-0.11265431344509125,0.9926998019218445,-0.031703632324934006,0.0426977276802063,-0.11483823508024216,0.9919596314430237,-0.044743120670318604,-0.07205038517713547,-0.1104128286242485,0.9902604818344116,-0.030188625678420067,-0.07366488128900528,-0.1093422919511795,0.9908109903335571,-0.030188625678420067,-0.07366488128900528,-0.1093422919511795,0.9908109903335571,-0.009726590476930141,0.08174609392881393,0.01704425737261772,0.9964599609375,-0.010079400613904,0.11163584142923355,0.018626291304826736,0.9935234785079956,0.18810860812664032,0.11310858279466629,-0.0039936876855790615,0.9756052494049072,0.15402472019195557,0.17170347273349762,-0.24404732882976532,0.9419316649436951,0.05463946610689163,-0.16368736326694489,-0.30284738540649414,0.9372856616973877,0.06395889818668365,-0.1625005155801773,-0.3242754340171814,0.9297033548355103,0.06395889818668365,-0.1625005155801773,-0.3242754340171814,0.9297033548355103,-0.009990924969315529,0.09363579005002975,0.016177983954548836,0.9954249262809753,-0.16810795664787292,0.08987320959568024,0.030857661738991737,0.9811780452728271,-0.13916990160942078,0.1469448059797287,0.2841009795665741,0.9371902942657471,-0.05126597732305527,-0.12175619602203369,0.32859006524086,0.935187578201294,-0.05274071916937828,-0.12159320712089539,0.33241599798202515,0.9337735772132874,-0.05274071916937828,-0.12159320712089539,0.33241599798202515,0.9337735772132874,-0.009726590476930141,0.08174609392881393,0.01704425737261772,0.9964599609375
0.006190153304487467,-0.0020994292572140694,0.823602557182312,-0.010686040855944157,0.08002428710460663,0.020757636055350304,0.9965194463729858,-0.20651443302631378,0.10474153608083725,0.17897506058216095,0.13198088109493256,-0.17296703159809113,-0.1307467520236969,-0.19313876330852509,-0.06020229309797287,-0.21218712627887726,0.1288478821516037,-0.238107830286026,0.02501526288688183,-0.0,0.06623582541942596,0.4092980921268463,-0.5148515105247498,-0.7295731902122498,-0.04885590076446533,0.011761534959077835,-0.32864728569984436,0.5399388074874878,-0.5802525281906128,0.013775447383522987,-0.0,0.08087501674890518,-0.00882456824183464,-0.00805199146270752,-0.03735456243157387,-0.1020488366484642,0.2276645451784134,0.05114525184035301,0.07749079912900925,-0.24688123166561127,0.22629617154598236,-0.2526658773422241,0.12845993041992188,0.19996000826358795,0.01664958894252777,-0.08262722939252853,0.1471271961927414,-0.20433692634105682,-0.1311398446559906,0.0,0.182365283370018,0.2417716234922409,-0.303171843290329,-0.4893260896205902,0.010059288702905178,-0.3652971684932709,-0.2804964780807495,0.25850236415863037,-0.17640350759029388,0.15284140408039093,0.0,0.0,0.0,-0.010686040855944157,0.08002428710460663,0.020757636055350304,0.9965194463729858,-0.010686040855944157,0.08002428710460663,0.020757636055350304,0.9965194463729858,-0.006427614483982325,-0.01933201216161251,0.048295602202415466,0.9986252784729004,0.04585606977343559,-0.016777385026216507,0.049241356551647186,0.9975926280021667,0.0441732183098793,-0.020808324217796326,0.13819733262062073,0.9892002940177917,0.03496398776769638,0.04446736350655556,0.14080941677093506,0.9884194135665894,0.04699583351612091,-0.04107429459691048,0.13726311922073364,0.9885662198066711,-0.017684441059827805,-0.04995352029800415,0.13428667187690735,0.9895246028900146,-0.017684441059827805,-0.04995352029800415,0.13428667187690735,0.9895246028900146,-0.01070003118366003,-0.013425025157630444,-0.00321214459836483,0.9998474717140198,-0.040787193924188614,-0.01332226861268282,-0.0036147369537502527,0.9990724921226501,-0.03914710506796837,-0.017566507682204247,-0.10939083993434906,0.9930722713470459,-0.03202337771654129,0.046403318643569946,-0.1116841733455658,0.9921430945396423,-0.04506175220012665,-0.07176483422517776,-0.10709010809659958,0.9906315803527832,-0.0326680950820446,-0.07309862971305847,-0.10618414729833603,0.9911177158355713,-0.0326680950820446,-0.07309862971305847,-0.10618414729833603,0.9911177158355713,-0.010686040855944157,0.08002428710460663,0.020757636055350304,0.9965194463729858,-0.011199768632650375,0.11293412744998932,0.022464999929070473,0.9932853579521179,0.19089290499687195,0.11514287441968918,-0.0009546637302264571,0.9748339056968689,0.15536139905452728,0.17543929815292358,-0.2455659657716751,0.9406281113624573,0.05286130681633949,-0.16729041934013367,-0.3056275248527527,0.9358479380607605,0.062200307846069336,-0.16617003083229065,-0.32685887813568115,0.9282682538032532,0.062200307846069336,-0.16617003083229065,-0.32685887813568115,0.9282682538032532,-0.010837234556674957,0.08586765825748444,0.020326588302850723,0.9960402250289917,-0.17362861335277557,0.08138582855463028,0.03409944474697113,0.9808499813079834,-0.1462477296590805,0.1410793960094452,0.29103508591651917,0.9348832964897156,-0.05523742362856865,-0.1293327957391739,0.3375298082828522,0.9307499527931213,-0.05762524902820587,-0.12906135618686676,0.34355539083480835,0.9284353256225586,-0.05762524902820587,-0.12906135618686676,0.34355539083480835,0.9284353256225586,-0.010686040855944157,0.08002428710460663,0.020757636055350304,0.9965194463729858
0.011194414459168911,-0.0030088264029473066,0.8229148983955383,-0.011874750256538391,0.07903241366147995,0.025807131081819534,0.9964671730995178,-0.2079233080148697,0.10928959399461746,0.16792279481887817,0.14670635759830475,-0.1857171654701233,-0.12809602916240692,-0.18934643268585205,-0.05931157246232033,-0.21368412673473358,0.1423511803150177,-0.2511487603187561,0.017796114087104797,-0.0,0.07751096785068512,0.42283105850219727,-0.5278098583221436,-0.754372775554657,-0.046719346195459366,-0.004519953392446041,-0.3398693799972534,0.543327271938324,-0.6019281148910522,0.018188994377851486,-0.0,0.1501278281211853,-0.02728191204369068,-0.0206297617405653,-0.04562778025865555,-0.057297490537166595,0.30832523107528687,-0.04226624593138695,0.13644173741340637,-0.3315679430961609,0.4417642652988434,-0.3825039863586426,0.07952167838811874,0.11376991122961044,0.026721617206931114,-0.0449100099503994,0.40509891510009766,-0.3912278711795807,-0.21657444536685944,0.0,0.33825424313545227,0.4059889614582062,-0.3887504041194916,-0.743987500667572,0.06409663707017899,-0.48844465613365173,-0.33666279911994934,0.10165392607450485,-0.6502675414085388,0.13240639865398407,0.0,0.0,0.0,-0.011874750256538391,0.07903241366147995,0.025807131081819534,0.9964671730995178,-0.011874750256538391,0.07903241366147995,0.025807131081819534,0.9964671730995178,-0.007101053837686777,-0.020959684625267982,0.05362201854586601,0.9983160495758057,0.047435179352760315,-0.017999693751335144,0.05468674749135971,0.9972137808799744,0.045758575201034546,-0.02191433310508728,0.13812322914600372,0.9891147017478943,0.035512831062078476,0.05063425749540329,0.14110532402992249,0.9880608916282654,0.04844385012984276,-0.04120202362537384,0.13720446825027466,0.988499104976654,-0.014923608861863613,-0.049899209290742874,0.1342860460281372,0.9895729422569275,-0.014923608861863613,-0.049899209290742874,0.1342860460281372,0.9895729422569275,-0.01139876153320074,-0.012600217014551163,0.002395655494183302,0.9998527765274048,-0.041040822863578796,-0.012665711343288422,0.0020209874492138624,0.999075174331665,-0.039456143975257874,-0.016970038414001465,-0.10453081876039505,0.9935937523841858,-0.03192248195409775,0.05373285338282585,-0.10707210004329681,0.992284893989563,-0.04508132487535477,-0.07096857577562332,-0.10223088413476944,0.9912012815475464,-0.03625988960266113,-0.07187541574239731,-0.10159536451101303,0.9915632009506226,-0.03625988960266113,-0.07187541574239731,-0.10159536451101303,0.9915632009506226,-0.011874750256538391,0.07903241366147995,0.025807131081819534,0.9964671730995178,-0.01267150230705738,0.11753467470407486,0.027752848342061043,0.9926000237464905,0.19590191543102264,0.12074151635169983,0.0024709657300263643,0.9731586575508118,0.15764553844928741,0.1835043877363205,-0.24775481224060059,0.9381319880485535,0.05030873790383339,-0.17033644020557404,-0.3098013401031494,0.9340651035308838,0.059307198971509933,-0.16934792697429657,-0.3300548791885376,0.9267511367797852,0.059307198971509933,-0.16934792697429657,-0.3300548791885376,0.9267511367797852,-0.011805296875536442,0.0767863541841507,0.02597525343298912,0.9966392517089844,-0.18018487095832825,0.07128742337226868,0.0385870523750782,0.9802869558334351,-0.15513576567173004,0.1334441900253296,0.2966616749763489,0.932800829410553,-0.05866319686174393,-0.14587971568107605,0.34669530391693115,0.9247053861618042,-0.061955373734235764,-0.14551027119159698,0.3545598089694977,0.9215615391731262,-0.061955373734235764,-0.14551027119159698,0.3545598089694977,0.9215615391731262,-0.011874750256538391,0.07903241366147995,0.025807131081819534,0.9964671730995178
0.01920180954039097,-0.003273330396041274,0.8217536807060242,-0.013851022347807884,0.0792962908744812,0.032194092869758606,0.9962348341941833,-0.21414706110954285,0.11517702788114548,0.1517985612154007,0.1713298112154007,-0.20606303215026855,-0.12176280468702316,-0.18566963076591492,-0.05786474421620369,-0.21357455849647522,0.1580248475074768,-0.266080766916275,0.007418556604534388,-0.0,0.08826113492250443,0.4374597370624542,-0.5416001081466675,-0.7887773513793945,-0.04524584487080574,-0.02433616854250431,-0.35059356689453125,0.5462587475776672,-0.6284241080284119,0.02428436279296875,-0.0,0.24022184312343597,-0.007935119792819023,-0.034836530685424805,-0.08844558894634247,0.018369073048233986,0.39140990376472473,-0.1867125779390335,0.17662300169467926,-0.48372697830200195,0.7387035489082336,-0.6103759407997131,0.18999671936035156,0.11030405014753342,0.04340484365820885,0.003287046914920211,0.4702099859714508,-0.44796016812324524,-0.3113267123699188,0.0,0.32250499725341797,0.43886032700538635,-0.4137074649333954,-1.0321372747421265,0.044205036014318466,-0.5944864749908447,-0.3217255771160126,0.08794426172971725,-0.7948797345161438,0.18286104500293732,0.0,0.0,0.0,-0.013851022347807884,0.0792962908744812,0.032194092869758606,0.9962348341941833,-0.013851022347807884,0.0792962908744812,0.032194092869758606,0.9962348341941833,-0.00825506541877985,-0.02361362613737583,0.06099512055516243,0.9978245496749878,0.04919009655714035,-0.02006380259990692,0.06225312501192093,0.9966455101966858,0.04752711206674576,-0.023735949769616127,0.13764597475528717,0.9890558123588562,0.03557581827044487,0.06097486987709999,0.14120765030384064,0.9874597787857056,0.04991026967763901,-0.040908053517341614,0.1367998719215393,0.9884944558143616,-0.010325958020985126,-0.04915568605065346,0.13405741751194,0.9896997809410095,-0.010325958020985126,-0.04915568605065346,0.13405741751194,0.9896997809410095,-0.012811178341507912,-0.01058314647525549,0.009393147192895412,0.9998177886009216,-0.04172888025641441,-0.010850445367395878,0.009083063341677189,0.999028742313385,-0.04033469036221504,-0.015236287377774715,-0.09744959324598312,0.9943060874938965,-0.03251713141798973,0.06329206377267838,-0.10032919049263,0.9924065470695496,-0.045538280159235,-0.06890825182199478,-0.09512925893068314,0.9920324087142944,-0.0418582484126091,-0.06926063448190689,-0.09487300366163254,0.9921945333480835,-0.0418582484126091,-0.06926063448190689,-0.09487300366163254,0.9921945333480835,-0.013851022347807884,0.0792962908744812,0.032194092869758606,0.9962348341941833,-0.015035358257591724,0.12312086671590805,0.03431256115436554,0.9916843175888062,0.20050838589668274,0.12763285636901855,0.006779037415981293,0.9713188409805298,0.15901271998882294,0.1928301900625229,-0.24941672384738922,0.9355868697166443,0.045525576919317245,-0.17665724456310272,-0.31362369656562805,0.931858241558075,0.054375920444726944,-0.17582683265209198,-0.33316749334335327,0.9247310757637024,0.054375920444726944,-0.17582683265209198,-0.33316749334335327,0.9247310757637024,-0.013398454524576664,0.06720294803380966,0.03312106058001518,0.9970993995666504,-0.18708764016628265,0.06039672717452049,0.04433369264006615,0.9794819951057434,-0.16464383900165558,0.1251145303249359,0.30321159958839417,0.9302158355712891,-0.06141063570976257,-0.1650020331144333,0.3573093116283417,0.9172421097755432,-0.06601954996585846,-0.16450545191764832,0.3676617443561554,0.912909746170044,-0.06601954996585846,-0.16450545191764832,0.3676617443561554,0.912909746170044,-0.013851022347807884,0.0792962908744812,0.032194092869758606,0.9962348341941833
0.03375707194209099,-0.0014745313674211502,0.8189329504966736,-0.01733684539794922,0.08168861269950867,0.04179295897483826,0.9956303238868713,-0.23380997776985168,0.12270651757717133,0.12204733490943909,0.22508718073368073,-0.2389538586139679,-0.11118995398283005,-0.18882694840431213,-0.057799309492111206,-0.20955605804920197,0.19501979649066925,-0.28574907779693604,-0.006655569653958082,-0.0,0.09240802377462387,0.45467567443847656,-0.5678272247314453,-0.823273777961731,-0.04674678295850754,-0.049432095140218735,-0.3649084270000458,0.5507925152778625,-0.6461952328681946,0.030954793095588684,-0.0,0.4366578459739685,0.05396396666765213,-0.08462189882993698,-0.16781921684741974,0.14712156355381012,0.5895386338233948,-0.5898874402046204,0.22588467597961426,-0.8925367593765259,1.6127209663391113,-0.9867247343063354,0.31718549132347107,-0.09471952170133591,0.0019630417227745056,0.12055500596761703,1.1098483800888062,-0.5900492668151855,-0.4222237765789032,0.0,0.12440665811300278,0.5164781212806702,-0.7868134379386902,-1.0348927974700928,-0.045028138905763626,-0.7528777718544006,-0.4294457733631134,0.13601303100585938,-0.5331337451934814,0.20011289417743683,0.0,0.0,0.0,-0.01733684539794922,0.08168861269950867,0.04179295897483826,0.9956303238868713,-0.01733684539794922,0.08168861269950867,0.04179295897483826,0.9956303238868713,-0.010043882764875889,-0.03051779791712761,0.07351738214492798,0.996776282787323,0.051092129200696945,-0.025952676311135292,0.07525025308132172,0.9955166578292847,0.04941428452730179,-0.029020262882113457,0.13582256436347961,0.9890744686126709,0.03384796157479286,0.08224248141050339,0.1405128389596939,0.9860763549804688,0.050354793667793274,-0.03587709739804268,0.13547669351100922,0.9888494610786438,-0.004669755231589079,-0.04334961250424385,0.13327382504940033,0.9901197552680969,-0.004669755231589079,-0.04334961250424385,0.13327382504940033,0.9901197552680969,-0.015447103418409824,-0.009761296212673187,0.018892446532845497,0.9996545314788818,-0.044326301664114,-0.010303129442036152,0.01860249973833561,0.9987907409667969,-0.04300564154982567,-0.014882554300129414,-0.08595946431159973,0.9952587485313416,-0.034432727843523026,0.08208200335502625,-0.08973796665668488,0.9919798374176025,-0.046859581023454666,-0.06000131368637085,-0.08392076939344406,0.9935598969459534,-0.05016566812992096,-0.05972171202301979,-0.08411997556686401,0.9933984875679016,-0.05016566812992096,-0.05972171202301979,-0.08411997556686401,0.9933984875679016,-0.01733684539794922,0.08168861269950867,0.04179295897483826,0.9956303238868713,-0.019007939845323563,0.12754671275615692,0.043836671859025955,0.990680992603302,0.2047654390335083,0.13414503633975983,0.013961673714220524,0.969474732875824,0.15882053971290588,0.20307429134845734,-0.25402310490608215,0.9322065711021423,0.037998612970113754,-0.18186883628368378,-0.31942710280418396,0.929218053817749,0.04725801572203636,-0.18121232092380524,-0.33953937888145447,0.9217601418495178,0.04725801572203636,-0.18121232092380524,-0.33953937888145447,0.9217601418495178,-0.01617397367954254,0.05713357776403427,0.04375280439853668,0.9972761869430542,-0.19685488939285278,0.04824657365679741,0.05339308828115463,0.9777880907058716,-0.17725485563278198,0.11654863506555557,0.31338346004486084,0.9256284236907959,-0.06725593656301498,-0.1795302927494049,0.3718903660774231,0.9082637429237366,-0.07333174347877502,-0.17886023223400116,0.38488587737083435,0.902493417263031,-0.07333174347877502,-0.17886023223400116,0.38488587737083435,0.902493417263031,-0.01733684539794922,0.08168861269950867,0.04179295897483826,0.9956303238868713
0.04719346761703491,-0.0005008684820495546,0.8149020075798035,-0.01961253210902214,0.08212720602750778,0.05433046072721481,0.9949465394020081,-0.255959153175354,0.1260060966014862,0.07933004200458527,0.28468671441078186,-0.26368314027786255,-0.10036871582269669,-0.19865182042121887,-0.05768061429262161,-0.19221319258213043,0.2424437701702118,-0.2977864742279053,-0.019787877798080444,-0.0,0.09356625378131866,0.4805510342121124,-0.5965257287025452,-0.8666024208068848,-0.05277107283473015,-0.07364286482334137,-0.38613361120224,0.5555647015571594,-0.6735303401947021,0.040829338133335114,-0.0,0.4030918478965759,0.029209885746240616,-0.12092828005552292,-0.07630746066570282,0.036888238042593,0.7613959908485413,-0.6644752025604248,0.09898736327886581,-1.2815186977386475,1.787985920906067,-0.7418783903121948,0.32463711500167847,-0.29474613070487976,0.0035608557518571615,0.520285964012146,1.422719120979309,-0.36112186312675476,-0.39396920800209045,0.0,0.03474690020084381,0.7762607336044312,-0.8609550595283508,-1.2998591661453247,-0.18072868883609772,-0.7263230681419373,-0.6367554664611816,0.14316557347774506,-0.8200531601905823,0.2962363362312317,0.0,0.0,0.0,-0.01961253210902214,0.08212720602750778,0.05433046072721481,0.9949465394020081,-0.01961253210902214,0.08212720602750778,0.05433046072721481,0.9949465394020081,-0.010041266679763794,-0.040555190294981,0.08917026221752167,0.9951397180557251,0.05263402312994003,-0.03486044332385063,0.09154675900936127,0.9937975406646729,0.05121024698019028,-0.036920204758644104,0.13088341057300568,0.9893856644630432,0.03212478384375572,0.10381056368350983,0.13682454824447632,0.9846168756484985,0.04983293637633324,-0.026528043672442436,0.13141398131847382,0.9897187948226929,0.00012264246470294893,-0.033086806535720825,0.12991781532764435,0.9909725785255432,0.00012264246470294893,-0.033086806535720825,0.12991781532764435,0.9909725785255432,-0.016419699415564537,-0.014080687426030636,0.030405759811401367,0.9993035793304443,-0.045229095965623856,-0.014951622113585472,0.02998708188533783,0.9984145164489746,-0.0435856394469738,-0.019222751259803772,-0.06595787405967712,0.9966846704483032,-0.03528982400894165,0.1014426201581955,-0.07074445486068726,0.9916951656341553,-0.045393865555524826,-0.04679148644208908,-0.06472670286893845,0.9957712888717651,-0.055243585258722305,-0.04614880308508873,-0.06518648564815521,0.9952734112739563,-0.055243585258722305,-0.04614880308508873,-0.06518648564815521,0.9952734112739563,-0.01961253210902214,0.08212720602750778,0.05433046072721481,0.9949465394020081,-0.021885717287659645,0.12853285670280457,0.05627726390957832,0.989865243434906,0.2143014669418335,0.1382327377796173,0.024073561653494835,0.9666369557380676,0.16385452449321747,0.2128193974494934,-0.2565297484397888,0.9284675717353821,0.034542035311460495,-0.1912982165813446,-0.3257232904434204,0.9252654910087585,0.045224498957395554,-0.19067761301994324,-0.3482625484466553,0.9166842103004456,0.045224498957395554,-0.19067761301994324,-0.3482625484466553,0.9166842103004456,-0.017413273453712463,0.04556206986308098,0.05731405317783356,0.9971639513969421,-0.2084152102470398,0.03371872007846832,0.06499116122722626,0.9752960205078125,-0.19231665134429932,0.10625910013914108,0.32583266496658325,0.9195414185523987,-0.07268314808607101,-0.19926133751869202,0.3901272118091583,0.8959982395172119,-0.08105422556400299,-0.1983518749475479,0.4069078266620636,0.8879824280738831,-0.08105422556400299,-0.1983518749475479,0.4069078266620636,0.8879824280738831,-0.01961253210902214,0.08212720602750778,0.05433046072721481,0.9949465394020081
0.056683141738176346,0.0011578472331166267,0.8090592622756958,-0.021842841058969498,0.08382376283407211,0.06311876326799393,0.9942396283149719,-0.29796716570854187,0.1258365511894226,0.03118637204170227,0.36766931414604187,-0.29091715812683105,-0.09431251883506775,-0.22941097617149353,-0.05180860310792923,-0.137684628367424,0.3069283962249756,-0.3116731345653534,-0.021719640120863914,-0.0,0.10020772367715836,0.5053832530975342,-0.616545557975769,-0.9029834866523743,-0.059289127588272095,-0.09402430057525635,-0.41452717781066895,0.5598233342170715,-0.7074476480484009,0.0618143230676651,-0.0,0.2846902012825012,0.04976147040724754,-0.1752823442220688,-0.09620048850774765,0.10783517360687256,0.5359392762184143,-1.2602403163909912,-0.005086361896246672,-1.4443100690841675,2.4894778728485107,-0.8170204758644104,0.1816858947277069,-0.922774612903595,0.1761603206396103,1.6358568668365479,1.934538722038269,-0.4165997803211212,-0.057952865958213806,0.0,0.19924408197402954,0.7449665069580078,-0.6005948185920715,-1.091431975364685,-0.1955416351556778,-0.611443042755127,-0.8518069386482239,0.12775897979736328,-1.017519235610962,0.629549503326416,0.0,0.0,0.0,-0.021842841058969498,0.08382376283407211,0.06311876326799393,0.9942396283149719,-0.021842841058969498,0.08382376283407211,0.06311876326799393,0.9942396283149719,-0.009330921806395054,-0.058815084397792816,0.10374727845191956,0.9928193092346191,0.05311281606554985,-0.052175410091876984,0.10724009573459625,0.991441547870636,0.05229280889034271,-0.05299723148345947,0.12268616259098053,0.9896488785743713,0.02898452617228031,0.1288045197725296,0.1301780790090561,0.9826611876487732,0.04754725098609924,-0.014988692477345467,0.12460213899612427,0.9909535050392151,0.0007820495520718396,-0.020845623686909676,0.12375707179307938,0.9920932650566101,0.0007820495520718396,-0.020845623686909676,0.12375707179307938,0.9920932650566101,-0.01720436103641987,-0.027291487902402878,0.03566654399037361,0.9988428950309753,-0.04307002201676369,-0.028206145390868187,0.03494768962264061,0.9980621337890625,-0.04102775827050209,-0.031102031469345093,-0.0337897427380085,0.9981020092964172,-0.035380393266677856,0.12183589488267899,-0.03966423124074936,0.9911261200904846,-0.04110780730843544,-0.03346980735659599,-0.033692311495542526,0.9980254173278809,-0.051943544298410416,-0.03310194984078407,-0.03405379503965378,0.9975201487541199,-0.051943544298410416,-0.03310194984078407,-0.03405379503965378,0.9975201487541199,-0.021842841058969498,0.08382376283407211,0.06311876326799393,0.9942396283149719,-0.024706758558750153,0.1334834098815918,0.0650743916630745,0.9886035919189453,0.22323964536190033,0.14551368355751038,0.02963550016283989,0.9633854627609253,0.16808757185935974,0.22461168467998505,-0.25923460721969604,0.9241718053817749,0.03110901266336441,-0.19540737569332123,-0.3315082788467407,0.9224697351455688,0.043221935629844666,-0.1948402374982834,-0.35671180486679077,0.9126477241516113,0.043221935629844666,-0.1948402374982834,-0.35671180486679077,0.9126477241516113,-0.01861095428466797,0.03716367855668068,0.06700734794139862,0.9968864321708679,-0.2233547419309616,0.02257932722568512,0.0732208788394928,0.9717209339141846,-0.20970621705055237,0.10014184564352036,0.33442485332489014,0.9133208394050598,-0.07979338616132736,-0.21755538880825043,0.40617698431015015,0.8839247226715088,-0.092952199280262,-0.21605300903320312,0.4310103952884674,0.8711550235748291,-0.092952199280262,-0.21605300903320312,0.4310103952884674,0.8711550235748291,-0.021842841058969498,0.08382376283407211,0.06311876326799393,0.9942396283149719
0.06734218448400497,0.001766557339578867,0.8091535568237305,-0.024234892800450325,0.08695698529481888,0.07039345055818558,0.9934263229370117,-0.3577722907066345,0.12451959401369095,-0.022901877760887146,0.4806095063686371,-0.3102457523345947,-0.09194892644882202,-0.28498202562332153,-0.04110894352197647,-0.0687532126903534,0.4157322645187378,-0.31309252977371216,-0.014838474802672863,-0.0,0.11601464450359344,0.5343001484870911,-0.6299488544464111,-0.9338908791542053,-0.06839758157730103,-0.1098209097981453,-0.4406212866306305,0.5439578294754028,-0.7390863299369812,0.07103083282709122,-0.0,0.31977126002311707,0.018261302262544632,0.0028288362082093954,-0.1190420389175415,0.19147810339927673,0.4449765086174011,-1.7941536903381348,-0.03950871154665947,-1.6226474046707153,3.3882055282592773,-0.5798577666282654,0.07090777158737183,-1.6671314239501953,0.3209897577762604,2.0679423809051514,3.264115810394287,-0.04258185252547264,0.2064349502325058,0.0,0.4742076098918915,0.8675068020820618,-0.4020988643169403,-0.9272217154502869,-0.2732536196708679,-0.4738982617855072,-0.7828232049942017,-0.47596511244773865,-0.9491603970527649,0.2764952778816223,0.0,0.0,0.0,-0.024234892800450325,0.08695698529481888,0.07039345055818558,0.9934263229370117,-0.024234892800450325,0.08695698529481888,0.07039345055818558,0.9934263229370117,-0.007745000999420881,-0.08405540138483047,0.11918526887893677,0.9892773032188416,0.05382242426276207,-0.07647687941789627,0.12418424338102341,0.9878424406051636,0.054694607853889465,-0.0758555680513382,0.11286462098360062,0.989199697971344,0.026261361315846443,0.16175228357315063,0.1226387545466423,0.978829026222229,0.04489390179514885,0.008579493500292301,0.11710875481367111,0.9920667409896851,-0.0007472076104022563,0.0031883122865110636,0.1173793151974678,0.9930817484855652,-0.0007472076104022563,0.0031883122865110636,0.1173793151974678,0.9930817484855652,-0.017529455944895744,-0.05108380317687988,0.03649125620722771,0.9978734850883484,-0.0380350723862648,-0.05182301625609398,0.03543362393975258,0.9973024725914001,-0.036231450736522675,-0.05309965834021568,0.001135566271841526,0.9979310631752014,-0.035685863345861435,0.15398885309696198,-0.006366051267832518,0.9874074459075928,-0.03624200075864792,-0.001838536118157208,-0.0007245060405693948,0.9993410706520081,-0.043655283749103546,-0.0018331102328374982,-0.0007381265168078244,0.9990447163581848,-0.043655283749103546,-0.0018331102328374982,-0.0007381265168078244,0.9990447163581848,-0.024234892800450325,0.08695698529481888,0.07039345055818558,0.9934263229370117,-0.027950577437877655,0.14437898993492126,0.0724891647696495,0.9864678382873535,0.23345232009887695,0.15839341282844543,0.03180406987667084,0.9588534832000732,0.17237652838230133,0.24143531918525696,-0.26167747378349304,0.9184335470199585,0.028407130390405655,-0.19184179604053497,-0.33677732944488525,0.9213961362838745,0.042263854295015335,-0.19130544364452362,-0.36581864953041077,0.909831166267395,0.042263854295015335,-0.19130544364452362,-0.36581864953041077,0.909831166267395,-0.02004292979836464,0.03249494731426239,0.07503829896450043,0.9964495301246643,-0.2373153567314148,0.015311203896999359,0.08032580465078354,0.9679849147796631,-0.22584179043769836,0.09470250457525253,0.33289462327957153,0.9106086492538452,-0.08934370428323746,-0.2351483255624771,0.41257715225219727,0.8755016326904297,-0.10500988364219666,-0.23312993347644806,0.4406278133392334,0.8605059385299683,-0.10500988364219666,-0.23312993347644806,0.4406278133392334,0.8605059385299683,-0.024234892800450325,0.08695698529481888,0.07039345055818558,0.9934263229370117
0.07669688761234283,0.0019623723346740007,0.7947677969932556,-0.026584582403302193,0.08597925305366516,0.0740407258272171,0.9931861758232117,-0.4187101423740387,0.1279957890510559,-0.05909818783402443,0.6139817237854004,-0.32507914304733276,-0.09376753121614456,-0.3509310185909271,-0.030059846118092537,-0.003817159915342927,0.5551328659057617,-0.3049022853374481,0.005101304035633802,-0.0,0.144530788064003,0.5690712928771973,-0.63445645570755,-0.9559056758880615,-0.07839364558458328,-0.1193682849407196,-0.4777819812297821,0.5417680740356445,-0.7857996821403503,0.08677633851766586,-0.0,0.2806410789489746,0.005874449387192726,-0.4315727651119232,-0.11724527925252914,-0.0616462416946888,0.23209404945373535,-1.8281354904174805,0.1042858436703682,-1.085889220237732,4.001166343688965,-0.4450016915798187,-0.05455813929438591,-1.978469729423523,0.33147290349006653,1.948081374168396,4.182017803192139,0.24570731818675995,0.598193347454071,0.0,0.8554842472076416,1.043134331703186,-0.13522803783416748,-0.6604438424110413,-0.2998819053173065,-0.2864212393760681,-1.1148208379745483,-0.06569266319274902,-1.4014004468917847,0.472365140914917,0.0,0.0,0.0,-0.026584582403302193,0.08597925305366516,0.0740407258272171,0.9931861758232117,-0.026584582403302193,0.08597925305366516,0.0740407258272171,0.9931861758232117,-0.00651578838005662,-0.11384773999452591,0.1311844438314438,0.984777569770813,0.05647822842001915,-0.10522487759590149,0.1381969302892685,0.9831782579421997,0.05956242233514786,-0.1035103052854538,0.10908880084753036,0.9868320822715759,0.023811999708414078,0.19954141974449158,0.12198785692453384,0.9719749093055725,0.0432388074696064,0.03962169215083122,0.11652662605047226,0.991454541683197,-0.003274798858910799,0.0341169498860836,0.11825551092624664,0.9923915266990662,-0.003274798858910799,0.0341169498860836,0.11825551092624664,0.9923915266990662,-0.01757640391588211,-0.08401142060756683,0.03251323848962784,0.9957790970802307,-0.03254033997654915,-0.0844905897974968,0.031246928498148918,0.995402455329895,-0.03237902373075485,-0.08455254137516022,0.029347067698836327,0.9954603314399719,-0.03918128460645676,0.19145578145980835,0.01935143955051899,0.980527937412262,-0.035788118839263916,0.040331002324819565,0.02507711946964264,0.9982303380966187,-0.033241868019104004,0.04039483144879341,0.024974167346954346,0.9983183741569519,-0.033241868019104004,0.04039483144879341,0.024974167346954346,0.9983183741569519,-0.026584582403302193,0.08597925305366516,0.0740407258272171,0.9931861758232117,-0.03146077319979668,0.15744440257549286,0.07643455266952515,0.9840626120567322,0.2460421919822693,0.17256997525691986,0.02916477993130684,0.953326940536499,0.1794700026512146,0.25923284888267517,-0.2642587125301361,0.9114582538604736,0.029419027268886566,-0.18270906805992126,-0.3430361747741699,0.9209115505218506,0.04495861381292343,-0.18209780752658844,-0.37633785605430603,0.9072976112365723,0.04495861381292343,-0.18209780752658844,-0.37633785605430603,0.9072976112365723,-0.02180750109255314,0.026800354942679405,0.07921136915683746,0.9962588548660278,-0.2569282054901123,0.007295840419828892,0.08330348134040833,0.9628059267997742,-0.2470104992389679,0.09182067960500717,0.33307138085365295,0.9053276777267456,-0.09965528547763824,-0.2555215358734131,0.42393815517425537,0.8631651401519775,-0.11954415589570999,-0.25269967317581177,0.45738309621810913,0.8441876769065857,-0.11954415589570999,-0.25269967317581177,0.45738309621810913,0.8441876769065857,-0.026584582403302193,0.08597925305366516,0.0740407258272171,0.9931861758232117
0.08550217002630234,0.0016268686158582568,0.773799479007721,-0.029416779056191444,0.08729463070631027,0.07838834077119827,0.9926578402519226,-0.5002300143241882,0.12751398980617523,-0.10594721138477325,0.7741953730583191,-0.3503623902797699,-0.09583672881126404,-0.46020814776420593,-0.026841800659894943,0.032730501145124435,0.7703798413276672,-0.3237297236919403,0.01777592860162258,-0.0,0.1743866354227066,0.6083570122718811,-0.6273036003112793,-0.9646388292312622,-0.0941171795129776,-0.12063181400299072,-0.5169070959091187,0.5097435712814331,-0.8418955206871033,0.10565254837274551,-0.0,0.2641584575176239,-0.010065111331641674,-0.6290494799613953,-0.1530326008796692,0.07546371221542358,0.2739403545856476,-2.4455959796905518,-0.014453976415097713,-1.405470609664917,4.8064093589782715,-0.7584973573684692,-0.06207592412829399,-3.278313636779785,0.09654136002063751,1.0964298248291016,6.457408905029297,-0.5648231506347656,0.38023871183395386,0.0,0.8956753611564636,1.1785714626312256,0.21458564698696136,-0.2619946002960205,-0.47170600295066833,-0.037905868142843246,-1.1737533807754517,-0.960735023021698,-1.6828750371932983,0.5662862658500671,0.0,0.0,0.0,-0.029416779056191444,0.08729463070631027,0.07838834077119827,0.9926578402519226,-0.029416779056191444,0.08729463070631027,0.07838834077119827,0.9926578402519226,-0.004168001934885979,-0.15086327493190765,0.14657354354858398,0.9776191115379333,0.05812830105423927,-0.14121800661087036,0.15588781237602234,0.9758983254432678,0.06552409380674362,-0.13794207572937012,0.10399644821882248,0.9827834367752075,0.021416956558823586,0.24326761066913605,0.12103711068630219,0.962139368057251,0.042184311896562576,0.07185642421245575,0.11545194685459137,0.9898120760917664,-0.005276138428598642,0.06624379009008408,0.118761345744133,0.9906965494155884,-0.005276138428598642,0.06624379009008408,0.118761345744133,0.9906965494155884,-0.016525011509656906,-0.13543245196342468,0.024205246940255165,0.990352988243103,-0.029814552515745163,-0.135745108127594,0.022385496646165848,0.9900420308113098,-0.032031964510679245,-0.13523903489112854,0.038584060966968536,0.9895431399345398,-0.04418227821588516,0.24647647142410278,0.0237213596701622,0.9678505063056946,-0.0397818349301815,0.08727684617042542,0.030531655997037888,0.994921088218689,-0.03093755804002285,0.0875447615981102,0.029754746705293655,0.9952353835105896,-0.03093755804002285,0.0875447615981102,0.029754746705293655,0.9952353835105896,-0.029416779056191444,0.08729463070631027,0.07838834077119827,0.9926578402519226,-0.03564051166176796,0.1733967810869217,0.08096176385879517,0.980871319770813,0.25977590680122375,0.18968552350997925,0.025311093777418137,0.9465174078941345,0.1882028430700302,0.27876341342926025,-0.2623467743396759,0.9044582843780518,0.03602457791566849,-0.16591352224349976,-0.3455359935760498,0.9229192137718201,0.053923577070236206,-0.16488105058670044,-0.38568878173828125,0.9061736464500427,0.053923577070236206,-0.16488105058670044,-0.38568878173828125,0.9061736464500427,-0.024317003786563873,0.027528544887900352,0.08377271890640259,0.9958077073097229,-0.2780236303806305,0.005203108303248882,0.08802622556686401,0.9565182328224182,-0.2691265642642975,0.09013493359088898,0.32146403193473816,0.903386652469635,-0.11322662979364395,-0.2796035408973694,0.42643463611602783,0.8527339100837708,-0.138523668050766,-0.2754350006580353,0.4661850929260254,0.8292275071144104,-0.138523668050766,-0.2754350006580353,0.4661850929260254,0.8292275071144104,-0.029416779056191444,0.08729463070631027,0.07838834077119827,0.9926578402519226
0.09088326245546341,0.0018657068721950054,0.7573502659797668,-0.03087274171411991,0.0850754901766777,0.08362942934036255,0.9923785328865051,-0.5828390717506409,0.12864241003990173,-0.13877582550048828,0.9436251521110535,-0.36840689182281494,-0.09750592708587646,-0.5816666483879089,-0.024017998948693275,0.06615840643644333,0.9950398802757263,-0.3560315668582916,0.021462121978402138,-0.0,0.20647288858890533,0.6460956931114197,-0.6094586849212646,-0.9671463966369629,-0.096282459795475,-0.11359377205371857,-0.5724439024925232,0.4742143452167511,-0.9087320566177368,0.12244356423616409,-0.0,0.16143275797367096,0.007165147457271814,-0.49347636103630066,-0.049321211874485016,-0.12830592691898346,0.3250146508216858,-2.478271484375,0.033852607011795044,-0.9848583936691284,5.082892894744873,-0.5413350462913513,-0.050075944513082504,-3.643754720687866,0.08471404761075974,1.002837061882019,6.739800930023193,-0.9690552353858948,0.11058579385280609,0.0,0.9625875353813171,1.1321604251861572,0.5353474617004395,-0.07522701472043991,-0.06495840847492218,0.21114124357700348,-1.6661040782928467,-1.0658767223358154,-2.005095958709717,0.5037304759025574,0.0,0.0,0.0,-0.03087274171411991,0.0850754901766777,0.08362942934036255,0.9923785328865051,-0.03087274171411991,0.0850754901766777,0.08362942934036255,0.9923785328865051,-3.5653858503792435e-05,-0.19162294268608093,0.16246633231639862,0.9679283499717712,0.062179818749427795,-0.18078386783599854,0.17444729804992676,0.9659290909767151,0.07456434518098831,-0.1760377585887909,0.10705747455358505,0.9756995439529419,0.01776009425520897,0.2866520583629608,0.12925061583518982,0.9491098523139954,0.041133634746074677,0.10796031355857849,0.1238110139966011,0.9855574369430542,-0.006945052649825811,0.10179827362298965,0.12892520427703857,0.986391007900238,-0.006945052649825811,0.10179827362298965,0.12892520427703857,0.986391007900238,-0.012726586312055588,-0.1956573724746704,0.015017692930996418,0.9804747104644775,-0.024499906226992607,-0.19582360982894897,0.012667017988860607,0.9802511930465698,-0.03096301108598709,-0.19490619003772736,0.04508010298013687,0.9792959690093994,-0.048723701387643814,0.29608917236328125,0.02483796887099743,0.953593373298645,-0.04355548694729805,0.12255056947469711,0.0330733023583889,0.9909542798995972,-0.03291919082403183,0.1228984147310257,0.03175632655620575,0.9913646578788757,-0.03291919082403183,0.1228984147310257,0.03175632655620575,0.9913646578788757,-0.03087274171411991,0.0850754901766777,0.08362942934036255,0.9923785328865051,-0.03875913470983505,0.18688824772834778,0.0864303931593895,0.9778038263320923,0.2736576497554779,0.20465898513793945,0.02263033017516136,0.9395286440849304,0.19933967292308807,0.2948783040046692,-0.254590779542923,0.8991629481315613,0.048597097396850586,-0.15002451837062836,-0.3437800705432892,0.9257138967514038,0.06617044657468796,-0.14836621284484863,-0.3851068317890167,0.9084611535072327,0.06617044657468796,-0.14836621284484863,-0.3851068317890167,0.9084611535072327,-0.025781745091080666,0.028825799003243446,0.08878088742494583,0.9953001141548157,-0.30573585629463196,0.0025875905994325876,0.09330743551254272,0.9475297331809998,-0.29795143008232117,0.08816345781087875,0.3083152174949646,0.8991072773933411,-0.13131673634052277,-0.30677083134651184,0.4324267506599426,0.8376482725143433,-0.162011057138443,-0.30087488889694214,0.47704124450683594,0.8097273111343384,-0.162011057138443,-0.30087488889694214,0.47704124450683594,0.8097273111343384,-0.03087274171411991,0.0850754901766777,0.08362942934036255,0.9923785328865051
0.09551431983709335,0.007872648537158966,0.7332627177238464,-0.03286925330758095,0.0806957483291626,0.087982177734375,0.9923038482666016,-0.6693450212478638,0.1449650675058365,-0.1429903358221054,1.1313997507095337,-0.3845368027687073,-0.08798512816429138,-0.6993268132209778,-0.022101573646068573,0.0930936187505722,1.2028419971466064,-0.39604756236076355,0.03047926537692547,-0.0,0.23143669962882996,0.6889934539794922,-0.590688943862915,-0.9656251072883606,-0.09678727388381958,-0.10385875403881073,-0.6392326951026917,0.4430398941040039,-0.9872914552688599,0.13881565630435944,-0.0,0.13893172144889832,0.1802082359790802,-0.7226263880729675,-0.07482133060693741,-0.2623574733734131,0.2778552770614624,-2.5951783657073975,0.4896796941757202,-0.1264353096485138,5.633237838745117,-0.48389729857444763,0.2856239676475525,-3.5298047065734863,0.057492755353450775,0.8080563545227051,6.234063148498535,-1.2004797458648682,0.27051427960395813,0.0,0.7489143013954163,1.2869327068328857,0.5630922317504883,0.04563867673277855,-0.015144421719014645,0.2920505106449127,-2.0036637783050537,-0.935233473777771,-2.3567817211151123,0.4911627471446991,0.0,0.0,0.0,-0.03286925330758095,0.0806957483291626,0.087982177734375,0.9923038482666016,-0.03286925330758095,0.0806957483291626,0.087982177734375,0.9923038482666016,0.0037283976562321186,-0.23581328988075256,0.1778864860534668,0.9553714394569397,0.07290573418140411,-0.22231173515319824,0.1944967806339264,0.9525929093360901,0.08860015869140625,-0.21653582155704498,0.1259521245956421,0.9640530347824097,0.00728627061471343,0.333936482667923,0.15382079780101776,0.9299314618110657,0.036545004695653915,0.15008626878261566,0.14959408342838287,0.9766064882278442,-0.006439917255192995,0.1433621495962143,0.15604989230632782,0.9772687554359436,-0.006439917255192995,0.1433621495962143,0.15604989230632782,0.9772687554359436,-0.008921246975660324,-0.2554634213447571,0.005550697911530733,0.9667616486549377,-0.01960396021604538,-0.2555091679096222,0.0027273446321487427,0.9666039943695068,-0.03147156909108162,-0.2543202340602875,0.04770047962665558,0.9654302000999451,-0.05293896049261093,0.3365592956542969,0.02152351476252079,0.9399266242980957,-0.04767002537846565,0.14506825804710388,0.03151768073439598,0.9877699017524719,-0.032611820846796036,0.14553171396255493,0.02930331975221634,0.9883816838264465,-0.032611820846796036,0.14553171396255493,0.02930331975221634,0.9883816838264465,-0.03286925330758095,0.0806957483291626,0.087982177734375,0.9923038482666016,-0.042202796787023544,0.1947399377822876,0.0908002033829689,0.9757307767868042,0.28980356454849243,0.21396341919898987,0.019697124138474464,0.9326550960540771,0.21474029123783112,0.3059345483779907,-0.24678963422775269,0.8940836191177368,0.06579175591468811,-0.13673962652683258,-0.34376299381256104,0.9267150163650513,0.08282070606946945,-0.13427335023880005,-0.38543790578842163,0.9091473817825317,0.08282070606946945,-0.13427335023880005,-0.38543790578842163,0.9091473817825317,-0.028004145249724388,0.02928916923701763,0.09280046075582504,0.9948597550392151,-0.33917319774627686,-0.0013522733934223652,0.09730340540409088,0.935677170753479,-0.33252429962158203,0.08596290647983551,0.2954210340976715,0.8914955854415894,-0.15171241760253906,-0.33637872338294983,0.44403788447380066,0.816494345664978,-0.1881544589996338,-0.32842227816581726,0.4924994111061096,0.7836970090866089,-0.1881544589996338,-0.32842227816581726,0.4924994111061096,0.7836970090866089,-0.03286925330758095,0.0806957483291626,0.087982177734375,0.9923038482666016
0.102092444896698,0.01476107258349657,0.6949688792228699,-0.032403379678726196,0.07810874283313751,0.09056010842323303,0.9922942519187927,-0.7428733110427856,0.15314872562885284,-0.15207849442958832,1.3087654113769531,-0.42216941714286804,-0.07915040850639343,-0.7958593964576721,-0.016566583886742592,0.12677468359470367,1.3708547353744507,-0.4241103231906891,0.0513031929731369,-0.0,0.26663631200790405,0.7494271397590637,-0.5449253916740417,-0.9794877767562866,-0.0694521814584732,-0.07748718559741974,-0.73426353931427,0.3919375240802765,-1.0888912677764893,0.13868282735347748,-0.0,0.19734373688697815,0.2066527158021927,-1.1488150358200073,0.05385679379105568,-0.14643621444702148,0.15638278424739838,-2.2058486938476562,0.24550972878932953,-0.2726447582244873,5.320969581604004,-1.1289783716201782,0.2650415897369385,-2.895977258682251,0.16604968905448914,1.0104318857192993,5.040381908416748,-0.8418827652931213,0.6247177720069885,0.0,1.0559883117675781,1.8130104541778564,1.3729064464569092,-0.4158800542354584,0.8200527429580688,0.791146993637085,-2.8509252071380615,-1.5330710411071777,-3.0479941368103027,-0.00398486852645874,0.0,0.0,0.0,-0.032403379678726196,0.07810874283313751,0.09056010842323303,0.9922942519187927,-0.032403379678726196,0.07810874283313751,0.09056010842323303,0.9922942519187927,0.008893013000488281,-0.2720593810081482,0.18896037340164185,0.9435033798217773,0.08104453980922699,-0.25680676102638245,0.2092190682888031,0.9400582313537598,0.10031893104314804,-0.24990805983543396,0.13720205426216125,0.953235387802124,-0.003915287554264069,0.3819223642349243,0.16992045938968658,0.9084310531616211,0.031773459166288376,0.18311023712158203,0.16696926951408386,0.9682883620262146,-0.006561625748872757,0.17636074125766754,0.17408326268196106,0.9687873125076294,-0.006561625748872757,0.17636074125766754,0.17408326268196106,0.9687873125076294,-0.0038082324899733067,-0.30266639590263367,-0.003909238148480654,0.953080952167511,-0.011702659539878368,-0.3026236295700073,-0.006416149437427521,0.9530166983604431,-0.030848821625113487,-0.3012745678424835,0.0539654865860939,0.9515091776847839,-0.05804193392395973,0.36907774209976196,0.02224987931549549,0.9273175001144409,-0.05205890163779259,0.16563855111598969,0.03396754711866379,0.9842255711555481,-0.0267975851893425,0.16645528376102448,0.02970794588327408,0.9852370023727417,-0.0267975851893425,0.16645528376102448,0.02970794588327408,0.9852370023727417,-0.032403379678726196,0.07810874283313751,0.09056010842323303,0.9922942519187927,-0.04347773641347885,0.20932510495185852,0.09373988956212997,0.9723711013793945,0.31543272733688354,0.22910992801189423,0.010621270164847374,0.920813798904419,0.2420845329761505,0.3209371566772461,-0.231745183467865,0.8858265280723572,0.09421448409557343,-0.12520770728588104,-0.3439139425754547,0.9258346557617188,0.10603835433721542,-0.12251821905374527,-0.3739011287689209,0.9132048487663269,0.10603835433721542,-0.12251821905374527,-0.3739011287689209,0.9132048487663269,-0.02868826873600483,0.039769355207681656,0.09415817260742188,0.9943488240242004,-0.3836878836154938,0.0033220346085727215,0.10215834528207779,0.9177888035774231,-0.3769473731517792,0.0890427976846695,0.2738681435585022,0.8803285360336304,-0.17922468483448029,-0.36701834201812744,0.4578779339790344,0.7896352410316467,-0.21729497611522675,-0.35745981335639954,0.5038731098175049,0.7557229995727539,-0.21729497611522675,-0.35745981335639954,0.5038731098175049,0.7557229995727539,-0.032403379678726196,0.07810874283313751,0.09056010842323303,0.9922942519187927
0.1093313992023468,0.023980457335710526,0.6623084545135498,-0.03135043755173683,0.07447641342878342,0.09583263844251633,0.9921121597290039,-0.8059812188148499,0.1599321812391281,-0.1611609160900116,1.483488917350769,-0.46448272466659546,-0.0633283257484436,-0.8737887740135193,-0.008414228446781635,0.16346345841884613,1.515252709388733,-0.4716116189956665,0.06181164085865021,-0.0,0.30326658487319946,0.8578322529792786,-0.5019355416297913,-1.043748140335083,-0.03783136233687401,-0.04284852370619774,-0.8763529658317566,0.3300126791000366,-1.1978378295898438,0.13469459116458893,-0.0,0.21716861426830292,0.2765815258026123,-0.9798126816749573,0.10678292065858841,-0.1994362622499466,0.317033052444458,-1.8932371139526367,0.20350365340709686,-0.27247264981269836,5.241704940795898,-1.2693991661071777,0.4746624529361725,-2.337881088256836,0.24457065761089325,1.100663185119629,4.331939220428467,-1.4250388145446777,0.3152534067630768,0.0,1.0989081859588623,3.252153158187866,1.289695382118225,-1.927810788154602,0.9486245512962341,1.0391597747802734,-4.2626824378967285,-1.8577452898025513,-3.2683966159820557,-0.1196470782160759,0.0,0.0,0.0,-0.03135043755173683,0.07447641342878342,0.09583263844251633,0.9921121597290039,-0.03135043755173683,0.07447641342878342,0.09583263844251633,0.9921121597290039,0.015022621490061283,-0.30412787199020386,0.20073220133781433,0.9311214685440063,0.08935342729091644,-0.28712132573127747,0.22438475489616394,0.9269459247589111,0.11217482388019562,-0.2789973020553589,0.1490437388420105,0.941999614238739,-0.017984729260206223,0.4306892454624176,0.1856711506843567,0.8830116391181946,0.025232046842575073,0.21589317917823792,0.18482579290866852,0.9584325551986694,-0.0051234932616353035,0.2099335938692093,0.19156807661056519,0.9587509036064148,-0.0051234932616353035,0.2099335938692093,0.19156807661056519,0.9587509036064148,0.0026058845687657595,-0.34143850207328796,-0.009005299769341946,0.9398573637008667,-0.0013482142239809036,-0.34139758348464966,-0.01044168695807457,0.9398599863052368,-0.029215672984719276,-0.34014788269996643,0.06632405519485474,0.9375750422477722,-0.06680211424827576,0.39719367027282715,0.02810540609061718,0.9148687124252319,-0.05838729068636894,0.1724642664194107,0.04293437674641609,0.9823459982872009,-0.028004031628370285,0.17370861768722534,0.0375845730304718,0.9836810827255249,-0.028004031628370285,0.17370861768722534,0.0375845730304718,0.9836810827255249,-0.03135043755173683,0.07447641342878342,0.09583263844251633,0.9921121597290039,-0.04473155364394188,0.22348487377166748,0.09941671043634415,0.9685916900634766,0.36214345693588257,0.24458691477775574,-0.0025328381452709436,0.8994570374488831,0.29021674394607544,0.34071075916290283,-0.21973690390586853,0.8668368458747864,0.13041743636131287,-0.12652641534805298,-0.3615514636039734,0.9144741296768188,0.13686536252498627,-0.12449722737073898,-0.37767916917800903,0.9072633385658264,0.13686536252498627,-0.12449722737073898,-0.37767916917800903,0.9072633385658264,-0.029194125905632973,0.053289785981178284,0.09781546145677567,0.9933478832244873,-0.4479025900363922,0.00675331661477685,0.11118479818105698,0.8871164321899414,-0.4418585002422333,0.08923790603876114,0.2504839301109314,0.8567703366279602,-0.22217696905136108,-0.3930874764919281,0.4859563112258911,0.7483088374137878,-0.26029837131500244,-0.3815295994281769,0.5273313522338867,0.7131630778312683,-0.26029837131500244,-0.3815295994281769,0.5273313522338867,0.7131630778312683,-0.03135043755173683,0.07447641342878342,0.09583263844251633,0.9921121597290039
0.11507656425237656,0.03386250510811806,0.6311339735984802,-0.03263707458972931,0.0689610168337822,0.10076263546943665,0.9919809103012085,-0.8514441847801208,0.16244010627269745,-0.17695122957229614,1.6387485265731812,-0.5043613314628601,-0.056658901274204254,-0.9231409430503845,-0.012750760652124882,0.18799550831317902,1.6538505554199219,-0.5202296376228333,0.085345558822155,-0.0,0.34264227747917175,0.9942583441734314,-0.42711225152015686,-1.1239444017410278,0.018279360607266426,-0.005701552145183086,-1.0368355512619019,0.24471639096736908,-1.3203445672988892,0.09084897488355637,-0.0,0.17235493659973145,0.29646140336990356,-0.9352343678474426,-0.023092985153198242,-0.32585471868515015,0.310348242521286,-1.3638888597488403,0.07523774355649948,-0.473709374666214,4.657787799835205,-1.19635808467865,0.2000827193260193,-1.4805649518966675,-0.1300959587097168,0.7359614372253418,4.15793514251709,-1.458540439605713,0.7060174942016602,0.0,1.181270718574524,4.092782497406006,2.2446985244750977,-2.4058876037597656,1.6833217144012451,1.11440908908844,-4.814477443695068,-2.5588884353637695,-3.675201892852783,-1.315368413925171,0.0,0.0,0.0,-0.03263707458972931,0.0689610168337822,0.10076263546943665,0.9919809103012085,-0.03263707458972931,0.0689610168337822,0.10076263546943665,0.9919809103012085,0.01784198358654976,-0.32941368222236633,0.21081732213497162,0.9201762676239014,0.09243778884410858,-0.31122398376464844,0.23684793710708618,0.915695309638977,0.11957605183124542,-0.30183884501457214,0.15501049160957336,0.9330416321754456,-0.03163706883788109,0.47573211789131165,0.1931988000869751,0.8575268387794495,0.017569834366440773,0.2467181384563446,0.19498200714588165,0.9491066932678223,-0.009321290999650955,0.2410961538553238,0.20189222693443298,0.949223518371582,-0.009321290999650955,0.2410961538553238,0.20189222693443298,0.949223518371582,0.006175420247018337,-0.3687474727630615,-0.010083876550197601,0.9294543862342834,0.0002497093519195914,-0.36867567896842957,-0.012434561736881733,0.9294748902320862,-0.03435507044196129,-0.36707156896591187,0.07486028224229813,0.9265387654304504,-0.07834939658641815,0.4332367777824402,0.02541072852909565,0.8975085020065308,-0.06917832791805267,0.1878313273191452,0.04470672085881233,0.9787415862083435,-0.027362406253814697,0.18956750631332397,0.036653172224760056,0.9808017015457153,-0.027362406253814697,0.18956750631332397,0.036653172224760056,0.9808017015457153,-0.03263707458972931,0.0689610168337822,0.10076263546943665,0.9919809103012085,-0.048565611243247986,0.2370842695236206,0.10435337573289871,0.9646464586257935,0.417356938123703,0.2581530511379242,-0.02134452760219574,0.8710422515869141,0.3535560369491577,0.3521610200405121,-0.19954584538936615,0.8433043360710144,0.1800529956817627,-0.1383489966392517,-0.38458874821662903,0.8947245478630066,0.1768389493227005,-0.1396985501050949,-0.3769757151603699,0.8983883261680603,0.1768389493227005,-0.1396985501050949,-0.3769757151603699,0.8983883261680603,-0.03233791142702103,0.06614424288272858,0.10103265196084976,0.9921550154685974,-0.5197080373764038,0.0073908474296331406,0.12053228914737701,0.8457664251327515,-0.5158459544181824,0.0771242007613182,0.21867291629314423,0.8247041702270508,-0.27203115820884705,-0.4243350625038147,0.520330548286438,0.6893438100814819,-0.2987177073955536,-0.41499435901641846,0.5454006791114807,0.6641426682472229,-0.2987177073955536,-0.41499435901641846,0.5454006791114807,0.6641426682472229,-0.03263707458972931,0.0689610168337822,0.10076263546943665,0.9919809103012085
0.1241825744509697,0.04013366997241974,0.5991122126579285,-0.027697449550032616,0.06512772291898727,0.1078413873910904,0.9916458129882812,-0.8677864670753479,0.12150976806879044,-0.20663219690322876,1.7749338150024414,-0.5356722474098206,-0.08487613499164581,-0.9543810486793518,-0.019074253737926483,0.2099861055612564,1.8021817207336426,-0.5720207095146179,0.09987536817789078,-0.0,0.33635184168815613,1.1604381799697876,-0.3443445563316345,-1.2176551818847656,0.056676190346479416,0.027430588379502296,-1.2151861190795898,0.15705382823944092,-1.4347647428512573,0.08173724263906479,-0.0,0.2731803059577942,0.18813493847846985,-0.960652768611908,0.34581443667411804,-0.18304391205310822,0.41041919589042664,-0.49026843905448914,-1.227910041809082,-0.8904289603233337,4.0855584144592285,-0.9393274188041687,-0.8465169668197632,-0.9372031092643738,-0.1897047758102417,0.659717857837677,4.449934959411621,-1.5537320375442505,0.435894250869751,0.0,-0.18871305882930756,4.9853949546813965,2.4830307960510254,-2.8113231658935547,1.151904821395874,0.9939641356468201,-5.3505167961120605,-2.6298768520355225,-3.432605028152466,-0.2733519673347473,0.0,0.0,0.0,-0.027697449550032616,0.06512772291898727,0.1078413873910904,0.9916458129882812,-0.027697449550032616,0.06512772291898727,0.1078413873910904,0.9916458129882812,0.025747990235686302,-0.3405825197696686,0.2169959396123886,0.9144688844680786,0.08122476190328598,-0.32677870988845825,0.2372749000787735,0.9112183451652527,0.11449311673641205,-0.3166593015193939,0.14203353226184845,0.9308301210403442,-0.037854962050914764,0.5219035744667053,0.17846344411373138,0.833267331123352,0.01072424091398716,0.2827751934528351,0.18211860954761505,0.9416772127151489,-0.029236381873488426,0.2747941315174103,0.19395147264003754,0.9412843585014343,-0.029236381873488426,0.2747941315174103,0.19395147264003754,0.9412843585014343,0.015497098676860332,-0.3853696286678314,-0.009796814993023872,0.9225801229476929,0.006697763688862324,-0.38525867462158203,-0.0134716322645545,0.922685980796814,-0.033714327961206436,-0.38383907079696655,0.08330028504133224,0.9190168380737305,-0.0862361416220665,0.48224329948425293,0.02527689002454281,0.8714159727096558,-0.07560168951749802,0.21680328249931335,0.04857960343360901,0.9720703363418579,-0.026984671130776405,0.21895796060562134,0.03769689053297043,0.9746323227882385,-0.026984671130776405,0.21895796060562134,0.03769689053297043,0.9746323227882385,-0.027697449550032616,0.06512772291898727,0.1078413873910904,0.9916458129882812,-0.044637516140937805,0.23015837371349335,0.11211535334587097,0.9656421542167664,0.4920397102832794,0.2539536952972412,-0.03240763768553734,0.832078218460083,0.4416913688182831,0.3432830274105072,-0.168907031416893,0.8115022778511047,0.25232571363449097,-0.16545598208904266,-0.41927629709243774,0.8562496304512024,0.24170830845832825,-0.1713087111711502,-0.39691030979156494,0.8687304854393005,0.24170830845832825,-0.1713087111711502,-0.39691030979156494,0.8687304854393005,-0.029227042570710182,0.07867119461297989,0.1065981537103653,0.9907540082931519,-0.5896105766296387,0.0037348433397710323,0.13243253529071808,0.7967478036880493,-0.5881535410881042,0.053809333592653275,0.19149869680404663,0.7839057445526123,-0.31672847270965576,-0.4498497247695923,0.5626514554023743,0.6170426607131958,-0.34121671319007874,-0.44023779034614563,0.582005500793457,0.5924790501594543,-0.34121671319007874,-0.44023779034614563,0.582005500793457,0.5924790501594543,-0.027697449550032616,0.06512772291898727,0.1078413873910904,0.9916458129882812
0.13374453783035278,0.04726312309503555,0.5688017010688782,-0.023669328540563583,0.06213154271245003,0.12141001969575882,0.9903731942176819,-0.8753036260604858,0.08128787577152252,-0.23198114335536957,1.8964539766311646,-0.5466512441635132,-0.11552570015192032,-0.957970917224884,-0.032935552299022675,0.22514043748378754,1.9362578392028809,-0.6094141602516174,0.12022821605205536,-0.0,0.3124579191207886,1.3179830312728882,-0.24568910896778107,-1.3078495264053345,0.09908729791641235,0.05652822554111481,-1.3732595443725586,0.06180190294981003,-1.4819934368133545,0.04072592779994011,-0.0,0.2868588864803314,0.21388357877731323,-0.909315288066864,0.3099725544452667,-0.12468751519918442,0.8048180341720581,-0.225514754652977,-1.2066566944122314,-0.7604683637619019,3.6456046104431152,-0.3293698728084564,-0.9194868803024292,-0.1076960489153862,-0.41583892703056335,0.45462992787361145,4.022283554077148,-1.1218035221099854,0.6105853915214539,0.0,-0.7168176174163818,4.726345062255859,2.959663152694702,-2.7058300971984863,1.2723331451416016,0.8729290962219238,-4.742202281951904,-2.857557535171509,-1.4168606996536255,-1.2303394079208374,0.0,0.0,0.0,-0.023669328540563583,0.06213154271245003,0.12141001969575882,0.9903731942176819,-0.023669328540563583,0.06213154271245003,0.12141001969575882,0.9903731942176819,0.0350787378847599,-0.3465597927570343,0.22829169034957886,0.9091472625732422,0.07199092209339142,-0.33699747920036316,0.2421848326921463,0.9069710969924927,0.11050812900066376,-0.3264015018939972,0.13559313118457794,0.9289050102233887,-0.04571356251835823,0.5642938613891602,0.16884256899356842,0.8068301677703857,0.0015599275939166546,0.32555466890335083,0.17491458356380463,0.929202139377594,-0.05208619683980942,0.3149137496948242,0.19341737031936646,0.9277424812316895,-0.05208619683980942,0.3149137496948242,0.19341737031936646,0.9277424812316895,0.02563173696398735,-0.3885732889175415,0.00014797966287005693,0.9210612177848816,0.010461117140948772,-0.38852304220199585,-0.006250689271837473,0.9213584065437317,-0.0332489050924778,-0.3872390687465668,0.09728747606277466,0.9162290096282959,-0.09899488091468811,0.5353103876113892,0.027755293995141983,0.8383748531341553,-0.08610770106315613,0.25912725925445557,0.0561765693128109,0.9603555202484131,-0.028256013989448547,0.26203417778015137,0.040507275611162186,0.9637939929962158,-0.028256013989448547,0.26203417778015137,0.040507275611162186,0.9637939929962158,-0.023669328540563583,0.06213154271245003,0.12141001969575882,0.9903731942176819,-0.041627462953329086,0.21539834141731262,0.12593166530132294,0.9674770832061768,0.5594943165779114,0.24740657210350037,-0.03232983499765396,0.7903865575790405,0.5252705216407776,0.32004737854003906,-0.124440036714077,0.7785725593566895,0.3278433680534363,-0.19837799668312073,-0.44687554240226746,0.8083731532096863,0.3078962564468384,-0.21168510615825653,-0.41042235493659973,0.8318309783935547,0.3078962564468384,-0.21168510615825653,-0.41042235493659973,0.8318309783935547,-0.027194445952773094,0.0899977907538414,0.11893653869628906,0.9884406924247742,-0.6476382613182068,-0.005794838070869446,0.14903664588928223,0.7472075819969177,-0.6477969288825989,0.01562746986746788,0.17074927687644958,0.7422665357589722,-0.36361274123191833,-0.46138423681259155,0.5938814878463745,0.5497409701347351,-0.3758470416069031,-0.4559765160083771,0.6021925210952759,0.5368319749832153,-0.3758470416069031,-0.4559765160083771,0.6021925210952759,0.5368319749832153,-0.023669328540563583,0.06213154271245003,0.12141001969575882,0.9903731942176819
0.14401572942733765,0.05348607897758484,0.5324311256408691,-0.02036902867257595,0.060028985142707825,0.13296446204185486,0.9890915155410767,-0.8697068095207214,0.03542027249932289,-0.25839927792549133,2.025887966156006,-0.5535242557525635,-0.1613837629556656,-0.9431868195533752,-0.04001128301024437,0.22512270510196686,2.0741794109344482,-0.6498326063156128,0.14520928263664246,-0.0,0.2755199372768402,1.4920250177383423,-0.19833189249038696,-1.422115445137024,0.12282564491033554,0.07699605822563171,-1.5265579223632812,-0.006019813474267721,-1.5040643215179443,0.022064168006181717,-0.0,0.3081357181072235,0.18668866157531738,-1.091117262840271,0.25268787145614624,-0.07971251755952835,0.6866291761398315,0.16790448129177094,-1.376028060913086,-0.7925440073013306,3.88301944732666,-0.2061903327703476,-1.3757418394088745,0.4435229003429413,-0.21227191388607025,-0.0005319714546203613,4.1376471519470215,-1.2125532627105713,0.7494319677352905,0.0,-1.1081393957138062,5.221259117126465,1.420716404914856,-3.4279773235321045,0.7121503949165344,0.6140349507331848,-4.5989508628845215,-2.034651517868042,-0.6621264815330505,-0.5598527789115906,0.0,0.0,0.0,-0.02036902867257595,0.060028985142707825,0.13296446204185486,0.9890915155410767,-0.02036902867257595,0.060028985142707825,0.13296446204185486,0.9890915155410767,0.042178187519311905,-0.34582075476646423,0.23672351241111755,0.9069679975509644,0.05823325738310814,-0.3415743410587311,0.24281060695648193,0.9060788154602051,0.1017565131187439,-0.33122462034225464,0.12404721230268478,0.9298108220100403,-0.051374536007642746,0.6135070323944092,0.15199591219425201,0.7732186317443848,-0.007887758314609528,0.3788840174674988,0.16024944186210632,0.9114300608634949,-0.08132731914520264,0.36473438143730164,0.19026771187782288,0.907828688621521,-0.08132731914520264,0.36473438143730164,0.19026771187782288,0.907828688621521,0.03314424306154251,-0.3829578161239624,0.011088818311691284,0.923104465007782,0.014671547338366508,-0.38310301303863525,0.0034257937222719193,0.9235827326774597,-0.028452889993786812,-0.38232657313346863,0.10714444518089294,0.9173532128334045,-0.10671836137771606,0.5952742099761963,0.030011504888534546,0.7958385944366455,-0.09155403077602386,0.31007280945777893,0.06250887364149094,0.944227397441864,-0.02281774953007698,0.31379035115242004,0.03985123708844185,0.9483811855316162,-0.02281774953007698,0.31379035115242004,0.03985123708844185,0.9483811855316162,-0.02036902867257595,0.060028985142707825,0.13296446204185486,0.9890915155410767,-0.03788170963525772,0.1951945424079895,0.13744178414344788,0.9703472852706909,0.6307696104049683,0.2366349846124649,-0.031544215977191925,0.7383350133895874,0.6044853925704956,0.3023882806301117,-0.1004207581281662,0.7301194667816162,0.37890079617500305,-0.2214934527873993,-0.49920254945755005,0.7471088767051697,0.3531906008720398,-0.24000072479248047,-0.45792829990386963,0.779716432094574,0.3531906008720398,-0.24000072479248047,-0.45792829990386963,0.779716432094574,-0.025606516748666763,0.09792882949113846,0.1296931505203247,0.9863741397857666,-0.7003775238990784,-0.018895411863923073,0.16141045093536377,0.6950258612632751,-0.7002871036529541,-0.02113059163093567,0.15945425629615784,0.6955040097236633,-0.4049101769924164,-0.45986706018447876,0.6236804127693176,0.4853789806365967,-0.41140642762184143,-0.45663151144981384,0.6274954080581665,0.4779978096485138,-0.41140642762184143,-0.45663151144981384,0.6274954080581665,0.4779978096485138,-0.02036902867257595,0.060028985142707825,0.13296446204185486,0.9890915155410767
0.15270251035690308,0.05861902981996536,0.4998997151851654,-0.01875012181699276,0.06106889247894287,0.14264969527721405,0.9877095222473145,-0.8604108095169067,0.010694439522922039,-0.2751021981239319,2.136613368988037,-0.5702188014984131,-0.19457527995109558,-0.916917085647583,-0.04779306426644325,0.2161465585231781,2.189736843109131,-0.6780096888542175,0.15577208995819092,-0.0,0.2397344559431076,1.6308283805847168,-0.158346489071846,-1.5370866060256958,0.1300579309463501,0.0872880220413208,-1.6530627012252808,-0.0430455207824707,-1.514129638671875,0.0186845064163208,-0.0,0.2606034278869629,0.15398851037025452,-0.9759422540664673,0.12097527831792831,0.09144505858421326,0.5787081122398376,0.2788800001144409,-0.7417749166488647,-0.5010876059532166,3.3217618465423584,-0.5008363723754883,-0.9957454800605774,0.7880919575691223,-0.2334534227848053,-0.2692843973636627,3.4667227268218994,-0.8453124165534973,0.31688418984413147,0.0,-1.0735644102096558,4.164100646972656,1.1995620727539062,-3.449134588241577,0.2169685661792755,0.3087588846683502,-3.7951431274414062,-1.1107711791992188,-0.30195948481559753,-0.10138984024524689,0.0,0.0,0.0,-0.01875012181699276,0.06106889247894287,0.14264969527721405,0.9877095222473145,-0.01875012181699276,0.06106889247894287,0.14264969527721405,0.9877095222473145,0.04701625555753708,-0.3403671979904175,0.24382062256336212,0.9069129824638367,0.051865022629499435,-0.3390585780143738,0.24563713371753693,0.906648576259613,0.09786609560251236,-0.32874447107315063,0.1189994141459465,0.9317662715911865,-0.057156261056661606,0.6582608819007874,0.14307968318462372,0.736854076385498,-0.014605974778532982,0.42443811893463135,0.15337958931922913,0.8922520279884338,-0.10120513290166855,0.407532662153244,0.1938817799091339,0.8866140842437744,-0.10120513290166855,0.407532662153244,0.1938817799091339,0.8866140842437744,0.03717177361249924,-0.3696173429489136,0.02279774658381939,0.9281603097915649,0.014983458444476128,-0.37005653977394104,0.013959505595266819,0.9287834763526917,-0.02501937560737133,-0.36951369047164917,0.1140594556927681,0.9218590259552002,-0.11284676194190979,0.6501132845878601,0.03001895174384117,0.750810980796814,-0.09644144773483276,0.36343154311180115,0.06583750247955322,0.9242737293243408,-0.024233808740973473,0.3674524128437042,0.03736027330160141,0.9289755821228027,-0.024233808740973473,0.3674524128437042,0.03736027330160141,0.9289755821228027,-0.01875012181699276,0.06106889247894287,0.14264969527721405,0.9877095222473145,-0.03518148884177208,0.17864909768104553,0.14680466055870056,0.9722629189491272,0.6836974620819092,0.22935111820697784,-0.029413849115371704,0.6921637654304504,0.6635981798171997,0.28603798151016235,-0.08056126534938812,0.6865345239639282,0.40740346908569336,-0.2414979487657547,-0.5476928949356079,0.6897344589233398,0.3794153034687042,-0.26192280650138855,-0.507858395576477,0.7276815176010132,0.3794153034687042,-0.26192280650138855,-0.507858395576477,0.7276815176010132,-0.025111116468906403,0.10396825522184372,0.13899150490760803,0.9845005869865417,-0.7411959171295166,-0.03180885314941406,0.17063479125499725,0.6484601497650146,-0.740110456943512,-0.04859764128923416,0.1576688289642334,0.6519320011138916,-0.4331970512866974,-0.4505579173564911,0.6499214768409729,0.4323655366897583,-0.4385242462158203,-0.44764775037765503,0.6526755094528198,0.425819993019104,-0.4385242462158203,-0.44764775037765503,0.6526755094528198,0.425819993019104,-0.01875012181699276,0.06106889247894287,0.14264969527721405,0.9877095222473145
0.15835414826869965,0.06007169932126999,0.4756262004375458,-0.024854375049471855,0.05895911157131195,0.14720699191093445,0.987034022808075,-0.8390676379203796,0.0011919322423636913,-0.3043516278266907,2.224313735961914,-0.5903307795524597,-0.20643652975559235,-0.8892201781272888,-0.04197826236486435,0.2045619934797287,2.2795276641845703,-0.6791753768920898,0.1546766310930252,-0.0,0.20003710687160492,1.7330352067947388,-0.1173269972205162,-1.6561720371246338,0.11151376366615295,0.08846408128738403,-1.7375400066375732,-0.07882162928581238,-1.5269101858139038,0.030701056122779846,-0.0,0.1695491224527359,0.043580081313848495,-0.7282053828239441,-0.3277609944343567,-0.16967689990997314,0.30060216784477234,0.6402950882911682,-0.28507521748542786,-0.8774828314781189,2.6310107707977295,-0.6033592820167542,-0.35583746433258057,0.8309071660041809,0.1744440495967865,-0.34753692150115967,2.6937243938446045,-0.034970641136169434,-0.032863765954971313,0.0,-1.190920352935791,3.06620454788208,1.230584740638733,-3.5725626945495605,-0.5563250184059143,0.03528177738189697,-2.5343189239501953,-1.0732831954956055,-0.38341638445854187,0.360496461391449,0.0,0.0,0.0,-0.024854375049471855,0.05895911157131195,0.14720699191093445,0.987034022808075,-0.024854375049471855,0.05895911157131195,0.14720699191093445,0.987034022808075,0.041436195373535156,-0.33188721537590027,0.2482791393995285,0.909115731716156,0.04197799041867256,-0.3317391872406006,0.24847687780857086,0.9090908765792847,0.09178093820810318,-0.32154208421707153,0.1077970638871193,0.9362514615058899,-0.056022804230451584,0.697139322757721,0.13002073764801025,0.7028177976608276,-0.015777258202433586,0.46254247426986694,0.14069479703903198,0.8752202391624451,-0.10587167739868164,0.4455842077732086,0.18760408461093903,0.8689364790916443,-0.10587167739868164,0.4455842077732086,0.18760408461093903,0.8689364790916443,0.03215590864419937,-0.3596034646034241,0.03334486111998558,0.9319546222686768,0.012589344754815102,-0.3602240979671478,0.02579030767083168,0.9324242472648621,-0.024256320670247078,-0.3596269190311432,0.12085860967636108,0.924917995929718,-0.11993876844644547,0.6900648474693298,0.028458112850785255,0.7131727337837219,-0.10360996425151825,0.4131000339984894,0.0667843371629715,0.9023044109344482,-0.03358710557222366,0.41702505946159363,0.03466808795928955,0.9076123237609863,-0.03358710557222366,0.41702505946159363,0.03466808795928955,0.9076123237609863,-0.024854375049471855,0.05895911157131195,0.14720699191093445,0.987034022808075,-0.03903039172291756,0.15718300640583038,0.15018291771411896,0.9753026366233826,0.7179858684539795,0.21622474491596222,-0.02254473976790905,0.6612374186515808,0.7041816115379333,0.2602998614311218,-0.05855397880077362,0.6579845547676086,0.4198182225227356,-0.2750054597854614,-0.5872185826301575,0.6350582838058472,0.3946003019809723,-0.29254424571990967,-0.556551456451416,0.6700439453125,0.3946003019809723,-0.29254424571990967,-0.556551456451416,0.6700439453125,-0.031490061432123184,0.10239060968160629,0.14322571456432343,0.9838754534721375,-0.7715587615966797,-0.043237488716840744,0.17066916823387146,0.6113097071647644,-0.7688372135162354,-0.07505619525909424,0.14840702712535858,0.6174392700195312,-0.45746010541915894,-0.4471922218799591,0.6644210815429688,0.3863857388496399,-0.4660021960735321,-0.44211867451667786,0.6682146191596985,0.37531620264053345,-0.4660021960735321,-0.44211867451667786,0.6682146191596985,0.37531620264053345,-0.024854375049471855,0.05895911157131195,0.14720699191093445,0.987034022808075
0.16464738547801971,0.056722529232501984,0.45980674028396606,-0.027103455737233162,0.05086683854460716,0.1525871902704239,0.9866079092025757,-0.7894623875617981,-0.004990001209080219,-0.33529239892959595,2.2797749042510986,-0.6206786036491394,-0.22604362666606903,-0.849371612071991,-0.03614126145839691,0.17906957864761353,2.35573410987854,-0.6787298917770386,0.12028032541275024,-0.0,0.15350452065467834,1.7787400484085083,-0.06369762122631073,-1.7805310487747192,0.07921608537435532,0.09112031012773514,-1.7814031839370728,-0.0969465970993042,-1.5588520765304565,0.03451460599899292,-0.0,0.18879710137844086,-0.10047509521245956,-0.47458377480506897,-0.04332426190376282,-0.48958319425582886,0.3424195647239685,1.4881573915481567,-0.1854579895734787,-0.9282230734825134,1.6638349294662476,-0.9104346632957458,-0.5882128477096558,1.195456862449646,0.17511001229286194,-0.7647724151611328,2.2861931324005127,0.013364552520215511,-1.0318890810012817,0.0,-1.39597749710083,1.3711451292037964,1.6088812351226807,-3.7307701110839844,-0.9689303040504456,0.07968685775995255,-1.3158951997756958,-0.5437490344047546,-0.9582566618919373,0.11440648883581161,0.0,0.0,0.0,-0.027103455737233162,0.05086683854460716,0.1525871902704239,0.9866079092025757,-0.027103455737233162,0.05086683854460716,0.1525871902704239,0.9866079092025757,0.03672315552830696,-0.3168290853500366,0.24911947548389435,0.9144452810287476,0.0344415009021759,-0.3174496591091156,0.24832822382450104,0.9145340919494629,0.08692893385887146,-0.3072521388530731,0.09224572032690048,0.9431490898132324,-0.047503285109996796,0.7285943031311035,0.11751319468021393,0.6731154322624207,-0.009347669780254364,0.48823219537734985,0.1264062225818634,0.863460123538971,-0.10667022317647934,0.47086092829704285,0.18066321313381195,0.8568968772888184,-0.10667022317647934,0.47086092829704285,0.18066321313381195,0.8568968772888184,0.030608538538217545,-0.34920692443847656,0.044605452567338943,0.9354827404022217,0.013699698261916637,-0.3499559164047241,0.03828812390565872,0.935883104801178,-0.017646558582782745,-0.3497790992259979,0.12181694805622101,0.9287108182907104,-0.11929024755954742,0.7240060567855835,0.030341491103172302,0.6787226796150208,-0.10238634794950485,0.45677441358566284,0.0683213323354721,0.8810257315635681,-0.04924814775586128,0.46005499362945557,0.040743887424468994,0.8855867981910706,-0.04924814775586128,0.46005499362945557,0.040743887424468994,0.8855867981910706,-0.027103455737233162,0.05086683854460716,0.1525871902704239,0.9866079092025757,-0.03845558688044548,0.1263483613729477,0.1548139899969101,0.9790760278701782,0.736200749874115,0.199827179312706,-0.0006140680052340031,0.646588921546936,0.7294780015945435,0.22441579401493073,-0.01969042420387268,0.6458418369293213,0.43139585852622986,-0.3241271674633026,-0.6092969179153442,0.581030547618866,0.41211190819740295,-0.33676546812057495,-0.5902082324028015,0.6069654226303101,0.41211190819740295,-0.33676546812057495,-0.5902082324028015,0.6069654226303101,-0.03415657579898834,0.09558233618736267,0.14837540686130524,0.9837083220481873,-0.7863261103630066,-0.055255282670259476,0.16762487590312958,0.5920642018318176,-0.7822204232215881,-0.0950174331665039,0.14118890464305878,0.5993067622184753,-0.4627063274383545,-0.45373857021331787,0.6754109263420105,0.351915180683136,-0.4722951352596283,-0.44801580905914307,0.6790533661842346,0.33927223086357117,-0.4722951352596283,-0.44801580905914307,0.6790533661842346,0.33927223086357117,-0.027103455737233162,0.05086683854460716,0.1525871902704239,0.9866079092025757
0.16990326344966888,0.05304497480392456,0.4457601010799408,-0.03183428570628166,0.041480228304862976,0.1617984026670456,0.9854375720024109,-0.7496230006217957,0.004745993763208389,-0.3719983994960785,2.3081681728363037,-0.6643756031990051,-0.23508496582508087,-0.8150809407234192,-0.005958599969744682,0.15203344821929932,2.3910999298095703,-0.6779513359069824,0.10150470584630966,-0.0,0.1118641272187233,1.7335809469223022,0.035598788410425186,-1.896555781364441,0.04624681919813156,0.10385420173406601,-1.7444719076156616,-0.15113306045532227,-1.6125339269638062,0.046648625284433365,-0.0,0.1576763242483139,-0.1103266254067421,-0.42139914631843567,-0.16790786385536194,-0.5804339051246643,0.5857083201408386,1.1951814889907837,0.2920798361301422,-1.1011799573898315,0.8517979979515076,-1.3109098672866821,-0.2712401747703552,1.0287201404571533,0.9054797887802124,-0.8110838532447815,1.0609745979309082,0.02335667423903942,-0.5632685422897339,0.0,-1.2492117881774902,-1.354772925376892,2.9788920879364014,-3.4807417392730713,-0.9890779256820679,0.38201671838760376,1.107938289642334,-1.6255937814712524,-1.6104553937911987,0.36402055621147156,0.0,0.0,0.0,-0.03183428570628166,0.041480228304862976,0.1617984026670456,0.9854375720024109,-0.03183428570628166,0.041480228304862976,0.1617984026670456,0.9854375720024109,0.03152171149849892,-0.3068561553955078,0.2551961839199066,0.9163627028465271,0.03369614854454994,-0.3062497079372406,0.25592362880706787,0.9162853360176086,0.0897492840886116,-0.2947361171245575,0.08206210285425186,0.9478088021278381,-0.03871302679181099,0.7474033832550049,0.11528410017490387,0.6531454920768738,0.0009988987585529685,0.49354514479637146,0.12160643190145493,0.8611760139465332,-0.09999983012676239,0.4758785665035248,0.17864635586738586,0.8553508520126343,-0.09999983012676239,0.4758785665035248,0.17864635586738586,0.8553508520126343,0.028461847454309464,-0.3424546420574188,0.05964486300945282,0.9372071623802185,0.025669503957033157,-0.3426308035850525,0.058624327182769775,0.9372878074645996,-0.0004252203507348895,-0.34359076619148254,0.1296359747648239,0.9301288723945618,-0.12077140063047409,0.7394814491271973,0.04711617901921272,0.6605767011642456,-0.09823186695575714,0.47774603962898254,0.08459412306547165,0.8688803315162659,-0.05402659252285957,0.48142239451408386,0.06024887040257454,0.8727449178695679,-0.05402659252285957,0.48142239451408386,0.06024887040257454,0.8727449178695679,-0.03183428570628166,0.041480228304862976,0.1617984026670456,0.9854375720024109,-0.04066605493426323,0.09650722146034241,0.1632283329963684,0.9810143113136292,0.721461296081543,0.18688853085041046,0.0320906899869442,0.6659852862358093,0.7247026562690735,0.1732989400625229,0.04310927540063858,0.6655187010765076,0.4472000300884247,-0.40167832374572754,-0.5960294008255005,0.5323678851127625,0.43453097343444824,-0.40945136547088623,-0.5865075588226318,0.5473036766052246,0.43453097343444824,-0.40945136547088623,-0.5865075588226318,0.5473036766052246,-0.04030793905258179,0.09236755967140198,0.1567196398973465,0.9824879169464111,-0.7782812714576721,-0.06060796231031418,0.17152109742164612,0.6009870767593384,-0.7706806063652039,-0.1219240203499794,0.12943919003009796,0.6119080185890198,-0.4469587206840515,-0.49047166109085083,0.6721940040588379,0.32836058735847473,-0.4606020152568817,-0.48307108879089355,0.6763731837272644,0.31146010756492615,-0.4606020152568817,-0.48307108879089355,0.6763731837272644,0.31146010756492615,-0.03183428570628166,0.041480228304862976,0.1617984026670456,0.9854375720024109
0.17985190451145172,0.04326482117176056,0.4376819133758545,-0.03268466889858246,0.042935822159051895,0.17563974857330322,0.9829745292663574,-0.7279858589172363,-0.005354607943445444,-0.43263036012649536,2.314182996749878,-0.6765347719192505,-0.23440469801425934,-0.7647868990898132,0.026446841657161713,0.10829233378171921,2.3910999298095703,-0.6761295795440674,0.06981614977121353,-0.0,0.06684020906686783,1.510805368423462,0.22501905262470245,-2.033259868621826,0.03519976884126663,0.11417749524116516,-1.5850160121917725,-0.300645112991333,-1.755354404449463,0.06366237998008728,-0.0,0.2984592020511627,-0.29340457916259766,-0.24234561622142792,-0.03466791659593582,0.11037988215684891,0.8416622281074524,0.649114191532135,-0.3030180335044861,-1.8189587593078613,0.18044470250606537,-0.36477503180503845,0.020408032462000847,1.5088211297988892,0.9721632599830627,-1.312233328819275,0.0,0.05465268716216087,-0.9506566524505615,0.0,-1.3507174253463745,-6.683267116546631,5.682607650756836,-4.1011223793029785,-0.3314114809036255,0.30969879031181335,4.783676624298096,-4.485361576080322,-4.284614086151123,0.5104126334190369,0.0,0.0,0.0,-0.03268466889858246,0.042935822159051895,0.17563974857330322,0.9829745292663574,-0.03268466889858246,0.042935822159051895,0.17563974857330322,0.9829745292663574,0.03381151333451271,-0.29488861560821533,0.26594480872154236,0.9171536564826965,0.03135589510202408,-0.2955995798110962,0.2651543617248535,0.9172409176826477,0.09407031536102295,-0.28198063373565674,0.062105536460876465,0.952775239944458,-0.019049495458602905,0.7590395212173462,0.11110102385282516,0.6412118673324585,0.01889924705028534,0.5032373666763306,0.11112668365240097,0.8567647337913513,-0.08141551911830902,0.4867904484272003,0.16920998692512512,0.8530970215797424,-0.08141551911830902,0.4867904484272003,0.16920998692512512,0.8530970215797424,0.028834842145442963,-0.31761297583580017,0.0798024833202362,0.9444162845611572,0.04132037237286568,-0.3165299892425537,0.08399531245231628,0.9439524412155151,0.02412930317223072,-0.31830233335494995,0.1349586546421051,0.9380232095718384,-0.11672443896532059,0.7560946941375732,0.07191290706396103,0.6399411559104919,-0.08626685291528702,0.5010542273521423,0.10655557364225388,0.8544872999191284,-0.056391846388578415,0.5044679045677185,0.08900336921215057,0.8569775223731995,-0.056391846388578415,0.5044679045677185,0.08900336921215057,0.8569775223731995,-0.03268466889858246,0.042935822159051895,0.17563974857330322,0.9829745292663574,-0.038433559238910675,0.0757606029510498,0.17651405930519104,0.9806252717971802,0.644319474697113,0.17616823315620422,0.0765613541007042,0.7402401566505432,0.660525381565094,0.09763852506875992,0.15447860956192017,0.7282233834266663,0.47178947925567627,-0.5317147374153137,-0.5179316997528076,0.47585800290107727,0.46023237705230713,-0.5382860898971558,-0.5122128129005432,0.48587268590927124,0.46023237705230713,-0.5382860898971558,-0.5122128129005432,0.48587268590927124,-0.04278707876801491,0.09872440993785858,0.16997067630290985,0.9795573949813843,-0.7275979518890381,-0.051728274673223495,0.18963313102722168,0.6572402119636536,-0.709878146648407,-0.16607311367988586,0.09610433131456375,0.6776848435401917,-0.3892284035682678,-0.5923067927360535,0.6387892365455627,0.2993697226047516,-0.4107099175453186,-0.5837094783782959,0.6429364681243896,0.2779088318347931,-0.4107099175453186,-0.5837094783782959,0.6429364681243896,0.2779088318347931,-0.03268466889858246,0.042935822159051895,0.17563974857330322,0.9829745292663574
0.1936262995004654,0.039810072630643845,0.43460342288017273,-0.031434573233127594,0.07223406434059143,0.18253645300865173,0.980038046836853,-0.7597877383232117,-0.015559432096779346,-0.46023717522621155,2.3010005950927734,-0.677495539188385,-0.21962790191173553,-0.6978687047958374,0.028882747516036034,0.09994001686573029,2.3910999298095703,-0.6599059104919434,0.025824276730418205,-0.0,0.013327454216778278,1.227285623550415,0.3696836829185486,-2.19425892829895,0.041158806532621384,0.11623591929674149,-1.3668560981750488,-0.47530779242515564,-1.9348138570785522,0.0669621005654335,-0.0,0.41323181986808777,-0.10364244878292084,-0.09235470741987228,-0.2230532169342041,1.762498378753662,0.37708380818367004,-0.9540563225746155,-0.30614468455314636,-0.8282043933868408,-0.3954720199108124,-0.028823016211390495,0.4433038532733917,2.0075457096099854,0.07307717204093933,-0.25056949257850647,0.0,0.4867100417613983,-1.319756031036377,0.0,-1.6053825616836548,-8.505592346191406,4.339938640594482,-4.8299713134765625,0.17877112329006195,0.061752717941999435,6.544796943664551,-5.239880084991455,-5.383783340454102,0.09899161010980606,0.0,0.0,0.0,-0.031434573233127594,0.07223406434059143,0.18253645300865173,0.980038046836853,-0.031434573233127594,0.07223406434059143,0.18253645300865173,0.980038046836853,0.04312139004468918,-0.2809353470802307,0.27484163641929626,0.9185194373130798,0.03597433865070343,-0.2830650210380554,0.27264776825904846,0.9188271164894104,0.09959117323160172,-0.2673977315425873,0.05588256195187569,0.9567952752113342,-0.010382743552327156,0.7644171714782715,0.11372537910938263,0.6345275044441223,0.027998950332403183,0.5101190209388733,0.11071278899908066,0.8524888753890991,-0.06559683382511139,0.49491292238235474,0.16595157980918884,0.8504224419593811,-0.06559683382511139,0.49491292238235474,0.16595157980918884,0.8504224419593811,0.0243498757481575,-0.25855493545532227,0.09519463777542114,0.9609861969947815,0.03822481259703636,-0.2571532726287842,0.09891846776008606,0.9605343341827393,0.0253324955701828,-0.2587415874004364,0.14677292108535767,0.9543944597244263,-0.12727567553520203,0.7931559085845947,0.07736232876777649,0.5905249118804932,-0.09534484148025513,0.5590419769287109,0.11442635208368301,0.8156518936157227,-0.08480536937713623,0.560472846031189,0.10719858855009079,0.8168149590492249,-0.08480536937713623,0.560472846031189,0.10719858855009079,0.8168149590492249,-0.031434573233127594,0.07223406434059143,0.18253645300865173,0.980038046836853,-0.032617613673210144,0.07876338064670563,0.18273340165615082,0.9794595241546631,0.5373545289039612,0.16962039470672607,0.10403889417648315,0.819545567035675,0.5605149269104004,0.05870529264211655,0.24639198184013367,0.788459062576294,0.46931877732276917,-0.6427556872367859,-0.42934784293174744,0.42692556977272034,0.4538934528827667,-0.6506791114807129,-0.42413291335105896,0.43670207262039185,0.4538934528827667,-0.6506791114807129,-0.42413291335105896,0.43670207262039185,-0.04222670570015907,0.12881088256835938,0.17683157324790955,0.9748616814613342,-0.6483242511749268,-0.011779575608670712,0.21845568716526031,0.7292557954788208,-0.6241047978401184,-0.17455796897411346,0.05055445060133934,0.7599124908447266,-0.3233245611190796,-0.6913840770721436,0.5804668664932251,0.28373849391937256,-0.3489447236061096,-0.6840327978134155,0.5837581753730774,0.2637482285499573,-0.3489447236061096,-0.6840327978134155,0.5837581753730774,0.2637482285499573,-0.031434573233127594,0.07223406434059143,0.18253645300865173,0.980038046836853
0.2106635421514511,0.03609272837638855,0.4318683445453644,-0.025420980527997017,0.12045367807149887,0.1835857778787613,0.9752645492553711,-0.8115911483764648,-0.053497254848480225,-0.47461867332458496,2.2768077850341797,-0.6783527135848999,-0.19913247227668762,-0.7701020836830139,0.05750861018896103,0.12842130661010742,2.3910999298095703,-0.6576489806175232,-0.004544910509139299,-0.0,-0.10617884993553162,0.9946402907371521,0.39093515276908875,-2.1947999000549316,0.05553467571735382,0.07559394091367722,-1.1402310132980347,-0.538803219795227,-2.1422855854034424,0.05072693154215813,-0.0,0.5111172795295715,-0.11152032017707825,-0.08205234259366989,-0.17902377247810364,2.9251158237457275,-0.0030272200237959623,-1.5541021823883057,-1.1381345987319946,-0.43144491314888,-0.7257842421531677,-0.025715230032801628,0.614862859249115,-2.167001247406006,0.8587758541107178,0.8544386625289917,0.0,0.06770789623260498,-0.9110755324363708,0.0,-3.5851891040802,-6.9793596267700195,0.6375440359115601,-0.01622915267944336,0.4312760531902313,-1.219259262084961,6.798752307891846,-1.9048627614974976,-6.224151611328125,-0.4870550334453583,0.0,0.0,0.0,-0.025420980527997017,0.12045367807149887,0.1835857778787613,0.9752645492553711,-0.025420980527997017,0.12045367807149887,0.1835857778787613,0.9752645492553711,0.058951180428266525,-0.25859877467155457,0.2780110836029053,0.9232341647148132,0.03423779457807541,-0.2659417986869812,0.27099528908729553,0.9244805574417114,0.09579803049564362,-0.2504396140575409,0.04606589302420616,0.9622789025306702,-0.0016826430801302195,0.7687710523605347,0.1062849834561348,0.6306280493736267,0.03377534821629524,0.5151568651199341,0.10078965872526169,0.8504787683486938,-0.05093105509877205,0.5025867819786072,0.1514980047941208,0.84962397813797,-0.05093105509877205,0.5025867819786072,0.1514980047941208,0.84962397813797,0.0313369557261467,-0.2446710616350174,0.08455698937177658,0.9654036164283752,0.05907968431711197,-0.24213887751102448,0.09155641496181488,0.964103639125824,0.04342072084546089,-0.2454308122396469,0.1532309204339981,0.9562419056892395,-0.12665493786334991,0.7997532486915588,0.09655879437923431,0.5788174271583557,-0.08868730068206787,0.5699866414070129,0.1322862058877945,0.8060708045959473,-0.09051883220672607,0.5696845650672913,0.13358113169670105,0.8058671951293945,-0.09051883220672607,0.5696845650672913,0.13358113169670105,0.8058671951293945,-0.025420980527997017,0.12045367807149887,0.1835857778787613,0.9752645492553711,-0.01606385037302971,0.06854947656393051,0.1814238727092743,0.98088139295578,0.45383313298225403,0.14679792523384094,0.12674391269683838,0.8697251677513123,0.4751923382282257,0.045421820133924484,0.2873836159706116,0.8303852677345276,0.46736615896224976,-0.691028892993927,-0.33738037943840027,0.4361449182033539,0.4453050196170807,-0.702147901058197,-0.33037203550338745,0.44670581817626953,0.4453050196170807,-0.702147901058197,-0.33037203550338745,0.44670581817626953,-0.03261227533221245,0.15708787739276886,0.18018190562725067,0.9704608917236328,-0.5512404441833496,0.03499319404363632,0.23646901547908783,0.7993696928024292,-0.5367007255554199,-0.1260538250207901,0.024815872311592102,0.8339346051216125,-0.24434727430343628,-0.7614125609397888,0.5277068614959717,0.28648003935813904,-0.26547911763191223,-0.7575523853302002,0.530087411403656,0.27320796251296997,-0.26547911763191223,-0.7575523853302002,0.530087411403656,0.27320796251296997,-0.025420980527997017,0.12045367807149887,0.1835857778787613,0.9752645492553711
0.22116787731647491,0.03502727299928665,0.4309474527835846,-0.022699272260069847,0.17628224194049835,0.17983096837997437,0.9675071835517883,-0.8997712135314941,-0.07469669729471207,-0.45857003331184387,2.2586092948913574,-0.6780982613563538,-0.1680794209241867,-0.8734537363052368,0.06624867767095566,0.1666572540998459,2.3910999298095703,-0.676508903503418,-0.02327118255198002,-0.0,-0.2642683684825897,0.8427609801292419,0.30247631669044495,-2.1947999000549316,0.03560499846935272,-0.029875822365283966,-1.0365703105926514,-0.48742684721946716,-2.1947999000549316,0.02773515321314335,-0.0,0.3151300251483917,-0.031963661313056946,-0.027626750990748405,-0.49492937326431274,3.3489596843719482,-0.23921836912631989,-2.6454017162323,-0.6359832286834717,0.4814591705799103,-0.545954704284668,0.00763356639072299,0.9315915107727051,-3.1005494594573975,0.26220202445983887,1.1470783948898315,0.0,-0.5657976865768433,-0.5617881417274475,0.0,-4.742685317993164,-4.556379318237305,-2.6537649631500244,0.0,-0.5978902578353882,-3.164092779159546,3.10982084274292,1.5412911176681519,-1.5754293203353882,-0.6897532939910889,0.0,0.0,0.0,-0.022699272260069847,0.17628224194049835,0.17983096837997437,0.9675071835517883,-0.022699272260069847,0.17628224194049835,0.17983096837997437,0.9675071835517883,0.07493714988231659,-0.24510008096694946,0.280365526676178,0.925043523311615,0.04034407436847687,-0.2553979158401489,0.27101802825927734,0.9271965622901917,0.09733541309833527,-0.23954448103904724,0.05319081246852875,0.9645283818244934,-0.006500318646430969,0.769690215587616,0.11073026061058044,0.6287078261375427,0.030697569251060486,0.5167705416679382,0.10658848285675049,0.8489079475402832,-0.040668804198503494,0.5059996247291565,0.14959044754505157,0.8484887480735779,-0.040668804198503494,0.5059996247291565,0.14959044754505157,0.8484887480735779,0.03360523656010628,-0.23803631961345673,0.06630925834178925,0.9684072136878967,0.06565878540277481,-0.23570969700813293,0.07415623962879181,0.9667630195617676,0.045812319964170456,-0.24035675823688507,0.15436476469039917,0.9572363495826721,-0.12683336436748505,0.8025380969047546,0.09919953346252441,0.5744608640670776,-0.08672792464494705,0.5664328932762146,0.13566693663597107,0.8082242608070374,-0.0961260125041008,0.5648160576820374,0.14224837720394135,0.807160496711731,-0.0961260125041008,0.5648160576820374,0.14224837720394135,0.807160496711731,-0.022699272260069847,0.17628224194049835,0.17983096837997437,0.9675071835517883,-0.00031374848913401365,0.04734024032950401,0.17324422299861908,0.9837404489517212,0.40208378434181213,0.11405961215496063,0.13872657716274261,0.8978162407875061,0.4159573018550873,0.043803248554468155,0.26833856105804443,0.8677875399589539,0.42344292998313904,-0.7282547950744629,-0.2955414056777954,0.4505511522293091,0.40869131684303284,-0.734853208065033,-0.29092830419540405,0.4564240574836731,0.40869131684303284,-0.734853208065033,-0.29092830419540405,0.4564240574836731,-0.01985050179064274,0.1618603765964508,0.18105675280094147,0.9698585867881775,-0.497702956199646,0.05090932548046112,0.23746277391910553,0.8326532244682312,-0.49165770411491394,-0.08307410776615143,0.037457194179296494,0.8660071492195129,-0.19762299954891205,-0.7797332406044006,0.5019949674606323,0.317745566368103,-0.20952042937278748,-0.7782095670700073,0.5037493109703064,0.3110107183456421,-0.20952042937278748,-0.7782095670700073,0.5037493109703064,0.3110107183456421,-0.022699272260069847,0.17628224194049835,0.17983096837997437,0.9675071835517883
0.23958928883075714,0.03644697368144989,0.4310357868671417,-0.017833136022090912,0.22861997783184052,0.17861850559711456,0.9568230509757996,-0.9632335901260376,-0.09862593561410904,-0.43148303031921387,2.2316672801971436,-0.6609833836555481,-0.1512802243232727,-0.9475111961364746,0.0723208412528038,0.19983413815498352,2.3834331035614014,-0.6658641695976257,-0.022959023714065552,-0.0,-0.42832064628601074,0.7501036524772644,0.1905536651611328,-2.1947999000549316,-0.019882701337337494,-0.17667441070079803,-0.9525306820869446,-0.41708606481552124,-2.1947999000549316,0.029232164844870567,-0.0,0.5526423454284668,0.04259101673960686,0.0026500222738832235,-0.3097595274448395,3.2036240100860596,-0.07789159566164017,-1.9038711786270142,-0.7178770899772644,0.8126100301742554,-0.8082603812217712,0.5134463310241699,0.5039758682250977,-2.221723794937134,0.18216489255428314,0.9953064918518066,-0.23000477254390717,0.3193419873714447,0.009364764206111431,0.0,-4.921567916870117,-2.779719591140747,-3.3576793670654297,0.0,-1.6646308898925781,-4.403957366943359,2.521188735961914,2.1102232933044434,0.0,0.04491034522652626,0.0,0.0,0.0,-0.017833136022090912,0.22861997783184052,0.17861850559711456,0.9568230509757996,-0.017833136022090912,0.22861997783184052,0.17861850559711456,0.9568230509757996,0.09152338653802872,-0.2233586609363556,0.2809910178184509,0.9288586974143982,0.04562591388821602,-0.23693802952766418,0.26963940262794495,0.9322409629821777,0.09528996050357819,-0.22167809307575226,0.06382209807634354,0.9683519005775452,-0.015456796623766422,0.7724369168281555,0.11364208906888962,0.6246501207351685,0.02225746400654316,0.5279307961463928,0.11250796914100647,0.8415079712867737,-0.041397254914045334,0.5179192423820496,0.1520809382200241,0.8407837152481079,-0.041397254914045334,0.5179192423820496,0.1520809382200241,0.8407837152481079,0.035849861800670624,-0.22032400965690613,0.05382151901721954,0.9732807278633118,0.07101299613714218,-0.21823419630527496,0.061751607805490494,0.9713484048843384,0.048889756202697754,-0.2242293506860733,0.15833649039268494,0.9603439569473267,-0.12900306284427643,0.8091853260993958,0.10401376336812973,0.5637007355690002,-0.08792595565319061,0.5805253386497498,0.14046238362789154,0.7972011566162109,-0.09707143902778625,0.5788746476173401,0.14711712300777435,0.7961392998695374,-0.09707143902778625,0.5788746476173401,0.14711712300777435,0.7961392998695374,-0.017833136022090912,0.22861997783184052,0.17861850559711456,0.9568230509757996,0.017409732565283775,0.020209748297929764,0.16555199027061462,0.9858402609825134,0.37733331322669983,0.07945007085800171,0.14664100110530853,0.9109355807304382,0.3840414583683014,0.03782137110829353,0.23021024465560913,0.8933560252189636,0.3752964437007904,-0.7553851008415222,-0.2860185205936432,0.4546860158443451,0.3837442398071289,-0.7520421147346497,-0.2885661721229553,0.4515557587146759,0.3837442398071289,-0.7520421147346497,-0.2885661721229553,0.4515557587146759,-0.0007700982387177646,0.14358070492744446,0.18479257822036743,0.9722323417663574,-0.44641727209091187,0.04288146644830704,0.2300541251897812,0.863682746887207,-0.44261476397514343,-0.06151688098907471,0.05241357535123825,0.8930625319480896,-0.16083939373493195,-0.7967144250869751,0.46681487560272217,0.34851205348968506,-0.17368845641613007,-0.795488178730011,0.46908318996429443,0.34204068779945374,-0.17368845641613007,-0.795488178730011,0.46908318996429443,0.34204068779945374,-0.017833136022090912,0.22861997783184052,0.17861850559711456,0.9568230509757996
0.24934175610542297,0.04391716793179512,0.43244698643684387,-0.017438333481550217,0.27799201011657715,0.16027973592281342,0.9469565749168396,-1.0279185771942139,-0.11849071085453033,-0.406201034784317,2.194857358932495,-0.6053866744041443,-0.14329616725444794,-1.0439445972442627,0.08533790707588196,0.22824621200561523,2.356687307357788,-0.6321908235549927,-0.023040851578116417,-0.0,-0.582129955291748,0.6635488867759705,0.10028411448001862,-2.1947999000549316,-0.07153454422950745,-0.34394609928131104,-0.8754653334617615,-0.34960129857063293,-2.1947999000549316,0.0441046841442585,-0.0,0.2925739884376526,0.2241058200597763,0.042335983365774155,-0.7689417004585266,2.955781936645508,-1.005801796913147,-1.9405494928359985,-0.5959432125091553,0.7584598064422607,-1.1042976379394531,1.6679011583328247,0.23952169716358185,-2.8930017948150635,0.39051195979118347,0.8523621559143066,-0.8023738265037537,1.0102003812789917,-0.0024548356886953115,0.0,-4.614278793334961,-2.5966427326202393,-2.7080864906311035,0.0,-1.5495551824569702,-5.018150329589844,2.311960220336914,2.024542808532715,0.0,0.44617554545402527,0.0,0.0,0.0,-0.017438333481550217,0.27799201011657715,0.16027973592281342,0.9469565749168396,-0.017438333481550217,0.27799201011657715,0.16027973592281342,0.9469565749168396,0.09630028158426285,-0.20539222657680511,0.268346905708313,0.9362319111824036,0.04069637134671211,-0.2209208756685257,0.25571468472480774,0.9402913451194763,0.08442120254039764,-0.2081712931394577,0.060795266181230545,0.9725439548492432,-0.015623641200363636,0.7706987261772156,0.10285380482673645,0.6286497116088867,0.015746569260954857,0.5482649207115173,0.10283505916595459,0.82980877161026,-0.04369718208909035,0.539496660232544,0.14181974530220032,0.82880699634552,-0.04369718208909035,0.539496660232544,0.14181974530220032,0.82880699634552,0.026201386004686356,-0.21733233332633972,0.025135047733783722,0.9754221439361572,0.06778515130281448,-0.21606236696243286,0.03438270092010498,0.9734166860580444,0.04273999109864235,-0.22237595915794373,0.1450074017047882,0.963169276714325,-0.11763687431812286,0.804894208908081,0.09494955092668533,0.5738391876220703,-0.08229292184114456,0.5866345167160034,0.12681375443935394,0.7956168055534363,-0.09145309776067734,0.5851346850395203,0.13356345891952515,0.7946159839630127,-0.09145309776067734,0.5851346850395203,0.13356345891952515,0.7946159839630127,-0.017438333481550217,0.27799201011657715,0.16027973592281342,0.9469565749168396,0.02419106662273407,-0.0052292137406766415,0.14146919548511505,0.9896332025527954,0.3452163636684418,0.04113547503948212,0.13545756042003632,0.9277848601341248,0.3472665548324585,0.02089490182697773,0.18061041831970215,0.9199724197387695,0.3153541386127472,-0.7886797785758972,-0.2774946391582489,0.44892391562461853,0.34670424461364746,-0.7783210873603821,-0.2862083315849304,0.43828898668289185,0.34670424461364746,-0.7783210873603821,-0.2862083315849304,0.43828898668289185,0.013179978355765343,0.1123490259051323,0.1710689514875412,0.9787437915802002,-0.40293946862220764,0.02924230694770813,0.20256301760673523,0.8920498490333557,-0.39966270327568054,-0.05088220536708832,0.04904444143176079,0.9139339923858643,-0.14370600879192352,-0.8127976059913635,0.42831820249557495,0.36776646971702576,-0.16346673667430878,-0.8110378980636597,0.43207255005836487,0.3589003086090088,-0.16346673667430878,-0.8110378980636597,0.43207255005836487,0.3589003086090088,-0.017438333481550217,0.27799201011657715,0.16027973592281342,0.9469565749168396
0.25670382380485535,0.05178382992744446,0.4331161677837372,-0.020225999876856804,0.3237164318561554,0.14386574923992157,0.9349337816238403,-1.0972449779510498,-0.13772578537464142,-0.3803332448005676,2.172027587890625,-0.5462455749511719,-0.13893283903598785,-1.129655361175537,0.10272841900587082,0.24987050890922546,2.3342809677124023,-0.6062909364700317,-0.013901671394705772,-0.0,-0.7176381349563599,0.6087427735328674,0.045356228947639465,-2.1947999000549316,-0.11015933752059937,-0.47958904504776,-0.8587387204170227,-0.2903968393802643,-2.1947999000549316,0.05273347720503807,-0.0,0.22086201608181,0.23599985241889954,0.020075438544154167,-0.88483726978302,2.755648612976074,-0.8186667561531067,-2.079792022705078,-0.5770521759986877,0.7760336399078369,-0.6848930716514587,1.7742328643798828,0.1308998465538025,-2.5713226795196533,0.5217153429985046,0.6487288475036621,-0.6721901297569275,0.7769965529441833,0.27417540550231934,0.0,-4.065245151519775,-1.6441832780838013,-1.647836446762085,0.0,-1.1587437391281128,-4.06928825378418,0.5017983913421631,1.77613365650177,0.0,0.25886377692222595,0.0,0.0,0.0,-0.020225999876856804,0.3237164318561554,0.14386574923992157,0.9349337816238403,-0.020225999876856804,0.3237164318561554,0.14386574923992157,0.9349337816238403,0.09890792518854141,-0.19202661514282227,0.2591360807418823,0.9413774609565735,0.03389874845743179,-0.20940224826335907,0.24530883133411407,0.9459519982337952,0.07286939024925232,-0.19921967387199402,0.06208036467432976,0.9752679467201233,-0.020968938246369362,0.7700544595718384,0.09340354800224304,0.6307553052902222,0.005002964753657579,0.5713712573051453,0.09559754282236099,0.8150895833969116,-0.05158492922782898,0.5633577108383179,0.13502617180347443,0.8134709596633911,-0.05158492922782898,0.5633577108383179,0.13502617180347443,0.8134709596633911,0.012451536022126675,-0.21275511384010315,0.00245417607948184,0.9770231246948242,0.06259707361459732,-0.21234852075576782,0.01337413303554058,0.975095272064209,0.035648319870233536,-0.21849367022514343,0.1347769945859909,0.9658285975456238,-0.10994307696819305,0.8023855090141296,0.08572141826152802,0.5802946090698242,-0.07934004068374634,0.5925667881965637,0.11463332921266556,0.7933655977249146,-0.08485263586044312,0.5917556881904602,0.11874935775995255,0.792794942855835,-0.08485263586044312,0.5917556881904602,0.11874935775995255,0.792794942855835,-0.020225999876856804,0.3237164318561554,0.14386574923992157,0.9349337816238403,0.02434561401605606,-0.025018012151122093,0.12117654085159302,0.9920169711112976,0.3205276429653168,0.012447750195860863,0.12310446053743362,0.9391232132911682,0.3209022283554077,0.0038531292229890823,0.143870010972023,0.9361134171485901,0.27161258459091187,-0.8121713995933533,-0.27177006006240845,0.4390276372432709,0.32089853286743164,-0.7980822920799255,-0.28438618779182434,0.42333588004112244,0.32089853286743164,-0.7980822920799255,-0.28438618779182434,0.42333588004112244,0.01928144134581089,0.09314405918121338,0.15848621726036072,0.9827688336372375,-0.39159294962882996,0.018711814656853676,0.1828758269548416,0.9015882015228271,-0.38851290941238403,-0.046223416924476624,0.05431685969233513,0.9186788201332092,-0.13369053602218628,-0.815524160861969,0.4210944175720215,0.3738003075122833,-0.15740422904491425,-0.8135797381401062,0.42571723461151123,0.3634237051010132,-0.15740422904491425,-0.8135797381401062,0.42571723461151123,0.3634237051010132,-0.020225999876856804,0.3237164318561554,0.14386574923992157,0.9349337816238403
0.2563829720020294,0.06127084046602249,0.4326699674129486,-0.025652026757597923,0.36400356888771057,0.12393198162317276,0.9227590560913086,-1.1764355897903442,-0.15956245362758636,-0.3632834851741791,2.1595239639282227,-0.49589166045188904,-0.13230079412460327,-1.2023251056671143,0.1173088401556015,0.2750128209590912,2.3124895095825195,-0.5900571346282959,-0.002945965388789773,-0.0,-0.839985728263855,0.5743228793144226,0.011596436612308025,-2.1947999000549316,-0.14972303807735443,-0.6172177791595459,-0.8106803297996521,-0.25635212659835815,-2.1947999000549316,0.07203359156847,-0.0,-0.009625553153455257,0.2846103012561798,-0.013386010192334652,-1.0544692277908325,2.426278829574585,-0.956965446472168,-2.375718116760254,-0.6550999879837036,0.5114927887916565,-0.3751086890697479,1.5106173753738403,0.19896133244037628,-2.1800923347473145,0.4374126195907593,0.7542693018913269,-0.6537436842918396,0.4870140254497528,0.3286711573600769,0.0,-3.6704275608062744,-1.0325968265533447,-1.0127936601638794,0.0,-1.1869109869003296,-4.128861904144287,1.4417515993118286,1.021341323852539,0.0,0.5790033936500549,0.0,0.0,0.0,-0.025652026757597923,0.36400356888771057,0.12393198162317276,0.9227590560913086,-0.025652026757597923,0.36400356888771057,0.12393198162317276,0.9227590560913086,0.09735912084579468,-0.18806339800357819,0.24937205016613007,0.9449692964553833,0.021738583222031593,-0.2073393166065216,0.23359082639217377,0.9497227072715759,0.05883566662669182,-0.2000012993812561,0.05818567052483559,0.9762951731681824,-0.023567508906126022,0.7666333317756653,0.0793207436800003,0.6367307901382446,-0.0033804294653236866,0.5869265198707581,0.08267877995967865,0.805400550365448,-0.05661175400018692,0.5801775455474854,0.12129505723714828,0.8034155964851379,-0.05661175400018692,0.5801775455474854,0.12129505723714828,0.8034155964851379,-0.006732923910021782,-0.20769940316677094,-0.018862726166844368,0.9779876470565796,0.05060906708240509,-0.20844797790050507,-0.006654785014688969,0.976700484752655,0.021558670327067375,-0.21341757476329803,0.12728777527809143,0.9683935046195984,-0.1078227311372757,0.8004074692726135,0.07100149989128113,0.5853895545005798,-0.08251922577619553,0.5956128835678101,0.09928511083126068,0.7928293347358704,-0.0836869552731514,0.5954659581184387,0.1001623272895813,0.7927069067955017,-0.0836869552731514,0.5954659581184387,0.1001623272895813,0.7927069067955017,-0.025652026757597923,0.36400356888771057,0.12393198162317276,0.9227590560913086,0.017691727727651596,-0.04380425065755844,0.09997478127479553,0.993867814540863,0.2984614968299866,-0.0136945815756917,0.10828770697116852,0.9481597542762756,0.2984166741371155,-0.01576673425734043,0.11366396397352219,0.9475122094154358,0.23559921979904175,-0.8324251174926758,-0.26625293493270874,0.4250539243221283,0.30368366837501526,-0.8152273893356323,-0.28202974796295166,0.40452414751052856,0.30368366837501526,-0.8152273893356323,-0.28202974796295166,0.40452414751052856,0.020070025697350502,0.06757636368274689,0.14345161616802216,0.9871434569358826,-0.3708179295063019,0.0055330609902739525,0.15847498178482056,0.9150678515434265,-0.36720991134643555,-0.04916330799460411,0.043413154780864716,0.9278228282928467,-0.13385009765625,-0.8261508345603943,0.39770448207855225,0.376018762588501,-0.166554257273674,-0.8231549263000488,0.40395587682724,0.36262279748916626,-0.166554257273674,-0.8231549263000488,0.40395587682724,0.36262279748916626,-0.025652026757597923,0.36400356888771057,0.12393198162317276,0.9227590560913086
0.27395913004875183,0.07409964501857758,0.4379349648952484,-0.0292793158441782,0.4047958254814148,0.10391445457935333,0.9080114960670471,-1.2000000476837158,-0.16947881877422333,-0.350359708070755,2.1346325874328613,-0.4595034122467041,-0.12680356204509735,-1.2200000286102295,0.143559068441391,0.28602755069732666,2.2804083824157715,-0.5723088383674622,0.0024549541994929314,-0.0,-0.9426456689834595,0.5516378879547119,-0.007509941700845957,-2.1947999000549316,-0.15466143190860748,-0.7400013208389282,-0.794125497341156,-0.2363833636045456,-2.1947999000549316,0.07942771166563034,-0.0,0.5272847414016724,0.38486412167549133,0.15794990956783295,-0.9644090533256531,2.523759126663208,-0.9825589656829834,-0.7069336771965027,-0.2974909245967865,0.3877132833003998,-0.7467412352561951,1.0916473865509033,0.16491694748401642,-0.530247688293457,0.7875068187713623,0.3304418623447418,-0.9624337553977966,0.5324488878250122,0.16202756762504578,0.0,-3.0797979831695557,-0.680549681186676,-0.5731913447380066,0.0,-0.14815180003643036,-3.6835060119628906,0.4966449439525604,0.5990628600120544,0.0,0.221823588013649,0.0,0.0,0.0,-0.0292793158441782,0.4047958254814148,0.10391445457935333,0.9080114960670471,-0.0292793158441782,0.4047958254814148,0.10391445457935333,0.9080114960670471,0.09166690707206726,-0.15686069428920746,0.23443028330802917,0.955004870891571,0.010508249513804913,-0.17613956332206726,0.2203127145767212,0.9593366384506226,0.04104594886302948,-0.17161235213279724,0.04974265396595001,0.9830514192581177,-0.023766320198774338,0.7782644629478455,0.059952180832624435,0.6246161460876465,-0.00948855560272932,0.6155665516853333,0.0637892559170723,0.7854416966438293,-0.059234537184238434,0.6102880835533142,0.10266296565532684,0.7832624316215515,-0.059234537184238434,0.6102880835533142,0.10266296565532684,0.7832624316215515,-0.026516586542129517,-0.1749970018863678,-0.03325501084327698,0.9836498498916626,0.04409700632095337,-0.17693136632442474,-0.02061895653605461,0.9830186367034912,0.018429365009069443,-0.1814100593328476,0.11969800293445587,0.9759216904640198,-0.10107924044132233,0.8111161589622498,0.06671012938022614,0.5722091794013977,-0.0781390592455864,0.6166185736656189,0.09252860397100449,0.7778909206390381,-0.07718415558338165,0.6167317032814026,0.09177164733409882,0.7779862284660339,-0.07718415558338165,0.6167317032814026,0.09177164733409882,0.7779862284660339,-0.0292793158441782,0.4047958254814148,0.10391445457935333,0.9080114960670471,0.00946271326392889,-0.051657408475875854,0.07996456325054169,0.9954133033752441,0.28019094467163086,-0.027927737683057785,0.09101022034883499,0.9552121162414551,0.28027215600013733,-0.026652252301573753,0.08749595284461975,0.9555530548095703,0.20467177033424377,-0.8454810976982117,-0.2625419795513153,0.4175439178943634,0.27590811252593994,-0.8299018740653992,-0.27818959951400757,0.39717525243759155,0.27590811252593994,-0.8299018740653992,-0.27818959951400757,0.39717525243759155,0.01939644105732441,0.050363343209028244,0.12806668877601624,0.9902960062026978,-0.36507123708724976,-0.0030797140207141638,0.1375792771577835,0.9207526445388794,-0.36114323139190674,-0.052838604897260666,0.030964605510234833,0.9304971098899841,-0.14235371351242065,-0.8305107951164246,0.3867807388305664,0.37468376755714417,-0.17852717638015747,-0.8267244696617126,0.39354318380355835,0.36024779081344604,-0.17852717638015747,-0.8267244696617126,0.39354318380355835,0.36024779081344604,-0.0292793158441782,0.4047958254814148,0.10391445457935333,0.9080114960670471
0.28164488077163696,0.07667776942253113,0.4373268187046051,-0.025800278410315514,0.44045811891555786,0.08491004258394241,0.893376350402832,-1.25,-0.17461077868938446,-0.3326135575771332,2.1018338203430176,-0.43533527851104736,-0.12753823399543762,-1.2200000286102295,0.12954875826835632,0.29002219438552856,2.244462013244629,-0.5728760957717896,0.013307742774486542,-0.0,-1.0201616287231445,0.5544850826263428,-0.018481535837054253,-2.1947999000549316,-0.15188030898571014,-0.8450866937637329,-0.7737841606140137,-0.2192520946264267,-2.1947999000549316,0.06478811055421829,-0.0,0.23057250678539276,0.07734372466802597,-0.018244383856654167,-0.5202553272247314,2.287374973297119,-1.091611623764038,-1.4999984502792358,-0.1539587825536728,0.5323845148086548,-0.9839629530906677,0.7250439524650574,-0.02204015664756298,0.0,-0.42030927538871765,0.11983930319547653,-1.0783910751342773,-0.017017722129821777,0.32558363676071167,0.0,-2.3254785537719727,0.08541583269834518,-0.3291478157043457,0.0,0.08343368023633957,-3.1525609493255615,0.6102400422096252,0.5139380693435669,0.0,-0.43918800354003906,0.0,0.0,0.0,-0.025800278410315514,0.44045811891555786,0.08491004258394241,0.893376350402832,-0.025800278410315514,0.44045811891555786,0.08491004258394241,0.893376350402832,0.09376518428325653,-0.14379875361919403,0.21872800588607788,0.960566520690918,0.009651923552155495,-0.16232295334339142,0.20535647869110107,0.9650838375091553,0.03638989478349686,-0.15848557651042938,0.04276198521256447,0.985763430595398,-0.019034624099731445,0.7767916917800903,0.05282513424754143,0.6272494196891785,-0.007177738472819328,0.6230060458183289,0.0556892454624176,0.7801991105079651,-0.05688204616308212,0.6181908845901489,0.09527767449617386,0.7781559228897095,-0.05688204616308212,0.6181908845901489,0.09527767449617386,0.7781559228897095,-0.03946865350008011,-0.13715232908725739,-0.048587117344141006,0.9885700345039368,0.024603359401226044,-0.14000970125198364,-0.03960748016834259,0.9890516996383667,0.004113249946385622,-0.14209547638893127,0.10372956842184067,0.9843943119049072,-0.09168381989002228,0.8253853917121887,0.04869106411933899,0.5549434423446655,-0.07419124990701675,0.6349639892578125,0.07261130213737488,0.7655351161956787,-0.06909587234258652,0.6354330778121948,0.06838475912809372,0.7660118341445923,-0.06909587234258652,0.6354330778121948,0.06838475912809372,0.7660118341445923,-0.025800278410315514,0.44045811891555786,0.08491004258394241,0.893376350402832,0.005355972331017256,-0.0517292320728302,0.059284843504428864,0.9968854784965515,0.2780035138130188,-0.03352736309170723,0.07117950916290283,0.9573522806167603,0.2782595455646515,-0.030406484380364418,0.062508724629879,0.9579873085021973,0.18176287412643433,-0.849406898021698,-0.2722913920879364,0.4139173924922943,0.25207456946372986,-0.8360105752944946,-0.2874194085597992,0.3936176002025604,0.25207456946372986,-0.8360105752944946,-0.2874194085597992,0.3936176002025604,0.022561708465218544,0.03674956038594246,0.11100529134273529,0.9928838014602661,-0.3537329435348511,-0.007850373163819313,0.1166665181517601,0.9280087947845459,-0.3499508500099182,-0.052802763879299164,0.017066290602087975,0.9351229667663574,-0.14960558712482452,-0.8351952433586121,0.37076112627983093,0.3776284456253052,-0.17926371097564697,-0.8318562507629395,0.37637776136398315,0.36635974049568176,-0.17926371097564697,-0.8318562507629395,0.37637776136398315,0.36635974049568176,-0.025800278410315514,0.44045811891555786,0.08491004258394241,0.893376350402832
0.299667626619339,0.09669040143489838,0.4451260268688202,-0.02906366065144539,0.45343661308288574,0.06435758620500565,0.8884867429733276,-1.2000000476837158,-0.18462687730789185,-0.3064659535884857,2.0869107246398926,-0.40585947036743164,-0.13111406564712524,-1.2200000286102295,0.10724909603595734,0.29489365220069885,2.205092191696167,-0.5495799779891968,0.0384642519056797,-0.0,-1.100864291191101,0.5604245662689209,-0.026419807225465775,-2.171250581741333,-0.14712035655975342,-0.9549025297164917,-0.7489725351333618,-0.1959613710641861,-2.1947999000549316,0.04536962881684303,-0.0,0.5406823754310608,0.6003789305686951,0.23397623002529144,-0.7918474674224854,0.7765405774116516,-1.0107073783874512,1.4999984502792358,-0.30048292875289917,0.784428060054779,-0.4476928412914276,0.8842741847038269,-0.10727494210004807,0.0,-0.6689898371696472,0.14614371955394745,-1.1810945272445679,0.6988834738731384,0.7546952366828918,0.0,-2.421079635620117,0.17818449437618256,-0.23814812302589417,0.7064794898033142,0.14279857277870178,-3.2944748401641846,0.7443487048149109,0.6987216472625732,0.0,-0.5825543999671936,0.0,0.0,0.0,-0.02906366065144539,0.45343661308288574,0.06435758620500565,0.8884867429733276,-0.02906366065144539,0.45343661308288574,0.06435758620500565,0.8884867429733276,0.07737883925437927,-0.10609839111566544,0.1988116204738617,0.9712000489234924,-0.01247816439718008,-0.12397356331348419,0.1881847083568573,0.9741978049278259,0.006590628065168858,-0.12442553043365479,0.03728397563099861,0.9915062785148621,-0.02890223264694214,0.7941928505897522,0.024457966908812523,0.6064850687980652,-0.023379912599921227,0.655665397644043,0.029781049117445946,0.7541016936302185,-0.07273095846176147,0.6523060202598572,0.07266977429389954,0.7509501576423645,-0.07273095846176147,0.6523060202598572,0.07266977429389954,0.7509501576423645,-0.05544043704867363,-0.12429273873567581,-0.06290213763713837,0.9886966347694397,-0.0023677414283156395,-0.12748555839061737,-0.05614976957440376,0.9902469515800476,-0.021071353927254677,-0.12575440108776093,0.08993978053331375,0.987751305103302,-0.08976864814758301,0.8246729373931885,0.021788902580738068,0.5580155253410339,-0.080488421022892,0.6423184275627136,0.04532968997955322,0.760850727558136,-0.0658416599035263,0.6430713534355164,0.032968919724226,0.7622579336166382,-0.0658416599035263,0.6430713534355164,0.032968919724226,0.7622579336166382,-0.02906366065144539,0.45343661308288574,0.06435758620500565,0.8884867429733276,-0.006066997069865465,-0.07830208539962769,0.04084315896034241,0.9960741996765137,0.2696435749530792,-0.0639524757862091,0.0609053410589695,0.9589019417762756,0.2704126238822937,-0.05959656834602356,0.04848209023475647,0.9596742987632751,0.16990992426872253,-0.8601316809654236,-0.2695811688899994,0.3982839286327362,0.23857921361923218,-0.8480772972106934,-0.2830318808555603,0.37912774085998535,0.23857921361923218,-0.8480772972106934,-0.2830318808555603,0.37912774085998535,0.016784803941845894,-0.003902159631252289,0.09612519294023514,0.9952200651168823,-0.34842443466186523,-0.03879378363490105,0.08803591132164001,0.9323868155479431,-0.34242507815361023,-0.07835186272859573,-0.0012759673409163952,0.9362715482711792,-0.16389787197113037,-0.8482397198677063,0.3557160198688507,0.3565010130405426,-0.18484577536582947,-0.8456302881240845,0.35914355516433716,0.34893742203712463,-0.18484577536582947,-0.8456302881240845,0.35914355516433716,0.34893742203712463,-0.02906366065144539,0.45343661308288574,0.06435758620500565,0.8884867429733276
0.322858989238739,0.11182048916816711,0.4473453164100647,-0.026256347075104713,0.4693729877471924,0.05787307396531105,0.8807101249694824,-1.149999976158142,-0.2122492641210556,-0.314807653427124,2.057724714279175,-0.36411020159721375,-0.1501103937625885,-1.159999966621399,0.05647599697113037,0.2861114740371704,2.1605124473571777,-0.49808451533317566,0.09181390702724457,-0.0,-1.1685842275619507,0.5479153394699097,-0.028331875801086426,-2.1455626487731934,-0.13945512473583221,-1.0425039529800415,-0.7293720245361328,-0.19929686188697815,-2.1947999000549316,0.04694775491952896,-0.0,0.695740818977356,0.45390260219573975,0.0665786862373352,-0.10186806321144104,1.0607244968414307,-0.4198471009731293,1.5000020265579224,-0.8286715745925903,-0.25025099515914917,-0.8755802512168884,1.252478003501892,-0.5698898434638977,1.8000017404556274,-1.5231928825378418,-0.26346534490585327,-1.3373922109603882,1.5448638200759888,1.600489616394043,0.0,-2.0315980911254883,-0.3752767741680145,-0.05736205354332924,0.7706379294395447,0.22995693981647491,-2.628042459487915,0.5880152583122253,-0.100064717233181,0.0,0.04734377935528755,0.0,0.0,0.0,-0.026256347075104713,0.4693729877471924,0.05787307396531105,0.8807101249694824,-0.026256347075104713,0.4693729877471924,0.05787307396531105,0.8807101249694824,0.07443331182003021,-0.06505070626735687,0.186323344707489,0.9775027632713318,-0.029527952894568443,-0.08442113548517227,0.17838455736637115,0.9798877835273743,-0.015929508954286575,-0.08800613135099411,0.0225773174315691,0.9957366585731506,-0.027558619156479836,0.8076672554016113,-0.002001773100346327,0.5889907479286194,-0.02746560052037239,0.6876820921897888,0.0030208269599825144,0.7254859805107117,-0.08178865909576416,0.6855195164680481,0.054577991366386414,0.7213839888572693,-0.08178865909576416,0.6855195164680481,0.054577991366386414,0.7213839888572693,-0.05790270119905472,-0.07731551676988602,-0.06261155009269714,0.9933525919914246,-0.029833056032657623,-0.07905248552560806,-0.060403645038604736,0.9945914149284363,-0.04079868644475937,-0.07399170845746994,0.08201058954000473,0.9930433034896851,-0.09156014025211334,0.8410844802856445,0.002647734247148037,0.5330915451049805,-0.08808280527591705,0.6837419271469116,0.025133414193987846,0.7239521145820618,-0.054767243564128876,0.6841749548912048,-0.006270550657063723,0.7272316217422485,-0.054767243564128876,0.6841749548912048,-0.006270550657063723,0.7272316217422485,-0.026256347075104713,0.4693729877471924,0.05787307396531105,0.8807101249694824,-0.0062973592430353165,-0.09425316005945206,0.032222505658864975,0.9950067400932312,0.26313021779060364,-0.08202064782381058,0.05652044713497162,0.9596043825149536,0.26421308517456055,-0.07743872702121735,0.043182455003261566,0.9603801369667053,0.16604623198509216,-0.864573061466217,-0.2642070949077606,0.393873929977417,0.23138822615146637,-0.8534508347511292,-0.27665799856185913,0.37622004747390747,0.23138822615146637,-0.8534508347511292,-0.27665799856185913,0.37622004747390747,0.020668767392635345,-0.02983894571661949,0.0907740667462349,0.9952097535133362,-0.33563801646232605,-0.06025172397494316,0.07416214048862457,0.9371322393417358,-0.3275274932384491,-0.09913135319948196,-0.01715446449816227,0.9394702911376953,-0.17237922549247742,-0.8613487482070923,0.3353722095489502,0.34042513370513916,-0.19424107670783997,-0.8583638668060303,0.3384750485420227,0.33304134011268616,-0.19424107670783997,-0.8583638668060303,0.3384750485420227,0.33304134011268616,-0.026256347075104713,0.4693729877471924,0.05787307396531105,0.8807101249694824
0.3570323884487152,0.13432005047798157,0.4486600160598755,-0.033173542469739914,0.4975115656852722,0.04119072109460831,0.8658435940742493,-1.100000023841858,-0.23203884065151215,-0.3230893909931183,2.0628159046173096,-0.36414697766304016,-0.154982790350914,-1.2000000476837158,0.033962562680244446,0.27529266476631165,2.1319122314453125,-0.47480887174606323,0.12504617869853973,-0.0,-1.2841073274612427,0.541963517665863,-0.05528546869754791,-2.074260711669922,-0.09631577134132385,-1.1326625347137451,-0.6521402597427368,-0.19345305860042572,-2.1845052242279053,0.04662251099944115,-0.0,1.0252019166946411,0.6749867796897888,0.03944098576903343,-0.9566792845726013,1.8557065725326538,-0.6795926690101624,1.4999984502792358,-0.5936872363090515,-0.2484521120786667,0.15273569524288177,-0.0011032819747924805,-0.14617188274860382,-1.2000023126602173,-0.6754029989242554,-0.32456424832344055,-0.8580064177513123,0.698269248008728,0.9969680905342102,0.0,-3.4656927585601807,-0.17855463922023773,-0.8086077570915222,2.1390581130981445,1.2941805124282837,-2.7047572135925293,2.316952705383301,0.17531408369541168,0.30884024500846863,-0.009757316671311855,0.0,0.0,0.0,-0.033173542469739914,0.4975115656852722,0.04119072109460831,0.8658435940742493,-0.033173542469739914,0.4975115656852722,0.04119072109460831,0.8658435940742493,0.05981903895735741,-0.008516047149896622,0.1689971685409546,0.9837627410888672,-0.05446280911564827,-0.028021791949868202,0.1668752282857895,0.98407381772995,-0.049246594309806824,-0.0364169105887413,0.006421155296266079,0.9981018900871277,-0.030803106725215912,0.8376902341842651,-0.03895673155784607,0.5438829660415649,-0.03734780475497246,0.7253630757331848,-0.032735299319028854,0.6865726113319397,-0.09038596600294113,0.7257204651832581,0.02351609617471695,0.6816210150718689,-0.09038596600294113,0.7257204651832581,0.02351609617471695,0.6816210150718689,-0.07762020081281662,-0.06646747887134552,-0.07444542646408081,0.9919753074645996,-0.06076480820775032,-0.06772201508283615,-0.07330604642629623,0.9931503534317017,-0.06948235630989075,-0.05874381586909294,0.06365954130887985,0.9938153028488159,-0.08932448923587799,0.8414261341094971,-0.030024496838450432,0.5320918560028076,-0.09388026595115662,0.6926878094673157,-0.008174968883395195,0.7150547504425049,-0.04901852086186409,0.6908235549926758,-0.051439765840768814,0.7195234298706055,-0.04901852086186409,0.6908235549926758,-0.051439765840768814,0.7195234298706055,-0.033173542469739914,0.4975115656852722,0.04119072109460831,0.8658435940742493,-0.020656870678067207,-0.12028632313013077,0.02025759592652321,0.9923175573348999,0.24571800231933594,-0.11047440022230148,0.051716309040784836,0.9616358280181885,0.24858176708221436,-0.1019849181175232,0.025596681982278824,0.9628868103027344,0.15170152485370636,-0.8658540844917297,-0.25287455320358276,0.40415075421333313,0.19708511233329773,-0.8591421842575073,-0.2621396481990814,0.39282941818237305,0.19708511233329773,-0.8591421842575073,-0.2621396481990814,0.39282941818237305,0.010823560878634453,-0.0426875464618206,0.08169367164373398,0.9956840872764587,-0.3086869716644287,-0.06660661846399307,0.06371531635522842,0.9466869831085205,-0.3004377782344818,-0.10178890079259872,-0.025957224890589714,0.947999119758606,-0.16930940747261047,-0.8699076771736145,0.30680060386657715,0.34708550572395325,-0.19120755791664124,-0.8668599128723145,0.31000322103500366,0.34042856097221375,-0.19120755791664124,-0.8668599128723145,0.31000322103500366,0.34042856097221375,-0.033173542469739914,0.4975115656852722,0.04119072109460831,0.8658435940742493
0.38902416825294495,0.14258909225463867,0.4439188838005066,-0.029938194900751114,0.5188796520233154,0.039323486387729645,0.8534173965454102,-1.0499999523162842,-0.24501533806324005,-0.3235037326812744,2.045783042907715,-0.3834155797958374,-0.1563928723335266,-1.2000000476837158,0.012452338822185993,0.2806140184402466,2.098599910736084,-0.4856918454170227,0.1334676295518875,-0.0,-1.3437700271606445,0.5208473205566406,-0.059371065348386765,-2.033747673034668,-0.0818069651722908,-1.188330054283142,-0.554976761341095,-0.19152452051639557,-2.1557226181030273,0.04327068477869034,-0.0,0.9597533345222473,0.24807123839855194,-0.1422339677810669,0.03480039909482002,1.485450029373169,-0.20542342960834503,1.5000020265579224,-0.38929489254951477,-0.012430249713361263,-0.5109858512878418,-0.5780580043792725,-0.042302455753088,0.0,-0.6453067064285278,0.1596405953168869,-0.9993695616722107,-0.3264891803264618,0.25264352560043335,0.0,-1.7898808717727661,-0.6334858536720276,-0.12256789207458496,1.2153910398483276,0.4352641701698303,-1.6700254678726196,2.914904832839966,0.05785613879561424,0.8634781241416931,-0.10055477917194366,0.0,0.0,0.0,-0.029938194900751114,0.5188796520233154,0.039323486387729645,0.8534173965454102,-0.029938194900751114,0.5188796520233154,0.039323486387729645,0.8534173965454102,0.06044246628880501,0.03971380740404129,0.15922990441322327,0.9845889210700989,-0.060328736901283264,0.01995803788304329,0.16288959980010986,0.9845958948135376,-0.06275543570518494,0.009981729090213776,0.0021966914646327496,0.9979766011238098,-0.034564435482025146,0.8570900559425354,-0.052424900233745575,0.5113252997398376,-0.043920036405324936,0.7439627051353455,-0.04487873241305351,0.6652641892433167,-0.09575411677360535,0.7451950907707214,0.013374367728829384,0.6598004102706909,-0.09575411677360535,0.7451950907707214,0.013374367728829384,0.6598004102706909,-0.07909108698368073,-0.041581545025110245,-0.07593512535095215,0.9931009411811829,-0.07290638238191605,-0.04205352067947388,-0.07567476481199265,0.9935740828514099,-0.0780709981918335,-0.03144451975822449,0.06401735544204712,0.9943932294845581,-0.09440109133720398,0.8465482592582703,-0.03580133989453316,0.5226497650146484,-0.10024014115333557,0.6960289478302002,-0.012050586752593517,0.7108799815177917,-0.052612487226724625,0.6936761140823364,-0.05843796208500862,0.7159821391105652,-0.052612487226724625,0.6936761140823364,-0.05843796208500862,0.7159821391105652,-0.029938194900751114,0.5188796520233154,0.039323486387729645,0.8534173965454102,-0.01928238943219185,-0.12524111568927765,0.016019409522414207,0.9918095469474792,0.23674878478050232,-0.11689326912164688,0.04772757738828659,0.9633317589759827,0.24001820385456085,-0.1080329492688179,0.01961149089038372,0.9645390510559082,0.14643754065036774,-0.8627407550811768,-0.24517612159252167,0.41728055477142334,0.18498744070529938,-0.857279360294342,-0.2536543607711792,0.4080578088760376,0.18498744070529938,-0.857279360294342,-0.2536543607711792,0.4080578088760376,0.015402566641569138,-0.04581041634082794,0.07930969446897507,0.9956777095794678,-0.2579435706138611,-0.06578418612480164,0.06372646987438202,0.961808979511261,-0.2501015365123749,-0.09587214142084122,-0.026799680665135384,0.9630885124206543,-0.1495284140110016,-0.8782227039337158,0.26025187969207764,0.37233731150627136,-0.17009052634239197,-0.8755748271942139,0.26376110315322876,0.36724385619163513,-0.17009052634239197,-0.8755748271942139,0.26376110315322876,0.36724385619163513,-0.029938194900751114,0.5188796520233154,0.039323486387729645,0.8534173965454102
0.40841472148895264,0.15466800332069397,0.4388088285923004,-0.035270802676677704,0.544036328792572,0.03410308435559273,0.837626039981842,-1.0499999523162842,-0.2645758390426636,-0.3244630694389343,2.052022695541382,-0.3869708180427551,-0.14897996187210083,-1.2000000476837158,0.008441285230219364,0.28003358840942383,2.0746536254882812,-0.47830209136009216,0.14043773710727692,-0.0,-1.4655580520629883,0.4322320222854614,-0.06228809803724289,-1.951212763786316,-0.04035361483693123,-1.2500243186950684,-0.478388249874115,-0.21151211857795715,-2.1159019470214844,0.02877369150519371,-0.0,0.5817165374755859,0.36236730217933655,-0.1533016413450241,-0.5233846306800842,1.758093237876892,-0.10923955589532852,0.0,-0.5868149995803833,-0.028780100867152214,0.18718956410884857,-0.10665713995695114,0.22238729894161224,0.0,-0.12033160030841827,-0.017412900924682617,-0.7183884978294373,0.22169260680675507,0.20910321176052094,0.0,-3.6536405086517334,-2.658458709716797,-0.08751097321510315,2.4760470390319824,1.2436004877090454,-1.8508278131484985,2.2976551055908203,-0.5996279120445251,1.1946200132369995,-0.43490976095199585,0.0,0.0,0.0,-0.035270802676677704,0.544036328792572,0.03410308435559273,0.837626039981842,-0.035270802676677704,0.544036328792572,0.03410308435559273,0.837626039981842,0.05656406655907631,0.0698193907737732,0.15524575114250183,0.9837807416915894,-0.07369320094585419,0.04873206838965416,0.16309866309165955,0.982646107673645,-0.08059680461883545,0.03618919104337692,0.002239249413833022,0.9960870742797852,-0.043683115392923355,0.8706467151641846,-0.06776905059814453,0.48525601625442505,-0.055898651480674744,0.7610952854156494,-0.05810507759451866,0.6436094641685486,-0.10364177078008652,0.7633089423179626,-0.0013023896608501673,0.6376646161079407,-0.10364177078008652,0.7633089423179626,-0.0013023896608501673,0.6376646161079407,-0.09001590311527252,-0.012985501438379288,-0.07502754032611847,0.9930253624916077,-0.0858239084482193,-0.013302049599587917,-0.07497206330299377,0.9933964610099792,-0.0868404358625412,-0.001194308395497501,0.06439979374408722,0.9941378235816956,-0.09961173683404922,0.8553929328918457,-0.042024947702884674,0.5065711140632629,-0.10673151165246964,0.7110524773597717,-0.017233073711395264,0.6947774887084961,-0.05772208049893379,0.708091139793396,-0.06707888841629028,0.7005537748336792,-0.05772208049893379,0.708091139793396,-0.06707888841629028,0.7005537748336792,-0.035270802676677704,0.544036328792572,0.03410308435559273,0.837626039981842,-0.026300834491848946,-0.15630348026752472,0.01371394656598568,0.9872636198997498,0.18601743876934052,-0.1497267186641693,0.04691227525472641,0.9699374437332153,0.19048862159252167,-0.14197632670402527,0.017110027372837067,0.9712178111076355,0.12613266706466675,-0.8723524212837219,-0.19865472614765167,0.42851850390434265,0.1453668773174286,-0.8700199723243713,-0.2031031847000122,0.4250679612159729,0.1453668773174286,-0.8700199723243713,-0.2031031847000122,0.4250679612159729,0.01129904668778181,-0.04664850980043411,0.07902640104293823,0.995716392993927,-0.22492754459381104,-0.0640433058142662,0.06572450697422028,0.9700444936752319,-0.21648824214935303,-0.09381136298179626,-0.03534675016999245,0.971124529838562,-0.1443983018398285,-0.8786191940307617,0.2238311618566513,0.39632943272590637,-0.15812766551971436,-0.8768421411514282,0.22652187943458557,0.3934861123561859,-0.15812766551971436,-0.8768421411514282,0.22652187943458557,0.3934861123561859,-0.035270802676677704,0.544036328792572,0.03410308435559273,0.837626039981842
0.42405465245246887,0.16678477823734283,0.4337207078933716,-0.04203063249588013,0.5644894242286682,0.02974974736571312,0.8238325715065002,-1.0499999523162842,-0.28300490975379944,-0.3320139944553375,2.029066324234009,-0.4032442569732666,-0.16304300725460052,-1.2000000476837158,0.008685306645929813,0.26697227358818054,2.0541703701019287,-0.4719637632369995,0.1464676856994629,-0.0,-1.5972692966461182,0.3087499439716339,-0.060014814138412476,-1.8694491386413574,0.0010933466255664825,-1.2942184209823608,-0.4022446870803833,-0.2082434743642807,-2.1248908042907715,-0.0058429609052836895,-0.0,0.4691978991031647,0.36350321769714355,-0.1526436060667038,-0.5529382228851318,1.4552903175354004,-0.013193842023611069,0.0,-0.5528721213340759,-0.22652773559093475,-0.6886910796165466,-0.48820313811302185,-0.42189133167266846,0.0,0.007320642005652189,-0.3918394148349762,-0.6144976019859314,0.19014982879161835,0.18089844286441803,0.0,-3.9513370990753174,-3.7044620513916016,0.06819851696491241,2.452908515930176,1.2434087991714478,-1.3258229494094849,2.284306764602661,0.09805931895971298,-0.2696657180786133,-1.0384994745254517,0.0,0.0,0.0,-0.04203063249588013,0.5644894242286682,0.02974974736571312,0.8238325715065002,-0.04203063249588013,0.5644894242286682,0.02974974736571312,0.8238325715065002,0.051260266453027725,0.09507273882627487,0.15296202898025513,0.9823116660118103,-0.0877881795167923,0.07255017012357712,0.16484138369560242,0.9797229170799255,-0.09856989979743958,0.05704617500305176,0.0006803473806940019,0.9934934377670288,-0.052624303847551346,0.8738299012184143,-0.08334968984127045,0.4761353135108948,-0.06824980676174164,0.7607784271240234,-0.07112279534339905,0.641482412815094,-0.1202598586678505,0.7640434503555298,-0.008935464546084404,0.633794367313385,-0.1202598586678505,0.7640434503555298,-0.008935464546084404,0.633794367313385,-0.10095836967229843,0.010430279187858105,-0.0729178935289383,0.9921600818634033,-0.09664881974458694,0.010113525204360485,-0.07296250015497208,0.9925891160964966,-0.09444302320480347,0.022886553779244423,0.05979033559560776,0.9934695959091187,-0.10002509504556656,0.8620456457138062,-0.049893371760845184,0.4943510591983795,-0.10891788452863693,0.7225760817527771,-0.025124944746494293,0.6821945905685425,-0.05871085450053215,0.718800961971283,-0.07792733609676361,0.6883353590965271,-0.05871085450053215,0.718800961971283,-0.07792733609676361,0.6883353590965271,-0.04203063249588013,0.5644894242286682,0.02974974736571312,0.8238325715065002,-0.03344612941145897,-0.19708706438541412,0.013748533092439175,0.9797188639640808,0.11759567260742188,-0.19262926280498505,0.04388963803648949,0.9732106328010559,0.123228058218956,-0.18718750774860382,0.01494995690882206,0.9744496941566467,0.09252626448869705,-0.8873355984687805,-0.1396925449371338,0.42960497736930847,0.09199826419353485,-0.8873828649520874,-0.1395709365606308,0.42966020107269287,0.09199826419353485,-0.8873828649520874,-0.1395709365606308,0.42966020107269287,0.005735926330089569,-0.04373656585812569,0.080211341381073,0.9958013892173767,-0.19331011176109314,-0.05887871980667114,0.06985729932785034,0.976874828338623,-0.18569988012313843,-0.08498679846525192,-0.03058934584259987,0.9784462451934814,-0.12404558807611465,-0.8841381072998047,0.20047394931316376,0.40338894724845886,-0.12123804539442062,-0.8844347596168518,0.19990165531635284,0.40387600660324097,-0.12123804539442062,-0.8844347596168518,0.19990165531635284,0.40387600660324097,-0.04203063249588013,0.5644894242286682,0.02974974736571312,0.8238325715065002
0.46914082765579224,0.1730145812034607,0.4128628373146057,-0.03898508846759796,0.618897020816803,0.033819716423749924,0.783774733543396,-1.0499999523162842,-0.30728262662887573,-0.3415321111679077,2.010775566101074,-0.367431104183197,-0.15855267643928528,-1.2000000476837158,-0.022710923105478287,0.2695121169090271,2.0241103172302246,-0.44414693117141724,0.1394253969192505,-0.0,-1.7575981616973877,0.20139312744140625,-0.03872368857264519,-1.7634886503219604,0.01794291101396084,-1.4140549898147583,-0.42204320430755615,-0.20000000298023224,-2.200000047683716,-0.00795611459761858,-0.0,1.3525851964950562,0.18689407408237457,-0.6257360577583313,0.0903213769197464,4.064908981323242,0.03234798461198807,0.0,-0.728331446647644,-0.2855435013771057,-0.5487227439880371,1.0743945837020874,0.1347099244594574,0.0,-0.941886842250824,0.07619529217481613,-0.9018015265464783,0.8345049023628235,-0.21126864850521088,0.0,-4.809865474700928,-3.2207043170928955,0.6387337446212769,3.17881441116333,0.5054869055747986,-3.5950968265533447,-0.5939554572105408,0.24730412662029266,-2.25327730178833,-0.06339460611343384,0.0,0.0,0.0,-0.03898508846759796,0.618897020816803,0.033819716423749924,0.783774733543396,-0.03898508846759796,0.618897020816803,0.033819716423749924,0.783774733543396,0.06292400509119034,0.1611512452363968,0.1498129814863205,0.9734613299369812,-0.08679335564374924,0.13632594048976898,0.17271043360233307,0.9716240167617798,-0.1086978018283844,0.11959362775087357,0.005083165597170591,0.9868415594100952,-0.062528096139431,0.8973327875137329,-0.08905778080224991,0.4277298152446747,-0.07774527370929718,0.8040928840637207,-0.07613621652126312,0.5844600796699524,-0.12378643453121185,0.8075969219207764,-0.012218302115797997,0.5764675140380859,-0.12378643453121185,0.8075969219207764,-0.012218302115797997,0.5764675140380859,-0.10417614132165909,0.07762753963470459,-0.06536579132080078,0.9893677830696106,-0.115403912961483,0.0783647745847702,-0.06448010355234146,0.9881210327148438,-0.10382947325706482,0.09315868467092514,0.06885713338851929,0.9878256916999817,-0.1134275570511818,0.8869854211807251,-0.0515369214117527,0.44467398524284363,-0.12199324369430542,0.7672629952430725,-0.025288604199886322,0.6291149258613586,-0.07787514477968216,0.7636378407478333,-0.07867184281349182,0.6360844373703003,-0.07787514477968216,0.7636378407478333,-0.07867184281349182,0.6360844373703003,-0.03898508846759796,0.618897020816803,0.033819716423749924,0.783774733543396,-0.02880851924419403,-0.2092759758234024,0.01364447083324194,0.9773369431495667,0.0695856511592865,-0.20684422552585602,0.03461312875151634,0.9752821326255798,0.0735272541642189,-0.20427505671977997,0.01584644429385662,0.9760196208953857,0.06680572777986526,-0.8781983256340027,-0.09430607408285141,0.46412399411201477,0.05817706137895584,-0.8788232803344727,-0.09197317808866501,0.4645708203315735,0.05817706137895584,-0.8788232803344727,-0.09197317808866501,0.4645708203315735,0.017528153955936432,-0.03598203510046005,0.08295498788356781,0.9957492351531982,-0.1914292573928833,-0.05255952849984169,0.07357807457447052,0.9773324131965637,-0.18477483093738556,-0.07749679684638977,-0.022967413067817688,0.9794513583183289,-0.1109560877084732,-0.8959252834320068,0.20855025947093964,0.37618276476860046,-0.10710857063531876,-0.8962628245353699,0.2078828364610672,0.3768625855445862,-0.10710857063531876,-0.8962628245353699,0.2078828364610672,0.3768625855445862,-0.03898508846759796,0.618897020816803,0.033819716423749924,0.783774733543396
0.4965042173862457,0.1816880851984024,0.4013449251651764,-0.04564245417714119,0.6331899166107178,0.031074652448296547,0.772024393081665,-1.0,-0.30195459723472595,-0.3627851605415344,2.0015437602996826,-0.3488916754722595,-0.1526128649711609,-1.2000000476837158,-0.01962471567094326,0.23573260009288788,2.0141162872314453,-0.4455207288265228,0.12289322167634964,-0.0,-1.8433693647384644,0.23860494792461395,0.056504569947719574,-1.6277507543563843,-0.00520416721701622,-1.404410719871521,-0.43079257011413574,-0.20000000298023224,-2.200000047683716,-0.058953024446964264,-0.0,0.82090163230896,0.26020511984825134,-0.34553733468055725,-0.4715263843536377,1.0886212587356567,0.1085408553481102,1.4999984502792358,0.15984086692333221,-0.6375914216041565,-0.27695417404174805,0.556182861328125,0.1781943291425705,0.0,0.0925862193107605,-1.0133854150772095,-0.2998208701610565,-0.041213925927877426,-0.49596524238586426,0.0,-2.5731358528137207,1.1163545846939087,2.8568475246429443,4.072136878967285,-0.6944122910499573,0.28932806849479675,-0.2624809741973877,0.0,0.0,-1.5299072265625,0.0,0.0,0.0,-0.04564245417714119,0.6331899166107178,0.031074652448296547,0.772024393081665,-0.04564245417714119,0.6331899166107178,0.031074652448296547,0.772024393081665,0.05290432646870613,0.2038235366344452,0.144203320145607,0.9668828845024109,-0.09312091022729874,0.1798161417245865,0.17321889102458954,0.9638411998748779,-0.12403184920549393,0.16006702184677124,-0.003499489277601242,0.9792764782905579,-0.06398794054985046,0.9108214974403381,-0.10630940645933151,0.3937106430530548,-0.08146810531616211,0.8286644816398621,-0.09359003603458405,0.5458196401596069,-0.12284018099308014,0.8333876729011536,-0.030146615579724312,0.5380208492279053,-0.12284018099308014,0.8333876729011536,-0.030146615579724312,0.5380208492279053,-0.11325663328170776,0.09485973417758942,-0.06228324770927429,0.987064003944397,-0.12293644994497299,0.09546630084514618,-0.06134946644306183,0.9859051704406738,-0.11085726320743561,0.10926047712564468,0.05501231178641319,0.9862790703773499,-0.10573644191026688,0.8920490741729736,-0.0643077939748764,0.4346640110015869,-0.1173308864235878,0.7739806175231934,-0.039359260350465775,0.6209978461265564,-0.07897524535655975,0.7701029181480408,-0.0868135467171669,0.6270309090614319,-0.07897524535655975,0.7701029181480408,-0.0868135467171669,0.6270309090614319,-0.04564245417714119,0.6331899166107178,0.031074652448296547,0.772024393081665,-0.03455647826194763,-0.2333303987979889,0.016454949975013733,0.9716439843177795,0.08133389800786972,-0.22971341013908386,0.04410889372229576,0.968850314617157,0.07490343600511551,-0.23363357782363892,0.07126156985759735,0.9668126106262207,0.11188838630914688,-0.8585924506187439,-0.05001178756356239,0.49779391288757324,0.11435187608003616,-0.858253538608551,-0.050776246935129166,0.4977411925792694,0.11435187608003616,-0.858253538608551,-0.050776246935129166,0.4977411925792694,0.010867379605770111,-0.012428086251020432,0.08445621281862259,0.996290385723114,-0.20232544839382172,-0.03019210882484913,0.0798482671380043,0.9755906462669373,-0.19780589640140533,-0.05631586164236069,-0.016486695036292076,0.978483259677887,-0.10991507023572922,-0.8847431540489197,0.22307756543159485,0.39418864250183105,-0.08154939115047455,-0.8868233561515808,0.21745826303958893,0.3995071351528168,-0.08154939115047455,-0.8868233561515808,0.21745826303958893,0.3995071351528168,-0.04564245417714119,0.6331899166107178,0.031074652448296547,0.772024393081665
0.5534332394599915,0.1769201159477234,0.36221346259117126,-0.043999139219522476,0.698499858379364,0.03523056581616402,0.7133868336677551,-1.0,-0.28467634320259094,-0.3809269070625305,1.994399905204773,-0.3385485112667084,-0.1490115076303482,-1.190000057220459,-0.04490815848112106,0.20946234464645386,2.008453369140625,-0.4294985830783844,0.11885190010070801,-0.0,-1.9246959686279297,0.1019001305103302,0.2335047572851181,-1.5216119289398193,-0.04091186448931694,-1.2828510999679565,-0.6511484384536743,-0.20000000298023224,-2.200000047683716,-0.10498510301113129,-0.0,1.707870602607727,-0.1430390626192093,-1.1739437580108643,-0.04840337857604027,5.274211406707764,0.06062837690114975,0.0,0.5183476209640503,-0.5442523956298828,-0.21431563794612885,0.31029489636421204,0.1080407127737999,0.2999996840953827,-0.758503258228302,-0.7881076335906982,-0.16988752782344818,0.48066434264183044,-0.12123963981866837,0.0,-2.439797878265381,-4.101144313812256,5.3100056648254395,3.184164524078369,-1.0712308883666992,3.6467883586883545,-6.610675811767578,0.0,0.0,-1.3809622526168823,0.0,0.0,0.0,-0.043999139219522476,0.698499858379364,0.03523056581616402,0.7133868336677551,-0.043999139219522476,0.698499858379364,0.03523056581616402,0.7133868336677551,0.06437497586011887,0.28808894753456116,0.13981346786022186,0.9451522827148438,-0.07035347819328308,0.2653418481349945,0.1792672574520111,0.9447260499000549,-0.11931417137384415,0.24722465872764587,-0.002824357943609357,0.9615800380706787,-0.062374260276556015,0.9418417811393738,-0.1017511710524559,0.31414994597435,-0.07862447947263718,0.8754563927650452,-0.08978886157274246,0.46832916140556335,-0.11326729506254196,0.8797112703323364,-0.024373553693294525,0.46117734909057617,-0.11326729506254196,0.8797112703323364,-0.024373553693294525,0.46117734909057617,-0.1186952292919159,0.18584392964839935,-0.05049353092908859,0.9740759134292603,-0.14053544402122498,0.18693077564239502,-0.04630820080637932,0.9711654186248779,-0.12022370100021362,0.2005980759859085,0.055470988154411316,0.9706851243972778,-0.11133246123790741,0.9266819953918457,-0.07166486233472824,0.35175231099128723,-0.12404710054397583,0.8304367065429688,-0.046293482184410095,0.5411507487297058,-0.09168865531682968,0.8262214064598083,-0.09553221613168716,0.5475627779960632,-0.09168865531682968,0.8262214064598083,-0.09553221613168716,0.5475627779960632,-0.043999139219522476,0.698499858379364,0.03523056581616402,0.7133868336677551,-0.03228696063160896,-0.18721237778663635,0.019414065405726433,0.9815967679023743,0.017745720222592354,-0.18598072230815887,0.02892322838306427,0.9819672703742981,-0.003785122651606798,-0.19396145641803741,0.14275743067264557,0.9705590605735779,0.1020718589425087,-0.808796763420105,0.0636085793375969,0.5756587982177734,0.12062395364046097,-0.8055840134620667,0.05580106005072594,0.5773824453353882,0.12062395364046097,-0.8055840134620667,0.05580106005072594,0.5773824453353882,0.012026898562908173,0.13531726598739624,0.08130472153425217,0.9873875379562378,-0.30442366003990173,0.1022031158208847,0.12031517177820206,0.9393641352653503,-0.31233176589012146,0.0654723271727562,0.02802753634750843,0.9472997188568115,-0.1153797060251236,-0.7954636812210083,0.34368425607681274,0.4855988025665283,-0.06795121729373932,-0.7979727387428284,0.32771632075309753,0.5012226104736328,-0.06795121729373932,-0.7979727387428284,0.32771632075309753,0.5012226104736328,-0.043999139219522476,0.698499858379364,0.03523056581616402,0.7133868336677551
0.5777438879013062,0.19608432054519653,0.34901076555252075,-0.07542534172534943,0.709873378276825,-0.0029322465416043997,0.7002729177474976,-0.949999988079071,-0.24918590486049652,-0.37686610221862793,1.989553451538086,-0.33995673060417175,-0.12864530086517334,-1.2000000476837158,-0.010301952250301838,0.19948171079158783,2.0026185512542725,-0.4078604578971863,0.11168215423822403,-0.0,-2.031264543533325,0.06937394291162491,0.3643420338630676,-1.524515986442566,-0.09237067401409149,-1.122549057006836,-0.816388726234436,-0.20000000298023224,-2.200000047683716,-0.13080772757530212,-0.0,0.7293193936347961,0.5749260783195496,-0.396080881357193,-3.004582405090332,0.8696476221084595,-0.31886979937553406,1.500000238418579,1.0647131204605103,0.12182413786649704,-0.14539359509944916,-0.04224657639861107,0.6109861731529236,-0.2999996840953827,1.0381861925125122,-0.29941898584365845,-0.17504452168941498,0.6491436958312988,-0.21509236097335815,0.0,-3.197057008743286,-0.9757855534553528,3.9251182079315186,-0.08712171763181686,-1.5437642335891724,4.809061050415039,-4.957208156585693,0.0,0.0,-0.7746787071228027,0.0,0.0,0.0,-0.07542534172534943,0.709873378276825,-0.0029322465416043997,0.7002729177474976,-0.07542534172534943,0.709873378276825,-0.0029322465416043997,0.7002729177474976,0.015655649825930595,0.3308641016483307,0.11360170692205429,0.9366848468780518,-0.1008683294057846,0.31418195366859436,0.1538378745317459,0.9313695430755615,-0.15793539583683014,0.2897259593009949,-0.023349279537796974,0.9437001943588257,-0.0664442777633667,0.9492331743240356,-0.14516864717006683,0.2710491716861725,-0.0900435820221901,0.8897022604942322,-0.13183675706386566,0.4277161955833435,-0.1173502504825592,0.8963366150856018,-0.07437556982040405,0.4210438132286072,-0.1173502504825592,0.8963366150856018,-0.07437556982040405,0.4210438132286072,-0.16759149730205536,0.19293031096458435,-0.0636209100484848,0.9646986126899719,-0.17255839705467224,0.1932554543018341,-0.06262628734111786,0.9638225436210632,-0.15245726704597473,0.20947757363319397,0.03365813195705414,0.9652683734893799,-0.11055110394954681,0.9258778095245361,-0.11024763435125351,0.34405550360679626,-0.1305875927209854,0.8370139598846436,-0.08557432889938354,0.524434506893158,-0.10111428052186966,0.8309332132339478,-0.13215641677379608,0.5309054255485535,-0.10111428052186966,0.8309332132339478,-0.13215641677379608,0.5309054255485535,-0.07542534172534943,0.709873378276825,-0.0029322465416043997,0.7002729177474976,-0.08012153208255768,-0.22379015386104584,0.02505858987569809,0.971015214920044,-0.04639851301908493,-0.22278650104999542,0.03280455991625786,0.9732097387313843,-0.08553896844387054,-0.22178363800048828,0.20875322818756104,0.9486396312713623,0.08983615040779114,-0.8183073401451111,0.1683805137872696,0.5421720743179321,0.13145983219146729,-0.8101723194122314,0.15217448770999908,0.5506196618080139,0.13145983219146729,-0.8101723194122314,0.15217448770999908,0.5506196618080139,-0.041686102747917175,0.23148790001869202,0.06098880618810654,0.9700288772583008,-0.42331668734550476,0.18825896084308624,0.14786764979362488,0.8737829923629761,-0.4390324056148529,0.13966327905654907,0.06272193789482117,0.885330855846405,-0.1376897245645523,-0.6996871829032898,0.4688272178173065,0.5212296843528748,-0.08360883593559265,-0.7024901509284973,0.445000022649765,0.5490829944610596,-0.08360883593559265,-0.7024901509284973,0.445000022649765,0.5490829944610596,-0.07542534172534943,0.709873378276825,-0.0029322465416043997,0.7002729177474976
0.5968486070632935,0.2041771411895752,0.3337820768356323,-0.09649348258972168,0.7311562895774841,-0.03207171708345413,0.6745893955230713,-0.949999988079071,-0.22383950650691986,-0.38537898659706116,1.9790540933609009,-0.342551589012146,-0.12181104719638824,-1.2100000381469727,0.023974880576133728,0.1904919296503067,1.9937236309051514,-0.3890399634838104,0.1105109378695488,-0.0,-2.05151629447937,0.019254064187407494,0.4260563850402832,-1.5672355890274048,-0.10693177580833435,-1.0219507217407227,-0.9333091974258423,-0.20000000298023224,-2.200000047683716,-0.16093793511390686,-0.0,0.5731415152549744,0.24278460443019867,-0.45686063170433044,-2.2397119998931885,1.8607351779937744,-0.42799869179725647,0.0,0.760391891002655,-0.2553865313529968,-0.31498071551322937,-0.0778457447886467,0.20502759516239166,-0.2999996840953827,1.028304934501648,-0.26969343423843384,-0.2668476104736328,0.5646148324012756,-0.03513649106025696,0.0,-0.6075524687767029,-1.5035961866378784,1.8514304161071777,-1.2815879583358765,-0.4368330240249634,3.0179498195648193,-3.5076138973236084,0.0,0.0,-0.9039061665534973,0.0,0.0,0.0,-0.09649348258972168,0.7311562895774841,-0.03207171708345413,0.6745893955230713,-0.09649348258972168,0.7311562895774841,-0.03207171708345413,0.6745893955230713,-0.013433389365673065,0.3636304438114166,0.09395503997802734,0.926695704460144,-0.11684850603342056,0.35086190700531006,0.13397973775863647,0.9193975329399109,-0.1818757802248001,0.32199200987815857,-0.04456384479999542,0.928039014339447,-0.06262033432722092,0.9524248838424683,-0.17647500336170197,0.24046237766742706,-0.09178241342306137,0.8975048065185547,-0.1632198542356491,0.39927488565444946,-0.11591524630784988,0.9057754874229431,-0.10828801244497299,0.3929479718208313,-0.11591524630784988,0.9057754874229431,-0.10828801244497299,0.3929479718208313,-0.20461662113666534,0.21656584739685059,-0.07267116010189056,0.9518141746520996,-0.19319237768650055,0.21567916870117188,-0.07526194304227829,0.9541985392570496,-0.17180520296096802,0.2330745905637741,0.015825387090444565,0.95703125,-0.10656968504190445,0.9302329421043396,-0.13568483293056488,0.32388150691986084,-0.13078711926937103,0.8500844240188599,-0.11252644658088684,0.49758321046829224,-0.10310731083154678,0.8425724506378174,-0.15930262207984924,0.5040467977523804,-0.10310731083154678,0.8425724506378174,-0.15930262207984924,0.5040467977523804,-0.09649348258972168,0.7311562895774841,-0.03207171708345413,0.6745893955230713,-0.11665564775466919,-0.20182065665721893,0.029501235112547874,0.9720028638839722,-0.10729288309812546,-0.20152731239795685,0.03144277259707451,0.9730808734893799,-0.14697296917438507,-0.18725302815437317,0.23747985064983368,0.9417741894721985,0.06967223435640335,-0.8030487895011902,0.22964920103549957,0.5454536080360413,0.11690301448106766,-0.7938312292098999,0.2103576362133026,0.5584937930107117,0.11690301448106766,-0.7938312292098999,0.2103576362133026,0.5584937930107117,-0.07736997306346893,0.3114848732948303,0.039834052324295044,0.9462580680847168,-0.4948199987411499,0.2602590322494507,0.17571231722831726,0.8102737665176392,-0.5171777606010437,0.20457741618156433,0.09720354527235031,0.8253645896911621,-0.13868851959705353,-0.6126164793968201,0.550775945186615,0.5496475100517273,-0.07801169902086258,-0.6147261261940002,0.5171968936920166,0.5903671383857727,-0.07801169902086258,-0.6147261261940002,0.5171968936920166,0.5903671383857727,-0.09649348258972168,0.7311562895774841,-0.03207171708345413,0.6745893955230713
0.6174041032791138,0.19602009654045105,0.31187549233436584,-0.08900947868824005,0.7428867220878601,-0.026481080800294876,0.662944495677948,-0.8999999761581421,-0.21032759547233582,-0.3950619697570801,1.9547247886657715,-0.32639357447624207,-0.1217866763472557,-1.100000023841858,0.025174811482429504,0.18061770498752594,1.9648388624191284,-0.3772614896297455,0.11319804191589355,-0.0,-2.12536883354187,-0.06722426414489746,0.4143223166465759,-1.5920958518981934,-0.11501531302928925,-1.0182207822799683,-0.9333218336105347,-0.20000000298023224,-2.200000047683716,-0.18650566041469574,-0.0,0.6166648268699646,-0.24471132457256317,-0.6571974754333496,0.5033592581748962,1.0036743879318237,-0.19237004220485687,1.500000238418579,0.405357301235199,-0.29048946499824524,-0.7298790812492371,0.48474040627479553,0.0007311254157684743,3.3000001907348633,0.03599792346358299,-0.29622671008110046,-0.8665429949760437,0.35335418581962585,0.08061311393976212,0.0,-2.215576171875,-2.5943498611450195,-0.3520220220088959,-0.7458078265190125,-0.24250610172748566,0.11189817637205124,-0.0003790855116676539,0.0,0.0,-0.767031729221344,0.0,0.0,0.0,-0.08900947868824005,0.7428867220878601,-0.026481080800294876,0.662944495677948,-0.08900947868824005,0.7428867220878601,-0.026481080800294876,0.662944495677948,-0.00764200696721673,0.4004181921482086,0.08818454295396805,0.9120473265647888,-0.10333745181560516,0.38894930481910706,0.1297292858362198,0.9062064290046692,-0.17765885591506958,0.3611059784889221,-0.05063546448945999,0.914043664932251,-0.05737072601914406,0.959699809551239,-0.1755995899438858,0.21177741885185242,-0.08513868600130081,0.9125400185585022,-0.16394518315792084,0.36488914489746094,-0.10718648135662079,0.920825719833374,-0.1081080436706543,0.35903167724609375,-0.10718648135662079,0.920825719833374,-0.1081080436706543,0.35903167724609375,-0.18975117802619934,0.2865823209285736,-0.06732095777988434,0.9366605281829834,-0.17794634401798248,0.28571224212646484,-0.0709228590130806,0.9389747381210327,-0.1514539122581482,0.3005962371826172,0.014048672281205654,0.9415445923805237,-0.09574496001005173,0.9500513076782227,-0.11818864196538925,0.27251940965652466,-0.11620866507291794,0.8820980191230774,-0.09813866764307022,0.4458334743976593,-0.09080231189727783,0.8751339316368103,-0.14788074791431427,0.4516933262348175,-0.09080231189727783,0.8751339316368103,-0.14788074791431427,0.4516933262348175,-0.08900947868824005,0.7428867220878601,-0.026481080800294876,0.662944495677948,-0.10714893043041229,-0.22149555385112762,0.028359316289424896,0.9688418507575989,-0.13964711129665375,-0.2223234921693802,0.020899761468172073,0.9646937847137451,-0.1820291131734848,-0.20136500895023346,0.2202858030796051,0.9369053840637207,0.03698137402534485,-0.8176459670066833,0.2414788156747818,0.5213208794593811,0.08830244839191437,-0.8093860745429993,0.22210001945495605,0.5364405512809753,0.08830244839191437,-0.8093860745429993,0.22210001945495605,0.5364405512809753,-0.06786707788705826,0.3289147615432739,0.0404638908803463,0.941048264503479,-0.48399439454078674,0.2755407691001892,0.18411828577518463,0.8098933100700378,-0.5078761577606201,0.22086381912231445,0.10553757101297379,0.8259193897247314,-0.12614665925502777,-0.6062632203102112,0.5463535189628601,0.563941240310669,-0.05614437162876129,-0.6074019074440002,0.5056483745574951,0.610106885433197,-0.05614437162876129,-0.6074019074440002,0.5056483745574951,0.610106885433197,-0.08900947868824005,0.7428867220878601,-0.026481080800294876,0.662944495677948
0.6325315833091736,0.19434817135334015,0.29411181807518005,-0.08796941488981247,0.7480983138084412,-0.01932101882994175,0.657447338104248,-0.8500000238418579,-0.19889545440673828,-0.39747777581214905,1.9130542278289795,-0.32376646995544434,-0.12623129785060883,-1.0499999523162842,0.023639395833015442,0.1730106770992279,1.9316688776016235,-0.3614347279071808,0.11022750288248062,-0.0,-2.1849706172943115,-0.1632803976535797,0.40174075961112976,-1.6240530014038086,-0.11139441281557083,-1.0115423202514648,-0.923484206199646,-0.20000000298023224,-2.200000047683716,-0.21807365119457245,-0.0,0.45382437109947205,-0.05015775188803673,-0.5329102277755737,0.33944594860076904,0.4889208972454071,0.2018810361623764,1.4999984502792358,0.34296420216560364,-0.0724741742014885,-1.2501167058944702,0.07881312817335129,-0.13333864510059357,1.5000020265579224,-0.04606246575713158,-0.22821082174777985,-0.9950994849205017,0.47480282187461853,-0.0891161635518074,0.0,-1.7880533933639526,-2.881683826446533,-0.3774466812610626,-0.9587144255638123,0.10862699896097183,0.20035384595394135,0.29512879252433777,0.0,0.0,-0.9470396637916565,0.0,0.0,0.0,-0.08796941488981247,0.7480983138084412,-0.01932101882994175,0.657447338104248,-0.08796941488981247,0.7480983138084412,-0.01932101882994175,0.657447338104248,-0.008004169911146164,0.4290918707847595,0.0875939428806305,0.898967981338501,-0.09721765667200089,0.4182751178741455,0.12976306676864624,0.8937315940856934,-0.17788545787334442,0.39084795117378235,-0.049243442714214325,0.9017592668533325,-0.06228483468294144,0.9621827006340027,-0.17374910414218903,0.2003403604030609,-0.0894748717546463,0.9173123836517334,-0.16143852472305298,0.3528028428554535,-0.11154931038618088,0.9256684184074402,-0.10325875133275986,0.3464568555355072,-0.11154931038618088,0.9256684184074402,-0.10325875133275986,0.3464568555355072,-0.18252189457416534,0.3176426589488983,-0.05941622704267502,0.928578794002533,-0.17153386771678925,0.3169182240962982,-0.06316643208265305,0.9306712746620178,-0.14351153373718262,0.330553263425827,0.017477426677942276,0.9326486587524414,-0.09599501639604568,0.9551215171813965,-0.10810169577598572,0.25853803753852844,-0.11386142671108246,0.8930989503860474,-0.08908756822347641,0.4259967803955078,-0.09022214263677597,0.8868353962898254,-0.1381494104862213,0.43162211775779724,-0.09022214263677597,0.8868353962898254,-0.1381494104862213,0.43162211775779724,-0.08796941488981247,0.7480983138084412,-0.01932101882994175,0.657447338104248,-0.09931143373250961,-0.2430814653635025,0.032400988042354584,0.9643644690513611,-0.17762413620948792,-0.24491411447525024,0.012469888664782047,0.9530536532402039,-0.22266580164432526,-0.216561958193779,0.20422495901584625,0.9283388257026672,0.0027434020303189754,-0.8319000005722046,0.25904062390327454,0.4907471537590027,0.05285276472568512,-0.8256722092628479,0.2419675588607788,0.5068764090538025,0.05285276472568512,-0.8256722092628479,0.2419675588607788,0.5068764090538025,-0.06354005634784698,0.3392203152179718,0.04563368484377861,0.9374485611915588,-0.4745272397994995,0.28336620330810547,0.19198034703731537,0.8109691739082336,-0.4991867244243622,0.22958672046661377,0.1131938025355339,0.8278222680091858,-0.11491186171770096,-0.6045039296150208,0.5422252416610718,0.5721555948257446,-0.033085066825151443,-0.6042832732200623,0.4932217299938202,0.6248835325241089,-0.033085066825151443,-0.6042832732200623,0.4932217299938202,0.6248835325241089,-0.08796941488981247,0.7480983138084412,-0.01932101882994175,0.657447338104248
0.6450453400611877,0.19599735736846924,0.2795427143573761,-0.09277668595314026,0.7490664124488831,-0.012293555773794651,0.6558512449264526,-0.800000011920929,-0.1815590113401413,-0.39342236518859863,1.8687695264816284,-0.31927490234375,-0.13111357390880585,-1.0399999618530273,0.04495851695537567,0.17059166729450226,1.89492666721344,-0.35154736042022705,0.10743116587400436,-0.0,-2.2291743755340576,-0.16633960604667664,0.38446611166000366,-1.6488343477249146,-0.10688808560371399,-1.0129384994506836,-0.8983352184295654,-0.20000000298023224,-2.200000047683716,-0.23502108454704285,-0.0,0.3754126727581024,0.04947557672858238,-0.43707308173179626,0.118501678109169,0.15249742567539215,0.4860359728336334,1.500000238418579,0.5200932621955872,0.12166231125593185,-1.3285409212112427,0.13474702835083008,-0.14646826684474945,0.2999996840953827,0.6395735740661621,-0.07257028669118881,-1.1022663116455078,0.2966209948062897,-0.08389010280370712,0.0,-1.3261126279830933,-0.09177624434232712,-0.518239438533783,-0.7434403300285339,0.13518981635570526,-0.0418853722512722,0.7544695734977722,0.0,0.0,-0.5084229707717896,0.0,0.0,0.0,-0.09277668595314026,0.7490664124488831,-0.012293555773794651,0.6558512449264526,-0.09277668595314026,0.7490664124488831,-0.012293555773794651,0.6558512449264526,-0.014579654671251774,0.4525887668132782,0.08967725932598114,0.8870788216590881,-0.09493763744831085,0.4425954818725586,0.13033737242221832,0.8821044564247131,-0.17960980534553528,0.4155047833919525,-0.04457912594079971,0.8905665278434753,-0.07089247554540634,0.9631635546684265,-0.17094221711158752,0.1951126605272293,-0.0971640944480896,0.9199017882347107,-0.15749959647655487,0.345736563205719,-0.11960452795028687,0.9282435178756714,-0.096898652613163,0.3386286795139313,-0.11960452795028687,0.9282435178756714,-0.096898652613163,0.3386286795139313,-0.18274511396884918,0.3233475685119629,-0.050484251230955124,0.9270932674407959,-0.16186033189296722,0.32213112711906433,-0.0577394999563694,0.9309666752815247,-0.13382874429225922,0.3347492814064026,0.021781738847494125,0.9325011372566223,-0.09580720961093903,0.9525405764579773,-0.09594558924436569,0.27254703640937805,-0.11110897362232208,0.8902031183242798,-0.07771340757608414,0.43491822481155396,-0.08759806305170059,0.8847467303276062,-0.12539610266685486,0.4402563273906708,-0.08759806305170059,0.8847467303276062,-0.12539610266685486,0.4402563273906708,-0.09277668595314026,0.7490664124488831,-0.012293555773794651,0.6558512449264526,-0.09411130100488663,-0.2628448009490967,0.040738318115472794,0.9593727588653564,-0.17348487675189972,-0.2653205394744873,0.018761945888400078,0.9482383728027344,-0.2206539511680603,-0.2387317419052124,0.2013024538755417,0.9240109920501709,0.006832772865891457,-0.8496946096420288,0.25527364015579224,0.4613109230995178,0.05551254376769066,-0.8436708450317383,0.24066190421581268,0.47667571902275085,0.05551254376769066,-0.8436708450317383,0.24066190421581268,0.47667571902275085,-0.0642654225230217,0.3403356671333313,0.054143041372299194,0.9365415573120117,-0.4645520746707916,0.28306761384010315,0.19655166566371918,0.8157398700714111,-0.48920297622680664,0.23025357723236084,0.11720442771911621,0.8330227136611938,-0.10679134726524353,-0.6093953847885132,0.5354570746421814,0.5749074816703796,-0.01805327832698822,-0.6080851554870605,0.4821884334087372,0.630397379398346,-0.01805327832698822,-0.6080851554870605,0.4821884334087372,0.630397379398346,-0.09277668595314026,0.7490664124488831,-0.012293555773794651,0.6558512449264526
0.6454015970230103,0.18511641025543213,0.2804509401321411,-0.08621474355459213,0.7493467926979065,-0.018975429236888885,0.656266987323761,-0.800000011920929,-0.16621379554271698,-0.39195483922958374,1.8271833658218384,-0.3117007613182068,-0.1338721215724945,-1.0,0.05564090982079506,0.1752256155014038,1.8496216535568237,-0.33700892329216003,0.11011366546154022,-0.0,-2.349137306213379,-0.16360631585121155,0.3593893349170685,-1.6728489398956299,-0.10538288205862045,-1.0172483921051025,-0.8605359792709351,-0.20000000298023224,-2.200000047683716,-0.24566097557544708,-0.0,0.010687707923352718,-0.3264283835887909,0.02724677138030529,-0.03957002982497215,-0.04968808591365814,-0.5591210126876831,0.0,0.4603564441204071,0.04402577504515648,-1.2475847005844116,0.2272242158651352,-0.0827564224600792,1.1999987363815308,0.32047176361083984,0.1390184462070465,-1.3591502904891968,0.4361530840396881,0.08047498017549515,0.0,-3.5988876819610596,0.08199869841337204,-0.7523032426834106,-0.7204377055168152,0.04515610262751579,-0.12929677963256836,1.1339771747589111,0.0,0.0,-0.3191967010498047,0.0,0.0,0.0,-0.08621474355459213,0.7493467926979065,-0.018975429236888885,0.656266987323761,-0.08621474355459213,0.7493467926979065,-0.018975429236888885,0.656266987323761,-0.011020828038454056,0.4520292580127716,0.08109647780656815,0.88824063539505,-0.08471676707267761,0.4437372088432312,0.11834010481834412,0.8842601180076599,-0.16950197517871857,0.41874659061431885,-0.05611304193735123,0.8903772830963135,-0.059124939143657684,0.9607292413711548,-0.16847503185272217,0.21241401135921478,-0.08455906808376312,0.9161141514778137,-0.15725570917129517,0.35896414518356323,-0.10837941616773605,0.9245808720588684,-0.09562826156616211,0.3525044620037079,-0.10837941616773605,0.9245808720588684,-0.09562826156616211,0.3525044620037079,-0.1774301379919052,0.34300538897514343,-0.05815986916422844,0.9205885529518127,-0.15175358951091766,0.341254860162735,-0.06767869740724564,0.9251678586006165,-0.12131147086620331,0.353224515914917,0.013533782213926315,0.9275412559509277,-0.08383458107709885,0.9532842040061951,-0.08872090280056,0.2763143479824066,-0.0975264310836792,0.8934423327445984,-0.07340457290410995,0.43227437138557434,-0.07359101623296738,0.8880491852760315,-0.12245860695838928,0.43698614835739136,-0.07359101623296738,0.8880491852760315,-0.12245860695838928,0.43698614835739136,-0.08621474355459213,0.7493467926979065,-0.018975429236888885,0.656266987323761,-0.09415118396282196,-0.32001739740371704,0.034039877355098724,0.942107081413269,-0.17081774771213531,-0.32172873616218567,0.007776801474392414,0.9312633872032166,-0.22536879777908325,-0.29653164744377136,0.17568431794643402,0.9112699627876282,-0.008899941109120846,-0.884627103805542,0.2416001707315445,0.39872926473617554,0.04024681821465492,-0.879822850227356,0.23077450692653656,0.41356387734413147,0.04024681821465492,-0.879822850227356,0.23077450692653656,0.41356387734413147,-0.0616103895008564,0.3381715416908264,0.04539531096816063,0.9379677176475525,-0.4472346603870392,0.28841349482536316,0.1823139190673828,0.8267771601676941,-0.4725939929485321,0.23722903430461884,0.10182953625917435,0.842619776725769,-0.11256566643714905,-0.6156594753265381,0.5142642855644226,0.5863656401634216,-0.018862739205360413,-0.6153779029846191,0.4574207365512848,0.6416544914245605,-0.018862739205360413,-0.6153779029846191,0.4574207365512848,0.6416544914245605,-0.08621474355459213,0.7493467926979065,-0.018975429236888885,0.656266987323761
0.6468451619148254,0.1849193125963211,0.2805820107460022,-0.09007181972265244,0.7489446401596069,-0.015501189976930618,0.6562992334365845,-0.800000011920929,-0.1537638008594513,-0.38788363337516785,1.7890214920043945,-0.3128872811794281,-0.14388129115104675,-0.9800000190734863,0.043494436889886856,0.18567419052124023,1.800838828086853,-0.31839656829833984,0.11928381770849228,-0.0,-2.377091884613037,-0.17633071541786194,0.34202006459236145,-1.7029402256011963,-0.10240237414836884,-1.0333077907562256,-0.8010692596435547,-0.20000000298023224,-2.200000047683716,-0.25044307112693787,-0.0,0.04330694302916527,-0.005912929307669401,0.0039321184158325195,0.004037260077893734,0.005078264977782965,0.31233739852905273,0.0,0.3734998106956482,0.12213616818189621,-1.1448560953140259,-0.035595595836639404,-0.300275057554245,0.5999993681907654,-0.3643941581249237,0.3134572207927704,-1.4634846448898315,0.5583706498146057,0.2751045525074005,0.0,-0.8386372923851013,-0.38173195719718933,-0.5210781097412109,-0.9027385115623474,0.08941522985696793,-0.481781929731369,1.7840014696121216,0.0,0.0,-0.14346285164356232,0.0,0.0,0.0,-0.09007181972265244,0.7489446401596069,-0.015501189976930618,0.6562992334365845,-0.09007181972265244,0.7489446401596069,-0.015501189976930618,0.6562992334365845,-0.01330713089555502,0.45203545689582825,0.08575055003166199,0.8877689242362976,-0.08145396411418915,0.44411399960517883,0.12021636962890625,0.8841244578361511,-0.16552022099494934,0.42008933424949646,-0.05243322625756264,0.8907181024551392,-0.0627063512802124,0.9576078057289124,-0.16190768778324127,0.2298719584941864,-0.08716679364442825,0.9100976586341858,-0.15016037225723267,0.3762659728527069,-0.1139867976307869,0.918536901473999,-0.08435540646314621,0.3690272867679596,-0.1139867976307869,0.918536901473999,-0.08435540646314621,0.3690272867679596,-0.17774663865566254,0.3515002131462097,-0.05267326533794403,0.9176487922668457,-0.15774987637996674,0.35027170181274414,-0.06030435860157013,0.9212969541549683,-0.12459904700517654,0.3633873462677002,0.025363054126501083,0.9229200482368469,-0.09728524088859558,0.9489544630050659,-0.08187666535377502,0.28864726424217224,-0.10903467237949371,0.8911963701248169,-0.06541900336742401,0.4354318082332611,-0.0828862115740776,0.8857123255729675,-0.11842383444309235,0.4411567747592926,-0.0828862115740776,0.8857123255729675,-0.11842383444309235,0.4411567747592926,-0.09007181972265244,0.7489446401596069,-0.015501189976930618,0.6562992334365845,-0.0915844663977623,-0.3336150348186493,0.03938876837491989,0.9374229907989502,-0.17376995086669922,-0.33578750491142273,0.009860582649707794,0.925717830657959,-0.22816060483455658,-0.3112698197364807,0.1687995195388794,0.9069512486457825,-0.010754870250821114,-0.8971184492111206,0.2390270233154297,0.3713877499103546,0.03733592480421066,-0.8926748037338257,0.23001518845558167,0.3857858180999756,0.03733592480421066,-0.8926748037338257,0.23001518845558167,0.3857858180999756,-0.0627274364233017,0.3304291069507599,0.05128379538655281,0.9403466582298279,-0.4244139492511749,0.2842804193496704,0.176062673330307,0.8414626121520996,-0.4495146870613098,0.23529832065105438,0.09400326013565063,0.8565831184387207,-0.10919997096061707,-0.6302273869514465,0.4909632205963135,0.5914760828018188,-0.011961587704718113,-0.6299888491630554,0.4328669011592865,0.6446682810783386,-0.011961587704718113,-0.6299888491630554,0.4328669011592865,0.6446682810783386,-0.09007181972265244,0.7489446401596069,-0.015501189976930618,0.6562992334365845
0.6454308032989502,0.17578262090682983,0.2857288420200348,-0.08936593681573868,0.7453935742378235,-0.026569737121462822,0.6600728631019592,-0.800000011920929,-0.1298241764307022,-0.37528473138809204,1.7449158430099487,-0.30516505241394043,-0.14009706676006317,-0.9599999785423279,0.06506224721670151,0.19035764038562775,1.737592101097107,-0.30685633420944214,0.12544938921928406,-0.0,-2.3012969493865967,-0.17359372973442078,0.3082735240459442,-1.7206645011901855,-0.11136985570192337,-1.0609420537948608,-0.7248884439468384,-0.20000000298023224,-2.200000047683716,-0.2496287226676941,-0.0,-0.042430754750967026,-0.27410075068473816,0.1544049233198166,-0.45250770449638367,-0.3698917031288147,-0.44488710165023804,0.0,0.7181887030601501,0.3779670298099518,-1.3231693506240845,0.23166684806346893,0.11352672427892685,0.6000011563301086,0.6470342874526978,0.14050349593162537,-1.8974016904830933,0.34620699286460876,0.18496713042259216,0.0,2.273848056793213,0.08210956305265427,-1.012396216392517,-0.5317282676696777,-0.26902443170547485,-0.8290278315544128,2.2854244709014893,0.0,0.0,0.024430451914668083,0.0,0.0,0.0,-0.08936593681573868,0.7453935742378235,-0.026569737121462822,0.6600728631019592,-0.08936593681573868,0.7453935742378235,-0.026569737121462822,0.6600728631019592,-0.017178302630782127,0.4472741186618805,0.07567057013511658,0.8910245299339294,-0.0749397799372673,0.4414236545562744,0.10452431440353394,0.8880336880683899,-0.15596890449523926,0.41969573497772217,-0.06296703964471817,0.8919441103935242,-0.052052393555641174,0.9529920220375061,-0.15994279086589813,0.25202202796936035,-0.07575753331184387,0.90361487865448,-0.15017305314540863,0.39394035935401917,-0.10314412415027618,0.9119096398353577,-0.08655962347984314,0.38767191767692566,-0.10314412415027618,0.9119096398353577,-0.08655962347984314,0.38767191767692566,-0.18020577728748322,0.356057733297348,-0.06259610503911972,0.9147843718528748,-0.1503567099571228,0.3538333773612976,-0.0741439014673233,0.9201616644859314,-0.11604956537485123,0.36652109026908875,0.013639409095048904,0.9230431914329529,-0.08535297214984894,0.9414711594581604,-0.07980228215456009,0.3161938190460205,-0.09654626995325089,0.8820887207984924,-0.06582061201334,0.4563616216182709,-0.06775002926588058,0.8762282133102417,-0.12098364531993866,0.46151602268218994,-0.06775002926588058,0.8762282133102417,-0.12098364531993866,0.46151602268218994,-0.08936593681573868,0.7453935742378235,-0.026569737121462822,0.6600728631019592,-0.10339627414941788,-0.3025568723678589,0.03275314345955849,0.9469402432441711,-0.18509532511234283,-0.30425721406936646,0.0064018177799880505,0.9344122409820557,-0.22945871949195862,-0.28129854798316956,0.1512850522994995,0.9194197654724121,-0.023700030520558357,-0.890291690826416,0.22791211307048798,0.39354169368743896,0.028552159667015076,-0.886116623878479,0.2167712301015854,0.40864694118499756,0.028552159667015076,-0.886116623878479,0.2167712301015854,0.40864694118499756,-0.06682050973176956,0.3124942183494568,0.04317575320601463,0.9465823769569397,-0.3981003165245056,0.276883989572525,0.15116892755031586,0.8613938689231873,-0.4227515757083893,0.23043568432331085,0.06708305329084396,0.8738880753517151,-0.1213185116648674,-0.6492571234703064,0.4559045433998108,0.5965718626976013,-0.022128034383058548,-0.6513345837593079,0.3982653021812439,0.6454907655715942,-0.022128034383058548,-0.6513345837593079,0.3982653021812439,0.6454907655715942,-0.08936593681573868,0.7453935742378235,-0.026569737121462822,0.6600728631019592
0.6632596850395203,0.1655150204896927,0.26000091433525085,-0.08543965965509415,0.7452898621559143,-0.033004336059093475,0.6604194045066833,-0.699999988079071,-0.10156232863664627,-0.37215206027030945,1.6897624731063843,-0.2942454516887665,-0.14802943170070648,-0.8399999737739563,0.040000397711992264,0.18960513174533844,1.655134916305542,-0.2999441623687744,0.12642186880111694,-0.0,-2.475390672683716,-0.15407297015190125,0.26341256499290466,-1.7384992837905884,-0.11469869315624237,-1.0994160175323486,-0.6798428297042847,-0.20000000298023224,-2.200000047683716,-0.2523207664489746,-0.0,0.534866452217102,-0.308027982711792,-0.7718377709388733,-0.13058921694755554,-0.06036785617470741,-0.42933109402656555,3.000000476837158,0.8478553891181946,0.09398012608289719,-1.654600977897644,0.3275879919528961,-0.23797093331813812,3.5999999046325684,-0.7518554329872131,-0.02257525734603405,-2.473715305328369,0.20736514031887054,0.029174385592341423,0.0,-5.222811222076416,0.5856227278709412,-1.345828652381897,-0.535043478012085,-0.09986511617898941,-1.1542187929153442,1.3513683080673218,0.0,0.0,-0.08076130598783493,0.0,0.0,0.0,-0.08543965965509415,0.7452898621559143,-0.033004336059093475,0.6604194045066833,-0.08543965965509415,0.7452898621559143,-0.033004336059093475,0.6604194045066833,-0.02504785731434822,0.4889475405216217,0.05590662732720375,0.870159387588501,-0.06918428838253021,0.485479474067688,0.08065321296453476,0.867766261100769,-0.1578056961297989,0.46429961919784546,-0.08127935230731964,0.8677078485488892,-0.043966393917798996,0.957163393497467,-0.17197653651237488,0.22875580191612244,-0.06870190054178238,0.9132892489433289,-0.1636735200881958,0.36659756302833557,-0.09562265872955322,0.9228919744491577,-0.09569026529788971,0.3605135679244995,-0.09562265872955322,0.9228919744491577,-0.09569026529788971,0.3605135679244995,-0.1696683168411255,0.4113819897174835,-0.0661821961402893,0.8930830955505371,-0.15177373588085175,0.40997615456581116,-0.07439613342285156,0.8962976932525635,-0.1122836098074913,0.42250218987464905,0.01078202947974205,0.8993152976036072,-0.08391749113798141,0.9480487108230591,-0.07537715882062912,0.2974555492401123,-0.09423767775297165,0.8929641246795654,-0.061992913484573364,0.4357651472091675,-0.06652269512414932,0.8872647285461426,-0.11827661842107773,0.4408477246761322,-0.06652269512414932,0.8872647285461426,-0.11827661842107773,0.4408477246761322,-0.08543965965509415,0.7452898621559143,-0.033004336059093475,0.6604194045066833,-0.10329030454158783,-0.3842652142047882,0.030603503808379173,0.9169158935546875,-0.1735500991344452,-0.3854807913303375,0.000939567806199193,0.9062471985816956,-0.22256292402744293,-0.3668700158596039,0.12114154547452927,0.8950960040092468,-0.035554975271224976,-0.9300689697265625,0.20414921641349792,0.303365558385849,0.019474375993013382,-0.9269362688064575,0.19818943738937378,0.3180108368396759,0.019474375993013382,-0.9269362688064575,0.19818943738937378,0.3180108368396759,-0.06561242789030075,0.29394686222076416,0.03807142749428749,0.952806830406189,-0.37953633069992065,0.26443397998809814,0.13389872014522552,0.8764119744300842,-0.4031481146812439,0.2198033630847931,0.04828639701008797,0.8870323896408081,-0.12977194786071777,-0.6668224334716797,0.430651992559433,0.5941766500473022,-0.02754713036119938,-0.6704279184341431,0.37339067459106445,0.6405832767486572,-0.02754713036119938,-0.6704279184341431,0.37339067459106445,0.6405832767486572,-0.08543965965509415,0.7452898621559143,-0.033004336059093475,0.6604194045066833
0.6693679690361023,0.15713275969028473,0.2508775591850281,-0.08265935629606247,0.7400311827659607,-0.03700221702456474,0.6664474010467529,-0.6443491578102112,-0.079546719789505,-0.35588183999061584,1.6406455039978027,-0.27580180764198303,-0.1568322628736496,-0.800000011920929,0.05587805062532425,0.20408391952514648,1.560445785522461,-0.28375720977783203,0.12943796813488007,-0.0,-2.490741014480591,-0.1222551241517067,0.20757731795310974,-1.7533780336380005,-0.1292000412940979,-1.1306298971176147,-0.6211899518966675,-0.20000000298023224,-2.200000047683716,-0.24212925136089325,-0.0,0.18324850499629974,-0.25146782398223877,-0.27370065450668335,-0.04811729118227959,-0.5039400458335876,-0.24385318160057068,1.6695247888565063,0.6604682207107544,0.4881065785884857,-1.4735089540481567,0.5533093214035034,-0.26408493518829346,1.1999987363815308,0.4763295650482178,0.43436360359191895,-2.8406736850738525,0.4856085479259491,0.09048297256231308,0.0,-0.4605102241039276,0.9545353055000305,-1.675057291984558,-0.4463624656200409,-0.4350404143333435,-0.9364163279533386,1.759586215019226,0.0,0.0,0.3057454228401184,0.0,0.0,0.0,-0.08265935629606247,0.7400311827659607,-0.03700221702456474,0.6664474010467529,-0.08265935629606247,0.7400311827659607,-0.03700221702456474,0.6664474010467529,-0.029077814891934395,0.5049028396606445,0.04479747265577316,0.861522376537323,-0.06331142783164978,0.5027222633361816,0.06483843177556992,0.8596848249435425,-0.15129528939723969,0.48357805609703064,-0.08835247159004211,0.8575872182846069,-0.03856315836310387,0.9570031762123108,-0.17090730369091034,0.23118925094604492,-0.06169071048498154,0.9161378145217896,-0.1639837771654129,0.3605482280254364,-0.08974497020244598,0.9261683821678162,-0.09171348065137863,0.3546076714992523,-0.08974497020244598,0.9261683821678162,-0.09171348065137863,0.3546076714992523,-0.16463956236839294,0.42259901762008667,-0.07015950977802277,0.8884714841842651,-0.1397555023431778,0.42047417163848877,-0.08193759620189667,0.8927239775657654,-0.09619694203138351,0.43252313137054443,0.009425918571650982,0.896426796913147,-0.07500317692756653,0.9379993081092834,-0.0609690360724926,0.33288827538490295,-0.08287076652050018,0.8815029263496399,-0.04975074529647827,0.4621794521808624,-0.05280636250972748,0.8764399290084839,-0.1066567450761795,0.4665714204311371,-0.05280636250972748,0.8764399290084839,-0.1066567450761795,0.4665714204311371,-0.08265935629606247,0.7400311827659607,-0.03700221702456474,0.6664474010467529,-0.1054464653134346,-0.3985433876514435,0.0266859270632267,0.9106767177581787,-0.16088230907917023,-0.3994292616844177,0.0022892681881785393,0.9025341868400574,-0.20130181312561035,-0.3865172863006592,0.09664387255907059,0.8948418498039246,-0.037852488458156586,-0.9436120986938477,0.17223745584487915,0.28017428517341614,0.02479635924100876,-0.9405174851417542,0.16718173027038574,0.29472407698631287,0.02479635924100876,-0.9405174851417542,0.16718173027038574,0.29472407698631287,-0.06468991190195084,0.27137812972068787,0.03536286950111389,0.9596450328826904,-0.35488632321357727,0.24758541584014893,0.1166108176112175,0.8939569592475891,-0.37705090641975403,0.20538504421710968,0.029182227328419685,0.9026616215705872,-0.1357712596654892,-0.6886778473854065,0.3996139466762543,0.5895740985870361,-0.03542974591255188,-0.6936613321304321,0.3461677134037018,0.630671501159668,-0.03542974591255188,-0.6936613321304321,0.3461677134037018,0.630671501159668,-0.08265935629606247,0.7400311827659607,-0.03700221702456474,0.6664474010467529
0.6720123887062073,0.14610327780246735,0.24714820086956024,-0.07813335955142975,0.7353132367134094,-0.038371000438928604,0.6721140146255493,-0.6113238334655762,-0.05310904234647751,-0.3316173553466797,1.5578508377075195,-0.2555379271507263,-0.1751977950334549,-0.75,0.05767884477972984,0.2058538943529129,1.4257826805114746,-0.2777409255504608,0.12405604124069214,-0.0,-2.404788017272949,-0.08356917649507523,0.15279586613178253,-1.772988200187683,-0.13447333872318268,-1.1732652187347412,-0.5533304214477539,-0.20000000298023224,-2.200000047683716,-0.23820868134498596,-0.0,0.07933258265256882,-0.3308844268321991,-0.11188074201345444,0.13783499598503113,-0.45710673928260803,-0.2197192907333374,0.9907596707344055,0.7931302785873413,0.7279344797134399,-2.483839750289917,0.6079163551330566,-0.5509659647941589,1.500000238418579,0.05402382090687752,0.053099241107702255,-4.03989315032959,0.18048851191997528,-0.16145779192447662,0.0,2.578589677810669,1.1605783700942993,-1.6434434652328491,-0.5883049368858337,-0.15819890797138214,-1.2790595293045044,2.0357859134674072,0.0,0.0,0.11761709302663803,0.0,0.0,0.0,-0.07813335955142975,0.7353132367134094,-0.038371000438928604,0.6721140146255493,-0.07813335955142975,0.7353132367134094,-0.038371000438928604,0.6721140146255493,-0.02839520573616028,0.5119515061378479,0.03846622630953789,0.8576827645301819,-0.0511578731238842,0.5107496976852417,0.05204569548368454,0.8566264510154724,-0.134755477309227,0.4953012764453888,-0.09005426615476608,0.853468120098114,-0.032636795192956924,0.9520646929740906,-0.1587565690279007,0.25943008065223694,-0.05259978026151657,0.9112470746040344,-0.153303861618042,0.3786289691925049,-0.08552317321300507,0.9211651682853699,-0.07299385219812393,0.37257540225982666,-0.08552317321300507,0.9211651682853699,-0.07299385219812393,0.37257540225982666,-0.15598547458648682,0.4390190541744232,-0.07177679240703583,0.8819177150726318,-0.13049013912677765,0.43676677346229553,-0.08440624922513962,0.8860489130020142,-0.08492380380630493,0.44786250591278076,0.007077827583998442,0.8900320529937744,-0.06887172162532806,0.9208984375,-0.05018799006938934,0.38037341833114624,-0.07515594363212585,0.8593798875808716,-0.040171295404434204,0.5041865110397339,-0.04375777021050453,0.8552370667457581,-0.09336549788713455,0.5078756809234619,-0.04375777021050453,0.8552370667457581,-0.09336549788713455,0.5078756809234619,-0.07813335955142975,0.7353132367134094,-0.038371000438928604,0.6721140146255493,-0.10693663358688354,-0.3655523955821991,0.0195577722042799,0.9244205951690674,-0.14545859396457672,-0.3660503029823303,0.004270689096301794,0.919146716594696,-0.17289696633815765,-0.358308345079422,0.07496960461139679,0.9143857955932617,-0.03581136092543602,-0.9421903491020203,0.13584303855895996,0.3042064607143402,0.029794570058584213,-0.9391806721687317,0.1290624439716339,0.316851407289505,0.029794570058584213,-0.9391806721687317,0.1290624439716339,0.316851407289505,-0.06071057915687561,0.2437705099582672,0.034572046250104904,0.9673132300376892,-0.32262271642684937,0.225056990981102,0.09984304755926132,0.9139449000358582,-0.34280893206596375,0.18605850636959076,0.010304450988769531,0.9207378029823303,-0.13815535604953766,-0.7153924107551575,0.36155930161476135,0.5817230343818665,-0.03681614622473717,-0.7213764190673828,0.3108992576599121,0.6177396774291992,-0.03681614622473717,-0.7213764190673828,0.3108992576599121,0.6177396774291992,-0.07813335955142975,0.7353132367134094,-0.038371000438928604,0.6721140146255493
0.6715651154518127,0.1270037740468979,0.24636416137218475,-0.06682078540325165,0.7252277135848999,-0.04344121739268303,0.6838805675506592,-0.5678096413612366,-0.01909811422228813,-0.29395559430122375,1.4676145315170288,-0.2407701015472412,-0.17692475020885468,-0.7140976190567017,0.04649493098258972,0.1939828246831894,1.2613821029663086,-0.26913976669311523,0.1146802306175232,-0.0,-2.244086265563965,-0.018806463107466698,0.08839735388755798,-1.8005715608596802,-0.13797804713249207,-1.5189710855484009,-0.5,-0.20000000298023224,-2.200000047683716,-0.22158946096897125,-0.0,-0.013418196700513363,-0.572985053062439,-0.0235211830586195,0.2644680142402649,-0.9757211208343506,-0.6292336583137512,1.3054256439208984,1.0203278064727783,1.1298527717590332,-2.7070889472961426,0.44303473830223083,-0.05180865153670311,1.0770714282989502,-0.33551740646362305,-0.35613206028938293,-4.932016849517822,0.25803476572036743,-0.28127431869506836,0.0,4.821052074432373,1.9428812265396118,-1.9319552183151245,-0.8275007605552673,-0.10514124482870102,-10.371175765991211,1.5999125242233276,0.0,0.0,0.4985765814781189,0.0,0.0,0.0,-0.06682078540325165,0.7252277135848999,-0.04344121739268303,0.6838805675506592,-0.06682078540325165,0.7252277135848999,-0.04344121739268303,0.6838805675506592,-0.02332272008061409,0.5160083770751953,0.02595609985291958,0.8558724522590637,-0.03149430826306343,0.515736997127533,0.03088223561644554,0.855610728263855,-0.10668400675058365,0.5055640935897827,-0.09475422650575638,0.8509083986282349,-0.01576966606080532,0.9453020691871643,-0.14181381464004517,0.29333290457725525,-0.032686591148376465,0.903232753276825,-0.13889358937740326,0.4047354757785797,-0.06831596046686172,0.9119716882705688,-0.058552537113428116,0.400265097618103,-0.06831596046686172,0.9119716882705688,-0.058552537113428116,0.400265097618103,-0.14287646114826202,0.4425656795501709,-0.08000652492046356,0.8816580176353455,-0.12234339118003845,0.44058629870414734,-0.09027250856161118,0.8847410082817078,-0.07910226285457611,0.4503632187843323,-0.004170427564531565,0.8893247246742249,-0.06142526865005493,0.8881598711013794,-0.05001496151089668,0.4526560306549072,-0.06758014112710953,0.8193999528884888,-0.04132171720266342,0.5677227973937988,-0.03493362292647362,0.8156851530075073,-0.08821254968643188,0.5706626772880554,-0.03493362292647362,0.8156851530075073,-0.08821254968643188,0.5706626772880554,-0.06682078540325165,0.7252277135848999,-0.04344121739268303,0.6838805675506592,-0.10908138751983643,-0.3040984869003296,0.0025496126618236303,0.9463714361190796,-0.1179753839969635,-0.30410900712013245,-0.000309966504573822,0.9453038573265076,-0.1312713474035263,-0.30123278498649597,0.04170283302664757,0.9435504674911499,-0.03615184873342514,-0.9315442442893982,0.08149001002311707,0.3525305390357971,0.031396422535181046,-0.9290459752082825,0.07124807685613632,0.3616787791252136,0.031396422535181046,-0.9290459752082825,0.07124807685613632,0.3616787791252136,-0.04695529118180275,0.058861374855041504,0.04398263990879059,0.9961907863616943,-0.2919571101665497,0.04615003615617752,0.05717786028981209,0.9536046981811523,-0.2947383224964142,0.010852133855223656,-0.03629137575626373,0.9548269510269165,-0.16768233478069305,-0.8277626037597656,0.29914966225624084,0.4440733790397644,-0.06485192477703094,-0.8366937041282654,0.270263671875,0.4719061553478241,-0.06485192477703094,-0.8366937041282654,0.270263671875,0.4719061553478241,-0.06682078540325165,0.7252277135848999,-0.04344121739268303,0.6838805675506592
0.6696135401725769,0.10688113421201706,0.24544702470302582,-0.03076808899641037,0.7044492959976196,0.019229162484407425,0.7088263034820557,-0.5418216586112976,0.015905722975730896,-0.24796482920646667,1.343457818031311,-0.2183454930782318,-0.1959318220615387,-0.5417517423629761,0.04085009917616844,0.1657540202140808,1.057188868522644,-0.24282589554786682,0.1175767332315445,-0.0,-1.9840444326400757,0.13645827770233154,0.008731848560273647,-1.908370018005371,-0.11285391449928284,-1.310425043106079,-0.5,-0.20000000298023224,-2.200000047683716,-0.1860423982143402,-0.0,-0.0585472546517849,-0.6036791801452637,-0.027514098212122917,4.256674766540527,-1.7826536893844604,1.152291178703308,0.7796394228935242,1.0501151084899902,1.3797228336334229,-3.724701166152954,0.6727381944656372,-0.5702121257781982,5.170375823974609,-0.1693449467420578,-0.8468641042709351,-6.125796794891357,0.7894160747528076,0.08689507097005844,0.0,7.801254749298096,4.657941818237305,-2.389965057373047,-3.2339534759521484,0.7537239193916321,6.256381034851074,0.0,0.0,0.0,1.0664118528366089,0.0,0.0,0.0,-0.03076808899641037,0.7044492959976196,0.019229162484407425,0.7088263034820557,-0.03076808899641037,0.7044492959976196,0.019229162484407425,0.7088263034820557,0.024116450920701027,0.4976624548435211,0.0755760446190834,0.8637353777885437,0.03098478354513645,0.49824774265289307,0.07161585986614227,0.8635162115097046,-0.03086887300014496,0.4982549250125885,-0.035720620304346085,0.8657442927360535,-0.001932135783135891,0.9287949800491333,-0.04717114195227623,0.367574542760849,-0.0070602125488221645,0.8832160234451294,-0.046679794788360596,0.4665839970111847,-0.05266260728240013,0.8835468888282776,0.03993074968457222,0.4636562764644623,-0.05266260728240013,0.8835468888282776,0.03993074968457222,0.4636562764644623,-0.07346191257238388,0.4934302270412445,-0.02260850928723812,0.8663825988769531,-0.05575191229581833,0.49286556243896484,-0.0326814278960228,0.8677022457122803,-0.014760073274374008,0.49578914046287537,0.03926101699471474,0.8674294352531433,-0.03254569321870804,0.8655843734741211,0.026458745822310448,0.49900344014167786,-0.029101558029651642,0.7987756133079529,0.030205735936760902,0.6001651883125305,0.006211125757545233,0.7991704344749451,-0.016778113320469856,0.6008381843566895,0.006211125757545233,0.7991704344749451,-0.016778113320469856,0.6008381843566895,-0.03076808899641037,0.7044492959976196,0.019229162484407425,0.7088263034820557,-0.037793345749378204,-0.20849643647670746,-0.0010344521142542362,0.9772920608520508,0.028922664001584053,-0.20808185636997223,0.013182452879846096,0.9775948524475098,0.02801932953298092,-0.20847393572330475,0.01743406243622303,0.9774709939956665,0.038907308131456375,-0.9150435328483582,-0.06327898055315018,0.39645591378211975,0.09416869282722473,-0.9108304977416992,-0.07375121861696243,0.3950706422328949,0.09416869282722473,-0.9108304977416992,-0.07375121861696243,0.3950706422328949,0.014249504543840885,0.12869276106357574,0.06107782572507858,0.9896992444992065,-0.23104898631572723,0.1095811203122139,0.09101816266775131,0.9624572992324829,-0.24024242162704468,0.07997950166463852,-0.0038839851040393114,0.9674046635627747,-0.11030082404613495,-0.8107221126556396,0.26625004410743713,0.5095824599266052,-0.024726003408432007,-0.814821720123291,0.23577214777469635,0.529023289680481,-0.024726003408432007,-0.814821720123291,0.23577214777469635,0.529023289680481,-0.03076808899641037,0.7044492959976196,0.019229162484407425,0.7088263034820557
0.6821054816246033,0.10850854218006134,0.23173373937606812,-0.046002600342035294,0.7009217739105225,0.03848843649029732,0.710711658000946,-0.49315768480300903,0.07528660446405411,-0.20816396176815033,1.2149032354354858,-0.1979939341545105,-0.20605921745300293,-0.43452727794647217,0.02957807667553425,0.12580208480358124,0.8585593104362488,-0.20188264548778534,0.11225723475217819,-0.0,-1.7266552448272705,0.37572237849235535,0.004916648846119642,-2.1018152236938477,-0.07391805946826935,-1.2647137641906738,-0.5,-0.20000000298023224,-2.200000047683716,-0.12810488045215607,-0.0,0.37475821375846863,0.04882223531603813,-0.4113985300064087,0.17368189990520477,-0.211756631731987,1.4674935340881348,1.4599190950393677,1.7814263105392456,1.194025993347168,-3.8566372394561768,0.6105467081069946,-0.3038218319416046,3.216733694076538,-0.3381606638431549,-1.19855797290802,-5.958886623382568,1.228297472000122,-0.15958493947982788,0.0,7.721675395965576,7.17792272567749,-0.11445598304271698,-5.803355693817139,1.1680755615234375,1.3713382482528687,0.0,0.0,0.0,1.7381254434585571,0.0,0.0,0.0,-0.046002600342035294,0.7009217739105225,0.03848843649029732,0.710711658000946,-0.046002600342035294,0.7009217739105225,0.03848843649029732,0.710711658000946,0.008743679150938988,0.5150623321533203,0.09306921809911728,0.85204017162323,0.040803514420986176,0.5182000994682312,0.07361921668052673,0.8511074781417847,-0.013255261816084385,0.519635021686554,-0.015204282477498055,0.8541502356529236,-0.0022057124879211187,0.9142041802406311,-0.020050112158060074,0.40475159883499146,-0.004176572896540165,0.8697242736816406,-0.019733941182494164,0.4931255280971527,-0.05487111583352089,0.867141842842102,0.0698196142911911,0.4900810122489929,-0.05487111583352089,0.867141842842102,0.0698196142911911,0.4900810122489929,-0.07601216435432434,0.5338975191116333,0.007510938681662083,0.8420920968055725,-0.06355056911706924,0.5339502096176147,-0.0003854262758977711,0.8431241512298584,-0.029861006885766983,0.5368890762329102,0.0526137575507164,0.8414809703826904,-0.04905027896165848,0.8384126424789429,0.03541126474738121,0.5416681170463562,-0.04523220658302307,0.7795610427856445,0.040173809975385666,0.623397707939148,-0.010188891552388668,0.7805870771408081,-0.003622167743742466,0.6249535083770752,-0.010188891552388668,0.7805870771408081,-0.003622167743742466,0.6249535083770752,-0.046002600342035294,0.7009217739105225,0.03848843649029732,0.710711658000946,-0.03415289148688316,-0.08573950827121735,0.025991229340434074,0.9953927993774414,0.1523457020521164,-0.07937692850828171,0.04154649004340172,0.9842581152915955,0.15215690433979034,-0.07990241795778275,0.04393769055604935,0.984140932559967,0.11567427217960358,-0.883926272392273,-0.1637941300868988,0.4224514961242676,0.15115799009799957,-0.8794899582862854,-0.17161710560321808,0.41736823320388794,0.15115799009799957,-0.8794899582862854,-0.17161710560321808,0.41736823320388794,0.011609065346419811,0.1478610336780548,0.08455842733383179,0.9853183031082153,-0.23252348601818085,0.12234430015087128,0.11851111799478531,0.9575592875480652,-0.24280889332294464,0.0925627052783966,0.023968877270817757,0.9653504490852356,-0.08598222583532333,-0.8031113147735596,0.2810823321342468,0.5182778835296631,-0.027461282908916473,-0.8050181269645691,0.25955328345298767,0.5327511429786682,-0.027461282908916473,-0.8050181269645691,0.25955328345298767,0.5327511429786682,-0.046002600342035294,0.7009217739105225,0.03848843649029732,0.710711658000946
0.693769633769989,0.10511108487844467,0.21126113831996918,-0.05413509160280228,0.6996979713439941,0.048594385385513306,0.7107254862785339,-0.4260168671607971,0.12878838181495667,-0.1662483811378479,1.078098177909851,-0.1829991638660431,-0.21087907254695892,-0.384952187538147,0.03911472484469414,0.09346454590559006,0.6692824363708496,-0.14516988396644592,0.11266349256038666,-0.0,-1.5168490409851074,0.6352655291557312,0.11766744405031204,-2.1947999000549316,-0.043931979686021805,-1.0761631727218628,-0.5,-0.2438497096300125,-2.1947999000549316,-0.01483236625790596,-0.0,0.3499245345592499,-0.10192371159791946,-0.6141780018806458,0.0810839980840683,-0.04365545138716698,0.7763272523880005,2.0142245292663574,1.605053186416626,1.2574673891067505,-4.104151725769043,0.44984307885169983,-0.14459563791751862,1.4872525930404663,0.2860994338989258,-0.9701260924339294,-5.6783061027526855,1.7013827562332153,0.012187733314931393,0.0,6.294185638427734,7.786293983459473,3.382523775100708,-2.7895400524139404,0.8995823264122009,5.656517505645752,0.0,-1.3154910802841187,0.1560044139623642,3.3981754779815674,0.0,0.0,0.0,-0.05413509160280228,0.6996979713439941,0.048594385385513306,0.7107254862785339,-0.05413509160280228,0.6996979713439941,0.048594385385513306,0.7107254862785339,-0.004704989958554506,0.5417176485061646,0.09743750095367432,0.8348807096481323,0.04902908205986023,0.546864926815033,0.06237618997693062,0.8334531188011169,0.0034544195514172316,0.5490475296974182,-0.007039544638246298,0.8357543349266052,0.006578113418072462,0.900200605392456,-0.004268094431608915,0.43540486693382263,0.006160611752420664,0.8566511273384094,-0.00485129514709115,0.5158365964889526,-0.04816244915127754,0.8524041771888733,0.08533327281475067,0.5136201977729797,-0.04816244915127754,0.8524041771888733,0.08533327281475067,0.5136201977729797,-0.07879818975925446,0.5527748465538025,0.0225120410323143,0.8292912840843201,-0.0625654086470604,0.553109347820282,0.011697606183588505,0.8306736946105957,-0.036658450961112976,0.5554282665252686,0.05048997700214386,0.8292203545570374,-0.05120737850666046,0.7969587445259094,0.035649459809064865,0.600802481174469,-0.04848720133304596,0.7512893080711365,0.03926921263337135,0.657016932964325,-0.01141894981265068,0.7523085474967957,-0.003092137398198247,0.6587046980857849,-0.01141894981265068,0.7523085474967957,-0.003092137398198247,0.6587046980857849,-0.05413509160280228,0.6996979713439941,0.048594385385513306,0.7107254862785339,-0.036158811300992966,0.017729997634887695,0.04174164682626724,0.9983164668083191,0.2774427831172943,0.029879789799451828,0.03411621227860451,0.9596711993217468,0.27884218096733093,0.010002859868109226,0.08934971690177917,0.9561190605163574,0.203616201877594,-0.8293567299842834,-0.2603693902492523,0.4504615366458893,0.22380155324935913,-0.8254132866859436,-0.2657606899738312,0.44494614005088806,0.22380155324935913,-0.8254132866859436,-0.2657606899738312,0.44494614005088806,0.0008855440537445247,0.23904742300510406,0.09228748083114624,0.966611921787262,-0.2382856011390686,0.20878373086452484,0.14855976402759552,0.9367813467979431,-0.2607249319553375,0.17115595936775208,0.03556732460856438,0.949454128742218,-0.08001145720481873,-0.7508509159088135,0.301283597946167,0.5822793841362,-0.07351592183113098,-0.751196026802063,0.298299103975296,0.5842238664627075,-0.07351592183113098,-0.751196026802063,0.298299103975296,0.5842238664627075,-0.05413509160280228,0.6996979713439941,0.048594385385513306,0.7107254862785339
0.7006345987319946,0.10658009350299835,0.1923605501651764,-0.0538802370429039,0.6992416381835938,0.05036218836903572,0.7110707759857178,-0.35846811532974243,0.13780644536018372,-0.12067301571369171,0.9493722915649414,-0.16787752509117126,-0.19948025047779083,-0.3143359124660492,0.0330757312476635,0.07560289651155472,0.5567704439163208,-0.10457158088684082,0.11624320596456528,-0.0,-1.4673105478286743,0.7162898182868958,0.15914931893348694,-2.1947999000549316,-0.047987814992666245,-1.0765678882598877,-0.5,-0.24470767378807068,-2.1947999000549316,0.04127419367432594,-0.0,0.20594893395900726,0.044070255011320114,-0.5670176148414612,0.08753569424152374,-0.027470503002405167,0.06516159325838089,2.0264625549316406,0.2705419063568115,1.3672609329223633,-3.861776351928711,0.4536491334438324,0.34196463227272034,2.118488073348999,-0.181169793009758,-0.5358494520187378,-3.375359535217285,1.2179490327835083,0.10739139467477798,0.0,1.4861546754837036,2.4307284355163574,1.244456171989441,0.0,-0.1216750517487526,-0.012141465209424496,0.0,-0.025738922879099846,0.0,1.6831966638565063,0.0,0.0,0.0,-0.0538802370429039,0.6992416381835938,0.05036218836903572,0.7110707759857178,-0.0538802370429039,0.6992416381835938,0.05036218836903572,0.7110707759857178,-0.012080821208655834,0.5680789351463318,0.0916433185338974,0.8177664279937744,0.0442500114440918,0.5730404853820801,0.052314359694719315,0.8166576623916626,0.009615203365683556,0.5746659636497498,0.0029747814405709505,0.8183261752128601,0.007192458491772413,0.8851523399353027,0.007040596567094326,0.4651924967765808,0.007757420651614666,0.843034029006958,0.00641279062256217,0.5377660393714905,-0.04582909867167473,0.8382056951522827,0.09032589942216873,0.5358657836914062,-0.04582909867167473,0.8382056951522827,0.09032589942216873,0.5358657836914062,-0.07392878830432892,0.5809348225593567,0.02908148057758808,0.810063898563385,-0.06052256375551224,0.5813363194465637,0.019470520317554474,0.8111757040023804,-0.03850920498371124,0.5832082629203796,0.050112925469875336,0.809860348701477,-0.05079782009124756,0.7833074331283569,0.03760113939642906,0.618413507938385,-0.04876329004764557,0.7499174475669861,0.040204547345638275,0.6585055589675903,-0.010429095476865768,0.7509865760803223,-0.0034252088516950607,0.6602262258529663,-0.010429095476865768,0.7509865760803223,-0.0034252088516950607,0.6602262258529663,-0.0538802370429039,0.6992416381835938,0.05036218836903572,0.7110707759857178,-0.03576207160949707,0.041898056864738464,0.043515753000974655,0.9975329637527466,0.3161797523498535,0.05449347198009491,0.026067784056067467,0.9467741847038269,0.31963253021240234,0.024510780349373817,0.09951803088188171,0.9419821500778198,0.2304684966802597,-0.8079297542572021,-0.2911407947540283,0.45757052302360535,0.2520856261253357,-0.8031283617019653,-0.29725128412246704,0.45064324140548706,0.2520856261253357,-0.8031283617019653,-0.29725128412246704,0.45064324140548706,0.002015845151618123,0.23827552795410156,0.09369812160730362,0.9666650891304016,-0.23720358312129974,0.20768682658672333,0.14973558485507965,0.9371125102043152,-0.25958067178726196,0.17005929350852966,0.03628624230623245,0.9499373435974121,-0.07891365140676498,-0.7518458366394043,0.30061930418014526,0.5814881920814514,-0.09698046743869781,-0.7506880760192871,0.3088178336620331,0.5759285688400269,-0.09698046743869781,-0.7506880760192871,0.3088178336620331,0.5759285688400269,-0.0538802370429039,0.6992416381835938,0.05036218836903572,0.7110707759857178
0.7048162221908569,0.10827139765024185,0.17343053221702576,-0.049627818167209625,0.699392557144165,0.04703989997506142,0.7114593386650085,-0.29013732075691223,0.12882953882217407,-0.08070842176675797,0.8293437361717224,-0.15573245286941528,-0.17834527790546417,-0.29295575618743896,0.02343572862446308,0.07543755322694778,0.458366334438324,-0.06662184745073318,0.12284842878580093,-0.0,-1.4240264892578125,0.7801966667175293,0.1748109757900238,-2.1947999000549316,-0.048304978758096695,-1.034618854522705,-0.6000000238418579,-0.21571215987205505,-2.1947999000549316,0.07643918693065643,-0.0,0.12544870376586914,0.050739120692014694,-0.567900538444519,0.042841628193855286,-0.00775382062420249,-0.321814626455307,2.0499236583709717,-0.2693071961402893,1.1989377737045288,-3.6008565425872803,0.36435213685035706,0.634049117565155,0.6414046287536621,-0.2892000675201416,-0.0049602980725467205,-2.9521231651306152,1.1384919881820679,0.1981566697359085,0.0,1.298521637916565,1.9172053337097168,0.46984967589378357,0.0,-0.009514912031590939,1.258470892906189,-3.000000476837158,0.869865357875824,0.0,1.0549497604370117,0.0,0.0,0.0,-0.049627818167209625,0.699392557144165,0.04703989997506142,0.7114593386650085,-0.049627818167209625,0.699392557144165,0.04703989997506142,0.7114593386650085,-0.01637038215994835,0.594558596611023,0.08009477704763412,0.7998855710029602,0.03515239059925079,0.5984812378883362,0.04165679216384888,0.7992804050445557,0.01097908616065979,0.599412202835083,0.00937730073928833,0.8003103137016296,0.00627057533711195,0.871047854423523,0.013005920685827732,0.4909859001636505,0.007263273932039738,0.8302159309387207,0.012478739954531193,0.5572548508644104,-0.042391642928123474,0.8258060216903687,0.08636362850666046,0.5556876063346863,-0.042391642928123474,0.8258060216903687,0.08636362850666046,0.5556876063346863,-0.06888475269079208,0.5897257328033447,0.026656795293092728,0.8042188286781311,-0.059456512331962585,0.5899975895881653,0.01974479667842388,0.8049707412719727,-0.03716551139950752,0.5918200612068176,0.050086066126823425,0.8036536574363708,-0.04757237806916237,0.7589210271835327,0.040333088487386703,0.6481890082359314,-0.04620270058512688,0.7369122505187988,0.041895102709531784,0.6731051206588745,-0.0047966111451387405,0.7380942702293396,-0.0034197045024484396,0.6746718883514404,-0.0047966111451387405,0.7380942702293396,-0.0034197045024484396,0.6746718883514404,-0.049627818167209625,0.699392557144165,0.04703989997506142,0.7114593386650085,-0.03558987006545067,0.0635165274143219,0.0387846976518631,0.9965915679931641,0.3460671305656433,0.07349365949630737,0.011716843582689762,0.935253381729126,0.3512131869792938,0.03793571889400482,0.09125593304634094,0.9310652613639832,0.23680363595485687,-0.7903267741203308,-0.3223167955875397,0.46413302421569824,0.2582276463508606,-0.7855000495910645,-0.32869434356689453,0.45636415481567383,0.2582276463508606,-0.7855000495910645,-0.32869434356689453,0.45636415481567383,0.001801278442144394,0.2582669258117676,0.0874723270535469,0.9621037244796753,-0.2826002836227417,0.22088198363780975,0.1598886102437973,0.9196650981903076,-0.3036077916622162,0.1830211728811264,0.06206577271223068,0.932991623878479,-0.07532159984111786,-0.7284861207008362,0.3505646884441376,0.583728551864624,-0.1080179437994957,-0.7266451716423035,0.3658917546272278,0.5713511109352112,-0.1080179437994957,-0.7266451716423035,0.3658917546272278,0.5713511109352112,-0.049627818167209625,0.699392557144165,0.04703989997506142,0.7114593386650085
0.706107497215271,0.09843709319829941,0.15129095315933228,-0.039203401654958725,0.7000150084495544,0.03672550246119499,0.712104856967926,-0.21363729238510132,0.13155727088451385,-0.033359915018081665,0.7055888175964355,-0.1581452339887619,-0.16227410733699799,-0.2204786092042923,0.015836575999855995,0.06545421481132507,0.39315953850746155,-0.05141237750649452,0.12899234890937805,-0.0,-1.357654094696045,0.8442948460578918,0.19843299686908722,-2.1947999000549316,-0.048483286052942276,-0.9727736711502075,-0.699999988079071,-0.19017639756202698,-2.1947999000549316,0.10519537329673767,-0.0,0.03873824700713158,-0.2950291037559509,-0.6641873121261597,0.012329918332397938,-0.0018084312323480844,-0.8814491033554077,2.2950007915496826,0.08183195441961288,1.4204550981521606,-3.7126474380493164,-0.07238342612981796,0.4821350872516632,2.174314260482788,-0.2279745638370514,-0.29950013756752014,-1.956203818321228,0.4562840759754181,0.18431758880615234,0.0,1.9911717176437378,1.922945261001587,0.7086606025695801,0.0,-0.005349218379706144,1.8553553819656372,-2.9999988079071045,0.7660728096961975,0.0,0.8626855611801147,0.0,0.0,0.0,-0.039203401654958725,0.7000150084495544,0.03672550246119499,0.712104856967926,-0.039203401654958725,0.7000150084495544,0.03672550246119499,0.712104856967926,-0.01588154397904873,0.623772382736206,0.06020337715744972,0.7791221737861633,0.03536544367671013,0.6263806223869324,0.01907186768949032,0.778481125831604,0.024913007393479347,0.6268833875656128,0.006084784399718046,0.7786909341812134,0.021276213228702545,0.8573285937309265,0.014318006113171577,0.5141303539276123,0.022340714931488037,0.8140384554862976,0.012592654675245285,0.5802444815635681,-0.024760471656918526,0.8103398084640503,0.07852746546268463,0.580146312713623,-0.024760471656918526,0.8103398084640503,0.07852746546268463,0.580146312713623,-0.05499511584639549,0.6189759373664856,0.020391952246427536,0.7832167744636536,-0.04879172146320343,0.6191179752349854,0.015490135177969933,0.7836276888847351,-0.02850727178156376,0.6203829646110535,0.041123129427433014,0.7827011942863464,-0.035990241914987564,0.7613087892532349,0.03476318344473839,0.6464558243751526,-0.03508482128381729,0.7444411516189575,0.03567676618695259,0.6658104658126831,0.007900589145720005,0.7451927661895752,-0.01237773708999157,0.6666874289512634,0.007900589145720005,0.7451927661895752,-0.01237773708999157,0.6666874289512634,-0.039203401654958725,0.7000150084495544,0.03672550246119499,0.712104856967926,-0.03509683161973953,0.09704840183258057,0.025075484067201614,0.9943445324897766,0.37538740038871765,0.09880257397890091,-0.016888564452528954,0.9214320778846741,0.3832036852836609,0.05547443777322769,0.07195044308900833,0.9191848039627075,0.23328854143619537,-0.7699427008628845,-0.3588277995586395,0.47329407930374146,0.25441327691078186,-0.7653626203536987,-0.3655456602573395,0.46461841464042664,0.25441327691078186,-0.7653626203536987,-0.3655456602573395,0.46461841464042664,0.0030218749307096004,0.2877774238586426,0.07165592908859253,0.9550080895423889,-0.3246315121650696,0.24575960636138916,0.16598987579345703,0.8981447219848633,-0.34546300768852234,0.2085336446762085,0.08206930756568909,0.9112813472747803,-0.0751570388674736,-0.695279598236084,0.39571166038513184,0.5952730178833008,-0.11869129538536072,-0.6929977536201477,0.4175722301006317,0.5755865573883057,-0.11869129538536072,-0.6929977536201477,0.4175722301006317,0.5755865573883057,-0.039203401654958725,0.7000150084495544,0.03672550246119499,0.712104856967926
0.7034894227981567,0.08373201638460159,0.13348381221294403,-0.024638336151838303,0.7005805373191833,0.022795671597123146,0.7127833962440491,-0.15304040908813477,0.13257531821727753,0.013572662137448788,0.6050167083740234,-0.1618703454732895,-0.14704564213752747,-0.16314128041267395,0.0036969357170164585,0.046329982578754425,0.3223668038845062,-0.03302078694105148,0.13578802347183228,-0.0,-1.3054029941558838,0.8942288756370544,0.20406955480575562,-2.1947999000549316,-0.048270054161548615,-1.0279672145843506,-0.8386296629905701,-0.16966520249843597,-2.1947999000549316,0.11494284868240356,-0.0,-0.07854222506284714,-0.44115227460861206,-0.534214198589325,0.037598248571157455,-0.0050078933127224445,-1.2098233699798584,1.817906379699707,0.030541418120265007,1.4079772233963013,-3.017163038253784,-0.11175333708524704,0.4568539261817932,1.7201197147369385,-0.3641892075538635,-0.5737269520759583,-2.12378191947937,0.5517476797103882,0.20387022197246552,0.0,1.5675328969955444,1.4980207681655884,0.16909672319889069,0.0,0.006396956276148558,-1.6558061838150024,-4.158890247344971,0.6153358221054077,0.0,0.2924242317676544,0.0,0.0,0.0,-0.024638336151838303,0.7005805373191833,0.022795671597123146,0.7127833962440491,-0.024638336151838303,0.7005805373191833,0.022795671597123146,0.7127833962440491,-0.00902161281555891,0.6463854908943176,0.03865109756588936,0.7619779706001282,0.041470956057310104,0.6475261449813843,-0.0042498004622757435,0.7609021067619324,0.0458642952144146,0.647229790687561,0.0009139914764091372,0.7609134316444397,0.043509405106306076,0.8445284962654114,0.014536177739501,0.5335421562194824,0.044542182236909866,0.7986287474632263,0.010970995761454105,0.6000730991363525,0.00034251835313625634,0.7956653237342834,0.06960590928792953,0.6017239093780518,0.00034251835313625634,0.7956653237342834,0.06960590928792953,0.6017239093780518,-0.037536587566137314,0.6416327357292175,0.0096273859962821,0.7660325169563293,-0.03612053766846657,0.6416494250297546,0.00844133272767067,0.7661005854606628,-0.02124837227165699,0.6423138976097107,0.026184193789958954,0.7656995058059692,-0.02517515793442726,0.7568725943565369,0.022434722632169724,0.6526919007301331,-0.024801338091492653,0.7459937334060669,0.02284729667007923,0.6650986671447754,0.02037733420729637,0.7458250522613525,-0.027814947068691254,0.6652488708496094,0.02037733420729637,0.7458250522613525,-0.027814947068691254,0.6652488708496094,-0.024638336151838303,0.7005805373191833,0.022795671597123146,0.7127833962440491,-0.03247319906949997,0.1235898807644844,0.0058621070347726345,0.9917845726013184,0.39953234791755676,0.11397537589073181,-0.048150137066841125,0.9083309173583984,0.40873271226882935,0.06695688515901566,0.0418824777007103,0.9092305302619934,0.21760152280330658,-0.754365861415863,-0.3946284353733063,0.47733649611473083,0.23834629356861115,-0.7503600120544434,-0.4015060365200043,0.467914342880249,0.23834629356861115,-0.7503600120544434,-0.4015060365200043,0.467914342880249,0.011358174495398998,0.26107269525527954,0.05394424498081207,0.9637437462806702,-0.3819993734359741,0.2164929062128067,0.15556271374225616,0.8848771452903748,-0.3981054425239563,0.17870326340198517,0.08220718055963516,0.8960017561912537,-0.1006648987531662,-0.6923657655715942,0.4416087567806244,0.5616742372512817,-0.147761732339859,-0.6890377402305603,0.46342575550079346,0.5372430086135864,-0.147761732339859,-0.6890377402305603,0.46342575550079346,0.5372430086135864,-0.024638336151838303,0.7005805373191833,0.022795671597123146,0.7127833962440491
0.7084115743637085,0.0945272222161293,0.11783305555582047,-0.03312663733959198,0.7002223134040833,0.03152294456958771,0.7124588489532471,-0.10000000149011612,0.13521118462085724,0.06784708797931671,0.5347145795822144,-0.1764531433582306,-0.13351543247699738,-0.11999999731779099,-0.005853233393281698,0.0288673285394907,0.267087459564209,-0.016064511612057686,0.13961292803287506,-0.0,-1.2596553564071655,0.9378113746643066,0.20640164613723755,-2.1947999000549316,-0.04563368484377861,-0.8853918313980103,-0.9873944520950317,-0.4527159035205841,-2.1947999000549316,0.11017981916666031,-0.0,0.14766453206539154,0.3238561451435089,-0.4695226848125458,0.0038405205123126507,-0.0003861446457449347,0.7310352325439453,1.5912121534347534,0.07907598465681076,1.628232717514038,-2.1090638637542725,-0.43748390674591064,0.4059062600135803,1.2942384481430054,-0.2865050435066223,-0.5238795876502991,-1.6583802700042725,0.50868821144104,0.11474712938070297,0.0,1.3724290132522583,1.3074748516082764,0.06996273994445801,0.0,0.07909107208251953,4.277261257171631,-4.4629435539245605,-8.491520881652832,0.0,-0.14289087057113647,0.0,0.0,0.0,-0.03312663733959198,0.7002223134040833,0.03152294456958771,0.7124588489532471,-0.03312663733959198,0.7002223134040833,0.03152294456958771,0.7124588489532471,-0.022505665197968483,0.6653809547424316,0.042298827320337296,0.7449647784233093,0.02787117473781109,0.6667184233665466,-0.0027470130007714033,0.744783341884613,0.05046825110912323,0.6653895378112793,0.02251541055738926,0.7444480061531067,0.0427270382642746,0.8384207487106323,0.03504837676882744,0.542214572429657,0.04564904049038887,0.7873840928077698,0.03114728443324566,0.6139807105064392,0.004589844029396772,0.7835524082183838,0.08360283076763153,0.6156582832336426,0.004589844029396772,0.7835524082183838,0.08360283076763153,0.6156582832336426,-0.04210852086544037,0.657181978225708,0.022327708080410957,0.7522234916687012,-0.04430980607867241,0.6571138501167297,0.024250928312540054,0.7520970106124878,-0.034820958971977234,0.6576849222183228,0.03510354086756706,0.7516686320304871,-0.03918486088514328,0.7519116401672363,0.030154678970575333,0.6574071645736694,-0.038941387087106705,0.7466069459915161,0.030468445271253586,0.6634253859519958,0.007427232339978218,0.7469137907028198,-0.02168143540620804,0.6645258069038391,0.007427232339978218,0.7469137907028198,-0.02168143540620804,0.6645258069038391,-0.03312663733959198,0.7002223134040833,0.03152294456958771,0.7124588489532471,-0.03413715213537216,0.14583070576190948,0.018598215654492378,0.9885454773902893,0.41628143191337585,0.13849495351314545,-0.049311619251966476,0.8972721099853516,0.42798686027526855,0.0891532152891159,0.04050995782017708,0.8984642028808594,0.2239459604024887,-0.7336033582687378,-0.41170135140419006,0.4921141564846039,0.2431943714618683,-0.7297546863555908,-0.4186262786388397,0.48276978731155396,0.2431943714618683,-0.7297546863555908,-0.4186262786388397,0.48276978731155396,0.002378497738391161,0.32901322841644287,0.06181063503026962,0.9422972202301025,-0.4444459080696106,0.2604335844516754,0.21034401655197144,0.8309016823768616,-0.4884777367115021,0.14253069460391998,0.025130189955234528,0.8604899644851685,-0.1945016086101532,-0.6721245050430298,0.4937889873981476,0.5163238048553467,-0.23806829750537872,-0.6647459864616394,0.512138307094574,0.48903027176856995,-0.23806829750537872,-0.6647459864616394,0.512138307094574,0.48903027176856995,-0.03312663733959198,0.7002223134040833,0.03152294456958771,0.7124588489532471
0.7062159776687622,0.08791378140449524,0.11772778630256653,-0.027054037898778915,0.700389564037323,0.027167702093720436,0.7127302289009094,-0.10000000149011612,0.14106203615665436,0.1310970038175583,0.475747674703598,-0.18320326507091522,-0.13386620581150055,-0.11999999731779099,-0.012908165343105793,0.02183464914560318,0.23610703647136688,-0.0031460642348974943,0.14507265388965607,-0.0,-1.2304878234863281,0.9726585745811462,0.20125994086265564,-2.1947999000549316,-0.03500138968229294,-0.8706390857696533,-0.9292384386062622,-0.4650653302669525,-2.1947999000549316,0.08090514689683914,-0.0,-0.06586790084838867,-0.19840320944786072,-0.0031580773647874594,0.07683413475751877,-0.0014229387743398547,-0.4421558976173401,0.0,0.17552553117275238,1.8974974155426025,-1.7690070867538452,-0.20250363647937775,-0.01052319910377264,0.0,-0.21164794266223907,-0.2109803706407547,-0.9294126629829407,0.3875533938407898,0.16379176080226898,0.0,0.8750259280204773,1.045415997505188,-0.15425114333629608,0.0,0.31896883249282837,0.4425823390483856,1.7446802854537964,-0.37048277258872986,0.0,-0.8782401084899902,0.0,0.0,0.0,-0.027054037898778915,0.700389564037323,0.027167702093720436,0.7127302289009094,-0.027054037898778915,0.700389564037323,0.027167702093720436,0.7127302289009094,-0.01664874516427517,0.6654563546180725,0.03765937685966492,0.7453002333641052,0.035915859043598175,0.6664558053016663,-0.00933066476136446,0.7446205019950867,0.07949263602495193,0.6626720428466797,0.03946318477392197,0.7436325550079346,0.06795523315668106,0.8192391991615295,0.05708334222435951,0.5665428042411804,0.0728919506072998,0.7639808654785156,0.05062791332602501,0.639106273651123,0.029983295127749443,0.7588840126991272,0.10161198675632477,0.6425504684448242,0.029983295127749443,0.7588840126991272,0.10161198675632477,0.6425504684448242,-0.03630170226097107,0.6574274897575378,0.01762435957789421,0.7524364590644836,-0.04115719720721245,0.6573000550270081,0.02186705358326435,0.7521865367889404,-0.03397893160581589,0.6577101945877075,0.030077451840043068,0.7519029378890991,-0.037284936755895615,0.7416911721229553,0.025866083800792694,0.6692047715187073,-0.037244200706481934,0.7406375408172607,0.02592470310628414,0.6703706383705139,0.011437329463660717,0.7405688166618347,-0.027819497510790825,0.6713070273399353,0.011437329463660717,0.7405688166618347,-0.027819497510790825,0.6713070273399353,-0.027054037898778915,0.700389564037323,0.027167702093720436,0.7127302289009094,-0.03182635083794594,0.1604345440864563,0.011940191499888897,0.9864609837532043,0.43291980028152466,0.14741353690624237,-0.06442875415086746,0.8869603276252747,0.44510313868522644,0.0976664274930954,0.022094158455729485,0.8898630738258362,0.21493637561798096,-0.7210806012153625,-0.4347997009754181,0.4947669208049774,0.22953377664089203,-0.7184022068977356,-0.4402290880680084,0.4872482419013977,0.22953377664089203,-0.7184022068977356,-0.4402290880680084,0.4872482419013977,0.005448699463158846,0.33581897616386414,0.054892394691705704,0.9403099417686462,-0.41646525263786316,0.27562323212623596,0.19954796135425568,0.8430712819099426,-0.4657590985298157,0.1602240949869156,0.006307119503617287,0.8702625632286072,-0.19989868998527527,-0.6739624738693237,0.4656161963939667,0.5376026630401611,-0.23213714361190796,-0.6682300567626953,0.4800718128681183,0.518760085105896,-0.23213714361190796,-0.6682300567626953,0.4800718128681183,0.518760085105896,-0.027054037898778915,0.700389564037323,0.027167702093720436,0.7127302289009094
0.6988716721534729,0.06715120375156403,0.1177491843700409,-0.009571043774485588,0.7008466124534607,0.010107126086950302,0.7131761908531189,-0.10000000149011612,0.1479877233505249,0.18570773303508759,0.4467668831348419,-0.20762377977371216,-0.13258150219917297,-0.11999999731779099,-0.015350491739809513,0.023857658728957176,0.21982915699481964,-0.00036748521961271763,0.1476283073425293,-0.0,-1.2032287120819092,1.0522408485412598,0.22706659138202667,-2.1947999000549316,-0.030796121805906296,-0.8478609323501587,-1.0005402565002441,-0.48739340901374817,-2.1947999000549316,0.03381286561489105,-0.0,-0.220329150557518,-0.622877299785614,0.0006419419660232961,0.030678482726216316,0.0016093860613182187,-1.4658844470977783,0.0,0.20777060091495514,1.6383217573165894,-0.8694236874580383,-0.7326154112815857,0.03854110464453697,0.0,-0.073269784450531,0.06069028377532959,-0.48833635449409485,0.08335736393928528,0.0766695961356163,0.0,0.8177732825279236,2.387468099594116,0.7741994857788086,0.0,0.12615802884101868,0.6833445429801941,-2.139054536819458,-0.6698423027992249,0.0,-1.4127683639526367,0.0,0.0,0.0,-0.009571043774485588,0.7008466124534607,0.010107126086950302,0.7131761908531189,-0.009571043774485588,0.7008466124534607,0.010107126086950302,0.7131761908531189,-5.307949322741479e-06,0.6656651496887207,0.01978188008069992,0.7459883689880371,0.05514290928840637,0.6653060913085938,-0.02948244847357273,0.7439475059509277,0.11659286916255951,0.6573271751403809,0.03962373733520508,0.7434763312339783,0.10491809248924255,0.8056973814964294,0.06446807831525803,0.5793856978416443,0.11103378981351852,0.7413206696510315,0.0532488115131855,0.6597573161125183,0.0670861303806305,0.7361651062965393,0.10223857313394547,0.6656633019447327,0.0670861303806305,0.7361651062965393,0.10223857313394547,0.6656633019447327,-0.019845422357320786,0.6581292152404785,-0.00042506607132963836,0.7526432871818542,-0.025621503591537476,0.6581130623817444,0.004626200068742037,0.7524688243865967,-0.01776934787631035,0.6583718657493591,0.013601730577647686,0.7523601055145264,-0.0191541388630867,0.73692786693573,0.011570470407605171,0.6756008863449097,-0.01915201172232628,0.7368037104606628,0.011573988944292068,0.6757363080978394,0.030733760446310043,0.735650897026062,-0.042794693261384964,0.6753086447715759,0.030733760446310043,0.735650897026062,-0.042794693261384964,0.6753086447715759,-0.009571043774485588,0.7008466124534607,0.010107126086950302,0.7131761908531189,-0.027088161557912827,0.1746111661195755,-0.01160600408911705,0.9841963648796082,0.4708211123943329,0.145168736577034,-0.09772305190563202,0.8646986484527588,0.48350831866264343,0.08484809100627899,-0.0026758117601275444,0.8712137341499329,0.21120516955852509,-0.7081522941589355,-0.479195237159729,0.47358694672584534,0.22383108735084534,-0.7060319185256958,-0.48370257019996643,0.4663158059120178,0.22383108735084534,-0.7060319185256958,-0.48370257019996643,0.4663158059120178,0.013527506031095982,0.34627091884613037,0.03156212717294693,0.9375059008598328,-0.4378167390823364,0.2886973023414612,0.19378748536109924,0.8291060328483582,-0.4914671778678894,0.16217224299907684,-0.004966776818037033,0.8556491732597351,-0.22148920595645905,-0.6586297154426575,0.4824999272823334,0.533238410949707,-0.2347516119480133,-0.656079888343811,0.4885942041873932,0.5250967144966125,-0.2347516119480133,-0.656079888343811,0.4885942041873932,0.5250967144966125,-0.009571043774485588,0.7008466124534607,0.010107126086950302,0.7131761908531189
0.6969491243362427,0.0612744502723217,0.11783847212791443,-0.005812669638544321,0.7008912563323975,0.006466874852776527,0.7132151126861572,-0.10000000149011612,0.15597568452358246,0.226029172539711,0.42999571561813354,-0.23588885366916656,-0.12949521839618683,-0.11999999731779099,-0.017843356356024742,0.025036916136741638,0.22286219894886017,-0.028964076191186905,0.13570286333560944,-0.0,-1.1529215574264526,1.1169644594192505,0.29366835951805115,-2.1947999000549316,-0.01869818940758705,-0.7920029163360596,-0.8795604109764099,-0.5657849907875061,-2.1947999000549316,-0.02427631989121437,-0.0,-0.05767643079161644,-0.17630259692668915,0.002678632503375411,0.007742825895547867,0.00046236655907705426,-0.3138617277145386,0.0,0.2396388202905655,1.2096431255340576,-0.5031350255012512,-0.8479521870613098,0.09258850663900375,0.0,-0.07478593289852142,0.03537772223353386,0.09099125117063522,-0.8578976988792419,-0.35776329040527344,0.0,1.5092145204544067,1.9417082071304321,1.998052954673767,0.0,0.36293795704841614,1.675740361213684,3.6293952465057373,-2.3517472743988037,0.0,-1.7426754236221313,0.0,0.0,0.0,-0.005812669638544321,0.7008912563323975,0.006466874852776527,0.7132151126861572,-0.005812669638544321,0.7008912563323975,0.006466874852776527,0.7132151126861572,0.0035732092801481485,0.6656592488288879,0.015965241938829422,0.7460764646530151,0.06168828159570694,0.6648797988891602,-0.035944003611803055,0.7435303926467896,0.1362760066986084,0.6536814570426941,0.04813631251454353,0.7428407073020935,0.1228688508272171,0.7971132397651672,0.07610191404819489,0.5862783193588257,0.13097023963928223,0.7225873470306396,0.0611150860786438,0.6760024428367615,0.08695683628320694,0.7171189188957214,0.1077401414513588,0.6830600500106812,0.08695683628320694,0.7171189188957214,0.1077401414513588,0.6830600500106812,-0.01630535162985325,0.6582298278808594,-0.004277058877050877,0.7526282668113708,-0.023019319400191307,0.6582418084144592,0.00159554835408926,0.7524528503417969,-0.014777558855712414,0.6584783792495728,0.01101472694426775,0.7523739337921143,-0.01591075211763382,0.7380589842796326,0.009303138591349125,0.6744844317436218,-0.015774359926581383,0.7282140254974365,0.009532575495541096,0.6851019263267517,0.030711423605680466,0.7271846532821655,-0.03986181691288948,0.684594988822937,0.030711423605680466,0.7271846532821655,-0.03986181691288948,0.684594988822937,-0.005812669638544321,0.7008912563323975,0.006466874852776527,0.7132151126861572,-0.02534327283501625,0.19944819808006287,-0.015825796872377396,0.9794527292251587,0.49751904606819153,0.16075803339481354,-0.11910875886678696,0.8440644145011902,0.5145445466041565,0.07862558960914612,0.000850351236294955,0.8538508415222168,0.2288770228624344,-0.6938401460647583,-0.5042005777359009,0.46041610836982727,0.23640598356723785,-0.692470133304596,-0.5068482160568237,0.45574358105659485,0.23640598356723785,-0.692470133304596,-0.5068482160568237,0.45574358105659485,0.01410262007266283,0.3722233176231384,0.02547849901020527,0.9276862144470215,-0.382192999124527,0.3259572684764862,0.18152467906475067,0.8454165458679199,-0.4546263515949249,0.19171081483364105,-0.05451095476746559,0.868095874786377,-0.24708084762096405,-0.6581574082374573,0.42795494198799133,0.5680091977119446,-0.2374737411737442,-0.6603431701660156,0.4231049716472626,0.5731799602508545,-0.2374737411737442,-0.6603431701660156,0.4231049716472626,0.5731799602508545,-0.005812669638544321,0.7008912563323975,0.006466874852776527,0.7132151126861572
