base_x,base_y,base_z,base_qx,base_qy,base_qz,base_qw,J00_HIP_PITCH_L,J01_HIP_ROLL_L,J02_HIP_YAW_L,J03_KNEE_PITCH_L,J04_ANKLE_PITCH_L,J05_ANKLE_ROLL_L,J06_HIP_PITCH_R,J07_HIP_ROLL_R,J08_HIP_YAW_R,J09_KNEE_PITCH_R,J10_ANKLE_PITCH_R,J11_ANKLE_ROLL_R,J12_WAIST_YAW,J13_SHOULDER_PITCH_L,J14_SHOULDER_ROLL_L,J15_SHOULDER_YAW_L,J16_ELBOW_PITCH_L,J17_ELBOW_YAW_L,J18_SHOULDER_PITCH_R,J19_SHOULDER_ROLL_R,J20_SHOULDER_YAW_R,J21_ELBOW_PITCH_R,J22_ELBOW_YAW_R,J23_HEAD_YAW,base_vx,base_vy,base_vz,base_wx,base_wy,base_wz,dJ00_HIP_PITCH_L,dJ01_HIP_ROLL_L,dJ02_HIP_YAW_L,dJ03_KNEE_PITCH_L,dJ04_ANKLE_PITCH_L,dJ05_ANKLE_ROLL_L,dJ06_HIP_PITCH_R,dJ07_HIP_ROLL_R,dJ08_HIP_YAW_R,dJ09_KNEE_PITCH_R,dJ10_ANKLE_PITCH_R,dJ11_ANKLE_ROLL_R,dJ12_WAIST_YAW,dJ13_SHOULDER_PITCH_L,dJ14_SHOULDER_ROLL_L,dJ15_SHOULDER_YAW_L,dJ16_ELBOW_PITCH_L,dJ17_ELBOW_YAW_L,dJ18_SHOULDER_PITCH_R,dJ19_SHOULDER_ROLL_R,dJ20_SHOULDER_YAW_R,dJ21_ELBOW_PITCH_R,dJ22_ELBOW_YAW_R,dJ23_HEAD_YAW,left_foot_contact,right_foot_contact,base_quat_x,base_quat_y,base_quat_z,base_quat_w,LINK_BASE_qx,LINK_BASE_qy,LINK_BASE_qz,LINK_BASE_qw,LINK_HIP_PITCH_L_qx,LINK_HIP_PITCH_L_qy,LINK_HIP_PITCH_L_qz,LINK_HIP_PITCH_L_qw,LINK_HIP_ROLL_L_qx,LINK_HIP_ROLL_L_qy,LINK_HIP_ROLL_L_qz,LINK_HIP_ROLL_L_qw,LINK_HIP_YAW_L_qx,LINK_HIP_YAW_L_qy,LINK_HIP_YAW_L_qz,LINK_HIP_YAW_L_qw,LINK_KNEE_PITCH_L_qx,LINK_KNEE_PITCH_L_qy,LINK_KNEE_PITCH_L_qz,LINK_KNEE_PITCH_L_qw,LINK_ANKLE_PITCH_L_qx,LINK_ANKLE_PITCH_L_qy,LINK_ANKLE_PITCH_L_qz,LINK_ANKLE_PITCH_L_qw,LINK_ANKLE_ROLL_L_qx,LINK_ANKLE_ROLL_L_qy,LINK_ANKLE_ROLL_L_qz,LINK_ANKLE_ROLL_L_qw,LINK_FOOT_L_qx,LINK_FOOT_L_qy,LINK_FOOT_L_qz,LINK_FOOT_L_qw,LINK_HIP_PITCH_R_qx,LINK_HIP_PITCH_R_qy,LINK_HIP_PITCH_R_qz,LINK_HIP_PITCH_R_qw,LINK_HIP_ROLL_R_qx,LINK_HIP_ROLL_R_qy,LINK_HIP_ROLL_R_qz,LINK_HIP_ROLL_R_qw,LINK_HIP_YAW_R_qx,LINK_HIP_YAW_R_qy,LINK_HIP_YAW_R_qz,LINK_HIP_YAW_R_qw,LINK_KNEE_PITCH_R_qx,LINK_KNEE_PITCH_R_qy,LINK_KNEE_PITCH_R_qz,LINK_KNEE_PITCH_R_qw,LINK_ANKLE_PITCH_R_qx,LINK_ANKLE_PITCH_R_qy,LINK_ANKLE_PITCH_R_qz,LINK_ANKLE_PITCH_R_qw,LINK_ANKLE_ROLL_R_qx,LINK_ANKLE_ROLL_R_qy,LINK_ANKLE_ROLL_R_qz,LINK_ANKLE_ROLL_R_qw,LINK_FOOT_R_qx,LINK_FOOT_R_qy,LINK_FOOT_R_qz,LINK_FOOT_R_qw,LINK_TORSO_YAW_qx,LINK_TORSO_YAW_qy,LINK_TORSO_YAW_qz,LINK_TORSO_YAW_qw,LINK_SHOULDER_PITCH_L_qx,LINK_SHOULDER_PITCH_L_qy,LINK_SHOULDER_PITCH_L_qz,LINK_SHOULDER_PITCH_L_qw,LINK_SHOULDER_ROLL_L_qx,LINK_SHOULDER_ROLL_L_qy,LINK_SHOULDER_ROLL_L_qz,LINK_SHOULDER_ROLL_L_qw,LINK_SHOULDER_YAW_L_qx,LINK_SHOULDER_YAW_L_qy,LINK_SHOULDER_YAW_L_qz,LINK_SHOULDER_YAW_L_qw,LINK_ELBOW_PITCH_L_qx,LINK_ELBOW_PITCH_L_qy,LINK_ELBOW_PITCH_L_qz,LINK_ELBOW_PITCH_L_qw,LINK_ELBOW_YAW_L_qx,LINK_ELBOW_YAW_L_qy,LINK_ELBOW_YAW_L_qz,LINK_ELBOW_YAW_L_qw,LINK_ELBOW_END_L_qx,LINK_ELBOW_END_L_qy,LINK_ELBOW_END_L_qz,LINK_ELBOW_END_L_qw,LINK_SHOULDER_PITCH_R_qx,LINK_SHOULDER_PITCH_R_qy,LINK_SHOULDER_PITCH_R_qz,LINK_SHOULDER_PITCH_R_qw,LINK_SHOULDER_ROLL_R_qx,LINK_SHOULDER_ROLL_R_qy,LINK_SHOULDER_ROLL_R_qz,LINK_SHOULDER_ROLL_R_qw,LINK_SHOULDER_YAW_R_qx,LINK_SHOULDER_YAW_R_qy,LINK_SHOULDER_YAW_R_qz,LINK_SHOULDER_YAW_R_qw,LINK_ELBOW_PITCH_R_qx,LINK_ELBOW_PITCH_R_qy,LINK_ELBOW_PITCH_R_qz,LINK_ELBOW_PITCH_R_qw,LINK_ELBOW_YAW_R_qx,LINK_ELBOW_YAW_R_qy,LINK_ELBOW_YAW_R_qz,LINK_ELBOW_YAW_R_qw,LINK_ELBOW_END_R_qx,LINK_ELBOW_END_R_qy,LINK_ELBOW_END_R_qz,LINK_ELBOW_END_R_qw,LINK_HEAD_YAW_qx,LINK_HEAD_YAW_qy,LINK_HEAD_YAW_qz,LINK_HEAD_YAW_qw
-0.004019280895590782,-0.005973864812403917,0.8133254647254944,-0.021198224276304245,-0.011455915868282318,0.024010809138417244,0.9994212985038757,-0.17531849443912506,0.08995357155799866,-0.0069520799443125725,0.47211727499961853,-0.36230164766311646,-0.11590595543384552,-0.06549562513828278,0.04008263349533081,-0.01819528080523014,0.34087878465652466,-0.3305414617061615,-0.0011476452928036451,-0.0,0.042232345789670944,0.3479844033718109,-0.5047016143798828,-0.7804876565933228,0.06494409590959549,0.011286449618637562,-0.16559061408042908,0.5598335266113281,-0.6076371669769287,0.021500829607248306,-0.0,0.03733004629611969,0.025221019983291626,-0.0034403798636049032,0.03527260944247246,0.07105935364961624,0.023996416479349136,0.02871706895530224,-0.05001738294959068,0.05568729341030121,-0.06419599056243896,-0.13830900192260742,0.05174785479903221,-0.04518985375761986,-0.06222422793507576,0.060284264385700226,0.05908280238509178,-0.16514717042446136,-0.0031567607074975967,0.0,-0.015326364897191525,-0.0829625055193901,0.067482590675354,0.1050567552447319,0.06098650023341179,0.17072927951812744,0.08164867013692856,-0.17706690728664398,0.4788171947002411,-0.10815548896789551,0.0,0.0,0.0,-0.021198224276304245,-0.011455915868282318,0.024010809138417244,0.9994212985038757,-0.021198224276304245,-0.011455915868282318,0.024010809138417244,0.9994212985038757,-0.019345959648489952,-0.09544660151004791,0.04835693910717964,0.9940710663795471,0.02536865323781967,-0.09317586570978165,0.0525994710624218,0.9939355850219727,0.02569238282740116,-0.09308712184429169,0.049144197255373,0.9941124320030212,0.013486391864717007,0.14198988676071167,0.05379003658890724,0.9883134961128235,0.022956617176532745,-0.038389720022678375,0.05048013851046562,0.9977229237556458,-0.03487057611346245,-0.0412491075694561,0.048171840608119965,0.9973775744438171,-0.03487057611346245,-0.0412491075694561,0.048171840608119965,0.9973775744438171,-0.020330404862761497,-0.043237414211034775,0.01619902066886425,0.9987266063690186,-0.00031186596606858075,-0.04290410503745079,0.017062244936823845,0.9989334344863892,7.846765220165253e-05,-0.04290516674518585,0.007973725907504559,0.9990473389625549,-0.001275136019103229,0.12717032432556152,0.00787149928510189,0.9918488264083862,3.7253295886330307e-05,-0.03774087876081467,0.007974025793373585,0.9992557168006897,-0.0005361422663554549,-0.03774544596672058,0.007952367886900902,0.9992555975914001,-0.0005361422663554549,-0.03774544596672058,0.007952367886900902,0.9992555975914001,-0.021198224276304245,-0.011455915868282318,0.024010809138417244,0.9994212985038757,-0.02171466499567032,0.009635485708713531,0.024883782491087914,0.9994080662727356,0.1516263633966446,0.013797776773571968,0.022840021178126335,0.9880776405334473,0.1430276781320572,0.06663795560598373,-0.22172297537326813,0.9622584581375122,0.045505341142416,-0.3000577986240387,-0.28227555751800537,0.9100632071495056,0.029072368517518044,-0.3012007176876068,-0.25551190972328186,0.9182301163673401,0.029072368517518044,-0.3012007176876068,-0.25551190972328186,0.9182301163673401,-0.021329056471586227,-0.0058344448916614056,0.02353690005838871,0.9994783997535706,-0.10391359776258469,-0.00776097783818841,0.022973760962486267,0.9942906498908997,-0.10240759700536728,0.03844175860285759,0.2944331765174866,0.9493913650512695,-0.009858814999461174,-0.2450992912054062,0.32939013838768005,0.911773681640625,-0.014750972390174866,-0.2451355755329132,0.3383523225784302,0.9084099531173706,-0.014750972390174866,-0.2451355755329132,0.3383523225784302,0.9084099531173706,-0.021198224276304245,-0.011455915868282318,0.024010809138417244,0.9994212985038757
-0.0027749459259212017,-0.005133164115250111,0.8132107853889465,-0.020577648654580116,-0.010294861160218716,0.02442886494100094,0.9994367361068726,-0.17436125874519348,0.08828632533550262,-0.005095836706459522,0.46997740864753723,-0.36691194772720337,-0.1141810268163681,-0.06700195372104645,0.038008492439985275,-0.016185805201530457,0.3428482115268707,-0.33604636788368225,-0.0012528706574812531,-0.0,0.041721466928720474,0.3452189862728119,-0.5024521946907043,-0.776985764503479,0.06697697937488556,0.016977425664663315,-0.16286899149417877,0.5539312958717346,-0.5916765928268433,0.017895646393299103,-0.0,0.03733004629611969,0.025221019983291626,-0.0034403798636049032,0.03527260944247246,0.07105935364961624,0.023996416479349136,0.02871706895530224,-0.05001738294959068,0.05568729341030121,-0.06419599056243896,-0.13830900192260742,0.05174785479903221,-0.04518985375761986,-0.06222422793507576,0.060284264385700226,0.05908280238509178,-0.16514717042446136,-0.0031567607074975967,0.0,-0.015326364897191525,-0.0829625055193901,0.067482590675354,0.1050567552447319,0.06098650023341179,0.17072927951812744,0.08164867013692856,-0.17706690728664398,0.4788171947002411,-0.10815548896789551,0.0,0.0,0.0,-0.020577648654580116,-0.010294861160218716,0.02442886494100094,0.9994367361068726,-0.020577648654580116,-0.010294861160218716,0.02442886494100094,0.9994367361068726,-0.01867694780230522,-0.09384805709123611,0.048589471727609634,0.9942247271537781,0.02521521784365177,-0.09161243587732315,0.05268354341387749,0.9940803647041321,0.02544855698943138,-0.091547891497612,0.050150539726018906,0.9942113757133484,0.013072502799332142,0.14245234429836273,0.054697491228580475,0.9882027506828308,0.022831523790955544,-0.04021460935473442,0.05139481648802757,0.9976071715354919,-0.03412864729762077,-0.043081652373075485,0.04901646077632904,0.9972845911979675,-0.03412864729762077,-0.043081652373075485,0.04901646077632904,0.9972845911979675,-0.01968649961054325,-0.042802657932043076,0.016416732221841812,0.9987546801567078,-0.0007035069284029305,-0.04248296096920967,0.01722715049982071,0.9989483952522278,-0.0003596771857701242,-0.042487259954214096,0.009142282418906689,0.9990550875663757,-0.0019139484502375126,0.12856005132198334,0.008946926333010197,0.9916595220565796,-0.00039076723624020815,-0.03908931463956833,0.009141006506979465,0.9991938471794128,-0.0010166974971070886,-0.03909503296017647,0.009116517379879951,0.9991933703422546,-0.0010166974971070886,-0.03909503296017647,0.009116517379879951,0.9991933703422546,-0.020577648654580116,-0.010294861160218716,0.02442886494100094,0.9994367361068726,-0.021095216274261475,0.010540664196014404,0.025304192677140236,0.9994016289710999,0.15086913108825684,0.014730116352438927,0.023117773234844208,0.9881736040115356,0.14211761951446533,0.06712609529495239,-0.22041942179203033,0.9626587629318237,0.04560841992497444,-0.2981959283351898,-0.2805526554584503,0.911202073097229,0.028716564178466797,-0.29938867688179016,-0.25289735198020935,0.9195567965507507,0.028716564178466797,-0.29938867688179016,-0.25289735198020935,0.9195567965507507,-0.02077837847173214,-0.0018383697606623173,0.02372094802558422,0.9995009899139404,-0.10201344639062881,-0.003761846572160721,0.02349279634654522,0.9944984912872314,-0.09955562651157379,0.04129578918218613,0.29224324226379395,0.9502511620521545,-0.01019683200865984,-0.2353980988264084,0.3259429335594177,0.9155572056770325,-0.014189534820616245,-0.23541899025440216,0.33345669507980347,0.9127886891365051,-0.014189534820616245,-0.23541899025440216,0.33345669507980347,0.9127886891365051,-0.020577648654580116,-0.010294861160218716,0.02442886494100094,0.9994367361068726
-0.0008244520286098123,-0.0036759336944669485,0.8128796219825745,-0.020535001531243324,-0.008105493150651455,0.024462606757879257,0.9994569420814514,-0.17428863048553467,0.08700515329837799,-0.0022839901503175497,0.4670872688293457,-0.3724057376384735,-0.11243884265422821,-0.07019602507352829,0.036158233880996704,-0.014050331898033619,0.3453734517097473,-0.3410537540912628,-0.0005660055903717875,-0.0,0.04230678826570511,0.3420158624649048,-0.5039498805999756,-0.7748904228210449,0.06887416541576385,0.01999109424650669,-0.15813006460666656,0.549434244632721,-0.5672675371170044,0.014796789735555649,-0.0,0.05851481482386589,0.043716911226511,-0.009934901259839535,-0.0006475354894064367,0.131404846906662,-0.0006830283673480153,0.0021788477897644043,-0.038435157388448715,0.08435539156198502,-0.08670418709516525,-0.16481368243694305,0.05226552113890648,-0.09582213312387466,-0.05550775304436684,0.06406419724225998,0.07575719803571701,-0.1502215713262558,0.02060595154762268,0.0,0.017559640109539032,-0.09609370678663254,-0.04493057355284691,0.06286025047302246,0.05691557750105858,0.09041005373001099,0.1421678066253662,-0.13491153717041016,0.7322716116905212,-0.09296569228172302,0.0,0.0,0.0,-0.020535001531243324,-0.008105493150651455,0.024462606757879257,0.9994569420814514,-0.020535001531243324,-0.008105493150651455,0.024462606757879257,0.9994569420814514,-0.018583130091428757,-0.09163495898246765,0.048609957098960876,0.9944319128990173,0.024681156501173973,-0.08943427354097366,0.05254906788468361,0.9942992329597473,0.02478327415883541,-0.08940602838993073,0.05141354724764824,0.9943585991859436,0.012212015688419342,0.1431419551372528,0.05575329810380936,0.9880550503730774,0.022322461009025574,-0.04224974289536476,0.05252876877784729,0.9974755048751831,-0.03376076743006706,-0.04513457417488098,0.05007177218794823,0.9971538782119751,-0.03376076743006706,-0.04513457417488098,0.05007177218794823,0.9971538782119751,-0.019619576632976532,-0.04216371476650238,0.01606634259223938,0.9987888336181641,-0.0015601334162056446,-0.041866373270750046,0.016825959086418152,0.9989802837371826,-0.001265979022718966,-0.04187630116939545,0.009807598777115345,0.99907386302948,-0.002932386938482523,0.130417138338089,0.009444194845855236,0.9914098978042603,-0.0012871590442955494,-0.03971835598349571,0.009804842062294483,0.999161958694458,-0.0015699246432632208,-0.039721131324768066,0.009793600998818874,0.9991616010665894,-0.0015699246432632208,-0.039721131324768066,0.009793600998818874,0.9991616010665894,-0.020535001531243324,-0.008105493150651455,0.024462606757879257,0.9994569420814514,-0.021057579666376114,0.013022207655012608,0.025351056829094887,0.9993719458580017,0.14931835234165192,0.0171463955193758,0.02276521734893322,0.9883783459663391,0.1399802714586258,0.06923487782478333,-0.22154878079891205,0.9625633358955383,0.04343000054359436,-0.2953079044818878,-0.28067928552627563,0.9122095108032227,0.026149597018957138,-0.2964593768119812,-0.2521764636039734,0.9207795858383179,0.026149597018957138,-0.2964593768119812,-0.2521764636039734,0.9207795858383179,-0.020772919058799744,0.001852263230830431,0.023629257455468178,0.9995032548904419,-0.09965147078037262,-1.982544745260384e-05,0.023701736703515053,0.9947400689125061,-0.09632382541894913,0.04390444979071617,0.29043084383010864,0.9510226249694824,-0.011313523165881634,-0.2219924032688141,0.3224736750125885,0.9201098084449768,-0.014523855410516262,-0.2219957560300827,0.3287419080734253,0.9178429841995239,-0.014523855410516262,-0.2219957560300827,0.3287419080734253,0.9178429841995239,-0.020535001531243324,-0.008105493150651455,0.024462606757879257,0.9994569420814514
-0.00045077333925291896,-0.002832855097949505,0.8128682374954224,-0.020038960501551628,-0.005941976793110371,0.023176390677690506,0.9995128512382507,-0.1764669418334961,0.08567944169044495,0.002362363738939166,0.464826375246048,-0.3764965236186981,-0.10918726027011871,-0.07676295936107635,0.033952269703149796,-0.01061028242111206,0.3489958941936493,-0.3465862572193146,7.62881973059848e-05,-0.0,0.04048916697502136,0.3398304581642151,-0.5040256977081299,-0.7715793251991272,0.06951291859149933,0.021840564906597137,-0.15549005568027496,0.5453135371208191,-0.5484163165092468,0.010482767596840858,-0.0,0.011210359632968903,0.025292357429862022,-0.0003415345854591578,0.02726522460579872,0.12891113758087158,-0.07963763922452927,-0.06534934043884277,-0.039771344512701035,0.13939060270786285,-0.06782680749893188,-0.12272357195615768,0.09754746407270432,-0.19700801372528076,-0.06617892533540726,0.1032014787197113,0.10867326706647873,-0.16597507894039154,0.019268812611699104,0.0,-0.05452863499522209,-0.06556212902069092,-0.0022745130117982626,0.09933292120695114,0.01916259340941906,0.055484116077423096,0.07920026034116745,-0.12362121790647507,0.565536618232727,-0.12942065298557281,0.0,0.0,0.0,-0.020038960501551628,-0.005941976793110371,0.023176390677690506,0.9995128512382507,-0.020038960501551628,-0.005941976793110371,0.023176390677690506,0.9995128512382507,-0.01812383346259594,-0.09053682535886765,0.047587644308805466,0.9945904016494751,0.02448773756623268,-0.08841574192047119,0.05142137035727501,0.994454026222229,0.024383284151554108,-0.08844460546970367,0.052595965564250946,0.9943926334381104,0.011613456532359123,0.1429683417081833,0.05679795518517494,0.9880279302597046,0.022037366405129433,-0.044455356895923615,0.053621213883161545,0.9973278641700745,-0.032416172325611115,-0.047315049916505814,0.051115553826093674,0.9970444440841675,-0.032416172325611115,-0.047315049916505814,0.051115553826093674,0.9970444440841675,-0.019106168299913406,-0.04318312183022499,0.013975479640066624,0.9987866878509521,-0.002148691564798355,-0.04293966293334961,0.014706512913107872,0.9989671111106873,-0.0019208613084629178,-0.042950455099344254,0.009406669065356255,0.9990310668945312,-0.0035248177591711283,0.13114731013774872,0.008930330164730549,0.9913163781166077,-0.0019321932923048735,-0.041746776551008224,0.009404348209500313,0.999082088470459,-0.0018940841546282172,-0.041746415197849274,0.009405940771102905,0.9990821480751038,-0.0018940841546282172,-0.041746415197849274,0.009405940771102905,0.9990821480751038,-0.020038960501551628,-0.005941976793110371,0.023176390677690506,0.9995128512382507,-0.02051064558327198,0.014278125017881393,0.024037256836891174,0.9993986487388611,0.14878183603286743,0.01813717931509018,0.0212766844779253,0.9884747266769409,0.13923534750938416,0.07006993889808655,-0.2230587601661682,0.9622622132301331,0.042590439319610596,-0.292935311794281,-0.2816222310066223,0.9127233028411865,0.025224601849913597,-0.29406291246414185,-0.2528161406517029,0.9213982224464417,0.025224601849913597,-0.29406291246414185,-0.2528161406517029,0.9213982224464417,-0.020286280661821365,0.004937845282256603,0.02227126806974411,0.9995339512825012,-0.09785553812980652,0.0031931931152939796,0.022587502375245094,0.9949391484260559,-0.09376437216997147,0.04619826748967171,0.2874979078769684,0.952060341835022,-0.012482021935284138,-0.211439311504364,0.31831836700439453,0.9240189790725708,-0.014705576933920383,-0.21143117547035217,0.3227924704551697,0.9224346280097961,-0.014705576933920383,-0.21143117547035217,0.3227924704551697,0.9224346280097961,-0.020038960501551628,-0.005941976793110371,0.023176390677690506,0.9995128512382507
-0.002160674659535289,-0.0007787015638314188,0.8126158118247986,-0.020181087777018547,-0.0037433933466672897,0.02299017831683159,0.9995249509811401,-0.1859700083732605,0.08381614834070206,0.004730194341391325,0.46869394183158875,-0.3831804096698761,-0.10709143429994583,-0.08869455754756927,0.03137996792793274,-0.006775340065360069,0.3574199676513672,-0.3540845513343811,-0.0004253342340234667,-0.0,0.03733367100358009,0.3383888602256775,-0.5052069425582886,-0.77680504322052,0.07717704772949219,0.025262122973799706,-0.15409409999847412,0.5388321876525879,-0.5352353453636169,0.0007649795152246952,-0.0,-0.051297035068273544,0.06162460148334503,-0.007572769653052092,-0.011499869637191296,0.1314336359500885,-0.013878246769309044,-0.28509199619293213,-0.055898796766996384,0.07103491574525833,0.11602699011564255,-0.20051656663417816,0.06287477910518646,-0.3579479157924652,-0.07716904580593109,0.11504826694726944,0.25272220373153687,-0.22494880855083466,-0.015048672445118427,0.0,-0.09466487169265747,-0.04324793443083763,-0.03543734550476074,-0.15677152574062347,0.22992385923862457,0.10264673829078674,0.04187866672873497,-0.19444046914577484,0.3954291045665741,-0.2915336489677429,0.0,0.0,0.0,-0.020181087777018547,-0.0037433933466672897,0.02299017831683159,0.9995249509811401,-0.020181087777018547,-0.0037433933466672897,0.02299017831683159,0.9995249509811401,-0.018121939152479172,-0.09288688004016876,0.04872104898095131,0.9943187832832336,0.023551760241389275,-0.0907641127705574,0.05256984010338783,0.9942049980163574,0.023337028920650482,-0.09081956744194031,0.05492108315229416,0.9940779209136963,0.009946032427251339,0.14249557256698608,0.058838922530412674,0.9879949688911438,0.02096816897392273,-0.048245955258607864,0.05586840212345123,0.9970513582229614,-0.0324242040514946,-0.05116689205169678,0.053206197917461395,0.9967445731163025,-0.0324242040514946,-0.05116689205169678,0.053206197917461395,0.9967445731163025,-0.019133806228637695,-0.04677307605743408,0.012363068759441376,0.9986457228660583,-0.0034633574541658163,-0.046573348343372345,0.013095385394990444,0.9988230466842651,-0.003305562771856785,-0.04658481478691101,0.009711634367704391,0.9988616704940796,-0.004979260265827179,0.13171499967575073,0.008969367481768131,0.991234540939331,-0.0033217542804777622,-0.04491894319653511,0.009706107899546623,0.9989379644393921,-0.003534195479005575,-0.04492100328207016,0.009696554392576218,0.9989372491836548,-0.003534195479005575,-0.04492100328207016,0.009696554392576218,0.9989372491836548,-0.020181087777018547,-0.0037433933466672897,0.02299017831683159,0.9995249509811401,-0.02061024121940136,0.01490098051726818,0.023781701922416687,0.9993936419487,0.1479702889919281,0.01869276724755764,0.020932964980602264,0.9885935187339783,0.13828331232070923,0.07052508741617203,-0.22399595379829407,0.9621484875679016,0.04065142944455147,-0.29486289620399475,-0.2823885679244995,0.9119539856910706,0.02130218595266342,-0.2960105240345001,-0.2504268288612366,0.9215261340141296,0.02130218595266342,-0.2960105240345001,-0.2504268288612366,0.9215261340141296,-0.020466318354010582,0.0088407127186656,0.021941229701042175,0.999510645866394,-0.09733878076076508,0.0071256509982049465,0.022556614130735397,0.9949701428413391,-0.09231153130531311,0.049354881048202515,0.2844233512878418,0.9529669880867004,-0.013829905539751053,-0.20257344841957092,0.3145195543766022,0.9272810816764832,-0.013989053666591644,-0.20257215201854706,0.31484827399253845,0.9271674156188965,-0.013989053666591644,-0.20257215201854706,0.31484827399253845,0.9271674156188965,-0.020181087777018547,-0.0037433933466672897,0.02299017831683159,0.9995249509811401
-0.004486460704356432,0.001239389181137085,0.8125795125961304,-0.01983519457280636,-0.0011328627588227391,0.021636318415403366,0.9995684623718262,-0.19631782174110413,0.08078187704086304,0.007891672663390636,0.47124478220939636,-0.38842716813087463,-0.10507921129465103,-0.10317020118236542,0.02765153907239437,-0.001873866538517177,0.36631307005882263,-0.36226093769073486,-0.0006359652034007013,-0.0,0.035263098776340485,0.33927449584007263,-0.5010542273521423,-0.7852643728256226,0.0824839174747467,0.02846590429544449,-0.15510092675685883,0.5286101698875427,-0.5269105434417725,-0.008893531747162342,-0.0,-0.06977357715368271,0.060542721301317215,-0.0010889768600463867,0.017499534413218498,0.1554052233695984,-0.08433646708726883,-0.31043437123298645,-0.09102813154459,0.09484434127807617,0.07652520388364792,-0.15740273892879486,0.060366686433553696,-0.4342692792415619,-0.11185286194086075,0.14704419672489166,0.26679307222366333,-0.2452915757894516,-0.006318928673863411,0.0,-0.062117163091897964,0.0265690665692091,0.12458144873380661,-0.25377988815307617,0.1592060774564743,0.09611343592405319,-0.03020480088889599,-0.3066605031490326,0.24974404275417328,-0.28975534439086914,0.0,0.0,0.0,-0.01983519457280636,-0.0011328627588227391,0.021636318415403366,0.9995684623718262,-0.01983519457280636,-0.0011328627588227391,0.021636318415403366,0.9995684623718262,-0.017720310017466545,-0.09524549543857574,0.048763472586870193,0.99410080909729,0.02243589051067829,-0.0931987464427948,0.052569709718227386,0.994005560874939,0.022067969664931297,-0.09328654408454895,0.05649147182703018,0.9937903881072998,0.008270380087196827,0.1412896364927292,0.06008229777216911,0.98810875415802,0.019710475578904152,-0.05206666514277458,0.05735659599304199,0.9968002438545227,-0.03266412392258644,-0.05500692501664162,0.0545431450009346,0.9964599013328552,-0.03266412392258644,-0.05500692501664162,0.0545431450009346,0.9964599013328552,-0.01871608756482601,-0.051179856061935425,0.009255912154912949,0.9984711408615112,-0.004910107236355543,-0.05104699730873108,0.009962606243789196,0.9986345171928406,-0.004862277302891016,-0.05105157569050789,0.009026948362588882,0.9986433982849121,-0.006425065454095602,0.13168945908546448,0.00799037329852581,0.991237998008728,-0.004880556836724281,-0.04902815446257591,0.009017078205943108,0.998744785785675,-0.005198140162974596,-0.04903101921081543,0.009001487866044044,0.9987431764602661,-0.005198140162974596,-0.04903101921081543,0.009001487866044044,0.9987431764602661,-0.01983519457280636,-0.0011328627588227391,0.021636318415403366,0.9995684623718262,-0.020214075222611427,0.016477525234222412,0.02239050343632698,0.9994090795516968,0.14880113303661346,0.02002107910811901,0.019287295639514923,0.9884762763977051,0.13890181481838226,0.07160350680351257,-0.2235720306634903,0.962078332901001,0.04023432731628418,-0.2976582646369934,-0.28264501690864563,0.9109843969345093,0.019449038431048393,-0.29884475469589233,-0.248533695936203,0.9211647510528564,0.019449038431048393,-0.29884475469589233,-0.248533695936203,0.9211647510528564,-0.020139504224061966,0.013047783635556698,0.020459098741412163,0.9995026588439941,-0.09751319885253906,0.011423544958233833,0.021408455446362495,0.9949383735656738,-0.09149976819753647,0.05277113616466522,0.2784688472747803,0.9546193480491638,-0.01578204520046711,-0.19585978984832764,0.30828872323036194,0.9307781457901001,-0.013959120027720928,-0.19588804244995117,0.3044428825378418,0.9320662617683411,-0.013959120027720928,-0.19588804244995117,0.3044428825378418,0.9320662617683411,-0.01983519457280636,-0.0011328627588227391,0.021636318415403366,0.9995684623718262
-0.007401215843856335,0.0048705218359827995,0.8123387694358826,-0.020295539870858192,0.0027141994796693325,0.02178345061838627,0.9995530247688293,-0.21024948358535767,0.07667366415262222,0.010583188384771347,0.4720255434513092,-0.3935883045196533,-0.10193710774183273,-0.12123526632785797,0.022766392678022385,0.0003068068472202867,0.37588319182395935,-0.36749958992004395,-0.0003671265731099993,-0.0,0.034955281764268875,0.33897969126701355,-0.49948951601982117,-0.7968943119049072,0.0921398475766182,0.031074993312358856,-0.15676181018352509,0.517977237701416,-0.521293580532074,-0.016943342983722687,-0.0,-0.08744265139102936,0.10893397033214569,-0.007222294341772795,-0.03263143077492714,0.2303011417388916,0.004234449937939644,-0.4179498255252838,-0.12324637919664383,0.08074546605348587,0.023422835394740105,-0.1548340767621994,0.09426309913396835,-0.5419519543647766,-0.1465543806552887,0.06542019546031952,0.2871036231517792,-0.15715955197811127,0.008065158501267433,0.0,-0.00923450943082571,-0.008844137191772461,0.04694133624434471,-0.34889814257621765,0.2896778881549835,0.07827266305685043,-0.049826499074697495,-0.3189879357814789,0.1685088723897934,-0.2414943277835846,0.0,0.0,0.0,-0.020295539870858192,0.0027141994796693325,0.02178345061838627,0.9995530247688293,-0.020295539870858192,0.0027141994796693325,0.02178345061838627,0.9995530247688293,-0.017901906743645668,-0.09806007146835327,0.05086631327867508,0.9937184453010559,0.020197933539748192,-0.09603843837976456,0.05458733066916466,0.9936744570732117,0.01968945749104023,-0.09614397585391998,0.059844665229320526,0.9933716654777527,0.005150279961526394,0.13879923522472382,0.06278959661722183,0.9883145689964294,0.017327893525362015,-0.05712136626243591,0.06057064235210419,0.9963774681091309,-0.03345654532313347,-0.06013305112719536,0.05758184939622879,0.995966374874115,-0.03345654532313347,-0.06013305112719536,0.05758184939622879,0.995966374874115,-0.01902613416314125,-0.05609913915395737,0.007258682511746883,0.9982175230979919,-0.007662239950150251,-0.05601287633180618,0.00789678655564785,0.9983693957328796,-0.007670832332223654,-0.05601170286536217,0.008049939759075642,0.9983682036399841,-0.009039783850312233,0.13150686025619507,0.006474990863353014,0.9912528991699219,-0.0077045089565217495,-0.05182626098394394,0.008017714135348797,0.9985942244529724,-0.007887814193964005,-0.05182773247361183,0.0080082006752491,0.9985927939414978,-0.007887814193964005,-0.05182773247361183,0.0080082006752491,0.9985927939414978,-0.020295539870858192,0.0027141994796693325,0.02178345061838627,0.9995530247688293,-0.02066941373050213,0.02017052471637726,0.02252301201224327,0.9993290901184082,0.1481931209564209,0.02368067018687725,0.018797922879457474,0.9884961843490601,0.13746243715286255,0.07484414428472519,-0.22331611812114716,0.9620978832244873,0.037381090223789215,-0.29997703433036804,-0.282414972782135,0.9104165434837341,0.014064958319067955,-0.30113932490348816,-0.24432219564914703,0.921642005443573,0.014064958319067955,-0.30113932490348816,-0.24432219564914703,0.921642005443573,-0.02063351683318615,0.018193352967500687,0.02049097791314125,0.9994115233421326,-0.09882476180791855,0.01653303951025009,0.02185261808335781,0.9947274923324585,-0.09165450930595398,0.057237155735492706,0.27378466725349426,0.955701470375061,-0.017887195572257042,-0.18920789659023285,0.30361509323120117,0.9336478114128113,-0.014466122724115849,-0.1892860233783722,0.29624855518341064,0.9360546469688416,-0.014466122724115849,-0.1892860233783722,0.29624855518341064,0.9360546469688416,-0.020295539870858192,0.0027141994796693325,0.02178345061838627,0.9995530247688293
-0.011417636647820473,0.007863238453865051,0.8120622038841248,-0.01957549713551998,0.007151435595005751,0.021353518590331078,0.9995547533035278,-0.22810375690460205,0.07042938470840454,0.01235650759190321,0.47501516342163086,-0.3968936800956726,-0.09996441751718521,-0.14605049788951874,0.016167892143130302,0.004231464117765427,0.39193612337112427,-0.3771055340766907,-0.0012971515534445643,-0.0,0.03809026628732681,0.3432827889919281,-0.4914464056491852,-0.8072113990783691,0.10063506662845612,0.03532916679978371,-0.1603715568780899,0.505424976348877,-0.520920991897583,-0.028051817789673805,-0.0,-0.1204926148056984,0.0897814929485321,-0.008296966552734375,0.0373159684240818,0.26653334498405457,-0.03130738437175751,-0.5356281995773315,-0.18732836842536926,0.05319957435131073,0.08968859165906906,-0.09916125982999802,0.05918070301413536,-0.7444568872451782,-0.19795501232147217,0.1177397072315216,0.4815879166126251,-0.28817829489707947,-0.02790074795484543,0.0,0.09404952824115753,0.12909293174743652,0.2412932962179184,-0.30951258540153503,0.25485655665397644,0.12762519717216492,-0.10829239338636398,-0.3765678107738495,0.01117765810340643,-0.33325421810150146,0.0,0.0,0.0,-0.01957549713551998,0.007151435595005751,0.021353518590331078,0.9995547533035278,-0.01957549713551998,0.007151435595005751,0.021353518590331078,0.9995547533035278,-0.01689034514129162,-0.10219646245241165,0.052808381617069244,0.993217945098877,0.01808876171708107,-0.10027386248111725,0.0563737154006958,0.9931968450546265,0.017468903213739395,-0.1003836989402771,0.06250882148742676,0.9928296208381653,0.00227137329056859,0.13602818548679352,0.0648641362786293,0.9885766506195068,0.015014558099210262,-0.06153633072972298,0.06314332038164139,0.9959923624992371,-0.03476536646485329,-0.06461421400308609,0.05999001860618591,0.9954986572265625,-0.03476536646485329,-0.06461421400308609,0.05999001860618591,0.9954986572265625,-0.018153496086597443,-0.06368020176887512,0.003801060141995549,0.997797966003418,-0.0100868446752429,-0.06364738941192627,0.004315717611461878,0.9979121685028076,-0.010221483185887337,-0.06362590938806534,0.0064270212315022945,0.9979007840156555,-0.011277284473180771,0.13189932703971863,0.004313717596232891,0.9911895990371704,-0.010268859565258026,-0.05622449889779091,0.006351049989461899,0.998345136642456,-0.010916359722614288,-0.056228604167699814,0.006314582657068968,0.9983382821083069,-0.010916359722614288,-0.056228604167699814,0.006314582657068968,0.9983382821083069,-0.01957549713551998,0.007151435595005751,0.021353518590331078,0.9995547533035278,-0.01996924914419651,0.0261714868247509,0.0221728403121233,0.9992120265960693,0.15098944306373596,0.029574034735560417,0.017376940697431564,0.9879400730133057,0.13900859653949738,0.08043555170297623,-0.2206881195306778,0.9620309472084045,0.03832516819238663,-0.2994403541088104,-0.2810843884944916,0.9109655618667603,0.012880374677479267,-0.30074071884155273,-0.23942406475543976,0.9230738282203674,0.012880374677479267,-0.30074071884155273,-0.23942406475543976,0.9230738282203674,-0.019956812262535095,0.024749567732214928,0.01989647187292576,0.9992964267730713,-0.09993620961904526,0.023076338693499565,0.0218149796128273,0.9944869875907898,-0.09134607762098312,0.06289435178041458,0.2677152454853058,0.9570938944816589,-0.019112369045615196,-0.18392658233642578,0.297683447599411,0.9365843534469604,-0.013516159728169441,-0.18408623337745667,0.285421222448349,0.9404596090316772,-0.013516159728169441,-0.18408623337745667,0.285421222448349,0.9404596090316772,-0.01957549713551998,0.007151435595005751,0.021353518590331078,0.9995547533035278
-0.017324835062026978,0.01214679516851902,0.8110286593437195,-0.019101392477750778,0.013444803655147552,0.0216435007750988,0.9994928240776062,-0.2581435739994049,0.06214042007923126,0.009818016551434994,0.4873259663581848,-0.4012354612350464,-0.09666258096694946,-0.18383334577083588,0.008892199955880642,0.012424912303686142,0.41916996240615845,-0.38879185914993286,-0.005022032652050257,-0.0,0.04761024937033653,0.351335346698761,-0.4800724387168884,-0.8248221278190613,0.10651051998138428,0.042881421744823456,-0.16545501351356506,0.4889601469039917,-0.5264517068862915,-0.03596010059118271,-0.0,-0.17721594870090485,0.12850669026374817,-0.031006334349513054,0.020422305911779404,0.37841108441352844,0.009875413961708546,-0.9011944532394409,-0.24866892397403717,-0.07615472376346588,0.36932405829429626,-0.13025343418121338,0.09905508905649185,-1.1334854364395142,-0.21827074885368347,0.24580343067646027,0.8170151114463806,-0.35058972239494324,-0.1117464229464531,0.0,0.2855994701385498,0.24157671630382538,0.3412189781665802,-0.5283218622207642,0.17626358568668365,0.22656764090061188,-0.15250368416309357,-0.49394485354423523,-0.1659214347600937,-0.2372484654188156,0.0,0.0,0.0,-0.019101392477750778,0.013444803655147552,0.0216435007750988,0.9994928240776062,-0.019101392477750778,0.013444803655147552,0.0216435007750988,0.9994928240776062,-0.01580371893942356,-0.11029554158449173,0.057134952396154404,0.992129385471344,0.015024618245661259,-0.10846740007400513,0.060533732175827026,0.9921414852142334,0.014491972513496876,-0.10853984206914902,0.06540341675281525,0.9918323755264282,-0.0017152733635157347,0.13395485281944275,0.06696776300668716,0.9887205958366394,0.011664111167192459,-0.06575880944728851,0.06596644967794418,0.9955843091011047,-0.036448653787374496,-0.06886902451515198,0.06271244585514069,0.9949852824211121,-0.036448653787374496,-0.06886902451515198,0.06271244585514069,0.9949852824211121,-0.01742125116288662,-0.07568048685789108,-0.0004985846462659538,0.9969797730445862,-0.012988421134650707,-0.07568195462226868,-0.00016209778550546616,0.9970474243164062,-0.01345833856612444,-0.075599804520607,0.006031978875398636,0.997029185295105,-0.014418811537325382,0.1334903985261917,0.003099922090768814,0.9909403324127197,-0.013548402115702629,-0.06044774129986763,0.0058268713764846325,0.9980624318122864,-0.016054507344961166,-0.06046218425035477,0.005675068125128746,0.9980252385139465,-0.016054507344961166,-0.06046218425035477,0.005675068125128746,0.9980252385139465,-0.019101392477750778,0.013444803655147552,0.0216435007750988,0.9994928240776062,-0.019590046256780624,0.03721340373158455,0.02267744205892086,0.9988579154014587,0.15527741611003876,0.04060392454266548,0.01582481525838375,0.9869092106819153,0.14095520973205566,0.09101735055446625,-0.21647298336029053,0.9617624282836914,0.0392007902264595,-0.29755982756614685,-0.27881988883018494,0.9122394919395447,0.012358028441667557,-0.29899078607559204,-0.23462602496147156,0.9248796701431274,0.012358028441667557,-0.29899078607559204,-0.23462602496147156,0.9248796701431274,-0.019578201696276665,0.0348019115626812,0.019884325563907623,0.9990045428276062,-0.1020621657371521,0.03303978592157364,0.022692114114761353,0.9939702153205872,-0.09139050543308258,0.07181986421346664,0.2605837285518646,0.9584288001060486,-0.020079659298062325,-0.17823246121406555,0.29105010628700256,0.9397445321083069,-0.013000063598155975,-0.17847758531570435,0.2752454876899719,0.9445722103118896,-0.013000063598155975,-0.17847758531570435,0.2752454876899719,0.9445722103118896,-0.019101392477750778,0.013444803655147552,0.0216435007750988,0.9994928240776062
-0.022366272285580635,0.01842324435710907,0.8088237643241882,-0.019253546372056007,0.02489134669303894,0.021626178175210953,0.9992707371711731,-0.30093705654144287,0.051125213503837585,0.006661942228674889,0.5047020316123962,-0.40280237793922424,-0.09664922952651978,-0.23819279670715332,-0.00027704553212970495,0.02166653797030449,0.45690640807151794,-0.39878347516059875,-0.006036391947418451,-0.0,0.0627165287733078,0.3615381717681885,-0.4675585627555847,-0.8430758714675903,0.11192268133163452,0.04981963336467743,-0.17292520403862,0.4723334014415741,-0.5294584035873413,-0.038746487349271774,-0.0,-0.15124310553073883,0.1882934719324112,-0.0661468505859375,-0.024258233606815338,0.6864209771156311,-0.013746678829193115,-1.2838044166564941,-0.3304561674594879,-0.0946822240948677,0.5212819576263428,-0.047007497400045395,0.00040054318378679454,-1.6307834386825562,-0.27507734298706055,0.2772487699985504,1.1320933103561401,-0.2997484505176544,-0.030430776998400688,0.0,0.45318835973739624,0.3060847222805023,0.37541624903678894,-0.5476123094558716,0.16236482560634613,0.208146333694458,-0.22410570085048676,-0.4988023340702057,-0.09020089358091354,-0.08359159529209137,0.0,0.0,0.0,-0.019253546372056007,0.02489134669303894,0.021626178175210953,0.9992707371711731,-0.019253546372056007,0.02489134669303894,0.021626178175210953,0.9992707371711731,-0.01493894960731268,-0.11933094263076782,0.0629386380314827,0.9907450079917908,0.010389197617769241,-0.11768326163291931,0.06596815586090088,0.9908031821250916,0.009997141547501087,-0.1177172139286995,0.0692681223154068,0.9905779361724854,-0.007614434696733952,0.1333398073911667,0.06957036256790161,0.9885962009429932,0.0064564966596663,-0.06711651384830475,0.0696873664855957,0.9952875971794128,-0.041629210114479065,-0.07040446251630783,0.06636389344930649,0.994437575340271,-0.041629210114479065,-0.07040446251630783,0.06636389344930649,0.994437575340271,-0.017400648444890976,-0.09055989235639572,-0.007046513259410858,0.9957140684127808,-0.01753857731819153,-0.09055891633033752,-0.007059057708829641,0.995711624622345,-0.01851857826113701,-0.09036359935998917,0.003727957373484969,0.9957296848297119,-0.018881700932979584,0.13748832046985626,-0.0005628274520859122,0.9903232455253601,-0.018619084730744362,-0.061392154544591904,0.0031882820185273886,0.9979349374771118,-0.02163095772266388,-0.061401497572660446,0.0030029742047190666,0.9978742003440857,-0.02163095772266388,-0.061401497572660446,0.0030029742047190666,0.9978742003440857,-0.019253546372056007,0.02489134669303894,0.021626178175210953,0.9992707371711731,-0.01987178809940815,0.05618545040488243,0.022980330511927605,0.9979580044746399,0.15987107157707214,0.0594014935195446,0.012504514306783676,0.9852696657180786,0.14160677790641785,0.10908187180757523,-0.21330246329307556,0.9604950547218323,0.03823379799723625,-0.28881344199180603,-0.2770160138607025,0.91563481092453,0.010469280183315277,-0.29028889536857605,-0.2302669733762741,0.9287625551223755,0.010469280183315277,-0.29028889536857605,-0.2302669733762741,0.9287625551223755,-0.019824087619781494,0.049693476408720016,0.019578058272600174,0.9983758330345154,-0.10596469044685364,0.047817181795835495,0.02379619888961315,0.9929344058036804,-0.09220686554908752,0.08582212030887604,0.25344470143318176,0.9591132402420044,-0.022086212411522865,-0.16628728806972504,0.2845119535923004,0.9438822269439697,-0.014673640951514244,-0.16662128269672394,0.26735472679138184,0.9489697217941284,-0.014673640951514244,-0.16662128269672394,0.26735472679138184,0.9489697217941284,-0.019253546372056007,0.02489134669303894,0.021626178175210953,0.9992707371711731
-0.0314297080039978,0.023764561861753464,0.8062939047813416,-0.018908819183707237,0.0400644913315773,0.022204170003533363,0.9987713694572449,-0.3634260296821594,0.03855365514755249,0.0010420496109873056,0.5332045555114746,-0.3952828049659729,-0.10165828466415405,-0.31127631664276123,-0.00836201012134552,0.03437117114663124,0.5015742778778076,-0.4065157175064087,-0.004123835824429989,-0.0,0.07816582918167114,0.37184280157089233,-0.44930216670036316,-0.8654791116714478,0.11189065128564835,0.055713996291160583,-0.18044926226139069,0.4521440863609314,-0.5441116094589233,-0.033773720264434814,-0.0,-0.27190306782722473,0.16023951768875122,-0.0758957788348198,0.001266712206415832,0.9116206765174866,0.01725979521870613,-1.874669075012207,-0.37714672088623047,-0.1685967743396759,0.8550756573677063,0.2255871742963791,-0.15027163922786713,-2.1925055980682373,-0.24254894256591797,0.38113898038864136,1.3400360345840454,-0.2319672554731369,0.057376679033041,0.0,0.4634789824485779,0.30913886427879333,0.5476918816566467,-0.6720971465110779,-0.0009609013213776052,0.17683087289333344,-0.22572173178195953,-0.6056793928146362,-0.43959614634513855,0.1491830050945282,0.0,0.0,0.0,-0.018908819183707237,0.0400644913315773,0.022204170003533363,0.9987713694572449,-0.018908819183707237,0.0400644913315773,0.022204170003533363,0.9987713694572449,-0.01284769270569086,-0.13405323028564453,0.07185416668653488,0.9882821440696716,0.006204459350556135,-0.13264328241348267,0.07442478090524673,0.9883462190628052,0.006135348230600357,-0.13264650106430054,0.07493972033262253,0.9883072972297668,-0.01382466871291399,0.13241446018218994,0.07390861213207245,0.9883384108543396,0.000956951582338661,-0.06423068791627884,0.07518436759710312,0.9950984120368958,-0.04960250481963158,-0.06796763837337494,0.07182388007640839,0.9938617944717407,-0.04960250481963158,-0.06796763837337494,0.07182388007640839,0.9938617944717407,-0.016963036730885506,-0.11072315275669098,-0.015303406864404678,0.9935886859893799,-0.02111707627773285,-0.110658198595047,-0.01576620526611805,0.99350905418396,-0.023015590384602547,-0.11027897149324417,0.0013093173038214445,0.9936332702636719,-0.022620530799031258,0.13975739479064941,-0.00444334140047431,0.9899173974990845,-0.023051805794239044,-0.06294553726911545,0.00021433609072118998,0.9977506995201111,-0.02510903589427471,-0.06294584274291992,8.454720227746293e-05,0.9977010488510132,-0.02510903589427471,-0.06294584274291992,8.454720227746293e-05,0.9977010488510132,-0.018908819183707237,0.0400644913315773,0.022204170003533363,0.9987713694572449,-0.019661955535411835,0.07902824133634567,0.02390025556087494,0.9963918328285217,0.16486205160617828,0.0820843055844307,0.00887982826679945,0.982854962348938,0.1423456370830536,0.1304253339767456,-0.207551509141922,0.9589834809303284,0.03782709687948227,-0.2789745032787323,-0.2731032073497772,0.9198679327964783,0.010570111684501171,-0.2805045545101166,-0.22602349519729614,0.9328016042709351,0.010570111684501171,-0.2805045545101166,-0.22602349519729614,0.9328016042709351,-0.01958879455924034,0.06778015941381454,0.0199231319129467,0.9973089694976807,-0.10936892032623291,0.06570934504270554,0.02594924159348011,0.991487443447113,-0.09225142002105713,0.10245895385742188,0.24555422365665436,0.9595285058021545,-0.021979179233312607,-0.1572599560022354,0.2775275707244873,0.947504460811615,-0.015661070123314857,-0.15758323669433594,0.26248660683631897,0.9518524408340454,-0.015661070123314857,-0.15758323669433594,0.26248660683631897,0.9518524408340454,-0.018908819183707237,0.0400644913315773,0.022204170003533363,0.9987713694572449
-0.04225245490670204,0.028432000428438187,0.802189826965332,-0.018122239038348198,0.05672524496912956,0.017973193898797035,0.9980635046958923,-0.4438515901565552,0.028874818235635757,-0.0004393179842736572,0.5904371738433838,-0.3689451515674591,-0.1142929196357727,-0.40052416920661926,-0.012723864987492561,0.05654989555478096,0.5594863891601562,-0.41049250960350037,-0.0007218154496513307,-0.0,0.09337407350540161,0.3857461214065552,-0.43997037410736084,-0.8780238628387451,0.11403454840183258,0.06189768388867378,-0.1928674727678299,0.4409027397632599,-0.5610759854316711,-0.022258350625634193,-0.0,-0.3246823847293854,0.1400231570005417,-0.12312232702970505,0.013967414386570454,0.9964156746864319,-0.2734100818634033,-2.412766695022583,-0.2903650999069214,-0.04444102570414543,1.7169784307479858,0.790129542350769,-0.3790390193462372,-2.6774353981018066,-0.13085563480854034,0.6653617024421692,1.7373632192611694,-0.11930375546216965,0.10206060111522675,0.0,0.4562472999095917,0.41709956526756287,0.2799537777900696,-0.3763425052165985,0.06431691348552704,0.18551062047481537,-0.3725462853908539,-0.3372403681278229,-0.5089312791824341,0.34546107053756714,0.0,0.0,0.0,-0.018122239038348198,0.05672524496912956,0.017973193898797035,0.9980635046958923,-0.018122239038348198,0.05672524496912956,0.017973193898797035,0.9980635046958923,-0.010625002905726433,-0.15583039820194244,0.07824331521987915,0.9846227765083313,0.003591011743992567,-0.15468455851078033,0.08048486709594727,0.9846735596656799,0.003624989651143551,-0.15468376874923706,0.08026856929063797,0.9846912026405334,-0.019885892048478127,0.13850297033786774,0.07785072922706604,0.9870971441268921,-0.005268481560051441,-0.044908322393894196,0.08017747104167938,0.9957545399665833,-0.062132760882377625,-0.04941437765955925,0.07748163491487503,0.9938281178474426,-0.062132760882377625,-0.04941437765955925,0.07748163491487503,0.9938281178474426,-0.017227092757821083,-0.13711732625961304,-0.03029002621769905,0.9899417161941528,-0.02352464385330677,-0.13692185282707214,-0.03116173855960369,0.9898120760917664,-0.02738618291914463,-0.13620205223560333,-0.0031661263201385736,0.9902974367141724,-0.025447387248277664,0.14252248406410217,-0.01060461439192295,0.9894075393676758,-0.027074577286839485,-0.06211837753653526,-0.005195645149797201,0.9976879954338074,-0.02743464708328247,-0.06211649626493454,-0.005218063481152058,0.9976781010627747,-0.02743464708328247,-0.06211649626493454,-0.005218063481152058,0.9976781010627747,-0.018122239038348198,0.05672524496912956,0.017973193898797035,0.9980635046958923,-0.01877341791987419,0.10320433229207993,0.020034288987517357,0.9942811727523804,0.17215797305107117,0.10513083636760712,-0.00011934688518522307,0.9794432520866394,0.14511486887931824,0.1535133570432663,-0.21106459200382233,0.9543725848197937,0.036616306751966476,-0.2617751657962799,-0.277906596660614,0.9235263466835022,0.009732029400765896,-0.2632408142089844,-0.22949163615703583,0.9369862079620361,0.009732029400765896,-0.2632408142089844,-0.22949163615703583,0.9369862079620361,-0.018778840079903603,0.0874859094619751,0.015465691685676575,0.9958686828613281,-0.11457815021276474,0.08559033274650574,0.023817358538508415,0.9894335865974426,-0.09345313906669617,0.12210970371961594,0.23760034143924713,0.9591151475906372,-0.022745342925190926,-0.1462462693452835,0.2709014117717743,0.9511609077453613,-0.01869727298617363,-0.14649172127246857,0.2609323263168335,0.9539942145347595,-0.01869727298617363,-0.14649172127246857,0.2609323263168335,0.9539942145347595,-0.018122239038348198,0.05672524496912956,0.017973193898797035,0.9980635046958923
-0.05444202572107315,0.0318254791200161,0.7960517406463623,-0.01732776127755642,0.07882389426231384,0.013396073132753372,0.9966479539871216,-0.5453307032585144,0.025472603738307953,0.0004301905573811382,0.6841081976890564,-0.3401239812374115,-0.1248483955860138,-0.5112907290458679,-0.009517059661448002,0.0865476131439209,0.6288933753967285,-0.41434913873672485,0.004115133546292782,-0.0,0.10858877748250961,0.3964509963989258,-0.43262940645217896,-0.8800878524780273,0.10864952951669693,0.06629808247089386,-0.20403660833835602,0.425082266330719,-0.5784022212028503,-0.014694079756736755,-0.0,-0.3656871020793915,0.10180435329675674,-0.1841425746679306,0.00662844767794013,1.3241620063781738,-0.2993270754814148,-3.0443732738494873,-0.10206642746925354,0.026085255667567253,2.8101305961608887,0.8646350502967834,-0.3166642487049103,-3.3229966163635254,0.09620415419340134,0.8999314904212952,2.082209587097168,-0.11569886654615402,0.14510846138000488,0.0,0.45644110441207886,0.3211462199687958,0.22022901475429535,-0.0619196854531765,-0.16155055165290833,0.13201195001602173,-0.3350740373134613,-0.4746141731739044,-0.519787073135376,0.22692811489105225,0.0,0.0,0.0,-0.01732776127755642,0.07882389426231384,0.013396073132753372,0.9966479539871216,-0.01732776127755642,0.07882389426231384,0.013396073132753372,0.9966479539871216,-0.0077089788392186165,-0.1821315735578537,0.08687464892864227,0.9793984889984131,0.004765224177390337,-0.18101036548614502,0.08918721973896027,0.9794172644615173,0.00472628977149725,-0.1810113936662674,0.08939788490533829,0.9793980717658997,-0.025533612817525864,0.1579875648021698,0.08580416440963745,0.9833745956420898,-0.010643480345606804,-0.010721232742071152,0.0888877734541893,0.995927095413208,-0.07275232672691345,-0.016245495527982712,0.08804581314325333,0.9933232665061951,-0.07275232672691345,-0.016245495527982712,0.08804581314325333,0.9933232665061951,-0.018651403486728668,-0.16830669343471527,-0.04803505539894104,0.9843869209289551,-0.02333540841937065,-0.16807620227336884,-0.048835400491952896,0.9842870235443115,-0.030584590509533882,-0.1669093668460846,-0.0062091294676065445,0.9854782223701477,-0.027164533734321594,0.14607347548007965,-0.015364199876785278,0.9887813329696655,-0.029743997380137444,-0.06043824180960655,-0.00944802351295948,0.9976839423179626,-0.027691133320331573,-0.06045755371451378,-0.009323648177087307,0.9977430105209351,-0.027691133320331573,-0.06045755371451378,-0.009323648177087307,0.9977430105209351,-0.01732776127755642,0.07882389426231384,0.013396073132753372,0.9966479539871216,-0.01775917410850525,0.1327458620071411,0.015833940356969833,0.9908645153045654,0.17771942913532257,0.13326455652713776,-0.010617755353450775,0.9749582409858704,0.14517447352409363,0.18136964738368988,-0.21681860089302063,0.9481661915779114,0.03321409225463867,-0.2348737120628357,-0.28303757309913635,0.9293120503425598,0.008944787085056305,-0.23610858619213104,-0.23628796637058258,0.9425182938575745,0.008944787085056305,-0.23610858619213104,-0.23628796637058258,0.9425182938575745,-0.017925389111042023,0.11171121895313263,0.010741455480456352,0.993520975112915,-0.11901378631591797,0.1100364699959755,0.02206243760883808,0.9865297675132751,-0.09346217662096024,0.145683154463768,0.22768200933933258,0.9582286477088928,-0.022913137450814247,-0.13160376250743866,0.2621004283428192,0.9557504057884216,-0.020342659205198288,-0.13178540766239166,0.2554672658443451,0.9575778245925903,-0.020342659205198288,-0.13178540766239166,0.2554672658443451,0.9575778245925903,-0.01732776127755642,0.07882389426231384,0.013396073132753372,0.9966479539871216
-0.06710734218358994,0.03459005057811737,0.7870847582817078,-0.013286217115819454,0.10188763588666916,0.003796567674726248,0.9946999549865723,-0.6683445572853088,0.029647285118699074,-0.011867301538586617,0.8248831629753113,-0.32964351773262024,-0.12905152142047882,-0.6384159922599792,-0.001858418807387352,0.12957803905010223,0.7158660292625427,-0.4108726978302002,-0.0022751963697373867,-0.0,0.13145823776721954,0.4171067476272583,-0.41650885343551636,-0.8874599933624268,0.12267155945301056,0.07598269730806351,-0.22578948736190796,0.4163073003292084,-0.6041416525840759,-0.008802696131169796,-0.0,-0.37995946407318115,0.08293713629245758,-0.26900947093963623,0.17573535442352295,1.3818153142929077,-0.6156327724456787,-3.690415382385254,0.12524043023586273,-0.3689247667789459,4.2232489585876465,0.3144138753414154,-0.1260937750339508,-3.8137576580047607,0.22975921630859375,1.2909127473831177,2.6091794967651367,0.10429321974515915,-0.19170989096164703,0.0,0.6860837936401367,0.6196724772453308,0.48361656069755554,-0.22116421163082123,0.4206608831882477,0.2905384302139282,-0.6525863409042358,-0.2632489800453186,-0.7721828818321228,0.17674149572849274,0.0,0.0,0.0,-0.013286217115819454,0.10188763588666916,0.003796567674726248,0.9946999549865723,-0.013286217115819454,0.10188763588666916,0.003796567674726248,0.9946999549865723,-0.002699280856177211,-0.21775305271148682,0.09223520010709763,0.9716321229934692,0.011703615076839924,-0.21636192500591278,0.09545284509658813,0.9715653657913208,0.012987217865884304,-0.21628867089748383,0.08968626707792282,0.9721146821975708,-0.0240523312240839,0.19151784479618073,0.08737150579690933,0.9772965908050537,-0.009390752762556076,0.02857091650366783,0.09013383090496063,0.9954754710197449,-0.0735604539513588,0.022699540480971336,0.09178853780031204,0.9927982687950134,-0.0735604539513588,0.022699540480971336,0.09178853780031204,0.9927982687950134,-0.0197396669536829,-0.20585355162620544,-0.07315858453512192,0.9756446480751038,-0.0206462349742651,-0.20578548312187195,-0.07334983348846436,0.9756258726119995,-0.033926233649253845,-0.2040170133113861,-0.010030309669673443,0.9783278703689575,-0.028262080624699593,0.15165938436985016,-0.021280301734805107,0.9877994656562805,-0.03200884908437729,-0.05303521081805229,-0.015067514963448048,0.9979657530784607,-0.033144112676382065,-0.05301803722977638,-0.015127838589251041,0.9979286789894104,-0.033144112676382065,-0.05301803722977638,-0.015127838589251041,0.9979286789894104,-0.013286217115819454,0.10188763588666916,0.003796567674726248,0.9946999549865723,-0.013086194172501564,0.16692717373371124,0.007019781973212957,0.985857367515564,0.19131404161453247,0.16476351022720337,-0.0276937372982502,0.967204749584198,0.15354198217391968,0.21323883533477783,-0.22418832778930664,0.9384527802467346,0.03576928377151489,-0.2051014006137848,-0.29331734776496887,0.93306964635849,0.010049896314740181,-0.20653250813484192,-0.23985449969768524,0.9485321044921875,0.010049896314740181,-0.20653250813484192,-0.23985449969768524,0.9485321044921875,-0.013663542456924915,0.13948877155780792,0.0009178916225209832,0.9901289343833923,-0.1251196265220642,0.13849741220474243,0.01662616804242134,0.9822866916656494,-0.09407001733779907,0.17405934631824493,0.21723639965057373,0.95585697889328,-0.022834429517388344,-0.11604373902082443,0.25332722067832947,0.9601238369941711,-0.021359696984291077,-0.11616270244121552,0.24932178854942322,0.9611912369728088,-0.021359696984291077,-0.11616270244121552,0.24932178854942322,0.9611912369728088,-0.013286217115819454,0.10188763588666916,0.003796567674726248,0.9946999549865723
-0.08084436506032944,0.03911278024315834,0.7749863862991333,-0.010092307813465595,0.12562188506126404,-0.00976034440100193,0.9919788241386414,-0.8003685474395752,0.03755498677492142,-0.04760148748755455,0.9987524747848511,-0.33751848340034485,-0.1238444596529007,-0.7712704539299011,0.0267508402466774,0.19574980437755585,0.8072735071182251,-0.40511173009872437,-0.01579015888273716,-0.0,0.15668520331382751,0.43379130959510803,-0.38212013244628906,-0.8682918548583984,0.13987602293491364,0.08603329211473465,-0.25419315695762634,0.39300382137298584,-0.6325358748435974,-0.0010755955008789897,-0.0,-0.41211065649986267,0.1356818825006485,-0.3629511296749115,0.10017901659011841,1.4232441186904907,-0.8470371961593628,-3.960719585418701,0.2372310310602188,-1.0720254182815552,5.216079235076904,-0.2362489551305771,0.15621183812618256,-3.985633611679077,0.8582777380943298,1.9851528406143188,2.7422242164611816,0.1728290170431137,-0.405448853969574,0.0,0.7568089365959167,0.5005368590354919,1.0316616296768188,0.5750440955162048,0.5161339044570923,0.3015178143978119,-0.8521100282669067,-0.6991043090820312,-0.8518266081809998,0.2318129986524582,0.0,0.0,0.0,-0.010092307813465595,0.12562188506126404,-0.00976034440100193,0.9919788241386414,-0.010092307813465595,0.12562188506126404,-0.00976034440100193,0.9919788241386414,-0.00030104941106401384,-0.2565806806087494,0.09483268111944199,0.9618591666221619,0.01775924675166607,-0.25475481152534485,0.09963361918926239,0.9616952538490295,0.023816999047994614,-0.25426003336906433,0.07671850174665451,0.9637939929962158,-0.015830304473638535,0.23832961916923523,0.07875518500804901,0.9678564071655273,-0.0023777480237185955,0.07238335907459259,0.08029522746801376,0.9941366314888,-0.06389301270246506,0.0672757551074028,0.08462060987949371,0.9920841455459595,-0.06389301270246506,0.0672757551074028,0.08462060987949371,0.9920841455459595,-0.025127176195383072,-0.2450028955936432,-0.10194998234510422,0.963819682598114,-0.012233818881213665,-0.24634455144405365,-0.09866394102573395,0.9640695452690125,-0.03624774143099785,-0.2439700961112976,-0.003984108567237854,0.9690968990325928,-0.0317700058221817,0.15626342594623566,-0.017900800332427025,0.9870420098304749,-0.034721653908491135,-0.0454980805516243,-0.01114354282617569,0.9982986450195312,-0.042602136731147766,-0.04540868476033211,-0.01150240283459425,0.9979934096336365,-0.042602136731147766,-0.04540868476033211,-0.01150240283459425,0.9979934096336365,-0.010092307813465595,0.12562188506126404,-0.00976034440100193,0.9919788241386414,-0.008681665174663067,0.20276771485805511,-0.005643952637910843,0.9791721105575562,0.20223866403102875,0.19680233299732208,-0.04914713650941849,0.9580985903739929,0.16184581816196442,0.24297696352005005,-0.22742444276809692,0.9290028214454651,0.04387431591749191,-0.16502687335014343,-0.2985329031944275,0.9389990568161011,0.017140788957476616,-0.16719406843185425,-0.2365121692419052,0.956981897354126,0.017140788957476616,-0.16719406843185425,-0.2365121692419052,0.956981897354126,-0.010003278963267803,0.16805268824100494,-0.012863019481301308,0.9856433272361755,-0.13485749065876007,0.16832764446735382,0.00854219775646925,0.976425290107727,-0.09956756234169006,0.20333610475063324,0.1969854086637497,0.9539064168930054,-0.030320946127176285,-0.10107036679983139,0.2369231879711151,0.9657809138298035,-0.030148513615131378,-0.10109103471040726,0.23642957210540771,0.9659051299095154,-0.030148513615131378,-0.10109103471040726,0.23642957210540771,0.9659051299095154,-0.010092307813465595,0.12562188506126404,-0.00976034440100193,0.9919788241386414
-0.09526466578245163,0.045370135456323624,0.7612812519073486,-0.00910208746790886,0.15327879786491394,-0.02911209501326084,0.9877121448516846,-0.9324082732200623,0.05142626538872719,-0.09460558742284775,1.1977404356002808,-0.3339531719684601,-0.11999893933534622,-0.9054269194602966,0.07813844084739685,0.2689323425292969,0.8865333199501038,-0.40315699577331543,-0.02623295970261097,-0.0,0.1836571842432022,0.45413169264793396,-0.3338724970817566,-0.8351661562919617,0.16065764427185059,0.09519844502210617,-0.29505375027656555,0.3602316379547119,-0.6638367772102356,-0.0019138040952384472,-0.0,-0.4326089918613434,0.1877206414937973,-0.41115400195121765,-0.07332488149404526,1.6662873029708862,-1.1787288188934326,-3.9611916542053223,0.41613835096359253,-1.4101228713989258,5.969638347625732,0.10695933550596237,0.11536560207605362,-4.024693965911865,1.5416278839111328,2.1954760551452637,2.3777942657470703,0.05864202603697777,-0.3132840096950531,0.0,0.8091593980789185,0.6102114319801331,1.4474289417266846,0.9937708973884583,0.6234486103057861,0.27495458722114563,-1.2258176803588867,-0.983165442943573,-0.9390270113945007,-0.025146257132291794,0.0,0.0,0.0,-0.00910208746790886,0.15327879786491394,-0.02911209501326084,0.9877121448516846,-0.00910208746790886,0.15327879786491394,-0.02911209501326084,0.9877121448516846,-0.002938411198556423,-0.29086732864379883,0.09285593032836914,0.9522422552108765,0.02154499478638172,-0.2883838415145874,0.1003035232424736,0.9520030617713928,0.03515717014670372,-0.287042498588562,0.05517571419477463,0.9556810259819031,-0.0020642117597162724,0.3016372621059418,0.06539208441972733,0.9511753916740417,0.008832776919007301,0.13935501873493195,0.06482567638158798,0.9880788326263428,-0.0504317581653595,0.13521708548069,0.07306523621082306,0.9868305325508118,-0.0504317581653595,0.13521708548069,0.07306523621082306,0.9868305325508118,-0.03783770650625229,-0.2805037200450897,-0.13415198028087616,0.9496784806251526,-0.0007150718010962009,-0.28552955389022827,-0.12309332937002182,0.9504317045211792,-0.03898708522319794,-0.2828562259674072,0.005433956161141396,0.9583542346954346,-0.03754977881908417,0.15551142394542694,-0.011812482960522175,0.9870494604110718,-0.03915451094508171,-0.04526061564683914,-0.004055229481309652,0.9981993436813354,-0.05224363133311272,-0.04520353302359581,-0.0046485234051942825,0.9975999593734741,-0.05224363133311272,-0.04520353302359581,-0.0046485234051942825,0.9975999593734741,-0.00910208746790886,0.15327879786491394,-0.02911209501326084,0.9877121448516846,-0.005516876000910997,0.24307946860790253,-0.02413531020283699,0.9696903824806213,0.21292109787464142,0.2314065545797348,-0.07823774963617325,0.946041464805603,0.1724025458097458,0.27337154746055603,-0.23181401193141937,0.9175007343292236,0.055785056203603745,-0.11683028191328049,-0.3047412931919098,0.9435949325561523,0.02869044616818428,-0.12025274336338043,-0.23224897682666779,0.9647676348686218,0.02869044616818428,-0.12025274336338043,-0.23224897682666779,0.9647676348686218,-0.008167266845703125,0.19998183846473694,-0.03246230632066727,0.9792276620864868,-0.1520175039768219,0.2025812715291977,-0.0027138954028487206,0.9673903584480286,-0.11330826580524445,0.23736506700515747,0.16857977211475372,0.9499472975730896,-0.04828609526157379,-0.08235717564821243,0.21587510406970978,0.9717426300048828,-0.04799674451351166,-0.082415372133255,0.21498845517635345,0.9719485640525818,-0.04799674451351166,-0.082415372133255,0.21498845517635345,0.9719485640525818,-0.00910208746790886,0.15327879786491394,-0.02911209501326084,0.9877121448516846
-0.11017350852489471,0.054085079580545425,0.7455307245254517,-0.01216940488666296,0.18181852996349335,-0.04775772616267204,0.9820963144302368,-1.0572398900985718,0.06606357544660568,-0.14775662124156952,1.3695799112319946,-0.3420635163784027,-0.10775679349899292,-1.0338302850723267,0.13497062027454376,0.319846510887146,0.9554480910301208,-0.41785728931427,-0.024544287472963333,-0.0,0.1923084408044815,0.48004603385925293,-0.2794245779514313,-0.7939093112945557,0.1652439534664154,0.09551794081926346,-0.3452896773815155,0.32083436846733093,-0.7014903426170349,-0.002144487341865897,-0.0,-0.44726526737213135,0.26144832372665405,-0.4725157916545868,-0.30653372406959534,1.7385131120681763,-1.1023982763290405,-3.744948387145996,0.43911927938461304,-1.5945309400558472,5.155183792114258,-0.24331031739711761,0.36726436018943787,-3.8521008491516113,1.704965353012085,1.527424931526184,2.0674431324005127,-0.4410087764263153,0.050660163164138794,0.0,0.2595376968383789,0.7774301767349243,1.6334375143051147,1.2377052307128906,0.13758927583694458,0.009584872983396053,-1.507077693939209,-1.1819180250167847,-1.1296069622039795,-0.006920496933162212,0.0,0.0,0.0,-0.01216940488666296,0.18181852996349335,-0.04775772616267204,0.9820963144302368,-0.01216940488666296,0.18181852996349335,-0.04775772616267204,0.9820963144302368,-0.010040470398962498,-0.31984567642211914,0.09288571029901505,0.9428521394729614,0.02110343612730503,-0.31660357117652893,0.10339818894863129,0.9426693916320801,0.044414736330509186,-0.3141822814941406,0.033536653965711594,0.9477300047874451,0.01318923756480217,0.3560985028743744,0.054068662226200104,0.9327896237373352,0.022199243307113647,0.19214293360710144,0.05103498324751854,0.9797875881195068,-0.030596818774938583,0.1891157627105713,0.06130827218294144,0.9795613288879395,-0.030596818774938583,0.1891157627105713,0.06130827218294144,0.9795613288879395,-0.05663326755166054,-0.3123077154159546,-0.16132734715938568,0.9344677925109863,0.006510637700557709,-0.32247576117515564,-0.13989992439746857,0.9361597299575806,-0.04492427036166191,-0.31939759850502014,0.010961619205772877,0.9464918375015259,-0.04493441805243492,0.15151937305927277,-0.01091995183378458,0.9873720407485962,-0.04622218757867813,-0.056568387895822525,-0.0013625473948195577,0.9973272681236267,-0.058457743376493454,-0.05654740706086159,-0.0020566426683217287,0.9966849088668823,-0.058457743376493454,-0.05654740706086159,-0.0020566426683217287,0.9966849088668823,-0.01216940488666296,0.18181852996349335,-0.04775772616267204,0.9820963144302368,-0.006441147997975349,0.2751532196998596,-0.04278277978301048,0.960426390171051,0.22206084430217743,0.25709474086761475,-0.10696709901094437,0.9344245791435242,0.1851007491350174,0.2936246693134308,-0.23385214805603027,0.9082044959068298,0.07239076495170593,-0.07489414513111115,-0.3088313043117523,0.9453960657119751,0.04778298735618591,-0.07981853187084198,-0.233427956700325,0.967913806438446,0.04778298735618591,-0.07981853187084198,-0.233427956700325,0.967913806438446,-0.010425069369375706,0.22836828231811523,-0.05122711509466171,0.9721702933311462,-0.17727772891521454,0.23377355933189392,-0.0112345265224576,0.9559269547462463,-0.1376219540834427,0.2686203122138977,0.13952064514160156,0.943099856376648,-0.07648634165525436,-0.06830187886953354,0.19881772994995117,0.9746569395065308,-0.07617724686861038,-0.06840068846940994,0.1978197991847992,0.9748772978782654,-0.07617724686861038,-0.06840068846940994,0.1978197991847992,0.9748772978782654,-0.01216940488666296,0.18181852996349335,-0.04775772616267204,0.9820963144302368
-0.126205176115036,0.06231248006224632,0.7283974289894104,-0.008984779007732868,0.21239064633846283,-0.062408849596977234,0.9751484990119934,-1.1773782968521118,0.07907216250896454,-0.1988818645477295,1.504021167755127,-0.3652188777923584,-0.09089933335781097,-1.174233078956604,0.178688645362854,0.35648471117019653,1.0271364450454712,-0.44468995928764343,-0.02312796749174595,-0.0,0.19854281842708588,0.5196186900138855,-0.23076722025871277,-0.7550397515296936,0.15898427367210388,0.09477060288190842,-0.4068329334259033,0.28542542457580566,-0.7362419366836548,-0.006808757316321135,-0.0,-0.4809499979019165,0.24682199954986572,-0.5139988660812378,0.11037827283143997,1.8578311204910278,-0.9404909610748291,-3.604151964187622,0.3902575969696045,-1.533757209777832,4.033237457275391,-0.6946607828140259,0.505723774433136,-4.21208381652832,1.3115407228469849,1.0991460084915161,2.1506505012512207,-0.8049800395965576,0.04248959571123123,0.0,0.1870313137769699,1.1871795654296875,1.4597206115722656,1.1660866737365723,-0.1877903789281845,-0.022420136258006096,-1.8462976217269897,-1.0622682571411133,-1.0425478219985962,-0.13992810249328613,0.0,0.0,0.0,-0.008984779007732868,0.21239064633846283,-0.062408849596977234,0.9751484990119934,-0.008984779007732868,0.21239064633846283,-0.062408849596977234,0.9751484990119934,-0.01042174082249403,-0.3450917601585388,0.09305869042873383,0.9338860511779785,0.026498978957533836,-0.3411438763141632,0.1066259890794754,0.9335681796073914,0.06023585423827171,-0.33682781457901,0.013417270965874195,0.9395416975021362,0.03482580929994583,0.3958178758621216,0.05094648525118828,0.9162531495094299,0.043498456478118896,0.2228485643863678,0.04377517104148865,0.9728978276252747,-0.0007491210708394647,0.22062955796718597,0.05385487154126167,0.9738694429397583,-0.0007491210708394647,0.22062955796718597,0.05385487154126167,0.9738694429397583,-0.07132609188556671,-0.3462533950805664,-0.1869632601737976,0.9165511131286621,0.010738128796219826,-0.36155423521995544,-0.15532292425632477,0.9192594885826111,-0.0535355806350708,-0.3577299416065216,0.010122640058398247,0.9322342872619629,-0.05160246789455414,0.14641405642032623,-0.017484614625573158,0.9877218008041382,-0.0541878342628479,-0.07500014454126358,-0.005674950312823057,0.9956939816474915,-0.06569813936948776,-0.07492950558662415,-0.006541851907968521,0.9950007796287537,-0.06569813936948776,-0.07492950558662415,-0.006541851907968521,0.9950007796287537,-0.008984779007732868,0.21239064633846283,-0.062408849596977234,0.9751484990119934,-0.0014457778306677938,0.30785563588142395,-0.05692185461521149,0.9497277140617371,0.24258427321910858,0.2829006612300873,-0.13409847021102905,0.9182252883911133,0.20943541824817657,0.3155317008495331,-0.236957386136055,0.8946662545204163,0.09931068867444992,-0.030737241730093956,-0.3177146911621094,0.942470133304596,0.07898101955652237,-0.03754192218184471,-0.24477767944335938,0.9656274914741516,0.07898101955652237,-0.03754192218184471,-0.24477767944335938,0.9656274914741516,-0.0066560739651322365,0.2582247853279114,-0.06566387414932251,0.9638277292251587,-0.20122797787189484,0.26616594195365906,-0.012144351378083229,0.9426109790802002,-0.16129204630851746,0.300442099571228,0.11998386681079865,0.9323750734329224,-0.10151926428079605,-0.05102295055985451,0.191236212849617,0.9749457240104675,-0.10059615969657898,-0.05142516270279884,0.18805871903896332,0.9756381511688232,-0.10059615969657898,-0.05142516270279884,0.18805871903896332,0.9756381511688232,-0.008984779007732868,0.21239064633846283,-0.062408849596977234,0.9751484990119934
-0.1418214589357376,0.07125338166952133,0.7067349553108215,-0.006651580799371004,0.2492464929819107,-0.07417190074920654,0.9655725955963135,-1.3279486894607544,0.07795411348342896,-0.2535880208015442,1.5851413011550903,-0.40633779764175415,-0.07078526169061661,-1.3309773206710815,0.23306049406528473,0.3881996273994446,1.106168508529663,-0.4821138381958008,-0.02547515369951725,-0.0,0.1949423998594284,0.5679751634597778,-0.17347873747348785,-0.7253274321556091,0.16243436932563782,0.0882648155093193,-0.4930794835090637,0.25935468077659607,-0.777664840221405,-0.02610982395708561,-0.0,-0.4684884548187256,0.2682270407676697,-0.6498741507530212,0.11948852241039276,2.263948917388916,-0.7739076614379883,-4.517111778259277,-0.033541470766067505,-1.6411845684051514,2.4336037635803223,-1.233567476272583,0.6034221053123474,-4.702326774597168,1.6311553716659546,0.9514474272727966,2.3709616661071777,-1.1227163076400757,-0.07041558623313904,0.0,-0.10801254957914352,1.4506940841674805,1.7186543941497803,0.8913695216178894,0.10350286215543747,-0.19517360627651215,-2.5873963832855225,-0.7821222543716431,-1.2426869869232178,-0.5790319442749023,0.0,0.0,0.0,-0.006651580799371004,0.2492464929819107,-0.07417190074920654,0.9655725955963135,-0.006651580799371004,0.2492464929819107,-0.07417190074920654,0.9655725955963135,-0.009635304100811481,-0.3774056136608124,0.09955188632011414,0.9206310510635376,0.026246419176459312,-0.3732397258281708,0.11418271064758301,0.9203073382377625,0.07323358207941055,-0.366924524307251,-0.0031109412666410208,0.9273583889007568,0.05362670123577118,0.4028405547142029,0.0499701127409935,0.9123303294181824,0.06260638684034348,0.21047037839889526,0.03812185674905777,0.9748483896255493,0.02807193249464035,0.20898962020874023,0.04554552584886551,0.9764532446861267,0.02807193249464035,0.20898962020874023,0.04554552584886551,0.9764532446861267,-0.08929982036352158,-0.3808739483356476,-0.2086821049451828,0.8963327407836914,0.01551944948732853,-0.4025536775588989,-0.16298387944698334,0.9006364345550537,-0.06241787225008011,-0.39798784255981445,0.013794433325529099,0.9151608347892761,-0.06035830080509186,0.14209575951099396,-0.02105119079351425,0.9877866506576538,-0.06363864243030548,-0.09782620519399643,-0.006033237557858229,0.9931483864784241,-0.07628344744443893,-0.09774142503738403,-0.007278783246874809,0.9922572374343872,-0.07628344744443893,-0.09774142503738403,-0.007278783246874809,0.9922572374343872,-0.006651580799371004,0.2492464929819107,-0.07417190074920654,0.9655725955963135,0.002106976928189397,0.34188520908355713,-0.06856564432382584,0.93723464012146,0.26462236046791077,0.30898016691207886,-0.1616106629371643,0.899104118347168,0.2377924621105194,0.3355894088745117,-0.2372995764017105,0.8800700902938843,0.12997832894325256,0.007687107194215059,-0.3253422677516937,0.9365890026092529,0.1122029647231102,-0.0016520117642357945,-0.2507280111312866,0.9615316987037659,0.1122029647231102,-0.0016520117642357945,-0.2507280111312866,0.9615316987037659,-0.004069704562425613,0.2915005385875702,-0.07706739753484726,0.9534524083137512,-0.23663651943206787,0.30149462819099426,-0.0035964392591267824,0.9236293435096741,-0.19570982456207275,0.3370029032230377,0.1137150377035141,0.9138903617858887,-0.13099722564220428,-0.029390735551714897,0.20137757062911987,0.9702695608139038,-0.12772873044013977,-0.031274572014808655,0.18920277059078217,0.973092794418335,-0.12772873044013977,-0.031274572014808655,0.18920277059078217,0.973092794418335,-0.006651580799371004,0.2492464929819107,-0.07417190074920654,0.9655725955963135
-0.15968601405620575,0.08079255372285843,0.6770354509353638,-0.0004803209158126265,0.2938535213470459,-0.07525554299354553,0.952883243560791,-1.5343977212905884,0.023734785616397858,-0.3070148527622223,1.6494100093841553,-0.44908589124679565,-0.05178319290280342,-1.5304518938064575,0.2810284495353699,0.4105578362941742,1.2125414609909058,-0.5034021735191345,-0.023108256980776787,-0.0,0.17058013379573822,0.6415565609931946,-0.10165873914957047,-0.70506751537323,0.18646617233753204,0.07341547310352325,-0.6290159225463867,0.2320011854171753,-0.84746915102005,-0.05751557648181915,-0.0,-0.5359366536140442,0.2861751317977905,-0.8909850716590881,0.5349686741828918,2.747152328491211,-0.22942779958248138,-6.193470478057861,-1.626579761505127,-1.6028048992156982,1.9280611276626587,-1.2824426889419556,0.5700620412826538,-5.984236717224121,1.439038634300232,0.6707462072372437,3.191188335418701,-0.6386500000953674,0.0710069015622139,0.0,-0.7308679223060608,2.207441806793213,2.154599905014038,0.6077974438667297,0.7209540605545044,-0.44548025727272034,-4.0780930519104,-0.8206048011779785,-2.0941293239593506,-0.9421725869178772,0.0,0.0,0.0,-0.0004803209158126265,0.2938535213470459,-0.07525554299354553,0.952883243560791,-0.0004803209158126265,0.2938535213470459,-0.07525554299354553,0.952883243560791,0.0019889764953404665,-0.42726051807403564,0.11733595281839371,0.8964802026748657,0.01262746937572956,-0.42583799362182617,0.12239804118871689,0.8963934779167175,0.07759184390306473,-0.4188997149467468,-0.016104521229863167,0.9045679569244385,0.06449361890554428,0.37992921471595764,0.046048060059547424,0.9216148257255554,0.07312766462564468,0.16518396139144897,0.0305318683385849,0.9830739498138428,0.04765264317393303,0.16433817148208618,0.0347980335354805,0.9846376180648804,0.04765264317393303,0.16433817148208618,0.0347980335354805,0.9846376180648804,-0.10338286310434341,-0.42572250962257385,-0.22479148209095,0.8703683614730835,0.019533149898052216,-0.4530091881752014,-0.16295254230499268,0.8762691617012024,-0.0732184574007988,-0.4474795162677765,0.01908768340945244,0.8910874128341675,-0.0710456594824791,0.1400185376405716,-0.0260345246642828,0.9872535467147827,-0.0752909705042839,-0.11027069389820099,-0.0075201308354735374,0.99101722240448,-0.0867360308766365,-0.1101764515042305,-0.008793682791292667,0.9900811314582825,-0.0867360308766365,-0.1101764515042305,-0.008793682791292667,0.9900811314582825,-0.0004803209158126265,0.2938535213470459,-0.07525554299354553,0.952883243560791,0.007491350639611483,0.37380072474479675,-0.06992591172456741,0.9248390197753906,0.2987158000469208,0.332685261964798,-0.1842203438282013,0.8753012418746948,0.2820482850074768,0.35019558668136597,-0.2274133265018463,0.8637679219245911,0.177931010723114,0.03733963891863823,-0.3290206789970398,0.926656186580658,0.16012001037597656,0.022268954664468765,-0.2437838762998581,0.9562609791755676,0.16012001037597656,0.022268954664468765,-0.2437838762998581,0.9562609791755676,0.001599240000359714,0.32855579257011414,-0.077418252825737,0.9413049221038818,-0.28967055678367615,0.3363889157772064,0.02801748551428318,0.8956274390220642,-0.249070405960083,0.37409764528274536,0.1291799396276474,0.8839272856712341,-0.16536490619182587,-0.015425772406160831,0.2432021200656891,0.9556512236595154,-0.1585291624069214,-0.020253103226423264,0.21670788526535034,0.9630659222602844,-0.1585291624069214,-0.020253103226423264,0.21670788526535034,0.9630659222602844,-0.0004803209158126265,0.2938535213470459,-0.07525554299354553,0.952883243560791
-0.21295274794101715,0.09279745072126389,0.6530457735061646,0.009751425124704838,0.33836629986763,-0.07214698195457458,0.9381939768791199,-1.7561167478561401,-0.04003634676337242,-0.33140361309051514,1.6887153387069702,-0.48459509015083313,-0.019493121653795242,-1.7441543340682983,0.3200726807117462,0.42367395758628845,1.2261168956756592,-0.5108853578567505,-0.02017280086874962,-0.0,0.12407711148262024,0.7223701477050781,-0.03667634353041649,-0.6986687183380127,0.20644745230674744,0.04663483053445816,-0.7880894541740417,0.2072581797838211,-0.9115419983863831,-0.07250328361988068,-0.0,-1.5980019569396973,0.3601468801498413,-0.7196902632713318,0.8406778573989868,2.75887131690979,-0.07030916959047318,-6.6515703201293945,-1.9131337404251099,-0.7316627502441406,1.1791597604751587,-1.0652759075164795,0.9687020778656006,-6.411072731018066,1.1713268756866455,0.39348360896110535,0.40726301074028015,-0.2244955152273178,0.08806367963552475,0.0,-1.3950905799865723,2.424407482147217,1.9494718313217163,0.19196389615535736,0.5994383692741394,-0.8034192323684692,-4.772205829620361,-0.7422901391983032,-1.9221853017807007,-0.4496311843395233,0.0,0.0,0.0,0.009751425124704838,0.33836629986763,-0.07214698195457458,0.9381939768791199,0.009751425124704838,0.33836629986763,-0.07214698195457458,0.9381939768791199,0.01999174989759922,-0.4831867218017578,0.1335274577140808,0.865044116973877,0.0026722969487309456,-0.48576271533966064,0.12382882833480835,0.8652709722518921,0.08275961875915527,-0.47866836190223694,-0.020589018240571022,0.8738440871238708,0.07036110758781433,0.33530038595199585,0.04819104075431824,0.9382433295249939,0.07986845821142197,0.10038983076810837,0.029901346191763878,0.9912864565849304,0.07020318508148193,0.10009363293647766,0.03087836690247059,0.9920178055763245,0.07020318508148193,0.10009363293647766,0.03087836690247059,0.9920178055763245,-0.11413951963186264,-0.4742846190929413,-0.23954059183597565,0.8394322991371155,0.02108597941696644,-0.5063957571983337,-0.16090044379234314,0.8468942046165466,-0.08585819602012634,-0.49950939416885376,0.02076100744307041,0.8617933392524719,-0.08216803520917892,0.08730664849281311,-0.03242010623216629,0.9922574758529663,-0.08769351989030838,-0.16624373197555542,-0.010606417432427406,0.9821203351020813,-0.09759494662284851,-0.16612829267978668,-0.012282650917768478,0.9811859130859375,-0.09759494662284851,-0.16612829267978668,-0.012282650917768478,0.9811859130859375,0.009751425124704838,0.33836629986763,-0.07214698195457458,0.9381939768791199,0.01551410648971796,0.3957294821739197,-0.06775246560573578,0.9157330989837646,0.33811771869659424,0.3462539315223694,-0.20322509109973907,0.8511663675308228,0.3319581151008606,0.3533638119697571,-0.2183786928653717,0.8469052910804749,0.22892539203166962,0.0500611886382103,-0.33645957708358765,0.9120756387710571,0.21040190756320953,0.028430186212062836,-0.24341870844364166,0.9463984966278076,0.21040190756320953,0.028430186212062836,-0.24341870844364166,0.9463984966278076,0.01093222014605999,0.36011970043182373,-0.07327396422624588,0.929959774017334,-0.34694159030914307,0.360653281211853,0.07060090452432632,0.8628883361816406,-0.3083052337169647,0.40014132857322693,0.1570528894662857,0.8486278057098389,-0.197801873087883,-0.0051609971560537815,0.3003886640071869,0.9330672025680542,-0.18955187499523163,-0.011900444515049458,0.2677132189273834,0.944594144821167,-0.18955187499523163,-0.011900444515049458,0.2677132189273834,0.944594144821167,0.009751425124704838,0.33836629986763,-0.07214698195457458,0.9381939768791199
-0.22607223689556122,0.1036476269364357,0.611068844795227,0.020129358395934105,0.37594175338745117,-0.06765134632587433,0.923951268196106,-2.0037038326263428,-0.10337069630622864,-0.32083117961883545,1.7378485202789307,-0.4926118850708008,0.02128400094807148,-1.9615046977996826,0.3569355607032776,0.4347854256629944,1.360607385635376,-0.4756276309490204,-0.0003340714902151376,-0.0,0.06998205929994583,0.840428352355957,0.015418989583849907,-0.7452862858772278,0.23875349760055542,0.00848409067839384,-0.9623457789421082,0.1727938950061798,-0.9849702715873718,-0.07912921160459518,-0.0,-0.39358463883399963,0.32550525665283203,-1.2593077421188354,0.8466976284980774,2.357469320297241,0.0027056557592004538,-7.4276123046875,-1.900030255317688,0.31717297434806824,1.473995327949524,-0.24050383269786835,1.2233136892318726,-6.520510673522949,1.1058863401412964,0.3333440124988556,4.034714698791504,1.0577317476272583,0.5951618552207947,0.0,-1.6228514909744263,3.541745901107788,1.5628598928451538,-1.398526906967163,0.9691812992095947,-1.1445220708847046,-5.227689266204834,-1.0339285135269165,-2.202848196029663,-0.19877782464027405,0.0,0.0,0.0,0.020129358395934105,0.37594175338745117,-0.06765134632587433,0.923951268196106,0.020129358395934105,0.37594175338745117,-0.06765134632587433,0.923951268196106,0.03776540607213974,-0.5537311434745789,0.1486377865076065,0.8184512257575989,-0.004568131640553474,-0.5606706738471985,0.11983225494623184,0.8193093538284302,0.08504558354616165,-0.5542018413543701,-0.012573301792144775,0.8279308080673218,0.06451095640659332,0.27441728115081787,0.05682583898305893,0.9577600359916687,0.07641945034265518,0.032611314207315445,0.03938155993819237,0.9957638382911682,0.08701184391975403,0.033028557896614075,0.039032287895679474,0.9948942065238953,0.08701184391975403,0.033028557896614075,0.039032287895679474,0.9948942065238953,-0.12394613027572632,-0.5280644297599792,-0.252498984336853,0.8012675046920776,0.02026504836976528,-0.5645012259483337,-0.15474551916122437,0.810543954372406,-0.10196605324745178,-0.5555854439735413,0.02371843159198761,0.8248425126075745,-0.09418613463640213,0.0869479849934578,-0.045701343566179276,0.990696907043457,-0.10230154544115067,-0.1488860696554184,-0.022226862609386444,0.9832971692085266,-0.10246579349040985,-0.14888235926628113,-0.022251730784773827,0.9832800626754761,-0.10246579349040985,-0.14888235926628113,-0.022251730784773827,0.9832800626754761,0.020129358395934105,0.37594175338745117,-0.06765134632587433,0.923951268196106,0.02330489084124565,0.4079270362854004,-0.06487751007080078,0.9104083180427551,0.3926839530467987,0.34597086906433105,-0.22564955055713654,0.8216968774795532,0.39522498846054077,0.34254133701324463,-0.21951067447662354,0.8235761523246765,0.27968981862068176,0.029033496975898743,-0.3665451109409332,0.8868908286094666,0.2556798458099365,-0.0008035134524106979,-0.2623061537742615,0.9304959177970886,0.2556798458099365,-0.0008035134524106979,-0.2623061537742615,0.9304959177970886,0.02031545341014862,0.3798554241657257,-0.06781161576509476,0.922333300113678,-0.4088648855686188,0.3681083917617798,0.11569259315729141,0.8270072340965271,-0.3762654960155487,0.40642738342285156,0.18426698446273804,0.811964750289917,-0.23357772827148438,-0.014090768992900848,0.36455121636390686,0.9013019800186157,-0.22430168092250824,-0.022194867953658104,0.330209344625473,0.916601300239563,-0.22430168092250824,-0.022194867953658104,0.330209344625473,0.916601300239563,0.020129358395934105,0.37594175338745117,-0.06765134632587433,0.923951268196106
-0.23552760481834412,0.11777769774198532,0.573508083820343,0.023726310580968857,0.40045401453971863,-0.07220607250928879,0.9131593108177185,-2.191145896911621,-0.14050891995429993,-0.28900107741355896,1.7689847946166992,-0.5024378299713135,0.036939289420843124,-2.132897138595581,0.37265270948410034,0.41973593831062317,1.4562358856201172,-0.4659549295902252,0.003915858920663595,-0.0,-0.005970911588519812,0.9495939612388611,0.06665543466806412,-0.7780343890190125,0.2405133992433548,-0.020793933421373367,-1.1470484733581543,0.15270943939685822,-1.0472160577774048,-0.07048197090625763,-0.0,-0.28366103768348694,0.42390209436416626,-1.126822829246521,0.20922334492206573,1.5934170484542847,-0.3478793799877167,-5.623261451721191,-1.1141467094421387,0.9549030065536499,0.9340881705284119,-0.29477831721305847,0.46965864300727844,-5.141772747039795,0.47151443362236023,-0.4514845907688141,2.8688547611236572,0.2901810109615326,0.12749791145324707,0.0,-2.2785890102386475,3.274968147277832,1.537093162536621,-0.9824430346488953,0.052797045558691025,-0.8783407211303711,-5.541080474853516,-0.6025336384773254,-1.8673734664916992,0.25941720604896545,0.0,0.0,0.0,0.023726310580968857,0.40045401453971863,-0.07220607250928879,0.9131593108177185,0.023726310580968857,0.40045401453971863,-0.07220607250928879,0.9131593108177185,0.040998674929142,-0.6065431237220764,0.15673860907554626,0.7783685326576233,-0.01374134887009859,-0.6160494089126587,0.11377464979887009,0.7793263792991638,0.07511186599731445,-0.6116076707839966,0.00036729418206959963,0.7875875234603882,0.04731292277574539,0.22170762717723846,0.058338794857263565,0.9722159504890442,0.06032991409301758,-0.02692984975874424,0.0447462759912014,0.9968113303184509,0.07872933149337769,-0.02609885483980179,0.045235998928546906,0.9955271482467651,0.07872933149337769,-0.02609885483980179,0.045235998928546906,0.9955271482467651,-0.14033646881580353,-0.5733305215835571,-0.261872798204422,0.7635577321052551,0.003541703335940838,-0.6119189262390137,-0.15113063156604767,0.7763389945030212,-0.12401754409074783,-0.5992302894592285,0.013920711353421211,0.7907900214195251,-0.10183394700288773,0.07896150648593903,-0.07213864475488663,0.9890353679656982,-0.11573778092861176,-0.1515158712863922,-0.046678729355335236,0.980545163154602,-0.1138177216053009,-0.1516069769859314,-0.046381980180740356,0.9807698726654053,-0.1138177216053009,-0.1516069769859314,-0.046381980180740356,0.9807698726654053,0.023726310580968857,0.40045401453971863,-0.07220607250928879,0.9131593108177185,0.023435993120074272,0.3977358639240265,-0.07244762778282166,0.9143348932266235,0.43883904814720154,0.3206205368041992,-0.24626195430755615,0.8024823069572449,0.44874247908592224,0.3041692078113556,-0.22035638988018036,0.8108972311019897,0.32371899485588074,-0.014589125290513039,-0.3927551507949829,0.8606605529785156,0.2945804297924042,-0.04860967397689819,-0.29206109046936035,0.9086031913757324,0.2945804297924042,-0.04860967397689819,-0.29206109046936035,0.9086031913757324,0.02323722466826439,0.39094170928001404,-0.07185222953557968,0.9173123240470886,-0.4782106280326843,0.36737537384033203,0.15176786482334137,0.7831452488899231,-0.44957593083381653,0.4064622223377228,0.20865604281425476,0.7675497531890869,-0.2735030949115753,-0.017187077552080154,0.42969900369644165,0.8603833317756653,-0.26529452204704285,-0.025193942710757256,0.40061143040657043,0.8766382336616516,-0.26529452204704285,-0.025193942710757256,0.40061143040657043,0.8766382336616516,0.023726310580968857,0.40045401453971863,-0.07220607250928879,0.9131593108177185
-0.2769573926925659,0.14089491963386536,0.5406764149665833,0.02341545931994915,0.41379037499427795,-0.08414645493030548,0.906172513961792,-2.340266227722168,-0.16392795741558075,-0.259706050157547,1.7992432117462158,-0.4935499131679535,0.048696525394916534,-2.2751779556274414,0.37954196333885193,0.39306890964508057,1.4426360130310059,-0.4474962651729584,-0.0007936421316117048,-0.0,-0.08235428482294083,1.042459487915039,0.0959189310669899,-0.8403437733650208,0.2365659922361374,-0.03322742134332657,-1.326277256011963,0.11747007817029953,-1.125130534172058,-0.056844569742679596,-0.0,-1.2428935766220093,0.6935166120529175,-0.9849500060081482,-0.23621615767478943,0.9169679880142212,-0.6580638885498047,-4.473609924316406,-0.7025710940361023,0.8788507580757141,0.9077524542808533,0.26663750410079956,0.3527170717716217,-4.2684245109558105,0.2066776007413864,-0.8000108003616333,-0.40799614787101746,0.5537599325180054,-0.1412850171327591,0.0,-2.291501045227051,2.78596568107605,0.8779048323631287,-1.8692814111709595,-0.11842220276594162,-0.37300461530685425,-5.3768630027771,-1.0571807622909546,-2.3374340534210205,0.4091220200061798,0.0,0.0,0.0,0.02341545931994915,0.41379037499427795,-0.08414645493030548,0.906172513961792,0.02341545931994915,0.41379037499427795,-0.08414645493030548,0.906172513961792,0.03290558233857155,-0.6501643657684326,0.16231416165828705,0.7415238618850708,-0.027915101498365402,-0.6612706780433655,0.10853884369134903,0.7417284846305847,0.05794680491089821,-0.6593180894851685,0.011579805985093117,0.7495383620262146,0.026969434693455696,0.17692312598228455,0.05257921293377876,0.9824491143226624,0.038996342569589615,-0.06842730939388275,0.04439830407500267,0.9959045052528381,0.06323093175888062,-0.06732611358165741,0.046051062643527985,0.9946599006652832,0.06323093175888062,-0.06732611358165741,0.046051062643527985,0.9946599006652832,-0.1611451804637909,-0.6152360439300537,-0.2687208652496338,0.7233988642692566,-0.021794592961668968,-0.6548808813095093,-0.14784221351146698,0.7408095002174377,-0.1492547243833542,-0.6380180716514587,-0.000337024248437956,0.7554177045822144,-0.11185818165540695,0.019748220220208168,-0.09881716966629028,0.9886015057563782,-0.1309959888458252,-0.20010076463222504,-0.071534164249897,0.9683400988578796,-0.13138023018836975,-0.20007236301898956,-0.07161356508731842,0.9682880640029907,-0.13138023018836975,-0.20007236301898956,-0.07161356508731842,0.9682880640029907,0.02341545931994915,0.41379037499427795,-0.08414645493030548,0.906172513961792,0.0188689436763525,0.37627071142196655,-0.08737941831350327,0.9221871495246887,0.47556358575820923,0.28279444575309753,-0.26313894987106323,0.7903319001197815,0.4877552092075348,0.25733569264411926,-0.22645364701747894,0.8028648495674133,0.345653235912323,-0.07915525138378143,-0.42560896277427673,0.832535445690155,0.3099215626716614,-0.11365529149770737,-0.3314078748226166,0.8838551640510559,0.3099215626716614,-0.11365529149770737,-0.3314078748226166,0.8838551640510559,0.02244870737195015,0.3986843526363373,-0.08357781171798706,0.9129959344863892,-0.5443431735038757,0.36563873291015625,0.1795627623796463,0.7333185076713562,-0.5226452350616455,0.3996017277240753,0.22020851075649261,0.7201864719390869,-0.31254643201828003,-0.028155529871582985,0.489177405834198,0.8137735724449158,-0.30581241846084595,-0.035247284919023514,0.46716058254241943,0.8288530707359314,-0.30581241846084595,-0.035247284919023514,0.46716058254241943,0.8288530707359314,0.02341545931994915,0.41379037499427795,-0.08414645493030548,0.906172513961792
-0.2786584496498108,0.16140463948249817,0.5070692300796509,0.026735277846455574,0.41762039065361023,-0.09751799702644348,0.902977705001831,-2.454418420791626,-0.18785183131694794,-0.24404683709144592,1.8290668725967407,-0.4803154468536377,0.04478127881884575,-2.3863868713378906,0.3715362846851349,0.38236430287361145,1.5077944993972778,-0.4476301372051239,-0.015707368031144142,-0.0,-0.15203136205673218,1.122496485710144,0.1045917272567749,-0.9062867760658264,0.22627289593219757,-0.04286941885948181,-1.473035216331482,0.05994439870119095,-1.1981765031814575,-0.05468131974339485,-0.0,-0.05103170499205589,0.6152915358543396,-1.0082155466079712,-0.1276603788137436,0.28959351778030396,-0.8202162981033325,-3.424565553665161,-0.7177161574363708,0.46977636218070984,0.8947097659111023,0.3970339596271515,-0.11745738983154297,-3.3362672328948975,-0.24017034471035004,-0.3211381733417511,1.9547544717788696,-0.00401616096496582,-0.44741174578666687,0.0,-2.0903122425079346,2.4011096954345703,0.2601838707923889,-1.9782899618148804,-0.3087928593158722,-0.2892599105834961,-4.402738571166992,-1.7257702350616455,-2.1913790702819824,0.06489749997854233,0.0,0.0,0.0,0.026735277846455574,0.41762039065361023,-0.09751799702644348,0.902977705001831,0.026735277846455574,0.41762039065361023,-0.09751799702644348,0.902977705001831,0.022087136283516884,-0.6870636343955994,0.16288258135318756,0.7077605128288269,-0.044389575719833374,-0.6993116140365601,0.09772638976573944,0.7067123651504517,0.04106127843260765,-0.6995149254798889,0.010978118516504765,0.7133528590202332,0.016356240957975388,0.13835754990577698,0.039230361580848694,0.9894698858261108,0.025217993184924126,-0.10096442699432373,0.03421403840184212,0.9939817190170288,0.047465696930885315,-0.10017310827970505,0.03646593168377876,0.9931679368019104,0.047465696930885315,-0.10017310827970505,0.03646593168377876,0.9931679368019104,-0.17817547917366028,-0.6503573060035706,-0.2772025167942047,0.684432327747345,-0.048694219440221786,-0.6903674602508545,-0.15231117606163025,0.7055656909942627,-0.17899039387702942,-0.6685363054275513,-0.015464767813682556,0.721652626991272,-0.11990339308977127,0.006579632870852947,-0.1337904930114746,0.9837072491645813,-0.14660769701004028,-0.21191942691802979,-0.10384077578783035,0.960631787776947,-0.15414759516716003,-0.2110973745584488,-0.10550190508365631,0.9594507813453674,-0.15414759516716003,-0.2110973745584488,-0.10550190508365631,0.9594507813453674,0.026735277846455574,0.41762039065361023,-0.09751799702644348,0.902977705001831,0.017275506630539894,0.3481028079986572,-0.10356855392456055,0.9315575957298279,0.5104406476020813,0.23957715928554535,-0.27295565605163574,0.7794538736343384,0.5213451981544495,0.21006172895431519,-0.23359496891498566,0.7934145331382751,0.35994255542755127,-0.14319078624248505,-0.4593740403652191,0.7993204593658447,0.31929120421409607,-0.17633138597011566,-0.3744695782661438,0.8524863123893738,0.31929120421409607,-0.17633138597011566,-0.3744695782661438,0.8524863123893738,0.025205183774232864,0.398173063993454,-0.09685225784778595,0.911834716796875,-0.593818187713623,0.36002832651138306,0.19570837914943695,0.6924289464950562,-0.5831518173217773,0.37892982363700867,0.2152126580476761,0.6855871081352234,-0.3481162190437317,-0.05257513001561165,0.5307731628417969,0.7709285616874695,-0.34116023778915405,-0.06001938879489899,0.5109308362007141,0.7867382168769836,-0.34116023778915405,-0.06001938879489899,0.5109308362007141,0.7867382168769836,0.026735277846455574,0.41762039065361023,-0.09751799702644348,0.902977705001831
-0.2833382189273834,0.17628315091133118,0.4773154854774475,0.03109566867351532,0.4142739176750183,-0.10884623229503632,0.9030851125717163,-2.552947759628296,-0.18812532722949982,-0.22195784747600555,1.867944359779358,-0.44660842418670654,0.05196230858564377,-2.470953941345215,0.37592217326164246,0.3827258348464966,1.5580692291259766,-0.4404289722442627,-0.025038890540599823,-0.0,-0.18927006423473358,1.210782527923584,0.06005639582872391,-1.0045138597488403,0.21420463919639587,-0.05080138519406319,-1.596560001373291,0.01630893163383007,-1.2876724004745483,-0.047106947749853134,-0.0,-0.14039307832717896,0.44635531306266785,-0.8926122784614563,-0.0673685297369957,-0.1913449913263321,-0.7277668118476868,-2.9558799266815186,-0.008204877376556396,0.6626696586608887,1.166324496269226,1.0112106800079346,0.21543088555335999,-2.5370118618011475,0.13157665729522705,0.01084595825523138,1.5082417726516724,0.216034933924675,-0.2799456715583801,0.0,-1.1171610355377197,2.648581027984619,-1.3360599279403687,-2.946812391281128,-0.3620476722717285,-0.23795898258686066,-3.7057433128356934,-1.3090639114379883,-2.6848766803741455,0.22723114490509033,0.0,0.0,0.0,0.03109566867351532,0.4142739176750183,-0.10884623229503632,0.9030851125717163,0.03109566867351532,0.4142739176750183,-0.10884623229503632,0.9030851125717163,0.011015505529940128,-0.7223275303840637,0.16336476802825928,0.6718880534172058,-0.05213961377739906,-0.7344782948493958,0.09479869157075882,0.6699524521827698,0.029525533318519592,-0.7357344031333923,0.02001742646098137,0.6763300895690918,0.0014634368708357215,0.10626064240932465,0.03564145043492317,0.993698239326477,0.00932000670582056,-0.11643515527248383,0.03443242609500885,0.9925575256347656,0.0351017490029335,-0.11550136655569077,0.037445586174726486,0.9919804334640503,0.0351017490029335,-0.11550136655569077,0.037445586174726486,0.9919804334640503,-0.1902993619441986,-0.6798046231269836,-0.2848990857601166,0.6484476327896118,-0.06578115373849869,-0.7210665941238403,-0.15285545587539673,0.6725853085517883,-0.20172517001628876,-0.6953927874565125,-0.022141434252262115,0.6893805265426636,-0.12798963487148285,-0.010482259094715118,-0.15748631954193115,0.9791357517242432,-0.15929989516735077,-0.22411049902439117,-0.12572519481182098,0.9532005190849304,-0.17122064530849457,-0.22251896560192108,-0.12852101027965546,0.9511315226554871,-0.17122064530849457,-0.22251896560192108,-0.12852101027965546,0.9511315226554871,0.03109566867351532,0.4142739176750183,-0.10884623229503632,0.9030851125717163,0.018233496695756912,0.3274371325969696,-0.1166500523686409,0.9374674558639526,0.5484906435012817,0.20286117494106293,-0.28225812315940857,0.7604838609695435,0.5537897348403931,0.18490058183670044,-0.2603776454925537,0.7689812779426575,0.35369783639907837,-0.1903095692396164,-0.517297089099884,0.7557008862495422,0.31106698513031006,-0.21919658780097961,-0.4423052668571472,0.8121306896209717,0.31106698513031006,-0.21919658780097961,-0.4423052668571472,0.8121306896209717,0.028987286612391472,0.39119940996170044,-0.1081591248512268,0.9134683012962341,-0.6339550614356995,0.3504924178123474,0.20467156171798706,0.6583051085472107,-0.6311863660812378,0.3559771478176117,0.2096976339817047,0.6564380526542664,-0.36685261130332947,-0.08510256558656693,0.5711718201637268,0.7293418049812317,-0.3602750897407532,-0.09167429059743881,0.5552364587783813,0.7439826130867004,-0.3602750897407532,-0.09167429059743881,0.5552364587783813,0.7439826130867004,0.03109566867351532,0.4142739176750183,-0.10884623229503632,0.9030851125717163
-0.29391342401504517,0.19382590055465698,0.44625142216682434,0.0351458378136158,0.3996351659297943,-0.123558409512043,0.9076286554336548,-2.625290870666504,-0.19672122597694397,-0.21058838069438934,1.8019770383834839,-0.41599395871162415,0.04527025669813156,-2.5368242263793945,0.3789980411529541,0.38407599925994873,1.5873804092407227,-0.4072338938713074,-0.008753015659749508,-0.0,-0.253057062625885,1.269113540649414,0.0585407093167305,-1.054865837097168,0.19869953393936157,-0.043197594583034515,-1.6994117498397827,-0.0287381112575531,-1.359251856803894,-0.02172389253973961,-0.0,-0.3172561228275299,0.5262824892997742,-0.9319218397140503,-0.25033238530158997,-0.9052107930183411,-0.8955627679824829,-2.1702933311462402,-0.2578769624233246,0.34108397364616394,-1.9790195226669312,0.9184339046478271,-0.20076154172420502,-1.976108431816101,0.09227602928876877,0.040504928678274155,0.879335343837738,0.9958522915840149,0.488576203584671,0.0,-1.9136098623275757,1.7499302625656128,-0.04547059163451195,-1.5105592012405396,-0.46515312790870667,0.22811371088027954,-3.085552215576172,-1.35141122341156,-2.147383689880371,0.761491596698761,0.0,0.0,0.0,0.0351458378136158,0.3996351659297943,-0.123558409512043,0.9076286554336548,0.0351458378136158,0.3996351659297943,-0.123558409512043,0.9076286554336548,-0.006415244657546282,-0.7544221878051758,0.1627604365348816,0.6358577013015747,-0.06882678717374802,-0.7667590975761414,0.08788790553808212,0.6321542859077454,0.012140573002398014,-0.7697462439537048,0.020961903035640717,0.6378902196884155,-0.008895598351955414,0.022182641550898552,0.022531382739543915,0.9994603991508484,-0.0040511260740458965,-0.18468451499938965,0.023882698267698288,0.9824993014335632,0.018187010660767555,-0.18409666419029236,0.02805658057332039,0.9823392629623413,0.018187010660767555,-0.18409666419029236,0.02805658057332039,0.9823392629623413,-0.20220732688903809,-0.709231436252594,-0.2934567332267761,0.6082648634910583,-0.08401058614253998,-0.7518128156661987,-0.15460775792598724,0.6354653239250183,-0.22595711052417755,-0.7219582200050354,-0.030480850487947464,0.6532921195030212,-0.13671426475048065,-0.04048909619450569,-0.18246892094612122,0.9728180170059204,-0.1707875281572342,-0.23636898398399353,-0.1510540246963501,0.9445337653160095,-0.17491963505744934,-0.23570562899112701,-0.1520870327949524,0.9437772631645203,-0.17491963505744934,-0.23570562899112701,-0.1520870327949524,0.9437772631645203,0.0351458378136158,0.3996351659297943,-0.123558409512043,0.9076286554336548,0.016137098893523216,0.282410204410553,-0.13418874144554138,0.9497249126434326,0.5760123133659363,0.14788484573364258,-0.27548542618751526,0.7552798986434937,0.579578697681427,0.1296088993549347,-0.25436562299728394,0.7632746696472168,0.3678983151912689,-0.2527446448802948,-0.5348818898200989,0.717406690120697,0.323080837726593,-0.28007635474205017,-0.4705319106578827,0.7718650698661804,0.323080837726593,-0.28007635474205017,-0.4705319106578827,0.7718650698661804,0.03301634639501572,0.3799308240413666,-0.1230563074350357,0.9161984920501709,-0.666346549987793,0.3432577848434448,0.2041185349225998,0.629676103591919,-0.6710159778594971,0.33309870958328247,0.19566896557807922,0.6328479051589966,-0.38712453842163086,-0.11172731965780258,0.5986390113830566,0.6923026442527771,-0.3839011788368225,-0.11488809436559677,0.5917953252792358,0.6994275450706482,-0.3839011788368225,-0.11488809436559677,0.5917953252792358,0.6994275450706482,0.0351458378136158,0.3996351659297943,-0.123558409512043,0.9076286554336548
-0.3150176405906677,0.21709738671779633,0.4224465787410736,0.03423568978905678,0.3693549633026123,-0.14237475395202637,0.917678713798523,-2.6726341247558594,-0.1847546100616455,-0.19714447855949402,1.8342005014419556,-0.39322629570961,0.042963676154613495,-2.576136350631714,0.3751157224178314,0.3798496127128601,1.5846306085586548,-0.3557196855545044,0.010391979478299618,-0.0,-0.30678626894950867,1.3107879161834717,0.02048705890774727,-1.1515610218048096,0.1812201291322708,-0.0395028181374073,-1.790337085723877,-0.08721712231636047,-1.4467477798461914,-0.0028729818295687437,-0.0,-0.633126437664032,0.6981445550918579,-0.7141452431678772,-0.746591329574585,-1.8439677953720093,-0.9924459457397461,-1.4202975034713745,0.35899844765663147,0.40331703424453735,0.9667038321495056,0.68302983045578,-0.06919741630554199,-1.1793636083602905,-0.11646955460309982,-0.1267915964126587,-0.08249401301145554,1.5454261302947998,0.5743498206138611,0.0,-1.611876130104065,1.250231146812439,-1.1416094303131104,-2.900855302810669,-0.5243821144104004,0.11084328591823578,-2.727759838104248,-1.7543702125549316,-2.624877452850342,0.5655273199081421,0.0,0.0,0.0,0.03423568978905678,0.3693549633026123,-0.14237475395202637,0.917678713798523,0.03423568978905678,0.3693549633026123,-0.14237475395202637,0.917678713798523,-0.03282586485147476,-0.7849571108818054,0.16577015817165375,0.5960578918457031,-0.08766984194517136,-0.7969018816947937,0.09265421330928802,0.5904883742332458,-0.008819010108709335,-0.8016613125801086,0.034092891961336136,0.5967403650283813,-0.032427411526441574,-0.013792737387120724,0.01373183261603117,0.999284565448761,-0.02912016212940216,-0.2087361067533493,0.019801931455731392,0.9773377776145935,-0.008120045997202396,-0.2082625925540924,0.024281052872538567,0.9777377843856812,-0.008120045997202396,-0.2082625925540924,0.024281052872538567,0.9777377843856812,-0.21431323885917664,-0.7396668791770935,-0.2995583415031433,0.5632295608520508,-0.1055348664522171,-0.7825506925582886,-0.15638644993305206,0.5933127999305725,-0.2513710558414459,-0.7485557794570923,-0.04156579449772835,0.6121675372123718,-0.146918386220932,-0.08978329598903656,-0.20815886557102203,0.9628207683563232,-0.1814289093017578,-0.25871261954307556,-0.17888174951076508,0.9317470788955688,-0.1765851229429245,-0.25963860750198364,-0.1775350719690323,0.9326772093772888,-0.1765851229429245,-0.25963860750198364,-0.1775350719690323,0.9326772093772888,0.03423568978905678,0.3693549633026123,-0.14237475395202637,0.917678713798523,0.008579293265938759,0.22540901601314545,-0.15472783148288727,0.9618609547615051,0.5930286645889282,0.08440382778644562,-0.26004984974861145,0.7573421001434326,0.5936931371688843,0.07784958183765411,-0.25267529487609863,0.7600151896476746,0.35687410831451416,-0.32702770829200745,-0.5604299902915955,0.6720207929611206,0.31036636233329773,-0.35003426671028137,-0.5072165727615356,0.7237955927848816,0.31036636233329773,-0.35003426671028137,-0.5072165727615356,0.7237955927848816,0.031880687922239304,0.3511519730091095,-0.14188377559185028,0.924956738948822,-0.7018193602561951,0.33031994104385376,0.18527665734291077,0.6033331751823425,-0.715016782283783,0.2978191077709198,0.16077138483524323,0.6117249131202698,-0.4184781312942505,-0.15144503116607666,0.6188184022903442,0.6473053693771362,-0.4180108904838562,-0.15189743041992188,0.6179953813552856,0.6482868194580078,-0.4180108904838562,-0.15189743041992188,0.6179953813552856,0.6482868194580078,0.03423568978905678,0.3693549633026123,-0.14237475395202637,0.917678713798523
-0.41815662384033203,0.22954589128494263,0.38286614418029785,0.036948416382074356,0.3325406014919281,-0.1565382033586502,0.929272472858429,-2.699680805206299,-0.16246072947978973,-0.18321575224399567,1.652018666267395,-0.3580736517906189,0.04066121578216553,-2.5973756313323975,0.36776304244995117,0.3846527636051178,1.571104884147644,-0.3373911380767822,0.0007419909816235304,-0.0,-0.3495601415634155,1.337152361869812,-0.020178698003292084,-1.25321626663208,0.16346922516822815,-0.02189614437520504,-1.8833208084106445,-0.14087635278701782,-1.512163758277893,0.036644160747528076,-0.0,-3.0941693782806396,0.37345510721206665,-1.187412977218628,-0.5029594302177429,-2.2786827087402344,-0.8167808055877686,-0.8114003539085388,0.6688163876533508,0.4178617596626282,-5.465454578399658,1.054579257965088,-0.06907381117343903,-0.637178361415863,-0.22058038413524628,0.14409451186656952,-0.4057717025279999,0.549856424331665,-0.2894996404647827,0.0,-1.283216118812561,0.7909333109855652,-1.2199726104736328,-3.049657106399536,-0.5325270891189575,0.5282002091407776,-2.7895114421844482,-1.6097768545150757,-1.9624792337417603,1.185514211654663,0.0,0.0,0.0,0.036948416382074356,0.3325406014919281,-0.1565382033586502,0.929272472858429,0.036948416382074356,0.3325406014919281,-0.1565382033586502,0.929272472858429,-0.05545520782470703,-0.8122360706329346,0.1655370146036148,0.5565921068191528,-0.10043482482433319,-0.8229897022247314,0.0990854799747467,0.55025714635849,-0.024726765230298042,-0.828726589679718,0.04833259806036949,0.5570141673088074,-0.05229586735367775,-0.15218867361545563,0.014580653980374336,0.9868592619895935,-0.048863399773836136,-0.3254977762699127,0.023660538718104362,0.9439828991889954,-0.029662879183888435,-0.3249495327472687,0.03027275949716568,0.9447811841964722,-0.029662879183888435,-0.3249495327472687,0.03027275949716568,0.9447811841964722,-0.21861164271831512,-0.7659963369369507,-0.30811193585395813,0.5201207399368286,-0.11982361227273941,-0.8094200491905212,-0.16285744309425354,0.551324725151062,-0.2723292112350464,-0.7715926766395569,-0.0544729009270668,0.5722885727882385,-0.1540120244026184,-0.1407826989889145,-0.23110775649547577,0.9502893090248108,-0.19062797725200653,-0.298334538936615,-0.20196901261806488,0.9131626486778259,-0.1902891844511032,-0.29840946197509766,-0.2018583118915558,0.9132332801818848,-0.1902891844511032,-0.29840946197509766,-0.2018583118915558,0.9132332801818848,0.036948416382074356,0.3325406014919281,-0.1565382033586502,0.929272472858429,0.0055876015685498714,0.1666039377450943,-0.1707121878862381,0.9711175560951233,0.6063506007194519,0.024915704503655434,-0.23723138868808746,0.7585772275924683,0.6062191724777222,0.031500592827796936,-0.2444734275341034,0.7561340928077698,0.3456064760684967,-0.39428818225860596,-0.5806093215942383,0.6228851079940796,0.29921790957450867,-0.4134417474269867,-0.5377647280693054,0.6710765361785889,0.29921790957450867,-0.4134417474269867,-0.5377647280693054,0.6710765361785889,0.03546442463994026,0.32234179973602295,-0.15629372000694275,0.9329578280448914,-0.733461320400238,0.3160500228404999,0.16865457594394684,0.5776699185371399,-0.753096878528595,0.2611943483352661,0.1309015303850174,0.5894805788993835,-0.4481193423271179,-0.1814045011997223,0.6367774605751038,0.600662887096405,-0.45436951518058777,-0.1751963198184967,0.6461747884750366,0.5876331925392151,-0.45436951518058777,-0.1751963198184967,0.6461747884750366,0.5876331925392151,0.036948416382074356,0.3325406014919281,-0.1565382033586502,0.929272472858429
-0.5492221713066101,0.2368292212486267,0.2941269874572754,0.04405243694782257,0.29151782393455505,-0.1708049476146698,0.940160870552063,-2.7113869190216064,-0.12742014229297638,-0.16163018345832825,1.3471195697784424,-0.29436129331588745,0.02937588281929493,-2.604560136795044,0.35439929366111755,0.3850642740726471,1.3290376663208008,-0.3387463390827179,-0.015536798164248466,-0.0,-0.3865850269794464,1.3563061952590942,-0.0573837049305439,-1.3430702686309814,0.14044569432735443,-0.009165583178400993,-1.9453926086425781,-0.19303886592388153,-1.5588090419769287,0.078152596950531,-0.0,-3.9319663047790527,0.21849988400936127,-2.6621744632720947,-0.29810065031051636,-2.5404956340789795,-0.9261979460716248,-0.35118338465690613,1.0512175559997559,0.6475670337677002,-9.14697265625,1.9113706350326538,-0.33855998516082764,-0.21553514897823334,-0.40091243386268616,0.012345313094556332,-7.262016296386719,-0.04065602645277977,-0.4883636236190796,0.0,-1.1107465028762817,0.574614942073822,-1.116150140762329,-2.695619821548462,-0.6907058954238892,0.3819168210029602,-1.8621538877487183,-1.5648753643035889,-1.3993583917617798,1.2452529668807983,0.0,0.0,0.0,0.04405243694782257,0.29151782393455505,-0.1708049476146698,0.940160870552063,0.04405243694782257,0.29151782393455505,-0.1708049476146698,0.940160870552063,-0.07806829363107681,-0.836112380027771,0.15969501435756683,0.5189594626426697,-0.11095049232244492,-0.8445833921432495,0.10613827407360077,0.5129362344741821,-0.0424075685441494,-0.8507835865020752,0.06438398361206055,0.5198303461074829,-0.07330696284770966,-0.34072187542915344,0.023870252072811127,0.9369978308677673,-0.06901383399963379,-0.4744487404823303,0.034362632781267166,0.8769006133079529,-0.05612698569893837,-0.47389286756515503,0.041327349841594696,0.8778196573257446,-0.05612698569893837,-0.47389286756515503,0.041327349841594696,0.8778196573257446,-0.2201322317123413,-0.7872504591941833,-0.3209531605243683,0.47829651832580566,-0.1323740929365158,-0.8314986824989319,-0.17715579271316528,0.5096105337142944,-0.28903117775917053,-0.7908058762550354,-0.07637111097574234,0.5340922474861145,-0.18043272197246552,-0.29316893219947815,-0.23836025595664978,0.9081191420555115,-0.2180299162864685,-0.4420505166053772,-0.20453491806983948,0.8457066416740417,-0.22459305822849274,-0.4404482841491699,-0.2079627364873886,0.8439874053001404,-0.22459305822849274,-0.4404482841491699,-0.2079627364873886,0.8439874053001404,0.04405243694782257,0.29151782393455505,-0.1708049476146698,0.940160870552063,0.006970523856580257,0.10638006031513214,-0.18740923702716827,0.9764796495437622,0.6180284023284912,-0.03473065048456192,-0.21267986297607422,0.7560436129570007,0.6191515922546387,-0.015659263357520103,-0.23312534391880035,0.7497057318687439,0.3392936885356903,-0.4532061517238617,-0.5962949395179749,0.5691365003585815,0.2962948679924011,-0.46877947449684143,-0.5642064809799194,0.6116585731506348,0.2962948679924011,-0.46877947449684143,-0.5642064809799194,0.6116585731506348,0.043354641646146774,0.28720203042030334,-0.17073409259319305,0.9415334463119507,-0.7536779046058655,0.3028116524219513,0.1412099301815033,0.5659809708595276,-0.7784398198127747,0.22548907995224,0.09067753702402115,0.5787605047225952,-0.4812788665294647,-0.21140259504318237,0.6365251541137695,0.564371645450592,-0.495236337184906,-0.19689129292964935,0.6545913815498352,0.5361761450767517,-0.495236337184906,-0.19689129292964935,0.6545913815498352,0.5361761450767517,0.04405243694782257,0.29151782393455505,-0.1708049476146698,0.940160870552063
-0.5886610150337219,0.2405848205089569,0.24283723533153534,0.0540214441716671,0.2520240247249603,-0.18460199236869812,0.9484132528305054,-2.701323986053467,-0.08305073529481888,-0.15236158668994904,1.2721339464187622,-0.27478814125061035,0.03296010196208954,-2.5776593685150146,0.3568706810474396,0.4022883474826813,1.153812050819397,-0.40353822708129883,-0.042343467473983765,-0.0,-0.4293471574783325,1.3491156101226807,-0.10095419734716415,-1.4406367540359497,0.11818929761648178,0.011447474360466003,-1.9678725004196167,-0.23928098380565643,-1.60845148563385,0.11873787641525269,-0.0,-1.183165192604065,0.11266797035932541,-1.5386924743652344,-0.10556700825691223,-2.4386515617370605,-0.9727810025215149,0.30188795924186707,1.3310821056365967,0.27805790305137634,-2.2495687007904053,0.5871945023536682,0.10752657055854797,0.8070229887962341,0.07414161413908005,0.5167222023010254,-5.256768226623535,-1.9437565803527832,-0.8042000532150269,0.0,-1.2828638553619385,-0.21571753919124603,-1.3071147203445435,-2.9269943237304688,-0.6676918864250183,0.6183916926383972,-0.6743966937065125,-1.3872634172439575,-1.489273190498352,1.2175582647323608,0.0,0.0,0.0,0.0540214441716671,0.2520240247249603,-0.18460199236869812,0.9484132528305054,0.0540214441716671,0.2520240247249603,-0.18460199236869812,0.9484132528305054,-0.09855816513299942,-0.852601945400238,0.14831243455410004,0.491283655166626,-0.11886807531118393,-0.8580239415168762,0.11279013752937317,0.4867686331272125,-0.053221579641103745,-0.8645820617675781,0.0754164457321167,0.49394097924232483,-0.08761357516050339,-0.4020841419696808,0.029052335768938065,0.9109380841255188,-0.08280885964632034,-0.5230591297149658,0.040778301656246185,0.8472833037376404,-0.06883496791124344,-0.5223160982131958,0.04939241707324982,0.8485328555107117,-0.06883496791124344,-0.5223160982131958,0.04939241707324982,0.8485328555107117,-0.21889182925224304,-0.7963661551475525,-0.33725854754447937,0.4518229067325592,-0.13522236049175262,-0.8435819745063782,-0.19055674970149994,0.48350024223327637,-0.3010358214378357,-0.7995580434799194,-0.09011608362197876,0.5118236541748047,-0.20316213369369507,-0.3909872770309448,-0.23972614109516144,0.8650927543640137,-0.24708250164985657,-0.5564225912094116,-0.19414867460727692,0.7691881656646729,-0.263310968875885,-0.5521877408027649,-0.20588472485542297,0.7637850046157837,-0.263310968875885,-0.5521877408027649,-0.20588472485542297,0.7637850046157837,0.0540214441716671,0.2520240247249603,-0.18460199236869812,0.9484132528305054,0.010162417776882648,0.045321281999349594,-0.20453622937202454,0.9777564406394958,0.6185964345932007,-0.09234835207462311,-0.18804484605789185,0.7572643756866455,0.6230546832084656,-0.05868106335401535,-0.22397801280021667,0.7471233010292053,0.3219245374202728,-0.5097367763519287,-0.6095660328865051,0.5147448182106018,0.28326019644737244,-0.5215286016464233,-0.586513876914978,0.5511561036109924,0.28326019644737244,-0.5215286016464233,-0.586513876914978,0.5511561036109924,0.05498450621962547,0.25745704770088196,-0.18463122844696045,0.946891725063324,-0.7580134868621826,0.2963060140609741,0.11214083433151245,0.5701252222061157,-0.7870503664016724,0.19962076842784882,0.0491068959236145,0.5816285610198975,-0.502764105796814,-0.24414455890655518,0.6265479326248169,0.5431936979293823,-0.5252220034599304,-0.2206278145313263,0.6519001722335815,0.500491201877594,-0.5252220034599304,-0.2206278145313263,0.6519001722335815,0.500491201877594,0.0540214441716671,0.2520240247249603,-0.18460199236869812,0.9484132528305054
-0.6686986684799194,0.23845037817955017,0.11820842325687408,0.06594756245613098,0.20163819193840027,-0.1983027458190918,0.9569059610366821,-2.6598989963531494,-0.051932696253061295,-0.1506359875202179,0.9715362787246704,-0.25261324644088745,0.023818574845790863,-2.5201642513275146,0.3829265832901001,0.440684974193573,0.8625075221061707,-0.38420403003692627,-0.016814453527331352,-0.0,-0.460402250289917,1.3190619945526123,-0.17893484234809875,-1.5334211587905884,0.09375614672899246,0.052689988166093826,-1.9545323848724365,-0.26034805178642273,-1.638749599456787,0.16554197669029236,-0.0,-2.4011294841766357,-0.06403326988220215,-3.7388641834259033,-0.11418460309505463,-3.0848164558410645,-1.02973210811615,1.242749571800232,0.9335411190986633,0.051767971366643906,-9.017930030822754,0.6652467846870422,-0.2742457985877991,1.7248533964157104,0.7816770076751709,1.151898741722107,-8.7391357421875,0.580025851726532,0.7658703923225403,0.0,-0.9316527247428894,-0.901608407497406,-2.33941912651062,-2.783531904220581,-0.7329944968223572,1.2372753620147705,0.4002034366130829,-0.6320120096206665,-0.9089433550834656,1.4041229486465454,0.0,0.0,0.0,0.06594756245613098,0.20163819193840027,-0.1983027458190918,0.9569059610366821,0.06594756245613098,0.20163819193840027,-0.1983027458190918,0.9569059610366821,-0.11960542947053909,-0.8661015629768372,0.13135486841201782,0.4672349989414215,-0.13169613480567932,-0.8692200183868408,0.10882361233234406,0.46397215127944946,-0.06591673940420151,-0.8766654133796692,0.07360267639160156,0.47084537148475647,-0.09265545010566711,-0.5554178357124329,0.03431234508752823,0.8256807327270508,-0.08759499341249466,-0.655005156993866,0.045710913836956024,0.749136745929718,-0.0786673054099083,-0.6544143557548523,0.05350813269615173,0.7501267790794373,-0.0786673054099083,-0.6544143557548523,0.05350813269615173,0.7501267790794373,-0.2118997424840927,-0.8021407127380371,-0.35708507895469666,0.42913752794265747,-0.12636464834213257,-0.8554348349571228,-0.19791610538959503,0.46161940693855286,-0.310276597738266,-0.8071339130401611,-0.0922376960515976,0.49371597170829773,-0.24331213533878326,-0.5268563628196716,-0.21349139511585236,0.7859026789665222,-0.2795967757701874,-0.6672115325927734,-0.16311043500900269,0.6708571910858154,-0.28522688150405884,-0.6658166646957397,-0.1687140017747879,0.6684828996658325,-0.28522688150405884,-0.6658166646957397,-0.1687140017747879,0.6684828996658325,0.06594756245613098,0.20163819193840027,-0.1983027458190918,0.9569059610366821,0.0161608774214983,-0.020645663142204285,-0.22179916501045227,0.9747397899627686,0.6100398302078247,-0.15222246944904327,-0.16263282299041748,0.7604146003723145,0.6220864653587341,-0.09294841438531876,-0.22636674344539642,0.7437251806259155,0.2939329147338867,-0.5543621182441711,-0.6263403296470642,0.46258386969566345,0.26181602478027344,-0.562216579914093,-0.6109563708305359,0.49203377962112427,0.26181602478027344,-0.562216579914093,-0.6109563708305359,0.49203377962112427,0.07080453634262085,0.22683432698249817,-0.19808292388916016,0.9509448409080505,-0.7487058043479919,0.29107147455215454,0.07725320756435394,0.5905497074127197,-0.7794500589370728,0.18680018186569214,0.0061960043385624886,0.5979338884353638,-0.5202144980430603,-0.27278316020965576,0.6004692316055298,0.5425890684127808,-0.5531243681907654,-0.23781399428844452,0.6346309781074524,0.4845012426376343,-0.5531243681907654,-0.23781399428844452,0.6346309781074524,0.4845012426376343,0.06594756245613098,0.20163819193840027,-0.1983027458190918,0.9569059610366821
-0.6583042144775391,0.2649843096733093,0.14642076194286346,0.07926639914512634,0.1413600742816925,-0.2117551863193512,0.9637914299964905,-2.5922205448150635,-0.012787925079464912,-0.1310567557811737,1.0589065551757812,-0.21044588088989258,0.005921551026403904,-2.4462292194366455,0.3764175772666931,0.45877933502197266,0.8925741314888,-0.31590110063552856,0.012840093113481998,-0.0,-0.49926841259002686,1.266589641571045,-0.2527320086956024,-1.586645483970642,0.07102728635072708,0.0884530171751976,-1.913158655166626,-0.25855010747909546,-1.6544352769851685,0.2068958729505539,-0.0,0.31183359026908875,0.7960178852081299,0.8463701009750366,-0.14259886741638184,-3.6518309116363525,-1.090820074081421,2.030353546142578,1.1743429899215698,0.5873768925666809,2.621108055114746,1.2650208473205566,-0.5369107127189636,2.218050956726074,-0.19527016580104828,0.5428308248519897,0.9019982218742371,2.0490877628326416,0.8896363973617554,0.0,-1.1659847497940063,-1.574170470237732,-2.2139148712158203,-1.5967296361923218,-0.6818657517433167,1.0728907585144043,1.2412117719650269,0.05393832549452782,-0.47057029604911804,1.240616798400879,0.0,0.0,0.0,0.07926639914512634,0.1413600742816925,-0.2117551863193512,0.9637914299964905,0.07926639914512634,0.1413600742816925,-0.2117551863193512,0.9637914299964905,-0.14015604555606842,-0.8774533867835999,0.1089632660150528,0.44559937715530396,-0.14300230145454407,-0.878132164478302,0.1033506691455841,0.4446941316127777,-0.08519399166107178,-0.8856115341186523,0.07400962710380554,0.450507253408432,-0.11090892553329468,-0.5368226170539856,0.020848264917731285,0.8361136317253113,-0.10810583829879761,-0.6216696500778198,0.03238159790635109,0.7751073837280273,-0.10581044852733612,-0.6215710639953613,0.0342220775783062,0.775424063205719,-0.10581044852733612,-0.6215710639953613,0.0342220775783062,0.775424063205719,-0.19969111680984497,-0.807795524597168,-0.3786550462245941,0.40522855520248413,-0.12034665793180466,-0.8643768429756165,-0.22083014249801636,0.4354347288608551,-0.31373900175094604,-0.8143699765205383,-0.11603501439094543,0.4742417633533478,-0.23292717337608337,-0.5299153923988342,-0.24008585512638092,0.7792903184890747,-0.26779183745384216,-0.6458970308303833,-0.20045901834964752,0.6862366795539856,-0.26338067650794983,-0.6471706628799438,-0.1963082253932953,0.6879417300224304,-0.26338067650794983,-0.6471706628799438,-0.1963082253932953,0.6879417300224304,0.07926639914512634,0.1413600742816925,-0.2117551863193512,0.9637914299964905,0.02240574173629284,-0.09942643344402313,-0.23968620598316193,0.9654858112335205,0.5894390940666199,-0.221993088722229,-0.13436579704284668,0.7650009393692017,0.6137252449989319,-0.14002765715122223,-0.22485171258449554,0.7437575459480286,0.27540791034698486,-0.5993391871452332,-0.6278205513954163,0.41326066851615906,0.2499605119228363,-0.6046131253242493,-0.6182989478111267,0.43551018834114075,0.2499605119228363,-0.6046131253242493,-0.6182989478111267,0.43551018834114075,0.08814012259244919,0.18396905064582825,-0.21072609722614288,0.956023633480072,-0.7304895520210266,0.27823546528816223,0.028898684307932854,0.6230047345161438,-0.7599582076072693,0.17688527703285217,-0.045585714280605316,0.6237764954566956,-0.5409985184669495,-0.30327093601226807,0.5565873980522156,0.5527728199958801,-0.5844494104385376,-0.2560090720653534,0.5990637540817261,0.4837363660335541,-0.5844494104385376,-0.2560090720653534,0.5990637540817261,0.4837363660335541,0.07926639914512634,0.1413600742816925,-0.2117551863193512,0.9637914299964905
-0.6433214545249939,0.2818135619163513,0.1525382250547409,0.09472314268350601,0.05779946222901344,-0.23820209503173828,0.9648556709289551,-2.44734263420105,0.02485404908657074,-0.11387733370065689,1.1481658220291138,-0.14784874022006989,-0.019209906458854675,-2.3291866779327393,0.36486321687698364,0.4763214588165283,0.9223760366439819,-0.17650683224201202,0.04962107539176941,-0.0,-0.5453686714172363,1.1544300317764282,-0.36657238006591797,-1.6080487966537476,0.048559293150901794,0.12596763670444489,-1.8043683767318726,-0.20554006099700928,-1.6683512926101685,0.22740593552589417,-0.0,0.4494827687740326,0.5048775672912598,0.18352387845516205,-0.397737979888916,-4.9182233810424805,-2.047051191329956,4.34633731842041,1.1292591094970703,0.5153826475143433,2.6777777671813965,1.8779140710830688,-0.753943681716919,3.5112760066986084,-0.3466307818889618,0.5262637138366699,0.8940570950508118,4.181828022003174,1.1034294366836548,0.0,-1.3830076456069946,-3.364788055419922,-3.4152109622955322,-0.6420993208885193,-0.6740397810935974,1.1254385709762573,3.2637081146240234,1.590301275253296,-0.4174804389476776,0.6153018474578857,0.0,0.0,0.0,0.09472314268350601,0.05779946222901344,-0.23820209503173828,0.9648556709289551,0.09472314268350601,0.05779946222901344,-0.23820209503173828,0.9648556709289551,-0.17007030546665192,-0.8797816038131714,0.06775455176830292,0.43871375918388367,-0.16460539400577545,-0.8788716793060303,0.07868210971355438,0.44079330563545227,-0.11432389914989471,-0.8868147730827332,0.05346997454762459,0.4445566236972809,-0.1250343769788742,-0.5032269954681396,-0.01718706451356411,0.8548880815505981,-0.1259622722864151,-0.5649921298027039,-0.007905451580882072,0.8153863549232483,-0.1337880939245224,-0.5648901462554932,-0.01333172619342804,0.8141388893127441,-0.1337880939245224,-0.5648901462554932,-0.01333172619342804,0.8141388893127441,-0.18767787516117096,-0.8107826113700867,-0.4075721502304077,0.37589025497436523,-0.11636893451213837,-0.8712703585624695,-0.2537153959274292,0.4037013053894043,-0.318630576133728,-0.8192242383956909,-0.15131443738937378,0.45216166973114014,-0.21800468862056732,-0.5324177742004395,-0.27730032801628113,0.7694867253303528,-0.24159719049930573,-0.5981674194335938,-0.25700643658638,0.7195652723312378,-0.22367186844348907,-0.6043591499328613,-0.24208799004554749,0.7253373861312866,-0.22367186844348907,-0.6043591499328613,-0.24208799004554749,0.7253373861312866,0.09472314268350601,0.05779946222901344,-0.23820209503173828,0.9648556709289551,0.0262204147875309,-0.20207412540912628,-0.2711775004863739,0.9407131671905518,0.5353122353553772,-0.31731468439102173,-0.11697255074977875,0.7739958763122559,0.5854048728942871,-0.20576578378677368,-0.2496771216392517,0.7433860898017883,0.23455969989299774,-0.6500904560089111,-0.628002941608429,0.3577379286289215,0.21629802882671356,-0.6527122855186462,-0.6230952143669128,0.3727387487888336,0.21629802882671356,-0.6527122855186462,-0.6230952143669128,0.3727387487888336,0.10927026718854904,0.11866950988769531,-0.2355927675962448,0.9583702683448792,-0.684280276298523,0.25842851400375366,-0.052925460040569305,0.6798338890075684,-0.7074704766273499,0.18262448906898499,-0.11784432083368301,0.6724928021430969,-0.5552533268928528,-0.34133121371269226,0.47549837827682495,0.590836763381958,-0.6071531772613525,-0.2851608395576477,0.5255487561225891,0.5233038067817688,-0.6071531772613525,-0.2851608395576477,0.5255487561225891,0.5233038067817688,0.09472314268350601,0.05779946222901344,-0.23820209503173828,0.9648556709289551
-0.649062991142273,0.28512489795684814,0.16798998415470123,0.10279542207717896,-0.010850836522877216,-0.24824492633342743,0.9631665349006653,-2.3394243717193604,0.04267363250255585,-0.08253048360347748,1.2596062421798706,-0.08480796962976456,-0.05038728564977646,-2.1980209350585938,0.3453660309314728,0.5013073682785034,0.9262824654579163,-0.06490716338157654,0.0843302384018898,-0.0,-0.591622531414032,1.0424836874008179,-0.48089560866355896,-1.5725891590118408,0.007264694198966026,0.1484670490026474,-1.683797001838684,-0.11562125384807587,-1.673142910003662,0.2686881124973297,-0.0,-0.1722460836172104,0.09934007376432419,0.4635527431964874,-0.5395109057426453,-4.029972076416016,-1.0245287418365479,3.2375476360321045,0.5345875024795532,0.9404054284095764,3.343212366104126,1.8912230730056763,-0.9353213310241699,3.934972047805786,-0.5849155187606812,0.7495772242546082,0.11719285696744919,3.347989797592163,1.0412747859954834,0.0,-1.38761568069458,-3.3583900928497314,-3.429696559906006,1.0637891292572021,-1.2388378381729126,0.6749823093414307,3.617141008377075,2.697564125061035,-0.14374850690364838,1.2384651899337769,0.0,0.0,0.0,0.10279542207717896,-0.010850836522877216,-0.24824492633342743,0.9631665349006653,0.10279542207717896,-0.010850836522877216,-0.24824492633342743,0.9631665349006653,-0.18320882320404053,-0.8852437734603882,0.04117034375667572,0.42553845047950745,-0.17408818006515503,-0.8841639161109924,0.06004782393574715,0.4293503761291504,-0.13746508955955505,-0.8905929923057556,0.04228448495268822,0.43146204948425293,-0.135996475815773,-0.46560195088386536,-0.04679303616285324,0.8732297420501709,-0.1378578394651413,-0.502200722694397,-0.04098590835928917,0.8527073264122009,-0.15929462015628815,-0.5010088682174683,-0.053623829036951065,0.8489639759063721,-0.15929462015628815,-0.5010088682174683,-0.053623829036951065,0.8489639759063721,-0.16437165439128876,-0.8099470138549805,-0.4233209490776062,0.3711700141429901,-0.09815031290054321,-0.8706384897232056,-0.2778550088405609,0.3938930630683899,-0.3110339641571045,-0.8190865516662598,-0.17147201299667358,0.45050248503685,-0.20166067779064178,-0.5315318703651428,-0.29236575961112976,0.7689792513847351,-0.2110411524772644,-0.5562037229537964,-0.28566834330558777,0.7513272166252136,-0.17918315529823303,-0.5677510499954224,-0.2619690001010895,0.7595553994178772,-0.17918315529823303,-0.5677510499954224,-0.2619690001010895,0.7595553994178772,0.10279542207717896,-0.010850836522877216,-0.24824492633342743,0.9631665349006653,0.026304662227630615,-0.28872230648994446,-0.2850003242492676,0.9136313796043396,0.47776100039482117,-0.3922984302043915,-0.10338127613067627,0.7792038917541504,0.5587992072105408,-0.25581079721450806,-0.2784533202648163,0.7380840182304382,0.20804071426391602,-0.676687479019165,-0.6247220635414124,0.32944726943969727,0.20524604618549347,-0.6770062446594238,-0.6241262555122375,0.3316669762134552,0.20524604618549347,-0.6770062446594238,-0.6241262555122375,0.3316669762134552,0.12093769758939743,0.060950394719839096,-0.2444378137588501,0.9601610898971558,-0.6356424689292908,0.22292423248291016,-0.11734385043382645,0.7297217845916748,-0.6478610634803772,0.18325047194957733,-0.15692071616649628,0.7225449085235596,-0.543254017829895,-0.3820253908634186,0.4089004099369049,0.6258850693702698,-0.6096295118331909,-0.3142344057559967,0.47143080830574036,0.5544019937515259,-0.6096295118331909,-0.3142344057559967,0.47143080830574036,0.5544019937515259,0.10279542207717896,-0.010850836522877216,-0.24824492633342743,0.9631665349006653
-0.6661498546600342,0.29306167364120483,0.16618049144744873,0.10266618430614471,-0.06774147599935532,-0.25446292757987976,0.959228515625,-2.1932380199432373,0.05676456168293953,-0.06259234994649887,1.2033833265304565,-0.07557611167430878,-0.06461943686008453,-2.0598602294921875,0.3210602104663849,0.5342081189155579,0.8563658595085144,-0.00974500086158514,0.110132597386837,-0.0,-0.6253400444984436,0.9241747856140137,-0.5862236618995667,-1.485281229019165,-0.04452946037054062,0.13285401463508606,-1.5197092294692993,0.01570647768676281,-1.6575427055358887,0.3043123185634613,-0.0,-0.5126059055328369,0.2381032556295395,-0.054284777492284775,-0.826954185962677,-3.2517812252044678,-0.7693858742713928,4.385590553283691,0.4227278530597687,0.598143994808197,-1.6866873502731323,0.2769557237625122,-0.42696452140808105,4.1448211669921875,-0.7291745543479919,0.9870224595069885,-2.0974981784820557,1.65486478805542,0.7740707397460938,0.0,-1.0115253925323486,-3.549266815185547,-3.159841537475586,2.6192376613616943,-1.5538246631622314,-0.4683910012245178,4.922632694244385,3.9398317337036133,0.46800610423088074,1.0687261819839478,0.0,0.0,0.0,0.10266618430614471,-0.06774147599935532,-0.25446292757987976,0.959228515625,0.10266618430614471,-0.06774147599935532,-0.25446292757987976,0.959228515625,-0.18739402294158936,-0.8788883090019226,0.01645888388156891,0.4383696913719177,-0.1748782843351364,-0.8780672550201416,0.04139376059174538,0.44351106882095337,-0.14731699228286743,-0.8831093907356262,0.027495555579662323,0.44458916783332825,-0.13700859248638153,-0.47636276483535767,-0.060720231384038925,0.86638343334198,-0.139204740524292,-0.5087538361549377,-0.055500827729701996,0.8477683663368225,-0.16651847958564758,-0.5066953897476196,-0.0719066932797432,0.8428290486335754,-0.16651847958564758,-0.5066953897476196,-0.0719066932797432,0.8428290486335754,-0.14281782507896423,-0.8063910603523254,-0.42886024713516235,0.38133370876312256,-0.08002861589193344,-0.8645727038383484,-0.294451504945755,0.3992590010166168,-0.3053854703903198,-0.812791645526886,-0.17862990498542786,0.46281829476356506,-0.20364536345005035,-0.5472435355186462,-0.289305180311203,0.7585219740867615,-0.20505256950855255,-0.5509329438209534,-0.2883094847202301,0.7558465600013733,-0.163141131401062,-0.5659659504890442,-0.2575499713420868,0.7659866213798523,-0.163141131401062,-0.5659659504890442,-0.2575499713420868,0.7659866213798523,0.10266618430614471,-0.06774147599935532,-0.25446292757987976,0.959228515625,0.02087845467031002,-0.35695087909698486,-0.29217028617858887,0.8870099782943726,0.4141334295272827,-0.44976988434791565,-0.10239361971616745,0.7846757769584656,0.5280250906944275,-0.29692789912223816,-0.316782683134079,0.7298438549041748,0.18645824491977692,-0.68830406665802,-0.6212756037712097,0.324788361787796,0.20375743508338928,-0.6866105198860168,-0.6246209740638733,0.3112837076187134,0.20375743508338928,-0.6866105198860168,-0.6246209740638733,0.3112837076187134,0.11957955360412598,-0.003617981681600213,-0.2510983943939209,0.9605400562286377,-0.5749478936195374,0.17033779621124268,-0.18452242016792297,0.7786985635757446,-0.5735040903091431,0.17522276937961578,-0.17869706451892853,0.7800367474555969,-0.5124778151512146,-0.42851510643959045,0.33758896589279175,0.6631553173065186,-0.5946205258369446,-0.35262131690979004,0.4129001796245575,0.592957079410553,-0.5946205258369446,-0.35262131690979004,0.4129001796245575,0.592957079410553,0.10266618430614471,-0.06774147599935532,-0.25446292757987976,0.959228515625
-0.6795232892036438,0.29979363083839417,0.1590060591697693,0.09283530712127686,-0.12946829199790955,-0.2526751756668091,0.9543452262878418,-2.094881772994995,0.02552180364727974,-0.0777275562286377,1.26945161819458,-0.022301649674773216,-0.08918780833482742,-1.9373623132705688,0.28161734342575073,0.5635157823562622,0.8285698294639587,0.02318575792014599,0.1299077272415161,-0.0,-0.6466674208641052,0.8088017106056213,-0.6632229089736938,-1.3829132318496704,-0.09614641964435577,0.10090594738721848,-1.3662649393081665,0.13687224686145782,-1.6144534349441528,0.3423093557357788,-0.0,-0.4012030065059662,0.20195870101451874,-0.2152329534292221,-1.4863947629928589,-3.4356250762939453,-0.3921152353286743,2.9506871700286865,-0.9372826814651489,-0.45405617356300354,1.9820486307144165,1.598233699798584,-0.7370511293411255,3.6749372482299805,-1.1832859516143799,0.8792298436164856,-0.8338808417320251,0.9879226684570312,0.5932538509368896,0.0,-0.6398212313652039,-3.4611921310424805,-2.3099772930145264,3.0710396766662598,-1.548508644104004,-0.958441972732544,4.603328227996826,3.6349728107452393,1.2926779985427856,1.1399110555648804,0.0,0.0,0.0,0.09283530712127686,-0.12946829199790955,-0.2526751756668091,0.9543452262878418,0.09283530712127686,-0.12946829199790955,-0.2526751756668091,0.9543452262878418,-0.19402210414409637,-0.883955717086792,0.009987111203372478,0.42529746890068054,-0.1885792762041092,-0.8837563395500183,0.021266063675284386,0.42773866653442383,-0.15409940481185913,-0.8904160857200623,0.004630650393664837,0.42824193835258484,-0.12683190405368805,-0.46306461095809937,-0.0876455307006836,0.87281334400177,-0.1278013288974762,-0.47276821732521057,-0.08622583001852036,0.8675956130027771,-0.16635091602802277,-0.4684543311595917,-0.10721570253372192,0.8610358238220215,-0.16635091602802277,-0.4684543311595917,-0.10721570253372192,0.8610358238220215,-0.12094732373952866,-0.8132408857345581,-0.4205787777900696,0.3835681080818176,-0.06591887027025223,-0.8642177581787109,-0.3022828996181488,0.39674606919288635,-0.3036106824874878,-0.811811625957489,-0.18005020916461945,0.46514979004859924,-0.20544996857643127,-0.5558966994285583,-0.287032812833786,0.7525831460952759,-0.202108696103096,-0.5471349358558655,-0.2893952429294586,0.7589768767356873,-0.15241868793964386,-0.5647652745246887,-0.2532714307308197,0.7704948782920837,-0.15241868793964386,-0.5647652745246887,-0.2532714307308197,0.7704948782920837,0.09283530712127686,-0.12946829199790955,-0.2526751756668091,0.9543452262878418,0.010483789257705212,-0.4235323965549469,-0.28805986046791077,0.8587967753410339,0.3475472033023834,-0.5027118921279907,-0.09817799925804138,0.7853997349739075,0.49396324157714844,-0.3463383615016937,-0.3409186005592346,0.7209885716438293,0.17616593837738037,-0.7052529454231262,-0.6064484119415283,0.32218649983406067,0.21412557363510132,-0.7014876008033752,-0.6130350828170776,0.2936892509460449,0.21412557363510132,-0.7014876008033752,-0.6130350828170776,0.2936892509460449,0.10584481805562973,-0.08097541332244873,-0.2507031261920929,0.9588471055030823,-0.5231557488441467,0.09544577449560165,-0.24555891752243042,0.8104930520057678,-0.5143627524375916,0.1344066709280014,-0.1919160783290863,0.8249448537826538,-0.4895719587802887,-0.47808822989463806,0.2757982611656189,0.675045371055603,-0.5893896222114563,-0.3928002715110779,0.3611810803413391,0.6065278649330139,-0.5893896222114563,-0.3928002715110779,0.3611810803413391,0.6065278649330139,0.09283530712127686,-0.12946829199790955,-0.2526751756668091,0.9543452262878418
-0.6858075857162476,0.30603933334350586,0.16664418578147888,0.06949091702699661,-0.1728573888540268,-0.2528151571750641,0.9494081735610962,-1.9589016437530518,0.021003680303692818,-0.09429062157869339,1.2178672552108765,-0.0532587505877018,-0.09689980745315552,-1.8228702545166016,0.24629168212413788,0.5727093815803528,0.8051989674568176,0.011979270726442337,0.1483904868364334,-0.0,-0.6330782175064087,0.7494428753852844,-0.6766297221183777,-1.2722665071487427,-0.10846187174320221,0.054856304079294205,-1.2174837589263916,0.2526540160179138,-1.510156512260437,0.34681689739227295,-0.0,-0.1885288804769516,0.18737106025218964,0.22914378345012665,-1.966733694076538,-2.1690359115600586,-0.5060943961143494,4.079403877258301,-0.13554368913173676,-0.49689194560050964,-1.5475307703018188,-0.9287129640579224,-0.23135995864868164,3.4347615242004395,-1.0597697496414185,0.2758079767227173,-0.7011258006095886,-0.33619460463523865,0.5544827580451965,0.0,0.4076760709285736,-1.7807649374008179,-0.40220436453819275,3.319401502609253,-0.3694635331630707,-1.3814892768859863,4.463435173034668,3.4734528064727783,3.1289074420928955,0.13522624969482422,0.0,0.0,0.0,0.06949091702699661,-0.1728573888540268,-0.2528151571750641,0.9494081735610962,0.06949091702699661,-0.1728573888540268,-0.2528151571750641,0.9494081735610962,-0.20113533735275269,-0.8726292252540588,0.00733460858464241,0.44498199224472046,-0.19645120203495026,-0.8725041151046753,0.016498249024152756,0.4470697045326233,-0.15511368215084076,-0.8807929754257202,-0.004589516203850508,0.44735047221183777,-0.12460813671350479,-0.46659648418426514,-0.09248854219913483,0.8707504868507385,-0.12702657282352448,-0.48961585760116577,-0.08913790434598923,0.8580180406570435,-0.16843214631080627,-0.4847242832183838,-0.11274586617946625,0.8508591651916504,-0.16843214631080627,-0.4847242832183838,-0.11274586617946625,0.8508591651916504,-0.11508048325777054,-0.8165066242218018,-0.402147501707077,0.39793312549591064,-0.06532894819974899,-0.8597210645675659,-0.29880663752555847,0.4090555012226105,-0.3055031895637512,-0.8062604665756226,-0.1710985153913498,0.4767988324165344,-0.21403852105140686,-0.5549812316894531,-0.2771180272102356,0.7545786499977112,-0.21237486600875854,-0.5504516959190369,-0.27839505672454834,0.7578892111778259,-0.15561038255691528,-0.5695738792419434,-0.23682571947574615,0.7715468406677246,-0.15561038255691528,-0.5695738792419434,-0.23682571947574615,0.7715468406677246,0.06949091702699661,-0.1728573888540268,-0.2528151571750641,0.9494081735610962,-0.009123802185058594,-0.45785942673683167,-0.28039994835853577,0.8435978889465332,0.30027735233306885,-0.5287185311317444,-0.09336023777723312,0.7883996963500977,0.4603364169597626,-0.3828500807285309,-0.34296083450317383,0.7238052487373352,0.18006059527397156,-0.7193883061408997,-0.5764427781105042,0.3431797921657562,0.22373336553573608,-0.7143769860267639,-0.5847466588020325,0.31253838539123535,0.22373336553573608,-0.7143769860267639,-0.5847466588020325,0.31253838539123535,0.07668214291334152,-0.1466868370771408,-0.25245293974876404,0.9533469080924988,-0.48225030303001404,0.02402443066239357,-0.2909851372241974,0.8259450197219849,-0.4730845093727112,0.09100654721260071,-0.18862497806549072,0.8557624816894531,-0.471207857131958,-0.4983506202697754,0.22322127223014832,0.6926630139350891,-0.5760052800178528,-0.4125049412250519,0.31285980343818665,0.6325949430465698,-0.5760052800178528,-0.4125049412250519,0.31285980343818665,0.6325949430465698,0.06949091702699661,-0.1728573888540268,-0.2528151571750641,0.9494081735610962
-0.6928635835647583,0.31253501772880554,0.15853874385356903,0.041229426860809326,-0.24181726574897766,-0.2534225881099701,0.935735821723938,-1.8569250106811523,-0.022646982222795486,-0.12303382158279419,1.2894607782363892,0.0009319501114077866,-0.12960855662822723,-1.6985937356948853,0.20616653561592102,0.5906240344047546,0.8372052311897278,0.017994871363043785,0.16697078943252563,-0.0,-0.5747226476669312,0.7133517861366272,-0.663878858089447,-1.2051385641098022,-0.12230991572141647,0.02843927964568138,-1.0866445302963257,0.34814053773880005,-1.4090560674667358,0.3507218062877655,-0.0,-0.21167992055416107,0.19487051665782928,-0.24316324293613434,-2.5951249599456787,-3.6423234939575195,-0.8234223127365112,3.0592987537384033,-1.30951988697052,-0.862295925617218,2.147805690765381,1.6257208585739136,-0.9812624454498291,3.72829532623291,-1.2037543058395386,0.5374395847320557,0.9601878523826599,0.18046800792217255,0.5574090480804443,0.0,1.7506669759750366,-1.0827326774597168,0.38252589106559753,2.013838291168213,-0.4154413044452667,-0.7925106883049011,3.9251766204833984,2.864595413208008,3.033013105392456,0.11714725941419601,0.0,0.0,0.0,0.041229426860809326,-0.24181726574897766,-0.2534225881099701,0.935735821723938,0.041229426860809326,-0.24181726574897766,-0.2534225881099701,0.935735821723938,-0.2214154303073883,-0.8771223425865173,0.010214104317128658,0.42606014013290405,-0.2262256145477295,-0.8771817684173584,0.00028157481574453413,0.42352569103240967,-0.17187021672725677,-0.8894304633140564,-0.02575652115046978,0.4227418899536133,-0.12189006805419922,-0.4568271338939667,-0.12387727200984955,0.8724139928817749,-0.12183233350515366,-0.45642057061195374,-0.1239340603351593,0.872626781463623,-0.17808698117733002,-0.44743669033050537,-0.15323121845722198,0.8629053235054016,-0.17808698117733002,-0.44743669033050537,-0.15323121845722198,0.8629053235054016,-0.10956660658121109,-0.8303373456001282,-0.3791266977787018,0.393443763256073,-0.06849931180477142,-0.8649420738220215,-0.2916717529296875,0.40262970328330994,-0.3172653913497925,-0.8075639605522156,-0.1618649959564209,0.47008809447288513,-0.22407646477222443,-0.5467538237571716,-0.2768525779247284,0.7577615976333618,-0.22157646715641022,-0.5399138927459717,-0.27885743975639343,0.7626502513885498,-0.15720851719379425,-0.5612869262695312,-0.232863649725914,0.7784709334373474,-0.15720851719379425,-0.5612869262695312,-0.232863649725914,0.7784709334373474,0.041229426860809326,-0.24181726574897766,-0.2534225881099701,0.935735821723938,-0.027841713279485703,-0.4958533048629761,-0.27134597301483154,0.8244547843933105,0.2617782652378082,-0.5593891143798828,-0.08113541454076767,0.7822870016098022,0.4310811460018158,-0.4277038276195526,-0.3257751166820526,0.7246440649032593,0.18499353528022766,-0.746418297290802,-0.5386908054351807,0.3441646993160248,0.23566864430904388,-0.7397719025611877,-0.547687292098999,0.3118276298046112,0.23566864430904388,-0.7397719025611877,-0.547687292098999,0.3118276298046112,0.04503750801086426,-0.228476881980896,-0.2536473274230957,0.9388465881347656,-0.44681552052497864,-0.06444399058818817,-0.3352396488189697,0.826932430267334,-0.447556734085083,0.022755101323127747,-0.19209668040275574,0.8730830550193787,-0.46578648686408997,-0.5284780263900757,0.17848248779773712,0.686948299407959,-0.5761798024177551,-0.4404352307319641,0.2677255868911743,0.6343159079551697,-0.5761798024177551,-0.4404352307319641,0.2677255868911743,0.6343159079551697,0.041229426860809326,-0.24181726574897766,-0.2534225881099701,0.935735821723938
-0.7008806467056274,0.31914857029914856,0.1478070765733719,0.011751888319849968,-0.312501460313797,-0.2454407960176468,0.9175857305526733,-1.7614680528640747,-0.06991856545209885,-0.13624422252178192,1.4023247957229614,0.08516543358564377,-0.15626627206802368,-1.5650697946548462,0.1610659509897232,0.5968760251998901,0.8929557204246521,0.05253154784440994,0.17434923350811005,-0.0,-0.46832960844039917,0.7081673741340637,-0.6213018894195557,-1.165949821472168,-0.13704858720302582,0.028158865869045258,-0.9579895734786987,0.41008099913597107,-1.3154088258743286,0.31025373935699463,-0.0,-0.24051187932491302,0.19840656220912933,-0.3219499886035919,-2.8036036491394043,-3.807344913482666,-0.43084394931793213,2.86370849609375,-1.4181474447250366,-0.39631199836730957,3.385920286178589,2.5270044803619385,-0.799731433391571,4.005718231201172,-1.3530174493789673,0.18755970895290375,1.67251455783844,1.036100149154663,0.22135330736637115,0.0,3.19179105758667,-0.1555323451757431,1.2773089408874512,1.1756621599197388,-0.44216012954711914,-0.00841241329908371,3.8596484661102295,1.8582137823104858,2.8094170093536377,-1.2140419483184814,0.0,0.0,0.0,0.011751888319849968,-0.312501460313797,-0.2454407960176468,0.9175857305526733,0.011751888319849968,-0.312501460313797,-0.2454407960176468,0.9175857305526733,-0.23773084580898285,-0.884814977645874,0.018154406920075417,0.4003210663795471,-0.2515776753425598,-0.8849088549613953,-0.012782881036400795,0.3917672634124756,-0.19075892865657806,-0.8999811410903931,-0.039420608431100845,0.3899884521961212,-0.12032704055309296,-0.43608513474464417,-0.153180792927742,0.8785709142684937,-0.11369708180427551,-0.39828917384147644,-0.15816423296928406,0.8963385224342346,-0.18331271409988403,-0.3847287595272064,-0.1887696236371994,0.8847295045852661,-0.18331271409988403,-0.3847287595272064,-0.1887696236371994,0.8847295045852661,-0.10179717093706131,-0.8443847894668579,-0.34950101375579834,0.39306578040122986,-0.06984669715166092,-0.8697640299797058,-0.28044092655181885,0.3999810218811035,-0.32249391078948975,-0.810780942440033,-0.15043911337852478,0.4647580087184906,-0.22592267394065857,-0.5306244492530823,-0.27494215965270996,0.7692875862121582,-0.21862401068210602,-0.5102378129959106,-0.28078070282936096,0.782957911491394,-0.14962618052959442,-0.5327462553977966,-0.2352910041809082,0.7990190982818604,-0.14962618052959442,-0.5327462553977966,-0.2352910041809082,0.7990190982818604,0.011751888319849968,-0.312501460313797,-0.2454407960176468,0.9175857305526733,-0.04085329547524452,-0.516289472579956,-0.2548324167728424,0.8166006207466125,0.24482184648513794,-0.5726195573806763,-0.060010191053152084,0.7801076173782349,0.4089474081993103,-0.45554590225219727,-0.2904292047023773,0.7354527711868286,0.19647996127605438,-0.769801676273346,-0.49325352907180786,0.3542625904083252,0.25469526648521423,-0.7606344819068909,-0.5035844445228577,0.3208865821361542,0.25469526648521423,-0.7606344819068909,-0.5035844445228577,0.3208865821361542,0.015475718304514885,-0.29956692457199097,-0.2460625171661377,0.9216688275337219,-0.4110514223575592,-0.15244616568088531,-0.35643690824508667,0.8250755071640015,-0.42886191606521606,-0.05517683923244476,-0.18656615912914276,0.8821712136268616,-0.4568100869655609,-0.5651014447212219,0.14776688814163208,0.6709320545196533,-0.5601056814193726,-0.4880081117153168,0.22390910983085632,0.6308679580688477,-0.5601056814193726,-0.4880081117153168,0.22390910983085632,0.6308679580688477,0.011751888319849968,-0.312501460313797,-0.2454407960176468,0.9175857305526733
-0.7062187194824219,0.3244449496269226,0.13420197367668152,-0.022996483370661736,-0.3836301863193512,-0.23944443464279175,0.8916082978248596,-1.634642243385315,-0.16131970286369324,-0.20429547131061554,1.4882822036743164,0.11940357834100723,-0.19209237396717072,-1.424048900604248,0.1209505945444107,0.6084221601486206,0.9410945773124695,0.07403812557458878,0.18963627517223358,-0.0,-0.3398224711418152,0.7047469615936279,-0.5361754298210144,-1.1340075731277466,-0.10837019979953766,0.06435871869325638,-0.8792920708656311,0.42501693964004517,-1.234925389289856,0.25060704350471497,-0.0,-0.16014216840267181,0.15889136493206024,-0.40815305709838867,-3.058222770690918,-3.9001259803771973,-0.7549918293952942,3.804774045944214,-2.7420339584350586,-2.041537284851074,2.5787220001220703,1.0271443128585815,-1.0747829675674438,4.230626583099365,-1.2034605741500854,0.3463840186595917,1.444165587425232,0.6451972723007202,0.45861122012138367,0.0,3.8552138805389404,-0.10261236876249313,2.5537936687469482,0.9582673907279968,0.8603515625,1.0859955549240112,2.3609249591827393,0.4480781853199005,2.4145028591156006,-1.7894008159637451,0.0,0.0,0.0,-0.022996483370661736,-0.3836301863193512,-0.23944443464279175,0.8916082978248596,-0.022996483370661736,-0.3836301863193512,-0.23944443464279175,0.8916082978248596,-0.2568281590938568,-0.8862369656562805,0.020678356289863586,0.3849619925022125,-0.28701046109199524,-0.8850216865539551,-0.05079512670636177,0.36301714181900024,-0.19526858627796173,-0.9096750020980835,-0.08754727989435196,0.35594528913497925,-0.08435393869876862,-0.42812448740005493,-0.19666916131973267,0.8780176639556885,-0.07246912270784378,-0.3749736547470093,-0.20135186612606049,0.9019980430603027,-0.1586354523897171,-0.3539360761642456,-0.23638330399990082,0.8908911347389221,-0.1586354523897171,-0.3539360761642456,-0.23638330399990082,0.8908911347389221,-0.10365042090415955,-0.8570107221603394,-0.31753048300743103,0.3923819661140442,-0.07974598556756973,-0.8746351003646851,-0.2651536166667938,0.3979291319847107,-0.3380730152130127,-0.8105878233909607,-0.13378280401229858,0.4590819180011749,-0.24067768454551697,-0.5143575072288513,-0.2725169062614441,0.7766885757446289,-0.23042677342891693,-0.48525935411453247,-0.28123781085014343,0.7951931357383728,-0.15410591661930084,-0.5097061395645142,-0.2340320497751236,0.8134371638298035,-0.15410591661930084,-0.5097061395645142,-0.2340320497751236,0.8134371638298035,-0.022996483370661736,-0.3836301863193512,-0.23944443464279175,0.8916082978248596,-0.059001028537750244,-0.5288189053535461,-0.2415822148323059,0.8114847540855408,0.2246890515089035,-0.5797026753425598,-0.044229116290807724,0.7819868326187134,0.37065187096595764,-0.48658639192581177,-0.24564135074615479,0.7520048022270203,0.19628845155239105,-0.8006885051727295,-0.4319665729999542,0.36575084924697876,0.24397049844264984,-0.7929500341415405,-0.4406675100326538,0.3428131341934204,0.24397049844264984,-0.7929500341415405,-0.4406675100326538,0.3428131341934204,-0.014520924538373947,-0.3548482060432434,-0.24186015129089355,0.9029814600944519,-0.3974662721157074,-0.2181626707315445,-0.369890034198761,0.8109297156333923,-0.42954909801483154,-0.11885042488574982,-0.19613532721996307,0.8734375238418579,-0.46926283836364746,-0.5856725573539734,0.11984974145889282,0.6499354839324951,-0.5553003549575806,-0.5221067667007446,0.17872881889343262,0.6221752762794495,-0.5553003549575806,-0.5221067667007446,0.17872881889343262,0.6221752762794495,-0.022996483370661736,-0.3836301863193512,-0.23944443464279175,0.8916082978248596
-0.7112939953804016,0.32900577783584595,0.11539316922426224,-0.06494662910699844,-0.4597727060317993,-0.22831588983535767,0.8557235598564148,-1.4681389331817627,-0.20468364655971527,-0.22659237682819366,1.5130162239074707,0.15709207952022552,-0.2270732969045639,-1.231355905532837,0.04791391268372536,0.5767537355422974,0.9086422920227051,0.09598997235298157,0.2169012576341629,-0.0,-0.16978001594543457,0.6797010898590088,-0.4245498776435852,-1.1187646389007568,-0.07986945658922195,0.14158600568771362,-0.8420918583869934,0.42792433500289917,-1.1353062391281128,0.18779277801513672,-0.0,-0.1522582620382309,0.1368248462677002,-0.5642641186714172,-3.6492249965667725,-4.287719249725342,-0.781915009021759,4.995099067687988,-1.3009182214736938,-0.668907105922699,0.7420205473899841,1.1306549310684204,-1.0494276285171509,5.780789375305176,-2.1911003589630127,-0.9500526785850525,-0.9735684990882874,0.6585553884506226,0.8179494142532349,0.0,5.101273536682129,-0.7513760924339294,3.348766326904297,0.45728799700737,0.8550222516059875,2.3168184757232666,1.1160063743591309,0.08722185343503952,2.988574266433716,-1.8844279050827026,0.0,0.0,0.0,-0.06494662910699844,-0.4597727060317993,-0.22831588983535767,0.8557235598564148,-0.06494662910699844,-0.4597727060317993,-0.22831588983535767,0.8557235598564148,-0.27567264437675476,-0.8838131427764893,0.0208779014647007,0.3774162828922272,-0.31278830766677856,-0.8813216686248779,-0.06952457129955292,0.3472779095172882,-0.21114607155323029,-0.9110333323478699,-0.10833998769521713,0.3371914327144623,-0.0791902169585228,-0.43109381198883057,-0.2237166315317154,0.8705388903617859,-0.06139206886291504,-0.36145758628845215,-0.2292405515909195,0.9016807675361633,-0.163150817155838,-0.33315905928611755,-0.2687152028083801,0.8889201283454895,-0.163150817155838,-0.33315905928611755,-0.2687152028083801,0.8889201283454895,-0.11166088283061981,-0.8624094724655151,-0.27806952595710754,0.40799400210380554,-0.10185547918081284,-0.8688230514526367,-0.257330983877182,0.4105517268180847,-0.34473976492881775,-0.803979218006134,-0.12994548678398132,0.46678271889686584,-0.2527421712875366,-0.5175741314888,-0.2680535912513733,0.7722601294517517,-0.2395908534526825,-0.47992774844169617,-0.2798706293106079,0.7962022423744202,-0.15200378000736237,-0.5074008107185364,-0.22627988457679749,0.8174574375152588,-0.15200378000736237,-0.5074008107185364,-0.22627988457679749,0.8174574375152588,-0.06494662910699844,-0.4597727060317993,-0.22831588983535767,0.8557235598564148,-0.08158523589372635,-0.5308748483657837,-0.22655369341373444,0.8125202655792236,0.19393160939216614,-0.5760319828987122,-0.03663073480129242,0.7932438850402832,0.31118467450141907,-0.5118289589881897,-0.2000366449356079,0.7753583788871765,0.17374972999095917,-0.8337974548339844,-0.3609357178211212,0.3798924386501312,0.21020743250846863,-0.8285273909568787,-0.36785146594047546,0.3661154508590698,0.21020743250846863,-0.8285273909568787,-0.36785146594047546,0.3661154508590698,-0.04662410169839859,-0.39850032329559326,-0.2361295223236084,0.8850234746932983,-0.4042746424674988,-0.26718634366989136,-0.37837958335876465,0.7886712551116943,-0.44663193821907043,-0.16490714251995087,-0.2080107480287552,0.8544337749481201,-0.4950200319290161,-0.5821433663368225,0.09287528693675995,0.6383090615272522,-0.5594327449798584,-0.5325064063072205,0.13620200753211975,0.620419979095459,-0.5594327449798584,-0.5325064063072205,0.13620200753211975,0.620419979095459,-0.06494662910699844,-0.4597727060317993,-0.22831588983535767,0.8557235598564148
-0.7111117243766785,0.33029279112815857,0.10152930021286011,-0.09813284873962402,-0.5090223550796509,-0.22717303037643433,0.824414074420929,-1.3383148908615112,-0.19772092998027802,-0.23996488749980927,1.5068761110305786,0.16382744908332825,-0.228449285030365,-1.0854939222335815,0.023374993354082108,0.5455431938171387,0.8872054815292358,0.12487155944108963,0.23887696862220764,-0.0,-0.05983152240514755,0.672503650188446,-0.3575465679168701,-1.09551203250885,-0.060623448342084885,0.1870076060295105,-0.8203369975090027,0.39349621534347534,-1.0616964101791382,0.161302387714386,-0.0,0.005468129646033049,0.038610395044088364,-0.4159160554409027,-2.534000873565674,-2.9354960918426514,-1.0946227312088013,3.894721031188965,0.20888148248195648,-0.40117529034614563,-0.1842033714056015,0.20206107199192047,-0.041279640048742294,4.375859260559082,-0.7361675500869751,-0.936316192150116,-0.6431042551994324,0.8664475679397583,0.6592712998390198,0.0,3.298454523086548,-0.21592317521572113,2.010099172592163,0.6975781321525574,0.5773802399635315,1.3626478910446167,0.6526457667350769,-1.0328435897827148,2.2082948684692383,-0.7947116494178772,0.0,0.0,0.0,-0.09813284873962402,-0.5090223550796509,-0.22717303037643433,0.824414074420929,-0.09813284873962402,-0.5090223550796509,-0.22717303037643433,0.824414074420929,-0.29481393098831177,-0.8774728178977966,0.012979412451386452,0.3780975639820099,-0.33069249987602234,-0.8744693994522095,-0.07369009405374527,0.3471534550189972,-0.2236456274986267,-0.9077647924423218,-0.11471277475357056,0.33583733439445496,-0.08463315665721893,-0.4323068857192993,-0.23667195439338684,0.8659875392913818,-0.06498436629772186,-0.3600003719329834,-0.24280326068401337,0.8984560966491699,-0.16696369647979736,-0.3299805819988251,-0.28225257992744446,0.8851945996284485,-0.16696369647979736,-0.3299805819988251,-0.28225257992744446,0.8851945996284485,-0.12932030856609344,-0.8602834343910217,-0.25577467679977417,0.42162543535232544,-0.1243838369846344,-0.8632139563560486,-0.245702862739563,0.4231080412864685,-0.3523363173007965,-0.7977899312973022,-0.12263273447751999,0.47365760803222656,-0.26560062170028687,-0.5172807574272156,-0.2619847059249878,0.7702213525772095,-0.24873650074005127,-0.4682147204875946,-0.2780464291572571,0.8009964227676392,-0.1515219360589981,-0.4980095624923706,-0.22027556598186493,0.8249280452728271,-0.1515219360589981,-0.4980095624923706,-0.22027556598186493,0.8249280452728271,-0.09813284873962402,-0.5090223550796509,-0.22717303037643433,0.824414074420929,-0.10391455143690109,-0.5335895419120789,-0.22569027543067932,0.8084230422973633,0.1686449944972992,-0.5781742334365845,-0.03699268400669098,0.7974364757537842,0.2689798176288605,-0.5301243662834167,-0.17604199051856995,0.784619152545929,0.15435536205768585,-0.8513178825378418,-0.31650054454803467,0.38892123103141785,0.18255823850631714,-0.8476975560188293,-0.3220125436782837,0.3799859285354614,0.18255823850631714,-0.8476975560188293,-0.3220125436782837,0.3799859285354614,-0.0735512226819992,-0.4305524230003357,-0.24015825986862183,0.866913378238678,-0.41314414143562317,-0.2990732491016388,-0.39192676544189453,0.7656764984130859,-0.4587107002735138,-0.20330257713794708,-0.24005655944347382,0.831038773059845,-0.5244828462600708,-0.5803049206733704,0.05088762938976288,0.6209463477134705,-0.5793453454971313,-0.5350170135498047,0.08682453632354736,0.608750581741333,-0.5793453454971313,-0.5350170135498047,0.08682453632354736,0.608750581741333,-0.09813284873962402,-0.5090223550796509,-0.22717303037643433,0.824414074420929
-0.7092764973640442,0.3300134241580963,0.0879303514957428,-0.13302084803581238,-0.5479655861854553,-0.22509096562862396,0.7945899963378906,-1.2389180660247803,-0.18834148347377777,-0.26466137170791626,1.4252194166183472,0.16452598571777344,-0.23792098462581635,-0.9538699388504028,0.030814945697784424,0.5319614410400391,0.8052161931991577,0.1604251265525818,0.26179999113082886,-0.0,0.04998164251446724,0.6717256903648376,-0.29444053769111633,-1.0874123573303223,-0.03305531293153763,0.24293547868728638,-0.8241908550262451,0.3546871244907379,-1.006615161895752,0.10891067981719971,-0.0,0.05505680665373802,-0.008381009101867676,-0.4079684317111969,-2.4972429275512695,-2.350813865661621,-1.1404438018798828,2.9819045066833496,0.2813833951950073,-0.7408944964408875,-2.4497005939483643,0.020956097170710564,-0.28415098786354065,3.9487192630767822,0.2231985628604889,-0.4074525535106659,-2.4596784114837646,1.0666069984436035,0.6876906156539917,0.0,3.2943949699401855,-0.023338792845606804,1.8931808471679688,0.24299024045467377,0.8270440101623535,1.6778360605239868,-0.11561571806669235,-1.164272665977478,1.6524373292922974,-1.5717511177062988,0.0,0.0,0.0,-0.13302084803581238,-0.5479655861854553,-0.22509096562862396,0.7945899963378906,-0.13302084803581238,-0.5479655861854553,-0.22509096562862396,0.7945899963378906,-0.31688040494918823,-0.8717758655548096,0.010734409093856812,0.3734681010246277,-0.3505941927433014,-0.8689225912094116,-0.07128764688968658,0.3420165777206421,-0.2328791469335556,-0.9075847268104553,-0.1157916933298111,0.3296203017234802,-0.100504070520401,-0.4712221622467041,-0.23987360298633575,0.8427984714508057,-0.08045372366905212,-0.40037569403648376,-0.24732086062431335,0.8786688446998596,-0.18416562676429749,-0.36819398403167725,-0.2930895686149597,0.8629106283187866,-0.18416562676429749,-0.36819398403167725,-0.2930895686149597,0.8629106283187866,-0.15288010239601135,-0.854954719543457,-0.23539619147777557,0.43619799613952637,-0.14614151418209076,-0.8584799766540527,-0.2221960872411728,0.43850162625312805,-0.3666587769985199,-0.7898775935173035,-0.09911998361349106,0.4814872741699219,-0.29850444197654724,-0.53806471824646,-0.23485852777957916,0.7524778246879578,-0.2787262499332428,-0.4760412275791168,-0.2580215334892273,0.7931717038154602,-0.17281177639961243,-0.5056472420692444,-0.1936781108379364,0.8227671384811401,-0.17281177639961243,-0.5056472420692444,-0.1936781108379364,0.8227671384811401,-0.13302084803581238,-0.5479655861854553,-0.22509096562862396,0.7945899963378906,-0.12822556495666504,-0.5277695655822754,-0.22709134221076965,0.8083606958389282,0.14536157250404358,-0.5731267333030701,-0.04045853763818741,0.8054556846618652,0.2280673235654831,-0.5382259488105774,-0.15660002827644348,0.7960996031761169,0.1306930035352707,-0.8639987707138062,-0.2783891558647156,0.39865389466285706,0.14629308879375458,-0.8623557686805725,-0.281572163105011,0.3945351839065552,0.14629308879375458,-0.8623557686805725,-0.281572163105011,0.3945351839065552,-0.10065135359764099,-0.44885027408599854,-0.24556417763233185,0.8532883524894714,-0.4339929223060608,-0.3129182457923889,-0.40478450059890747,0.7415401339530945,-0.47779688239097595,-0.22338415682315826,-0.272682249546051,0.804645299911499,-0.5576304197311401,-0.568187952041626,0.015205979347229004,0.6049624085426331,-0.594070553779602,-0.5359020233154297,0.03875594958662987,0.5986545085906982,-0.594070553779602,-0.5359020233154297,0.03875594958662987,0.5986545085906982,-0.13302084803581238,-0.5479655861854553,-0.22509096562862396,0.7945899963378906
-0.7030744552612305,0.32822439074516296,0.0789688304066658,-0.16324006021022797,-0.5797832608222961,-0.23453199863433838,0.7630195617675781,-1.1439063549041748,-0.1668708473443985,-0.29048436880111694,1.4564024209976196,0.17487706243991852,-0.2396574169397354,-0.8608991503715515,0.038549184799194336,0.5062124133110046,0.857064962387085,0.18177580833435059,0.26179999113082886,-0.0,0.12956619262695312,0.666445255279541,-0.21747370064258575,-1.036529302597046,-0.00018539249140303582,0.27085763216018677,-0.8115783333778381,0.32819196581840515,-0.9070000052452087,0.07612377405166626,-0.0,0.18606124818325043,-0.05367099866271019,-0.2688456177711487,-1.8129050731658936,-2.223233938217163,-1.6168901920318604,2.850351095199585,0.6441190242767334,-0.7746898531913757,0.935490071773529,0.31053227186203003,-0.05209296569228172,2.78912353515625,0.23202715814113617,-0.7724707722663879,1.5554629564285278,0.6405203938484192,0.0,0.0,2.3875365257263184,-0.15841303765773773,2.30900502204895,1.5264915227890015,0.9860975742340088,0.8376645445823669,0.3783756196498871,-0.7948547005653381,2.988454580307007,-0.9836071133613586,0.0,0.0,0.0,-0.16324006021022797,-0.5797832608222961,-0.23453199863433838,0.7630195617675781,-0.16324006021022797,-0.5797832608222961,-0.23453199863433838,0.7630195617675781,-0.3411036431789398,-0.8635703325271606,-0.004964841995388269,0.37130841612815857,-0.37086138129234314,-0.8601524829864502,-0.07691635936498642,0.3415895998477936,-0.24246490001678467,-0.9047713279724121,-0.125545471906662,0.3268607258796692,-0.09741514921188354,-0.4577616751194,-0.25507092475891113,0.8461107015609741,-0.07476837188005447,-0.3821244537830353,-0.2626034617424011,0.8828533291816711,-0.17977039515972137,-0.34799209237098694,-0.3064003586769104,0.8675845265388489,-0.17977039515972137,-0.34799209237098694,-0.3064003586769104,0.8675845265388489,-0.1802632212638855,-0.8520677089691162,-0.22974784672260284,0.4343981444835663,-0.17185740172863007,-0.8563374280929565,-0.21328294277191162,0.43779173493385315,-0.3808194100856781,-0.7860186696052551,-0.09685909748077393,0.4772520661354065,-0.3061359226703644,-0.5166285037994385,-0.24634510278701782,0.7607166767120361,-0.2825133800506592,-0.4454513490200043,-0.27311408519744873,0.804467499256134,-0.17509210109710693,-0.477289080619812,-0.21263433992862701,0.8344606161117554,-0.17509210109710693,-0.477289080619812,-0.21263433992862701,0.8344606161117554,-0.16324006021022797,-0.5797832608222961,-0.23453199863433838,0.7630195617675781,-0.15010128915309906,-0.5286047458648682,-0.2414853423833847,0.7998321652412415,0.11977247148752213,-0.578515350818634,-0.055300623178482056,0.8049325346946716,0.1821001023054123,-0.5566402077674866,-0.14133872091770172,0.7981319427490234,0.10455028712749481,-0.8722776174545288,-0.23838916420936584,0.4139705300331116,0.10463870316743851,-0.8722705245018005,-0.23840859532356262,0.41395193338394165,0.10463870316743851,-0.8722705245018005,-0.23840859532356262,0.41395193338394165,-0.1252272129058838,-0.47304242849349976,-0.26084956526756287,0.832169771194458,-0.4435516595840454,-0.33165839314460754,-0.426396906375885,0.7151575684547424,-0.4872923791408539,-0.24755144119262695,-0.3086206614971161,0.7784714102745056,-0.5807194709777832,-0.5491406321525574,-0.04323754832148552,0.5994497537612915,-0.605463981628418,-0.5254385471343994,-0.026829097419977188,0.5971665382385254,-0.605463981628418,-0.5254385471343994,-0.026829097419977188,0.5971665382385254,-0.16324006021022797,-0.5797832608222961,-0.23453199863433838,0.7630195617675781
-0.7000919580459595,0.3268016278743744,0.0719153881072998,-0.18358026444911957,-0.6025550365447998,-0.23583126068115234,0.7400062680244446,-1.0592929124832153,-0.15655939280986786,-0.3115915060043335,1.4242218732833862,0.17052485048770905,-0.25064706802368164,-0.7824640274047852,0.0705619603395462,0.5030465722084045,0.9077136516571045,0.1946902573108673,0.26179999113082886,-0.0,0.21380966901779175,0.6750994920730591,-0.16737453639507294,-1.009177565574646,0.017946097999811172,0.2991710901260376,-0.8177720308303833,0.302081823348999,-0.8294178247451782,0.03591997176408768,-0.0,0.08947490900754929,-0.04268288239836693,-0.21160325407981873,-1.432194471359253,-1.5699647665023804,-0.8680733442306519,2.538403034210205,0.3093436062335968,-0.6332140564918518,-0.9654163718223572,-0.13056635856628418,-0.32968950271606445,2.353053569793701,0.9603832364082336,-0.09497522562742233,1.5194605588912964,0.3874334394931793,0.0,0.0,2.527304172515869,0.259627103805542,1.5029748678207397,0.8205520510673523,0.5439447164535522,0.8494036793708801,-0.1858109086751938,-0.7833042144775391,2.327465295791626,-1.2061140537261963,0.0,0.0,0.0,-0.18358026444911957,-0.6025550365447998,-0.23583126068115234,0.7400062680244446,-0.18358026444911957,-0.6025550365447998,-0.23583126068115234,0.7400062680244446,-0.35230758786201477,-0.8571236729621887,-0.017164267599582672,0.37539806962013245,-0.3805847764015198,-0.8531566858291626,-0.08413858711719513,0.346698135137558,-0.24359412491321564,-0.9018775224685669,-0.136915385723114,0.3294435739517212,-0.09493185579776764,-0.46743765473365784,-0.2628152668476105,0.8387002348899841,-0.07220587134361267,-0.3943166136741638,-0.2699448764324188,0.875460147857666,-0.18106837570667267,-0.3574821352958679,-0.3171156644821167,0.85956871509552,-0.18106837570667267,-0.3574821352958679,-0.3171156644821167,0.85956871509552,-0.19710460305213928,-0.8477140069007874,-0.22342774271965027,0.43887442350387573,-0.18150122463703156,-0.8550676107406616,-0.1933867186307907,0.44555389881134033,-0.38859906792640686,-0.7829904556274414,-0.07641241699457169,0.47966429591178894,-0.31575649976730347,-0.4934210181236267,-0.23905214667320251,0.7743949890136719,-0.2910277843475342,-0.4158204197883606,-0.2686092257499695,0.8186850547790527,-0.181677907705307,-0.44732365012168884,-0.2120356559753418,0.8496679067611694,-0.181677907705307,-0.44732365012168884,-0.2120356559753418,0.8496679067611694,-0.18358026444911957,-0.6025550365447998,-0.23583126068115234,0.7400062680244446,-0.1614554077386856,-0.5190813541412354,-0.24907660484313965,0.80152827501297,0.11310269683599472,-0.5722772479057312,-0.06311361491680145,0.8097673654556274,0.1607801914215088,-0.5565878748893738,-0.1298535019159317,0.8046724200248718,0.09392882883548737,-0.870417058467865,-0.21640989184379578,0.4321090877056122,0.08535944670438766,-0.8710265159606934,-0.21435172855854034,0.43368181586265564,0.08535944670438766,-0.8710265159606934,-0.21435172855854034,0.43368181586265564,-0.14081555604934692,-0.4874798655509949,-0.26742708683013916,0.8191563487052917,-0.4548935890197754,-0.3409684896469116,-0.4391974210739136,0.6956421136856079,-0.4967684745788574,-0.2622026205062866,-0.3340301215648651,0.7568981051445007,-0.5964462161064148,-0.5314110517501831,-0.08709017932415009,0.5952054262161255,-0.6078512668609619,-0.5198871493339539,-0.07937031239271164,0.5949240326881409,-0.6078512668609619,-0.5198871493339539,-0.07937031239271164,0.5949240326881409,-0.18358026444911957,-0.6025550365447998,-0.23583126068115234,0.7400062680244446
-0.6983955502510071,0.32551607489585876,0.08532804995775223,-0.20115779340267181,-0.6200214624404907,-0.2347949743270874,0.7210965752601624,-0.9987246990203857,-0.1352778673171997,-0.31196925044059753,1.4655348062515259,0.1939273178577423,-0.2594275176525116,-0.7009842991828918,0.08703484386205673,0.5053166151046753,0.9265131950378418,0.18021847307682037,0.26179999113082886,-0.0,0.27612730860710144,0.6651890277862549,-0.14597560465335846,-0.9550995230674744,0.04783656820654869,0.31660765409469604,-0.814482569694519,0.28917014598846436,-0.7488517761230469,-0.020337918773293495,-0.0,0.05089223012328148,-0.03856658563017845,0.4023798406124115,-1.273555040359497,-1.1992237567901611,-0.6647623181343079,1.8170462846755981,0.6384457349777222,-0.011332332156598568,1.2393878698349,0.7020739912986755,-0.2634134888648987,2.4443917274475098,0.49418649077415466,0.06810128688812256,0.5639863014221191,-0.4341534972190857,0.0,0.0,1.869529128074646,-0.2973138988018036,0.6419678926467896,1.6223411560058594,0.8967140316963196,0.5230969190597534,0.09868382662534714,-0.38735029101371765,2.4169812202453613,-1.6877366304397583,0.0,0.0,0.0,-0.20115779340267181,-0.6200214624404907,-0.2347949743270874,0.7210965752601624,-0.20115779340267181,-0.6200214624404907,-0.2347949743270874,0.7210965752601624,-0.3620433807373047,-0.8529204726219177,-0.02370600216090679,0.37535223364830017,-0.3865845799446106,-0.8493679165840149,-0.08129844814538956,0.35002437233924866,-0.24993935227394104,-0.8991128206253052,-0.13468869030475616,0.33314481377601624,-0.09568922221660614,-0.44548365473747253,-0.26730936765670776,0.8490780591964722,-0.06936104595661163,-0.3611903190612793,-0.27531757950782776,0.8882178068161011,-0.1836695820093155,-0.32254353165626526,-0.3197247087955475,0.871783971786499,-0.1836695820093155,-0.32254353165626526,-0.3197247087955475,0.871783971786499,-0.2117002308368683,-0.8393622040748596,-0.21788674592971802,0.4507543444633484,-0.19189032912254333,-0.8480464220046997,-0.18116511404514313,0.4595373272895813,-0.39779165387153625,-0.77315354347229,-0.060538798570632935,0.4902350604534149,-0.3288125991821289,-0.4725964069366455,-0.23191682994365692,0.7840596437454224,-0.30660900473594666,-0.40012359619140625,-0.2605648934841156,0.8234063386917114,-0.19650956988334656,-0.4307110905647278,-0.20610898733139038,0.8563825488090515,-0.19650956988334656,-0.4307110905647278,-0.20610898733139038,0.8563825488090515,-0.20115779340267181,-0.6200214624404907,-0.2347949743270874,0.7210965752601624,-0.1723516285419464,-0.5133377909660339,-0.25395911931991577,0.8014262318611145,0.0987563356757164,-0.5681228637695312,-0.07243877649307251,0.8137789964675903,0.14017260074615479,-0.5556959509849548,-0.1310197114944458,0.8089421987533569,0.07941952347755432,-0.8603748083114624,-0.20470382273197174,0.45993924140930176,0.05667496100068092,-0.8616095781326294,-0.19846096634864807,0.4637133479118347,0.05667496100068092,-0.8616095781326294,-0.19846096634864807,0.4637133479118347,-0.15556436777114868,-0.50080806016922,-0.2706455588340759,0.8073053956031799,-0.462597519159317,-0.3526538014411926,-0.4468702971935272,0.6796659231185913,-0.504438579082489,-0.27630481123924255,-0.34865838289260864,0.7400234341621399,-0.6038382053375244,-0.5153498649597168,-0.12365563958883286,0.5954017639160156,-0.5974764823913574,-0.5219530463218689,-0.12804481387138367,0.5951398015022278,-0.5974764823913574,-0.5219530463218689,-0.12804481387138367,0.5951398015022278,-0.20115779340267181,-0.6200214624404907,-0.2347949743270874,0.7210965752601624
-0.697286069393158,0.3240944743156433,0.07995487004518509,-0.21563363075256348,-0.6313550472259521,-0.2309739738702774,0.7081977128982544,-0.957513153553009,-0.11094555258750916,-0.30755311250686646,1.4240504503250122,0.17209315299987793,-0.24280662834644318,-0.6495175361633301,0.10657091438770294,0.5045091509819031,0.9509752988815308,0.18248583376407623,0.26179999113082886,-0.0,0.11816854774951935,0.6493900418281555,-0.1674804836511612,-0.8922016620635986,0.07915085554122925,0.31501060724258423,-0.813868522644043,0.30396193265914917,-0.687141478061676,-0.05979137122631073,-0.0,0.03328442573547363,-0.042648013681173325,-0.16119538247585297,-1.083894968032837,-0.7202244400978088,-0.4181622862815857,1.2363462448120117,0.7299693822860718,0.13248413801193237,-1.2445305585861206,-0.6550248861312866,0.4986266493797302,1.5440027713775635,0.5860821008682251,-0.024223921820521355,0.7338630557060242,0.06802082061767578,0.0,0.0,-4.738762378692627,-0.47396954894065857,-0.6451463103294373,1.8869357109069824,0.9394285678863525,-0.047911401838064194,0.018421409651637077,0.44375357031822205,1.851308822631836,-1.1836035251617432,0.0,0.0,0.0,-0.21563363075256348,-0.6313550472259521,-0.2309739738702774,0.7081977128982544,-0.21563363075256348,-0.6313550472259521,-0.2309739738702774,0.7081977128982544,-0.3694456219673157,-0.8497933745384216,-0.02461322955787182,0.37517374753952026,-0.38967859745025635,-0.84712153673172,-0.07169159501791,0.35411298274993896,-0.2553256154060364,-0.8968127965927124,-0.1250855177640915,0.3389532268047333,-0.11156485229730606,-0.45746204257011414,-0.26151642203330994,0.8425502777099609,-0.08867725729942322,-0.3833604156970978,-0.27013683319091797,0.8787475228309631,-0.19444555044174194,-0.34782373905181885,-0.31457552313804626,0.8615403771400452,-0.19444555044174194,-0.34782373905181885,-0.31457552313804626,0.8615403771400452,-0.22341011464595795,-0.8344326019287109,-0.21092626452445984,0.45751529932022095,-0.1987256556749344,-0.8444822430610657,-0.16618481278419495,0.4687648117542267,-0.4032088816165924,-0.7681567072868347,-0.04392743483185768,0.4954071342945099,-0.33837202191352844,-0.456161230802536,-0.2236323058605194,0.7920920848846436,-0.316587895154953,-0.3820911645889282,-0.253533273935318,0.8303609490394592,-0.20549534261226654,-0.411915123462677,-0.20149123668670654,0.8645801544189453,-0.20549534261226654,-0.411915123462677,-0.20149123668670654,0.8645801544189453,-0.21563363075256348,-0.6313550472259521,-0.2309739738702774,0.7081977128982544,-0.20398621261119843,-0.5877173542976379,-0.24065309762954712,0.7450262308120728,0.04435054585337639,-0.6337810754776001,-0.04058506712317467,0.7711727619171143,0.09731465578079224,-0.6238069534301758,-0.10458529740571976,0.7684117555618286,0.058756645768880844,-0.8908755779266357,-0.15780815482139587,0.42188259959220886,0.020383141934871674,-0.8921363949775696,-0.14912988245487213,0.42595475912094116,0.020383141934871674,-0.8921363949775696,-0.14912988245487213,0.42595475912094116,-0.17058829963207245,-0.514798641204834,-0.26884642243385315,0.7959921956062317,-0.47170817852020264,-0.3663511276245117,-0.45064714550971985,0.6634721755981445,-0.5173417329788208,-0.28454700112342834,-0.3496876060962677,0.7273988723754883,-0.6113529801368713,-0.5011951327323914,-0.14020434021949768,0.5961490869522095,-0.5929095149040222,-0.5207862257957458,-0.15316127240657806,0.5947954654693604,-0.5929095149040222,-0.5207862257957458,-0.15316127240657806,0.5947954654693604,-0.21563363075256348,-0.6313550472259521,-0.2309739738702774,0.7081977128982544
-0.696416974067688,0.3236701488494873,0.07777400314807892,-0.2217603623867035,-0.6385332942008972,-0.2328021377325058,0.6992143988609314,-0.9358680844306946,-0.10203151404857635,-0.3011573553085327,1.4330607652664185,0.17131444811820984,-0.23100824654102325,-0.6054655313491821,0.11261025816202164,0.5115309953689575,0.9448376893997192,0.17343464493751526,0.26179999113082886,-0.0,0.14244256913661957,0.6311635971069336,-0.20258165895938873,-0.8486878871917725,0.08995117247104645,0.31926411390304565,-0.8166818022727966,0.3278889060020447,-0.643690824508667,-0.08453040570020676,-0.0,0.026072857901453972,-0.012729763053357601,-0.06542600691318512,-0.4068002998828888,-0.5840794444084167,-0.34140291810035706,0.6493520140647888,0.267421156167984,0.191872701048851,0.2703094482421875,-0.023361144587397575,0.35395142436027527,1.321560025215149,0.18118029832839966,0.2106553167104721,-0.1841282695531845,-0.2715356647968292,0.0,0.0,0.7282205820083618,-0.5467933416366577,-1.0530352592468262,1.3054131269454956,0.3240094780921936,0.12760519981384277,-0.08439838141202927,0.7178091406822205,1.3035194873809814,-0.7421709895133972,0.0,0.0,0.0,-0.2217603623867035,-0.6385332942008972,-0.2328021377325058,0.6992143988609314,-0.2217603623867035,-0.6385332942008972,-0.2328021377325058,0.6992143988609314,-0.3738889694213867,-0.8486341238021851,-0.02953575924038887,0.37303459644317627,-0.39242494106292725,-0.8460238575935364,-0.07277226448059082,0.35348331928253174,-0.2610721290111542,-0.8953184485435486,-0.12497494369745255,0.3385668694972992,-0.11479155719280243,-0.45278847217559814,-0.2657071650028229,0.8433298468589783,-0.09163877367973328,-0.3789794147014618,-0.27455368638038635,0.8789750933647156,-0.1923278272151947,-0.3448125720024109,-0.3164007067680359,0.8625571727752686,-0.1923278272151947,-0.3448125720024109,-0.3164007067680359,0.8625571727752686,-0.2294459342956543,-0.827961266040802,-0.21230745315551758,0.4655751883983612,-0.20288190245628357,-0.8385968804359436,-0.1653771698474884,0.4777495563030243,-0.4084354639053345,-0.759990930557251,-0.03913344815373421,0.5040464401245117,-0.3458922803401947,-0.4473872482776642,-0.22070227563381195,0.7946657538414001,-0.32547780871391296,-0.3768811821937561,-0.2498302310705185,0.830427348613739,-0.21430052816867828,-0.40626636147499084,-0.1984999179840088,0.8658064007759094,-0.21430052816867828,-0.40626636147499084,-0.1984999179840088,0.8658064007759094,-0.2217603623867035,-0.6385332942008972,-0.2328021377325058,0.6992143988609314,-0.20751753449440002,-0.586264967918396,-0.24483723938465118,0.7438310384750366,0.033593058586120605,-0.6333028674125671,-0.05078737810254097,0.771504819393158,0.09765512496232986,-0.6217672824859619,-0.12817253172397614,0.7664468288421631,0.0515444315969944,-0.8788928985595703,-0.17744792997837067,0.43977564573287964,0.00823589600622654,-0.8797736763954163,-0.16662728786468506,0.4451581537723541,0.00823589600622654,-0.8797736763954163,-0.16662728786468506,0.4451581537723541,-0.1756356954574585,-0.5217039585113525,-0.27200138568878174,0.7892986536026001,-0.4746154546737671,-0.3708016574382782,-0.45679962635040283,0.6546605229377747,-0.5239695906639099,-0.2818109691143036,-0.3489014506340027,0.7240899205207825,-0.6134322285652161,-0.48522302508354187,-0.151434525847435,0.6044229865074158,-0.5878119468688965,-0.5130083560943604,-0.17018330097198486,0.6019445061683655,-0.5878119468688965,-0.5130083560943604,-0.17018330097198486,0.6019445061683655,-0.2217603623867035,-0.6385332942008972,-0.2328021377325058,0.6992143988609314
-0.6958329081535339,0.3232421875,0.07621154934167862,-0.2276102602481842,-0.6388677954673767,-0.2340952306985855,0.696592390537262,-0.9336863160133362,-0.09252432733774185,-0.2970532178878784,1.4460889101028442,0.15310096740722656,-0.2096770703792572,-0.5816884636878967,0.10670053213834763,0.5043373703956604,0.9387755393981934,0.16340957581996918,0.2546662986278534,-0.0,0.1656324416399002,0.6115126609802246,-0.26139330863952637,-0.8121103048324585,0.0847155898809433,0.31804782152175903,-0.8217974305152893,0.3468568027019501,-0.6194131970405579,-0.08289951831102371,-0.0,0.017521977424621582,-0.012838839553296566,-0.046873610466718674,-0.2354404777288437,-0.04998129978775978,-0.31054624915122986,0.06545305252075195,0.2852155864238739,0.12312411516904831,0.39084431529045105,-0.5464044213294983,0.6399352550506592,0.7133119702339172,-0.17729176580905914,-0.21580873429775238,-0.18186448514461517,-0.30075204372406006,-0.21401076018810272,0.0,0.6956961154937744,-0.5895280241966248,-1.764349341392517,1.097327470779419,-0.1570674628019333,-0.036488767713308334,-0.15346883237361908,0.5690369009971619,0.7283287644386292,0.048926617950201035,0.0,0.0,0.0,-0.2276102602481842,-0.6388677954673767,-0.2340952306985855,0.696592390537262,-0.2276102602481842,-0.6388677954673767,-0.2340952306985855,0.696592390537262,-0.37944307923316956,-0.846823513507843,-0.028952041640877724,0.3715840280056,-0.39622125029563904,-0.8445785641670227,-0.06808298081159592,0.3536388874053955,-0.2668772339820862,-0.893913209438324,-0.11966527998447418,0.3396703898906708,-0.12092418223619461,-0.4455015957355499,-0.2663092017173767,0.846159040927887,-0.10020385682582855,-0.3794862627983093,-0.27477705478668213,0.8777510523796082,-0.19150733947753906,-0.34864822030067444,-0.3129803240299225,0.8624457716941833,-0.19150733947753906,-0.34864822030067444,-0.3129803240299225,0.8624457716941833,-0.23547688126564026,-0.8218788504600525,-0.2129185050725937,0.4730026423931122,-0.20991899073123932,-0.8320633769035339,-0.16878890991210938,0.4848864674568176,-0.41088369488716125,-0.7533724308013916,-0.04246930032968521,0.511664867401123,-0.3472341299057007,-0.44044506549835205,-0.22373531758785248,0.7971066832542419,-0.32781586050987244,-0.373920738697052,-0.25132808089256287,0.8303940296173096,-0.21971070766448975,-0.4028095006942749,-0.20180940628051758,0.8653003573417664,-0.21971070766448975,-0.4028095006942749,-0.20180940628051758,0.8653003573417664,-0.2276102602481842,-0.6388677954673767,-0.2340952306985855,0.696592390537262,-0.21082203090190887,-0.5779864192008972,-0.24846583604812622,0.7481647729873657,0.024164436385035515,-0.6259709596633911,-0.06295957416296005,0.7769250273704529,0.10589221119880676,-0.6111303567886353,-0.16327762603759766,0.7672333121299744,0.047250907868146896,-0.8610833287239075,-0.21143434941768646,0.4599982798099518,0.006930313538759947,-0.8615442514419556,-0.20021457970142365,0.46648430824279785,0.006930313538759947,-0.8615442514419556,-0.20021457970142365,0.46648430824279785,-0.18138906359672546,-0.5229790806770325,-0.2740398347377777,0.786443293094635,-0.48042237758636475,-0.36998677253723145,-0.460124671459198,0.6485286355018616,-0.5319490432739258,-0.27467140555381775,-0.3467383086681366,0.7220515012741089,-0.6179661750793457,-0.47076669335365295,-0.15484511852264404,0.6103437542915344,-0.5933863520622253,-0.4982655644416809,-0.17358818650245667,0.607857882976532,-0.5933863520622253,-0.4982655644416809,-0.17358818650245667,0.607857882976532,-0.2276102602481842,-0.6388677954673767,-0.2340952306985855,0.696592390537262
-0.6960199475288391,0.3229607045650482,0.07409016788005829,-0.23294997215270996,-0.6414844989776611,-0.23334839940071106,0.6926618814468384,-0.921105682849884,-0.06859713792800903,-0.2897171080112457,1.4367278814315796,0.14335380494594574,-0.20286045968532562,-0.5462160706520081,0.09052340686321259,0.4830440580844879,0.8946541547775269,0.1467355191707611,0.238724946975708,-0.0,0.16377504169940948,0.5707110166549683,-0.3211393654346466,-0.7108844518661499,0.10806296020746231,0.2991701662540436,-0.8093330264091492,0.38093072175979614,-0.5807348489761353,-0.08472943305969238,-0.0,-0.005611180793493986,-0.008444488048553467,-0.06364144384860992,-0.34223759174346924,-0.17483332753181458,-0.1929411143064499,0.37741896510124207,0.717815637588501,0.22008328139781952,-0.28083086013793945,-0.2924148440361023,0.2044983059167862,1.0641717910766602,-0.48531374335289,-0.6387993097305298,-1.3236414194107056,-0.5002216696739197,-0.4782405197620392,0.0,-0.05572199448943138,-1.2240492105484009,-1.7923816442489624,3.0367753505706787,0.7004210948944092,-0.5663296580314636,0.3739320933818817,1.0222175121307373,1.1603503227233887,-0.05489743873476982,0.0,0.0,0.0,-0.23294997215270996,-0.6414844989776611,-0.23334839940071106,0.6926618814468384,-0.23294997215270996,-0.6414844989776611,-0.23334839940071106,0.6926618814468384,-0.3826447129249573,-0.8452092409133911,-0.029352672398090363,0.3719445765018463,-0.3951743543148041,-0.8437055945396423,-0.05831919237971306,0.35860422253608704,-0.2692444324493408,-0.8919132947921753,-0.10947377979755402,0.3464297950267792,-0.13065911829471588,-0.4435027241706848,-0.25962525606155396,0.8478373885154724,-0.1117304190993309,-0.3816456198692322,-0.268315851688385,0.8774220943450928,-0.20000076293945312,-0.35251539945602417,-0.30558085441589355,0.8615990281105042,-0.20000076293945312,-0.35251539945602417,-0.30558085441589355,0.8615990281105042,-0.24032950401306152,-0.8144341707229614,-0.21236304938793182,0.48357072472572327,-0.2182036191225052,-0.8232086896896362,-0.17529547214508057,0.4939495027065277,-0.4087659418582916,-0.7471250295639038,-0.05206431448459625,0.5215399265289307,-0.3460252583026886,-0.4480169415473938,-0.22375616431236267,0.7933980822563171,-0.32869261503219604,-0.38865405321121216,-0.24851854145526886,0.8241041898727417,-0.22822017967700958,-0.4154820740222931,-0.20046964287757874,0.8573809862136841,-0.22822017967700958,-0.4154820740222931,-0.20046964287757874,0.8573809862136841,-0.23294997215270996,-0.6414844989776611,-0.23334839940071106,0.6926618814468384,-0.21641474962234497,-0.5815933346748352,-0.24802571535110474,0.7439066767692566,0.0017453883774578571,-0.6278935074806213,-0.07427825778722763,0.7747447490692139,0.10265857726335526,-0.6117588877677917,-0.19692736864089966,0.7592311501502991,0.04049616679549217,-0.8347827196121216,-0.2374466061592102,0.49509289860725403,-0.010041716508567333,-0.8345974683761597,-0.22085773944854736,0.5045474171638489,-0.010041716508567333,-0.8345974683761597,-0.22085773944854736,0.5045474171638489,-0.18963909149169922,-0.5334786772727966,-0.27187177538871765,0.7781537771224976,-0.4806913137435913,-0.3833523392677307,-0.4599507749080658,0.640641987323761,-0.5389624834060669,-0.2779814898967743,-0.33630290627479553,0.7205179333686829,-0.6180547475814819,-0.46227309107780457,-0.15548661351203918,0.6165515780448914,-0.5932164788246155,-0.49040284752845764,-0.17497287690639496,0.613990068435669,-0.5932164788246155,-0.49040284752845764,-0.17497287690639496,0.613990068435669,-0.23294997215270996,-0.6414844989776611,-0.23334839940071106,0.6926618814468384
-0.6972476840019226,0.32352983951568604,0.07328303903341293,-0.23360218107700348,-0.641269326210022,-0.23400509357452393,0.6924198865890503,-0.9200166463851929,-0.06426318734884262,-0.284214049577713,1.4423476457595825,0.12793339788913727,-0.19551831483840942,-0.5084055066108704,0.07918871194124222,0.48077040910720825,0.8326637744903564,0.13212724030017853,0.2293432205915451,-0.0,0.16080652177333832,0.5348718166351318,-0.36461639404296875,-0.6590507626533508,0.14190149307250977,0.29037487506866455,-0.800544798374176,0.40240323543548584,-0.551330029964447,-0.10209758579730988,-0.0,-0.036832090467214584,0.01707404851913452,-0.024213863536715508,-0.002199816517531872,-0.0004187374725006521,-0.05879056081175804,0.03267109394073486,0.13001851737499237,0.16509173810482025,0.1685929149389267,-0.46261218190193176,0.22026433050632477,1.1343169212341309,-0.34004083275794983,-0.06820946931838989,-1.8597112894058228,-0.43824833631515503,-0.2814517915248871,0.0,-0.08905559033155441,-1.0751760005950928,-1.3043107986450195,1.5550105571746826,1.0151559114456177,-0.26385873556137085,0.26364684104919434,0.6441753506660461,0.8821445107460022,-0.5210445523262024,0.0,0.0,0.0,-0.23360218107700348,-0.641269326210022,-0.23400509357452393,0.6924198865890503,-0.23360218107700348,-0.641269326210022,-0.23400509357452393,0.6924198865890503,-0.3833514153957367,-0.8446959257125854,-0.029942894354462624,0.372335821390152,-0.3951152265071869,-0.8432979583740234,-0.05706419423222542,0.35982805490493774,-0.2716967463493347,-0.890757143497467,-0.10745114088058472,0.34811896085739136,-0.1331063210964203,-0.4391350746154785,-0.26009148359298706,0.8495854735374451,-0.11620825529098511,-0.3839288353919983,-0.2680681049823761,0.8759188055992126,-0.20114615559577942,-0.3559313416481018,-0.3042609989643097,0.860394299030304,-0.20114615559577942,-0.3559313416481018,-0.3042609989643097,0.860394299030304,-0.24119840562343597,-0.8040581345558167,-0.21480894088745117,0.4991702437400818,-0.22125020623207092,-0.8119309544563293,-0.18281273543834686,0.5083265900611877,-0.40819036960601807,-0.7359104156494141,-0.056535445153713226,0.537233829498291,-0.35045871138572693,-0.45578598976135254,-0.21678170561790466,0.7889508605003357,-0.33538326621055603,-0.4027087092399597,-0.2394445538520813,0.817318856716156,-0.23966260254383087,-0.4274612367153168,-0.19179387390613556,0.8503257036209106,-0.23966260254383087,-0.4274612367153168,-0.19179387390613556,0.8503257036209106,-0.23360218107700348,-0.641269326210022,-0.23400509357452393,0.6924198865890503,-0.21732409298419952,-0.5825164318084717,-0.24848225712776184,0.7427660226821899,-0.013315700925886631,-0.6274726986885071,-0.0857137069106102,0.7737918496131897,0.10141714662313461,-0.6106730103492737,-0.22445638477802277,0.7526037096977234,0.03521847724914551,-0.8186138272285461,-0.26096612215042114,0.5104192495346069,-0.03035171888768673,-0.8172546029090881,-0.2376602590084076,0.524109959602356,-0.03035171888768673,-0.8172546029090881,-0.2376602590084076,0.524109959602356,-0.1915302723646164,-0.5366643667221069,-0.27156370878219604,0.7756034135818481,-0.4786195158958435,-0.3884236514568329,-0.4592195153236389,0.6396623253822327,-0.5406739115715027,-0.2770993709564209,-0.32837948203086853,0.7232251167297363,-0.6147364377975464,-0.45361655950546265,-0.15695296227931976,0.6258569359779358,-0.5850112438201904,-0.4872971177101135,-0.1809622049331665,0.6225399971008301,-0.5850112438201904,-0.4872971177101135,-0.1809622049331665,0.6225399971008301,-0.23360218107700348,-0.641269326210022,-0.23400509357452393,0.6924198865890503
-0.6984765529632568,0.32401567697525024,0.07259906083345413,-0.2341051697731018,-0.6404924988746643,-0.23391267657279968,0.6930000185966492,-0.9226703643798828,-0.060462940484285355,-0.2820175588130951,1.4002399444580078,0.1118309423327446,-0.19376109540462494,-0.4787304699420929,0.06400207430124283,0.4801633059978485,0.7669345140457153,0.10864099860191345,0.21919088065624237,-0.0,0.1596638709306717,0.506813108921051,-0.4111630618572235,-0.6112837791442871,0.16313272714614868,0.2852887511253357,-0.7805786728858948,0.4255032241344452,-0.5257328152656555,-0.1141495555639267,-0.0,-0.03686606511473656,0.014575122855603695,-0.02051934413611889,-0.005414515268057585,0.06295214593410492,-0.018256478011608124,-0.07961153239011765,0.11400739848613739,0.0658947229385376,-1.2632309198379517,-0.4830736517906189,0.05271657928824425,0.8902510404586792,-0.4555990993976593,-0.018213091418147087,-1.9718776941299438,-0.7045872211456299,-0.30457016825675964,0.0,-0.03427952527999878,-0.8417611718177795,-1.396399974822998,1.433009386062622,0.6369369626045227,-0.15258370339870453,0.5989837050437927,0.6929996013641357,0.7679163813591003,-0.36155906319618225,0.0,0.0,0.0,-0.2341051697731018,-0.6404924988746643,-0.23391267657279968,0.6930000185966492,-0.2341051697731018,-0.6404924988746643,-0.23391267657279968,0.6930000185966492,-0.384000688791275,-0.8445366024971008,-0.02895781397819519,0.37210601568222046,-0.3950728178024292,-0.8432753682136536,-0.05447227507829666,0.3603288531303406,-0.2726360559463501,-0.8904299139976501,-0.10457294434309006,0.3490968346595764,-0.1411251425743103,-0.45604315400123596,-0.25563570857048035,0.8406894207000732,-0.12661804258823395,-0.40834736824035645,-0.26312315464019775,0.8648621439933777,-0.20968161523342133,-0.38098087906837463,-0.30138835310935974,0.8485589027404785,-0.20968161523342133,-0.38098087906837463,-0.30138835310935974,0.8485589027404785,-0.24169614911079407,-0.7952986359596252,-0.2161557823419571,0.5122106075286865,-0.22518391907215118,-0.8018074631690979,-0.19059906899929047,0.5196815729141235,-0.4093806743621826,-0.7252658009529114,-0.061561521142721176,0.5500974059104919,-0.3566160500049591,-0.466779500246048,-0.21025541424751282,0.7814950942993164,-0.3446744680404663,-0.42366066575050354,-0.22930732369422913,0.8056855797767639,-0.25448375940322876,-0.4461996555328369,-0.18159319460391998,0.8385509848594666,-0.25448375940322876,-0.4461996555328369,-0.18159319460391998,0.8385509848594666,-0.2341051697731018,-0.6404924988746643,-0.23391267657279968,0.6930000185966492,-0.21794970333576202,-0.5821245908737183,-0.24832995235919952,0.7429408431053162,-0.024731634184718132,-0.6257910132408142,-0.09445880353450775,0.7738549709320068,0.10449473559856415,-0.6077309250831604,-0.25044697523117065,0.746337890625,0.03531298413872719,-0.8015179634094238,-0.284822940826416,0.5245930552482605,-0.03907375782728195,-0.7993196845054626,-0.25642067193984985,0.5420422554016113,-0.03907375782728195,-0.7993196845054626,-0.25642067193984985,0.5420422554016113,-0.19282251596450806,-0.5377538204193115,-0.2709379196166992,0.7747470140457153,-0.47307923436164856,-0.39423424005508423,-0.45515480637550354,0.6431248188018799,-0.539456844329834,-0.2771252393722534,-0.31563690304756165,0.7297679781913757,-0.6078201532363892,-0.4478355050086975,-0.15318328142166138,0.6375992894172668,-0.5746594667434692,-0.4850298762321472,-0.1807510405778885,0.6339097619056702,-0.5746594667434692,-0.4850298762321472,-0.1807510405778885,0.6339097619056702,-0.2341051697731018,-0.6404924988746643,-0.23391267657279968,0.6930000185966492
-0.698104977607727,0.32431942224502563,0.07277211546897888,-0.23384667932987213,-0.6436133980751038,-0.23726560175418854,0.689044713973999,-0.9181780815124512,-0.0490424782037735,-0.2758583128452301,1.4067296981811523,0.11016035079956055,-0.18949268758296967,-0.456286758184433,0.05011193826794624,0.46886876225471497,0.7071443796157837,0.0998169407248497,0.20372743904590607,-0.0,0.15397129952907562,0.4934556782245636,-0.45371779799461365,-0.5763043165206909,0.17179162800312042,0.1877264380455017,-0.7666027545928955,0.4546496570110321,-0.5008152723312378,-0.11058355122804642,-0.0,0.01114725973457098,0.009112357161939144,0.005191638600081205,0.04024117439985275,-0.3324936628341675,-0.14115644991397858,0.13476848602294922,0.3426138460636139,0.1847773641347885,0.19469259679317474,-0.05011774227023125,0.1280522346496582,0.6733112931251526,-0.41670405864715576,-0.33883628249168396,-1.7937039136886597,-0.26472172141075134,-0.4639032185077667,0.0,-0.1707771271467209,-0.4007228910923004,-1.2766419649124146,1.0493838787078857,0.2597670257091522,-2.9268691539764404,0.41927751898765564,0.8743929266929626,0.747526228427887,0.10698012262582779,0.0,0.0,0.0,-0.23384667932987213,-0.6436133980751038,-0.23726560175418854,0.689044713973999,-0.23384667932987213,-0.6436133980751038,-0.23726560175418854,0.689044713973999,-0.3850072920322418,-0.8450847268104553,-0.033577222377061844,0.369423508644104,-0.39394935965538025,-0.8440074324607849,-0.05428757891058922,0.3598725199699402,-0.27416351437568665,-0.8901567459106445,-0.10325168073177338,0.34899064898490906,-0.14231441915035248,-0.4531731605529785,-0.2560725212097168,0.8419070839881897,-0.12800121307373047,-0.40613695979118347,-0.26351892948150635,0.8655785322189331,-0.20931486785411835,-0.3793852925300598,-0.3007594645023346,0.8495868444442749,-0.20931486785411835,-0.3793852925300598,-0.3007594645023346,0.8495868444442749,-0.2419458031654358,-0.7911553978919983,-0.22036531567573547,0.5166957378387451,-0.22892490029335022,-0.7964279651641846,-0.2004750519990921,0.5225951075553894,-0.4076673984527588,-0.7214647531509399,-0.07359611243009567,0.5548688769340515,-0.35696709156036377,-0.4847122132778168,-0.21019893884658813,0.7703537940979004,-0.34603625535964966,-0.4456774592399597,-0.22774548828601837,0.7935757637023926,-0.2635456919670105,-0.4665261507034302,-0.18124504387378693,0.8246498107910156,-0.2635456919670105,-0.4665261507034302,-0.18124504387378693,0.8246498107910156,-0.23384667932987213,-0.6436133980751038,-0.23726560175418854,0.689044713973999,-0.21805018186569214,-0.587688148021698,-0.2511848509311676,0.7375519871711731,-0.0313129760324955,-0.6312384605407715,-0.10004580020904541,0.7684714198112488,0.11259917169809341,-0.6112386584281921,-0.27042657136917114,0.7352402210235596,0.041598495095968246,-0.7923467755317688,-0.30480772256851196,0.5268285870552063,-0.036137357354164124,-0.790086030960083,-0.274452269077301,0.5469315648078918,-0.036137357354164124,-0.790086030960083,-0.274452269077301,0.5469315648078918,-0.20683562755584717,-0.5777028799057007,-0.2621504068374634,0.744819164276123,-0.4703772962093353,-0.4377417266368866,-0.4591792821884155,0.6134181022644043,-0.5502378940582275,-0.31199854612350464,-0.3160478472709656,0.7071130871772766,-0.6165701150894165,-0.4683685004711151,-0.1593204289674759,0.6124452948570251,-0.583674430847168,-0.5048509240150452,-0.18439744412899017,0.6086437702178955,-0.583674430847168,-0.5048509240150452,-0.18439744412899017,0.6086437702178955,-0.23384667932987213,-0.6436133980751038,-0.23726560175418854,0.689044713973999
-0.6984264254570007,0.32504135370254517,0.07344058156013489,-0.23169445991516113,-0.6446300745010376,-0.24086277186870575,0.6875717043876648,-0.9210348129272461,-0.04876531660556793,-0.2729271948337555,1.423349380493164,0.10097543895244598,-0.19106554985046387,-0.43182963132858276,0.02581636793911457,0.45508483052253723,0.6390537023544312,0.08241013437509537,0.18865756690502167,-0.0,0.14462526142597198,0.47960108518600464,-0.4858977198600769,-0.5448772311210632,0.18283456563949585,0.14528989791870117,-0.7555267810821533,0.4808841645717621,-0.4811970591545105,-0.1246504858136177,-0.0,-0.009643434546887875,0.02165794186294079,0.020053980872035027,0.19274955987930298,-0.18002571165561676,-0.0723099634051323,-0.08570193499326706,0.008314847946166992,0.08793353289365768,0.4985904395580292,-0.2755473554134369,-0.04718586429953575,0.7337137460708618,-0.7288670539855957,-0.41351792216300964,-2.042720317840576,-0.5222041606903076,-0.4520961344242096,0.0,-0.28038114309310913,-0.4156377613544464,-0.9653975963592529,0.9428125023841858,0.33128809928894043,-1.2730960845947266,0.33227917551994324,0.7870351672172546,0.5885463356971741,-0.4220080077648163,0.0,0.0,0.0,-0.23169445991516113,-0.6446300745010376,-0.24086277186870575,0.6875717043876648,-0.23169445991516113,-0.6446300745010376,-0.24086277186870575,0.6875717043876648,-0.38509875535964966,-0.845977246761322,-0.037225160747766495,0.3669273555278778,-0.3939300775527954,-0.8448182344436646,-0.057839229702949524,0.35742950439453125,-0.275338351726532,-0.890554666519165,-0.10592637956142426,0.3462381064891815,-0.13932442665100098,-0.44826048612594604,-0.2600390613079071,0.843819260597229,-0.12602369487285614,-0.4051049053668976,-0.2667388916015625,0.8653660416603088,-0.20799419283866882,-0.3778141438961029,-0.3041645884513855,0.8493990898132324,-0.20799419283866882,-0.3778141438961029,-0.3041645884513855,0.8493990898132324,-0.2404145747423172,-0.7847964763641357,-0.22544866800308228,0.5248507261276245,-0.23361986875534058,-0.7876411080360413,-0.21529987454414368,0.5279101729393005,-0.40527722239494324,-0.7146377563476562,-0.0906621590256691,0.5628708600997925,-0.3562852144241333,-0.5016582608222961,-0.21337784826755524,0.7588608264923096,-0.34719303250312805,-0.4699723720550537,-0.2278733253479004,0.7788817286491394,-0.2722874879837036,-0.4893462061882019,-0.18259407579898834,0.8081207871437073,-0.2722874879837036,-0.4893462061882019,-0.18259407579898834,0.8081207871437073,-0.23169445991516113,-0.6446300745010376,-0.24086277186870575,0.6875717043876648,-0.2166454792022705,-0.5923154950141907,-0.25382086634635925,0.7333498597145081,-0.036269139498472214,-0.6356513500213623,-0.10587767511606216,0.7638205885887146,0.11900979280471802,-0.6141519546508789,-0.2867027819156647,0.7255725264549255,0.047473497688770294,-0.7841308116912842,-0.32080015540122986,0.5291241407394409,-0.034685179591178894,-0.7817814946174622,-0.28802281618118286,0.551957905292511,-0.034685179591178894,-0.7817814946174622,-0.28802281618118286,0.551957905292511,-0.2106979340314865,-0.5941795706748962,-0.26014450192451477,0.731356143951416,-0.4655972421169281,-0.4563327729701996,-0.46096089482307434,0.6020752787590027,-0.5537638068199158,-0.32354801893234253,-0.3115716874599457,0.7011315226554871,-0.6172047257423401,-0.47247886657714844,-0.1606246381998062,0.6082941293716431,-0.5798042416572571,-0.5135257244110107,-0.18854081630706787,0.6037968993186951,-0.5798042416572571,-0.5135257244110107,-0.18854081630706787,0.6037968993186951,-0.23169445991516113,-0.6446300745010376,-0.24086277186870575,0.6875717043876648
-0.6993510723114014,0.32607340812683105,0.07444613426923752,-0.22826237976551056,-0.6437559723854065,-0.24446165561676025,0.6882681250572205,-0.9271554946899414,-0.04895782470703125,-0.2690255045890808,1.4346227645874023,0.09051038324832916,-0.18335336446762085,-0.4055923819541931,0.01375443022698164,0.45166289806365967,0.5810012817382812,0.08802095800638199,0.18704785406589508,-0.0,0.13477785885334015,0.4631201922893524,-0.502936840057373,-0.5167961716651917,0.19413402676582336,0.1019887775182724,-0.736379086971283,0.4926247000694275,-0.4626898169517517,-0.1327027678489685,-0.0,-0.027739403769373894,0.03096163086593151,0.03016657941043377,0.303100049495697,-0.036633770912885666,-0.017811158671975136,-0.18362043797969818,-0.005775242578238249,0.11705069988965988,0.33820149302482605,-0.31395164132118225,0.23136554658412933,0.7871174216270447,-0.3618580996990204,-0.10265796631574631,-1.7415724992752075,0.16832469403743744,-0.04829138144850731,0.0,-0.2954220473766327,-0.49442675709724426,-0.5111736059188843,0.8424317240715027,0.33898380398750305,-1.299033522605896,0.5744307637214661,0.35221603512763977,0.5552172660827637,-0.2415684461593628,0.0,0.0,0.0,-0.22826237976551056,-0.6437559723854065,-0.24446165561676025,0.6882681250572205,-0.22826237976551056,-0.6437559723854065,-0.24446165561676025,0.6882681250572205,-0.38426047563552856,-0.84666907787323,-0.04041679948568344,0.3658713400363922,-0.3931005895137787,-0.8454262018203735,-0.0611281618475914,0.3563563823699951,-0.27617165446281433,-0.8905069828033447,-0.10836603492498398,0.34493958950042725,-0.13688068091869354,-0.44431471824645996,-0.26320648193359375,0.8453226685523987,-0.12483314424753189,-0.4056176543235779,-0.2691294550895691,0.8645579218864441,-0.20345774292945862,-0.37927594780921936,-0.3051328957080841,0.8494990468025208,-0.20345774292945862,-0.37927594780921936,-0.3051328957080841,0.8494990468025208,-0.23758572340011597,-0.7763625383377075,-0.23092275857925415,0.5361799597740173,-0.23389270901679993,-0.7779322862625122,-0.22557812929153442,0.537801206111908,-0.4021458327770233,-0.7058067321777344,-0.09942759573459625,0.5746561884880066,-0.35681694746017456,-0.5116339325904846,-0.21044905483722687,0.7527440190315247,-0.34721246361732483,-0.4780206084251404,-0.2259438931941986,0.7745251059532166,-0.27336400747299194,-0.49703192710876465,-0.18031525611877441,0.8035656809806824,-0.27336400747299194,-0.49703192710876465,-0.18031525611877441,0.8035656809806824,-0.22826237976551056,-0.6437559723854065,-0.24446165561676025,0.6882681250572205,-0.21403715014457703,-0.5950745344161987,-0.25633704662323,0.7310032248497009,-0.040561895817518234,-0.6380201578140259,-0.11292789876461029,0.7606131434440613,0.12092147767543793,-0.6161400675773621,-0.29889702796936035,0.7186167240142822,0.05006789416074753,-0.7768024206161499,-0.33177345991134644,0.5329142808914185,-0.036630552262067795,-0.7741670608520508,-0.2963419258594513,0.5581263899803162,-0.036630552262067795,-0.7741670608520508,-0.2963419258594513,0.5581263899803162,-0.21346907317638397,-0.6086363196372986,-0.2579588294029236,0.7193399667739868,-0.458072304725647,-0.4749995172023773,-0.4597351551055908,0.594296932220459,-0.5527984499931335,-0.34009331464767456,-0.30825164914131165,0.6955080032348633,-0.6139403581619263,-0.482037216424942,-0.16373991966247559,0.6032467484474182,-0.5735189318656921,-0.525460422039032,-0.19297964870929718,0.5981021523475647,-0.5735189318656921,-0.525460422039032,-0.19297964870929718,0.5981021523475647,-0.22826237976551056,-0.6437559723854065,-0.24446165561676025,0.6882681250572205
-0.6995499730110168,0.3263304531574249,0.07435289770364761,-0.22812539339065552,-0.645392119884491,-0.245515376329422,0.6864036917686462,-0.9531564116477966,-0.0452699288725853,-0.2701036334037781,1.4431226253509521,0.05686098709702492,-0.1628740280866623,-0.38890188932418823,0.001367832301184535,0.43895432353019714,0.541003942489624,0.08488573133945465,0.17981822788715363,-0.0,0.1301385909318924,0.45438259840011597,-0.5134086012840271,-0.4921533465385437,0.21134239435195923,0.10618983209133148,-0.7108230590820312,0.498403400182724,-0.4401586651802063,-0.1443244367837906,-0.0,-0.005967020522803068,0.007711350452154875,-0.0027970967348665,-0.0031759808771312237,-0.156021848320961,-0.043162137269973755,-0.780027449131012,0.110636867582798,-0.03234386444091797,0.25499582290649414,-1.0094817876815796,0.6143800616264343,0.5007147789001465,-0.37159791588783264,-0.38125720620155334,-1.1999200582504272,-0.09405679255723953,-0.21688877046108246,0.0,-0.13917803764343262,-0.2621278166770935,-0.3141528069972992,0.7392846941947937,0.5162510275840759,0.12603163719177246,0.7666807770729065,0.17336098849773407,0.6759344935417175,-0.3486500382423401,0.0,0.0,0.0,-0.22812539339065552,-0.645392119884491,-0.245515376329422,0.6864036917686462,-0.22812539339065552,-0.645392119884491,-0.245515376329422,0.6864036917686462,-0.3881237208843231,-0.8505428433418274,-0.035575512796640396,0.3530881106853485,-0.3960157632827759,-0.8495197892189026,-0.05481676384806633,0.34421324729919434,-0.27802902460098267,-0.8951045870780945,-0.10066305845975876,0.3336983323097229,-0.14224356412887573,-0.4515954256057739,-0.25922954082489014,0.8418006896972656,-0.13481704890727997,-0.42748335003852844,-0.2631683051586151,0.8542978167533875,-0.20386484265327454,-0.40465864539146423,-0.29707062244415283,0.8404995799064636,-0.20386484265327454,-0.40465864539146423,-0.29707062244415283,0.8404995799064636,-0.23737330734729767,-0.772750735282898,-0.2326379418373108,0.5407307744026184,-0.23700344562530518,-0.7729097008705139,-0.23210939764976501,0.5408929586410522,-0.3995954692363739,-0.7027684450149536,-0.10877854377031326,0.5784524083137512,-0.35599765181541443,-0.5226423144340515,-0.21160098910331726,0.7452085018157959,-0.3466987907886505,-0.4905523657798767,-0.22651545703411102,0.7667131423950195,-0.2764567732810974,-0.5089093446731567,-0.18155480921268463,0.7947457432746887,-0.2764567732810974,-0.5089093446731567,-0.18155480921268463,0.7947457432746887,-0.22812539339065552,-0.645392119884491,-0.245515376329422,0.6864036917686462,-0.21434493362903595,-0.5985506772994995,-0.2569975256919861,0.7278362512588501,-0.044897668063640594,-0.64105623960495,-0.11557473987340927,0.7574124336242676,0.12085559219121933,-0.6193497180938721,-0.30442652106285095,0.7135294675827026,0.05220487713813782,-0.7721137404441833,-0.3359653651714325,0.5368820428848267,-0.04182115197181702,-0.7690690159797668,-0.2967298626899719,0.564566433429718,-0.04182115197181702,-0.7690690159797668,-0.2967298626899719,0.564566433429718,-0.21264949440956116,-0.608887255191803,-0.2595394253730774,0.7188016176223755,-0.4494854807853699,-0.4805203080177307,-0.45519736409187317,0.5998820066452026,-0.5468285083770752,-0.34574899077415466,-0.3004397451877594,0.7008367776870728,-0.6042537093162537,-0.4824303388595581,-0.1646515280008316,0.6123955249786377,-0.5600294470787048,-0.5289221405982971,-0.19709108769893646,0.6064350008964539,-0.5600294470787048,-0.5289221405982971,-0.19709108769893646,0.6064350008964539,-0.22812539339065552,-0.645392119884491,-0.245515376329422,0.6864036917686462
-0.7002723813056946,0.3269304633140564,0.07461634278297424,-0.22577542066574097,-0.6480151414871216,-0.24648652970790863,0.6843582987785339,-0.9491339921951294,-0.04184326156973839,-0.2628931999206543,1.4488990306854248,0.062315598130226135,-0.16636143624782562,-0.3673367202281952,-0.009943699464201927,0.43364468216896057,0.5028817653656006,0.08778510242700577,0.17802618443965912,-0.0,0.1266731172800064,0.45171546936035156,-0.5309486389160156,-0.4795320928096771,0.21128034591674805,0.11690159142017365,-0.6962559819221497,0.5028694272041321,-0.42697450518608093,-0.14732737839221954,-0.0,-0.021672246977686882,0.018000302836298943,0.00790335237979889,0.06775258481502533,-0.2351425588130951,0.05677534639835358,0.12067257612943649,0.10280001163482666,0.21631298959255219,0.1732921451330185,0.16363832354545593,-0.1046222373843193,0.6469550132751465,-0.33934593200683594,-0.15928922593593597,-1.1436651945114136,0.08698112517595291,-0.05376129969954491,0.0,-0.10396420210599899,-0.08001386374235153,-0.5262011289596558,0.3786375820636749,-0.0018614529399201274,0.3213527500629425,0.43701228499412537,0.13398081064224243,0.3955247700214386,-0.09008824080228806,0.0,0.0,0.0,-0.22577542066574097,-0.6480151414871216,-0.24648652970790863,0.6843582987785339,-0.22577542066574097,-0.6480151414871216,-0.24648652970790863,0.6843582987785339,-0.38625967502593994,-0.851765513420105,-0.03865620866417885,0.3518589437007904,-0.3935360610485077,-0.8507704138755798,-0.05646677315235138,0.3437013328075409,-0.2786320447921753,-0.8950112462043762,-0.10102804005146027,0.33333534002304077,-0.14170396327972412,-0.44933292269706726,-0.2603122293949127,0.8427677154541016,-0.13352574408054352,-0.4228602647781372,-0.26460036635398865,0.8563566207885742,-0.20421431958675385,-0.39941394329071045,-0.29881876707077026,0.8423017859458923,-0.20421431958675385,-0.39941394329071045,-0.29881876707077026,0.8423017859458923,-0.23482997715473175,-0.7685186862945557,-0.2348603457212448,0.5468770861625671,-0.23754605650901794,-0.7673414945602417,-0.23867838084697723,0.5457027554512024,-0.397060364484787,-0.6982722878456116,-0.1156943142414093,0.5842719674110413,-0.35579007863998413,-0.530948281288147,-0.21084482967853546,0.7396295070648193,-0.34619584679603577,-0.4979831278324127,-0.22625328600406647,0.7622143030166626,-0.27706775069236755,-0.5161245465278625,-0.18108902871608734,0.7899719476699829,-0.27706775069236755,-0.5161245465278625,-0.18108902871608734,0.7899719476699829,-0.22577542066574097,-0.6480151414871216,-0.24648652970790863,0.6843582987785339,-0.2123277336359024,-0.6025880575180054,-0.25753453373908997,0.7249003648757935,-0.04459918662905693,-0.644956648349762,-0.11604876071214676,0.7540388107299805,0.12775668501853943,-0.6216163039207458,-0.31016260385513306,0.7078633308410645,0.05940466374158859,-0.7694956660270691,-0.342528373003006,0.5357441306114197,-0.0343819223344326,-0.767051637172699,-0.30337297916412354,0.5642822980880737,-0.0343819223344326,-0.767051637172699,-0.30337297916412354,0.5642822980880737,-0.2086421549320221,-0.6078370213508606,-0.2617390751838684,0.7200661897659302,-0.4417687654495239,-0.48208534717559814,-0.4533948600292206,0.6056956052780151,-0.5404982566833496,-0.3477722704410553,-0.2956438362598419,0.7067607641220093,-0.5957763195037842,-0.4819609522819519,-0.16544203460216522,0.6208003759384155,-0.5505275726318359,-0.528835654258728,-0.1991930603981018,0.6144708395004272,-0.5505275726318359,-0.528835654258728,-0.1991930603981018,0.6144708395004272,-0.22577542066574097,-0.6480151414871216,-0.24648652970790863,0.6843582987785339
-0.700969934463501,0.32730281352996826,0.0743652954697609,-0.22578103840351105,-0.6484977006912231,-0.2468404918909073,0.6837714314460754,-0.9559378623962402,-0.03764854371547699,-0.24847973883152008,1.4594411849975586,0.07346224784851074,-0.16902689635753632,-0.3465951681137085,-0.012839526869356632,0.42816632986068726,0.4623038172721863,0.09240740537643433,0.17951099574565887,-0.0,0.12449364364147186,0.4498158395290375,-0.535942018032074,-0.46267402172088623,0.21128349006175995,0.07347312569618225,-0.6802115440368652,0.5064601898193359,-0.4124539792537689,-0.149285227060318,-0.0,-0.020926592871546745,0.011170505546033382,-0.007531418930739164,-0.0015549754025414586,-0.04734442010521889,-0.016894934698939323,-0.204116091132164,0.12584152817726135,0.4324038028717041,0.3162645995616913,0.3343994617462158,-0.0799637958407402,0.622246503829956,-0.086874820291996,-0.16435055434703827,-1.2173383235931396,0.13866908848285675,0.04454433545470238,0.0,-0.06538420915603638,-0.05698889121413231,-0.1498013585805893,0.5057421326637268,9.432434308109805e-05,-1.3028539419174194,0.4813331067562103,0.10772287100553513,0.43561574816703796,-0.05873545631766319,0.0,0.0,0.0,-0.22578103840351105,-0.6484977006912231,-0.2468404918909073,0.6837714314460754,-0.22578103840351105,-0.6484977006912231,-0.2468404918909073,0.6837714314460754,-0.38735413551330566,-0.8527438044548035,-0.037458594888448715,0.34839868545532227,-0.39384347200393677,-0.8518876433372498,-0.05350328981876373,0.3410457372665405,-0.2852414548397064,-0.8941266536712646,-0.09535345435142517,0.3317868411540985,-0.14903931319713593,-0.44525739550590515,-0.2612321972846985,0.8433806300163269,-0.13934558629989624,-0.4139857292175293,-0.2665291428565979,0.8591628670692444,-0.21137265861034393,-0.39000967144966125,-0.300523579120636,0.844333827495575,-0.21137265861034393,-0.39000967144966125,-0.300523579120636,0.844333827495575,-0.2345704585313797,-0.7627467513084412,-0.2360537350177765,0.5545022487640381,-0.23812536895275116,-0.7612156271934509,-0.2409454882144928,0.5529849529266357,-0.3944108188152313,-0.6932481527328491,-0.11796253174543381,0.5915504693984985,-0.35689565539360046,-0.5392863154411316,-0.205184206366539,0.7346394658088684,-0.3470378816127777,-0.5047798156738281,-0.22144927084445953,0.7587636113166809,-0.27762913703918457,-0.5225975513458252,-0.17531190812587738,0.7868161201477051,-0.27762913703918457,-0.5225975513458252,-0.17531190812587738,0.7868161201477051,-0.22578103840351105,-0.6484977006912231,-0.2468404918909073,0.6837714314460754,-0.2125519961118698,-0.6039086580276489,-0.25770899653434753,0.72367262840271,-0.045807790011167526,-0.6461724042892456,-0.11653683334589005,0.752849280834198,0.1285177618265152,-0.622696578502655,-0.31208184361457825,0.7059299349784851,0.06220734119415283,-0.7655977606773376,-0.3437303304672241,0.5402219891548157,-0.03130491450428963,-0.763465404510498,-0.3040373921394348,0.5689480304718018,-0.03130491450428963,-0.763465404510498,-0.3040373921394348,0.5689480304718018,-0.2150849997997284,-0.6235166788101196,-0.2565270662307739,0.7065120339393616,-0.43844789266586304,-0.5022271871566772,-0.44982996582984924,0.5942931175231934,-0.5429645776748657,-0.3672327697277069,-0.2937855124473572,0.6957151889801025,-0.5966082215309143,-0.4944850206375122,-0.16785795986652374,0.6093987822532654,-0.5500185489654541,-0.5419755578041077,-0.20101071894168854,0.6027742624282837,-0.5500185489654541,-0.5419755578041077,-0.20101071894168854,0.6027742624282837,-0.22578103840351105,-0.6484977006912231,-0.2468404918909073,0.6837714314460754
-0.7005764245986938,0.3275434672832489,0.07474993169307709,-0.225849911570549,-0.6490119695663452,-0.24996235966682434,0.682124674320221,-0.9593589901924133,-0.03164493292570114,-0.2417169213294983,1.5185354948043823,0.0792354866862297,-0.16625060141086578,-0.33382219076156616,-0.01791604794561863,0.4203353524208069,0.433951199054718,0.10100814700126648,0.18020835518836975,-0.0,0.12381817400455475,0.44939643144607544,-0.5389583110809326,-0.4500160813331604,0.2196982204914093,0.08065581321716309,-0.6615957617759705,0.5054997801780701,-0.397548109292984,-0.15945377945899963,-0.0,0.011805295012891293,0.007219612132757902,0.011539085768163204,0.08872108906507492,-0.12644538283348083,-0.1481812596321106,-0.10263382643461227,0.18010830879211426,0.2028845101594925,1.7728291749954224,0.17319715023040771,0.08328884094953537,0.38318929076194763,-0.15229561924934387,-0.23492930829524994,-0.8505784869194031,0.2580222487449646,0.020920781418681145,0.0,-0.02026408724486828,-0.01258224155753851,-0.09048878401517868,0.3797381818294525,0.2524419128894806,0.21548061072826385,0.5584734678268433,-0.028812287375330925,0.447176069021225,-0.30505654215812683,0.0,0.0,0.0,-0.225849911570549,-0.6490119695663452,-0.24996235966682434,0.682124674320221,-0.225849911570549,-0.6490119695663452,-0.24996235966682434,0.682124674320221,-0.3893071711063385,-0.8528606295585632,-0.039599813520908356,0.34568852186203003,-0.3947278559207916,-0.8521273136138916,-0.05308865010738373,0.33948570489883423,-0.28911224007606506,-0.8935016393661499,-0.0936313048005104,0.3306087255477905,-0.1452498584985733,-0.4205048382282257,-0.26693668961524963,0.8548818230628967,-0.13456322252750397,-0.3863152265548706,-0.27248018980026245,0.8708661198616028,-0.20640625059604645,-0.36235740780830383,-0.30361494421958923,0.8566863536834717,-0.20640625059604645,-0.36235740780830383,-0.30361494421958923,0.8566863536834717,-0.2349170446395874,-0.7591686248779297,-0.23957599699497223,0.5577457547187805,-0.23990385234355927,-0.7569920420646667,-0.246366947889328,0.5556190013885498,-0.39255163073539734,-0.6902855038642883,-0.12503047287464142,0.5947911739349365,-0.3564312756061554,-0.5460554361343384,-0.20660626888275146,0.7294477820396423,-0.34554678201675415,-0.5085347890853882,-0.2243364155292511,0.7560839653015137,-0.27611082792282104,-0.5266581177711487,-0.17766724526882172,0.7841099500656128,-0.27611082792282104,-0.5266581177711487,-0.17766724526882172,0.7841099500656128,-0.225849911570549,-0.6490119695663452,-0.24996235966682434,0.682124674320221,-0.21250399947166443,-0.6047717928886414,-0.2607792019844055,0.7218638062477112,-0.04632190614938736,-0.6476734280586243,-0.11947306990623474,0.7510656118392944,0.12943679094314575,-0.6240488290786743,-0.3154968023300171,0.703044056892395,0.06423839926719666,-0.762861430644989,-0.34659647941589355,0.5420209765434265,-0.032779499888420105,-0.7606456279754639,-0.3049893081188202,0.5721234679222107,-0.032779499888420105,-0.7606456279754639,-0.3049893081188202,0.5721234679222107,-0.21396544575691223,-0.621609091758728,-0.2605735659599304,0.7070518732070923,-0.4320138394832611,-0.5032739043235779,-0.448343425989151,0.5992224812507629,-0.5368523001670837,-0.37005576491355896,-0.2913319766521454,0.6999814510345459,-0.5886611342430115,-0.4939064085483551,-0.1713140457868576,0.6165922284126282,-0.5387477278709412,-0.5440043210983276,-0.20728284120559692,0.6089695692062378,-0.5387477278709412,-0.5440043210983276,-0.20728284120559692,0.6089695692062378,-0.225849911570549,-0.6490119695663452,-0.24996235966682434,0.682124674320221
-0.700538694858551,0.327885240316391,0.0752544030547142,-0.2254408448934555,-0.6479518413543701,-0.25264453887939453,0.682279646396637,-0.9736257791519165,-0.03548262268304825,-0.2332047075033188,1.532835841178894,0.09322565048933029,-0.16794832050800323,-0.32315513491630554,-0.020423823967576027,0.4213091731071472,0.4037998914718628,0.10580865293741226,0.17972105741500854,-0.0,0.12383683025836945,0.4495615065097809,-0.5395351052284241,-0.44443199038505554,0.22531192004680634,0.08899229764938354,-0.6537653207778931,0.5093768835067749,-0.3911146819591522,-0.16734738647937775,-0.0,0.0011318920878693461,0.01025319006294012,0.01513413991779089,0.13918781280517578,0.006941838189959526,-0.10588720440864563,-0.4280036389827728,-0.11513068526983261,0.25536641478538513,0.4290103614330292,0.4197048842906952,-0.05093156918883324,0.3200116455554962,-0.07523327320814133,0.02921461872756481,-0.904539167881012,0.14401516318321228,-0.014618932269513607,0.0,0.0005596875562332571,0.004952251445502043,-0.017303824424743652,0.16752271354198456,0.16841097176074982,0.25009453296661377,0.23491321504116058,0.11631309241056442,0.19300280511379242,-0.2368081957101822,0.0,0.0,0.0,-0.2254408448934555,-0.6479518413543701,-0.25264453887939453,0.682279646396637,-0.2254408448934555,-0.6479518413543701,-0.25264453887939453,0.682279646396637,-0.3918668031692505,-0.853684663772583,-0.03881481662392616,0.3408171534538269,-0.3978513479232788,-0.8528617024421692,-0.053953398019075394,0.3338116407394409,-0.29592931270599365,-0.8933558464050293,-0.09242212027311325,0.32526811957359314,-0.14908717572689056,-0.4179805815219879,-0.2718253433704376,0.853918194770813,-0.1362592726945877,-0.377737432718277,-0.2784769535064697,0.8724668622016907,-0.2089577317237854,-0.35304898023605347,-0.30917859077453613,0.8579636812210083,-0.2089577317237854,-0.35304898023605347,-0.30917859077453613,0.8579636812210083,-0.23478463292121887,-0.7549208998680115,-0.24273018538951874,0.5621855854988098,-0.24051328003406525,-0.7524028420448303,-0.2504265606403351,0.559758722782135,-0.39252403378486633,-0.6854791045188904,-0.12784512341022491,0.5997490882873535,-0.35891392827033997,-0.5512868762016296,-0.20396150648593903,0.7250264286994934,-0.34762635827064514,-0.5121763944625854,-0.22265538573265076,0.7531638741493225,-0.2786351144313812,-0.5300909280776978,-0.17579449713230133,0.7813209295272827,-0.2786351144313812,-0.5300909280776978,-0.17579449713230133,0.7813209295272827,-0.2254408448934555,-0.6479518413543701,-0.25264453887939453,0.682279646396637,-0.21192389726638794,-0.6036988496780396,-0.26343193650245667,0.7219692468643188,-0.045670896768569946,-0.6472286581993103,-0.12224476039409637,0.751042902469635,0.13017766177654266,-0.6233973503112793,-0.31835129857063293,0.7021979689598083,0.0651605874300003,-0.7605284452438354,-0.349250465631485,0.5434838533401489,-0.03414011001586914,-0.7581974864006042,-0.3063026964664459,0.5745865106582642,-0.03414011001586914,-0.7581974864006042,-0.3063026964664459,0.5745865106582642,-0.21219214797019958,-0.6176512837409973,-0.26430824398994446,0.7096636891365051,-0.42882367968559265,-0.5000779628753662,-0.44863566756248474,0.6039522290229797,-0.5336362719535828,-0.36656567454338074,-0.2890855669975281,0.7051889300346375,-0.5843728184700012,-0.489671528339386,-0.17167788743972778,0.6239045858383179,-0.5321274399757385,-0.5418721437454224,-0.21008752286434174,0.6156932711601257,-0.5321274399757385,-0.5418721437454224,-0.21008752286434174,0.6156932711601257,-0.2254408448934555,-0.6479518413543701,-0.25264453887939453,0.682279646396637
-0.7004379034042358,0.32825136184692383,0.07582632452249527,-0.2248411774635315,-0.6473841667175293,-0.2556082606315613,0.6819124221801758,-0.9807340502738953,-0.03920772671699524,-0.22729478776454926,1.5422180891036987,0.09523627907037735,-0.17148391902446747,-0.3113304078578949,-0.025921475142240524,0.42075613141059875,0.3748689889907837,0.10992875695228577,0.17882391810417175,-0.0,0.12340341508388519,0.45013245940208435,-0.5415863394737244,-0.4380532503128052,0.224485382437706,0.09711155295372009,-0.6455451250076294,0.5150493383407593,-0.3885262608528137,-0.17177994549274445,-0.0,0.0030237433966249228,0.010983644984662533,0.017157644033432007,0.14340758323669434,-0.04021671041846275,-0.11125732213258743,-0.2132481187582016,-0.11175311356782913,0.17729757726192474,0.2814674377441406,0.060318853706121445,-0.1060679480433464,0.35474178194999695,-0.16492952406406403,-0.016591250896453857,-0.8679270148277283,0.12360311299562454,-0.02691417746245861,0.0,-0.013002454303205013,0.017128586769104004,-0.06153702363371849,0.1913621872663498,-0.024796126410365105,0.24357764422893524,0.24660585820674896,0.17017363011837006,0.07765262573957443,-0.13297677040100098,0.0,0.0,0.0,-0.2248411774635315,-0.6473841667175293,-0.2556082606315613,0.6819124221801758,-0.2248411774635315,-0.6473841667175293,-0.2556082606315613,0.6819124221801758,-0.3935328722000122,-0.8538941144943237,-0.04008780047297478,0.33821552991867065,-0.4000871479511261,-0.8529441952705383,-0.0568186491727829,0.33043625950813293,-0.30077987909317017,-0.892812967300415,-0.09392455220222473,0.32186123728752136,-0.15024179220199585,-0.41595518589019775,-0.2769797146320343,0.8530480265617371,-0.13688722252845764,-0.374878466129303,-0.28381726145744324,0.8718805909156799,-0.21104954183101654,-0.34919607639312744,-0.31487807631492615,0.8569550514221191,-0.21104954183101654,-0.34919607639312744,-0.31487807631492615,0.8569550514221191,-0.2344237118959427,-0.7506980299949646,-0.24620944261550903,0.5664618015289307,-0.24174559116363525,-0.7474439740180969,-0.25591808557510376,0.5633759498596191,-0.3925040364265442,-0.6804807186126709,-0.132626011967659,0.6043979525566101,-0.3609161674976349,-0.5559395551681519,-0.20344193279743195,0.7206122875213623,-0.3491946756839752,-0.5155119299888611,-0.22296224534511566,0.7500655651092529,-0.2808242738246918,-0.5333616137504578,-0.17604005336761475,0.778249979019165,-0.2808242738246918,-0.5333616137504578,-0.17604005336761475,0.778249979019165,-0.2248411774635315,-0.6473841667175293,-0.2556082606315613,0.6819124221801758,-0.21118953824043274,-0.6033161878585815,-0.26631852984428406,0.7214450836181641,-0.044857628643512726,-0.6475347280502319,-0.12495916336774826,0.7503811120986938,0.13174715638160706,-0.623307466506958,-0.3214866518974304,0.7005546689033508,0.0669761598110199,-0.7583433389663696,-0.3523041307926178,0.5443449020385742,-0.03177504986524582,-0.7561830282211304,-0.30936816334724426,0.5757333636283875,-0.03177504986524582,-0.7561830282211304,-0.30936816334724426,0.5757333636283875,-0.2102212756872177,-0.6142739653587341,-0.26827675104141235,0.7116895914077759,-0.4251112937927246,-0.49745598435401917,-0.44926878809928894,0.6082561016082764,-0.5303537249565125,-0.36326736211776733,-0.2866422235965729,0.7103506326675415,-0.5803797245025635,-0.48671260476112366,-0.17065225541591644,0.6301968097686768,-0.526839017868042,-0.5399373769760132,-0.21066607534885406,0.6217138171195984,-0.526839017868042,-0.5399373769760132,-0.21066607534885406,0.6217138171195984,-0.2248411774635315,-0.6473841667175293,-0.2556082606315613,0.6819124221801758
-0.6999788284301758,0.3285786211490631,0.07668519020080566,-0.2240878939628601,-0.6465376019477844,-0.2595481276512146,0.6814752817153931,-0.9895026683807373,-0.04917561635375023,-0.2196817547082901,1.5499895811080933,0.0946706086397171,-0.17273955047130585,-0.30339333415031433,-0.02959410659968853,0.424465149641037,0.3495597839355469,0.11758987605571747,0.18031075596809387,-0.0,0.12429122626781464,0.4484182596206665,-0.544623076915741,-0.4309370219707489,0.23045490682125092,0.10003939270973206,-0.6407076716423035,0.5186489820480347,-0.3859528601169586,-0.17627769708633423,-0.0,0.013772248290479183,0.009817778132855892,0.02576596848666668,0.19094350934028625,-0.04704640805721283,-0.15006400644779205,-0.26305854320526123,-0.2990366816520691,0.22839097678661346,0.23314474523067474,-0.016970112919807434,-0.03766893967986107,0.2381121963262558,-0.11017893999814987,0.11127053946256638,-0.7592760920524597,0.22983355820178986,0.044605132192373276,0.0,0.02663433365523815,-0.0514259897172451,-0.09110211580991745,0.21348683536052704,0.17908571660518646,0.08783518522977829,0.14512358605861664,0.10798930376768112,0.07720201462507248,-0.13493254780769348,0.0,0.0,0.0,-0.2240878939628601,-0.6465376019477844,-0.2595481276512146,0.6814752817153931,-0.2240878939628601,-0.6465376019477844,-0.2595481276512146,0.6814752817153931,-0.39570775628089905,-0.8540186285972595,-0.04190368205308914,0.3351292908191681,-0.40382739901542664,-0.8527302742004395,-0.06288734823465347,0.3252994120121002,-0.30791735649108887,-0.8918589353561401,-0.09816772490739822,0.3164452910423279,-0.15129458904266357,-0.4157453775405884,-0.28558701276779175,0.850121021270752,-0.13761182129383087,-0.3750539720058441,-0.2924260199069977,0.8688408732414246,-0.21204718947410583,-0.3484305739402771,-0.3236890733242035,0.8537315130233765,-0.21204718947410583,-0.3484305739402771,-0.3236890733242035,0.8537315130233765,-0.2341126948595047,-0.747349739074707,-0.2505117654800415,0.5691251754760742,-0.24250812828540802,-0.7435612082481384,-0.26154249906539917,0.5655988454818726,-0.39369288086891174,-0.6757953763008118,-0.1365349143743515,0.6080005764961243,-0.3639526665210724,-0.5597734451293945,-0.20291459560394287,0.7162526249885559,-0.35140031576156616,-0.5167184472084045,-0.22395022213459015,0.7479078769683838,-0.2826365828514099,-0.534782886505127,-0.17651882767677307,0.7765081524848938,-0.2826365828514099,-0.534782886505127,-0.17651882767677307,0.7765081524848938,-0.2240878939628601,-0.6465376019477844,-0.2595481276512146,0.6814752817153931,-0.21008899807929993,-0.6021757125854492,-0.2702792286872864,0.7212462425231934,-0.044471971690654755,-0.6471960544586182,-0.1296292394399643,0.7499038577079773,0.1330816149711609,-0.6226186156272888,-0.3268986940383911,0.6984071731567383,0.0682033821940422,-0.7552717328071594,-0.35747748613357544,0.5450896620750427,-0.032893016934394836,-0.752959132194519,-0.3131592273712158,0.5778424739837646,-0.032893016934394836,-0.752959132194519,-0.3131592273712158,0.5778424739837646,-0.20882633328437805,-0.6124266982078552,-0.2725449800491333,0.7120704054832458,-0.42243480682373047,-0.49544385075569153,-0.4515336751937866,0.610083281993866,-0.5278345942497253,-0.36094456911087036,-0.28710412979125977,0.7132186889648438,-0.5777081251144409,-0.4842497706413269,-0.17234639823436737,0.6340758800506592,-0.5228691101074219,-0.53864985704422,-0.2137756496667862,0.6251113414764404,-0.5228691101074219,-0.53864985704422,-0.2137756496667862,0.6251113414764404,-0.2240878939628601,-0.6465376019477844,-0.2595481276512146,0.6814752817153931
-0.6996724009513855,0.3287651240825653,0.07718484848737717,-0.2236403375864029,-0.6463518142700195,-0.26192420721054077,0.6808891296386719,-0.9892259836196899,-0.06201735883951187,-0.21414124965667725,1.5966817140579224,0.08511608093976974,-0.1853543072938919,-0.2981191873550415,-0.03457885980606079,0.42313089966773987,0.3331376910209656,0.12191418558359146,0.17739348113536835,-0.0,0.1219596117734909,0.45220401883125305,-0.5406748652458191,-0.4197962284088135,0.22484995424747467,0.10348573327064514,-0.6323285698890686,0.5208185315132141,-0.3845408260822296,-0.1779107004404068,-0.0,0.009192823432385921,0.005595087539404631,0.014989747665822506,0.10548578947782516,-0.05405842140316963,-0.0914187878370285,0.008300542831420898,-0.3852522671222687,0.16621513664722443,1.4007638692855835,-0.2866358160972595,-0.3784426748752594,0.15822438895702362,-0.14954258501529694,-0.040027495473623276,-0.4926627576351166,0.1297292858362198,-0.08751823753118515,0.0,-0.06994843482971191,0.11357276886701584,0.11844634264707565,0.33422377705574036,-0.16814856231212616,0.10339020937681198,0.2513730525970459,0.0650864839553833,0.04236101731657982,-0.048990096896886826,0.0,0.0,0.0,-0.2236403375864029,-0.6463518142700195,-0.26192420721054077,0.6808891296386719,-0.2236403375864029,-0.6463518142700195,-0.26192420721054077,0.6808891296386719,-0.39634430408477783,-0.8536107540130615,-0.04433709755539894,0.3351031243801117,-0.40654322504997253,-0.8518257737159729,-0.07078088819980621,0.3226538896560669,-0.3131837546825409,-0.8903934359550476,-0.10485633462667465,0.313242107629776,-0.14347165822982788,-0.3970582187175751,-0.2974807620048523,0.8563094139099121,-0.13068537414073944,-0.36026686429977417,-0.3033154308795929,0.8724269866943359,-0.2108629047870636,-0.33065059781074524,-0.3353545069694519,0.8565887808799744,-0.2108629047870636,-0.33065059781074524,-0.3353545069694519,0.8565887808799744,-0.23388925194740295,-0.7454527020454407,-0.25311020016670227,0.5705535411834717,-0.24371835589408875,-0.7409653663635254,-0.2659601867198944,0.5664246678352356,-0.39388009905815125,-0.6732657551765442,-0.14108625054359436,0.6096444725990295,-0.3650365173816681,-0.5628685355186462,-0.2044387310743332,0.7128338813781738,-0.3519042730331421,-0.5183977484703064,-0.2262968122959137,0.7457995414733887,-0.28445765376091003,-0.5364053845405579,-0.17948731780052185,0.774039626121521,-0.28445765376091003,-0.5364053845405579,-0.17948731780052185,0.774039626121521,-0.2236403375864029,-0.6463518142700195,-0.26192420721054077,0.6808891296386719,-0.20976729691028595,-0.6028817892074585,-0.2724340856075287,0.7199380993843079,-0.043032169342041016,-0.6486114263534546,-0.1303456872701645,0.748639702796936,0.1335909068584442,-0.6239676475524902,-0.3258678913116455,0.697587251663208,0.07066430896520615,-0.7534018158912659,-0.3559783697128296,0.5483353734016418,-0.0278518944978714,-0.7516038417816162,-0.3124163746833801,0.5802688598632812,-0.0278518944978714,-0.7516038417816162,-0.3124163746833801,0.5802688598632812,-0.20772205293178558,-0.6110671162605286,-0.275328665971756,0.712490439414978,-0.4189561605453491,-0.49517348408699036,-0.45167699456214905,0.6125902533531189,-0.5247723460197449,-0.360916405916214,-0.2858057916164398,0.7160086631774902,-0.5743115544319153,-0.4843706786632538,-0.17205668985843658,0.6371402740478516,-0.5188878178596497,-0.5389724969863892,-0.21414533257484436,0.6280174255371094,-0.5188878178596497,-0.5389724969863892,-0.21414533257484436,0.6280174255371094,-0.2236403375864029,-0.6463518142700195,-0.26192420721054077,0.6808891296386719
-0.6994572877883911,0.32920610904693604,0.07823687046766281,-0.22160257399082184,-0.6461689472198486,-0.26548951864242554,0.6803479194641113,-0.9927606582641602,-0.07608839869499207,-0.20269174873828888,1.5948587656021118,0.07969663292169571,-0.2008967399597168,-0.29059886932373047,-0.04226307198405266,0.4197218716144562,0.31101369857788086,0.1321163922548294,0.1754821389913559,-0.0,0.12454451620578766,0.4555736780166626,-0.5368930101394653,-0.4080241322517395,0.21686029434204102,0.11099720001220703,-0.6291579604148865,0.5241132974624634,-0.38712236285209656,-0.17774726450443268,-0.0,0.006453394424170256,0.013229547999799252,0.031560659408569336,0.2171284705400467,-0.09338349103927612,-0.0775875523686409,-0.10604023188352585,-0.42213118076324463,0.3434849977493286,-0.05468844994902611,-0.16258342564105988,-0.4662729501724243,0.22560952603816986,-0.23052635788917542,-0.10227083414793015,-0.6637197136878967,0.3060661852359772,-0.05734026059508324,0.0,0.07754712551832199,0.10108976811170578,0.1134556457400322,0.35316285490989685,-0.23968978226184845,0.2253439873456955,0.09511827677488327,0.09884297102689743,-0.0774460956454277,0.0049030776135623455,0.0,0.0,0.0,-0.22160257399082184,-0.6461689472198486,-0.26548951864242554,0.6803479194641113,-0.22160257399082184,-0.6461689472198486,-0.26548951864242554,0.6803479194641113,-0.3966355621814728,-0.8538416028022766,-0.047646280378103256,0.3337133824825287,-0.4090413749217987,-0.8514115214347839,-0.08008769154548645,0.31838586926460266,-0.32080310583114624,-0.8884265422821045,-0.11188863962888718,0.3086495101451874,-0.14403317868709564,-0.39975088834762573,-0.30771440267562866,0.8513315916061401,-0.13166019320487976,-0.3655184209346771,-0.31320807337760925,0.8665809631347656,-0.21789686381816864,-0.3322675824165344,-0.3482833206653595,0.8490099906921387,-0.21789686381816864,-0.3322675824165344,-0.3482833206653595,0.8490099906921387,-0.23218296468257904,-0.7428145408630371,-0.2571950852870941,0.5728597640991211,-0.24423563480377197,-0.7372141480445862,-0.27283331751823425,0.5678258538246155,-0.39245638251304626,-0.6701595187187195,-0.14855562150478363,0.6122053861618042,-0.36471226811408997,-0.5672538876533508,-0.20754700899124146,0.7086129188537598,-0.3502165973186493,-0.5192410349845886,-0.23116905987262726,0.7445119023323059,-0.283628910779953,-0.5375006198883057,-0.18477946519851685,0.7723369002342224,-0.283628910779953,-0.5375006198883057,-0.18477946519851685,0.7723369002342224,-0.22160257399082184,-0.6461689472198486,-0.26548951864242554,0.6803479194641113,-0.20720866322517395,-0.6017946600914001,-0.2760799527168274,0.720199704170227,-0.03921917453408241,-0.6485943794250488,-0.1330498903989792,0.7483881711959839,0.13609139621257782,-0.6232799291610718,-0.32704395055770874,0.697168231010437,0.07468683272600174,-0.7494087815284729,-0.3569938540458679,0.5525972843170166,-0.02003573626279831,-0.7482905387878418,-0.3145293891429901,0.5837217569351196,-0.02003573626279831,-0.7482905387878418,-0.3145293891429901,0.5837217569351196,-0.20431309938430786,-0.6082814335823059,-0.2797184884548187,0.7141480445861816,-0.41525572538375854,-0.4918816387653351,-0.45420387387275696,0.6158847212791443,-0.5208691358566284,-0.3577027916908264,-0.2862111032009125,0.7202966809272766,-0.5707851648330688,-0.48286041617393494,-0.1723603457212448,0.6413595080375671,-0.5154800415039062,-0.5371438264846802,-0.21482303738594055,0.6321454644203186,-0.5154800415039062,-0.5371438264846802,-0.21482303738594055,0.6321454644203186,-0.22160257399082184,-0.6461689472198486,-0.26548951864242554,0.6803479194641113
-0.6994012594223022,0.3294624388217926,0.07890835404396057,-0.22058548033237457,-0.6445879340171814,-0.26757562160491943,0.6813602447509766,-1.0035096406936646,-0.08505046367645264,-0.19635789096355438,1.597091794013977,0.07909084111452103,-0.2036990523338318,-0.2886512577533722,-0.04619117081165314,0.4189077317714691,0.30175578594207764,0.1454096883535385,0.17587736248970032,-0.0,0.1249084621667862,0.45630818605422974,-0.5330782532691956,-0.39749589562416077,0.21317563951015472,0.11600741744041443,-0.6263527870178223,0.5242069363594055,-0.3870254158973694,-0.18014004826545715,-0.0,0.0016808508662506938,0.007689892780035734,0.02014450542628765,0.1610419601202011,0.05984761193394661,-0.0506194531917572,-0.32246944308280945,-0.26886194944381714,0.19001571834087372,0.06699085235595703,-0.01817375235259533,-0.08406936377286911,0.05842834338545799,-0.11784295737743378,-0.024424193426966667,-0.2777373790740967,0.3987988531589508,0.011856704019010067,0.0,0.01091837789863348,0.02203523926436901,0.11444269865751266,0.3158470690250397,-0.11053963750600815,0.15030650794506073,0.08415519446134567,0.0028091666754335165,0.002908408408984542,-0.07178350538015366,0.0,0.0,0.0,-0.22058548033237457,-0.6445879340171814,-0.26757562160491943,0.6813602447509766,-0.22058548033237457,-0.6445879340171814,-0.26757562160491943,0.6813602447509766,-0.39794549345970154,-0.8542206883430481,-0.04729779437184334,0.3312239646911621,-0.4116668701171875,-0.8514376878738403,-0.08357001841068268,0.31400689482688904,-0.3262253701686859,-0.8876895308494568,-0.11394693702459335,0.3043031096458435,-0.14599846303462982,-0.4013994038105011,-0.3131954073905945,0.848216712474823,-0.13350209593772888,-0.3675512373447418,-0.31872260570526123,0.8634229302406311,-0.2205975204706192,-0.3332408666610718,-0.3544411361217499,0.8453748822212219,-0.2205975204706192,-0.3332408666610718,-0.3544411361217499,0.8453748822212219,-0.2314702868461609,-0.7407549619674683,-0.25951236486434937,0.5747668147087097,-0.2446819543838501,-0.7345643639564514,-0.2765498161315918,0.5692680478096008,-0.39206916093826294,-0.6676344871520996,-0.15214022994041443,0.6143283247947693,-0.36474746465682983,-0.5677125453948975,-0.20934222638607025,0.7076987624168396,-0.348577082157135,-0.5148049592971802,-0.2352847307920456,0.7470682859420776,-0.28161856532096863,-0.533479630947113,-0.18916262686252594,0.774795413017273,-0.28161856532096863,-0.533479630947113,-0.18916262686252594,0.774795413017273,-0.22058548033237457,-0.6445879340171814,-0.26757562160491943,0.6813602447509766,-0.20601414144039154,-0.6000244617462158,-0.278124064207077,0.7212321162223816,-0.03754723072052002,-0.6473812460899353,-0.13520319759845734,0.7491380572319031,0.1361950933933258,-0.6219991445541382,-0.32797926664352417,0.6978521347045898,0.07622261345386505,-0.745402455329895,-0.35734823346138,0.5575550198554993,-0.016598250716924667,-0.7445833086967468,-0.31504005193710327,0.5882771015167236,-0.016598250716924667,-0.7445833086967468,-0.31504005193710327,0.5882771015167236,-0.20238710939884186,-0.6048855185508728,-0.28236818313598633,0.7165341377258301,-0.4132942855358124,-0.4884711802005768,-0.45498812198638916,0.6193299293518066,-0.5180957913398743,-0.3548335134983063,-0.28601357340812683,0.7237859964370728,-0.5679829716682434,-0.4807187020778656,-0.1726846545934677,0.6453563570976257,-0.5120283365249634,-0.5354964137077332,-0.21611420810222626,0.635897159576416,-0.5120283365249634,-0.5354964137077332,-0.21611420810222626,0.635897159576416,-0.22058548033237457,-0.6445879340171814,-0.26757562160491943,0.6813602447509766
-0.6994749307632446,0.3295659124851227,0.07911037653684616,-0.22060512006282806,-0.6428837776184082,-0.2683088779449463,0.6826742887496948,-1.0149065256118774,-0.08375874161720276,-0.19148756563663483,1.596817135810852,0.07918480783700943,-0.1983114778995514,-0.2877492308616638,-0.04651655629277229,0.41716909408569336,0.2956010699272156,0.15006975829601288,0.17566823959350586,-0.0,0.12171201407909393,0.45655688643455505,-0.5225167870521545,-0.38869112730026245,0.20881333947181702,0.11824619770050049,-0.6233040690422058,0.5224854946136475,-0.38501113653182983,-0.17716297507286072,-0.0,-0.0022101402282714844,0.0031042096670717,0.006060674320906401,0.0723070278763771,0.11110033839941025,-0.03219466283917427,-0.34190651774406433,0.03875165805220604,0.14610974490642548,-0.00823974609375,0.002819001441821456,0.16162721812725067,0.02706080488860607,-0.009761563502252102,-0.05215912684798241,-0.18464146554470062,0.13980209827423096,-0.006273686420172453,0.0,-0.09589343518018723,0.007461010944098234,0.3168439567089081,0.26414304971694946,-0.13086900115013123,0.06716340780258179,0.09146153181791306,-0.0516432486474514,0.060428377240896225,0.08931218832731247,0.0,0.0,0.0,-0.22060512006282806,-0.6428837776184082,-0.2683088779449463,0.6826742887496948,-0.22060512006282806,-0.6428837776184082,-0.2683088779449463,0.6826742887496948,-0.39960625767707825,-0.8545680046081543,-0.04508449509739876,0.3286271095275879,-0.41301456093788147,-0.8519311547279358,-0.08082327246665955,0.31160861253738403,-0.3296804130077362,-0.8875125050544739,-0.11024213582277298,0.30245494842529297,-0.1511061042547226,-0.4027160704135895,-0.3130646049976349,0.8467450737953186,-0.13859595358371735,-0.3688845634460449,-0.3188003599643707,0.8620218634605408,-0.22324959933757782,-0.33551353216171265,-0.3537515699863434,0.8440676331520081,-0.22324959933757782,-0.33551353216171265,-0.3537515699863434,0.8440676331520081,-0.2316279113292694,-0.7389736771583557,-0.2603178024291992,0.5766290426254272,-0.24497544765472412,-0.7327198386192322,-0.2774331271648407,0.5710862874984741,-0.3913938105106354,-0.6661097407341003,-0.15316186845302582,0.616157591342926,-0.3645715117454529,-0.5681101679801941,-0.20912982523441315,0.7075331211090088,-0.3478683829307556,-0.513471782207489,-0.2358713001012802,0.7481303811073303,-0.2809004485607147,-0.5321832895278931,-0.18991965055465698,0.7757618427276611,-0.2809004485607147,-0.5321832895278931,-0.18991965055465698,0.7757618427276611,-0.22060512006282806,-0.6428837776184082,-0.2683088779449463,0.6826742887496948,-0.20636588335037231,-0.5994139909744263,-0.27859556674957275,0.7214572429656982,-0.03774575889110565,-0.6469100713729858,-0.1357201188802719,0.7494415640830994,0.13250145316123962,-0.6225307583808899,-0.3249228000640869,0.6995169520378113,0.07456310838460922,-0.7438597679138184,-0.3531564176082611,0.5624886751174927,-0.016274264082312584,-0.743107795715332,-0.3112279772758484,0.5921680927276611,-0.016274264082312584,-0.743107795715332,-0.3112279772758484,0.5921680927276611,-0.20201168954372406,-0.6023202538490295,-0.28338247537612915,0.7183981537818909,-0.4125639498233795,-0.4864114820957184,-0.45442184805870056,0.6218485832214355,-0.5165789723396301,-0.3534751832485199,-0.28539907932281494,0.7257746458053589,-0.5661555528640747,-0.47917118668556213,-0.17295685410499573,0.6480345726013184,-0.5112518072128296,-0.5329460501670837,-0.21595124900341034,0.6387136578559875,-0.5112518072128296,-0.5329460501670837,-0.21595124900341034,0.6387136578559875,-0.22060512006282806,-0.6428837776184082,-0.2683088779449463,0.6826742887496948
-0.6998420357704163,0.32962721586227417,0.07920492440462112,-0.21970315277576447,-0.6421087384223938,-0.267341285943985,0.684072732925415,-1.0292857885360718,-0.07698158174753189,-0.18996062874794006,1.591636300086975,0.09097890555858612,-0.1903989613056183,-0.2922152578830719,-0.04123404249548912,0.42732399702072144,0.28275787830352783,0.18197034299373627,0.19308063387870789,-0.0,0.09051404893398285,0.47158923745155334,-0.5295197367668152,-0.40260472893714905,0.19430141150951385,0.09671816229820251,-0.6357799172401428,0.529299259185791,-0.41276416182518005,-0.16939835250377655,-0.0,-0.011013149283826351,0.001839101198129356,0.0028364358004182577,0.030609292909502983,0.08397524058818817,0.08667892217636108,-0.4313778579235077,0.20331478118896484,0.0458081029355526,-0.1554250568151474,0.3538229167461395,0.23737548291683197,-0.13398081064224243,0.15847539901733398,0.3046470582485199,-0.38529571890830994,0.9570174813270569,0.5223718285560608,0.0,-0.9359388947486877,0.45097050070762634,-0.21008847653865814,-0.4174080193042755,-0.43535780906677246,-0.6458410024642944,-0.37427541613578796,0.20441292226314545,-0.8325906991958618,0.23293866217136383,0.0,0.0,0.0,-0.21970315277576447,-0.6421087384223938,-0.267341285943985,0.684072732925415,-0.21970315277576447,-0.6421087384223938,-0.267341285943985,0.684072732925415,-0.40015527606010437,-0.8561896681785583,-0.04110514372587204,0.324230432510376,-0.41233569383621216,-0.8539737462997437,-0.07402198016643524,0.3085917830467224,-0.3294884264469147,-0.8892295956611633,-0.1029544398188591,0.3001808226108551,-0.15698881447315216,-0.4077342748641968,-0.3074357509613037,0.8453345894813538,-0.14284615218639374,-0.3688719570636749,-0.31425660848617554,0.86300128698349,-0.22423256933689117,-0.33732977509498596,-0.3478970229625702,0.845515251159668,-0.22423256933689117,-0.33732977509498596,-0.3478970229625702,0.845515251159668,-0.2307625114917755,-0.7397453784942627,-0.2593730688095093,0.5764122605323792,-0.24259652197360992,-0.7342410087585449,-0.27456822991371155,0.5715324282646179,-0.39276862144470215,-0.6661049127578735,-0.14713704586029053,0.6167558431625366,-0.36811697483062744,-0.5725528597831726,-0.20101341605186462,0.7044619917869568,-0.3483303189277649,-0.5061774253845215,-0.23362895846366882,0.7535701394081116,-0.2740713953971863,-0.5263400077819824,-0.1837504357099533,0.7836369276046753,-0.2740713953971863,-0.5263400077819824,-0.1837504357099533,0.7836369276046753,-0.21970315277576447,-0.6421087384223938,-0.267341285943985,0.684072732925415,-0.2092311978340149,-0.609939694404602,-0.27504438161849976,0.7131244540214539,-0.03684450313448906,-0.6573167443275452,-0.12494213879108429,0.7422713041305542,0.13815809786319733,-0.6318365931510925,-0.3150463402271271,0.6945794820785522,0.08005649596452713,-0.7557748556137085,-0.3453202247619629,0.550589919090271,-0.0053196861408650875,-0.7558923959732056,-0.30786392092704773,0.5777699947357178,-0.0053196861408650875,-0.7558923959732056,-0.30786392092704773,0.5777699947357178,-0.20459945499897003,-0.6090219616889954,-0.27970466017723083,0.7134400010108948,-0.4173433184623718,-0.4910828471183777,-0.4560483396053314,0.61374431848526,-0.5235225558280945,-0.3549555838108063,-0.28680419921875,0.7194956541061401,-0.5760373473167419,-0.487674355506897,-0.16459007561206818,0.6350313425064087,-0.5230830907821655,-0.5397412180900574,-0.2044847160577774,0.6270961165428162,-0.5230830907821655,-0.5397412180900574,-0.2044847160577774,0.6270961165428162,-0.21970315277576447,-0.6421087384223938,-0.267341285943985,0.684072732925415
-0.7001295685768127,0.3298451006412506,0.07942462712526321,-0.21939285099506378,-0.6405888199806213,-0.26804405450820923,0.6853212118148804,-1.0262525081634521,-0.07153858989477158,-0.1885526031255722,1.6347038745880127,0.09220677614212036,-0.18897898495197296,-0.28732502460479736,-0.033957917243242264,0.43483373522758484,0.27840137481689453,0.1872340440750122,0.20573069155216217,-0.0,0.08729173243045807,0.47109708189964294,-0.5228362679481506,-0.39689376950263977,0.19701345264911652,0.10087412595748901,-0.6312941908836365,0.5236718654632568,-0.40990617871284485,-0.16901147365570068,-0.0,-0.008625984191894531,0.006536542903631926,0.006591081153601408,0.08064933121204376,0.09624229371547699,-0.016899507492780685,0.09099840372800827,0.16328974068164825,0.04224076494574547,1.2920271158218384,0.03683611378073692,0.04259928688406944,0.1467069834470749,0.2182837426662445,0.2252921313047409,-0.13069510459899902,0.157911017537117,0.37950170040130615,0.0,-0.09666948765516281,-0.014764665625989437,0.20050404965877533,0.17132876813411713,0.08136122673749924,0.12467890232801437,0.13457179069519043,-0.1688217967748642,0.08573948591947556,0.011606364510953426,0.0,0.0,0.0,-0.21939285099506378,-0.6405888199806213,-0.26804405450820923,0.6853212118148804,-0.21939285099506378,-0.6405888199806213,-0.26804405450820923,0.6853212118148804,-0.39962828159332275,-0.8551779985427856,-0.04241935536265373,0.3273658752441406,-0.4110798239707947,-0.8531140089035034,-0.0729748085141182,0.31286510825157166,-0.32894498109817505,-0.8880232572555542,-0.1021028459072113,0.304606169462204,-0.1505819857120514,-0.38538503646850586,-0.3097658157348633,0.8560657501220703,-0.13614578545093536,-0.3455219864845276,-0.31637653708457947,0.8729174137115479,-0.21789731085300446,-0.31413087248802185,-0.3475648760795593,0.8561782240867615,-0.21789731085300446,-0.31413087248802185,-0.3475648760795593,0.8561782240867615,-0.23046377301216125,-0.736892580986023,-0.260337233543396,0.5797415375709534,-0.24027349054813385,-0.7323663234710693,-0.27281078696250916,0.575745165348053,-0.39259424805641174,-0.6632959842681885,-0.14219540357589722,0.6210383772850037,-0.36906692385673523,-0.5707100033760071,-0.19529303908348083,0.7070645689964294,-0.3491947650909424,-0.5021142959594727,-0.22893838584423065,0.7573185563087463,-0.26958441734313965,-0.5229684710502625,-0.17616909742355347,0.7891721129417419,-0.26958441734313965,-0.5229684710502625,-0.17616909742355347,0.7891721129417419,-0.21939285099506378,-0.6405888199806213,-0.26804405450820923,0.6853212118148804,-0.20926670730113983,-0.609534740447998,-0.27546489238739014,0.7132979035377502,-0.037021197378635406,-0.6569903492927551,-0.12560728192329407,0.7424391508102417,0.13573986291885376,-0.6321671605110168,-0.3134458065032959,0.6954790353775024,0.07885677367448807,-0.7547516226768494,-0.3429524302482605,0.553638219833374,-0.007658666465431452,-0.7547788023948669,-0.3046422600746155,0.5808987617492676,-0.007658666465431452,-0.7547788023948669,-0.3046422600746155,0.5808987617492676,-0.2035990208387375,-0.6059859395027161,-0.2809116840362549,0.7158331274986267,-0.4157576262950897,-0.48884376883506775,-0.45515066385269165,0.6172643303871155,-0.5204788446426392,-0.35474106669425964,-0.28692880272865295,0.7217564582824707,-0.5727996230125427,-0.4871085286140442,-0.16617770493030548,0.6379740238189697,-0.5199837684631348,-0.5388405919075012,-0.20624640583992004,0.6298651695251465,-0.5199837684631348,-0.5388405919075012,-0.20624640583992004,0.6298651695251465,-0.21939285099506378,-0.6405888199806213,-0.26804405450820923,0.6853212118148804
-0.7006852030754089,0.3300907015800476,0.07957351952791214,-0.21824750304222107,-0.6402780413627625,-0.2676483392715454,0.686131477355957,-1.0323902368545532,-0.07788713276386261,-0.189813032746315,1.6330296993255615,0.09280702471733093,-0.18639448285102844,-0.28318795561790466,-0.03127286955714226,0.4425008296966553,0.27342504262924194,0.1786222904920578,0.2110348790884018,-0.0,0.08559931814670563,0.4674207270145416,-0.5121681690216064,-0.3908827304840088,0.19980719685554504,0.10173848271369934,-0.6327665448188782,0.5132538080215454,-0.4018522799015045,-0.16897863149642944,-0.0,-0.016669034957885742,0.007368027698248625,0.004466771613806486,0.04755057767033577,0.030710628256201744,0.06923362612724304,-0.18413184583187103,-0.19045627117156982,-0.03781288489699364,-0.05022525414824486,0.01800745539367199,0.07753505557775497,0.12411206215620041,0.08055142313241959,0.23001281917095184,-0.14928995072841644,-0.2583526074886322,0.15912561118602753,0.0,-0.050772424787282944,-0.11029063910245895,0.3200429379940033,0.18033115565776825,0.08381231874227524,0.025930700823664665,-0.04417061433196068,-0.3125416934490204,0.24161694943904877,0.000985264778137207,0.0,0.0,0.0,-0.21824750304222107,-0.6402780413627625,-0.2676483392715454,0.686131477355957,-0.21824750304222107,-0.6402780413627625,-0.2676483392715454,0.686131477355957,-0.3992069363594055,-0.8560892939567566,-0.04107290878891945,0.32566535472869873,-0.41158363223075867,-0.8538411259651184,-0.07437251508235931,0.30987581610679626,-0.3288179039955139,-0.8890019655227661,-0.10340292006731033,0.3014334738254547,-0.14980676770210266,-0.3890838325023651,-0.31043729186058044,0.8542835712432861,-0.13524529337882996,-0.3490374684333801,-0.3170521855354309,0.8714123368263245,-0.21575407683849335,-0.3180171251296997,-0.3481585383415222,0.855044424533844,-0.21575407683849335,-0.3180171251296997,-0.3481585383415222,0.855044424533844,-0.22916115820407867,-0.7353702783584595,-0.2602807581424713,0.5822110176086426,-0.2382364720106125,-0.7312106490135193,-0.27174702286720276,0.5785567164421082,-0.3928931653499603,-0.6611056327819824,-0.13815875351428986,0.6240885257720947,-0.37039798498153687,-0.5698819160461426,-0.1904159039258957,0.7083655595779419,-0.35193806886672974,-0.5044296979904175,-0.22269369661808014,0.7563714385032654,-0.27031829953193665,-0.5250786542892456,-0.1683276891708374,0.7892314195632935,-0.27031829953193665,-0.5250786542892456,-0.1683276891708374,0.7892314195632935,-0.21824750304222107,-0.6402780413627625,-0.2676483392715454,0.686131477355957,-0.2083386480808258,-0.6098060607910156,-0.274879515171051,0.7135634422302246,-0.03742155060172081,-0.6568866968154907,-0.1261824518442154,0.7424132823944092,0.13186325132846832,-0.6331151127815247,-0.31034067273139954,0.6967538595199585,0.07655709236860275,-0.754331111907959,-0.3388223350048065,0.5570663809776306,-0.011182219721376896,-0.7541942000389099,-0.2996108829975128,0.5842083692550659,-0.011182219721376896,-0.7541942000389099,-0.2996108829975128,0.5842083692550659,-0.20233860611915588,-0.6053275465965271,-0.2805681526660919,0.7168815732002258,-0.41534027457237244,-0.4879896938800812,-0.4549790918827057,0.618346631526947,-0.5181041359901428,-0.35694053769111633,-0.2900601029396057,0.7211287617683411,-0.5703209638595581,-0.4867454767227173,-0.1721847802400589,0.6388781070709229,-0.5175694227218628,-0.5383788347244263,-0.2123183012008667,0.6302309632301331,-0.5175694227218628,-0.5383788347244263,-0.2123183012008667,0.6302309632301331,-0.21824750304222107,-0.6402780413627625,-0.2676483392715454,0.686131477355957
-0.701198399066925,0.33022207021713257,0.07961919903755188,-0.21790407598018646,-0.6382659673690796,-0.2669651508331299,0.6883777976036072,-1.0379222631454468,-0.08467777818441391,-0.19413191080093384,1.6297199726104736,0.09414991736412048,-0.18563833832740784,-0.28367018699645996,-0.028423206880688667,0.4488888382911682,0.2694355249404907,0.17471282184123993,0.21372099220752716,-0.0,0.08342145383358002,0.46628040075302124,-0.5040270686149597,-0.38757964968681335,0.20381788909435272,0.1057828962802887,-0.6324121356010437,0.5103607773780823,-0.3999015986919403,-0.17149505019187927,-0.0,-0.015395878814160824,0.003941059112548828,0.0013703851727768779,0.04961933568120003,0.17256048321723938,0.05104446038603783,-0.16596077382564545,-0.2037193477153778,-0.12956634163856506,-0.09929179400205612,0.040286775678396225,0.022684333845973015,-0.014466940425336361,0.08548987656831741,0.191640242934227,-0.11968552321195602,-0.11728405207395554,0.08058338612318039,0.0,-0.06533592939376831,-0.03420978784561157,0.24423299729824066,0.09909241646528244,0.12032075971364975,0.12133239954710007,0.010632275603711605,-0.08679091185331345,0.05852043256163597,-0.07549255341291428,0.0,0.0,0.0,-0.21790407598018646,-0.6382659673690796,-0.2669651508331299,0.6883777976036072,-0.21790407598018646,-0.6382659673690796,-0.2669651508331299,0.6883777976036072,-0.3990442156791687,-0.8560433983802795,-0.0390559583902359,0.32623305916786194,-0.41249483823776245,-0.8536231517791748,-0.07525406032800674,0.30905064940452576,-0.3278254270553589,-0.8895813822746277,-0.10485103726387024,0.30030274391174316,-0.14858579635620117,-0.39171722531318665,-0.3104601800441742,0.853284478187561,-0.13381168246269226,-0.35112977027893066,-0.3171083331108093,0.8707724213600159,-0.21394404768943787,-0.3202268183231354,-0.34828808903694153,0.8546216487884521,-0.21394404768943787,-0.3202268183231354,-0.34828808903694153,0.8546216487884521,-0.2288162261247635,-0.7338224053382874,-0.2597164511680603,0.5845469832420349,-0.23710018396377563,-0.730057418346405,-0.2701186537742615,0.5812362432479858,-0.3936382830142975,-0.6589759588241577,-0.13398082554340363,0.6267765164375305,-0.3720765709877014,-0.5688223838806152,-0.18563666939735413,0.7096049189567566,-0.3544618487358093,-0.5047436356544495,-0.2173907607793808,0.7565261721611023,-0.27175095677375793,-0.5250508189201355,-0.16231617331504822,0.790016770362854,-0.27175095677375793,-0.5250508189201355,-0.16231617331504822,0.790016770362854,-0.21790407598018646,-0.6382659673690796,-0.2669651508331299,0.6883777976036072,-0.20827560126781464,-0.6084924936294556,-0.2739989459514618,0.715040385723114,-0.03744228556752205,-0.6553332209587097,-0.126003697514534,0.7438141703605652,0.12880130112171173,-0.6323025226593018,-0.30771708488464355,0.6992238163948059,0.07452821731567383,-0.7531370520591736,-0.3355010151863098,0.5609537959098816,-0.014909151010215282,-0.7528223395347595,-0.29506340622901917,0.5881953835487366,-0.014909151010215282,-0.7528223395347595,-0.29506340622901917,0.5881953835487366,-0.20139485597610474,-0.6017762422561646,-0.28037407994270325,0.7202054262161255,-0.41536733508110046,-0.48475542664527893,-0.4536038339138031,0.6218727827072144,-0.5168478488922119,-0.35456138849258423,-0.28883519768714905,0.7236910462379456,-0.5686191916465759,-0.484351247549057,-0.17179298400878906,0.6423108577728271,-0.5151941180229187,-0.5366031527519226,-0.21285445988178253,0.6335022449493408,-0.5151941180229187,-0.5366031527519226,-0.21285445988178253,0.6335022449493408,-0.21790407598018646,-0.6382659673690796,-0.2669651508331299,0.6883777976036072
