base_x,base_y,base_z,base_qx,base_qy,base_qz,base_qw,J00_HIP_PITCH_L,J01_HIP_ROLL_L,J02_HIP_YAW_L,J03_KNEE_PITCH_L,J04_ANKLE_PITCH_L,J05_ANKLE_ROLL_L,J06_HIP_PITCH_R,J07_HIP_ROLL_R,J08_HIP_YAW_R,J09_KNEE_PITCH_R,J10_ANKLE_PITCH_R,J11_ANKLE_ROLL_R,J12_WAIST_YAW,J13_SHOULDER_PITCH_L,J14_SHOULDER_ROLL_L,J15_SHOULDER_YAW_L,J16_ELBOW_PITCH_L,J17_ELBOW_YAW_L,J18_SHOULDER_PITCH_R,J19_SHOULDER_ROLL_R,J20_SHOULDER_YAW_R,J21_ELBOW_PITCH_R,J22_ELBOW_YAW_R,J23_HEAD_YAW,base_vx,base_vy,base_vz,base_wx,base_wy,base_wz,dJ00_HIP_PITCH_L,dJ01_HIP_ROLL_L,dJ02_HIP_YAW_L,dJ03_KNEE_PITCH_L,dJ04_ANKLE_PITCH_L,dJ05_ANKLE_ROLL_L,dJ06_HIP_PITCH_R,dJ07_HIP_ROLL_R,dJ08_HIP_YAW_R,dJ09_KNEE_PITCH_R,dJ10_ANKLE_PITCH_R,dJ11_ANKLE_ROLL_R,dJ12_WAIST_YAW,dJ13_SHOULDER_PITCH_L,dJ14_SHOULDER_ROLL_L,dJ15_SHOULDER_YAW_L,dJ16_ELBOW_PITCH_L,dJ17_ELBOW_YAW_L,dJ18_SHOULDER_PITCH_R,dJ19_SHOULDER_ROLL_R,dJ20_SHOULDER_YAW_R,dJ21_ELBOW_PITCH_R,dJ22_ELBOW_YAW_R,dJ23_HEAD_YAW,left_foot_contact,right_foot_contact,base_quat_x,base_quat_y,base_quat_z,base_quat_w,LINK_BASE_qx,LINK_BASE_qy,LINK_BASE_qz,LINK_BASE_qw,LINK_HIP_PITCH_L_qx,LINK_HIP_PITCH_L_qy,LINK_HIP_PITCH_L_qz,LINK_HIP_PITCH_L_qw,LINK_HIP_ROLL_L_qx,LINK_HIP_ROLL_L_qy,LINK_HIP_ROLL_L_qz,LINK_HIP_ROLL_L_qw,LINK_HIP_YAW_L_qx,LINK_HIP_YAW_L_qy,LINK_HIP_YAW_L_qz,LINK_HIP_YAW_L_qw,LINK_KNEE_PITCH_L_qx,LINK_KNEE_PITCH_L_qy,LINK_KNEE_PITCH_L_qz,LINK_KNEE_PITCH_L_qw,LINK_ANKLE_PITCH_L_qx,LINK_ANKLE_PITCH_L_qy,LINK_ANKLE_PITCH_L_qz,LINK_ANKLE_PITCH_L_qw,LINK_ANKLE_ROLL_L_qx,LINK_ANKLE_ROLL_L_qy,LINK_ANKLE_ROLL_L_qz,LINK_ANKLE_ROLL_L_qw,LINK_FOOT_L_qx,LINK_FOOT_L_qy,LINK_FOOT_L_qz,LINK_FOOT_L_qw,LINK_HIP_PITCH_R_qx,LINK_HIP_PITCH_R_qy,LINK_HIP_PITCH_R_qz,LINK_HIP_PITCH_R_qw,LINK_HIP_ROLL_R_qx,LINK_HIP_ROLL_R_qy,LINK_HIP_ROLL_R_qz,LINK_HIP_ROLL_R_qw,LINK_HIP_YAW_R_qx,LINK_HIP_YAW_R_qy,LINK_HIP_YAW_R_qz,LINK_HIP_YAW_R_qw,LINK_KNEE_PITCH_R_qx,LINK_KNEE_PITCH_R_qy,LINK_KNEE_PITCH_R_qz,LINK_KNEE_PITCH_R_qw,LINK_ANKLE_PITCH_R_qx,LINK_ANKLE_PITCH_R_qy,LINK_ANKLE_PITCH_R_qz,LINK_ANKLE_PITCH_R_qw,LINK_ANKLE_ROLL_R_qx,LINK_ANKLE_ROLL_R_qy,LINK_ANKLE_ROLL_R_qz,LINK_ANKLE_ROLL_R_qw,LINK_FOOT_R_qx,LINK_FOOT_R_qy,LINK_FOOT_R_qz,LINK_FOOT_R_qw,LINK_TORSO_YAW_qx,LINK_TORSO_YAW_qy,LINK_TORSO_YAW_qz,LINK_TORSO_YAW_qw,LINK_SHOULDER_PITCH_L_qx,LINK_SHOULDER_PITCH_L_qy,LINK_SHOULDER_PITCH_L_qz,LINK_SHOULDER_PITCH_L_qw,LINK_SHOULDER_ROLL_L_qx,LINK_SHOULDER_ROLL_L_qy,LINK_SHOULDER_ROLL_L_qz,LINK_SHOULDER_ROLL_L_qw,LINK_SHOULDER_YAW_L_qx,LINK_SHOULDER_YAW_L_qy,LINK_SHOULDER_YAW_L_qz,LINK_SHOULDER_YAW_L_qw,LINK_ELBOW_PITCH_L_qx,LINK_ELBOW_PITCH_L_qy,LINK_ELBOW_PITCH_L_qz,LINK_ELBOW_PITCH_L_qw,LINK_ELBOW_YAW_L_qx,LINK_ELBOW_YAW_L_qy,LINK_ELBOW_YAW_L_qz,LINK_ELBOW_YAW_L_qw,LINK_ELBOW_END_L_qx,LINK_ELBOW_END_L_qy,LINK_ELBOW_END_L_qz,LINK_ELBOW_END_L_qw,LINK_SHOULDER_PITCH_R_qx,LINK_SHOULDER_PITCH_R_qy,LINK_SHOULDER_PITCH_R_qz,LINK_SHOULDER_PITCH_R_qw,LINK_SHOULDER_ROLL_R_qx,LINK_SHOULDER_ROLL_R_qy,LINK_SHOULDER_ROLL_R_qz,LINK_SHOULDER_ROLL_R_qw,LINK_SHOULDER_YAW_R_qx,LINK_SHOULDER_YAW_R_qy,LINK_SHOULDER_YAW_R_qz,LINK_SHOULDER_YAW_R_qw,LINK_ELBOW_PITCH_R_qx,LINK_ELBOW_PITCH_R_qy,LINK_ELBOW_PITCH_R_qz,LINK_ELBOW_PITCH_R_qw,LINK_ELBOW_YAW_R_qx,LINK_ELBOW_YAW_R_qy,LINK_ELBOW_YAW_R_qz,LINK_ELBOW_YAW_R_qw,LINK_ELBOW_END_R_qx,LINK_ELBOW_END_R_qy,LINK_ELBOW_END_R_qz,LINK_ELBOW_END_R_qw,LINK_HEAD_YAW_qx,LINK_HEAD_YAW_qy,LINK_HEAD_YAW_qz,LINK_HEAD_YAW_qw
0.005561737809330225,0.004787697922438383,0.8194971680641174,-0.00299934484064579,0.03126634284853935,-0.032567840069532394,0.9989758729934692,-0.1278168112039566,0.06851650774478912,0.07976657897233963,0.16870632767677307,-0.22400905191898346,-0.07009793072938919,-0.11561696231365204,0.013483652845025063,-0.05407677963376045,0.14076849818229675,-0.2338014394044876,-0.037365611642599106,-0.0,0.039140164852142334,0.25680607557296753,-0.3241559863090515,-0.7026135921478271,-0.049552809447050095,-0.009363490156829357,-0.18587960302829742,0.4565410017967224,-0.5820549726486206,0.05874117836356163,-0.0,-0.10694331675767899,-0.13415540754795074,-0.011050700210034847,0.05460762232542038,0.10731799155473709,0.18995970487594604,-0.6841192841529846,0.11506631225347519,-0.5350096821784973,0.618044376373291,-0.006596445571631193,0.07018312811851501,-0.6032122373580933,0.14205631613731384,0.17793963849544525,0.7321549654006958,-0.25033190846443176,-0.14752338826656342,0.0,-0.17075757682323456,-0.10267137736082077,1.2155448198318481,-1.054598093032837,0.028783230111002922,0.042711660265922546,-0.009641199372708797,-0.6768240928649902,-0.43358978629112244,0.14270547032356262,0.0,0.0,0.0,-0.00299934484064579,0.03126634284853935,-0.032567840069532394,0.9989758729934692,-0.00299934484064579,0.03126634284853935,-0.032567840069532394,0.9989758729934692,-0.004485476296395063,-0.030373498797416687,-0.015803806483745575,0.9994035959243774,0.029748281463980675,-0.030896982178092003,-0.01475419383496046,0.9989708065986633,0.028492677956819534,-0.032058555632829666,0.025089219212532043,0.99876469373703,0.02627752348780632,0.052204519510269165,0.027400610968470573,0.9979144930839539,0.029175449162721634,-0.059659987688064575,0.024291867390275,0.9974965453147888,-0.005796534474939108,-0.06047457829117775,0.02218635566532612,0.9979063272476196,-0.005796534474939108,-0.06047457829117775,0.02218635566532612,0.9979063272476196,-0.005279412027448416,-0.024581193923950195,-0.047284334897994995,0.9985650181770325,0.0014528087340295315,-0.02489941567182541,-0.04711753875017166,0.998577892780304,0.0021254357416182756,-0.024851037189364433,-0.07409696280956268,0.9969390630722046,0.007331127766519785,0.04532138258218765,-0.07376403361558914,0.9962183833122253,-0.0013223497662693262,-0.071181520819664,-0.07411564886569977,0.9947051405906677,-0.01990492083132267,-0.0697844922542572,-0.07543250918388367,0.9945068359375,-0.01990492083132267,-0.0697844922542572,-0.07543250918388367,0.9945068359375,-0.00299934484064579,0.03126634284853935,-0.032567840069532394,0.9989758729934692,-0.0023242952302098274,0.05077425763010979,-0.031392697244882584,0.9982139468193054,0.1255166232585907,0.04633641615509987,-0.0376359298825264,0.9902939200401306,0.1167905181646347,0.07597974687814713,-0.19535823166370392,0.9707843065261841,0.040010496973991394,-0.2593640983104706,-0.2444470375776291,0.9334747195243835,0.051603224128484726,-0.25818711519241333,-0.26547110080718994,0.9274705648422241,0.051603224128484726,-0.25818711519241333,-0.26547110080718994,0.9274705648422241,-0.00314229354262352,0.026599176228046417,-0.03225979954004288,0.9991205930709839,-0.09585317224264145,0.0294782854616642,-0.029652008786797523,0.9945169687271118,-0.08628776669502258,0.06449294090270996,0.1943635493516922,0.9749963283538818,-0.026599757373332977,-0.2160254418849945,0.22851739823818207,0.9488968849182129,-0.03917233645915985,-0.21488715708255768,0.25416842103004456,0.9421716928482056,-0.03917233645915985,-0.21488715708255768,0.25416842103004456,0.9421716928482056,-0.00299934484064579,0.03126634284853935,-0.032567840069532394,0.9989758729934692
0.0019969604909420013,0.00031585065880790353,0.8191288113594055,-0.0022473714780062437,0.0330730639398098,-0.029371043667197227,0.9990187287330627,-0.15062078833580017,0.07235205173492432,0.061932921409606934,0.1893078088760376,-0.22422893345355988,-0.06775849312543869,-0.1357240378856659,0.018218863755464554,-0.04814545810222626,0.16517366468906403,-0.242145836353302,-0.042283058166503906,-0.0,0.033448245376348495,0.25338369607925415,-0.2836378216743469,-0.7377668619155884,-0.048593368381261826,-0.007939768023788929,-0.18620097637176514,0.43398019671440125,-0.5965079665184021,0.06349802762269974,-0.0,-0.10694331675767899,-0.13415540754795074,-0.011050700210034847,0.05460762232542038,0.10731799155473709,0.18995970487594604,-0.6841192841529846,0.11506631225347519,-0.5350096821784973,0.618044376373291,-0.006596445571631193,0.07018312811851501,-0.6032122373580933,0.14205631613731384,0.17793963849544525,0.7321549654006958,-0.25033190846443176,-0.14752338826656342,0.0,-0.17075757682323456,-0.10267137736082077,1.2155448198318481,-1.054598093032837,0.028783230111002922,0.042711660265922546,-0.009641199372708797,-0.6768240928649902,-0.43358978629112244,0.14270547032356262,0.0,0.0,0.0,-0.0022473714780062437,0.0330730639398098,-0.029371043667197227,0.9990187287330627,-0.0022473714780062437,0.0330730639398098,-0.029371043667197227,0.9990187287330627,-0.0037315140943974257,-0.039581116288900375,-0.009670233353972435,0.9991626143455505,0.03240877762436867,-0.03990497440099716,-0.008232331834733486,0.9986438155174255,0.0311577208340168,-0.04088926687836647,0.022691138088703156,0.9984199404716492,0.02887364849448204,0.053657058626413345,0.025534363463521004,0.9978152513504028,0.03154915198683739,-0.05831512063741684,0.02214367501437664,0.997553825378418,-0.0022588614374399185,-0.05903172492980957,0.02015567384660244,0.9980500340461731,-0.0022588614374399185,-0.05903172492980957,0.02015567384660244,0.9980500340461731,-0.004746432416141033,-0.03247760981321335,-0.04668951779603958,0.9983700513839722,0.004348222631961107,-0.032901570200920105,-0.04639172926545143,0.9983718395233154,0.0051389168947935104,-0.03278737515211105,-0.07040950655937195,0.9969659447669983,0.010929691605269909,0.04956706985831261,-0.06974560022354126,0.996272623538971,0.0024259942583739758,-0.07112294435501099,-0.07055509090423584,0.9949661493301392,-0.018608085811138153,-0.06961551308631897,-0.07204286009073257,0.9947950839996338,-0.018608085811138153,-0.06961551308631897,-0.07204286009073257,0.9947950839996338,-0.0022473714780062437,0.0330730639398098,-0.029371043667197227,0.9990187287330627,-0.0017221153248101473,0.04974476620554924,-0.02835540473461151,0.998357892036438,0.12443739920854568,0.0457632802426815,-0.03441355749964714,0.9905739426612854,0.11703800410032272,0.07165071368217468,-0.1726987510919571,0.9753683805465698,0.04443670064210892,-0.28134629130363464,-0.2252158373594284,0.9317443370819092,0.056286510080099106,-0.27998459339141846,-0.24567767977714539,0.926327645778656,0.056286510080099106,-0.27998459339141846,-0.24567767977714539,0.926327645778656,-0.002355478936806321,0.029115211218595505,-0.029112881049513817,0.9991492629051208,-0.09523224085569382,0.03169563040137291,-0.026280075311660767,0.9946032166481018,-0.08583343774080276,0.06485993415117264,0.1867556869983673,0.9764978885650635,-0.026858992874622345,-0.22294767200946808,0.2217523455619812,0.9488934874534607,-0.040649089962244034,-0.22165144979953766,0.24942690134048462,0.9418091773986816,-0.040649089962244034,-0.22165144979953766,0.24942690134048462,0.9418091773986816,-0.0022473714780062437,0.0330730639398098,-0.029371043667197227,0.9990187287330627
-0.004556307103484869,-0.004381029400974512,0.818336546421051,-0.0019819713197648525,0.0352616086602211,-0.026709258556365967,0.9990191459655762,-0.1830299198627472,0.07656653970479965,0.037404049187898636,0.21738457679748535,-0.22536273300647736,-0.06503411382436752,-0.16435422003269196,0.026158951222896576,-0.03558870404958725,0.20091013610363007,-0.2513279616832733,-0.047354165464639664,-0.0,0.03734686225652695,0.2519676983356476,-0.23528900742530823,-0.7812100648880005,-0.04603445157408714,-0.006538881920278072,-0.19932594895362854,0.4008626341819763,-0.6150313019752502,0.06996411085128784,-0.0,-0.19659802317619324,-0.14090639352798462,-0.023767946287989616,0.025047285482287407,0.13107448816299438,0.158729687333107,-0.9722738862037659,0.12643463909626007,-0.735866129398346,0.8423029780387878,-0.034013986587524414,0.08173137158155441,-0.8589054346084595,0.23820261657238007,0.37670260667800903,1.0720940828323364,-0.2754637598991394,-0.15213321149349213,0.0,0.11695849895477295,-0.04247992858290672,1.4504643678665161,-1.3032959699630737,0.07676749676465988,0.0420265793800354,-0.3937491476535797,-0.993526816368103,-0.5557000637054443,0.19398248195648193,0.0,0.0,0.0,-0.0019819713197648525,0.0352616086602211,-0.026709258556365967,0.9990191459655762,-0.0019819713197648525,0.0352616086602211,-0.026709258556365967,0.9990191459655762,-0.0034973586443811655,-0.05302581563591957,-0.002792977262288332,0.9985831379890442,0.034724894911050797,-0.053093861788511276,-0.0007614251226186752,0.997985303401947,0.03372591733932495,-0.05373396351933479,0.017901966348290443,0.997825026512146,0.03158491477370262,0.054825589060783386,0.021454855799674988,0.9977656006813049,0.03379705920815468,-0.05771392583847046,0.0177672877907753,0.9976027011871338,0.0013458053581416607,-0.05826105549931526,0.01588154025375843,0.9981741309165955,0.0013458053581416607,-0.05826105549931526,0.01588154025375843,0.9981741309165955,-0.0048421332612633705,-0.04410941153764725,-0.04768620431423187,0.9978762269020081,0.008209606632590294,-0.0447293296456337,-0.04710521548986435,0.9978541731834412,0.009004194289445877,-0.04457617178559303,-0.0648529902100563,0.9968580603599548,0.015462660230696201,0.05561966076493263,-0.06362304836511612,0.9963029026985168,0.007366633042693138,-0.0696890577673912,-0.0650593489408493,0.9954177141189575,-0.016201818361878395,-0.06812924891710281,-0.06669098883867264,0.9953131079673767,-0.016201818361878395,-0.06812924891710281,-0.06669098883867264,0.9953131079673767,-0.0019819713197648525,0.0352616086602211,-0.026709258556365967,0.9990191459655762,-0.0014425428817048669,0.05387500673532486,-0.025570236146450043,0.9982191920280457,0.12399597465991974,0.05023510009050369,-0.03213702142238617,0.9904890656471252,0.11749117076396942,0.07171420753002167,-0.1470283567905426,0.9795078039169312,0.05004071071743965,-0.30293339490890503,-0.20394782721996307,0.9295873045921326,0.06170908361673355,-0.30141401290893555,-0.2231782227754593,0.9249503016471863,0.06170908361673355,-0.30141401290893555,-0.2231782227754593,0.9249503016471863,-0.0020618736743927,0.032002042979002,-0.026497559621930122,0.999134361743927,-0.10146358609199524,0.03447970002889633,-0.023181932047009468,0.9939712882041931,-0.09229147434234619,0.06637594848871231,0.17351500689983368,0.9782479405403137,-0.03508935496211052,-0.23064903914928436,0.2119031846523285,0.9490346908569336,-0.05051888898015022,-0.22884869575500488,0.24231739342212677,0.9414660930633545,-0.05051888898015022,-0.22884869575500488,0.24231739342212677,0.9414660930633545,-0.0019819713197648525,0.0352616086602211,-0.026709258556365967,0.9990191459655762
-0.015212906524538994,-0.009949798695743084,0.8165927529335022,-0.0012557206209748983,0.03713753819465637,-0.027541110292077065,0.9989297986030579,-0.2262069135904312,0.08019255846738815,0.008528066799044609,0.2577255070209503,-0.22921857237815857,-0.06362713128328323,-0.20258791744709015,0.03940066322684288,-0.010584013536572456,0.2569716274738312,-0.26465463638305664,-0.049610041081905365,-0.0,0.04876604676246643,0.2522510290145874,-0.17822739481925964,-0.8323162794113159,-0.04373779520392418,0.0026941641699522734,-0.21758456528186798,0.35790079832077026,-0.6393517255783081,0.07892479747533798,-0.0,-0.31969794631004333,-0.16706307232379913,-0.052313800901174545,0.04476804658770561,0.111371710896492,-0.05176498368382454,-1.2953097820281982,0.10878055542707443,-0.8662794232368469,1.2102278470993042,-0.1156751736998558,0.04220947250723839,-1.1470108032226562,0.39725133776664734,0.7501406669616699,1.681844711303711,-0.39980021119117737,-0.06767626851797104,0.0,0.3425755202770233,0.00849992036819458,1.711848258972168,-1.5331863164901733,0.06889969110488892,0.2769913673400879,-0.5477584600448608,-1.288854956626892,-0.7296126484870911,0.268820583820343,0.0,0.0,0.0,-0.0012557206209748983,0.03713753819465637,-0.027541110292077065,0.9989297986030579,-0.0012557206209748983,0.03713753819465637,-0.027541110292077065,0.9989297986030579,-0.0031653176993131638,-0.07196316868066788,0.0019514396553859115,0.9974003434181213,0.03681855648756027,-0.07182710617780685,0.004834553226828575,0.9967255592346191,0.036511946469545364,-0.0719834491610527,0.009084567427635193,0.9966959357261658,0.03504179045557976,0.05669520050287247,0.013701263815164566,0.9976823329925537,0.036378756165504456,-0.057770244777202606,0.009604048915207386,0.9976206421852112,0.0046278322115540504,-0.058046501129865646,0.007761621847748756,0.9982729554176331,0.0046278322115540504,-0.058046501129865646,0.007761621847748756,0.9982729554176331,-0.004911330994218588,-0.06065637618303299,-0.0534212626516819,0.9967160224914551,0.014723988249897957,-0.06169695407152176,-0.052216023206710815,0.9966194033622742,0.015050280839204788,-0.061618171632289886,-0.05748938396573067,0.9963290691375732,0.022292485460639,0.06655196845531464,-0.055087070912122726,0.9960116744041443,0.014829324558377266,-0.06544511020183563,-0.05754677578806877,0.9960850477218628,-0.00988061260432005,-0.06399767100811005,-0.0591522715985775,0.9961464405059814,-0.00988061260432005,-0.06399767100811005,-0.0591522715985775,0.9961464405059814,-0.0012557206209748983,0.03713753819465637,-0.027541110292077065,0.9989297986030579,-0.0005283503560349345,0.061434876173734665,-0.026034239679574966,0.9977713823318481,0.12498688697814941,0.05767199769616127,-0.033555418252944946,0.9899122714996338,0.11955605447292328,0.0740773007273674,-0.12064781785011292,0.9826815128326416,0.057713527232408524,-0.3255399465560913,-0.18345212936401367,0.9257636070251465,0.06923477351665497,-0.3238401412963867,-0.20153267681598663,0.9218018651008606,0.06923477351665497,-0.3238401412963867,-0.20153267681598663,0.9218018651008606,-0.0012218337506055832,0.03848038241267204,-0.027627266943454742,0.9988766312599182,-0.10967043787240982,0.04125259444117546,-0.023285817354917526,0.9928385615348816,-0.10033052414655685,0.07117282599210739,0.15223369002342224,0.980659544467926,-0.04693647474050522,-0.23815524578094482,0.19540022313594818,0.9502093195915222,-0.06458715349435806,-0.23549991846084595,0.22965458035469055,0.9421396255493164,-0.06458715349435806,-0.23549991846084595,0.22965458035469055,0.9421396255493164,-0.0012557206209748983,0.03713753819465637,-0.027541110292077065,0.9989297986030579
-0.0209406316280365,-0.013648806139826775,0.8135201334953308,-0.0020197019912302494,0.03880969062447548,-0.02793724834918976,0.9988539814949036,-0.26996520161628723,0.08079513162374496,-0.031821444630622864,0.31289565563201904,-0.24431905150413513,-0.06339576840400696,-0.2394959181547165,0.054000403732061386,0.011269306764006615,0.3260544538497925,-0.2630493938922882,-0.05156364291906357,-0.0,0.06408935785293579,0.2539850175380707,-0.12171036750078201,-0.8843590617179871,-0.032869018614292145,0.015416337177157402,-0.23600031435489655,0.31490805745124817,-0.6597391366958618,0.08410971611738205,-0.0,-0.17183174192905426,-0.11097021400928497,-0.092178575694561,-0.04391508176922798,0.10162337869405746,-0.02229178696870804,-1.3127485513687134,0.018077192828059196,-1.2104853391647339,1.655104398727417,-0.4530143439769745,0.006940885912626982,-1.1072399616241455,0.4379921853542328,0.6555995941162109,2.0724847316741943,0.04815727099776268,-0.058608051389455795,0.0,0.4596993029117584,0.05201965197920799,1.695510745048523,-1.5612833499908447,0.32606327533721924,0.3816651701927185,-0.5524724721908569,-1.289782166481018,-0.6116222739219666,0.15554754436016083,0.0,0.0,0.0,-0.0020197019912302494,0.03880969062447548,-0.02793724834918976,0.9988539814949036,-0.0020197019912302494,0.03880969062447548,-0.02793724834918976,0.9988539814949036,-0.0042810821905732155,-0.09131162613630295,0.007369560189545155,0.9957858920097351,0.035938795655965805,-0.09093949943780899,0.01105131208896637,0.9951463341712952,0.03738109767436981,-0.09035620093345642,-0.004782916512340307,0.9951962232589722,0.037669792771339417,0.06580925732851028,0.001099861809052527,0.9971203207969666,0.037523094564676285,-0.05618618428707123,-0.0034986217506229877,0.997708797454834,0.0058842808939516544,-0.05604707822203636,-0.005277549382299185,0.9983968138694763,0.0058842808939516544,-0.05604707822203636,-0.005277549382299185,0.9983968138694763,-0.006428914610296488,-0.07678984850645065,-0.05838771536946297,0.995315432548523,0.020443882793188095,-0.0783381462097168,-0.05629334598779678,0.9951262474060059,0.020002150908112526,-0.07845209538936615,-0.05068529024720192,0.995427668094635,0.027963461354374886,0.08415205031633377,-0.04676675796508789,0.9949619770050049,0.021588677540421486,-0.04705987125635147,-0.05003012716770172,0.9974047541618347,-0.004130559973418713,-0.045754507184028625,-0.051226656883955,0.9976298213005066,-0.004130559973418713,-0.045754507184028625,-0.051226656883955,0.9976298213005066,-0.0020197019912302494,0.03880969062447548,-0.02793724834918976,0.9988539814949036,-0.0010472683934494853,0.07073315232992172,-0.025978026911616325,0.9971563816070557,0.12525247037410736,0.06687340885400772,-0.03472729027271271,0.9892591834068298,0.12109419703483582,0.07813062518835068,-0.09423023462295532,0.985064685344696,0.06595710664987564,-0.34670549631118774,-0.16326391696929932,0.9212979078292847,0.07491982728242874,-0.3452409505844116,-0.17670822143554688,0.918678343296051,0.07491982728242874,-0.3452409505844116,-0.17670822143554688,0.918678343296051,-0.0018235078314319253,0.046491626650094986,-0.028435397893190384,0.9985122084617615,-0.11936218291521072,0.04951592534780502,-0.022764362394809723,0.9913539290428162,-0.10991251468658447,0.07734369486570358,0.1314837783575058,0.9821655750274658,-0.060774192214012146,-0.24222059547901154,0.17997170984745026,0.9514440894126892,-0.07970654219388962,-0.23866476118564606,0.21645596623420715,0.943309485912323,-0.07970654219388962,-0.23866476118564606,0.21645596623420715,0.943309485912323,-0.0020197019912302494,0.03880969062447548,-0.02793724834918976,0.9988539814949036
-0.03139917925000191,-0.019973313435912132,0.8084620833396912,-0.0035095075145363808,0.03994273021817207,-0.0302511528134346,0.9987377524375916,-0.33010491728782654,0.08271345496177673,-0.08314716070890427,0.3879140317440033,-0.2582559883594513,-0.06823455542325974,-0.2916422486305237,0.07764633744955063,0.04414725676178932,0.4159843921661377,-0.2497413158416748,-0.043651752173900604,-0.0,0.08101288974285126,0.2581273019313812,-0.06554388254880905,-0.9324798583984375,-0.026843322440981865,0.02348625473678112,-0.2501351237297058,0.27191659808158875,-0.6794018745422363,0.09392821043729782,-0.0,-0.31375640630722046,-0.18973520398139954,-0.15174148976802826,-0.09278898686170578,0.07039207965135574,-0.13553835451602936,-1.8041913509368896,0.057549696415662766,-1.5397714376449585,2.250551223754883,-0.4181080758571625,-0.14516359567642212,-1.5643898248672485,0.7093780040740967,0.9863384962081909,2.6978979110717773,0.3992423117160797,0.23735670745372772,0.0,0.5077059268951416,0.12426852434873581,1.6849944591522217,-1.4436237812042236,0.1807708740234375,0.24209751188755035,-0.42404425144195557,-1.2897436618804932,-0.5898820757865906,0.29455479979515076,0.0,0.0,0.0,-0.0035095075145363808,0.03994273021817207,-0.0302511528134346,0.9987377524375916,-0.0035095075145363808,0.03994273021817207,-0.0302511528134346,0.9987377524375916,-0.006564273498952389,-0.11895608901977539,0.013188280165195465,0.9927902221679688,0.034488189965486526,-0.11830911040306091,0.018095236271619797,0.99221271276474,0.03937550634145737,-0.11677349358797073,-0.023158352822065353,0.9921074509620667,0.04310080036520958,0.07663807272911072,-0.015134754590690136,0.9960119724273682,0.040793076157569885,-0.05225588008761406,-0.02055881731212139,0.9975883960723877,0.006740938406437635,-0.051524195820093155,-0.022329336032271385,0.9983993172645569,0.006740938406437635,-0.051524195820093155,-0.022329336032271385,0.9983993172645569,-0.009220276027917862,-0.10078975558280945,-0.0669977143406868,0.992606520652771,0.02931312285363674,-0.10331422090530396,-0.06303523480892181,0.9922164678573608,0.027025647461414337,-0.10393604636192322,-0.04111983999609947,0.993366003036499,0.03493424877524376,0.10342993587255478,-0.03465292230248451,0.9934188723564148,0.030346347019076347,-0.02110213227570057,-0.03873404115438461,0.9985657334327698,0.008546278811991215,-0.020251769572496414,-0.03918535262346268,0.9989901781082153,0.008546278811991215,-0.020251769572496414,-0.03918535262346268,0.9989901781082153,-0.0035095075145363808,0.03994273021817207,-0.0302511528134346,0.9987377524375916,-0.002182450843974948,0.08028333634138107,-0.027828650549054146,0.9963811635971069,0.12607556581497192,0.07603390514850616,-0.03793011233210564,0.9883750081062317,0.12359951436519623,0.08214979618787766,-0.06997154653072357,0.9864474534988403,0.0754876434803009,-0.3656047284603119,-0.1457037329673767,0.9161906242370605,0.08302577584981918,-0.36424294114112854,-0.15655919909477234,0.9142882823944092,0.08302577584981918,-0.36424294114112854,-0.15655919909477234,0.9142882823944092,-0.003184183035045862,0.0516422800719738,-0.031026611104607582,0.9981784820556641,-0.12767386436462402,0.05510922893881798,-0.02434231899678707,0.9899847507476807,-0.1188337504863739,0.0802968367934227,0.1087133064866066,0.9836729168891907,-0.07510365545749664,-0.24902109801769257,0.16267186403274536,0.9517803192138672,-0.09648601710796356,-0.24418391287326813,0.2033156007528305,0.9432536363601685,-0.09648601710796356,-0.24418391287326813,0.2033156007528305,0.9432536363601685,-0.0035095075145363808,0.03994273021817207,-0.0302511528134346,0.9987377524375916
-0.046088363975286484,-0.030261289328336716,0.800584614276886,-0.0058662486262619495,0.040499769151210785,-0.031288810074329376,0.9986723065376282,-0.39793550968170166,0.08552037924528122,-0.14719101786613464,0.46597129106521606,-0.2710454761981964,-0.07702606171369553,-0.34581583738327026,0.1025979295372963,0.08660631626844406,0.5166129469871521,-0.25546690821647644,-0.038374047726392746,-0.0,0.09710609912872314,0.2636014521121979,-0.018899695947766304,-0.9723904728889465,-0.019640440121293068,0.031247496604919434,-0.2640657424926758,0.2351904958486557,-0.6974039673805237,0.10199983417987823,-0.0,-0.4406755268573761,-0.308639258146286,-0.23632405698299408,-0.1427156776189804,0.03759618476033211,-0.05676892027258873,-2.0349175930023193,0.08420772105455399,-1.9213156700134277,2.3417177200317383,-0.38368460536003113,-0.26374518871307373,-1.625207543373108,0.7485477328300476,1.2737717628479004,3.0188565254211426,-0.17176775634288788,0.15833112597465515,0.0,0.48279625177383423,0.16422449052333832,1.3993256092071533,-1.1973183155059814,0.2160864621400833,0.2328372448682785,-0.41791853308677673,-1.101783037185669,-0.5400627851486206,0.24214869737625122,0.0,0.0,0.0,-0.0058662486262619495,0.040499769151210785,-0.031288810074329376,0.9986723065376282,-0.0058662486262619495,0.040499769151210785,-0.031288810074329376,0.9986723065376282,-0.009652385488152504,-0.150668203830719,0.021538082510232925,0.9883025884628296,0.032603565603494644,-0.1496097892522812,0.027959033846855164,0.987811803817749,0.04351598396897316,-0.1468074917793274,-0.04474955424666405,0.9871937036514282,0.05267217755317688,0.08508580178022385,-0.03349336236715317,0.9944165349006653,0.047663986682891846,-0.050048261880874634,-0.04030270129442215,0.9967943429946899,0.009248560294508934,-0.04845935478806496,-0.04219985008239746,0.9978904128074646,0.009248560294508934,-0.04845935478806496,-0.04219985008239746,0.9978904128074646,-0.01278193574398756,-0.12632997334003448,-0.07431743294000626,0.9891179203987122,0.03795335441827774,-0.12997451424598694,-0.06774191558361053,0.9884721636772156,0.0322912260890007,-0.1314956545829773,-0.024887820705771446,0.9904780387878418,0.03757736459374428,0.12587809562683105,-0.01581355556845665,0.9912076592445374,0.03525679558515549,-0.0014137693215161562,-0.020471571013331413,0.9991675615310669,0.016080431640148163,-0.001020744675770402,-0.02049492672085762,0.9996601343154907,0.016080431640148163,-0.001020744675770402,-0.02049492672085762,0.9996601343154907,-0.0058662486262619495,0.040499769151210785,-0.031288810074329376,0.9986723065376282,-0.0042203390039503574,0.08884380757808685,-0.028492648154497147,0.9956290125846863,0.1266613006591797,0.08432877063751221,-0.03992133215069771,0.9875484108924866,0.1258840262889862,0.08610562980175018,-0.0491580031812191,0.9870777726173401,0.08458845317363739,-0.3804309070110321,-0.13102324306964874,0.9115645885467529,0.09022807329893112,-0.3793250024318695,-0.1388881802558899,0.910319447517395,0.09022807329893112,-0.3793250024318695,-0.1388881802558899,0.910319447517395,-0.005417398177087307,0.05606065317988396,-0.0323561429977417,0.9978882670402527,-0.13674183189868927,0.059832390397787094,-0.024694165214896202,0.9884897470474243,-0.1286095678806305,0.08271276205778122,0.09021414071321487,0.9841136336326599,-0.08924772590398788,-0.25517532229423523,0.14983120560646057,0.951036810874939,-0.11269702017307281,-0.2490481436252594,0.1938156932592392,0.9421835541725159,-0.11269702017307281,-0.2490481436252594,0.1938156932592392,0.9421835541725159,-0.0058662486262619495,0.040499769151210785,-0.031288810074329376,0.9986723065376282
-0.06150068715214729,-0.04339202120900154,0.7892791628837585,-0.007041357923299074,0.038221705704927444,-0.032682519406080246,0.9987098574638367,-0.4593222439289093,0.0892702043056488,-0.20265240967273712,0.5426367521286011,-0.28965941071510315,-0.0854380652308464,-0.4008743166923523,0.11654143780469894,0.11848346143960953,0.629622757434845,-0.27629801630973816,-0.042196400463581085,-0.0,0.11427067220211029,0.2715795040130615,0.017116112634539604,-1.0022650957107544,-0.015019979327917099,0.032118432223796844,-0.2745807468891144,0.2021607905626297,-0.702991247177124,0.1082407608628273,-0.0,-0.4623696804046631,-0.39392194151878357,-0.33916351199150085,-0.07806320488452911,-0.1348782628774643,-0.0797838345170021,-1.8416019678115845,0.11249474436044693,-1.663841724395752,2.2999637126922607,-0.5584180355072021,-0.25236010551452637,-1.6517542600631714,0.4183052182197571,0.9563143253326416,3.390294075012207,-0.6249331831932068,-0.11467057466506958,0.0,0.514937162399292,0.23934154212474823,1.0804742574691772,-0.8962386250495911,0.13861382007598877,0.026128066703677177,-0.31545010209083557,-0.9908910989761353,-0.16761837899684906,0.1872277855873108,0.0,0.0,0.0,-0.007041357923299074,0.038221705704927444,-0.032682519406080246,0.9987098574638367,-0.007041357923299074,0.038221705704927444,-0.032682519406080246,0.9987098574638367,-0.011791054159402847,-0.18197394907474518,0.028567424044013023,0.982817530632019,0.03207428753376007,-0.1805180311203003,0.03665870055556297,0.98236483335495,0.050169698894023895,-0.17634771764278412,-0.06289838254451752,0.9810342788696289,0.06519129127264023,0.09302233159542084,-0.04715188965201378,0.9924079775810242,0.05770362541079521,-0.05117977783083916,-0.05606689676642418,0.9954433441162109,0.015139537863433361,-0.048738691955804825,-0.05820143222808838,0.9969994425773621,0.015139537863433361,-0.048738691955804825,-0.05820143222808838,0.9969994425773621,-0.015155257657170296,-0.1549719125032425,-0.08213784545660019,0.9843817353248596,0.04219863936305046,-0.1594924032688141,-0.07297322154045105,0.9835935831069946,0.032681532204151154,-0.16171106696128845,-0.014609497971832752,0.9861886501312256,0.035599034279584885,0.15159687399864197,-0.003772095777094364,0.9877939224243164,0.03474041447043419,0.014123444445431232,-0.008638500235974789,0.9992592334747314,0.013651673682034016,0.014302544295787811,-0.008338620886206627,0.9997697472572327,0.013651673682034016,0.014302544295787811,-0.008338620886206627,0.9997697472572327,-0.007041357923299074,0.038221705704927444,-0.032682519406080246,0.9987098574638367,-0.005030191037803888,0.09510263055562973,-0.029449492692947388,0.9950190782546997,0.12971466779708862,0.09024052321910858,-0.04205271229147911,0.9865405559539795,0.1304580569267273,0.08859908580780029,-0.033694788813591,0.9869121313095093,0.09429632872343063,-0.39150863885879517,-0.121763214468956,0.9071950912475586,0.09867943823337555,-0.3905819058418274,-0.12772497534751892,0.9063081741333008,0.09867943823337555,-0.3905819058418274,-0.12772497534751892,0.9063081741333008,-0.0065551926381886005,0.05421583727002144,-0.033798180520534515,0.9979355335235596,-0.14307045936584473,0.05833129584789276,-0.026060204952955246,0.9876483082771301,-0.13630056381225586,0.07869992405176163,0.0726316049695015,0.9848619699478149,-0.10223158448934555,-0.2616533041000366,0.1363920271396637,0.9499912858009338,-0.1273721307516098,-0.2542833089828491,0.18289834260940552,0.9410974979400635,-0.1273721307516098,-0.2542833089828491,0.18289834260940552,0.9410974979400635,-0.007041357923299074,0.038221705704927444,-0.032682519406080246,0.9987098574638367
-0.07398539036512375,-0.05680721253156662,0.7741342186927795,-0.008102862164378166,0.038423940539360046,-0.03670893609523773,0.9985541701316833,-0.5263170599937439,0.09471454471349716,-0.24811547994613647,0.6282089352607727,-0.31483203172683716,-0.08841796219348907,-0.46364185214042664,0.12309063971042633,0.15321160852909088,0.7483276128768921,-0.307611882686615,-0.045232273638248444,-0.0,0.13035283982753754,0.2834679186344147,0.046881794929504395,-1.010128140449524,-0.007049274630844593,0.03144596517086029,-0.2919750511646271,0.16986200213432312,-0.7062780261039734,0.11228743940591812,-0.0,-0.3745410740375519,-0.40245571732521057,-0.45434829592704773,-0.07251128554344177,0.012855982407927513,-0.23923039436340332,-2.0098443031311035,0.16333019733428955,-1.3638920783996582,2.5671653747558594,-0.7551785707473755,-0.0893969014286995,-1.8830260038375854,0.1964760422706604,1.041844367980957,3.561145544052124,-0.9394159317016602,-0.09107618778944016,0.0,0.482464998960495,0.3566524088382721,0.8929704427719116,-0.23589132726192474,0.23912112414836884,-0.02017400972545147,-0.5218291282653809,-0.968963623046875,-0.09860336035490036,0.12140034884214401,0.0,0.0,0.0,-0.008102862164378166,0.038423940539360046,-0.03670893609523773,0.9985541701316833,-0.008102862164378166,0.038423940539360046,-0.03670893609523773,0.9985541701316833,-0.014460713602602482,-0.21325790882110596,0.03382048010826111,0.9763032793998718,0.03177328035235405,-0.2114177644252777,0.04387810081243515,0.9758932590484619,0.05768987908959389,-0.20586134493350983,-0.07721592485904694,0.9738227128982544,0.07872432470321655,0.1050877571105957,-0.055613867938518524,0.989780843257904,0.06903254240751266,-0.051376257091760635,-0.06726758927106857,0.9940171241760254,0.02503492310643196,-0.04835319519042969,-0.06947241723537445,0.9960967898368835,0.02503492310643196,-0.04835319519042969,-0.06947241723537445,0.9960967898368835,-0.018317442387342453,-0.18468645215034485,-0.09330646693706512,0.9781867265701294,0.04188205674290657,-0.19007574021816254,-0.0817703977227211,0.9774613380432129,0.027212556451559067,-0.19272355735301971,-0.006724586244672537,0.9808526039123535,0.02778761461377144,0.17910635471343994,0.003686698852106929,0.9834303259849548,0.02802439033985138,0.02633027546107769,-0.0006138914613984525,0.9992601871490479,0.005419744178652763,0.02633742429316044,-1.8296133930562064e-05,0.9996384382247925,0.005419744178652763,0.02633742429316044,-1.8296133930562064e-05,0.9996384382247925,-0.008102862164378166,0.038423940539360046,-0.03670893609523773,0.9985541701316833,-0.005542374216020107,0.10328327864408493,-0.0330740250647068,0.994086503982544,0.13493776321411133,0.09757557511329651,-0.04733216390013695,0.9849012494087219,0.1371135413646698,0.09294244647026062,-0.024478504434227943,0.985881507396698,0.10404926538467407,-0.39055177569389343,-0.11747181415557861,0.9071071743965149,0.10610270500183105,-0.39008283615112305,-0.12026902288198471,0.9067044258117676,0.10610270500183105,-0.39008283615112305,-0.12026902288198471,0.9067044258117676,-0.007563781924545765,0.0540798157453537,-0.03781733289361,0.997791588306427,-0.15263158082962036,0.059005822986364365,-0.029548095539212227,0.9860774874687195,-0.14692851901054382,0.07696747779846191,0.053228262811899185,0.9847105145454407,-0.11874587088823318,-0.26452529430389404,0.12211380898952484,0.9492175579071045,-0.1448916792869568,-0.25578802824020386,0.1702374517917633,0.9405307769775391,-0.1448916792869568,-0.25578802824020386,0.1702374517917633,0.9405307769775391,-0.008102862164378166,0.038423940539360046,-0.03670893609523773,0.9985541701316833
-0.08368151634931564,-0.07327379286289215,0.7548714280128479,-0.007107721175998449,0.03924642130732536,-0.04161107912659645,0.99833744764328,-0.602415919303894,0.10003067553043365,-0.2897481918334961,0.7340131402015686,-0.344819575548172,-0.09245482087135315,-0.5384461879730225,0.12551186978816986,0.18773838877677917,0.8825545310974121,-0.34454265236854553,-0.04746072366833687,-0.0,0.1480519026517868,0.3032419979572296,0.07129397243261337,-1.0189720392227173,-0.0017482469556853175,0.025111928582191467,-0.3165509104728699,0.1421482414007187,-0.7045326232910156,0.10938073694705963,-0.0,-0.29088374972343445,-0.49399739503860474,-0.5778836607933044,0.050026945769786835,0.045202214270830154,-0.29687604308128357,-2.282965660095215,0.1594839096069336,-1.248981237411499,3.174125909805298,-0.8996262550354004,-0.12110575288534164,-2.2441298961639404,0.07263689488172531,1.0358033180236816,4.0268073081970215,-1.1079230308532715,-0.06685350090265274,0.0,0.530971884727478,0.5932223200798035,0.7323653101921082,-0.2653169631958008,0.15903082489967346,-0.1900210827589035,-0.7372757196426392,-0.8314127922058105,0.05236208066344261,-0.0872010663151741,0.0,0.0,0.0,-0.007107721175998449,0.03924642130732536,-0.04161107912659645,0.99833744764328,-0.007107721175998449,0.03924642130732536,-0.04161107912659645,0.99833744764328,-0.015698475763201714,-0.24806340038776398,0.03895632177591324,0.9678329229354858,0.032707467675209045,-0.24580559134483337,0.051309410482645035,0.9674074649810791,0.0678512454032898,-0.23850864171981812,-0.08889063447713852,0.9646804332733154,0.09522873908281326,0.12352416664361954,-0.05862443149089813,0.9860205054283142,0.08375947177410126,-0.04746580496430397,-0.07409242540597916,0.9925934076309204,0.037801310420036316,-0.04399121552705765,-0.07620671391487122,0.9954036474227905,0.037801310420036316,-0.04399121552705765,-0.07620671391487122,0.9954036474227905,-0.020244158804416656,-0.21914894878864288,-0.10701293498277664,0.9695938229560852,0.040603525936603546,-0.22542884945869446,-0.09305840730667114,0.9689547419548035,0.01929500885307789,-0.22824223339557648,-0.0018272326560691,0.9734114408493042,0.01822707988321781,0.20936070382595062,0.006588599644601345,0.9776464104652405,0.019086703658103943,0.03867310658097267,0.00336657976731658,0.9990639686584473,-0.004624594002962112,0.03858233615756035,0.004283272661268711,0.9992355704307556,-0.004624594002962112,0.03858233615756035,0.004283272661268711,0.9992355704307556,-0.007107721175998449,0.03924642130732536,-0.04161107912659645,0.99833744764328,-0.0038345844950526953,0.11286165565252304,-0.03738557547330856,0.9928997159004211,0.14617770910263062,0.10592010617256165,-0.05400338023900986,0.9820879101753235,0.14973145723342896,0.09845525026321411,-0.019364288076758385,0.9836218953132629,0.11696628481149673,-0.3882286250591278,-0.11978719383478165,0.9062275886535645,0.11747363954782486,-0.388102263212204,-0.12048003077507019,0.9061242341995239,0.11747363954782486,-0.388102263212204,-0.12048003077507019,0.9061242341995239,-0.006616679485887289,0.051747750490903854,-0.04248393326997757,0.9977341890335083,-0.16379229724407196,0.057797059416770935,-0.03379666432738304,0.9842202067375183,-0.1591317504644394,0.07364846020936966,0.03531409054994583,0.9838728904724121,-0.13652905821800232,-0.26625025272369385,0.10932567715644836,0.9479021430015564,-0.1620100438594818,-0.25665369629859924,0.1560782939195633,0.9399580955505371,-0.1620100438594818,-0.25665369629859924,0.1560782939195633,0.9399580955505371,-0.007107721175998449,0.03924642130732536,-0.04161107912659645,0.99833744764328
-0.09272318333387375,-0.09423759579658508,0.7319936156272888,-0.004178496543318033,0.04325301945209503,-0.04572899267077446,0.9980083107948303,-0.6903034448623657,0.1016482412815094,-0.3421156108379364,0.8482897877693176,-0.3864220678806305,-0.0929950699210167,-0.6186106204986572,0.13519565761089325,0.2491850107908249,1.0031988620758057,-0.3917359411716461,-0.046430010348558426,-0.0,0.1658528596162796,0.32980039715766907,0.09279414266347885,-1.0278303623199463,-0.0026225713081657887,0.020573105663061142,-0.34949102997779846,0.11436117440462112,-0.7100785970687866,0.10955363512039185,-0.0,-0.27125000953674316,-0.6289140582084656,-0.6863343119621277,0.17562846839427948,0.23170344531536102,-0.25609391927719116,-2.6366255283355713,0.04852696880698204,-1.5710225105285645,3.4282991886138916,-1.2480746507644653,-0.01620747148990631,-2.404932737350464,0.2905136048793793,1.8433985710144043,3.6193296909332275,-1.415798544883728,0.030921397730708122,0.0,0.5340287089347839,0.7967519164085388,0.6450050473213196,-0.2657496929168701,-0.026229729875922203,-0.13616468012332916,-0.9882035255432129,-0.8336119651794434,-0.1663791984319687,0.005186944734305143,0.0,0.0,0.0,-0.004178496543318033,0.04325301945209503,-0.04572899267077446,0.9980083107948303,-0.004178496543318033,0.04325301945209503,-0.04572899267077446,0.9980083107948303,-0.01508918683975935,-0.2850918769836426,0.045727748423814774,0.9572898745536804,0.03356277197599411,-0.2824006676673889,0.06015200912952423,0.9568203091621399,0.0811445340514183,-0.27256590127944946,-0.10360045731067657,0.9530951380729675,0.11659029126167297,0.14382420480251312,-0.06102616712450981,0.980814516544342,0.10270316153764725,-0.04717931151390076,-0.08227727562189102,0.9901800751686096,0.05656781047582626,-0.04330400750041008,-0.08438128232955933,0.9938836097717285,0.05656781047582626,-0.04330400750041008,-0.08438128232955933,0.9938836097717285,-0.020833304151892662,-0.2525680363178253,-0.120957151055336,0.9597628712654114,0.044042762368917465,-0.260161429643631,-0.10362084954977036,0.9589781165122986,0.011370993219316006,-0.26361796259880066,0.01635497808456421,0.9644214510917664,0.002106312895193696,0.23257729411125183,0.019807782024145126,0.972373902797699,0.0059209889732301235,0.038888756185770035,0.0190191138535738,0.9990449547767639,-0.017271358519792557,0.03843678906559944,0.019916711375117302,0.9989132285118103,-0.017271358519792557,0.03843678906559944,0.019916711375117302,0.9989132285118103,-0.004178496543318033,0.04325301945209503,-0.04572899267077446,0.9980083107948303,-0.00015885346510913223,0.12562943994998932,-0.04072658345103264,0.991240918636322,0.16255934536457062,0.117239810526371,-0.06079667806625366,0.9778205752372742,0.16763421893119812,0.10674074292182922,-0.01594254933297634,0.9799239635467529,0.13355080783367157,-0.38261908292770386,-0.12623824179172516,0.9054450392723083,0.1343049854040146,-0.38241007924079895,-0.12727677822113037,0.905276358127594,0.1343049854040146,-0.38241007924079895,-0.12727677822113037,0.905276358127594,-0.0037367548793554306,0.05349365994334221,-0.046414073556661606,0.9974819421768188,-0.17709960043430328,0.06074842810630798,-0.036406949162483215,0.981641411781311,-0.1732146143913269,0.07427289336919785,0.01900658756494522,0.9818956255912781,-0.15512627363204956,-0.2672552764415741,0.0994190201163292,0.9458468556404114,-0.18061517179012299,-0.2565394639968872,0.1460755318403244,0.9382044672966003,-0.18061517179012299,-0.2565394639968872,0.1460755318403244,0.9382044672966003,-0.004178496543318033,0.04325301945209503,-0.04572899267077446,0.9980083107948303
-0.10557153820991516,-0.11610355228185654,0.7062681913375854,-0.0001954270264832303,0.049057599157094955,-0.04841037467122078,0.9976220726966858,-0.8046541810035706,0.0936407595872879,-0.4058023691177368,0.9862139821052551,-0.41693350672721863,-0.09484506398439407,-0.7201195955276489,0.15494878590106964,0.32340458035469055,1.1312435865402222,-0.4328439235687256,-0.032470930367708206,-0.0,0.18343085050582886,0.3712242543697357,0.1135486364364624,-1.0405713319778442,-0.01834428869187832,0.006917976308614016,-0.3987032175064087,0.08525426685810089,-0.7117363214492798,0.12779372930526733,-0.0,-0.3854506313800812,-0.6559786796569824,-0.7717626690864563,0.2473812699317932,0.33698591589927673,-0.1734159141778946,-3.4305219650268555,-0.2402244359254837,-1.9106026887893677,4.137725830078125,-0.9153431057929993,-0.05549981817603111,-3.045269012451172,0.592593789100647,2.2265870571136475,3.841341495513916,-1.2332394123077393,0.4187723696231842,0.0,0.5273396968841553,1.24271559715271,0.622634768486023,-0.3822290599346161,-0.47165152430534363,-0.4096538722515106,-1.476365566253662,-0.873207151889801,-0.04973172768950462,0.5472028255462646,0.0,0.0,0.0,-0.0001954270264832303,0.049057599157094955,-0.04841037467122078,0.9976220726966858,-0.0001954270264832303,0.049057599157094955,-0.04841037467122078,0.9976220726966858,-0.013517864979803562,-0.3321589231491089,0.056631334125995636,0.9414247870445251,0.030558710917830467,-0.3291443884372711,0.07211539894342422,0.9410257935523987,0.09625832736492157,-0.31623440980911255,-0.11899180710315704,0.9362537264823914,0.14111727476119995,0.1646295189857483,-0.05925055965781212,0.974408745765686,0.1257995069026947,-0.040598541498184204,-0.08717339485883713,0.9873839616775513,0.0788513794541359,-0.036420464515686035,-0.08899995684623718,0.992237389087677,0.0788513794541359,-0.036420464515686035,-0.08899995684623718,0.992237389087677,-0.021131698042154312,-0.29362156987190247,-0.13621248304843903,0.9459312558174133,0.052143849432468414,-0.3032832443714142,-0.11307848244905472,0.9447293281555176,0.002635461976751685,-0.307721883058548,0.040496692061424255,0.9506105184555054,-0.019478829577565193,0.24967512488365173,0.035602010786533356,0.96747887134552,-0.011379379779100418,0.03609773516654968,0.03895430266857147,0.9985239505767822,-0.02758866921067238,0.035460565239191055,0.03953520581126213,0.9982075691223145,-0.02758866921067238,0.035460565239191055,0.03953520581126213,0.9982075691223145,-0.0001954270264832303,0.049057599157094955,-0.04841037467122078,0.9976220726966858,0.004512522369623184,0.14004135131835938,-0.04248763248324394,0.9892233610153198,0.18699438869953156,0.1297949105501175,-0.06760221719741821,0.9713991284370422,0.19380269944667816,0.115534208714962,-0.013147592544555664,0.9741249680519104,0.15670867264270782,-0.3769921064376831,-0.13781893253326416,0.9023997187614441,0.16192840039730072,-0.3753342926502228,-0.1450488269329071,0.9010350704193115,0.16192840039730072,-0.3753342926502228,-0.1450488269329071,0.9010350704193115,-3.896063208230771e-05,0.05250120908021927,-0.04862743243575096,0.9974362254142761,-0.1975642889738083,0.061091307550668716,-0.03726736083626747,0.9776744842529297,-0.1946868896484375,0.07205428928136826,0.0038184798322618008,0.9782078862190247,-0.18051309883594513,-0.26834291219711304,0.0927429050207138,0.9417036771774292,-0.21012786030769348,-0.2541099190711975,0.146769180893898,0.932594895362854,-0.21012786030769348,-0.2541099190711975,0.146769180893898,0.932594895362854,-0.0001954270264832303,0.049057599157094955,-0.04841037467122078,0.9976220726966858
-0.12090614438056946,-0.13529379665851593,0.6789323091506958,0.0025873424019664526,0.05714235082268715,-0.0504608191549778,0.9970866441726685,-0.9321703314781189,0.0797763466835022,-0.4722277820110321,1.1236592531204224,-0.4325900971889496,-0.10837022960186005,-0.8294233083724976,0.17692391574382782,0.3831664025783539,1.241863489151001,-0.46760955452919006,-0.01762193813920021,-0.0,0.19285285472869873,0.4214019179344177,0.12657475471496582,-1.0541050434112549,-0.03522734344005585,-0.010542267933487892,-0.4619499444961548,0.06336133182048798,-0.7206067442893982,0.13576070964336395,-0.0,-0.4600381553173065,-0.5757073163986206,-0.8200764060020447,0.1840129792690277,0.4774068295955658,-0.1325768083333969,-3.825484275817871,-0.4159323573112488,-1.9927623271942139,4.123357772827148,-0.4696976840496063,-0.405754953622818,-3.27911114692688,0.6592538356781006,1.7928545475006104,3.318596839904785,-1.0429688692092896,0.4454697370529175,0.0,0.2826601266860962,1.5053298473358154,0.39078351855278015,-0.40601131319999695,-0.5064916014671326,-0.5238072872161865,-1.8974016904830933,-0.6567879915237427,-0.26611268520355225,0.23900939524173737,0.0,0.0,0.0,0.0025873424019664526,0.05714235082268715,-0.0504608191549778,0.9970866441726685,0.0025873424019664526,0.05714235082268715,-0.0504608191549778,0.9970866441726685,-0.012946359813213348,-0.3820689022541046,0.0697709396481514,0.9214053153991699,0.02380736730992794,-0.37898269295692444,0.08495143055915833,0.9211886525154114,0.11180076748132706,-0.36289840936660767,-0.13289569318294525,0.9155020713806152,0.16541320085525513,0.18060611188411713,-0.05290697515010834,0.9681016206741333,0.15020446479320526,-0.031368840485811234,-0.0871739387512207,0.9843044877052307,0.09667545557022095,-0.026601580902934074,-0.08874489367008209,0.9909947514533997,0.09667545557022095,-0.026601580902934074,-0.08874489367008209,0.9909947514533997,-0.02323024719953537,-0.3354944586753845,-0.15117144584655762,0.9295434355735779,0.05898261442780495,-0.3475380837917328,-0.12094053626060486,0.9279610514640808,-0.008272428065538406,-0.35241061449050903,0.0579683855175972,0.9340117573738098,-0.04045388475060463,0.2567732334136963,0.04233497381210327,0.9646961688995361,-0.029545025900006294,0.026285696774721146,0.05055549368262291,0.9979380369186401,-0.03833656758069992,0.025839239358901978,0.050785131752491,0.9976389408111572,-0.03833656758069992,0.025839239358901978,0.050785131752491,0.9976389408111572,0.0025873424019664526,0.05714235082268715,-0.0504608191549778,0.9970866441726685,0.00776939932256937,0.15266840159893036,-0.043950095772743225,0.9872691631317139,0.21408037841320038,0.1401001214981079,-0.07490801811218262,0.9638103246688843,0.22219742834568024,0.12247860431671143,-0.014772385358810425,0.967165470123291,0.17943382263183594,-0.3726138174533844,-0.15469345450401306,0.8972359895706177,0.18936565518379211,-0.36908233165740967,-0.16846707463264465,0.8941687345504761,0.18936565518379211,-0.36908233165740967,-0.16846707463264465,0.8941687345504761,0.002340759616345167,0.05189531669020653,-0.05014371499419212,0.99739009141922,-0.22605064511299133,0.06199640408158302,-0.03693185746669769,0.9714389443397522,-0.2239038646221161,0.07104352116584778,-0.006652957759797573,0.9719957113265991,-0.21122877299785614,-0.27056270837783813,0.09414279460906982,0.9345134496688843,-0.24263976514339447,-0.25342223048210144,0.15087972581386566,0.9241960644721985,-0.24263976514339447,-0.25342223048210144,0.15087972581386566,0.9241960644721985,0.0025873424019664526,0.05714235082268715,-0.0504608191549778,0.9970866441726685
-0.13258039951324463,-0.14644759893417358,0.6503124833106995,0.0050017088651657104,0.07403495162725449,-0.052036356180906296,0.9958845376968384,-1.0777212381362915,0.06918688118457794,-0.5120014548301697,1.2493741512298584,-0.4583459198474884,-0.10785187780857086,-0.9696663618087769,0.18249522149562836,0.3942704200744629,1.3562999963760376,-0.5050225853919983,-0.015130195766687393,-0.0,0.18474653363227844,0.4733545482158661,0.13561077415943146,-1.0712621212005615,-0.038936514407396317,-0.032149188220500946,-0.5199365615844727,0.0425124354660511,-0.7328147292137146,0.14619682729244232,-0.0,-0.35022762417793274,-0.3346140384674072,-0.8585947155952454,0.19037900865077972,1.00770902633667,-0.1035568043589592,-4.366527080535889,-0.3176839351654053,-1.1932101249694824,3.771446704864502,-0.7726746201515198,0.015550552867352962,-4.207291603088379,0.16713915765285492,0.3331204950809479,3.4330949783325195,-1.122390866279602,0.07475226372480392,0.0,-0.24318961799144745,1.5585788488388062,0.2710805833339691,-0.5147123336791992,-0.11127512156963348,-0.6482075452804565,-1.7395983934402466,-0.6254668831825256,-0.3662395179271698,0.3130834996700287,0.0,0.0,0.0,0.0050017088651657104,0.07403495162725449,-0.052036356180906296,0.9958845376968384,0.0050017088651657104,0.07403495162725449,-0.052036356180906296,0.9958845376968384,-0.011667117476463318,-0.43075358867645264,0.0851268321275711,0.8983699679374695,0.019411373883485794,-0.42755162715911865,0.09997417777776718,0.8982360363006592,0.12704066932201385,-0.40870267152786255,-0.1307295709848404,0.8942776918411255,0.1795048862695694,0.1914948672056198,-0.031741879880428314,0.9644169807434082,0.16760079562664032,-0.032600563019514084,-0.07169049233198166,0.9827042818069458,0.11438959091901779,-0.028689071536064148,-0.0733434408903122,0.9903094172477722,0.11438959091901779,-0.028689071536064148,-0.0733434408903122,0.9903094172477722,-0.027930952608585358,-0.3822214901447296,-0.16841991245746613,0.9081637263298035,0.05493806675076485,-0.3959779739379883,-0.13289083540439606,0.906930685043335,-0.023682568222284317,-0.39906877279281616,0.04731523245573044,0.9153931140899658,-0.04812581092119217,0.26350632309913635,0.021988671272993088,0.9632055163383484,-0.041106078773736954,0.01450622733682394,0.03331494703888893,0.9984938502311707,-0.04865853115916252,0.014253783971071243,0.033423732966184616,0.9981542825698853,-0.04865853115916252,0.014253783971071243,0.033423732966184616,0.9981542825698853,0.0050017088651657104,0.07403495162725449,-0.052036356180906296,0.9958845376968384,0.0101996548473835,0.16537140309810638,-0.04558594152331352,0.9851244688034058,0.24090121686458588,0.15007254481315613,-0.0830903872847557,0.9552700519561768,0.2501419484615326,0.12937326729297638,-0.019329441711306572,0.9593320488929749,0.19978204369544983,-0.36936020851135254,-0.17460843920707703,0.8906020522117615,0.21068692207336426,-0.36515602469444275,-0.1896887868642807,0.8867300748825073,0.21068692207336426,-0.36515602469444275,-0.1896887868642807,0.8867300748825073,0.004241008777171373,0.058044176548719406,-0.05110473185777664,0.9969961047172546,-0.25217923521995544,0.06923025101423264,-0.034467268735170364,0.9645853042602539,-0.2506076991558075,0.07585133612155914,-0.014334604144096375,0.9650061726570129,-0.23833346366882324,-0.26857519149780273,0.09800531715154648,0.9281483888626099,-0.2718183696269989,-0.24823297560214996,0.15852345526218414,0.9161689281463623,-0.2718183696269989,-0.24823297560214996,0.15852345526218414,0.9161689281463623,0.0050017088651657104,0.07403495162725449,-0.052036356180906296,0.9958845376968384
-0.13160434365272522,-0.16098567843437195,0.6209438443183899,0.0046703447587788105,0.09594981372356415,-0.04457500949501991,0.9943766593933105,-1.2492395639419556,0.03254644572734833,-0.5599455237388611,1.3896241188049316,-0.4457876980304718,-0.11614350229501724,-1.151272177696228,0.19255973398685455,0.3949058949947357,1.4885460138320923,-0.4995514154434204,-0.005176312290132046,-0.0,0.1622275561094284,0.5581408143043518,0.15201565623283386,-1.0867886543273926,-0.04089241102337837,-0.06612618267536163,-0.5913605690002441,0.009310070425271988,-0.7597270607948303,0.16476944088935852,-0.0,0.029281673952937126,-0.43614235520362854,-0.8810591101646423,0.08222606778144836,1.315091848373413,0.4492194652557373,-5.145549297332764,-1.0992130041122437,-1.4383219480514526,4.207499027252197,0.37674662470817566,-0.24874871969223022,-5.448173999786377,0.3019353449344635,0.019064245745539665,3.9673802852630615,0.16413508355617523,0.298616498708725,0.0,-0.6755692958831787,2.5435879230499268,0.49214643239974976,-0.46579596400260925,-0.05867689475417137,-1.0193097591400146,-2.1427202224731445,-0.996070921421051,-0.8073698878288269,0.5571783781051636,0.0,0.0,0.0,0.0046703447587788105,0.09594981372356415,-0.04457500949501991,0.9943766593933105,0.0046703447587788105,0.09594981372356415,-0.04457500949501991,0.9943766593933105,-0.006867812480777502,-0.4845600426197052,0.11170662194490433,0.8675690293312073,0.007250617723912001,-0.4826781451702118,0.1195768415927887,0.867565929889679,0.140346497297287,-0.46188053488731384,-0.12481315433979034,0.8668280839920044,0.18772104382514954,0.20017430186271667,-0.006022634916007519,0.9615896940231323,0.18174585700035095,-0.017339741811156273,-0.047369908541440964,0.9820508360862732,0.12444212287664413,-0.014561205171048641,-0.04829644039273262,0.9909437894821167,0.12444212287664413,-0.014561205171048641,-0.04829644039273262,0.9909437894821167,-0.033039357513189316,-0.44171756505966187,-0.17994792759418488,0.8783010840415955,0.05154578015208244,-0.4569704234600067,-0.13665169477462769,0.8774094581604004,-0.0391007736325264,-0.4582030773162842,0.038127053529024124,0.8871681690216064,-0.05459045618772507,0.2639554738998413,0.001557201729156077,0.9629875421524048,-0.05251147970557213,0.01772671937942505,0.015002909116446972,0.9983502626419067,-0.055095184594392776,0.017687831073999405,0.015048738569021225,0.9982110261917114,-0.055095184594392776,0.017687831073999405,0.015048738569021225,0.9982110261917114,0.0046703447587788105,0.09594981372356415,-0.04457500949501991,0.9943766593933105,0.008747701533138752,0.1760208159685135,-0.038991779088974,0.9835749864578247,0.27934694290161133,0.15847015380859375,-0.08597032725811005,0.9431127309799194,0.2901400625705719,0.13234476745128632,-0.015580718405544758,0.9476607441902161,0.23467551171779633,-0.36628854274749756,-0.1936410516500473,0.8793538808822632,0.24603231251239777,-0.3612726330757141,-0.20921826362609863,0.8747444748878479,0.24603231251239777,-0.3612726330757141,-0.20921826362609863,0.8747444748878479,0.003396341810002923,0.06308136880397797,-0.042640723288059235,0.9970912337303162,-0.2872941493988037,0.07276900112628937,-0.022408969700336456,0.9548112750053406,-0.2869464159011841,0.07438202202320099,-0.018056808039546013,0.9548837542533875,-0.2724064290523529,-0.2775862514972687,0.11172489821910858,0.9144715070724487,-0.3104802668094635,-0.25211116671562195,0.17840084433555603,0.8990078568458557,-0.3104802668094635,-0.25211116671562195,0.17840084433555603,0.8990078568458557,0.0046703447587788105,0.09594981372356415,-0.04457500949501991,0.9943766593933105
-0.12925386428833008,-0.15955084562301636,0.5899152159690857,-0.0007440499030053616,0.12490006536245346,-0.03854877129197121,0.9914199113845825,-1.434601068496704,-0.027417363598942757,-0.5911508798599243,1.5340110063552856,-0.45296937227249146,-0.12261740863323212,-1.379663109779358,0.18670208752155304,0.3524031937122345,1.6280840635299683,-0.4917267858982086,-0.0271335206925869,-0.0,0.11887801438570023,0.6659860014915466,0.15314173698425293,-1.1161609888076782,-0.04784455895423889,-0.09678994864225388,-0.6735909581184387,-0.011133632622659206,-0.7948511242866516,0.1770894080400467,-0.0,0.07051438093185425,0.043044980615377426,-0.9308587908744812,-0.2101198136806488,1.7573285102844238,0.3909757137298584,-5.560844898223877,-1.7989140748977661,-0.9361606240272522,4.331606388092041,-0.2154502123594284,-0.19421717524528503,-6.851727485656738,-0.17572937905788422,-1.275080919265747,4.186141490936279,0.23473887145519257,-0.6587162017822266,0.0,-1.3004862070083618,3.2353553771972656,0.03378242254257202,-0.8811699748039246,-0.20856443047523499,-0.9199129343032837,-2.466911554336548,-0.6133111119270325,-1.0537219047546387,0.36959898471832275,0.0,0.0,0.0,-0.0007440499030053616,0.12490006536245346,-0.03854877129197121,0.9914199113845825,-0.0007440499030053616,0.12490006536245346,-0.03854877129197121,0.9914199113845825,-0.0037874835543334484,-0.5352569222450256,0.14009833335876465,0.8329814672470093,-0.015205848030745983,-0.5371271371841431,0.13274772465229034,0.8328512907028198,0.1419135332107544,-0.5182637572288513,-0.11561048775911331,0.8354025483131409,0.18240824341773987,0.2066088318824768,0.015246855095028877,0.9611490964889526,0.18117360770702362,-0.014496858231723309,-0.026102911680936813,0.9829977750778198,0.12060464173555374,-0.012870288453996181,-0.026942096650600433,0.992251455783844,0.12060464173555374,-0.012870288453996181,-0.026942096650600433,0.992251455783844,-0.044843532145023346,-0.5132283568382263,-0.19257833063602448,0.8351642489433289,0.03320198506116867,-0.5289450287818909,-0.14389899373054504,0.8357080221176147,-0.060031525790691376,-0.5265751481056213,0.004821356851607561,0.8479926586151123,-0.04472101479768753,0.2550203204154968,-0.040336839854717255,0.9650583267211914,-0.05319388210773468,0.01246198546141386,-0.028238991275429726,0.9981070160865784,-0.06672964990139008,0.012843938544392586,-0.0280673298984766,0.9972935318946838,-0.06672964990139008,0.012843938544392586,-0.0280673298984766,0.9972935318946838,-0.0007440499030053616,0.12490006536245346,-0.03854877129197121,0.9914199113845825,0.0020085773430764675,0.18346036970615387,-0.03482678532600403,0.9824079275131226,0.32302093505859375,0.16199862957000732,-0.0928819477558136,0.9277859926223755,0.3339960277080536,0.13240566849708557,-0.023329759016633034,0.9329368472099304,0.265240341424942,-0.3696100413799286,-0.22714731097221375,0.8610691428184509,0.2785422205924988,-0.3632119297981262,-0.24486608803272247,0.8547115921974182,0.2785422205924988,-0.3632119297981262,-0.24486608803272247,0.8547115921974182,-0.002224944531917572,0.07688971608877182,-0.035456202924251556,0.9964064955711365,-0.33137673139572144,0.08428694307804108,-0.008054914884269238,0.9396916031837463,-0.33184269070625305,0.08211611211299896,-0.01315970066934824,0.9396617412567139,-0.31005752086639404,-0.27917858958244324,0.13897326588630676,0.8981147408485413,-0.3507249355316162,-0.24908342957496643,0.20883864164352417,0.8782573342323303,-0.3507249355316162,-0.24908342957496643,0.20883864164352417,0.8782573342323303,-0.0007440499030053616,0.12490006536245346,-0.03854877129197121,0.9914199113845825
-0.12421941757202148,-0.17676876485347748,0.5568340420722961,-0.007339231204241514,0.15850947797298431,-0.02972613088786602,0.9868825674057007,-1.6172127723693848,-0.10927784442901611,-0.5922056436538696,1.6692699193954468,-0.4844658672809601,-0.11328412592411041,-1.6034928560256958,0.22481003403663635,0.3207058012485504,1.7374157905578613,-0.5165870189666748,-0.046213191002607346,-0.0,0.06900627166032791,0.7905181050300598,0.12569059431552887,-1.1336170434951782,-0.04303768277168274,-0.13044674694538116,-0.7649977803230286,-0.03776022791862488,-0.8391079306602478,0.1683214008808136,-0.0,0.15103338658809662,-0.5165375471115112,-0.9924351572990417,-0.24871791899204254,2.0493476390838623,0.5623649954795837,-5.478350639343262,-2.4558143615722656,-0.031642913818359375,4.057767391204834,-0.9448947906494141,0.2799984812736511,-6.7148919105529785,1.1432383060455322,-0.9509217143058777,3.279951572418213,-0.7458069324493408,-0.572390079498291,0.0,-1.4961521625518799,3.7359628677368164,-0.8235342502593994,-0.523681640625,0.14420627057552338,-1.0097038745880127,-2.742204427719116,-0.7987977862358093,-1.3277040719985962,-0.2630402147769928,0.0,0.0,0.0,-0.007339231204241514,0.15850947797298431,-0.02972613088786602,0.9868825674057007,-0.007339231204241514,0.15850947797298431,-0.02972613088786602,0.9868825674057007,0.003837807569652796,-0.5786880850791931,0.1693563163280487,0.7977617383003235,-0.03973507508635521,-0.5870733261108398,0.13750042021274567,0.7967808246612549,0.13329914212226868,-0.5731189250946045,-0.1009800136089325,0.8022275567054749,0.16433486342430115,0.20967218279838562,0.030978670343756676,0.9633648991584778,0.1669679433107376,-0.027532516047358513,-0.009344919584691525,0.9855335354804993,0.11090736836194992,-0.02695932798087597,-0.010888596996665001,0.9934053421020508,0.11090736836194992,-0.02695932798087597,-0.010888596996665001,0.9934053421020508,-0.05521620437502861,-0.5761114954948425,-0.1991194784641266,0.7908211946487427,0.0338374525308609,-0.5948106646537781,-0.13324132561683655,0.7920240163803101,-0.061568040400743484,-0.5925825834274292,-0.005072205327451229,0.8031373023986816,-0.03588887304067612,0.23049354553222656,-0.05028259754180908,0.9711108803749084,-0.04754208028316498,-0.025204427540302277,-0.03944745287299156,0.9977717399597168,-0.07058244198560715,-0.024286285042762756,-0.040019262582063675,0.9964069128036499,-0.07058244198560715,-0.024286285042762756,-0.040019262582063675,0.9964069128036499,-0.007339231204241514,0.15850947797298431,-0.02972613088786602,0.9868825674057007,-0.0059681059792637825,0.19240765273571014,-0.02782347984611988,0.9809024333953857,0.3721858561038971,0.16685906052589417,-0.09976424276828766,0.9075697660446167,0.38151633739471436,0.13962137699127197,-0.04414885863661766,0.9126894474029541,0.2921525537967682,-0.3583752512931824,-0.27226510643959045,0.8438517451286316,0.3038637340068817,-0.3522990643978119,-0.28785440325737,0.8370735049247742,0.3038637340068817,-0.3522990643978119,-0.28785440325737,0.8370735049247742,-0.008608562871813774,0.0940072238445282,-0.02514667809009552,0.9952166676521301,-0.3794410526752472,0.0965995192527771,0.011757800355553627,0.9200841188430786,-0.3811796009540558,0.08834228664636612,-0.005130480043590069,0.9202561974525452,-0.34896761178970337,-0.28369230031967163,0.17391836643218994,0.8760666251182556,-0.38769951462745667,-0.25267675518989563,0.23814445734024048,0.8538915514945984,-0.38769951462745667,-0.25267675518989563,0.23814445734024048,0.8538915514945984,-0.007339231204241514,0.15850947797298431,-0.02972613088786602,0.9868825674057007
-0.12953656911849976,-0.18356041610240936,0.5216258764266968,-0.01753952167928219,0.1897747814655304,-0.02136807329952717,0.981438398361206,-1.7807528972625732,-0.17471981048583984,-0.5720735192298889,1.818560242652893,-0.5393836498260498,-0.0943458154797554,-1.7995827198028564,0.2737777829170227,0.2781480550765991,1.8359071016311646,-0.5356613397598267,-0.03312163054943085,-0.0,0.017051490023732185,0.93376225233078,0.0921885073184967,-1.1304672956466675,-0.040180329233407974,-0.1499154418706894,-0.865565836429596,-0.05190610513091087,-0.9089479446411133,0.1474040299654007,-0.0,-0.15951453149318695,-0.20374952256679535,-1.056244969367981,-0.4712257981300354,1.9253405332565308,0.5685499310493469,-4.906203269958496,-1.9632588624954224,0.6039636731147766,4.478709697723389,-1.6475334167480469,0.5681492686271667,-5.88269567489624,1.4690324068069458,-1.276732325553894,2.9547390937805176,-0.5722295641899109,0.39274680614471436,0.0,-1.5586434602737427,4.297324180603027,-1.0050625801086426,0.09449242800474167,0.08572059869766235,-0.584060788154602,-3.0170414447784424,-0.42437630891799927,-2.095200300216675,-0.6275210976600647,0.0,0.0,0.0,-0.01753952167928219,0.1897747814655304,-0.02136807329952717,0.981438398361206,-0.01753952167928219,0.1897747814655304,-0.02136807329952717,0.981438398361206,0.011101225391030312,-0.6139664053916931,0.19717393815517426,0.7642280459403992,-0.05561910942196846,-0.628828227519989,0.14285418391227722,0.7622822523117065,0.12406601011753082,-0.6189717650413513,-0.07802967727184296,0.77161705493927,0.13778571784496307,0.22861050069332123,0.049961019307374954,0.9624220728874207,0.14611651003360748,-0.03607542812824249,0.011444225907325745,0.9885431528091431,0.09933880716562271,-0.03657495602965355,0.009730342775583267,0.9943336248397827,0.09933880716562271,-0.03657495602965355,0.009730342775583267,0.9943336248397827,-0.06553931534290314,-0.6280268430709839,-0.19896098971366882,0.7494674324989319,0.03734743595123291,-0.6493024230003357,-0.1113981306552887,0.7513999938964844,-0.05302345007658005,-0.6482105851173401,-0.006158868782222271,0.7595877647399902,-0.027316579595208168,0.20963267982006073,-0.045860905200242996,0.9763220548629761,-0.03847930207848549,-0.05621524155139923,-0.03699677810072899,0.9969906806945801,-0.05498424917459488,-0.05559486523270607,-0.037922631949186325,0.9962167739868164,-0.05498424917459488,-0.05559486523270607,-0.037922631949186325,0.9962167739868164,-0.01753952167928219,0.1897747814655304,-0.02136807329952717,0.981438398361206,-0.017255473881959915,0.19812814891338348,-0.020991142839193344,0.9797993898391724,0.4256023168563843,0.16747558116912842,-0.1079227477312088,0.8827045559883118,0.4325396418571472,0.1451711505651474,-0.0684468224644661,0.8872146606445312,0.32249751687049866,-0.3370225131511688,-0.3186489939689636,0.8251509070396423,0.33298829197883606,-0.330988347530365,-0.3328861892223358,0.8177727460861206,0.33298829197883606,-0.330988347530365,-0.3328861892223358,0.8177727460861206,-0.01819494739174843,0.1159718856215477,-0.01538220513612032,0.9929667115211487,-0.432966411113739,0.11173079907894135,0.03467446565628052,0.8937863111495972,-0.4356578290462494,0.09902343899011612,0.012220165692269802,0.8945654034614563,-0.38442152738571167,-0.29096293449401855,0.2266273945569992,0.846286416053772,-0.4186789393424988,-0.2623087167739868,0.28039753437042236,0.8229697942733765,-0.4186789393424988,-0.2623087167739868,0.28039753437042236,0.8229697942733765,-0.01753952167928219,0.1897747814655304,-0.02136807329952717,0.981438398361206
-0.1427212357521057,-0.1936887800693512,0.48521751165390015,-0.02312002144753933,0.213903546333313,-0.016689561307430267,0.9764385223388672,-1.943558931350708,-0.23779357969760895,-0.5493248701095581,1.950372576713562,-0.5411936044692993,-0.07904422283172607,-1.997380018234253,0.3122783899307251,0.23121199011802673,1.9327847957611084,-0.5326419472694397,-0.024528270587325096,-0.0,-0.013736381195485592,1.0768641233444214,0.04773899167776108,-1.1334091424942017,-0.043871380388736725,-0.14997756481170654,-0.9676159024238586,-0.06606186181306839,-0.9810861945152283,0.14232631027698517,-0.0,-0.3955399692058563,-0.3038508892059326,-1.092250943183899,-0.24969728291034698,1.4900269508361816,0.3072736859321594,-4.884180545806885,-1.892212986946106,0.6824594140052795,3.9543697834014893,-0.05429863557219505,0.45904776453971863,-5.933918476104736,1.1550180912017822,-1.4080818891525269,2.9063305854797363,0.09058176726102829,0.25780078768730164,0.0,-0.9236360788345337,4.293056011199951,-1.3334853649139404,-0.0882553979754448,-0.11073152720928192,-0.0018636881140992045,-3.0615017414093018,-0.4246726930141449,-2.16414737701416,-0.15233157575130463,0.0,0.0,0.0,-0.02312002144753933,0.213903546333313,-0.016689561307430267,0.9764385223388672,-0.02312002144753933,0.213903546333313,-0.016689561307430267,0.9764385223388672,0.019373325631022453,-0.6534052491188049,0.2177535444498062,0.7247548699378967,-0.06673159450292587,-0.6746215224266052,0.1387113630771637,0.7219362258911133,0.11874193698167801,-0.6674336194992065,-0.06229299679398537,0.7324973344802856,0.11818241328001022,0.23192645609378815,0.06334809958934784,0.9634469747543335,0.1308152973651886,-0.03404868766665459,0.02945202775299549,0.9903841018676758,0.09158127009868622,-0.0351858027279377,0.02808370254933834,0.9947794675827026,0.09158127009868622,-0.0351858027279377,0.02808370254933834,0.9947794675827026,-0.07261764258146286,-0.6822023391723633,-0.20273786783218384,0.6987302303314209,0.03692217171192169,-0.705430269241333,-0.09418532252311707,0.7015226483345032,-0.04469471424818039,-0.7049804925918579,-0.0126369409263134,0.7077041864395142,-0.015000549145042896,0.18170756101608276,-0.04395785927772522,0.9822551012039185,-0.026040716096758842,-0.08321214467287064,-0.038460250943899155,0.995448887348175,-0.038246773183345795,-0.08273421972990036,-0.03947785869240761,0.9950546622276306,-0.038246773183345795,-0.08273421972990036,-0.03947785869240761,0.9950546622276306,-0.02312002144753933,0.213903546333313,-0.016689561307430267,0.9764385223388672,-0.023326123133301735,0.207195445895195,-0.016951784491539,0.9778745174407959,0.48141899704933167,0.16918742656707764,-0.12080120295286179,0.8514801263809204,0.48513084650039673,0.15639548003673553,-0.10120604932308197,0.8543686866760254,0.34854453802108765,-0.309313029050827,-0.3738919496536255,0.8019021153450012,0.35935914516448975,-0.3024594485759735,-0.38901516795158386,0.7924938201904297,0.35935914516448975,-0.3024594485759735,-0.38901516795158386,0.7924938201904297,-0.023296693339943886,0.1404021829366684,-0.010320602916181087,0.9897665977478027,-0.4810163080692291,0.12908890843391418,0.0561724528670311,0.8653346300125122,-0.4848921597003937,0.11136990040540695,0.028618058189749718,0.8669817447662354,-0.4120751619338989,-0.29508838057518005,0.27901577949523926,0.815639078617096,-0.44516775012016296,-0.2664538621902466,0.32851603627204895,0.7892434597015381,-0.44516775012016296,-0.2664538621902466,0.32851603627204895,0.7892434597015381,-0.02312002144753933,0.213903546333313,-0.016689561307430267,0.9764385223388672
-0.15390513837337494,-0.20513199269771576,0.4491608738899231,-0.024755993857979774,0.2326984852552414,-0.008080520667135715,0.9722002148628235,-2.07680606842041,-0.28288334608078003,-0.5640592575073242,2.0486021041870117,-0.5531150698661804,-0.07287368923425674,-2.172039031982422,0.32706671953201294,0.18689265847206116,2.0321896076202393,-0.5209861397743225,-0.02621409110724926,-0.0,-0.02802172675728798,1.1991605758666992,0.03985682129859924,-1.125921607017517,-0.04712902754545212,-0.13238054513931274,-1.0810350179672241,-0.10316907614469528,-1.0386128425598145,0.12654967606067657,-0.0,-0.3355170488357544,-0.3432963490486145,-1.0816991329193115,0.027588102966547012,1.169189453125,0.4950888454914093,-3.9974138736724854,-1.35269296169281,-0.442031592130661,2.946885585784912,-0.3576439321041107,0.1851159930229187,-5.23976993560791,0.44364985823631287,-1.3295798301696777,2.9821441173553467,0.34967419505119324,-0.050574611872434616,0.0,-0.428560346364975,3.668893337249756,-0.23646509647369385,0.22462604939937592,-0.0977294072508812,0.527910590171814,-3.402573347091675,-1.1132164001464844,-1.725799322128296,-0.4732989966869354,0.0,0.0,0.0,-0.024755993857979774,0.2326984852552414,-0.008080520667135715,0.9722002148628235,-0.024755993857979774,0.2326984852552414,-0.008080520667135715,0.9722002148628235,0.03260010480880737,-0.6854630708694458,0.23329897224903107,0.6889479160308838,-0.06484679877758026,-0.711506187915802,0.1343391090631485,0.6866635680198669,0.13573132455348969,-0.701443612575531,-0.06207064911723137,0.6969226002693176,0.12356918305158615,0.2308790534734726,0.08370434492826462,0.9614671468734741,0.14172878861427307,-0.04041849449276924,0.04678364470601082,0.9879729747772217,0.10564406961202621,-0.042095936834812164,0.04528019577264786,0.9924802184104919,0.10564406961202621,-0.042095936834812164,0.04528019577264786,0.9924802184104919,-0.07172981649637222,-0.728101372718811,-0.20523986220359802,0.6500768065452576,0.03506322577595711,-0.7518013715744019,-0.08396273851394653,0.6530815958976746,-0.03524063155055046,-0.7517930269241333,-0.022657115012407303,0.6580668687820435,0.0006989807588979602,0.16343319416046143,-0.04188983514904976,0.985664427280426,-0.010113622061908245,-0.0959453284740448,-0.04065662994980812,0.9945045113563538,-0.023147394880652428,-0.09540421515703201,-0.04191065952181816,0.9942865371704102,-0.023147394880652428,-0.09540421515703201,-0.04191065952181816,0.9942865371704102,-0.024755993857979774,0.2326984852552414,-0.008080520667135715,0.9722002148628235,-0.025071263313293457,0.21905982494354248,-0.008588838391005993,0.9753514528274536,0.5296887755393982,0.1760031282901764,-0.13070529699325562,0.8193709850311279,0.5329203605651855,0.16440843045711517,-0.11504678428173065,0.8220279812812805,0.3826954662799835,-0.2807762622833252,-0.40845897793769836,0.7796602845191956,0.39357930421829224,-0.2728389501571655,-0.42427200078964233,0.7685359716415405,0.39357930421829224,-0.2728389501571655,-0.42427200078964233,0.7685359716415405,-0.02426876872777939,0.16811540722846985,-0.00239099794998765,0.9854656457901001,-0.5279097557067871,0.1453796625137329,0.08445864915847778,0.8324918746948242,-0.5344153642654419,0.11532481014728546,0.04321549832820892,0.8362014293670654,-0.4400923252105713,-0.29745253920555115,0.3284255564212799,0.7810105085372925,-0.46943747997283936,-0.27113643288612366,0.37014132738113403,0.7543930411338806,-0.46943747997283936,-0.27113643288612366,0.37014132738113403,0.7543930411338806,-0.024755993857979774,0.2326984852552414,-0.008080520667135715,0.9722002148628235
-0.16552795469760895,-0.22251729667186737,0.4145868420600891,-0.014029031619429588,0.2357366681098938,-0.0043656970374286175,0.9717059135437012,-2.1785085201263428,-0.3240181505680084,-0.5765220522880554,2.127974033355713,-0.5213361978530884,-0.08398748934268951,-2.3296964168548584,0.33301183581352234,0.13845081627368927,2.126185417175293,-0.5021305084228516,-0.029769182205200195,-0.0,-0.031135233119130135,1.2818419933319092,0.06017320603132248,-1.1069915294647217,-0.06348808854818344,-0.09949612617492676,-1.1867777109146118,-0.16393309831619263,-1.0744458436965942,0.0985674262046814,-0.0,-0.3486844599246979,-0.5215591192245483,-1.0372209548950195,0.6783457398414612,0.1844460517168045,0.062173254787921906,-3.0510733127593994,-1.234044075012207,-0.37388381361961365,2.381157636642456,0.9533661007881165,-0.3334139883518219,-4.7297210693359375,0.1783534735441208,-1.4532551765441895,2.8198740482330322,0.5656689405441284,-0.10665272921323776,0.0,-0.09340518712997437,2.4804422855377197,0.6094915270805359,0.5679023265838623,-0.4907718002796173,0.9865325093269348,-3.1722805500030518,-1.822920560836792,-1.0749900341033936,-0.839467465877533,0.0,0.0,0.0,-0.014029031619429588,0.2357366681098938,-0.0043656970374286175,0.9717059135437012,-0.014029031619429588,0.2357366681098938,-0.0043656970374286175,0.9717059135437012,0.043839920312166214,-0.7194617390632629,0.23288428783416748,0.6528535485267639,-0.06204028055071831,-0.7476050853729248,0.11378461122512817,0.6513760089874268,0.15305274724960327,-0.7343958020210266,-0.07608689367771149,0.656847357749939,0.14081288874149323,0.2178116738796234,0.09688183665275574,0.9609077572822571,0.16102492809295654,-0.03719748556613922,0.057317815721035004,0.9845821261405945,0.11954882740974426,-0.039570972323417664,0.055705681443214417,0.9904741644859314,0.11954882740974426,-0.039570972323417664,0.055705681443214417,0.9904741644859314,-0.06546863168478012,-0.7725604772567749,-0.22033071517944336,0.5918771028518677,0.03353310376405716,-0.7983930110931396,-0.08924118429422379,0.5945419669151306,-0.02177215926349163,-0.7988002300262451,-0.04790289327502251,0.5992908477783203,0.031275566667318344,0.13534407317638397,-0.04231492802500725,0.9894004464149475,0.019782477989792824,-0.11470183730125427,-0.04875825718045235,0.9920054078102112,0.005015236325562,-0.11396341770887375,-0.050460085272789,0.9921900033950806,0.005015236325562,-0.11396341770887375,-0.050460085272789,0.9921900033950806,-0.014029031619429588,0.2357366681098938,-0.0043656970374286175,0.9717059135437012,-0.014325582422316074,0.22059769928455353,-0.005097016226500273,0.9752463698387146,0.5716502666473389,0.17377139627933502,-0.13598833978176117,0.7902699708938599,0.5763517022132874,0.1550372689962387,-0.1132807508111,0.7943233847618103,0.4246121644973755,-0.26564306020736694,-0.4247365891933441,0.7541465759277344,0.43859192728996277,-0.25378698110580444,-0.4452071785926819,0.7382546067237854,0.43859192728996277,-0.25378698110580444,-0.4452071785926819,0.7382546067237854,-0.01349227037280798,0.187263622879982,-0.0006299580563791096,0.9822168350219727,-0.5604156255722046,0.15560324490070343,0.1041906327009201,0.8067628145217896,-0.5707133412361145,0.10513990372419357,0.04079871624708176,0.8133679032325745,-0.4672366976737976,-0.30680879950523376,0.35282042622566223,0.7503839135169983,-0.49041759967803955,-0.28544560074806213,0.38375189900398254,0.7285230755805969,-0.49041759967803955,-0.28544560074806213,0.38375189900398254,0.7285230755805969,-0.014029031619429588,0.2357366681098938,-0.0043656970374286175,0.9717059135437012
-0.17225874960422516,-0.2367357760667801,0.3834102153778076,-0.001492240815423429,0.23194073140621185,0.0013116520131006837,0.97272789478302,-2.255260467529297,-0.36330369114875793,-0.5943889617919922,2.1927661895751953,-0.4754958152770996,-0.10152444243431091,-2.4666335582733154,0.3246561884880066,0.09893684834241867,2.213214159011841,-0.4791851043701172,-0.03775260969996452,-0.0,-0.02536039613187313,1.342172384262085,0.08049935102462769,-1.1028043031692505,-0.07049952447414398,-0.06316866725683212,-1.2967283725738525,-0.23561601340770721,-1.0921151638031006,0.0662599429488182,-0.0,-0.20192383229732513,-0.4265543520450592,-0.9352987408638,0.8111196160316467,-0.23428019881248474,0.15714819729328156,-2.302558183670044,-1.1785660982131958,-0.536007285118103,1.943764567375183,1.3752113580703735,-0.5261085629463196,-4.108114242553711,-0.2506694197654724,-1.185418963432312,2.6108620166778564,0.6883620619773865,-0.23950281739234924,0.0,0.17324510216712952,1.8099116086959839,0.6097843050956726,0.12561678886413574,-0.21034306287765503,1.0898237228393555,-3.2985196113586426,-2.1504874229431152,-0.5300796031951904,-0.9692244529724121,0.0,0.0,0.0,-0.001492240815423429,0.23194073140621185,0.0013116520131006837,0.97272789478302,-0.001492240815423429,0.23194073140621185,0.0013116520131006837,0.97272789478302,0.05473630502820015,-0.7490124106407166,0.22930459678173065,0.6191960573196411,-0.05802483484148979,-0.7781135439872742,0.09021930396556854,0.6188965439796448,0.172380730509758,-0.7609943747520447,-0.09497268497943878,0.6181849241256714,0.16323035955429077,0.20227833092212677,0.10995806753635406,0.9593479633331299,0.18453554809093475,-0.02935193106532097,0.06842192262411118,0.9800018072128296,0.1345721334218979,-0.03278588131070137,0.06684446334838867,0.9881028532981873,0.1345721334218979,-0.03278588131070137,0.06684446334838867,0.9881028532981873,-0.05594306439161301,-0.8101497888565063,-0.2357647866010666,0.5338002443313599,0.031063105911016464,-0.8376026749610901,-0.10173207521438599,0.5358240008354187,-0.010392882861196995,-0.8381140828132629,-0.07511206716299057,0.5401990413665771,0.06251119822263718,0.10781578719615936,-0.04292067885398865,0.991274893283844,0.050540175288915634,-0.13050031661987305,-0.0565289705991745,0.9885442852973938,0.0318722166121006,-0.12941007316112518,-0.05898211896419525,0.9893221259117126,0.0318722166121006,-0.12941007316112518,-0.05898211896419525,0.9893221259117126,-0.001492240815423429,0.23194073140621185,0.0013116520131006837,0.97272789478302,-0.0016601883107796311,0.21961118280887604,0.0005559658748097718,0.9755858778953552,0.6053552627563477,0.1723334938287735,-0.13612695038318634,0.765059232711792,0.6114417314529419,0.1459498405456543,-0.10682220011949539,0.7703418731689453,0.4590674936771393,-0.2581816613674164,-0.43581706285476685,0.7298374772071838,0.47412675619125366,-0.24395830929279327,-0.45766058564186096,0.7115018963813782,0.47412675619125366,-0.24395830929279327,-0.45766058564186096,0.7115018963813782,-0.000990247935988009,0.20117077231407166,0.0032868264243006706,0.9795501828193665,-0.592323362827301,0.15836286544799805,0.12410351634025574,0.780174732208252,-0.6058784127235413,0.08202563971281052,0.03609732910990715,0.7904936075210571,-0.4975052773952484,-0.3199062943458557,0.3707647919654846,0.7160181403160095,-0.5134152173995972,-0.3048379719257355,0.3903822600841522,0.7007712125778198,-0.5134152173995972,-0.3048379719257355,0.3903822600841522,0.7007712125778198,-0.001492240815423429,0.23194073140621185,0.0013116520131006837,0.97272789478302
-0.17721568048000336,-0.25034838914871216,0.3562273383140564,0.014844372868537903,0.22521410882472992,0.008330493234097958,0.9741606116294861,-2.306016445159912,-0.3968111574649811,-0.5976908802986145,2.2386951446533203,-0.4480426609516144,-0.11495017260313034,-2.5719997882843018,0.32179975509643555,0.07070732861757278,2.2767598628997803,-0.4541299343109131,-0.03972059115767479,-0.0,-0.003419096115976572,1.371220588684082,0.12317603081464767,-1.1326054334640503,-0.07702651619911194,-0.02879999950528145,-1.391653299331665,-0.3117372691631317,-1.093996286392212,0.041469015181064606,-0.0,-0.14870791137218475,-0.40837836265563965,-0.8154862523078918,1.051863431930542,-0.4106394946575165,0.182798370718956,-1.5226792097091675,-1.0052239894866943,-0.09905754774808884,1.3778685331344604,0.8235945701599121,-0.40277189016342163,-3.1609866619110107,-0.08569299429655075,-0.8468855619430542,1.906370997428894,0.7516550421714783,-0.059039440006017685,0.0,0.6582390069961548,0.8714460730552673,1.2803003787994385,-0.8940338492393494,-0.1958097368478775,1.031059980392456,-2.847747564315796,-2.283637523651123,-0.056433673948049545,-0.7437278032302856,0.0,0.0,0.0,0.014844372868537903,0.22521410882472992,0.008330493234097958,0.9741606116294861,0.014844372868537903,0.22521410882472992,0.008330493234097958,0.9741606116294861,0.06665359437465668,-0.7721662521362305,0.22071979939937592,0.592114269733429,-0.05136355012655258,-0.8005232810974121,0.0641908049583435,0.5936360955238342,0.1866007149219513,-0.7801640033721924,-0.11343088746070862,0.5862232446670532,0.18347515165805817,0.18713121116161346,0.11841985583305359,0.957755446434021,0.20519770681858063,-0.03031235933303833,0.07470136135816574,0.9753946661949158,0.14882884919643402,-0.0345534086227417,0.07283676415681839,0.9855713248252869,0.14882884919643402,-0.0345534086227417,0.07283676415681839,0.9855713248252869,-0.0440484881401062,-0.8360998034477234,-0.25339552760124207,0.48454880714416504,0.03414834290742874,-0.8658959865570068,-0.11617390811443329,0.4853469729423523,0.0035207848995923996,-0.8665618896484375,-0.09894609451293945,0.4891500174999237,0.09131412208080292,0.08097995072603226,-0.03826822713017464,0.991786003112793,0.08035530894994736,-0.14436838030815125,-0.05784245952963829,0.9845582842826843,0.060787130147218704,-0.14319121837615967,-0.06069806218147278,0.9859598875045776,0.060787130147218704,-0.14319121837615967,-0.06069806218147278,0.9859598875045776,0.014844372868537903,0.22521410882472992,0.008330493234097958,0.9741606116294861,0.014834389090538025,0.22355328500270844,0.008200583979487419,0.9745442867279053,0.6285106539726257,0.17822973430156708,-0.13519424200057983,0.7449369430541992,0.637744665145874,0.13640441000461578,-0.0916077122092247,0.7525181770324707,0.4834388196468353,-0.2662062644958496,-0.4439467489719391,0.7059266567230225,0.499967485666275,-0.24985414743423462,-0.4667564034461975,0.6853786706924438,0.499967485666275,-0.24985414743423462,-0.4667564034461975,0.6853786706924438,0.015166180208325386,0.21117758750915527,0.008997092954814434,0.9772886037826538,-0.6148212552070618,0.15631656348705292,0.14227457344532013,0.7598143815994263,-0.6301994323730469,0.05175977945327759,0.028823263943195343,0.7741697430610657,-0.5226913690567017,-0.3371213376522064,0.3771093785762787,0.6862444877624512,-0.5329317450523376,-0.32728463411331177,0.38872402906417847,0.6765812635421753,-0.5329317450523376,-0.32728463411331177,0.38872402906417847,0.6765812635421753,0.014844372868537903,0.22521410882472992,0.008330493234097958,0.9741606116294861
-0.17898696660995483,-0.27093368768692017,0.3346708416938782,0.04130207374691963,0.2121049016714096,0.021719999611377716,0.9761320948600769,-2.3076329231262207,-0.4189753234386444,-0.6080960035324097,2.2788355350494385,-0.395860880613327,-0.14587080478668213,-2.6425020694732666,0.31081634759902954,0.045323412865400314,2.332458257675171,-0.4291129410266876,-0.03896080330014229,-0.0,0.010714625008404255,1.3701975345611572,0.1672702133655548,-1.1766598224639893,-0.09084498882293701,-0.019623063504695892,-1.449234962463379,-0.39562952518463135,-1.0904111862182617,0.04249109327793121,-0.0,-0.05313858017325401,-0.6175588965415955,-0.6466948390007019,1.732474446296692,-0.7917091250419617,0.4125041663646698,-0.048494335263967514,-0.6649249196052551,-0.3121536672115326,1.2042115926742554,1.565453290939331,-0.9276189208030701,-2.1150684356689453,-0.3295021951198578,-0.7615174055099487,1.6709517240524292,0.7505097389221191,0.022793633863329887,0.0,0.42401161789894104,-0.03069162182509899,1.3228254318237305,-1.3216315507888794,-0.4145541489124298,0.2753080725669861,-1.7274497747421265,-2.5167675018310547,0.10755299776792526,0.03066234104335308,0.0,0.0,0.0,0.04130207374691963,0.2121049016714096,0.021719999611377716,0.9761320948600769,0.04130207374691963,0.2121049016714096,0.021719999611377716,0.9761320948600769,0.08610266447067261,-0.7859536409378052,0.20331443846225739,0.5775175094604492,-0.03587958589196205,-0.8110518455505371,0.03542352840304375,0.5827973484992981,0.20858286321163177,-0.7845926284790039,-0.14068204164505005,0.5666711330413818,0.21500757336616516,0.1867019087076187,0.13065215945243835,0.949654757976532,0.23650120198726654,-0.0036840145476162434,0.08582203835248947,0.9678265452384949,0.1653461903333664,-0.009928137063980103,0.08532541990280151,0.9824874997138977,0.1653461903333664,-0.009928137063980103,0.08532541990280151,0.9824874997138977,-0.02266618050634861,-0.8509248495101929,-0.2781108319759369,0.4450477659702301,0.04649297520518303,-0.8837168216705322,-0.1430501490831375,0.44319260120391846,0.02645622007548809,-0.8845434188842773,-0.13297078013420105,0.4463202953338623,0.13265015184879303,0.06211531534790993,-0.02801959589123726,0.9888177514076233,0.12364283204078674,-0.14984215795993805,-0.0556202158331871,0.9793702960014343,0.10454205423593521,-0.1487302929162979,-0.058528464287519455,0.9815929532051086,0.10454205423593521,-0.1487302929162979,-0.058528464287519455,0.9815929532051086,0.04130207374691963,0.2121049016714096,0.021719999611377716,0.9761320948600769,0.041256699711084366,0.21730706095695496,0.022268878296017647,0.9749767184257507,0.6488634347915649,0.18236377835273743,-0.12025688588619232,0.7288744449615479,0.66116863489151,0.12380486726760864,-0.06247247755527496,0.7373096942901611,0.5099737048149109,-0.2822490930557251,-0.4436846375465393,0.6807394623756409,0.5298261046409607,-0.2618008255958557,-0.469168484210968,0.6562206149101257,0.5298261046409607,-0.2618008255958557,-0.469168484210968,0.6562206149101257,0.04164344072341919,0.20251095294952393,0.02191588282585144,0.9781486988067627,-0.6171842813491821,0.13710376620292664,0.15064378082752228,0.7599951028823853,-0.6301807165145874,0.003997464664280415,0.00625713262706995,0.7764130234718323,-0.5365458130836487,-0.377917617559433,0.3567994236946106,0.6648240685462952,-0.547752857208252,-0.36747610569000244,0.36805492639541626,0.6553348302841187,-0.547752857208252,-0.36747610569000244,0.36805492639541626,0.6553348302841187,0.04130207374691963,0.2121049016714096,0.021719999611377716,0.9761320948600769
-0.17813865840435028,-0.2978956401348114,0.32009047269821167,0.07127777487039566,0.20447225868701935,0.03209659457206726,0.9757460355758667,-2.284203052520752,-0.42823946475982666,-0.6303867101669312,2.2861835956573486,-0.3385767638683319,-0.17619918286800385,-2.670355796813965,0.2776532471179962,-0.0018540786113590002,2.360912799835205,-0.4154650866985321,-0.047649968415498734,-0.0,0.023734742775559425,1.3486109972000122,0.20603534579277039,-1.2450988292694092,-0.11446506530046463,-0.030290817841887474,-1.4920865297317505,-0.4483347535133362,-1.1013611555099487,0.07134285569190979,-0.0,0.025449244305491447,-0.8088585138320923,-0.43741104006767273,1.8989108800888062,-0.428841233253479,0.20788142085075378,0.7028960585594177,-0.27792423963546753,-0.6687211394309998,0.2204418033361435,1.718523383140564,-0.9098513126373291,-0.8356117606163025,-0.994892954826355,-1.4153245687484741,0.8536362051963806,0.40943560004234314,-0.26067495346069336,0.0,0.39060351252555847,-0.6475960612297058,1.1629538536071777,-2.0531702041625977,-0.708602249622345,-0.32003262639045715,-1.285546898841858,-1.5811567306518555,-0.32849904894828796,0.8655528426170349,0.0,0.0,0.0,0.07127777487039566,0.20447225868701935,0.03209659457206726,0.9757460355758667,0.07127777487039566,0.20447225868701935,0.03209659457206726,0.9757460355758667,0.10595888644456863,-0.7889935970306396,0.18041206896305084,0.5776792168617249,-0.019210340455174446,-0.8093112707138062,0.00864099245518446,0.587002158164978,0.23262277245521545,-0.7753969430923462,-0.17375554144382477,0.5607630610466003,0.254591703414917,0.18862806260585785,0.13959729671478271,0.9381445050239563,0.27447178959846497,0.027872135862708092,0.09470788389444351,0.9565138816833496,0.18924780189990997,0.01943110302090645,0.09679292887449265,0.9769538640975952,0.18924780189990997,0.01943110302090645,0.09679292887449265,0.9769538640975952,-0.004673370625823736,-0.850786030292511,-0.30501788854599,0.42790812253952026,0.05458599701523781,-0.8848093748092651,-0.18435059487819672,0.424437940120697,0.055406227707862854,-0.8847584128379822,-0.1847439855337143,0.42426687479019165,0.19192972779273987,0.05570036545395851,-0.019057046622037888,0.9796413779258728,0.18387308716773987,-0.14754006266593933,-0.058231256902217865,0.9700679183006287,0.16071124374866486,-0.14611096680164337,-0.061729539185762405,0.9741729497909546,0.16071124374866486,-0.14611096680164337,-0.061729539185762405,0.9741729497909546,0.07127777487039566,0.20447225868701935,0.03209659457206726,0.9757460355758667,0.07104497402906418,0.21596117317676544,0.033665597438812256,0.9732317328453064,0.663138210773468,0.18971535563468933,-0.10853885859251022,0.715873658657074,0.6783924698829651,0.1160266250371933,-0.038774263113737106,0.724443256855011,0.5231575965881348,-0.3024289011955261,-0.4526393711566925,0.6557137370109558,0.5488220453262329,-0.2760044038295746,-0.4828881025314331,0.6240472793579102,0.5488220453262329,-0.2760044038295746,-0.4828881025314331,0.6240472793579102,0.07194918394088745,0.18963268399238586,0.03194344416260719,0.9786942005157471,-0.6114392280578613,0.11758124828338623,0.1521696001291275,0.7675683498382568,-0.6201028227806091,-0.03172590956091881,-0.01339288242161274,0.7837643623352051,-0.5375860333442688,-0.41595005989074707,0.33813124895095825,0.650887131690979,-0.5574355721473694,-0.3981512486934662,0.3561687171459198,0.6355194449424744,-0.5574355721473694,-0.3981512486934662,0.3561687171459198,0.6355194449424744,0.07127777487039566,0.20447225868701935,0.03209659457206726,0.9757460355758667
-0.1745958775281906,-0.3253438472747803,0.31152528524398804,0.10510166734457016,0.1992892026901245,0.03760004788637161,0.9735623598098755,-2.228637218475342,-0.41477635502815247,-0.649217426776886,2.279205799102783,-0.32008084654808044,-0.19287319481372833,-2.658031940460205,0.232229083776474,-0.04644845798611641,2.3725686073303223,-0.42695876955986023,-0.06736485660076141,-0.0,0.051220767199993134,1.3098182678222656,0.23379714787006378,-1.3167730569839478,-0.1183883473277092,-0.025909513235092163,-1.5257322788238525,-0.47317585349082947,-1.1294254064559937,0.09101590514183044,-0.0,0.10628341883420944,-0.8234461545944214,-0.256955623626709,2.0674660205841064,-0.2350964993238449,-0.11074765026569366,1.6669749021530151,0.40389326214790344,-0.564921498298645,-0.2093338817358017,0.554877519607544,-0.5002203583717346,0.3697156608104706,-1.362724781036377,-1.3378313779830933,0.34967419505119324,-0.34481045603752136,-0.5914466381072998,0.0,0.8245806694030762,-1.163781762123108,0.8328540325164795,-2.1502268314361572,-0.11769845336675644,0.13143913447856903,-1.0093724727630615,-0.7452329397201538,-0.8419274687767029,0.5901914238929749,0.0,0.0,0.0,0.10510166734457016,0.1992892026901245,0.03760004788637161,0.9735623598098755,0.10510166734457016,0.1992892026901245,0.03760004788637161,0.9735623598098755,0.1252264678478241,-0.7806757688522339,0.15162459015846252,0.5931893587112427,0.00040261639514937997,-0.7951676845550537,-0.012369269505143166,0.606263279914856,0.2539907693862915,-0.7535121440887451,-0.2050836682319641,0.5706564784049988,0.2924686372280121,0.2034885585308075,0.1450265645980835,0.9230502843856812,0.31184229254722595,0.053792595863342285,0.09656599909067154,0.9436820149421692,0.21952886879444122,0.04424458369612694,0.10129685699939728,0.9693236947059631,0.21952886879444122,0.04424458369612694,0.10129685699939728,0.9693236947059631,0.010347584262490273,-0.8389089703559875,-0.3342120945453644,0.42944955825805664,0.06003126874566078,-0.8719797134399414,-0.23477081954479218,0.42535895109176636,0.08026431500911713,-0.8703505396842957,-0.24458526074886322,0.4197923541069031,0.2568337321281433,0.06266535073518753,-0.017342058941721916,0.9642658829689026,0.24732939898967743,-0.14304806292057037,-0.07136158645153046,0.9556531310081482,0.215006485581398,-0.1405637562274933,-0.07613840699195862,0.9634401798248291,0.215006485581398,-0.1405637562274933,-0.07613840699195862,0.9634401798248291,0.10510166734457016,0.1992892026901245,0.03760004788637161,0.9735623598098755,0.10442669689655304,0.22393624484539032,0.04183921590447426,0.9680894017219543,0.6724720001220703,0.20308829843997955,-0.10321387648582458,0.7041898965835571,0.6907663941383362,0.11826690286397934,-0.025465890765190125,0.712885856628418,0.5250996947288513,-0.3151780962944031,-0.46914252638816833,0.6362690925598145,0.5521575212478638,-0.28797799348831177,-0.4990813136100769,0.6025848984718323,0.5521575212478638,-0.28797799348831177,-0.4990813136100769,0.6025848984718323,0.10574107617139816,0.1865999698638916,0.03702996298670769,0.9760266542434692,-0.5979948043823242,0.10929781198501587,0.15570726990699768,0.7785958647727966,-0.6046124696731567,-0.04509132355451584,-0.02196192555129528,0.7949391007423401,-0.5251462459564209,-0.44233036041259766,0.3310275971889496,0.6472913026809692,-0.551473081111908,-0.4199983775615692,0.3535853922367096,0.6280574202537537,-0.551473081111908,-0.4199983775615692,0.3535853922367096,0.6280574202537537,0.10510166734457016,0.1992892026901245,0.03760004788637161,0.9735623598098755
-0.16978812217712402,-0.3523070812225342,0.30996817350387573,0.1384402960538864,0.18685728311538696,0.036007653921842575,0.9719167351722717,-2.1337294578552246,-0.37505292892456055,-0.670002818107605,2.252000570297241,-0.30322107672691345,-0.21266846358776093,-2.5969972610473633,0.20245790481567383,-0.08288580179214478,2.3724465370178223,-0.4175780117511749,-0.06155891716480255,-0.0,0.09781800210475922,1.2461299896240234,0.2588491439819336,-1.3898152112960815,-0.1317082643508911,-0.003030838444828987,-1.5447771549224854,-0.4775197505950928,-1.1637346744537354,0.14446648955345154,-0.0,0.1442326456308365,-0.8088969588279724,-0.04671334847807884,1.9672338962554932,-0.621395468711853,-0.566463828086853,2.8472325801849365,1.1917027235031128,-0.623561680316925,-0.816156804561615,0.5057930946350098,-0.593858003616333,1.8310402631759644,-0.8931353092193604,-1.0931202173233032,-0.0036621091421693563,0.2814227342605591,0.17417816817760468,0.0,1.3979170322418213,-1.910648226737976,0.751559853553772,-2.1912646293640137,-0.39959749579429626,0.6863601803779602,-0.5713462829589844,-0.13031691312789917,-1.029278039932251,1.6035174131393433,0.0,0.0,0.0,0.1384402960538864,0.18685728311538696,0.036007653921842575,0.9719167351722717,0.1384402960538864,0.18685728311538696,0.036007653921842575,0.9719167351722717,0.13965646922588348,-0.7632468342781067,0.12056748569011688,0.6192042231559753,0.021770253777503967,-0.7723431587219238,-0.023837827146053314,0.6343846321105957,0.27448368072509766,-0.7222510576248169,-0.23107962310314178,0.5912818908691406,0.326698362827301,0.22298355400562286,0.14834849536418915,0.9063880443572998,0.34535595774650574,0.08353359252214432,0.09730543196201324,0.9296682476997375,0.2447359710931778,0.07273437082767487,0.1056215837597847,0.9610713124275208,0.2447359710931778,0.07273437082767487,0.1056215837597847,0.9610713124275208,0.024151770398020744,-0.8194447159767151,-0.3613942265510559,0.44420862197875977,0.0689181461930275,-0.85177081823349,-0.27673423290252686,0.43949389457702637,0.10414871573448181,-0.8481841087341309,-0.2947053015232086,0.42765113711357117,0.3122524321079254,0.07820729166269302,-0.014021084643900394,0.9466707110404968,0.3025648891925812,-0.11971268057823181,-0.07843881845474243,0.9423219561576843,0.2734220027923584,-0.11724205315113068,-0.08208577334880829,0.9511869549751282,0.2734220027923584,-0.11724205315113068,-0.08208577334880829,0.9511869549751282,0.1384402960538864,0.18685728311538696,0.036007653921842575,0.9719167351722717,0.13709144294261932,0.23363161087036133,0.04570311680436134,0.96152663230896,0.6724078059196472,0.21639977395534515,-0.09921512752771378,0.7008532285690308,0.6938539743423462,0.12229706346988678,-0.013559509068727493,0.7095253467559814,0.5181372761726379,-0.3315567374229431,-0.4821406304836273,0.6238143444061279,0.5490626096725464,-0.3018769323825836,-0.5143101215362549,0.585564374923706,0.5490626096725464,-0.3018769323825836,-0.5143101215362549,0.585564374923706,0.13851237297058105,0.1853739321231842,0.03589071333408356,0.9721947908401489,-0.579235315322876,0.10772705078125,0.15506941080093384,0.792991042137146,-0.5859277248382568,-0.04382237419486046,-0.02789863757789135,0.808696448802948,-0.5075316429138184,-0.4599183201789856,0.325914204120636,0.6516646146774292,-0.5501186847686768,-0.4251575469970703,0.36150816082954407,0.6212264895439148,-0.5501186847686768,-0.4251575469970703,0.36150816082954407,0.6212264895439148,0.1384402960538864,0.18685728311538696,0.036007653921842575,0.9719167351722717
-0.16671963036060333,-0.380282998085022,0.31613409519195557,0.1793629229068756,0.17010900378227234,0.026732312515378,0.9685955047607422,-1.994867205619812,-0.3349630832672119,-0.6818699836730957,2.1968846321105957,-0.2571273446083069,-0.25802743434906006,-2.513201951980591,0.18965457379817963,-0.10484027117490768,2.3586392402648926,-0.36956772208213806,-0.03235509246587753,-0.0,0.147345632314682,1.1623355150222778,0.2745758891105652,-1.4358991384506226,-0.1410422921180725,0.017635107040405273,-1.564780831336975,-0.4681525230407715,-1.2000681161880493,0.20935885608196259,-0.0,0.09205474704504013,-0.839277446269989,0.18497763574123383,2.34698748588562,-0.774248480796814,-1.1320230960845947,4.165867328643799,1.2026952505111694,-0.3560149371623993,-1.6534780263900757,1.3828119039535522,-1.3607690334320068,2.5138590335845947,-0.38409990072250366,-0.6586340665817261,-0.41421887278556824,1.4403085708618164,0.8761146664619446,0.0,1.4858288764953613,-2.513833999633789,0.47180232405662537,-1.382517695426941,-0.2800208330154419,0.6199783086776733,-0.6001102328300476,0.28101682662963867,-1.090003252029419,1.9467709064483643,0.0,0.0,0.0,0.1793629229068756,0.17010900378227234,0.026732312515378,0.9685955047607422,0.1793629229068756,0.17010900378227234,0.026732312515378,0.9685955047607422,0.15597596764564514,-0.7326945066452026,0.07955679297447205,0.6576480865478516,0.04416380077600479,-0.7357045412063599,-0.043696314096450806,0.674447238445282,0.2876181900501251,-0.6785922050476074,-0.266695111989975,0.6210170388221741,0.36835354566574097,0.2442670315504074,0.13478197157382965,0.8868388533592224,0.38259389996528625,0.12854968011379242,0.08644309639930725,0.9108372330665588,0.2622295022010803,0.1163599044084549,0.10226339101791382,0.9524905681610107,0.2622295022010803,0.1163599044084549,0.10226339101791382,0.9524905681610107,0.03811760991811752,-0.7930675745010376,-0.3949265778064728,0.46219465136528015,0.0817093700170517,-0.8268982172012329,-0.3180604875087738,0.45650896430015564,0.12492340058088303,-0.8214811086654663,-0.34154289960861206,0.4392167329788208,0.36336901783943176,0.09254925698041916,-0.014844474382698536,0.9269181489944458,0.3544555902481079,-0.07933275401592255,-0.0813550353050232,0.9281427264213562,0.33939477801322937,-0.0780063048005104,-0.08262774348258972,0.9337552189826965,0.33939477801322937,-0.0780063048005104,-0.08262774348258972,0.9337552189826965,0.1793629229068756,0.17010900378227234,0.026732312515378,0.9685955047607422,0.17769880592823029,0.2399725317955017,0.04431261122226715,0.9533481597900391,0.6719130873680115,0.2249019891023636,-0.09470754116773605,0.6992727518081665,0.6954955458641052,0.12500105798244476,-0.0040799882262945175,0.7075620293617249,0.5147056579589844,-0.34165656566619873,-0.48870256543159485,0.6160508394241333,0.5483471155166626,-0.31016597151756287,-0.5223814845085144,0.5746564865112305,0.5483471155166626,-0.31016597151756287,-0.5223814845085144,0.5746564865112305,0.1790265291929245,0.17872537672519684,0.027773408219218254,0.9670757055282593,-0.5547948479652405,0.10717786103487015,0.14569498598575592,0.8120890259742737,-0.5623534321784973,-0.03599994629621506,-0.03818615898489952,0.8252299427986145,-0.4881853461265564,-0.4747757613658905,0.314604789018631,0.6612766981124878,-0.5507424473762512,-0.42524096369743347,0.36641669273376465,0.6177310943603516,-0.5507424473762512,-0.42524096369743347,0.36641669273376465,0.6177310943603516,0.1793629229068756,0.17010900378227234,0.026732312515378,0.9685955047607422
-0.16653461754322052,-0.40725722908973694,0.3324187994003296,0.23140808939933777,0.1425553262233734,0.0012920117005705833,0.9623547196388245,-1.807772159576416,-0.2675238847732544,-0.6369801759719849,2.1062655448913574,-0.2171458601951599,-0.26155516505241394,-2.39935564994812,0.19810153543949127,-0.09561587125062943,2.331948757171631,-0.2858821749687195,0.015784479677677155,-0.0,0.21476754546165466,1.0323632955551147,0.28640440106391907,-1.4595094919204712,-0.13405103981494904,0.046188294887542725,-1.5757532119750977,-0.4600285589694977,-1.2479467391967773,0.2467869222164154,-0.0,0.005550384055823088,-0.8092268705368042,0.4885410964488983,2.8783347606658936,-1.1811630725860596,-2.29779052734375,5.612851142883301,2.0231759548187256,1.3466941118240356,-2.7185723781585693,1.1994444131851196,-0.10583191365003586,3.415388822555542,0.25340884923934937,0.2767319977283478,-0.8007144331932068,2.510566234588623,1.444187045097351,0.0,2.0226573944091797,-3.8991663455963135,0.35485532879829407,-0.7083105444908142,0.20973755419254303,0.8565955758094788,-0.32917138934135437,0.24371890723705292,-1.4363585710525513,1.1228419542312622,0.0,0.0,0.0,0.23140808939933777,0.1425553262233734,0.0012920117005705833,0.9623547196388245,0.23140808939933777,0.1425553262233734,0.0012920117005705833,0.9623547196388245,0.1731112152338028,-0.6892727017402649,0.020876795053482056,0.7032068371772766,0.0777827799320221,-0.6858997344970703,-0.07123345136642456,0.7200118899345398,0.2886488437652588,-0.6270490288734436,-0.29311051964759827,0.6614964604377747,0.3975447416305542,0.2645297646522522,0.10578333586454391,0.8722339272499084,0.4066665470600128,0.16845709085464478,0.06208260729908943,0.8957623839378357,0.28638193011283875,0.1589227169752121,0.08352014422416687,0.9411447048187256,0.28638193011283875,0.1589227169752121,0.08352014422416687,0.9411447048187256,0.050700802356004715,-0.7587664723396301,-0.4399566948413849,0.4776410162448883,0.09768567234277725,-0.7985542416572571,-0.36276668310165405,0.470286101102829,0.13573674857616425,-0.7929734587669373,-0.38482704758644104,0.4524122178554535,0.40718305110931396,0.10352826863527298,-0.026800602674484253,0.9070642590522766,0.39921244978904724,-0.026743263006210327,-0.08453246206045151,0.9125614762306213,0.4064020812511444,-0.027409574016928673,-0.08431876450777054,0.9093824028968811,0.4064020812511444,-0.027409574016928673,-0.08431876450777054,0.9093824028968811,0.23140808939933777,0.1425553262233734,0.0012920117005705833,0.9623547196388245,0.23089632391929626,0.2431161254644394,0.03251378983259201,0.9415541887283325,0.6655290722846985,0.22748816013336182,-0.09171552956104279,0.7049173712730408,0.6902962327003479,0.12404925376176834,0.003660742426291108,0.7128039598464966,0.5104511380195618,-0.3529224991798401,-0.486192524433136,0.6152253150939941,0.5432106256484985,-0.3232502341270447,-0.5180692076683044,0.5762254595756531,0.5432106256484985,-0.3232502341270447,-0.5180692076683044,0.5762254595756531,0.23110990226268768,0.1650317758321762,0.005229433998465538,0.9588145613670349,-0.5166487097740173,0.11269859224557877,0.1206725463271141,0.8401257395744324,-0.5269578695297241,-0.01985561102628708,-0.06627287715673447,0.8470708727836609,-0.46838074922561646,-0.4906115233898163,0.2845335304737091,0.6774662137031555,-0.5437541007995605,-0.43305128812789917,0.3471042215824127,0.6295368671417236,-0.5437541007995605,-0.43305128812789917,0.3471042215824127,0.6295368671417236,0.23140808939933777,0.1425553262233734,0.0012920117005705833,0.9623547196388245
-0.16411533951759338,-0.436947226524353,0.3465502858161926,0.2668895721435547,0.13104555010795593,-0.0244875717908144,0.9544618129730225,-1.666062355041504,-0.17978955805301666,-0.6291049718856812,1.998253583908081,-0.18165074288845062,-0.26179999113082886,-2.2674357891082764,0.19521555304527283,-0.10359617322683334,2.281212091445923,-0.2335454523563385,0.03656945377588272,-0.0,0.2751540243625641,0.9302133321762085,0.28136101365089417,-1.4424620866775513,-0.14169926941394806,0.05760880559682846,-1.5680153369903564,-0.4475705027580261,-1.2585773468017578,0.25762054324150085,-0.0,0.07257833331823349,-0.8906998634338379,0.4239445626735687,1.9394112825393677,-0.2364753931760788,-1.9519153833389282,4.251294136047363,2.6320297718048096,0.23625610768795013,-3.240358591079712,1.0648534297943115,-0.0073447818867862225,3.9575955867767334,-0.08657946437597275,-0.23940904438495636,-1.5220998525619507,1.5701016187667847,0.6235491633415222,0.0,1.8115942478179932,-3.0644986629486084,-0.15130160748958588,0.5114221572875977,-0.2294468730688095,0.3426153063774109,0.23213623464107513,0.37374165654182434,-0.3189181983470917,0.3250086009502411,0.0,0.0,0.0,0.2668895721435547,0.13104555010795593,-0.0244875717908144,0.9544618129730225,0.2668895721435547,0.13104555010795593,-0.0244875717908144,0.9544618129730225,0.18711450695991516,-0.6451793909072876,-0.02443535067141056,0.7403611540794373,0.11989397555589676,-0.6403806209564209,-0.08225686103105545,0.7541697025299072,0.3121393322944641,-0.5718661546707153,-0.3115541934967041,0.6917167901992798,0.4308956265449524,0.2723323404788971,0.09394650906324387,0.8551830649375916,0.43764054775238037,0.19364427030086517,0.054476816207170486,0.8763589262962341,0.3195084035396576,0.184876948595047,0.07928646355867386,0.9259851574897766,0.3195084035396576,0.184876948595047,0.07928646355867386,0.9259851574897766,0.06081465259194374,-0.7172166109085083,-0.46773600578308105,0.5129570364952087,0.1105143129825592,-0.7593849897384644,-0.3956148326396942,0.5045888423919678,0.14968319237232208,-0.7526445984840393,-0.42120927572250366,0.4834291636943817,0.445255845785141,0.12549644708633423,-0.03961768373847008,0.8856796026229858,0.4376077950000763,0.021453464403748512,-0.09122353792190552,0.8942692279815674,0.45388519763946533,0.019781973212957382,-0.09160053730010986,0.8861186504364014,0.45388519763946533,0.019781973212957382,-0.09160053730010986,0.8861186504364014,0.2668895721435547,0.13104555010795593,-0.0244875717908144,0.9544618129730225,0.2688479423522949,0.2581489086151123,0.020492928102612495,0.9277176260948181,0.6563873887062073,0.23991817235946655,-0.09746842831373215,0.7085864543914795,0.6826186776161194,0.1394532173871994,-0.003125985385850072,0.7173386216163635,0.5035086870193481,-0.33968690037727356,-0.48169267177581787,0.6317151188850403,0.5374001860618591,-0.30864816904067993,-0.5166999697685242,0.5907270908355713,0.5374001860618591,-0.30864816904067993,-0.5166999697685242,0.5907270908355713,0.26724573969841003,0.15890848636627197,-0.018532099202275276,0.9502549171447754,-0.4817628562450409,0.12560734152793884,0.09908653795719147,0.8615736961364746,-0.4961891174316406,0.003766679437831044,-0.08749595284461975,0.8637862205505371,-0.45378378033638,-0.4858705997467041,0.25265729427337646,0.702975332736969,-0.5322620868682861,-0.42641040682792664,0.32156530022621155,0.6568614840507507,-0.5322620868682861,-0.42641040682792664,0.32156530022621155,0.6568614840507507,0.2668895721435547,0.13104555010795593,-0.0244875717908144,0.9544618129730225
-0.16392160952091217,-0.4675948917865753,0.36248189210891724,0.3087632656097412,0.11085135489702225,-0.06350628286600113,0.9425201416015625,-1.50154447555542,-0.08064432442188263,-0.6146315932273865,1.860208511352539,-0.167959064245224,-0.26179999113082886,-2.117422580718994,0.20692777633666992,-0.10558321326971054,2.2285120487213135,-0.1928999125957489,0.010465206578373909,-0.0,0.3475888967514038,0.8311747312545776,0.2814207971096039,-1.4159940481185913,-0.16957198083400726,0.08204707503318787,-1.542133092880249,-0.45207908749580383,-1.2955833673477173,0.275473952293396,-0.0,0.005811899434775114,-0.9194298982620239,0.4779481589794159,2.2542104721069336,-0.4996016323566437,-2.9065301418304443,4.935535907745361,2.9743568897247314,0.43420132994651794,-4.14135217666626,0.4107503294944763,0.0,4.500396251678467,0.35136666893959045,-0.05961119756102562,-1.5810011625289917,1.2193660736083984,-0.7831273674964905,0.0,2.173046112060547,-2.9711577892303467,0.001793503644876182,0.794041097164154,-0.8361812829971313,0.7331480383872986,0.7764672636985779,-0.1352575421333313,-1.1101806163787842,0.5356022715568542,0.0,0.0,0.0,0.3087632656097412,0.11085135489702225,-0.06350628286600113,0.9425201416015625,0.3087632656097412,0.11085135489702225,-0.06350628286600113,0.9425201416015625,0.2034807801246643,-0.5945484042167664,-0.08347728103399277,0.7733946442604065,0.17213888466358185,-0.590700089931488,-0.10737641155719757,0.7809686064720154,0.3427615463733673,-0.5109529495239258,-0.33858972787857056,0.7118979096412659,0.47632721066474915,0.2652936279773712,0.07239370048046112,0.835159182548523,0.48072099685668945,0.19430479407310486,0.03218383714556694,0.8544689416885376,0.36507749557495117,0.18844164907932281,0.05727042257785797,0.9099056124687195,0.36507749557495117,0.18844164907932281,0.05727042257785797,0.9099056124687195,0.07280891388654709,-0.6696426272392273,-0.5037534236907959,0.5408419966697693,0.12827739119529724,-0.7180889844894409,-0.4318992793560028,0.5304301381111145,0.16599014401435852,-0.7103197574615479,-0.4592868387699127,0.5069010853767395,0.48542407155036926,0.14184461534023285,-0.053484536707401276,0.8610360026359558,0.4780173897743225,0.05826718732714653,-0.09998252987861633,0.8706938624382019,0.48256680369377136,0.057743221521377563,-0.10028605163097382,0.8681806921958923,0.48256680369377136,0.057743221521377563,-0.10028605163097382,0.8681806921958923,0.3087632656097412,0.11085135489702225,-0.06350628286600113,0.9425201416015625,0.3162754476070404,0.26848873496055603,0.0009703797404654324,0.9098805785179138,0.6566975712776184,0.24602657556533813,-0.10750847309827805,0.704741895198822,0.6836965084075928,0.14546999335289001,-0.013587534427642822,0.714991569519043,0.5033543109893799,-0.3255930244922638,-0.4830034673213959,0.6382250785827637,0.54256272315979,-0.2883146107196808,-0.5253867506980896,0.5886162519454956,0.54256272315979,-0.2883146107196808,-0.5253867506980896,0.5886162519454956,0.3108173906803131,0.15013159811496735,-0.05324198678135872,0.93702632188797,-0.43010589480400085,0.1447739154100418,0.06644335389137268,0.8886139392852783,-0.450612336397171,0.03238101676106453,-0.12795692682266235,0.882908284664154,-0.4366110563278198,-0.48861241340637207,0.20284487307071686,0.7276555895805359,-0.5210493206977844,-0.4253511130809784,0.2801832854747772,0.6848950982093811,-0.5210493206977844,-0.4253511130809784,0.2801832854747772,0.6848950982093811,0.3087632656097412,0.11085135489702225,-0.06350628286600113,0.9425201416015625
-0.16634675860404968,-0.5043896436691284,0.3695966601371765,0.338615357875824,0.09487561136484146,-0.08630271255970001,0.9321427345275879,-1.4067599773406982,0.04745718091726303,-0.6386550664901733,1.6927685737609863,-0.1790408194065094,-0.26179999113082886,-1.9848368167877197,0.18866828083992004,-0.1396609991788864,2.1747426986694336,-0.16343991458415985,-0.028408652171492577,-0.0,0.4090903401374817,0.7705204486846924,0.27801328897476196,-1.3771004676818848,-0.16802069544792175,0.09254148602485657,-1.5076521635055542,-0.45706474781036377,-1.3047534227371216,0.2672804594039917,-0.0,-0.07275446504354477,-1.1038424968719482,0.21344302594661713,1.6684203147888184,-0.5260078310966492,-1.8237587213516235,2.8435347080230713,3.8430447578430176,-0.7207041382789612,-5.023197650909424,-0.3324526250362396,0.0,3.9775726795196533,-0.5477848649024963,-1.0223335027694702,-1.613080382347107,0.8837999105453491,-1.1662156581878662,0.0,1.8450431823730469,-1.819628357887268,-0.10222523659467697,1.1668072938919067,0.04653855785727501,0.31483229994773865,1.0344278812408447,-0.1495697945356369,-0.2751016616821289,-0.2458047717809677,0.0,0.0,0.0,0.338615357875824,0.09487561136484146,-0.08630271255970001,0.9321427345275879,0.338615357875824,0.09487561136484146,-0.08630271255970001,0.9321427345275879,0.22021257877349854,-0.5666931867599487,-0.1213286817073822,0.7846302390098572,0.23876701295375824,-0.569412350654602,-0.10784896463155746,0.7791845202445984,0.40545111894607544,-0.46567100286483765,-0.34700480103492737,0.705937385559082,0.5285586714744568,0.22007089853286743,0.07367953658103943,0.8165572881698608,0.5330291986465454,0.14618872106075287,0.026130884885787964,0.832962155342102,0.41974541544914246,0.14152728021144867,0.044988833367824554,0.895410418510437,0.41974541544914246,0.14152728021144867,0.044988833367824554,0.895410418510437,0.09474476426839828,-0.6286835074424744,-0.5230731964111328,0.5676045417785645,0.1477886140346527,-0.6751587986946106,-0.46152910590171814,0.5561564564704895,0.19453680515289307,-0.6632015705108643,-0.4992094039916992,0.5225984454154968,0.5324276089668274,0.1544472575187683,-0.05979525297880173,0.8301153182983398,0.5257697105407715,0.08617033064365387,-0.10305725038051605,0.8399524092674255,0.5137861371040344,0.08762545138597488,-0.10182290524244308,0.8473356366157532,0.5137861371040344,0.08762545138597488,-0.10182290524244308,0.8473356366157532,0.338615357875824,0.09487561136484146,-0.08630271255970001,0.9321427345275879,0.3502618372440338,0.27754396200180054,-0.003970436751842499,0.894578218460083,0.6607706546783447,0.25570806860923767,-0.10798050463199615,0.6973777413368225,0.688818097114563,0.15579776465892792,-0.016251400113105774,0.707808256149292,0.5141347646713257,-0.3010465204715729,-0.47734713554382324,0.6458917260169983,0.5510648488998413,-0.26318201422691345,-0.5203927755355835,0.5968702435493469,0.5510648488998413,-0.26318201422691345,-0.5203927755355835,0.5968702435493469,0.3419613838195801,0.13878798484802246,-0.07328611612319946,0.9265146851539612,-0.3848218023777008,0.1513463854789734,0.04156000539660454,0.9095489382743835,-0.4084448218345642,0.04746420681476593,-0.159696564078331,0.8974502682685852,-0.42099928855895996,-0.49019357562065125,0.15485329926013947,0.7473220825195312,-0.5035725235939026,-0.42941421270370483,0.23302651941776276,0.7125424742698669,-0.5035725235939026,-0.42941421270370483,0.23302651941776276,0.7125424742698669,0.338615357875824,0.09487561136484146,-0.08630271255970001,0.9321427345275879
-0.15675851702690125,-0.5436475276947021,0.35703548789024353,0.3648253381252289,0.0637194886803627,-0.10709043592214584,0.9226992726325989,-1.3009411096572876,0.17020085453987122,-0.6079111099243164,1.5219342708587646,-0.14776277542114258,-0.26025041937828064,-1.8296122550964355,0.17998956143856049,-0.1759500503540039,2.1100142002105713,-0.13994713127613068,-0.09369170665740967,-0.0,0.4594542682170868,0.7473871111869812,0.256433367729187,-1.3354766368865967,-0.1863381266593933,0.09279798716306686,-1.4360113143920898,-0.46679019927978516,-1.344391107559204,0.251691609621048,-0.0,0.28764721751213074,-1.1777364015579224,-0.3768351376056671,1.3785829544067383,-1.4026464223861694,-1.994449496269226,3.1745657920837402,3.682310104370117,0.9223186373710632,-5.125028610229492,0.9383412599563599,0.046487148851156235,4.656736373901367,-0.26036158204078674,-1.0886714458465576,-1.9418548345565796,0.7047834396362305,-1.9584914445877075,0.0,1.5109177827835083,-0.6940000653266907,-0.6473975777626038,1.248714804649353,-0.5495229363441467,0.007695033680647612,2.1492254734039307,-0.2917635142803192,-1.189130425453186,-0.4676654636859894,0.0,0.0,0.0,0.3648253381252289,0.0637194886803627,-0.10709043592214584,0.9226992726325989,0.3648253381252289,0.0637194886803627,-0.10709043592214584,0.9226992726325989,0.23767432570457458,-0.5461831092834473,-0.15400336682796478,0.7883387207984924,0.30382123589515686,-0.5572964549064636,-0.10702172666788101,0.76528400182724,0.45669111609458923,-0.44081732630729675,-0.3311628997325897,0.6981722116470337,0.559099018573761,0.16224859654903412,0.0751262754201889,0.8095923066139221,0.5631191730499268,0.10204657167196274,0.033651892095804214,0.8193600177764893,0.45203959941864014,0.09681722521781921,0.04660877585411072,0.885502278804779,0.45203959941864014,0.09681722521781921,0.04660877585411072,0.885502278804779,0.12748269736766815,-0.5925823450088501,-0.5338172912597656,0.5896044969558716,0.17995652556419373,-0.638160228729248,-0.4783996641635895,0.5757611989974976,0.23533035814762115,-0.6198810338973999,-0.5271368622779846,0.5315015912055969,0.5746282935142517,0.15661652386188507,-0.055280499160289764,0.8013848066329956,0.5693570971488953,0.1002032607793808,-0.09532120823860168,0.8103737831115723,0.5307837128639221,0.104557104408741,-0.09052424132823944,0.8361470103263855,0.5307837128639221,0.104557104408741,-0.09052424132823944,0.8361470103263855,0.3648253381252289,0.0637194886803627,-0.10709043592214584,0.9226992726325989,0.3804895579814911,0.266524076461792,-0.0081729581579566,0.8855087757110596,0.6774910092353821,0.24514640867710114,-0.10490526258945465,0.6854954957962036,0.7023712992668152,0.15117256343364716,-0.02200630120933056,0.6952245235443115,0.5308676362037659,-0.2835841178894043,-0.4781173765659332,0.6396588087081909,0.5698171257972717,-0.2400842010974884,-0.5253230929374695,0.5845542550086975,0.5698171257972717,-0.2400842010974884,-0.5253230929374695,0.5845542550086975,0.36920443177223206,0.10742592811584473,-0.09277436882257462,0.9184446930885315,-0.32617512345314026,0.14193931221961975,0.0008036340004764497,0.934592068195343,-0.35008299350738525,0.04922885075211525,-0.21020901203155518,0.9114990830421448,-0.4041856527328491,-0.513909101486206,0.08881115913391113,0.751427948474884,-0.48480772972106934,-0.45695313811302185,0.16304180026054382,0.7277174592018127,-0.48480772972106934,-0.45695313811302185,0.16304180026054382,0.7277174592018127,0.3648253381252289,0.0637194886803627,-0.10709043592214584,0.9226992726325989
-0.16308780014514923,-0.5776866674423218,0.33901074528694153,0.3944190442562103,0.029403094202280045,-0.11893237382173538,0.9107272624969482,-1.19048011302948,0.24188297986984253,-0.54311203956604,1.408761739730835,-0.12057316303253174,-0.24148431420326233,-1.690260410308838,0.1458313912153244,-0.20543305575847626,2.0394530296325684,-0.12846006453037262,-0.11881031095981598,-0.0,0.49833932518959045,0.7295522689819336,0.24882172048091888,-1.3133652210235596,-0.2033485323190689,0.09012047946453094,-1.3499263525009155,-0.494852215051651,-1.4154188632965088,0.2346722036600113,-0.0,-0.18987847864627838,-1.0211741924285889,-0.5407422780990601,1.6352927684783936,-1.7856850624084473,-1.5974515676498413,3.3138296604156494,2.150463581085205,1.9439719915390015,-3.3951756954193115,0.8156883120536804,0.5629831552505493,4.18055534362793,-1.0247451066970825,-0.8844901323318481,-2.116835117340088,0.3446119725704193,-0.7535580992698669,0.0,1.1665515899658203,-0.5350452661514282,-0.22834940254688263,0.6633424162864685,-0.5103121399879456,-0.08032522350549698,2.5825486183166504,-0.8418604135513306,-2.1308326721191406,-0.5105821490287781,0.0,0.0,0.0,0.3944190442562103,0.029403094202280045,-0.11893237382173538,0.9107272624969482,0.3944190442562103,0.029403094202280045,-0.11893237382173538,0.9107272624969482,0.26643750071525574,-0.5261442065238953,-0.1799294352531433,0.7872793078422546,0.3594740927219391,-0.5440089106559753,-0.1151374876499176,0.7493837475776672,0.4922209680080414,-0.4276515543460846,-0.311926007270813,0.691038966178894,0.5770700573921204,0.12161479890346527,0.08105211704969406,0.803511381149292,0.5809051394462585,0.07298224419355392,0.04613636061549187,0.8093789219856262,0.4791869819164276,0.06689382344484329,0.0545911006629467,0.8734557032585144,0.4791869819164276,0.06689382344484329,0.0545911006629467,0.8734557032585144,0.17012032866477966,-0.562185525894165,-0.5402494072914124,0.6026085615158081,0.21356898546218872,-0.6000494956970215,-0.49785804748535156,0.5886138677597046,0.27397000789642334,-0.5749883055686951,-0.5555881261825562,0.5344630479812622,0.6167919635772705,0.15428048372268677,-0.05749254673719406,0.7697141170501709,0.6118298768997192,0.1045575737953186,-0.0969633236527443,0.7780295610427856,0.5645588636398315,0.11012987047433853,-0.09058468043804169,0.8129816055297852,0.5645588636398315,0.11012987047433853,-0.09058468043804169,0.8129816055297852,0.3944190442562103,0.029403094202280045,-0.11893237382173538,0.9107272624969482,0.411964476108551,0.24652938544750214,-0.004086043685674667,0.8772068619728088,0.6977936029434204,0.22885099053382874,-0.09176412969827652,0.6725255846977234,0.7200273275375366,0.13542267680168152,-0.013203855603933334,0.6804755926132202,0.5559084415435791,-0.27971768379211426,-0.47502461075782776,0.6221538782119751,0.5972592234611511,-0.22972244024276733,-0.5245296359062195,0.5615849494934082,0.5972592234611511,-0.22972244024276733,-0.5245296359062195,0.5615849494934082,0.3992822766304016,0.07143157720565796,-0.10365601629018784,0.9081445932388306,-0.25573939085006714,0.12054016441106796,-0.03629201278090477,0.9585146307945251,-0.27797234058380127,0.039619799703359604,-0.26553988456726074,0.922307014465332,-0.38351917266845703,-0.5564795732498169,0.01629827171564102,0.7368703484535217,-0.46302562952041626,-0.5039612054824829,0.08349458873271942,0.7243335247039795,-0.46302562952041626,-0.5039612054824829,0.08349458873271942,0.7243335247039795,0.3944190442562103,0.029403094202280045,-0.11893237382173538,0.9107272624969482
-0.15707629919052124,-0.6138137578964233,0.3103005886077881,0.4311288297176361,-0.003260436002165079,-0.1174025610089302,0.8946138620376587,-1.0853787660598755,0.2943861484527588,-0.4875609874725342,1.3180794715881348,-0.048123549669981,-0.2266310304403305,-1.5670456886291504,0.12402922660112381,-0.22926995158195496,1.9656517505645752,-0.1062464490532875,-0.1302693784236908,-0.0,0.5039014220237732,0.7108840346336365,0.2529963552951813,-1.2973814010620117,-0.19618496298789978,0.0733828917145729,-1.2977700233459473,-0.46802833676338196,-1.4492802619934082,0.2216101586818695,-0.0,0.18034501373767853,-1.0838127136230469,-0.8613046407699585,2.1578586101531982,-2.0555062294006348,-0.8695276379585266,3.1530401706695557,1.5750949382781982,1.6665314435958862,-2.7204678058624268,2.173488140106201,0.4455984830856323,3.696441411972046,-0.6540648937225342,-0.7151068449020386,-2.214038372039795,0.6664084196090698,-0.3437719941139221,0.0,0.16686289012432098,-0.5600470304489136,0.1252390444278717,0.47951456904411316,0.21490706503391266,-0.5021275877952576,1.5646897554397583,0.8047162890434265,-1.0158419609069824,-0.39186131954193115,0.0,0.0,0.0,0.4311288297176361,-0.003260436002165079,-0.1174025610089302,0.8946138620376587,0.4311288297176361,-0.003260436002165079,-0.1174025610089302,0.8946138620376587,0.31018415093421936,-0.506691038608551,-0.19602206349372864,0.780144453048706,0.4212476909160614,-0.5299609899520874,-0.11959000676870346,0.726216197013855,0.5367106795310974,-0.41261351108551025,-0.2913430333137512,0.6758779287338257,0.6027193069458008,0.08767498284578323,0.09832891821861267,0.7870031595230103,0.6049106121063232,0.06871473789215088,0.08379935473203659,0.7888847589492798,0.5118293762207031,0.05879858508706093,0.09103171527385712,0.8522245287895203,0.5118293762207031,0.05879858508706093,0.09103171527385712,0.8522245287895203,0.22598393261432648,-0.5334415435791016,-0.540503740310669,0.6101041436195374,0.2633606493473053,-0.5659137964248657,-0.5064047574996948,0.5949259996414185,0.32636362314224243,-0.5320752263069153,-0.5711311101913452,0.5330966711044312,0.656245231628418,0.1484447568655014,-0.04523446410894394,0.738417387008667,0.6529175639152527,0.10902667790651321,-0.0800161212682724,0.7452578544616699,0.6030252575874329,0.11400362849235535,-0.0727500468492508,0.786175012588501,0.6030252575874329,0.11400362849235535,-0.0727500468492508,0.786175012588501,0.4311288297176361,-0.003260436002165079,-0.1174025610089302,0.8946138620376587,0.4466761350631714,0.2126752734184265,0.007573323789983988,0.869018018245697,0.7211780548095703,0.20201708376407623,-0.06691207736730576,0.6592526435852051,0.7403218746185303,0.10437449812889099,0.010916328988969326,0.664010763168335,0.5914732813835144,-0.28911954164505005,-0.46269935369491577,0.593699038028717,0.631523072719574,-0.23740214109420776,-0.5074792504310608,0.535988450050354,0.631523072719574,-0.23740214109420776,-0.5074792504310608,0.535988450050354,0.4351443648338318,0.030487360432744026,-0.10360018163919449,0.8938606977462769,-0.19345378875732422,0.08689647912979126,-0.0641208216547966,0.9751477837562561,-0.209224671125412,0.02555929496884346,-0.28523147106170654,0.9349945187568665,-0.3459755778312683,-0.5901902914047241,-0.03618788346648216,0.7284687757492065,-0.42451897263526917,-0.5434350371360779,0.026162613183259964,0.7237247228622437,-0.42451897263526917,-0.5434350371360779,0.026162613183259964,0.7237247228622437,0.4311288297176361,-0.003260436002165079,-0.1174025610089302,0.8946138620376587
-0.17653027176856995,-0.642229437828064,0.2817230820655823,0.4548092186450958,-0.06724754720926285,-0.10207724571228027,0.8821601867675781,-0.9897652268409729,0.33112841844558716,-0.4031371474266052,1.277066707611084,-0.025783546268939972,-0.19557645916938782,-1.4296135902404785,0.07485923171043396,-0.24718058109283447,1.8147631883621216,-0.056101832538843155,-0.12603481113910675,-0.0,0.5192009210586548,0.7100789546966553,0.24440309405326843,-1.273185133934021,-0.19854633510112762,0.054118551313877106,-1.201702356338501,-0.4467258155345917,-1.4710572957992554,0.2168867141008377,-0.0,-0.5836191177368164,-0.852470338344574,-0.8573251366615295,1.1404625177383423,-4.003667831420898,-0.9164507389068604,2.868406057357788,1.102268099784851,2.532715082168579,-1.2303828001022339,0.6702000498771667,0.9316371083259583,4.122962951660156,-1.475099802017212,-0.5373188853263855,-4.526656627655029,1.5043383836746216,0.12703701853752136,0.0,0.45898494124412537,-0.024152396246790886,-0.25779783725738525,0.7258879542350769,-0.07084116339683533,-0.5779301524162292,2.8820297718048096,0.6390755772590637,-0.6533109545707703,-0.14170333743095398,0.0,0.0,0.0,0.4548092186450958,-0.06724754720926285,-0.10207724571228027,0.8821601867675781,0.4548092186450958,-0.06724754720926285,-0.10207724571228027,0.8821601867675781,0.3451496660709381,-0.519771933555603,-0.19003665447235107,0.7580204010009766,0.4653583765029907,-0.543984055519104,-0.10177498310804367,0.6907711625099182,0.5648456811904907,-0.4398026764392853,-0.2380112260580063,0.6564096212387085,0.5954136848449707,0.03808353468775749,0.14554238319396973,0.7892082333564758,0.5972404479980469,0.027906356379389763,0.13785456120967865,0.789633572101593,0.5172932744026184,0.014313955791294575,0.13992053270339966,0.8441712260246277,0.5172932744026184,0.014313955791294575,0.13992053270339966,0.8441712260246277,0.29026055335998535,-0.5321571230888367,-0.5147043466567993,0.6063307523727417,0.31274667382240295,-0.5510451197624207,-0.4944300651550293,0.5950443148612976,0.3782917559146881,-0.5082878470420837,-0.5640134215354919,0.5295542478561401,0.6773389577865601,0.10422341525554657,-0.04927178472280502,0.7265822291374207,0.6756905317306519,0.08380378782749176,-0.0682498887181282,0.7292195558547974,0.6284262537956238,0.08793552964925766,-0.06283681094646454,0.770324170589447,0.6284262537956238,0.08793552964925766,-0.06283681094646454,0.770324170589447,0.4548092186450958,-0.06724754720926285,-0.10207724571228027,0.8821601867675781,0.46463680267333984,0.15367385745048523,0.03207840397953987,0.87147456407547,0.7386071085929871,0.1552409827709198,-0.02334347926080227,0.6556026339530945,0.7518065571784973,0.05920760706067085,0.05093484744429588,0.6547419428825378,0.6314951777458191,-0.3128516674041748,-0.42942431569099426,0.5647410750389099,0.6732655763626099,-0.2559831440448761,-0.4713298976421356,0.5089539885520935,0.6732655763626099,-0.2559831440448761,-0.4713298976421356,0.5089539885520935,0.45751330256462097,-0.0426296629011631,-0.09125752747058868,0.883479654788971,-0.12208861112594604,0.016428684815764427,-0.09937465935945511,0.9873951077461243,-0.12406981736421585,-0.024703430011868477,-0.31349441409111023,0.941125750541687,-0.30468830466270447,-0.6427441835403442,-0.1097596064209938,0.6942605972290039,-0.3861069977283478,-0.599622905254364,-0.052859023213386536,0.6989848017692566,-0.3861069977283478,-0.599622905254364,-0.052859023213386536,0.6989848017692566,0.4548092186450958,-0.06724754720926285,-0.10207724571228027,0.8821601867675781
-0.19870662689208984,-0.660312294960022,0.2662411630153656,0.46822887659072876,-0.14015591144561768,-0.07724857330322266,0.8689940571784973,-0.8922504782676697,0.3415624499320984,-0.32855871319770813,1.2600164413452148,-0.008169615641236305,-0.1651681810617447,-1.28951096534729,-0.03568258136510849,-0.24032598733901978,1.7497361898422241,-0.0007710459176450968,-0.0877498984336853,-0.0,0.5074034333229065,0.6900800466537476,0.23801244795322418,-1.241676926612854,-0.1962425410747528,0.02990259975194931,-1.0996142625808716,-0.3860280215740204,-1.3339136838912964,0.25234103202819824,-0.0,-0.6652905941009521,-0.5424857139587402,-0.46445754170417786,0.5234131813049316,-4.676764011383057,-0.7026193737983704,2.9254422187805176,0.3130209147930145,2.2373528480529785,-0.5115079879760742,0.5284178853034973,0.9122483134269714,4.203078746795654,-3.316254138946533,0.20563779771327972,-1.9508098363876343,1.6599235534667969,1.1485472917556763,0.0,-0.35392460227012634,-0.5999671816825867,-0.19171936810016632,0.945246160030365,0.0691138207912445,-0.7264785170555115,3.0626425743103027,1.8209336996078491,4.1143083572387695,1.0636295080184937,0.0,0.0,0.0,0.46822887659072876,-0.14015591144561768,-0.07724857330322266,0.8689940571784973,0.46822887659072876,-0.14015591144561768,-0.07724857330322266,0.8689940571784973,0.3745546340942383,-0.5408986806869507,-0.16778865456581116,0.7341555953025818,0.4938771426677704,-0.5615459084510803,-0.07342076301574707,0.6598188877105713,0.5790638327598572,-0.47321614623069763,-0.1803399920463562,0.6389280557632446,0.5741442441940308,-0.005944001954048872,0.1954374760389328,0.7950643301010132,0.5749377608299255,-0.00919162854552269,0.19309057295322418,0.7950333952903748,0.5073958039283752,-0.025088392198085785,0.19167427718639374,0.8397505879402161,0.5073958039283752,-0.025088392198085785,0.19167427718639374,0.8397505879402161,0.3511871099472046,-0.5436578989028931,-0.4687318205833435,0.6011606454849243,0.3404063284397125,-0.535209059715271,-0.478356271982193,0.6073302626609802,0.4021093547344208,-0.49054384231567383,-0.5477100014686584,0.545608401298523,0.6781364679336548,0.10424532741308212,-0.04253343492746353,0.726260781288147,0.6781200170516968,0.10396532714366913,-0.04279486835002899,0.7263008952140808,0.6456112861633301,0.10574229806661606,-0.03819367289543152,0.7553448677062988,0.6456112861633301,0.10574229806661606,-0.03819367289543152,0.7553448677062988,0.46822887659072876,-0.14015591144561768,-0.07724857330322266,0.8689940571784973,0.47038230299949646,0.07462876290082932,0.05620766803622246,0.8775030970573425,0.7394605875015259,0.08924165368080139,0.027652883902192116,0.6666853427886963,0.7450109720230103,-0.003980071283876896,0.10093998163938522,0.6593587398529053,0.6636881232261658,-0.3589811623096466,-0.37452009320259094,0.5388741493225098,0.7083836197853088,-0.298493891954422,-0.4125936031341553,0.4887336194515228,0.7083836197853088,-0.298493891954422,-0.4125936031341553,0.4887336194515228,0.46946075558662415,-0.12673422694206238,-0.07106916606426239,0.8709157109260559,-0.05479918047785759,-0.07092154026031494,-0.12681689858436584,0.9878687262535095,-0.041731853038072586,-0.09199356287717819,-0.31291884183883667,0.9443926215171814,-0.23114201426506042,-0.6531760692596436,-0.18357162177562714,0.6973061561584473,-0.3268348276615143,-0.6092401146888733,-0.11604133993387222,0.7131198644638062,-0.3268348276615143,-0.6092401146888733,-0.11604133993387222,0.7131198644638062,0.46822887659072876,-0.14015591144561768,-0.07724857330322266,0.8689940571784973
-0.25728920102119446,-0.6874704360961914,0.23793497681617737,0.4692571461200714,-0.21990229189395905,-0.04114597290754318,0.8542527556419373,-0.829163670539856,0.3354561924934387,-0.27864137291908264,1.2905555963516235,-0.010614409111440182,-0.13250909745693207,-1.1653400659561157,-0.0472760908305645,-0.2583259642124176,1.6861834526062012,0.012034669518470764,-0.060783419758081436,-0.0,0.4750971794128418,0.6612653732299805,0.2486618459224701,-1.2235822677612305,-0.19335536658763885,-0.21036726236343384,-0.9904714822769165,-0.33873841166496277,-1.212113618850708,0.2552690804004669,-0.0,-1.7574771642684937,-0.8147441744804382,-0.8491855263710022,-0.20573574304580688,-5.3079094886779785,-0.41822385787963867,1.892604112625122,-0.18318770825862885,1.497520089149475,0.916174590587616,-0.07334379851818085,0.9797724485397339,3.7251267433166504,-0.3478052616119385,-0.5399993062019348,-1.906581997871399,0.38417142629623413,0.8089942932128906,0.0,-0.9691875576972961,-0.8644401431083679,0.31948190927505493,0.542839765548706,0.08661522716283798,-7.208095550537109,3.2742831707000732,1.418688178062439,3.6540017127990723,0.0878414437174797,0.0,0.0,0.0,0.4692571461200714,-0.21990229189395905,-0.04114597290754318,0.8542527556419373,0.4692571461200714,-0.21990229189395905,-0.04114597290754318,0.8542527556419373,0.3905690610408783,-0.5825695395469666,-0.13118036091327667,0.7006142139434814,0.502050518989563,-0.5962936878204346,-0.03208368644118309,0.6255795359611511,0.579993486404419,-0.520796000957489,-0.11864729970693588,0.6150625348091125,0.5347326993942261,-0.046169787645339966,0.25402870774269104,0.8046109080314636,0.5360733270645142,-0.05043935030698776,0.25118720531463623,0.8043545484542847,0.48164400458335876,-0.06695880740880966,0.24729669094085693,0.8380811214447021,0.48164400458335876,-0.06695880740880966,0.24729669094085693,0.8380811214447021,0.4012764096260071,-0.5708280205726624,-0.4054293632507324,0.5905587673187256,0.38720595836639404,-0.5610858798027039,-0.41880810260772705,0.5998783111572266,0.45625075697898865,-0.5065383315086365,-0.49258625507354736,0.5409371256828308,0.6712942719459534,0.06699173897504807,0.013036475516855717,0.7380421161651611,0.6712036728858948,0.07143154740333557,0.017075616866350174,0.7376255989074707,0.6484794616699219,0.07087968289852142,0.019238324835896492,0.7576808929443359,0.6484794616699219,0.07087968289852142,0.019238324835896492,0.7576808929443359,0.4692571461200714,-0.21990229189395905,-0.04114597290754318,0.8542527556419373,0.4624934792518616,-0.0200339388102293,0.0828399658203125,0.8825168609619141,0.7239450812339783,0.007944447919726372,0.08485696464776993,0.6845726370811462,0.7200009822845459,-0.08704829961061478,0.16329054534435272,0.6688477993011475,0.6850988864898682,-0.4289272725582123,-0.3032921850681305,0.5046530365943909,0.7345309257507324,-0.3657388985157013,-0.33636823296546936,0.4621209502220154,0.7345309257507324,-0.3657388985157013,-0.33636823296546936,0.4621209502220154,0.4609026312828064,-0.31129130721092224,-0.08445698767900467,0.8267608284950256,0.012619196437299252,-0.2337544858455658,-0.22224785387516022,0.9464700222015381,0.04941039904952049,-0.23830434679985046,-0.3784240782260895,0.8930648565292358,-0.1844348907470703,-0.7047541737556458,-0.3075443506240845,0.612145185470581,-0.28468427062034607,-0.6629070043563843,-0.2498169094324112,0.6458333134651184,-0.28468427062034607,-0.6629070043563843,-0.2498169094324112,0.6458333134651184,0.4692571461200714,-0.21990229189395905,-0.04114597290754318,0.8542527556419373
-0.291958212852478,-0.6814528703689575,0.25768861174583435,0.45866087079048157,-0.31369709968566895,0.0011392312590032816,0.8313982486724854,-0.7666243314743042,0.30207139253616333,-0.25697293877601624,1.3467576503753662,-0.010133136063814163,-0.1038537472486496,-1.0540202856063843,-0.24537433683872223,-0.27432844042778015,1.555548906326294,0.026694586500525475,-0.05469715595245361,-0.0,0.47207897901535034,0.6486949324607849,0.24904870986938477,-1.2107616662979126,-0.18764589726924896,-0.01805032230913639,-0.904871940612793,-0.2825475335121155,-0.9523582458496094,0.25985851883888245,-0.0,-1.0400702953338623,0.1805269569158554,0.5926089882850647,-0.6904004216194153,-6.285170078277588,-0.6709840893745422,1.8761800527572632,-1.0015439987182617,0.6500529646873474,1.6860615015029907,0.014438190497457981,0.8596604466438293,3.3395931720733643,-5.942946910858154,-0.4800742566585541,-3.9190361499786377,0.4397974908351898,0.1825879067182541,0.0,-0.09054600447416306,-0.3771131932735443,0.011605917476117611,0.38461801409721375,0.17128406465053558,5.769507884979248,2.567986011505127,1.685726284980774,7.792660713195801,0.13768315315246582,0.0,0.0,0.0,0.45866087079048157,-0.31369709968566895,0.0011392312590032816,0.8313982486724854,0.45866087079048157,-0.31369709968566895,0.0011392312590032816,0.8313982486724854,0.39542296528816223,-0.6356725692749023,-0.08415833115577698,0.6576309204101562,0.4898699223995209,-0.6410986185073853,0.01244438998401165,0.5906481146812439,0.5679779648780823,-0.5730453729629517,-0.06333984434604645,0.5873739123344421,0.48349982500076294,-0.08165597170591354,0.30469459295272827,0.8165301084518433,0.48503735661506653,-0.08579190820455551,0.3022410273551941,0.8161059021949768,0.4420247972011566,-0.1013636514544487,0.2973807156085968,0.8401810526847839,0.4420247972011566,-0.1013636514544487,0.2973807156085968,0.8401810526847839,0.43781578540802,-0.615332305431366,-0.3300650119781494,0.5663396120071411,0.365216463804245,-0.5703138113021851,-0.4028881788253784,0.6156623959541321,0.43976783752441406,-0.5150195956230164,-0.48328644037246704,0.5547912120819092,0.6524443626403809,0.02235489897429943,-0.03574733808636665,0.756662905216217,0.6528633832931519,0.03245200961828232,-0.027036046609282494,0.7562971115112305,0.6319381594657898,0.03317917883396149,-0.026138531044125557,0.7738669514656067,0.6319381594657898,0.03317917883396149,-0.026138531044125557,0.7738669514656067,0.45866087079048157,-0.31369709968566895,0.0011392312590032816,0.8313982486724854,0.4410708546638489,-0.11769178509712219,0.12036370486021042,0.8815428018569946,0.6990121006965637,-0.07319645583629608,0.15159504115581512,0.695013165473938,0.68570876121521,-0.16469883918762207,0.23112089931964874,0.670269250869751,0.6999605298042297,-0.4919600188732147,-0.22361133992671967,0.46693527698516846,0.7524983286857605,-0.42767053842544556,-0.2513059079647064,0.43323150277137756,0.7524983286857605,-0.42767053842544556,-0.2513059079647064,0.43323150277137756,0.45847469568252563,-0.32143282890319824,-0.002520934445783496,0.828538179397583,0.05014333501458168,-0.2879897952079773,-0.14278413355350494,0.9456004500389099,0.08885157853364944,-0.28643447160720825,-0.2746868431568146,0.9135687351226807,-0.05608184635639191,-0.6747236251831055,-0.25883975625038147,0.6889156699180603,-0.15791258215904236,-0.6492249965667725,-0.18888460099697113,0.7196479439735413,-0.15791258215904236,-0.6492249965667725,-0.18888460099697113,0.7196479439735413,0.45866087079048157,-0.31369709968566895,0.0011392312590032816,0.8313982486724854
-0.31247296929359436,-0.6887109279632568,0.22582398355007172,0.4631558954715729,-0.3499104380607605,0.010716496035456657,0.8142078518867493,-0.6903388500213623,0.2725732624530792,-0.25103574991226196,1.4051039218902588,0.009858014062047005,-0.09150701761245728,-0.9714452624320984,-0.18526138365268707,-0.2519828677177429,1.4393584728240967,0.057407453656196594,0.014262228272855282,-0.0,0.444969117641449,0.6199764013290405,0.2545415461063385,-1.2143235206604004,-0.1753498911857605,-0.3780069649219513,-0.8798820972442627,-0.2099112570285797,-0.7484211921691895,0.26621055603027344,-0.0,-0.6154426336288452,-0.2177417129278183,-0.9559388160705566,0.5196656584739685,-2.393958568572998,-0.43317171931266785,2.2885642051696777,-0.8849438428878784,0.17811565101146698,1.7503880262374878,0.5997344851493835,0.37040185928344727,2.477250576019287,1.8033884763717651,0.6703671216964722,-3.485712766647339,0.9213859438896179,2.0687813758850098,0.0,-0.8132957816123962,-0.8615558743476868,0.16478507220745087,-0.10685562342405319,0.36888015270233154,-10.798699378967285,0.7496952414512634,2.1790881156921387,6.1181111335754395,0.19056110084056854,0.0,0.0,0.0,0.4631558954715729,-0.3499104380607605,0.010716496035456657,0.8142078518867493,0.4631558954715729,-0.3499104380607605,0.010716496035456657,0.8142078518867493,0.40869784355163574,-0.6359370350837708,-0.0699847936630249,0.6508857607841492,0.49334079027175903,-0.6395487189292908,0.01706582121551037,0.5893225073814392,0.5695238709449768,-0.5727567672729492,-0.05684486776590347,0.5868227481842041,0.47138944268226624,-0.05793973430991173,0.3246240019798279,0.81795734167099,0.4697836637496948,-0.053907331079244614,0.3269435465335846,0.8182330131530762,0.4318680465221405,-0.06880450993776321,0.32413581013679504,0.8388634324073792,0.4318680465221405,-0.06880450993776321,0.32413581013679504,0.8388634324073792,0.45669811964035034,-0.6206353306770325,-0.2977584898471832,0.5635409951210022,0.4026136100292206,-0.5904324650764465,-0.3538896441459656,0.6033688187599182,0.4736150801181793,-0.5351606607437134,-0.4269029200077057,0.5541170835494995,0.6375569701194763,-0.037207361310720444,-0.008858029730618,0.769453227519989,0.637548565864563,-0.015108891762793064,0.009443366900086403,0.7702041268348694,0.643024742603302,-0.015041166916489601,0.009550868533551693,0.7656381130218506,0.643024742603302,-0.015041166916489601,0.009550868533551693,0.7656381130218506,0.4631558954715729,-0.3499104380607605,0.010716496035456657,0.8142078518867493,0.4445321559906006,-0.16839957237243652,0.12372858077287674,0.8710476160049438,0.689055323600769,-0.12263008207082748,0.16920118033885956,0.6939276456832886,0.6692966222763062,-0.2144572138786316,0.2502445578575134,0.6659037470817566,0.6988148093223572,-0.5317069292068481,-0.19977967441082,0.4347800016403198,0.7507705688476562,-0.47142294049263,-0.2223304659128189,0.40579938888549805,0.7507705688476562,-0.47142294049263,-0.2223304659128189,0.40579938888549805,0.4527894854545593,-0.5018148422241211,-0.06671513617038727,0.7339704632759094,0.09708558022975922,-0.4256173372268677,-0.27407827973365784,0.8569161891937256,0.13924939930438995,-0.418761283159256,-0.36280474066734314,0.8207443952560425,-0.01317265909165144,-0.6920363306999207,-0.3700767755508423,0.6196413040161133,-0.11719656735658646,-0.668570876121521,-0.30648478865623474,0.6673417687416077,-0.11719656735658646,-0.668570876121521,-0.30648478865623474,0.6673417687416077,0.4631558954715729,-0.3499104380607605,0.010716496035456657,0.8142078518867493
-0.3384700119495392,-0.6674849987030029,0.19709566235542297,0.4463631510734558,-0.4150125980377197,0.04613117128610611,0.7914520502090454,-0.6596939563751221,0.25073662400245667,-0.2483651340007782,1.4271963834762573,0.03419434651732445,-0.07612406462430954,-0.9170635342597961,-0.08333513885736465,-0.23186378180980682,1.4364007711410522,0.06869923323392868,0.050279632210731506,-0.0,0.4359661340713501,0.6056262254714966,0.236614391207695,-1.2265691757202148,-0.1769414246082306,-0.432649165391922,-0.7857649326324463,-0.14036887884140015,-0.7502316236495972,0.2567822337150574,-0.0,-0.7799112200737,0.6367778182029724,-0.8618496060371399,-0.8905900716781616,-4.657985687255859,-0.4174160659313202,0.9193467497825623,-0.655099093914032,0.08011846989393234,0.6627737879753113,0.7300899624824524,0.4614885747432709,1.6314517259597778,3.0577871799468994,0.6035725474357605,-0.08873104304075241,0.3387533724308014,1.080522060394287,0.0,-0.2700895071029663,-0.43050524592399597,-0.5378146171569824,-0.3673696219921112,-0.047745998948812485,-1.6392658948898315,2.823514699935913,2.086271286010742,-0.05431294068694115,-0.28284966945648193,0.0,0.0,0.0,0.4463631510734558,-0.4150125980377197,0.04613117128610611,0.7914520502090454,0.4463631510734558,-0.4150125980377197,0.04613117128610611,0.7914520502090454,0.40194234251976013,-0.6776741743087769,-0.029657382518053055,0.6150776147842407,0.4756971597671509,-0.6760639548301697,0.05531186982989311,0.5599913597106934,0.5557736754417419,-0.6119361519813538,-0.014476641081273556,0.5625301599502563,0.4296471178531647,-0.09442204982042313,0.3528417646884918,0.8258271813392639,0.4235520362854004,-0.08028962463140488,0.36013558506965637,0.8273207545280457,0.3917633593082428,-0.09393565356731415,0.3568194806575775,0.8428388833999634,0.3917633593082428,-0.09393565356731415,0.3568194806575775,0.8428388833999634,0.4675232172012329,-0.659392237663269,-0.2401464432477951,0.5375440716743469,0.44472572207450867,-0.6488164663314819,-0.26740533113479614,0.5565524101257324,0.5167906284332275,-0.5930187702178955,-0.3299880921840668,0.521885097026825,0.606281042098999,-0.10312149673700333,0.09158595651388168,0.7831993699073792,0.6027780771255493,-0.07616335898637772,0.1123533546924591,0.7862788438796997,0.6223524212837219,-0.07331504672765732,0.1142323836684227,0.770878255367279,0.6223524212837219,-0.07331504672765732,0.1142323836684227,0.770878255367279,0.4463631510734558,-0.4150125980377197,0.04613117128610611,0.7914520502090454,0.42020803689956665,-0.24043048918247223,0.15212717652320862,0.8616703152656555,0.6580448150634766,-0.18412591516971588,0.21690353751182556,0.6971567273139954,0.6333631277084351,-0.2655232846736908,0.29263341426849365,0.6653677225112915,0.6945887804031372,-0.5768990516662598,-0.1489780694246292,0.4031618535518646,0.7500206828117371,-0.515446662902832,-0.1683671772480011,0.3787296712398529,0.7500206828117371,-0.515446662902832,-0.1683671772480011,0.3787296712398529,0.4402485489845276,-0.5808988213539124,-0.03989614173769951,0.6834808588027954,0.1450331211090088,-0.5213654041290283,-0.25925520062446594,0.7999563813209534,0.18002404272556305,-0.5134536623954773,-0.31524327397346497,0.7775463461875916,0.03964737057685852,-0.7658920884132385,-0.34177473187446594,0.5431643128395081,-0.06848996132612228,-0.7508313059806824,-0.2919241487979889,0.5885080695152283,-0.06848996132612228,-0.7508313059806824,-0.2919241487979889,0.5885080695152283,0.4463631510734558,-0.4150125980377197,0.04613117128610611,0.7914520502090454
-0.3095296323299408,-0.7017354965209961,0.13975933194160461,0.4356864094734192,-0.462747722864151,0.08314649760723114,0.7675471305847168,-0.6344767808914185,0.23809915781021118,-0.223506361246109,1.4239040613174438,0.051220741122961044,-0.068498894572258,-0.8956136703491211,-0.09517503529787064,-0.22168225049972534,1.4584689140319824,0.06784307956695557,0.08340470492839813,-0.0,0.42392900586128235,0.5836525559425354,0.2206091731786728,-1.2417629957199097,-0.17500025033950806,-0.6066597104072571,-0.659978449344635,-0.10037758201360703,-0.6776865720748901,0.24587206542491913,-0.0,0.8682113289833069,-1.027514934539795,-1.7200897932052612,-0.6568507552146912,-3.8857502937316895,0.2798282504081726,0.7565152049064636,-0.3791239559650421,0.7457631230354309,-0.0987696573138237,0.5107918381690979,0.22875508666038513,0.6434958577156067,-0.35519686341285706,0.30544590950012207,0.6620442271232605,-0.02568460814654827,0.993752121925354,0.0,-0.3611138164997101,-0.6592100262641907,-0.4801565110683441,-0.45581457018852234,0.05823522433638573,-5.220315933227539,3.773594379425049,1.19973886013031,2.176351547241211,-0.32730501890182495,0.0,0.0,0.0,0.4356864094734192,-0.462747722864151,0.08314649760723114,0.7675471305847168,0.4356864094734192,-0.462747722864151,0.08314649760723114,0.7675471305847168,0.4016382694244385,-0.7061061263084412,0.009688259102404118,0.583101212978363,0.468049556016922,-0.6999576091766357,0.09348289668560028,0.5312719941139221,0.5431897044181824,-0.6433941125869751,0.0336519256234169,0.5383832454681396,0.38925716280937195,-0.1353732794523239,0.3803502917289734,0.8279411792755127,0.3793896734714508,-0.11412731558084488,0.39019349217414856,0.8311362266540527,0.3507067859172821,-0.12742169201374054,0.3860566318035126,0.843640148639679,0.3507067859172821,-0.12742169201374054,0.3860566318035126,0.843640148639679,0.47936034202575684,-0.6893104314804077,-0.1932874172925949,0.5076463222503662,0.45466914772987366,-0.6793354749679565,-0.22585879266262054,0.5298745632171631,0.5270232558250427,-0.6248737573623657,-0.283084511756897,0.501639723777771,0.5816121101379395,-0.1317167729139328,0.14006328582763672,0.7904178500175476,0.5765272378921509,-0.10483395308256149,0.15970809757709503,0.7944303154945374,0.609145998954773,-0.09808453172445297,0.16393980383872986,0.7697040438652039,0.609145998954773,-0.09808453172445297,0.16393980383872986,0.7697040438652039,0.4356864094734192,-0.462747722864151,0.08314649760723114,0.7675471305847168,0.40236473083496094,-0.29698804020881653,0.18290410935878754,0.8464317917823792,0.6288726925849915,-0.2318095564842224,0.26061493158340454,0.6948837041854858,0.6013850569725037,-0.30429506301879883,0.3310259282588959,0.6604259014129639,0.6914113759994507,-0.6095002293586731,-0.10453150421380997,0.37354111671447754,0.7482588291168213,-0.5482167601585388,-0.12076707929372787,0.35352861881256104,0.7482588291168213,-0.5482167601585388,-0.12076707929372787,0.35352861881256104,0.43190380930900574,-0.6786072254180908,-0.03613617271184921,0.5929970741271973,0.2164502590894699,-0.6302841901779175,-0.2540774941444397,0.7009534239768982,0.24693487584590912,-0.6208612322807312,-0.2895352244377136,0.6853640079498291,0.12326513230800629,-0.8178126811981201,-0.3412480056285858,0.4466966390609741,0.01541199441999197,-0.8139944076538086,-0.3058862090110779,0.4935677945613861,0.01541199441999197,-0.8139944076538086,-0.3058862090110779,0.4935677945613861,0.4356864094734192,-0.462747722864151,0.08314649760723114,0.7675471305847168
-0.3074494004249573,-0.7024694085121155,0.13122111558914185,0.4268283247947693,-0.49339181184768677,0.11531777679920197,0.7490553259849548,-0.6163684129714966,0.23046399652957916,-0.21302151679992676,1.3816542625427246,0.06706299632787704,-0.0567733570933342,-0.9131192564964294,-0.11206232011318207,-0.20542044937610626,1.4918323755264282,0.06635178625583649,0.09617574512958527,-0.0,0.4274981617927551,0.5740399360656738,0.1820792555809021,-1.2514609098434448,-0.1610221564769745,-0.6650684475898743,-0.7637653946876526,-0.06843451410531998,-0.7020853161811829,0.22237683832645416,-0.0,0.06240695342421532,-0.022017357870936394,-0.25614649057388306,-0.6651619076728821,-2.8109776973724365,0.5270241498947144,0.5432510375976562,-0.22905482351779938,0.31454530358314514,-1.2674938440322876,0.475267618894577,0.35176610946655273,-0.5251675844192505,-0.5066184997558594,0.48785400390625,1.000903844833374,-0.04473879560828209,0.3831311762332916,0.0,0.10707467049360275,-0.2883785665035248,-1.1558974981307983,-0.2909373939037323,0.4193427860736847,-1.752261996269226,-3.1136081218719482,0.9582920074462891,-0.731962263584137,-0.7048567533493042,0.0,0.0,0.0,0.4268283247947693,-0.49339181184768677,0.11531777679920197,0.7490553259849548,0.4268283247947693,-0.49339181184768677,0.11531777679920197,0.7490553259849548,0.4017711877822876,-0.7231233716011047,0.043633170425891876,0.5601505637168884,0.46351122856140137,-0.7133108973503113,0.12648646533489227,0.5102412104606628,0.5367162823677063,-0.6599929928779602,0.07152619957923889,0.5207964181900024,0.36808285117149353,-0.17683091759681702,0.3971087336540222,0.821918785572052,0.35456278920173645,-0.14917650818824768,0.40922555327415466,0.8273850679397583,0.33093637228012085,-0.16073140501976013,0.40482664108276367,0.8371152281761169,0.33093637228012085,-0.16073140501976013,0.40482664108276367,0.8371152281761169,0.48851504921913147,-0.7131315469741821,-0.16372451186180115,0.4753848612308502,0.4611259698867798,-0.7028434872627258,-0.2034042626619339,0.5019965767860413,0.5307581424713135,-0.6518603563308716,-0.2538018822669983,0.4784960150718689,0.5620654225349426,-0.1540406197309494,0.1737874150276184,0.7938210368156433,0.5559916496276855,-0.127624973654747,0.19233539700508118,0.7984937429428101,0.5937319993972778,-0.11823199689388275,0.19824789464473724,0.7708445191383362,0.5937319993972778,-0.11823199689388275,0.19824789464473724,0.7708445191383362,0.4268283247947693,-0.49339181184768677,0.11531777679920197,0.7490553259849548,0.3861295282840729,-0.3292686641216278,0.21303284168243408,0.8349270224571228,0.6066976189613342,-0.2554902732372284,0.29753246903419495,0.691460132598877,0.5827021598815918,-0.3134285807609558,0.3555755615234375,0.6601414680480957,0.6906213164329529,-0.619051992893219,-0.07718310505151749,0.3658682703971863,0.7436155676841736,-0.5624208450317383,-0.09148028492927551,0.349785715341568,0.7436155676841736,-0.5624208450317383,-0.09148028492927551,0.349785715341568,0.4309026002883911,-0.7191504836082458,-0.014704536646604538,0.5449122190475464,0.1967909336090088,-0.661866307258606,-0.28164979815483093,0.6662429571151733,0.2186688780784607,-0.6561909914016724,-0.3046552538871765,0.6548148393630981,0.08599445968866348,-0.8453397154808044,-0.34759819507598877,0.3964608311653137,-0.013022582978010178,-0.8384124636650085,-0.3221299648284912,0.43946245312690735,-0.013022582978010178,-0.8384124636650085,-0.3221299648284912,0.43946245312690735,0.4268283247947693,-0.49339181184768677,0.11531777679920197,0.7490553259849548
-0.29908567667007446,-0.7024575471878052,0.12326949834823608,0.40983933210372925,-0.5192216038703918,0.14723777770996094,0.7353650331497192,-0.5876731276512146,0.22755785286426544,-0.19221386313438416,1.2084777355194092,0.07856923341751099,-0.046572111546993256,-0.9485196471214294,-0.10729500651359558,-0.16715030372142792,1.5308351516723633,0.06615262478590012,0.11721142381429672,-0.0,0.4414770305156708,0.5802388787269592,0.1413845270872116,-1.2392274141311646,-0.1514667421579361,-0.521830677986145,-0.7705017328262329,-0.04681350663304329,-0.6418148875236511,0.21278971433639526,-0.0,0.2509117126464844,0.0003558397002052516,-0.23854850232601166,-1.1795885562896729,-2.502068519592285,0.36501938104629517,0.8608585000038147,-0.08718430250883102,0.6242295503616333,-5.195295333862305,0.34518709778785706,0.3060373365879059,-1.06201171875,0.1430193930864334,1.1481043100357056,1.1700831651687622,-0.005974843632429838,0.6310703158378601,0.0,0.4193660318851471,0.18596826493740082,-1.2208417654037476,0.3670048415660858,0.28666239976882935,4.297132968902588,-0.20209012925624847,0.6486302018165588,1.8081127405166626,-0.2876136898994446,0.0,0.0,0.0,0.40983933210372925,-0.5192216038703918,0.14723777770996094,0.7353650331497192,0.40983933210372925,-0.5192216038703918,0.14723777770996094,0.7353650331497192,0.3945431411266327,-0.7334135174751282,0.0813949853181839,0.5475537776947021,0.45415782928466797,-0.7194303274154663,0.16413578391075134,0.49921947717666626,0.5210978984832764,-0.6725298166275024,0.11547371000051498,0.5126660466194153,0.3632248044013977,-0.262184202671051,0.39108172059059143,0.8039790391921997,0.347584992647171,-0.2304060161113739,0.4050454795360565,0.8136559128761292,0.3285456597805023,-0.23977461457252502,0.39957088232040405,0.821528434753418,0.3285456597805023,-0.23977461457252502,0.39957088232040405,0.821528434753418,0.4909258186817169,-0.7378572225570679,-0.13671894371509552,0.4425680637359619,0.4664882719516754,-0.7294645309448242,-0.17608746886253357,0.4682556688785553,0.5257542133331299,-0.6879770159721375,-0.2145618498325348,0.45192188024520874,0.5277743935585022,-0.18298673629760742,0.20954351127147675,0.8025344610214233,0.5205560326576233,-0.15634660422801971,0.22688254714012146,0.8081469535827637,0.566997230052948,-0.14278918504714966,0.23565058410167694,0.7762693762779236,0.566997230052948,-0.14278918504714966,0.23565058410167694,0.7762693762779236,0.40983933210372925,-0.5192216038703918,0.14723777770996094,0.7353650331497192,0.360582560300827,-0.35156702995300293,0.2433324009180069,0.8289572596549988,0.5826507806777954,-0.2672656774520874,0.33373507857322693,0.6911642551422119,0.5638353228569031,-0.3107374608516693,0.37903982400894165,0.6647260785102844,0.6889821887016296,-0.6182649731636047,-0.04294075071811676,0.37577661871910095,0.7389100790023804,-0.5646201372146606,-0.05725447088479996,0.3632325530052185,0.7389100790023804,-0.5646201372146606,-0.05725447088479996,0.3632325530052185,0.4254649877548218,-0.6976107954978943,0.04865013062953949,0.5744144320487976,0.1784200668334961,-0.6647611260414124,-0.2170720100402832,0.6921983957290649,0.19357995688915253,-0.661428689956665,-0.23344342410564423,0.6859614253044128,0.09651907533407211,-0.8472394347190857,-0.2694482207298279,0.44751212000846863,-0.0001580428215675056,-0.8433510065078735,-0.24029432237148285,0.48064303398132324,-0.0001580428215675056,-0.8433510065078735,-0.24029432237148285,0.48064303398132324,0.40983933210372925,-0.5192216038703918,0.14723777770996094,0.7353650331497192
-0.2915106415748596,-0.7040904760360718,0.11685533076524734,0.3877645432949066,-0.5388920307159424,0.17308209836483002,0.7275140285491943,-0.5639473795890808,0.2244040071964264,-0.17269854247570038,1.0206316709518433,0.07691378146409988,-0.02265184186398983,-0.9795520901679993,-0.11830480396747589,-0.13611570000648499,1.5726834535598755,0.055742815136909485,0.10683570802211761,-0.0,0.4547420144081116,0.5748611092567444,0.1120632067322731,-1.2134519815444946,-0.11653420329093933,-0.3733253479003906,-0.7791138887405396,-0.03493601456284523,-0.6527267098426819,0.20278839766979218,-0.0,0.22725103795528412,-0.04898786172270775,-0.19242501258850098,-1.412662148475647,-1.9435365200042725,0.038263365626335144,0.7117723822593689,-0.09461536258459091,0.5854595899581909,-5.635381698608398,-0.04966355487704277,0.7176080346107483,-0.93097323179245,-0.3302938938140869,0.9310380816459656,1.2554489374160767,-0.31229427456855774,-0.31127145886421204,0.0,0.3979494869709015,-0.16133306920528412,-0.8796395659446716,0.7732629179954529,1.0479761362075806,4.455159664154053,-0.2583646774291992,0.3563247323036194,-0.32735463976860046,-0.30003947019577026,0.0,0.0,0.0,0.3877645432949066,-0.5388920307159424,0.17308209836483002,0.7275140285491943,0.3877645432949066,-0.5388920307159424,0.17308209836483002,0.7275140285491943,0.3801610767841339,-0.7410702109336853,0.11442028731107712,0.5414798855781555,0.4383983314037323,-0.7235990762710571,0.19667601585388184,0.49550965428352356,0.49916958808898926,-0.6830947399139404,0.15320949256420135,0.5106252431869507,0.3607349097728729,-0.3466455042362213,0.3775099217891693,0.7792261838912964,0.34595391154289246,-0.3164299726486206,0.391100138425827,0.7919777035713196,0.3369620442390442,-0.32083913683891296,0.38749125599861145,0.7958450317382812,0.3369620442390442,-0.32083913683891296,0.38749125599861145,0.7958450317382812,0.4864397644996643,-0.7589078545570374,-0.11204451322555542,0.41818803548812866,0.4608665704727173,-0.7509567141532898,-0.1567135900259018,0.4462139308452606,0.5108687281608582,-0.7178768515586853,-0.18669572472572327,0.4345235526561737,0.49303603172302246,-0.19959205389022827,0.22969022393226624,0.8150588274002075,0.48644357919692993,-0.17680063843727112,0.2433408498764038,0.8203044533729553,0.5295478105545044,-0.16355589032173157,0.25243356823921204,0.7931619882583618,0.5295478105545044,-0.16355589032173157,0.25243356823921204,0.7931619882583618,0.3877645432949066,-0.5388920307159424,0.17308209836483002,0.7275140285491943,0.3312182128429413,-0.36684027314186096,0.26616090536117554,0.8275754451751709,0.5522387623786926,-0.2763370871543884,0.35923701524734497,0.6997277736663818,0.5371906161308289,-0.3092300295829773,0.39583995938301086,0.6775793433189392,0.6765871047973633,-0.6209956407546997,-0.00524376193061471,0.39568525552749634,0.7156551480293274,-0.5801770687103271,-0.01748703233897686,0.38849255442619324,0.7156551480293274,-0.5801770687103271,-0.01748703233897686,0.38849255442619324,0.40680640935897827,-0.6687955260276794,0.10673346370458603,0.6130489706993103,0.1435045450925827,-0.6592227220535278,-0.15525750815868378,0.7216141223907471,0.15480437874794006,-0.6574119329452515,-0.16797086596488953,0.7180744409561157,0.07902662456035614,-0.8554396033287048,-0.19475561380386353,0.47333720326423645,-0.014846761710941792,-0.8516424298286438,-0.1651591956615448,0.49719929695129395,-0.014846761710941792,-0.8516424298286438,-0.1651591956615448,0.49719929695129395,0.3877645432949066,-0.5388920307159424,0.17308209836483002,0.7275140285491943
-0.2800000011920929,-0.699999988079071,0.10942403972148895,0.3637771010398865,-0.5591639280319214,0.20395828783512115,0.7165213823318481,-0.5204146504402161,0.23583002388477325,-0.13783225417137146,0.8782472014427185,0.10604990273714066,-0.033448223024606705,-1.0402504205703735,-0.10978934913873672,-0.08176949620246887,1.6244094371795654,0.04223613068461418,0.09109639376401901,-0.0,0.4779112935066223,0.6072654724121094,0.0674252137541771,-1.205039620399475,-0.10902241617441177,-0.22637315094470978,-0.7889671325683594,-0.019009429961442947,-0.6035122871398926,0.16432885825634003,-0.0,0.3453191816806793,0.12271463125944138,-0.22293871641159058,-1.5796748399734497,-2.2085442543029785,0.21476136147975922,1.3059817552566528,0.3427804708480835,1.0459885597229004,-4.271533966064453,0.8740835785865784,-0.32389143109321594,-1.8209497928619385,0.2554636299610138,1.6303859949111938,1.5517793893814087,-0.4052005112171173,-0.4721794128417969,0.0,0.6950783133506775,0.9721308350563049,-1.339139699935913,0.25237083435058594,0.22535359859466553,4.408565521240234,-0.29559728503227234,0.4777975082397461,1.4764325618743896,-1.153786063194275,0.0,0.0,0.0,0.3637771010398865,-0.5591639280319214,0.20395828783512115,0.7165213823318481,0.3637771010398865,-0.5591639280319214,0.20395828783512115,0.7165213823318481,0.3649834394454956,-0.7426300048828125,0.15440113842487335,0.5398592352867126,0.42595911026000977,-0.7193092107772827,0.24069343507289886,0.49317315220832825,0.4744807481765747,-0.6882694959640503,0.20616139471530914,0.5085769891738892,0.34181544184684753,-0.40674999356269836,0.3883255422115326,0.752940833568573,0.32075372338294983,-0.36627236008644104,0.40589600801467896,0.7734403610229492,0.3077743649482727,-0.3730090856552124,0.399713933467865,0.7786962985992432,0.3077743649482727,-0.3730090856552124,0.399713933467865,0.7786962985992432,0.48550650477409363,-0.7823948860168457,-0.08981278538703918,0.3795725405216217,0.4639491140842438,-0.7762885689735413,-0.13260523974895477,0.405639111995697,0.49529093503952026,-0.7566767334938049,-0.1490742564201355,0.3998801112174988,0.4489095211029053,-0.23028261959552765,0.2569367587566376,0.8242776393890381,0.4433838129043579,-0.21282541751861572,0.2663588523864746,0.8289566040039062,0.48066839575767517,-0.2004767209291458,0.2757730782032013,0.8079085350036621,0.48066839575767517,-0.2004767209291458,0.2757730782032013,0.8079085350036621,0.3637771010398865,-0.5591639280319214,0.20395828783512115,0.7165213823318481,0.29695120453834534,-0.37942466139793396,0.2947435677051544,0.8252170085906982,0.5300982594490051,-0.2739434838294983,0.3947047293186188,0.6986837387084961,0.5214172005653381,-0.29309916496276855,0.41686180233955383,0.6844291090965271,0.6747530102729797,-0.6106855869293213,0.023730793967843056,0.4137732684612274,0.7109436988830566,-0.5722717642784119,0.011144923977553844,0.40858280658721924,0.7109436988830566,-0.5722717642784119,0.011144923977553844,0.40858280658721924,0.3804744780063629,-0.6389337182044983,0.16672897338867188,0.6474599242210388,0.10241296887397766,-0.6539397239685059,-0.0916389599442482,0.7439602017402649,0.10855680704116821,-0.6533827185630798,-0.09875300526618958,0.742667019367218,0.06156652048230171,-0.8460885286331177,-0.11316002160310745,0.517241358757019,-0.0148673290386796,-0.8435362577438354,-0.08600357174873352,0.5299329161643982,-0.0148673290386796,-0.8435362577438354,-0.08600357174873352,0.5299329161643982,0.3637771010398865,-0.5591639280319214,0.20395828783512115,0.7165213823318481
-0.2800000011920929,-0.699999988079071,0.10424818843603134,0.3400595784187317,-0.5770236849784851,0.21560274064540863,0.7105762362480164,-0.4644836187362671,0.22669318318367004,-0.15334467589855194,0.7599478960037231,0.10935531556606293,-0.052109453827142715,-1.103631854057312,-0.06652135401964188,-0.020454062148928642,1.6851071119308472,0.0539415217936039,0.1253177523612976,-0.0,0.502455472946167,0.6287069320678711,0.04485040158033371,-1.1883981227874756,-0.08112752437591553,-0.09117168188095093,-0.7815360426902771,-0.016293207183480263,-0.6401243805885315,0.12110060453414917,-0.0,0.0,0.0,-0.15527552366256714,-1.0621813535690308,-1.5119400024414062,-0.6122809648513794,1.6779308319091797,-0.2741052210330963,-0.46537262201309204,-3.5489790439605713,0.09916237741708755,-0.5598369240760803,-1.9014428853988647,1.2980397939682007,1.8394628763198853,1.8209301233291626,0.3511617183685303,1.0266406536102295,0.0,0.7363253235816956,0.6432437300682068,-0.6772443056106567,0.49924489855766296,0.8368467092514038,4.05604362487793,0.22293268144130707,0.08148667961359024,-1.0983628034591675,-1.2968475818634033,0.0,0.0,0.0,0.3400595784187317,-0.5770236849784851,0.21560274064540863,0.7105762362480164,0.3400595784187317,-0.5770236849784851,0.21560274064540863,0.7105762362480164,0.34448903799057007,-0.7397628426551819,0.17654213309288025,0.5503736138343811,0.4045279920101166,-0.7150482535362244,0.2590794563293457,0.507878839969635,0.4581102430820465,-0.6819618344306946,0.21941620111465454,0.5262315273284912,0.34405454993247986,-0.4381431043148041,0.3736775815486908,0.7416347861289978,0.32311874628067017,-0.396957665681839,0.39192184805870056,0.764471173286438,0.3030932545661926,-0.40703320503234863,0.38144737482070923,0.7726294994354248,0.3030932545661926,-0.40703320503234863,0.38144737482070923,0.7726294994354248,0.47705262899398804,-0.8050541281700134,-0.08500713109970093,0.34217315912246704,0.4654099643230438,-0.801781952381134,-0.11173181980848312,0.35784807801246643,0.4735853374004364,-0.7969803810119629,-0.11538563668727875,0.35668671131134033,0.4013165533542633,-0.26422619819641113,0.27666211128234863,0.8322184681892395,0.3937097191810608,-0.24168726801872253,0.2873840034008026,0.8390413522720337,0.44547608494758606,-0.22321760654449463,0.3019539713859558,0.8127415180206299,0.44547608494758606,-0.22321760654449463,0.3019539713859558,0.8127415180206299,0.3400595784187317,-0.5770236849784851,0.21560274064540863,0.7105762362480164,0.26688578724861145,-0.38792189955711365,0.3042958974838257,0.8280655741691589,0.5098467469215393,-0.27482354640960693,0.40933045744895935,0.7049658894538879,0.5041446685791016,-0.2871571183204651,0.42428600788116455,0.6952412128448486,0.6638336181640625,-0.6093166470527649,0.044994715601205826,0.4313161075115204,0.6910156011581421,-0.5811014175415039,0.034883517771959305,0.4284876585006714,0.6910156011581421,-0.5811014175415039,0.034883517771959305,0.4284876585006714,0.3478608727455139,-0.6097143888473511,0.20194603502750397,0.6829780340194702,0.061492592096328735,-0.6406731605529785,-0.045516692101955414,0.7639926671981812,0.06667622178792953,-0.64054274559021,-0.051758233457803726,0.7632695436477661,0.03372944891452789,-0.848955512046814,-0.05553664267063141,0.5244544744491577,-0.023014137521386147,-0.8467025756835938,-0.035409457981586456,0.5303878784179688,-0.023014137521386147,-0.8467025756835938,-0.035409457981586456,0.5303878784179688,0.3400595784187317,-0.5770236849784851,0.21560274064540863,0.7105762362480164
-0.2800000011920929,-0.699999988079071,0.09937702864408493,0.31947630643844604,-0.5876444578170776,0.2373514324426651,0.7044665813446045,-0.408862441778183,0.22588090598583221,-0.15561996400356293,0.6122802495956421,0.13170382380485535,-0.0695432499051094,-1.1712112426757812,-0.06331583857536316,0.03238788619637489,1.717228651046753,0.06419803202152252,0.10289140790700912,-0.0,0.524025022983551,0.6645392775535583,-0.002003574511036277,-1.2056914567947388,-0.07912921905517578,0.04227333143353462,-0.7914478182792664,-0.015874871984124184,-0.5951680541038513,0.11524946987628937,-0.0,0.0,0.0,-0.14613477885723114,-1.3687176704406738,-1.3745965957641602,0.07697128504514694,1.6686352491378784,-0.02436831407248974,-0.06825864315032959,-4.430029392242432,0.6704552173614502,-0.5230138301849365,-2.027381658554077,0.09616545587778091,1.5852583646774292,0.9636461138725281,0.30769529938697815,-0.6727902889251709,0.0,0.6470864415168762,1.0749703645706177,-1.4056191444396973,-0.5188000202178955,0.059949155896902084,4.003350257873535,-0.29735323786735535,0.012550055049359798,1.3486896753311157,-0.17553402483463287,0.0,0.0,0.0,0.31947630643844604,-0.5876444578170776,0.2373514324426651,0.7044665813446045,0.31947630643844604,-0.5876444578170776,0.2373514324426651,0.7044665813446045,0.32849010825157166,-0.7303348183631897,0.2067766785621643,0.562093198299408,0.38974547386169434,-0.70237797498703,0.2877683937549591,0.5214911103248596,0.443163126707077,-0.6699573397636414,0.24636141955852509,0.5422819256782532,0.3483092784881592,-0.475373774766922,0.3684673011302948,0.7189800143241882,0.3233075737953186,-0.42703142762184143,0.3905889391899109,0.7487033009529114,0.2970837652683258,-0.4403519928455353,0.3755072355270386,0.7594903707504272,0.2970837652683258,-0.4403519928455353,0.3755072355270386,0.7594903707504272,0.4770222008228302,-0.8201229572296143,-0.07353004813194275,0.30731332302093506,0.46705591678619385,-0.8173846006393433,-0.09945225715637207,0.322258323431015,0.45375856757164,-0.8248405456542969,-0.09422080963850021,0.32382655143737793,0.3678446114063263,-0.293906033039093,0.2818949222564697,0.8359693884849548,0.3586081266403198,-0.2669254243373871,0.2935551404953003,0.844971239566803,0.4015846252441406,-0.25147679448127747,0.30689287185668945,0.8254126310348511,0.4015846252441406,-0.25147679448127747,0.30689287185668945,0.8254126310348511,0.31947630643844604,-0.5876444578170776,0.2373514324426651,0.7044665813446045,0.23765650391578674,-0.3906702995300293,0.32329753041267395,0.8284773826599121,0.49489825963974,-0.26384615898132324,0.4330470860004425,0.7056423425674438,0.495134562253952,-0.2633068263530731,0.43237248063087463,0.706091582775116,0.6608058214187622,-0.5994836091995239,0.050425976514816284,0.4487898349761963,0.6870901584625244,-0.5720105171203613,0.039795711636543274,0.44623690843582153,0.6870901584625244,-0.5720105171203613,0.039795711636543274,0.44623690843582153,0.315178245306015,-0.5722296237945557,0.24310235679149628,0.7170196175575256,0.014426534995436668,-0.6217166185379028,0.003733930177986622,0.7831004858016968,0.01935298927128315,-0.6219730377197266,-0.0024768568109720945,0.7827955484390259,0.005701258312910795,-0.8240609169006348,0.005883767735213041,0.5664418935775757,-0.04759535193443298,-0.8210663199424744,0.02749795839190483,0.5681801438331604,-0.04759535193443298,-0.8210663199424744,0.02749795839190483,0.5681801438331604,0.31947630643844604,-0.5876444578170776,0.2373514324426651,0.7044665813446045
-0.2800000011920929,-0.699999988079071,0.09580018371343613,0.29621925950050354,-0.5951130390167236,0.2519834637641907,0.7032772898674011,-0.4000000059604645,0.2302722930908203,-0.15731637179851532,0.4733981490135193,0.1560445874929428,-0.09367265552282333,-1.2153681516647339,0.01847255229949951,0.08971983939409256,1.7470781803131104,0.06751026213169098,0.13793540000915527,-0.0,0.5383331179618835,0.6826276183128357,-0.017290784046053886,-1.2047544717788696,-0.06295701861381531,0.1561596691608429,-0.7960196137428284,-0.018946031108498573,-0.5630221962928772,0.07587287575006485,-0.0,0.0,0.0,-0.10730534046888351,-1.369962453842163,-0.9694268703460693,-0.32781553268432617,0.2658730745315552,0.13174161314964294,-0.05089223012328148,-4.1664628982543945,0.7302228808403015,-0.7238821387290955,-1.3247071504592896,2.4536516666412354,1.7199585437774658,0.8954858183860779,0.09936689585447311,1.0513197183609009,0.0,0.4292428195476532,0.5426502227783203,-0.4586162567138672,0.02810954861342907,0.4851659834384918,3.4165899753570557,-0.13715386390686035,-0.09213476628065109,0.9643756747245789,-1.181297779083252,0.0,0.0,0.0,0.29621925950050354,-0.5951130390167236,0.2519834637641907,0.7032772898674011,0.29621925950050354,-0.5951130390167236,0.2519834637641907,0.7032772898674011,0.3080698251724243,-0.733440637588501,0.22627823054790497,0.5620996356010437,0.3706052303314209,-0.7025893330574036,0.3090391457080841,0.5229864120483398,0.42466679215431213,-0.6712958812713623,0.2669888734817505,0.5456527471542358,0.35021838545799255,-0.5246254801750183,0.3591267466545105,0.6878540515899658,0.3211614787578583,-0.46941596269607544,0.38533133268356323,0.7266523838043213,0.2867879867553711,-0.4869421124458313,0.36293110251426697,0.7408920526504517,0.2867879867553711,-0.4869421124458313,0.36293110251426697,0.7408920526504517,0.47010406851768494,-0.8326631784439087,-0.060425497591495514,0.2863965332508087,0.4727292060852051,-0.8331857323646545,-0.05273232236504555,0.28204235434532166,0.4348895251750946,-0.8535470366477966,-0.04003111645579338,0.28412339091300964,0.3099382817745209,-0.33026671409606934,0.3076843321323395,0.8367750644683838,0.29937776923179626,-0.3018384873867035,0.31796908378601074,0.847444474697113,0.35706600546836853,-0.2792086899280548,0.33801376819610596,0.8247988224029541,0.35706600546836853,-0.2792086899280548,0.33801376819610596,0.8247988224029541,0.29621925950050354,-0.5951130390167236,0.2519834637641907,0.7032772898674011,0.20873890817165375,-0.39197880029678345,0.3332710564136505,0.8316916823387146,0.4750863015651703,-0.2578134834766388,0.44525182247161865,0.71384596824646,0.4770512580871582,-0.25331711769104004,0.43933388590812683,0.7178009748458862,0.649427592754364,-0.5983373522758484,0.06630958616733551,0.46458500623703003,0.6704724431037903,-0.5767648220062256,0.057335179299116135,0.46316489577293396,0.6704724431037903,-0.5767648220062256,0.057335179299116135,0.46316489577293396,0.27861541509628296,-0.5371013879776001,0.2708309590816498,0.7486963272094727,-0.03334585949778557,-0.6000882983207703,0.04148908331990242,0.7981608510017395,-0.027646342292428017,-0.6008513569831848,0.03396109864115715,0.7981603741645813,-0.028227174654603004,-0.798039972782135,0.053757499903440475,0.5995377898216248,-0.06271880865097046,-0.7954524755477905,0.06931490451097488,0.5987629890441895,-0.06271880865097046,-0.7954524755477905,0.06931490451097488,0.5987629890441895,0.29621925950050354,-0.5951130390167236,0.2519834637641907,0.7032772898674011
-0.2800000011920929,-0.699999988079071,0.09338575601577759,0.2838905453681946,-0.5963121652603149,0.2696298658847809,0.7007979154586792,-0.4000000059604645,0.22748078405857086,-0.18184998631477356,0.355596661567688,0.1509496420621872,-0.11069831997156143,-1.2462505102157593,0.04579408839344978,0.13497209548950195,1.8549458980560303,0.061599526554346085,0.12346187233924866,-0.0,0.5439692735671997,0.6931613087654114,-0.022769365459680557,-1.1982563734054565,-0.03351183235645294,0.2606010138988495,-0.8106319904327393,-0.03695748746395111,-0.6138696670532227,0.0583682507276535,-0.0,0.0,0.0,-0.07243282347917557,-1.0882160663604736,-0.6392099261283875,0.3205987215042114,0.0,-0.08374526351690292,-0.7360084056854248,-3.5340445041656494,-0.15284834802150726,-0.5107699036598206,-0.9264706969261169,0.8196460604667664,1.3575676679611206,3.2360312938690186,-0.17732205986976624,-0.4342058002948761,0.0,0.16908465325832367,0.3160106837749481,-0.16435743868350983,0.19494293630123138,0.8833555579185486,3.133240222930908,-0.4383712708950043,-0.5403436422348022,-1.5254240036010742,-0.5251387357711792,0.0,0.0,0.0,0.2838905453681946,-0.5963121652603149,0.2696298658847809,0.7007979154586792,0.2838905453681946,-0.5963121652603149,0.2696298658847809,0.7007979154586792,0.2993115484714508,-0.7335060834884644,0.24581126868724823,0.558532178401947,0.3607683479785919,-0.7008681297302246,0.3274724781513214,0.5209528207778931,0.4229167401790619,-0.6652153134346008,0.278817355632782,0.5485352277755737,0.36693716049194336,-0.5577129125595093,0.34922027587890625,0.6575398445129395,0.33956021070480347,-0.5065445303916931,0.37589430809020996,0.6977212429046631,0.3004416525363922,-0.5265636444091797,0.34729617834091187,0.7154375314712524,0.3004416525363922,-0.5265636444091797,0.34729617834091187,0.7154375314712524,0.47259098291397095,-0.8363949656486511,-0.04692017659544945,0.273678183555603,0.47873297333717346,-0.8372499346733093,-0.027758579701185226,0.2627864480018616,0.42118340730667114,-0.8676273822784424,-0.009974432177841663,0.2640601694583893,0.2606307864189148,-0.3091767728328705,0.3310084044933319,0.852592945098877,0.25031378865242004,-0.2827746272087097,0.33887749910354614,0.8617096543312073,0.3029973804950714,-0.2613300681114197,0.35567688941955566,0.8446260094642639,0.3029973804950714,-0.2613300681114197,0.35567688941955566,0.8446260094642639,0.2838905453681946,-0.5963121652603149,0.2696298658847809,0.7007979154586792,0.19110441207885742,-0.3912868797779083,0.3476543724536896,0.8303674459457397,0.4618036448955536,-0.249928280711174,0.4598965346813202,0.716078519821167,0.4642845690250397,-0.24415311217308044,0.45206084847450256,0.7214361429214478,0.6453807950019836,-0.5919092893600464,0.08609596639871597,0.47509416937828064,0.6565772294998169,-0.5804836750030518,0.08112479746341705,0.47472500801086426,0.6565772294998169,-0.5804836750030518,0.08112479746341705,0.47472500801086426,0.25138455629348755,-0.4980645477771759,0.2984403967857361,0.7743841409683228,-0.0743299350142479,-0.5753880739212036,0.07786869257688522,0.8107651472091675,-0.06361603736877441,-0.5776012539863586,0.06299013644456863,0.8113951086997986,-0.05327451601624489,-0.7941203117370605,0.09414687007665634,0.5980561375617981,-0.07975631952285767,-0.7917765974998474,0.10604304075241089,0.5962244868278503,-0.07975631952285767,-0.7917765974998474,0.10604304075241089,0.5962244868278503,0.2838905453681946,-0.5963121652603149,0.2696298658847809,0.7007979154586792
-0.2800000011920929,-0.699999988079071,0.09125439077615738,0.2701282203197479,-0.5961792469024658,0.2868697941303253,0.6995046734809875,-0.3499999940395355,0.2253469079732895,-0.178703173995018,0.28353944420814514,0.13928671181201935,-0.11536908894777298,-1.2767186164855957,0.05192842334508896,0.16260282695293427,1.80074143409729,0.061848677694797516,0.10101369023323059,-0.0,0.5461002588272095,0.7108968496322632,-0.05639571323990822,-1.213905692100525,-0.005830665584653616,0.2653210759162903,-0.8184008002281189,-0.03380614519119263,-0.5798853635787964,0.017025034874677658,-0.0,0.0,0.0,-0.06394095718860626,-1.1757168769836426,-0.5570261478424072,0.2557104825973511,1.500000238418579,-0.06401628255844116,0.09440436214208603,-2.1617164611816406,-0.349887877702713,-0.14012306928634644,-0.914043128490448,0.18403004109859467,0.828921914100647,-1.6261337995529175,0.007474533747881651,-0.6734454035758972,0.0,0.06392955780029297,0.5320662260055542,-1.008790373802185,-0.4694795310497284,0.8304349184036255,0.14160186052322388,-0.23306427896022797,0.09454026073217392,1.019529104232788,-1.2402963638305664,0.0,0.0,0.0,0.2701282203197479,-0.5961792469024658,0.2868697941303253,0.6995046734809875,0.2701282203197479,-0.5961792469024658,0.2868697941303253,0.6995046734809875,0.2873815894126892,-0.7168857455253601,0.26858076453208923,0.5756309628486633,0.3502804934978485,-0.6821420788764954,0.3474808931350708,0.5396690964698792,0.40975257754325867,-0.6481643915176392,0.2979385554790497,0.5685229301452637,0.36354440450668335,-0.5613320469856262,0.35284560918807983,0.6544018387794495,0.3381096422672272,-0.5144334435462952,0.37728825211524963,0.6918769478797913,0.2976588010787964,-0.5353294014930725,0.3470023274421692,0.7102190256118774,0.2976588010787964,-0.5353294014930725,0.3470023274421692,0.7102190256118774,0.47399359941482544,-0.8397330045700073,-0.03298201784491539,0.26285114884376526,0.48065778613090515,-0.8403062224388123,-0.011170344427227974,0.2504570484161377,0.41082727909088135,-0.87656569480896,0.009206640534102917,0.2505369186401367,0.2480410784482956,-0.34831735491752625,0.3276269733905792,0.8425029516220093,0.23779244720935822,-0.3221011161804199,0.33513960242271423,0.8528698682785034,0.2805466651916504,-0.30477073788642883,0.35097363591194153,0.8397772908210754,0.2805466651916504,-0.30477073788642883,0.35097363591194153,0.8397772908210754,0.2701282203197479,-0.5961792469024658,0.2868697941303253,0.6995046734809875,0.17281828820705414,-0.3904034495353699,0.3607883155345917,0.8291867971420288,0.45058146119117737,-0.24044130742549896,0.474100261926651,0.7172121405601501,0.45632854104042053,-0.22639711201190948,0.4545283615589142,0.7306932210922241,0.6405332684516907,-0.586259663105011,0.08705908060073853,0.48830053210258484,0.6424865126609802,-0.5842944383621216,0.08615390956401825,0.48825058341026306,0.6424865126609802,-0.5842944383621216,0.08615390956401825,0.48825058341026306,0.2348363697528839,-0.49635523557662964,0.3141993284225464,0.7744430899620056,-0.09268412739038467,-0.5803881287574768,0.09077104181051254,0.8039402365684509,-0.08278403431177139,-0.5827218890190125,0.07729484140872955,0.8047406077384949,-0.06836149841547012,-0.786591649055481,0.1116819903254509,0.6034296751022339,-0.07604753971099854,-0.7858821749687195,0.1152103990316391,0.6027707457542419,-0.07604753971099854,-0.7858821749687195,0.1152103990316391,0.6027707457542419,0.2701282203197479,-0.5961792469024658,0.2868697941303253,0.6995046734809875
-0.2800000011920929,-0.699999988079071,0.08657249808311462,0.23208452761173248,-0.6142781376838684,0.2813655734062195,0.6997374892234802,-0.3499999940395355,0.23379863798618317,-0.17340660095214844,0.19878487288951874,0.1268576979637146,-0.1220126524567604,-1.2813162803649902,0.07258673012256622,0.18296557664871216,1.8413951396942139,0.04825353994965553,0.09285155683755875,-0.0,0.5540538430213928,0.7271413803100586,-0.06904999166727066,-1.2241138219833374,0.020084666088223457,0.27129122614860535,-0.8356086015701294,-0.020203953608870506,-0.5643689036369324,-0.0037136233877390623,-0.0,0.0,0.0,-0.14045678079128265,-1.0923949480056763,-1.3172882795333862,-1.889782428741455,0.0,0.2535519003868103,0.15889717638492584,-2.5426371097564697,-0.37287038564682007,-0.1993068903684616,-0.13792991638183594,0.6197491884231567,0.6108824610710144,1.2196110486984253,-0.4078541100025177,-0.24486398696899414,0.0,0.2386075109243393,0.4873358905315399,-0.37962833046913147,-0.3062438666820526,0.7774599194526672,0.1791044920682907,-0.5162340402603149,0.4080657362937927,0.465493768453598,-0.6221597194671631,0.0,0.0,0.0,0.23208452761173248,-0.6142781376838684,0.2813655734062195,0.6997374892234802,0.23208452761173248,-0.6142781376838684,0.2813655734062195,0.6997374892234802,0.24817770719528198,-0.7330330014228821,0.26956912875175476,0.5730645060539246,0.3133222758769989,-0.6965894103050232,0.35322535037994385,0.54020756483078,0.3724662661552429,-0.666840672492981,0.3051193952560425,0.5687658190727234,0.3403513729572296,-0.6071115732192993,0.34057292342185974,0.6321285963058472,0.31807929277420044,-0.565822422504425,0.36146166920661926,0.6693399548530579,0.2766789197921753,-0.5868076086044312,0.32629188895225525,0.6874876022338867,0.2766789197921753,-0.5868076086044312,0.32629188895225525,0.6874876022338867,0.4435410499572754,-0.8605622053146362,-0.016674824059009552,0.24985182285308838,0.45231494307518005,-0.8606005907058716,0.014562000520527363,0.23359322547912598,0.3718031644821167,-0.8983231782913208,0.035841070115566254,0.23128610849380493,0.19650909304618835,-0.3596143126487732,0.31765758991241455,0.855076253414154,0.18878859281539917,-0.3388814330101013,0.322305828332901,0.8635028600692749,0.22865957021713257,-0.32355836033821106,0.3376857340335846,0.8538109660148621,0.22865957021713257,-0.32355836033821106,0.3376857340335846,0.8538109660148621,0.23208452761173248,-0.6142781376838684,0.2813655734062195,0.6997374892234802,0.13588590919971466,-0.4038445055484772,0.34600377082824707,0.8358983397483826,0.4242604374885559,-0.25440269708633423,0.46699920296669006,0.7329352498054504,0.43175938725471497,-0.23804642260074615,0.4423910081386566,0.7491381168365479,0.6144722104072571,-0.609514057636261,0.08710092306137085,0.49328485131263733,0.6074654459953308,-0.6159924268722534,0.09022805094718933,0.49335381388664246,0.6074654459953308,-0.6159924268722534,0.09022805094718933,0.49335381388664246,0.19719462096691132,-0.5122260451316833,0.30416226387023926,0.7786039113998413,-0.13568978011608124,-0.5915806889533997,0.07016077637672424,0.7916426658630371,-0.12967410683631897,-0.5934206247329712,0.06226202845573425,0.7919343709945679,-0.11821882426738739,-0.7878121137619019,0.10923264175653458,0.5945120453834534,-0.11654315143823624,-0.7880495190620422,0.10848428308963776,0.5946653485298157,-0.11654315143823624,-0.7880495190620422,0.10848428308963776,0.5946653485298157,0.23208452761173248,-0.6142781376838684,0.2813655734062195,0.6997374892234802
-0.2800000011920929,-0.699999988079071,0.0843195766210556,0.22937849164009094,-0.617765486240387,0.29395022988319397,0.6923471689224243,-0.3499999940395355,0.23584315180778503,-0.1577046662569046,0.1548868864774704,0.12693867087364197,-0.11564651131629944,-1.2639851570129395,0.07377933710813522,0.1811542958021164,1.7717294692993164,0.003862238023430109,0.06796646863222122,-0.0,0.5578432679176331,0.7498837113380432,-0.06742336601018906,-1.2260127067565918,0.036818020045757294,0.2759230136871338,-0.8653392195701599,-0.023173753172159195,-0.5566545128822327,-0.01976139470934868,-0.0,0.0,0.0,-0.06758764386177063,-0.41567182540893555,-0.6397466063499451,0.5048426985740662,0.0,0.06133541092276573,0.4710580110549927,-1.3169394731521606,0.0024291870649904013,0.19098421931266785,0.5199337005615234,0.03577820584177971,-0.054338421672582626,-2.089970111846924,-1.3317389488220215,-0.746552586555481,0.0,0.11368273943662643,0.6822698712348938,0.04879876598715782,-0.05696653947234154,0.5020005702972412,0.13895362615585327,-0.8919184803962708,-0.08909398317337036,0.23143170773983002,-0.48143312335014343,0.0,0.0,0.0,0.22937849164009094,-0.617765486240387,0.29395022988319397,0.6923471689224243,0.22937849164009094,-0.617765486240387,0.29395022988319397,0.6923471689224243,0.24747227132320404,-0.7351022958755493,0.2820836305618286,0.5646334290504456,0.31218191981315613,-0.6968105435371399,0.36660829186439514,0.5315974950790405,0.36610010266304016,-0.6700546145439148,0.323594868183136,0.5588237047195435,0.3399675488471985,-0.6248123049736023,0.3509487211704254,0.6089882254600525,0.31702351570129395,-0.5849280953407288,0.3718051016330719,0.6473918557167053,0.27908021211624146,-0.6054375171661377,0.3373801112174988,0.6646309494972229,0.27908021211624146,-0.6054375171661377,0.3373801112174988,0.6646309494972229,0.4472648501396179,-0.8584437966346741,0.0004267388430889696,0.25105422735214233,0.45621976256370544,-0.8578439950942993,0.032086972147226334,0.23438769578933716,0.3767547309398651,-0.89559406042099,0.053156591951847076,0.23052449524402618,0.1971748173236847,-0.38803818821907043,0.32541027665138245,0.839438259601593,0.1965460330247879,-0.3864164352416992,0.3257904350757599,0.8401860594749451,0.22497929632663727,-0.3751240372657776,0.33873146772384644,0.833022952079773,0.22497929632663727,-0.3751240372657776,0.33873146772384644,0.833022952079773,0.22937849164009094,-0.617765486240387,0.29395022988319397,0.6923471689224243,0.12906363606452942,-0.4076157510280609,0.357586532831192,0.8302553296089172,0.4241522252559662,-0.24834346771240234,0.4820210039615631,0.7253111004829407,0.4312448799610138,-0.2323990762233734,0.4582463800907135,0.741639256477356,0.6230804324150085,-0.6010633111000061,0.10003134608268738,0.49039512872695923,0.6103655695915222,-0.6130954027175903,0.1057264432311058,0.4902956783771515,0.6103655695915222,-0.6130954027175903,0.1057264432311058,0.4902956783771515,0.1921880692243576,-0.5148882865905762,0.3166615068912506,0.7730972170829773,-0.14967861771583557,-0.6002160310745239,0.07159046083688736,0.782439649105072,-0.1426757276058197,-0.6024758219718933,0.06264661252498627,0.7827783226966858,-0.13098657131195068,-0.7915172576904297,0.11241118609905243,0.5862650275230408,-0.12204449623823166,-0.7928601503372192,0.10851956903934479,0.5871128439903259,-0.12204449623823166,-0.7928601503372192,0.10851956903934479,0.5871128439903259,0.22937849164009094,-0.617765486240387,0.29395022988319397,0.6923471689224243
-0.2800000011920929,-0.699999988079071,0.0829344093799591,0.22957932949066162,-0.619945764541626,0.3021349310874939,0.6867859959602356,-0.30000001192092896,0.23923762142658234,-0.1436549574136734,0.13278670608997345,0.1322816014289856,-0.1107960045337677,-1.222090721130371,0.09620323777198792,0.17547786235809326,1.6704646348953247,0.0035653340164572,0.08395939320325851,-0.0,0.559266984462738,0.7630013227462769,-0.06420916318893433,-1.2170063257217407,0.0493580661714077,0.27275919914245605,-0.8854121565818787,-0.026608334854245186,-0.5422574281692505,-0.029243720695376396,-0.0,0.0,0.0,-0.0415550135076046,-0.1800432652235031,-0.40580904483795166,0.4155265986919403,1.4999994039535522,0.10183408111333847,0.42149123549461365,-0.6630053520202637,0.16028790175914764,0.14551518857479095,1.2568329572677612,0.6727169752120972,-0.17029298841953278,-3.037944793701172,-0.008907119743525982,0.4797877073287964,0.0,0.042711492627859116,0.3935283124446869,0.09642607718706131,0.2701914310455322,0.3762013614177704,-0.09491442888975143,-0.6021880507469177,-0.10303744673728943,0.43191251158714294,-0.28446975350379944,0.0,0.0,0.0,0.22957932949066162,-0.619945764541626,0.3021349310874939,0.6867859959602356,0.22957932949066162,-0.619945764541626,0.3021349310874939,0.6867859959602356,0.2466355264186859,-0.7209989428520203,0.29216650128364563,0.5779015421867371,0.3138362765312195,-0.680981457233429,0.3761182427406311,0.5443400144577026,0.36189818382263184,-0.6567028760910034,0.33608347177505493,0.5699288845062256,0.3388035297393799,-0.6174443364143372,0.3593529760837555,0.6122418642044067,0.3143121600151062,-0.5756296515464783,0.3809596598148346,0.6517117023468018,0.27774491906166077,-0.5958401560783386,0.3485028147697449,0.6681152582168579,0.27774491906166077,-0.5958401560783386,0.3485028147697449,0.6681152582168579,0.4475283920764923,-0.8542749285697937,0.018254851922392845,0.26381707191467285,0.45969587564468384,-0.8524090647697449,0.05930989980697632,0.24199338257312775,0.38323408365249634,-0.8894116878509521,0.08028677105903625,0.23586542904376984,0.1976233273744583,-0.4219171106815338,0.3380226790904999,0.8177234530448914,0.19702044129371643,-0.42045870423316956,0.33837446570396423,0.818474292755127,0.2311960756778717,-0.4058876037597656,0.3557218909263611,0.8094847798347473,0.2311960756778717,-0.4058876037597656,0.3557218909263611,0.8094847798347473,0.22957932949066162,-0.619945764541626,0.3021349310874939,0.6867859959602356,0.1266920417547226,-0.4106625020503998,0.3655409812927246,0.8256422877311707,0.4249816834926605,-0.2450428307056427,0.49215638637542725,0.7191151976585388,0.43162065744400024,-0.22985230386257172,0.4697221517562866,0.7350051999092102,0.6292348504066467,-0.5931581854820251,0.11242033541202545,0.48947781324386597,0.6123539805412292,-0.6094557642936707,0.120053730905056,0.4890535771846771,0.6123539805412292,-0.6094557642936707,0.120053730905056,0.4890535771846771,0.1917436420917511,-0.5190402269363403,0.3246179223060608,0.7671080827713013,-0.15535980463027954,-0.6080644130706787,0.07097366452217102,0.7752959132194519,-0.1472131758928299,-0.6107209920883179,0.06080315262079239,0.7756617069244385,-0.1364193856716156,-0.7933059930801392,0.11052877455949783,0.5829569101333618,-0.12316828966140747,-0.7953459024429321,0.10482388734817505,0.5841801166534424,-0.12316828966140747,-0.7953459024429321,0.10482388734817505,0.5841801166534424,0.22957932949066162,-0.619945764541626,0.3021349310874939,0.6867859959602356
-0.2800000011920929,-0.699999988079071,0.08195432275533676,0.23577512800693512,-0.6195145845413208,0.313884973526001,0.6797705888748169,-0.30000001192092896,0.24267582595348358,-0.11076902598142624,0.12604497373104095,0.15120607614517212,-0.09828318655490875,-1.1616182327270508,0.08963749557733536,0.15850287675857544,1.6059329509735107,0.034349195659160614,0.09975019097328186,-0.0,0.5650791525840759,0.774966299533844,-0.07123162597417831,-1.2073049545288086,0.05939672514796257,0.27980855107307434,-0.9160556197166443,-0.022855741903185844,-0.5541080236434937,-0.03277803957462311,-0.0,0.0,0.0,-0.0294025968760252,-0.09293650835752487,-0.29272961616516113,0.8477966785430908,0.0,0.10314612835645676,0.9865778684616089,-0.20225195586681366,0.5677342414855957,0.37538450956344604,1.8141745328903198,-0.19697225093841553,-0.5092495679855347,-1.9359503984451294,0.923515796661377,0.4737239181995392,0.0,0.17436502873897552,0.3589492738246918,-0.21067386865615845,0.2910411059856415,0.30115973949432373,0.2114805430173874,-0.919303834438324,0.11257778108119965,-0.35551783442497253,-0.10602956265211105,0.0,0.0,0.0,0.23577512800693512,-0.6195145845413208,0.313884973526001,0.6797705888748169,0.23577512800693512,-0.6195145845413208,0.313884973526001,0.6797705888748169,0.2544744908809662,-0.7197995185852051,0.30261892080307007,0.5705726742744446,0.32166582345962524,-0.6778781414031982,0.3875187635421753,0.5355758666992188,0.3586973547935486,-0.6590325236320496,0.3572770953178406,0.556206226348877,0.3354836702346802,-0.6226938962936401,0.3791588544845581,0.5966084003448486,0.3058870732784271,-0.5758526921272278,0.4034152030944824,0.6419368982315063,0.2739847004413605,-0.5949739813804626,0.3746412694454193,0.6561876535415649,0.2739847004413605,-0.5949739813804626,0.3746412694454193,0.6561876535415649,0.4514525830745697,-0.8447237014770508,0.040915004909038544,0.28453195095062256,0.4637473225593567,-0.8420422673225403,0.07872070372104645,0.2640194594860077,0.39562851190567017,-0.8761134743690491,0.0993756428360939,0.25695857405662537,0.20330113172531128,-0.4236660301685333,0.353646844625473,0.808770477771759,0.19719770550727844,-0.4097139239311218,0.3570861220359802,0.8159271478652954,0.23763006925582886,-0.39140212535858154,0.3770681321620941,0.805081307888031,0.23763006925582886,-0.39140212535858154,0.3770681321620941,0.805081307888031,0.23577512800693512,-0.6195145845413208,0.313884973526001,0.6797705888748169,0.12824465334415436,-0.4099355936050415,0.3789428174495697,0.8197002410888672,0.42846837639808655,-0.23635712265968323,0.5057471394538879,0.7104716897010803,0.4354653060436249,-0.21939149498939514,0.48113584518432617,0.7285228967666626,0.6377774477005005,-0.5785679817199707,0.12308783829212189,0.4933035671710968,0.6178309917449951,-0.5984638333320618,0.13244831562042236,0.49252745509147644,0.6178309917449951,-0.5984638333320618,0.13244831562042236,0.49252745509147644,0.19521158933639526,-0.5167912244796753,0.33767956495285034,0.7620969414710999,-0.16189366579055786,-0.6128388047218323,0.07435889542102814,0.769863486289978,-0.15484026074409485,-0.6151975989341736,0.06568986177444458,0.7702215313911438,-0.14214301109313965,-0.7993838787078857,0.11822328716516495,0.5716677308082581,-0.12722265720367432,-0.8017109632492065,0.11203388124704361,0.5731686949729919,-0.12722265720367432,-0.8017109632492065,0.11203388124704361,0.5731686949729919,0.23577512800693512,-0.6195145845413208,0.313884973526001,0.6797705888748169
-0.2800000011920929,-0.699999988079071,0.08157100528478622,0.24169383943080902,-0.6180383563041687,0.32211819291114807,0.6751685738563538,-0.30000001192092896,0.2318476289510727,-0.11595413088798523,0.12556092441082,0.17506751418113708,-0.1134052649140358,-1.065360188484192,0.07383401691913605,0.14170725643634796,1.492169737815857,0.07346759736537933,0.10885023325681686,-0.0,0.5706620812416077,0.781241238117218,-0.07757293432950974,-1.180242896080017,0.07507376372814178,0.2806965708732605,-0.9305515885353088,-0.02727927267551422,-0.5581015944480896,-0.05033816024661064,-0.0,0.0,0.0,-0.011499523185193539,-0.027334095910191536,-0.11585719138383865,0.6633732914924622,0.0,-0.3248458802700043,-0.15555313229560852,-0.014521478675305843,0.7158430814743042,-0.45366233587265015,2.8877410888671875,-0.4741043448448181,-0.503868579864502,-3.412896156311035,1.1735520362854004,0.2730012536048889,0.0,0.16748784482479095,0.1882481426000595,-0.19023923575878143,0.8118616938591003,0.47031113505363464,0.026640592142939568,-0.43487903475761414,-0.1327059119939804,-0.11980711668729782,-0.5268036127090454,0.0,0.0,0.0,0.24169383943080902,-0.6180383563041687,0.32211819291114807,0.6751685738563538,0.24169383943080902,-0.6180383563041687,0.32211819291114807,0.6751685738563538,0.2615722715854645,-0.7179045081138611,0.30972734093666077,0.5659169554710388,0.3252730965614319,-0.6772617697715759,0.3906845152378082,0.5318641662597656,0.36397024989128113,-0.6572760343551636,0.35920944809913635,0.5536085963249207,0.340716689825058,-0.621248185634613,0.3813370168209076,0.5937549471855164,0.30607494711875916,-0.5669624209403992,0.4096631407737732,0.6457924246788025,0.26898452639579773,-0.5892677307128906,0.3768737018108368,0.6621004939079285,0.26898452639579773,-0.5892677307128906,0.3768737018108368,0.6621004939079285,0.4474533796310425,-0.8318372964859009,0.0701841190457344,0.32079017162323,0.4589884281158447,-0.828680157661438,0.10083826631307602,0.30405670404434204,0.3991709351539612,-0.8590947389602661,0.1221107617020607,0.29615503549575806,0.2102469652891159,-0.429857075214386,0.360617071390152,0.8006088137626648,0.19686126708984375,-0.40016430616378784,0.3680952191352844,0.8158554434776306,0.24095089733600616,-0.379548043012619,0.38931843638420105,0.8039385080337524,0.24095089733600616,-0.379548043012619,0.38931843638420105,0.8039385080337524,0.24169383943080902,-0.6180383563041687,0.32211819291114807,0.6751685738563538,0.13050921261310577,-0.40765368938446045,0.3889239728450775,0.8157964944839478,0.431302934885025,-0.22885872423648834,0.514846682548523,0.704651951789856,0.438581645488739,-0.21027906239032745,0.4882396161556244,0.7246039509773254,0.6418053507804871,-0.562545120716095,0.13645197451114655,0.5030007362365723,0.6170388460159302,-0.5878937840461731,0.14872896671295166,0.5015213489532471,0.6170388460159302,-0.5878937840461731,0.14872896671295166,0.5015213489532471,0.19977444410324097,-0.5155768394470215,0.3467637896537781,0.757644772529602,-0.16139395534992218,-0.6163521409034729,0.07857856899499893,0.7667381763458252,-0.1529216766357422,-0.6191484332084656,0.0682724118232727,0.7672086358070374,-0.1395222246646881,-0.8035092353820801,0.12047380208969116,0.5660322904586792,-0.11652088165283203,-0.8069078326225281,0.11111181229352951,0.5683104991912842,-0.11652088165283203,-0.8069078326225281,0.11111181229352951,0.5683104991912842,0.24169383943080902,-0.6180383563041687,0.32211819291114807,0.6751685738563538
-0.2800000011920929,-0.699999988079071,0.08086293190717697,0.2439366579055786,-0.618743896484375,0.3275552988052368,0.6710875034332275,-0.30000001192092896,0.2282685786485672,-0.1199258342385292,0.12377648055553436,0.2100028544664383,-0.13271993398666382,-0.9639008641242981,0.06834118068218231,0.14357738196849823,1.334127426147461,0.10536012798547745,0.13659940659999847,-0.0,0.5526987910270691,0.7876342535018921,-0.10724064707756042,-1.1395680904388428,0.0945456475019455,0.27572348713874817,-0.9335728287696838,-0.007719022687524557,-0.559734046459198,-0.07264039665460587,-0.0,0.0,0.0,-0.02124219946563244,-0.03794567659497261,-0.21541859209537506,0.37207359075546265,0.0,-0.1073715016245842,-0.11915109306573868,-0.05353331193327904,1.0480601787567139,-0.5794400572776794,3.0437796115875244,-0.16478507220745087,0.05610376223921776,-4.741269111633301,0.9567758440971375,0.8324751853942871,0.0,-0.5388987064361572,0.19179044663906097,-0.8900313377380371,1.22024405002594,0.5841564536094666,-0.14919249713420868,-0.0906371995806694,0.5868074297904968,-0.048973556607961655,-0.6690670847892761,0.0,0.0,0.0,0.2439366579055786,-0.618743896484375,0.3275552988052368,0.6710875034332275,0.2439366579055786,-0.618743896484375,0.3275552988052368,0.6710875034332275,0.2645474374294281,-0.71809983253479,0.31462180614471436,0.5615696310997009,0.3267815113067627,-0.6775964498519897,0.39435678720474243,0.527787446975708,0.3668005168437958,-0.6567956209182739,0.3620193302631378,0.5504715442657471,0.3437078595161438,-0.6214922070503235,0.3840124011039734,0.5900396704673767,0.30156704783439636,-0.5562281012535095,0.41792094707489014,0.6519277095794678,0.25767314434051514,-0.582716703414917,0.38011690974235535,0.6704900860786438,0.25767314434051514,-0.582716703414917,0.38011690974235535,0.6704900860786438,0.4370292127132416,-0.8194562792778015,0.1005234569311142,0.3569200038909912,0.44896790385246277,-0.8155436515808105,0.12846063077449799,0.34178102016448975,0.3893149495124817,-0.8456462025642395,0.15264469385147095,0.3316865861415863,0.21142356097698212,-0.45916643738746643,0.360786110162735,0.7837727069854736,0.19213281571865082,-0.4172593355178833,0.3714182674884796,0.8068631291389465,0.24675051867961884,-0.3909384608268738,0.39902880787849426,0.7918695211410522,0.24675051867961884,-0.3909384608268738,0.39902880787849426,0.7918695211410522,0.2439366579055786,-0.618743896484375,0.3275552988052368,0.6710875034332275,0.13488516211509705,-0.41670480370521545,0.39305001497268677,0.8085016012191772,0.43479496240615845,-0.23398688435554504,0.5228587985038757,0.6948540806770325,0.44492584466934204,-0.20805510878562927,0.4864038825035095,0.7226100564002991,0.6424938440322876,-0.5498683452606201,0.14523273706436157,0.5135697722434998,0.6116617321968079,-0.5818238258361816,0.16126415133476257,0.5112189650535583,0.6116617321968079,-0.5818238258361816,0.16126415133476257,0.5112189650535583,0.20203576982021332,-0.5187258720397949,0.35211360454559326,0.7524101734161377,-0.15817692875862122,-0.6216897964477539,0.08100775629281998,0.7628365159034729,-0.1557614505290985,-0.6224793195724487,0.07810713350772858,0.7629922032356262,-0.13953910768032074,-0.8059602379798889,0.13077394664287567,0.5602276921272278,-0.10625795274972916,-0.8106068968772888,0.11745910346508026,0.5637632608413696,-0.10625795274972916,-0.8106068968772888,0.11745910346508026,0.5637632608413696,0.2439366579055786,-0.618743896484375,0.3275552988052368,0.6710875034332275
-0.2800000011920929,-0.699999988079071,0.08126071095466614,0.2532825469970703,-0.6140655875205994,0.3360799551010132,0.6676988005638123,-0.30000001192092896,0.21072722971439362,-0.11031604558229446,0.12226630747318268,0.2145204395055771,-0.14032408595085144,-0.8489887118339539,0.03148353099822998,0.10255836695432663,1.1800196170806885,0.11069394648075104,0.10888081789016724,-0.0,0.541738748550415,0.7865142822265625,-0.13071826100349426,-1.0895016193389893,0.09028461575508118,0.267208993434906,-0.9532152414321899,-0.012285084463655949,-0.5692739486694336,-0.09440784156322479,-0.0,0.0,0.0,0.011933370493352413,0.017493821680545807,0.1214819997549057,0.825308620929718,0.0,-0.5262404680252075,0.28829362988471985,-0.04530518874526024,0.13552755117416382,-0.22812454402446747,3.447364330291748,-1.1057294607162476,-1.2305704355239868,-4.623233795166016,0.1600145399570465,-0.8315576314926147,0.0,-0.3288012444972992,-0.033599138259887695,-0.7043283581733704,1.501994013786316,-0.12783095240592957,-0.2554348111152649,-0.5892723202705383,-0.13698184490203857,-0.2861970365047455,-0.6530233025550842,0.0,0.0,0.0,0.2532825469970703,-0.6140655875205994,0.3360799551010132,0.6676988005638123,0.2532825469970703,-0.6140655875205994,0.3360799551010132,0.6676988005638123,0.275199830532074,-0.7133463621139526,0.32157063484191895,0.5585645437240601,0.33241721987724304,-0.6755712032318115,0.3948090970516205,0.526524543762207,0.36915597319602966,-0.656217634677887,0.3651813268661499,0.5474896430969238,0.34615558385849,-0.6215428709983826,0.3870527744293213,0.5865585803985596,0.3027304708957672,-0.5551770925521851,0.42188599705696106,0.6497267484664917,0.25643688440322876,-0.5833872556686401,0.38192760944366455,0.6693509817123413,0.25643688440322876,-0.5833872556686401,0.38192760944366455,0.6693509817123413,0.4299620985984802,-0.798194408416748,0.1343146115541458,0.3999723494052887,0.43620482087135315,-0.795981228351593,0.1468624323606491,0.39315471053123474,0.3948320746421814,-0.8172933459281921,0.1668212115764618,0.3851102292537689,0.23526568710803986,-0.4648543894290924,0.35829001665115356,0.7747184634208679,0.21508529782295227,-0.42128613591194153,0.37075597047805786,0.7992473244667053,0.2582564949989319,-0.40048786997795105,0.393130362033844,0.7863596677780151,0.2582564949989319,-0.40048786997795105,0.393130362033844,0.7863596677780151,0.2532825469970703,-0.6140655875205994,0.3360799551010132,0.6676988005638123,0.14398348331451416,-0.4176281988620758,0.40268081426620483,0.8016879558563232,0.4401986002922058,-0.23144200444221497,0.5319771766662598,0.6853174567222595,0.45216289162635803,-0.1994430422782898,0.48797544836997986,0.7194797992706299,0.6445615291595459,-0.528648853302002,0.1597975492477417,0.528711199760437,0.6159740686416626,-0.5594876408576965,0.17596499621868134,0.5259142518043518,0.6159740686416626,-0.5594876408576965,0.17596499621868134,0.5259142518043518,0.211481511592865,-0.5177077651023865,0.3611726462841034,0.7461960911750793,-0.1544172614812851,-0.6257067918777466,0.08341474831104279,0.7600581049919128,-0.1505463570356369,-0.6269347667694092,0.07881328463554382,0.7603138089179993,-0.13403698801994324,-0.8121959567070007,0.1307596117258072,0.5525158643722534,-0.09055104851722717,-0.8177447319030762,0.11382569372653961,0.5569002032279968,-0.09055104851722717,-0.8177447319030762,0.11382569372653961,0.5569002032279968,0.2532825469970703,-0.6140655875205994,0.3360799551010132,0.6676988005638123
-0.2800000011920929,-0.699999988079071,0.08120221644639969,0.25823134183883667,-0.6121331453323364,0.34169724583625793,0.6647199392318726,-0.30000001192092896,0.19444459676742554,-0.11110454797744751,0.10656537115573883,0.2186417281627655,-0.15364716947078705,-0.7269993424415588,0.011861137114465237,0.07132794708013535,0.9760836958885193,0.10668056458234787,0.11216513812541962,-0.0,0.5245519876480103,0.7744746208190918,-0.16326569020748138,-1.0511704683303833,0.10521584004163742,0.26114264130592346,-0.9557748436927795,0.0034967621322721243,-0.5736958980560303,-0.11093486845493317,-0.0,0.0,0.0,-0.0017548351315781474,-0.0024025507736951113,-0.017910076305270195,0.4968136250972748,0.0,-0.48847895860671997,-0.02365506999194622,-0.47102805972099304,0.12363865226507187,-0.39969247579574585,3.6596808433532715,-0.5886717438697815,-0.9369125366210938,-6.118077278137207,-0.12040144950151443,0.09852959960699081,0.0,-0.5156028270721436,-0.3611898124217987,-0.9764228463172913,1.1499344110488892,0.4479367136955261,-0.18199054896831512,-0.07678806036710739,0.4734553396701813,-0.1326584815979004,-0.49581077694892883,0.0,0.0,0.0,0.25823134183883667,-0.6121331453323364,0.34169724583625793,0.6647199392318726,0.25823134183883667,-0.6121331453323364,0.34169724583625793,0.6647199392318726,0.28097862005233765,-0.711197018623352,0.32629531621932983,0.5556808114051819,0.3335912525653839,-0.6761652827262878,0.39378973841667175,0.5257822871208191,0.37061983346939087,-0.6565999984741211,0.3639889061450958,0.5468358993530273,0.3507087230682373,-0.6265450716018677,0.38321059942245483,0.5810286998748779,0.30680564045906067,-0.5594127178192139,0.41918647289276123,0.6459183096885681,0.256327748298645,-0.5899344682693481,0.3750162422657013,0.6675598621368408,0.256327748298645,-0.5899344682693481,0.3750162422657013,0.6675598621368408,0.41503793001174927,-0.7766585946083069,0.16951599717140198,0.4425033926963806,0.4176549017429352,-0.7756395936012268,0.1741190254688263,0.44003424048423767,0.38973280787467957,-0.7900384664535522,0.18969833850860596,0.43354594707489014,0.25528353452682495,-0.4945151209831238,0.3502962291240692,0.7533774971961975,0.23624441027641296,-0.4536454975605011,0.3634084463119507,0.7786710858345032,0.2795199751853943,-0.43256205320358276,0.38826537132263184,0.7642046213150024,0.2795199751853943,-0.43256205320358276,0.38826537132263184,0.7642046213150024,0.25823134183883667,-0.6121331453323364,0.34169724583625793,0.6647199392318726,0.15101446211338043,-0.42339566349983215,0.40765583515167236,0.7948254346847534,0.4399840533733368,-0.23810191452503204,0.5373589396476746,0.6789454221725464,0.4551440179347992,-0.1980256289243698,0.48256924748420715,0.7216347455978394,0.6406022310256958,-0.5189584493637085,0.16652512550354004,0.5409069061279297,0.6075507998466492,-0.5547153353691101,0.1860707402229309,0.5371690988540649,0.6075507998466492,-0.5547153353691101,0.1860707402229309,0.5371690988540649,0.21663621068000793,-0.5184351205825806,0.36690980195999146,0.7413979768753052,-0.14860598742961884,-0.6290974617004395,0.0873737707734108,0.7579699754714966,-0.14971308410167694,-0.6287539601325989,0.08867993205785751,0.7578853964805603,-0.13030937314033508,-0.8144769072532654,0.14031054079532623,0.5476858019828796,-0.07909449189901352,-0.8204747438430786,0.1206456795334816,0.5531816482543945,-0.07909449189901352,-0.8204747438430786,0.1206456795334816,0.5531816482543945,0.25823134183883667,-0.6121331453323364,0.34169724583625793,0.6647199392318726
-0.2800000011920929,-0.699999988079071,0.08198706805706024,0.26767367124557495,-0.6063461899757385,0.3486677408218384,0.6626657247543335,-0.27000001072883606,0.17508335411548615,-0.08982031047344208,0.08028723299503326,0.2348465621471405,-0.15259912610054016,-0.5965976119041443,0.0010648950701579452,0.05805984511971474,0.7333990931510925,0.11543311923742294,0.11166190356016159,-0.0,0.5036180019378662,0.7611919045448303,-0.17431223392486572,-1.0222619771957397,0.10741158574819565,0.2531149983406067,-0.9547020196914673,0.009112327359616756,-0.5509220361709595,-0.10203375667333603,-0.0,0.0,0.0,0.02354554645717144,0.03376355394721031,0.24094721674919128,0.7566030621528625,0.8999999761581421,-0.5808372497558594,0.6385270953178406,-0.7883440852165222,0.4861449897289276,0.031441301107406616,3.9120516777038574,-0.32388725876808167,-0.39804303646087646,-7.2805376052856445,0.2625766396522522,-0.015097036026418209,0.0,-0.6280195116996765,-0.39848145842552185,-0.33139628171920776,0.8672546744346619,0.06587237119674683,-0.24082927405834198,0.032184720039367676,0.1684669405221939,0.6832157969474792,0.26703333854675293,0.0,0.0,0.0,0.26767367124557495,-0.6063461899757385,0.3486677408218384,0.6626657247543335,0.26767367124557495,-0.6063461899757385,0.3486677408218384,0.6626657247543335,0.2894447147846222,-0.6963028907775879,0.3337802588939667,0.5656630992889404,0.33779221773147583,-0.6644541621208191,0.393379807472229,0.5381908416748047,0.36728233098983765,-0.6486189961433411,0.36882105469703674,0.555308997631073,0.35218459367752075,-0.6258103251457214,0.3832640051841736,0.5808925628662109,0.30485862493515015,-0.5534471869468689,0.4218844771385193,0.6502083539962769,0.25440916419029236,-0.5839954018592834,0.37847021222114563,0.671554684638977,0.25440916419029236,-0.5839954018592834,0.37847021222114563,0.671554684638977,0.40095457434654236,-0.7473257184028625,0.20687653124332428,0.4877927899360657,0.40121424198150635,-0.7472154498100281,0.2072744220495224,0.48757922649383545,0.37935662269592285,-0.7585462331771851,0.22133949398994446,0.48135748505592346,0.2747771441936493,-0.535530686378479,0.3426370620727539,0.7213212251663208,0.25455474853515625,-0.4930298626422882,0.3579168915748596,0.7510119080543518,0.2960660457611084,-0.47228920459747314,0.384871244430542,0.7356370687484741,0.2960660457611084,-0.47228920459747314,0.384871244430542,0.7356370687484741,0.26767367124557495,-0.6063461899757385,0.3486677408218384,0.6626657247543335,0.16304466128349304,-0.4266301691532135,0.41460010409355164,0.7870895266532898,0.4437609016895294,-0.24208886921405792,0.5434147119522095,0.6702012419700623,0.4601370692253113,-0.19895489513874054,0.48555493354797363,0.7161893844604492,0.6435316801071167,-0.5096791982650757,0.17659251391887665,0.5430553555488586,0.6102622151374817,-0.5464561581611633,0.19673587381839752,0.5387585163116455,0.6102622151374817,-0.5464561581611633,0.19673587381839752,0.5387585163116455,0.2264164835214615,-0.5158988237380981,0.37434637546539307,0.73651123046875,-0.13726729154586792,-0.630214273929596,0.0954817607998848,0.7582024335861206,-0.14015886187553406,-0.6293666362762451,0.09888916462659836,0.7579406499862671,-0.11934127658605576,-0.8090642094612122,0.1456855833530426,0.5567301511764526,-0.0724140852689743,-0.8141052722930908,0.1270626336336136,0.5619999170303345,-0.0724140852689743,-0.8141052722930908,0.1270626336336136,0.5619999170303345,0.26767367124557495,-0.6063461899757385,0.3486677408218384,0.6626657247543335
-0.2800000011920929,-0.699999988079071,0.08271238207817078,0.27153438329696655,-0.6031701564788818,0.34957605600357056,0.6635144352912903,-0.25,0.16478459537029266,-0.08696440607309341,0.07629840075969696,0.2531702518463135,-0.17823544144630432,-0.4726869463920593,-0.003801434300839901,0.038674574345350266,0.5165771245956421,0.14059527218341827,0.12153074890375137,-0.0,0.4829183518886566,0.7680870294570923,-0.19995109736919403,-0.9895779490470886,0.10861260443925858,0.2517002522945404,-0.9457206726074219,0.04931464418768883,-0.5277202725410461,-0.07850826531648636,-0.0,0.0,0.0,0.02175941877067089,0.040383193641901016,0.22333507239818573,0.20982453227043152,0.600000262260437,-0.30896273255348206,0.0856771245598793,-0.11966495960950851,0.5497106909751892,-0.76908940076828,3.7173197269439697,-0.14598987996578217,-0.581558108329773,-6.5046586990356445,0.7548645734786987,0.2960653305053711,0.0,-0.6209894418716431,0.2068537324666977,-0.7691658735275269,0.9805207848548889,0.03603055700659752,-0.04244237765669823,0.2694404125213623,1.2060694694519043,0.6960528492927551,0.7057647109031677,0.0,0.0,0.0,0.27153438329696655,-0.6031701564788818,0.34957605600357056,0.6635144352912903,0.27153438329696655,-0.6031701564788818,0.34957605600357056,0.6635144352912903,0.2920508086681366,-0.6871306896209717,0.33555901050567627,0.5744196176528931,0.3383342921733856,-0.6571835279464722,0.390970915555954,0.5484354496002197,0.3665812909603119,-0.6418554782867432,0.366761714220047,0.5649120211601257,0.35232630372047424,-0.6198427677154541,0.3804762661457062,0.5889813303947449,0.30147314071655273,-0.5405259132385254,0.4219122529029846,0.6625222563743591,0.2413124442100525,-0.5759310722351074,0.37213122844696045,0.6867241859436035,0.2413124442100525,-0.5759310722351074,0.37213122844696045,0.6867241859436035,0.3796033263206482,-0.7200144529342651,0.23823440074920654,0.5298347473144531,0.3785955607891083,-0.7204659581184387,0.23686543107032776,0.5305553078651428,0.3645938038825989,-0.727651834487915,0.2470800131559372,0.5258760452270508,0.2893889546394348,-0.5691919922828674,0.33201083540916443,0.6942933797836304,0.26535385847091675,-0.5190191864967346,0.3515174388885498,0.7325584888458252,0.3093509078025818,-0.496714323759079,0.382387638092041,0.7150920033454895,0.3093509078025818,-0.496714323759079,0.382387638092041,0.7150920033454895,0.27153438329696655,-0.6031701564788818,0.34957605600357056,0.6635144352912903,0.1711753010749817,-0.43140289187431335,0.4141983389854431,0.7829625010490417,0.4520609378814697,-0.24478958547115326,0.5456618070602417,0.6617946624755859,0.4707672595977783,-0.1943882256746292,0.4798479974269867,0.7143789529800415,0.6465837359428406,-0.49620571732521057,0.17764396965503693,0.5514997839927673,0.6135455369949341,-0.5336071252822876,0.19860149919986725,0.5471588373184204,0.6135455369949341,-0.5336071252822876,0.19860149919986725,0.5471588373184204,0.23034915328025818,-0.5131410360336304,0.375597208738327,0.7365815043449402,-0.1303919404745102,-0.6278936266899109,0.10068045556545258,0.7606648206710815,-0.14595822989940643,-0.623316764831543,0.11916504055261612,0.7589282989501953,-0.12063562870025635,-0.79698246717453,0.16501827538013458,0.5683616399765015,-0.08486554026603699,-0.8009728193283081,0.1501617431640625,0.5733165144920349,-0.08486554026603699,-0.8009728193283081,0.1501617431640625,0.5733165144920349,0.27153438329696655,-0.6031701564788818,0.34957605600357056,0.6635144352912903
-0.2800000011920929,-0.699999988079071,0.08425403386354446,0.27987775206565857,-0.5966863036155701,0.3507908582687378,0.6652666330337524,-0.25,0.1498212218284607,-0.06018315628170967,0.05941690877079964,0.26727184653282166,-0.18055570125579834,-0.37716612219810486,-0.007836433127522469,0.038437243551015854,0.34303003549575806,0.165469691157341,0.13527171313762665,-0.0,0.4727292060852051,0.7662189602851868,-0.21857377886772156,-0.9774031043052673,0.10366880893707275,0.24435772001743317,-0.9450680017471313,0.0581854023039341,-0.5186576247215271,-0.06714097410440445,-0.0,0.0,0.0,0.046249549835920334,0.12365228682756424,0.4767563045024872,0.4192024767398834,0.0,-0.4489011764526367,0.8034374713897705,-0.5064447522163391,0.423047810792923,-0.06960779428482056,2.8656246662139893,-0.12104995548725128,-0.007119923364371061,-5.206412315368652,0.7462325096130371,0.41222891211509705,0.0,-0.30567434430122375,-0.05604207143187523,-0.5586804151535034,0.3652453124523163,-0.14831385016441345,-0.22027595341205597,0.01958012394607067,0.2661227285861969,0.2718794345855713,0.3410187065601349,0.0,0.0,0.0,0.27987775206565857,-0.5966863036155701,0.3507908582687378,0.6652666330337524,0.27987775206565857,-0.5966863036155701,0.3507908582687378,0.6652666330337524,0.3006846010684967,-0.6811776757240295,0.3358161151409149,0.5768997669219971,0.3430168330669403,-0.6541346311569214,0.385854035615921,0.552778422832489,0.3625425100326538,-0.6435181498527527,0.3690478801727295,0.5641373991966248,0.3514203131198883,-0.6264770030975342,0.37965402007102966,0.583003580570221,0.29770252108573914,-0.5432127714157104,0.4230917692184448,0.6612763404846191,0.2368726283311844,-0.5791446566581726,0.3723953068256378,0.6854228973388672,0.2368726283311844,-0.5791446566581726,0.3723953068256378,0.6854228973388672,0.3673880398273468,-0.6929939985275269,0.2616127133369446,0.5624447464942932,0.36518144607543945,-0.6940137147903442,0.2588954269886017,0.5638799667358398,0.3517768383026123,-0.7009034156799316,0.26968392729759216,0.5588005185127258,0.3005869388580322,-0.5952458381652832,0.32576659321784973,0.6702283620834351,0.2726372480392456,-0.5378217697143555,0.3494929373264313,0.7171272039413452,0.32048043608665466,-0.512971818447113,0.38504213094711304,0.6970615386962891,0.32048043608665466,-0.512971818447113,0.38504213094711304,0.6970615386962891,0.27987775206565857,-0.5966863036155701,0.3507908582687378,0.6652666330337524,0.18133988976478577,-0.42873311042785645,0.41622886061668396,0.7810616493225098,0.4601597785949707,-0.24206387996673584,0.5463182330131531,0.6566540002822876,0.48002198338508606,-0.18603146076202393,0.4747314751148224,0.7138636112213135,0.6508402824401855,-0.485190749168396,0.17295995354652405,0.5577470064163208,0.6198118925094604,-0.5211207866668701,0.19340650737285614,0.5539497137069702,0.6198118925094604,-0.5211207866668701,0.19340650737285614,0.5539497137069702,0.23968929052352905,-0.509177029132843,0.37712764739990234,0.7355695366859436,-0.12136649340391159,-0.6250277161598206,0.10405227541923523,0.7640573978424072,-0.13965049386024475,-0.6198442578315735,0.1259680688381195,0.761854887008667,-0.11325512826442719,-0.79193514585495,0.1693299412727356,0.5756208300590515,-0.08278162032365799,-0.7951694130897522,0.15634773671627045,0.580007016658783,-0.08278162032365799,-0.7951694130897522,0.15634773671627045,0.580007016658783,0.27987775206565857,-0.5966863036155701,0.3507908582687378,0.6652666330337524
-0.2800000011920929,-0.699999988079071,0.08528026938438416,0.2842925190925598,-0.5931978821754456,0.34959307312965393,0.6671422123908997,-0.25,0.1382584273815155,-0.05355961248278618,0.06439723074436188,0.26778462529182434,-0.17851826548576355,-0.31113728880882263,-0.00599732855334878,0.04913276433944702,0.21371175348758698,0.16871367394924164,0.1490504890680313,-0.0,0.45940908789634705,0.7624177932739258,-0.2380380779504776,-0.9631333351135254,0.09975067526102066,0.24307991564273834,-0.9372052550315857,0.06864967942237854,-0.5090333819389343,-0.05940886214375496,-0.0,0.0,0.0,0.030787063762545586,0.11418429017066956,0.3194273114204407,0.12934759259223938,0.0,-0.3468838036060333,0.19870629906654358,0.14940965175628662,0.015383361838757992,0.0611230693757534,1.9808648824691772,0.055173132568597794,0.32086560130119324,-3.8795483112335205,0.09731947630643845,0.4133632481098175,0.0,-0.3996035158634186,-0.11403500288724899,-0.5839289426803589,0.4280930459499359,-0.11754400283098221,-0.03833412751555443,0.23588238656520844,0.3139283061027527,0.2887272536754608,0.2319633513689041,0.0,0.0,0.0,0.2842925190925598,-0.5931978821754456,0.34959307312965393,0.6671422123908997,0.2842925190925598,-0.5931978821754456,0.34959307312965393,0.6671422123908997,0.30503323674201965,-0.6780847907066345,0.3341565430164337,0.5792194604873657,0.34431377053260803,-0.6533836126327515,0.38019654154777527,0.5567660927772522,0.36168572306632996,-0.6439297795295715,0.36515191197395325,0.5667468309402466,0.3497428894042969,-0.6253507137298584,0.37660640478134155,0.5871831178665161,0.29633843898773193,-0.5413690805435181,0.4199238121509552,0.6654074192047119,0.23584388196468353,-0.5766462087631226,0.3699941337108612,0.689174234867096,0.23584388196468353,-0.5766462087631226,0.3699941337108612,0.689174234867096,0.35696858167648315,-0.674479603767395,0.27606967091560364,0.5843254327774048,0.35521477460861206,-0.6753044128417969,0.2740458846092224,0.5853932499885559,0.33851948380470276,-0.6838260889053345,0.28834274411201477,0.5784850120544434,0.30583617091178894,-0.6182288527488708,0.3228021562099457,0.6481173634529114,0.2775503396987915,-0.5614221692085266,0.34742307662963867,0.6979026794433594,0.32874318957328796,-0.5339959859848022,0.3882601261138916,0.6753001809120178,0.32874318957328796,-0.5339959859848022,0.3882601261138916,0.6753001809120178,0.2842925190925598,-0.5931978821754456,0.34959307312965393,0.6671422123908997,0.18890264630317688,-0.43007948994636536,0.41455134749412537,0.7794194221496582,0.46531978249549866,-0.24497561156749725,0.5448009967803955,0.6531893014907837,0.4869958460330963,-0.1832294762134552,0.46701136231422424,0.7149562239646912,0.6519147157669067,-0.4793042838573456,0.16775529086589813,0.5631453990936279,0.6223007440567017,-0.5139216184616089,0.18776670098304749,0.5597946047782898,0.6223007440567017,-0.5139216184616089,0.18776670098304749,0.5597946047782898,0.24440987408161163,-0.5059323310852051,0.3763352036476135,0.7366601228713989,-0.11464261263608932,-0.6213609576225281,0.1072671115398407,0.7676336169242859,-0.13608808815479279,-0.6154142618179321,0.13324862718582153,0.7648464441299438,-0.10847512632608414,-0.7857192754745483,0.17482170462608337,0.5833658576011658,-0.08163896203041077,-0.7884702682495117,0.1630687415599823,0.5874166488647461,-0.08163896203041077,-0.7884702682495117,0.1630687415599823,0.5874166488647461,0.2842925190925598,-0.5931978821754456,0.34959307312965393,0.6671422123908997
-0.2800000011920929,-0.699999988079071,0.08693179488182068,0.2892337739467621,-0.58928382396698,0.34370699524879456,0.6715310215950012,-0.25,0.13016952574253082,-0.045488905161619186,0.06738452613353729,0.28196102380752563,-0.18892201781272888,-0.2516736686229706,-0.009159961715340614,0.05278943106532097,0.10224328935146332,0.17322540283203125,0.16379429399967194,-0.0,0.44467565417289734,0.7503337264060974,-0.257608562707901,-0.9477407932281494,0.10377776622772217,0.23868417739868164,-0.9241593480110168,0.08572347462177277,-0.5064815878868103,-0.05713110417127609,-0.0,0.0,0.0,0.049545761197805405,0.2503296136856079,0.5169357657432556,-0.085037462413311,0.0,-0.2426670342683792,0.24212120473384857,0.08961885422468185,0.42529192566871643,-0.3121125400066376,1.783908486366272,-0.09487898647785187,0.10969999432563782,-3.3440537452697754,0.13535186648368835,0.44231411814689636,0.0,-0.4420029819011688,-0.3625219762325287,-0.5871145129203796,0.4617762267589569,0.12081272155046463,-0.13187214732170105,0.39137718081474304,0.5122138261795044,0.0765538141131401,0.068332739174366,0.0,0.0,0.0,0.2892337739467621,-0.58928382396698,0.34370699524879456,0.6715310215950012,0.2892337739467621,-0.58928382396698,0.34370699524879456,0.6715310215950012,0.30935341119766235,-0.6748892664909363,0.327862948179245,0.5842353105545044,0.3466964066028595,-0.652136504650116,0.3710627555847168,0.5628783106803894,0.36143791675567627,-0.6440830826759338,0.35816553235054016,0.5711716413497925,0.34916767477989197,-0.6244771480560303,0.37013763189315796,0.5925440192222595,0.29369398951530457,-0.5350207686424255,0.4155283272266388,0.6744129657745361,0.22877362370491028,-0.5718284845352173,0.36321234703063965,0.6991077065467834,0.22877362370491028,-0.5718284845352173,0.36321234703063965,0.6991077065467834,0.34775564074516296,-0.6566378474235535,0.28411251306533813,0.6059478521347046,0.3449767827987671,-0.6579322218894958,0.28110218048095703,0.6075342297554016,0.32749268412590027,-0.6668075323104858,0.29703807830810547,0.5999038815498352,0.31188637018203735,-0.6352816820144653,0.3133847117424011,0.6331935524940491,0.283608078956604,-0.5781262516975403,0.3391895294189453,0.6857747435569763,0.3387577533721924,-0.5484409332275391,0.3853466510772705,0.6602754592895508,0.3387577533721924,-0.5484409332275391,0.3853466510772705,0.6602754592895508,0.2892337739467621,-0.58928382396698,0.34370699524879456,0.6715310215950012,0.19831348955631256,-0.4309956729412079,0.4081977605819702,0.7799289226531982,0.47030770778656006,-0.25144338607788086,0.5377349853515625,0.6530145406723022,0.49430766701698303,-0.18380165100097656,0.45336130261421204,0.7185683250427246,0.6506884098052979,-0.4772038161754608,0.15745972096920013,0.5692868828773499,0.6198521852493286,-0.5130383372306824,0.17862120270729065,0.5662767887115479,0.6198521852493286,-0.5130383372306824,0.17862120270729065,0.5662767887115479,0.25074121356010437,-0.5031360387802124,0.37060996890068054,0.739345133304596,-0.1051626205444336,-0.6155926585197449,0.10743968933820724,0.7735911011695862,-0.13168033957481384,-0.6084488034248352,0.14013996720314026,0.7699422836303711,-0.10253626108169556,-0.7795888185501099,0.1802937537431717,0.5909498929977417,-0.0768473744392395,-0.7820641398429871,0.1687326431274414,0.5949785113334656,-0.0768473744392395,-0.7820641398429871,0.1687326431274414,0.5949785113334656,0.2892337739467621,-0.58928382396698,0.34370699524879456,0.6715310215950012
-0.2800000011920929,-0.699999988079071,0.08873289078474045,0.2922267019748688,-0.5874431133270264,0.33178117871284485,0.67781662940979,-0.25,0.12597501277923584,-0.05664658918976784,0.07682378590106964,0.3014327585697174,-0.2108658254146576,-0.21972540020942688,-0.009817862883210182,0.05202403664588928,0.04313100501894951,0.18379434943199158,0.17345520853996277,-0.0,0.4416680932044983,0.7397376894950867,-0.26931631565093994,-0.929381251335144,0.12020804733037949,0.23002298176288605,-0.9003473520278931,0.10823556035757065,-0.502970278263092,-0.05451788380742073,-0.0,0.0,0.0,0.05403287336230278,0.39522436261177063,0.5651066899299622,-0.47238826751708984,0.0,-0.1258353888988495,-0.33473050594329834,0.28317779302597046,0.5841519832611084,-0.6583141684532166,0.9584479928016663,-0.019737033173441887,-0.022961830720305443,-1.77336847782135,0.3170683681964874,0.2898274064064026,0.0,-0.09022682160139084,-0.3178810775279999,-0.3512325584888458,0.5507862567901611,0.49290841817855835,-0.2598358690738678,0.7143598198890686,0.6753625273704529,0.10533928126096725,0.07839660346508026,0.0,0.0,0.0,0.2922267019748688,-0.5874431133270264,0.33178117871284485,0.67781662940979,0.2922267019748688,-0.5874431133270264,0.33178117871284485,0.67781662940979,0.31094619631767273,-0.6739164590835571,0.31587257981300354,0.5910783410072327,0.34753552079200745,-0.6526971459388733,0.3576664328575134,0.5703334212303162,0.36588019132614136,-0.6425933241844177,0.34137141704559326,0.580233633518219,0.3525007963180542,-0.6198369264602661,0.3551703095436096,0.6044827699661255,0.2951772212982178,-0.5220493674278259,0.40407073497772217,0.6906965374946594,0.22085081040859222,-0.5616739392280579,0.3468877077102661,0.7179248929023743,0.22085081040859222,-0.5616739392280579,0.3468877077102661,0.7179248929023743,0.3422725796699524,-0.6473936438560486,0.2795977294445038,0.6209315657615662,0.3392203748226166,-0.6487583518028259,0.2764163613319397,0.6226043105125427,0.3222320079803467,-0.6573616862297058,0.29251623153686523,0.6152043342590332,0.31584930419921875,-0.6439427137374878,0.2993967533111572,0.6292365193367004,0.2870415449142456,-0.5834818482398987,0.32711824774742126,0.6856746673583984,0.3453550934791565,-0.5529541969299316,0.37642934918403625,0.6582343578338623,0.3453550934791565,-0.5529541969299316,0.37642934918403625,0.6582343578338623,0.2922267019748688,-0.5874431133270264,0.33178117871284485,0.67781662940979,0.20451927185058594,-0.4290180206298828,0.3969305753707886,0.7852143049240112,0.4745382070541382,-0.2565178871154785,0.525175154209137,0.6581816673278809,0.5001843571662903,-0.18506461381912231,0.43623438477516174,0.7247525453567505,0.646578848361969,-0.476048082113266,0.14563970267772675,0.578016459941864,0.6106239557266235,-0.5170732140541077,0.1706715077161789,0.5750173330307007,0.6106239557266235,-0.5170732140541077,0.1706715077161789,0.5750173330307007,0.25652962923049927,-0.5038250088691711,0.35817429423332214,0.7430101633071899,-0.0923280417919159,-0.6094791293144226,0.10326464474201202,0.7806068658828735,-0.1254461109638214,-0.6009513139724731,0.14494065940380096,0.7759594321250916,-0.09541978687047958,-0.7728959918022156,0.18325288593769073,0.59995436668396,-0.07103019952774048,-0.7750833034515381,0.1719321757555008,0.603854238986969,-0.07103019952774048,-0.7750833034515381,0.1719321757555008,0.603854238986969,0.2922267019748688,-0.5874431133270264,0.33178117871284485,0.67781662940979
-0.2800000011920929,-0.699999988079071,0.0898074358701706,0.29658323526382446,-0.5859214663505554,0.32575589418411255,0.6801599264144897,-0.25,0.11678928881883621,-0.06218728423118591,0.0849454253911972,0.29521340131759644,-0.20983198285102844,-0.19367720186710358,-0.007780521176755428,0.055112943053245544,0.0027967810165137053,0.2009163647890091,0.1832074224948883,-0.0,0.4385194778442383,0.7333883047103882,-0.2814352810382843,-0.9173443913459778,0.129977285861969,0.22650209069252014,-0.8952338695526123,0.11873782426118851,-0.49916133284568787,-0.04715726152062416,-0.0,0.0,0.0,0.03223635256290436,0.31817224621772766,0.33685049414634705,-0.11145828664302826,0.0,-0.27557170391082764,-0.16622084379196167,0.2436491698026657,-0.18658070266246796,0.031015275046229362,0.7814459204673767,0.06112024933099747,0.09266718477010727,-1.2100266218185425,0.5136604309082031,0.2925663888454437,0.0,-0.0944584533572197,-0.1904815286397934,-0.3635689318180084,0.3611057698726654,0.29307714104652405,-0.10562672466039658,0.15340445935726166,0.3150678873062134,0.11426835507154465,0.2208186537027359,0.0,0.0,0.0,0.29658323526382446,-0.5859214663505554,0.32575589418411255,0.6801599264144897,0.29658323526382446,-0.5859214663505554,0.32575589418411255,0.6801599264144897,0.31459224224090576,-0.6728294491767883,0.30944526195526123,0.593781054019928,0.34870994091033936,-0.6536229252815247,0.34818512201309204,0.5744088888168335,0.3688616156578064,-0.6424660682678223,0.3301592469215393,0.5849558115005493,0.35451042652130127,-0.6170494556427002,0.34552332758903503,0.6117073893547058,0.2998389005661011,-0.5203750133514404,0.3939043879508972,0.6958058476448059,0.2253228724002838,-0.5587647557258606,0.33724290132522583,0.7233800888061523,0.2253228724002838,-0.5587647557258606,0.33724290132522583,0.7233800888061523,0.34027934074401855,-0.6392765045166016,0.2795102596282959,0.6304042935371399,0.3378243148326874,-0.6403589844703674,0.277021199464798,0.6317232847213745,0.32005226612091064,-0.6494239568710327,0.2943218946456909,0.6238507032394409,0.3196403682231903,-0.6485509276390076,0.29476916790008545,0.624758243560791,0.2884666621685028,-0.582624614238739,0.32533952593803406,0.6866511106491089,0.3500690758228302,-0.5504211783409119,0.377271443605423,0.6573845148086548,0.3500690758228302,-0.5504211783409119,0.377271443605423,0.6573845148086548,0.29658323526382446,-0.5859214663505554,0.32575589418411255,0.6801599264144897,0.2107660472393036,-0.42829662561416626,0.39162781834602356,0.786617636680603,0.4787808954715729,-0.25941163301467896,0.5191492438316345,0.6587553024291992,0.5057872533798218,-0.18402674794197083,0.42602452635765076,0.7271977066993713,0.6460023522377014,-0.4727914035320282,0.1380498856306076,0.5831736326217651,0.6071316003799438,-0.5169557929039001,0.1654803454875946,0.5803139209747314,0.6071316003799438,-0.5169557929039001,0.1654803454875946,0.5803139209747314,0.2621002197265625,-0.5033509135246277,0.3522931933403015,0.7441981434822083,-0.08582430332899094,-0.6062403321266174,0.09972608089447021,0.7843223810195923,-0.12194434553384781,-0.5971679091453552,0.14567582309246063,0.7792937159538269,-0.09204146265983582,-0.7689752578735352,0.1829068809747696,0.6055992841720581,-0.07101122289896011,-0.7708342671394348,0.1729678511619568,0.6089778542518616,-0.07101122289896011,-0.7708342671394348,0.1729678511619568,0.6089778542518616,0.29658323526382446,-0.5859214663505554,0.32575589418411255,0.6801599264144897
