base_x,base_y,base_z,base_qx,base_qy,base_qz,base_qw,J00_HIP_PITCH_L,J01_HIP_ROLL_L,J02_HIP_YAW_L,J03_KNEE_PITCH_L,J04_ANKLE_PITCH_L,J05_ANKLE_ROLL_L,J06_HIP_PITCH_R,J07_HIP_ROLL_R,J08_HIP_YAW_R,J09_KNEE_PITCH_R,J10_ANKLE_PITCH_R,J11_ANKLE_ROLL_R,J12_WAIST_YAW,J13_SHOULDER_PITCH_L,J14_SHOULDER_ROLL_L,J15_SHOULDER_YAW_L,J16_ELBOW_PITCH_L,J17_ELBOW_YAW_L,J18_SHOULDER_PITCH_R,J19_SHOULDER_ROLL_R,J20_SHOULDER_YAW_R,J21_ELBOW_PITCH_R,J22_ELBOW_YAW_R,J23_HEAD_YAW,base_vx,base_vy,base_vz,base_wx,base_wy,base_wz,dJ00_HIP_PITCH_L,dJ01_HIP_ROLL_L,dJ02_HIP_YAW_L,dJ03_KNEE_PITCH_L,dJ04_ANKLE_PITCH_L,dJ05_ANKLE_ROLL_L,dJ06_HIP_PITCH_R,dJ07_HIP_ROLL_R,dJ08_HIP_YAW_R,dJ09_KNEE_PITCH_R,dJ10_ANKLE_PITCH_R,dJ11_ANKLE_ROLL_R,dJ12_WAIST_YAW,dJ13_SHOULDER_PITCH_L,dJ14_SHOULDER_ROLL_L,dJ15_SHOULDER_YAW_L,dJ16_ELBOW_PITCH_L,dJ17_ELBOW_YAW_L,dJ18_SHOULDER_PITCH_R,dJ19_SHOULDER_ROLL_R,dJ20_SHOULDER_YAW_R,dJ21_ELBOW_PITCH_R,dJ22_ELBOW_YAW_R,dJ23_HEAD_YAW,left_foot_contact,right_foot_contact,base_quat_x,base_quat_y,base_quat_z,base_quat_w,LINK_BASE_qx,LINK_BASE_qy,LINK_BASE_qz,LINK_BASE_qw,LINK_HIP_PITCH_L_qx,LINK_HIP_PITCH_L_qy,LINK_HIP_PITCH_L_qz,LINK_HIP_PITCH_L_qw,LINK_HIP_ROLL_L_qx,LINK_HIP_ROLL_L_qy,LINK_HIP_ROLL_L_qz,LINK_HIP_ROLL_L_qw,LINK_HIP_YAW_L_qx,LINK_HIP_YAW_L_qy,LINK_HIP_YAW_L_qz,LINK_HIP_YAW_L_qw,LINK_KNEE_PITCH_L_qx,LINK_KNEE_PITCH_L_qy,LINK_KNEE_PITCH_L_qz,LINK_KNEE_PITCH_L_qw,LINK_ANKLE_PITCH_L_qx,LINK_ANKLE_PITCH_L_qy,LINK_ANKLE_PITCH_L_qz,LINK_ANKLE_PITCH_L_qw,LINK_ANKLE_ROLL_L_qx,LINK_ANKLE_ROLL_L_qy,LINK_ANKLE_ROLL_L_qz,LINK_ANKLE_ROLL_L_qw,LINK_FOOT_L_qx,LINK_FOOT_L_qy,LINK_FOOT_L_qz,LINK_FOOT_L_qw,LINK_HIP_PITCH_R_qx,LINK_HIP_PITCH_R_qy,LINK_HIP_PITCH_R_qz,LINK_HIP_PITCH_R_qw,LINK_HIP_ROLL_R_qx,LINK_HIP_ROLL_R_qy,LINK_HIP_ROLL_R_qz,LINK_HIP_ROLL_R_qw,LINK_HIP_YAW_R_qx,LINK_HIP_YAW_R_qy,LINK_HIP_YAW_R_qz,LINK_HIP_YAW_R_qw,LINK_KNEE_PITCH_R_qx,LINK_KNEE_PITCH_R_qy,LINK_KNEE_PITCH_R_qz,LINK_KNEE_PITCH_R_qw,LINK_ANKLE_PITCH_R_qx,LINK_ANKLE_PITCH_R_qy,LINK_ANKLE_PITCH_R_qz,LINK_ANKLE_PITCH_R_qw,LINK_ANKLE_ROLL_R_qx,LINK_ANKLE_ROLL_R_qy,LINK_ANKLE_ROLL_R_qz,LINK_ANKLE_ROLL_R_qw,LINK_FOOT_R_qx,LINK_FOOT_R_qy,LINK_FOOT_R_qz,LINK_FOOT_R_qw,LINK_TORSO_YAW_qx,LINK_TORSO_YAW_qy,LINK_TORSO_YAW_qz,LINK_TORSO_YAW_qw,LINK_SHOULDER_PITCH_L_qx,LINK_SHOULDER_PITCH_L_qy,LINK_SHOULDER_PITCH_L_qz,LINK_SHOULDER_PITCH_L_qw,LINK_SHOULDER_ROLL_L_qx,LINK_SHOULDER_ROLL_L_qy,LINK_SHOULDER_ROLL_L_qz,LINK_SHOULDER_ROLL_L_qw,LINK_SHOULDER_YAW_L_qx,LINK_SHOULDER_YAW_L_qy,LINK_SHOULDER_YAW_L_qz,LINK_SHOULDER_YAW_L_qw,LINK_ELBOW_PITCH_L_qx,LINK_ELBOW_PITCH_L_qy,LINK_ELBOW_PITCH_L_qz,LINK_ELBOW_PITCH_L_qw,LINK_ELBOW_YAW_L_qx,LINK_ELBOW_YAW_L_qy,LINK_ELBOW_YAW_L_qz,LINK_ELBOW_YAW_L_qw,LINK_ELBOW_END_L_qx,LINK_ELBOW_END_L_qy,LINK_ELBOW_END_L_qz,LINK_ELBOW_END_L_qw,LINK_SHOULDER_PITCH_R_qx,LINK_SHOULDER_PITCH_R_qy,LINK_SHOULDER_PITCH_R_qz,LINK_SHOULDER_PITCH_R_qw,LINK_SHOULDER_ROLL_R_qx,LINK_SHOULDER_ROLL_R_qy,LINK_SHOULDER_ROLL_R_qz,LINK_SHOULDER_ROLL_R_qw,LINK_SHOULDER_YAW_R_qx,LINK_SHOULDER_YAW_R_qy,LINK_SHOULDER_YAW_R_qz,LINK_SHOULDER_YAW_R_qw,LINK_ELBOW_PITCH_R_qx,LINK_ELBOW_PITCH_R_qy,LINK_ELBOW_PITCH_R_qz,LINK_ELBOW_PITCH_R_qw,LINK_ELBOW_YAW_R_qx,LINK_ELBOW_YAW_R_qy,LINK_ELBOW_YAW_R_qz,LINK_ELBOW_YAW_R_qw,LINK_ELBOW_END_R_qx,LINK_ELBOW_END_R_qy,LINK_ELBOW_END_R_qz,LINK_ELBOW_END_R_qw,LINK_HEAD_YAW_qx,LINK_HEAD_YAW_qy,LINK_HEAD_YAW_qz,LINK_HEAD_YAW_qw
0.00016327810590155423,0.0,0.8199999928474426,0.011873627081513405,0.011280771344900131,-0.013347653672099113,0.9997767806053162,-0.10187746584415436,-0.0021198978647589684,0.1763407588005066,0.2530442178249359,-0.28810352087020874,0.008895265869796276,-0.15755632519721985,-0.03745994716882706,-0.03924977406859398,0.2413167804479599,-0.23834769427776337,0.10454733669757843,0.0,-0.01961231790482998,0.1467626988887787,-0.4978415369987488,-0.5329694747924805,-0.0911879912018776,-0.032857030630111694,-0.20932045578956604,0.42087695002555847,-0.7058613300323486,-0.06456863135099411,0.0,-0.07951491326093674,0.0,-0.11153339594602585,0.3444957733154297,0.10022267699241638,1.051538109779358,-1.9198195934295654,-0.3521302044391632,-1.5644457340240479,2.7517495155334473,-1.0365869998931885,0.18151409924030304,-1.8566938638687134,-0.6596160531044006,-0.4608314335346222,3.301985502243042,-1.7130879163742065,0.0708286464214325,0.0,0.7356104254722595,0.572069525718689,-0.15447913110256195,-1.6644500494003296,0.8141239285469055,1.6930538415908813,-1.6256680488586426,-0.10963796824216843,-3.1412510871887207,-0.9004228711128235,0.0,0.0,0.0,0.011873627081513405,0.011280771344900131,-0.013347653672099113,0.9997767806053162,0.011873627081513405,0.011280771344900131,-0.013347653672099113,0.9997767806053162,0.011350424960255623,-0.03806111961603165,-0.000739038921892643,0.9992106556892395,0.010291306301951408,-0.03806031495332718,-0.0007793813711032271,0.9992221593856812,0.006899883970618248,-0.038818683475255966,0.08721133321523666,0.9954093098640442,-0.004160015378147364,0.0870971530675888,0.087384894490242,0.9923510551452637,0.008427529595792294,-0.05626100301742554,0.08707699179649353,0.9945759177207947,0.012850940227508545,-0.05587316304445267,0.08732635527849197,0.994528591632843,0.012850940227508545,-0.05587316304445267,0.08732635527849197,0.994528591632843,0.01059240847826004,-0.06451058387756348,-0.03457248583436012,0.9972617030143738,-0.008087042719125748,-0.06385176628828049,-0.035774633288383484,0.9972851872444153,-0.006832481827586889,-0.06399816274642944,-0.055338095873594284,0.9963911175727844,-0.00012199085904285312,0.05639857426285744,-0.05575816333293915,0.9968501329421997,-0.006750322878360748,-0.06251890957355499,-0.05534818023443222,0.9964849948883057,0.045325104147195816,-0.06532544642686844,-0.05200596898794174,0.9954765439033508,0.045325104147195816,-0.06532544642686844,-0.05200596898794174,0.9954765439033508,0.011873627081513405,0.011280771344900131,-0.013347653672099113,0.9997767806053162,0.011735481210052967,0.0015030726790428162,-0.014078804291784763,0.9998309016227722,0.08500701189041138,0.00046683294931426644,-0.014151114039123058,0.996279776096344,0.08249115943908691,0.03676766902208328,-0.2573568522930145,0.9620866775512695,0.010642323642969131,-0.21583785116672516,-0.2858385145664215,0.9335936307907104,0.030166130512952805,-0.2153042107820511,-0.3248732089996338,0.920430064201355,0.030166130512952805,-0.2153042107820511,-0.3248732089996338,0.920430064201355,0.01166482176631689,-0.005124698393046856,-0.012509241700172424,0.9998405575752258,-0.09285161644220352,-0.0037898255977779627,-0.012976166792213917,0.9955881834030151,-0.0914231464266777,0.02870958112180233,0.19364899396896362,0.9763798713684082,-0.01928216964006424,-0.3080759644508362,0.23446886241436005,0.9218143820762634,-0.0027198640163987875,-0.3087385892868042,0.207519069314003,0.9282289147377014,-0.0027198640163987875,-0.3087385892868042,0.207519069314003,0.9282289147377014,0.011873627081513405,0.011280771344900131,-0.013347653672099113,0.9997767806053162
-0.0014270202431362123,0.0,0.8177693247795105,0.015185016207396984,0.01245289295911789,-0.00280705071054399,0.9998033046722412,-0.14027386009693146,-0.00916250254958868,0.14505184292793274,0.30807921290397644,-0.3088352620601654,0.012525548040866853,-0.19469020366668702,-0.05065226927399635,-0.04846640303730965,0.30735649466514586,-0.27260945439338685,0.10596390962600707,0.0,-0.0049001086503267285,0.15820409059524537,-0.5009311199188232,-0.5662584781646729,-0.07490551173686981,0.001004047691822052,-0.2418338179588318,0.41868419051170347,-0.7686863541603088,-0.08257708996534348,0.0,-0.07951491326093674,0.0,-0.11153339594602585,0.3444957733154297,0.10022267699241638,1.051538109779358,-1.9198195934295654,-0.3521302044391632,-1.5644457340240479,2.7517495155334473,-1.0365869998931885,0.18151409924030304,-1.8566938638687134,-0.6596160531044006,-0.4608314335346222,3.301985502243042,-1.7130879163742065,0.0708286464214325,0.0,0.7356104254722595,0.572069525718689,-0.15447913110256195,-1.6644500494003296,0.8141239285469055,1.6930538415908813,-1.6256680488586426,-0.10963796824216843,-3.1412510871887207,-0.9004228711128235,0.0,0.0,0.0,0.015185016207396984,0.01245289295911789,-0.00280705071054399,0.9998033046722412,0.015185016207396984,0.01245289295911789,-0.00280705071054399,0.9998033046722412,0.015314832329750061,-0.05554405227303505,0.014256424270570278,0.9982370138168335,0.010744144208729267,-0.055643241852521896,0.013960513286292553,0.9982953071594238,0.006865948438644409,-0.05627598613500595,0.08627240359783173,0.9946572780609131,-0.006432933732867241,0.0970035046339035,0.08627872169017792,0.9915165901184082,0.00690800603479147,-0.056651122868061066,0.08625219017267227,0.9946374297142029,0.01313707698136568,-0.056110724806785583,0.08660560101270676,0.9945745468139648,0.01313707698136568,-0.056110724806785583,0.08660560101270676,0.9945745468139648,0.01465347409248352,-0.08107194304466248,-0.02941962331533432,0.9961662888526917,-0.010572422295808792,-0.08032010495662689,-0.031535834074020386,0.9962141513824463,-0.008572246879339218,-0.08055810630321503,-0.05566161125898361,0.9951575994491577,6.174792360980064e-05,0.07272333651781082,-0.05633397400379181,0.9957599639892578,-0.007598987780511379,-0.06325774639844894,-0.055810652673244476,0.9964064359664917,0.04517851024866104,-0.06612472981214523,-0.052382007241249084,0.9954107403755188,0.04517851024866104,-0.06612472981214523,-0.052382007241249084,0.9954107403755188,0.015185016207396984,0.01245289295911789,-0.00280705071054399,0.9998033046722412,0.015125157311558723,0.010009437799453735,-0.002981657860800624,0.9998311996459961,0.09408393502235413,0.009782291017472744,-0.003798997960984707,0.9955090284347534,0.08877453207969666,0.04825242608785629,-0.24846971035003662,0.9633553624153137,0.014450294896960258,-0.22052448987960815,-0.28024494647979736,0.9341429471969604,0.030629076063632965,-0.21996229887008667,-0.3123428225517273,0.9236452579498291,0.030629076063632965,-0.21996229887008667,-0.3123428225517273,0.9236452579498291,0.015066610649228096,0.012956509366631508,-0.0027935104444622993,0.9997986555099487,-0.10564005374908447,0.013070606626570225,-0.0010281084105372429,0.9943180084228516,-0.10062174499034882,0.04766350984573364,0.20384499430656433,0.9726513624191284,-0.016573172062635422,-0.3175647258758545,0.2495734989643097,0.9146536588668823,0.0050146752037107944,-0.3180215358734131,0.2154540717601776,0.92326420545578,0.0050146752037107944,-0.3180215358734131,0.2154540717601776,0.92326420545578,0.015185016207396984,0.01245289295911789,-0.00280705071054399,0.9998033046722412
-0.003115283977240324,0.0,0.815973961353302,0.0160705354064703,0.013584659434854984,0.004795255605131388,0.9997670650482178,-0.17083683609962463,-0.014469299092888832,0.12196560651063919,0.35047435760498047,-0.32480759024620054,0.015387656912207604,-0.22502885162830352,-0.06042452752590179,-0.05387266278266907,0.35860967040061953,-0.2988262355327606,0.10683074593544006,0.0,0.005290200281888246,0.16709972620010377,-0.5036689043045044,-0.5923333525657654,-0.06318478211760521,0.02574509158730507,-0.26627848148345945,0.41715056300163267,-0.8188576698303223,-0.0952845111489296,0.0,-0.08245387375354767,0.0,-0.09847425669431686,0.19670500755310055,0.1002986565232277,0.8771315455436706,-1.6848170757293701,-0.3000559628009796,-1.3183653593063354,2.3725540399551392,-0.8938046216964721,0.15846890211105347,-1.6528369665145874,-0.5570141434669494,-0.34652035832405087,2.858389377593994,-1.47173855304718,0.0543365478515625,0.0,0.5999534249305725,0.4956968545913696,-0.14392517656087875,-1.4480262041091918,0.6772714376449585,1.4194528341293333,-1.3836071014404296,-0.08986400961875915,-2.7616398334503174,-0.7413917541503906,0.0,0.0,0.0,0.0160705354064703,0.013584659434854984,0.004795255605131388,0.9997670650482178,0.0160705354064703,0.013584659434854984,0.004795255605131388,0.9997670650482178,0.016714585945010185,-0.06920497119426727,0.02554142475128174,0.9971354603767395,0.009500504471361637,-0.06938961148262024,0.02503763884305954,0.997230052947998,0.0052625262178480625,-0.06984659284353256,0.08576784282922745,0.9938498735427856,-0.009769067168235779,0.1044926717877388,0.08535203337669373,0.9908081293106079,0.004160603042691946,-0.05708683282136917,0.08581597357988358,0.9946654438972473,0.011813171207904816,-0.056424710899591446,0.08625267446041107,0.9946040511131287,0.011813171207904816,-0.056424710899591446,0.08625267446041107,0.9946040511131287,0.01610097475349903,-0.09446422755718231,-0.02601710334420204,0.9950579404830933,-0.01396429818123579,-0.0936352089047432,-0.028863459825515747,0.995090126991272,-0.0114408815279603,-0.09397487342357635,-0.055654216557741165,0.9939519762992859,-0.0013302359730005264,0.0847984179854393,-0.05682520195841789,0.9947755336761475,-0.009773436933755875,-0.0642264261841774,-0.05598343163728714,0.9963159561157227,0.043433789163827896,-0.06712382286787033,-0.052474625408649445,0.9954167604446411,0.043433789163827896,-0.06712382286787033,-0.052474625408649445,0.9954167604446411,0.0160705354064703,0.013584659434854984,0.004795255605131388,0.9997670650482178,0.01605966128408909,0.01622128114104271,0.005002705380320549,0.9997269511222839,0.0994335189461708,0.01658349484205246,0.0036300369538366795,0.9948993921279907,0.09211549907922745,0.05635672062635422,-0.24234919250011444,0.9641605615615845,0.015717104077339172,-0.22505691647529602,-0.27625054121017456,0.934231162071228,0.029514648020267487,-0.2245059758424759,-0.30331918597221375,0.9255934953689575,0.029514648020267487,-0.2245059758424759,-0.30331918597221375,0.9255934953689575,0.01599413901567459,0.026440029963850975,0.004187501035630703,0.9995136857032776,-0.11682886630296707,0.02564653940498829,0.0076678041368722916,0.9927912354469299,-0.1090967133641243,0.062142062932252884,0.2111506164073944,0.9693563580513,-0.015661049634218216,-0.32561010122299194,0.2613619863986969,0.9085277915000916,0.009537609294056892,-0.32597222924232483,0.2222706377506256,0.918829083442688,0.009537609294056892,-0.32597222924232483,0.2222706377506256,0.918829083442688,0.0160705354064703,0.013584659434854984,0.004795255605131388,0.9997670650482178
-0.004999478394165635,0.0,0.8150492072105407,0.012107167392969131,0.014638075605034828,0.0065200841054320335,0.9997982978820801,-0.18573297560214996,-0.016304479353129862,0.11528472900390625,0.3675898015499115,-0.3312610924243927,0.016713419184088706,-0.24177703857421876,-0.06335665807127952,-0.05165818408131599,0.38028976917266843,-0.308953058719635,0.10659810900688171,0.0,0.0064367085695266725,0.1709038496017456,-0.5057030916213989,-0.6039799690246582,-0.06058755218982696,0.032246066629886626,-0.27458574771881106,0.41693519949913027,-0.8437215685844421,-0.09738985747098923,0.0,-0.09127075523138047,0.0,-0.05929683893918991,-0.24666728973388663,0.10052659511566162,0.353911852836609,-0.9798095226287843,-0.14383323788642885,-0.5801242351531983,1.234967613220215,-0.4654574871063233,0.08933331072330475,-1.0412662744522097,-0.24920841455459597,-0.0035871326923370694,1.5276010036468508,-0.7476904630661011,0.004860252141952515,0.0,0.19298242330551152,0.26657884120941167,-0.11226331293582917,-0.7987546682357789,0.2667139649391175,0.5986498117446901,-0.6574242591857911,-0.030542133748531347,-1.6228060722351074,-0.26429840326309206,0.0,0.0,0.0,0.012107167392969131,0.014638075605034828,0.0065200841054320335,0.9997982978820801,0.012107167392969131,0.014638075605034828,0.0065200841054320335,0.9997982978820801,0.012997899204492569,-0.07526765763759613,0.029415816068649292,0.9966447353363037,0.004872896242886782,-0.07550662010908127,0.028798799961805344,0.9967174530029297,0.0005234812269918621,-0.07566888630390167,0.08617288619279861,0.993402361869812,-0.015232444740831852,0.10716173052787781,0.08479740470647812,0.9905017018318176,-0.0010425765067338943,-0.05761299282312393,0.08615583181381226,0.9946138858795166,0.0072690448723733425,-0.0568908229470253,0.08663429319858551,0.9945878386497498,0.0072690448723733425,-0.0568908229470253,0.08663429319858551,0.9945878386497498,0.01232822798192501,-0.10155630856752396,-0.026130087673664093,0.9944100975990295,-0.019173474982380867,-0.10067775845527649,-0.029338257387280464,0.9943015575408936,-0.01657048426568508,-0.10113687813282013,-0.0550079271197319,0.9932124614715576,-0.0058735935017466545,0.08840392529964447,-0.05717115104198456,0.9944252967834473,-0.014599286019802094,-0.06565386056900024,-0.05557600036263466,0.9961866736412048,0.038492124527692795,-0.0685214176774025,-0.0519995354115963,0.9955497980117798,0.038492124527692795,-0.0685214176774025,-0.0519995354115963,0.9955497980117798,0.012107167392969131,0.014638075605034828,0.0065200841054320335,0.9997982978820801,0.012088706716895103,0.017846979200839996,0.006759973708540201,0.9997447729110718,0.09737075120210648,0.018360111862421036,0.0052105942741036415,0.9950652718544006,0.08960814028978348,0.05771949887275696,-0.2418653964996338,0.9644376635551453,0.011902840808033943,-0.229300856590271,-0.27548032999038696,0.9334826469421387,0.02525435760617256,-0.22888398170471191,-0.30139994621276855,0.9252742528915405,0.02525435760617256,-0.22888398170471191,-0.30139994621276855,0.9252742528915405,0.011983387172222137,0.030735405161976814,0.0056961714290082455,0.9994394779205322,-0.12491438537836075,0.029662974178791046,0.009856624528765678,0.9916749596595764,-0.11621125787496567,0.06770884245634079,0.21285296976566315,0.9677830934524536,-0.018352458253502846,-0.3309509754180908,0.2666606307029724,0.9050009846687317,0.007638562470674515,-0.3313681483268738,0.22692450881004333,0.9157741069793701,0.007638562470674515,-0.3313681483268738,0.22692450881004333,0.9157741069793701,0.012107167392969131,0.014638075605034828,0.0065200841054320335,0.9997982978820801
-0.007586146797984838,0.0,0.8144547581672669,0.00785472895950079,0.015655850991606712,0.007808215916156769,0.9998160600662231,-0.19776645302772522,-0.017680656537413596,0.1101547583937645,0.37777128219604494,-0.33382120728492737,0.018324105814099313,-0.25472516715526583,-0.0649648904800415,-0.049719060957431796,0.3929297745227814,-0.31394283175468446,0.10536312758922577,0.0,0.0057706526480615136,0.17383428812026977,-0.5076004028320312,-0.6143610596656799,-0.05870252773165703,0.03383286371827125,-0.2801639437675476,0.4171872079372406,-0.864328408241272,-0.09849746376276017,0.0,-0.1152839332818985,0.0,-0.03632855117321014,-0.4121662437915802,0.09863570779561996,0.1535504698753357,-0.6589270949363708,-0.07798891812562943,-0.28751665353775024,0.6477532625198364,-0.2058734714984894,0.0748358428478241,-0.7234075665473938,-0.1068895787000656,0.1024632602930069,0.8128020763397217,-0.35222965478897095,-0.04170217718929052,0.0,0.0029484875500202165,0.16399561166763305,-0.09760307520627975,-0.5443650007247924,0.1084953248500824,0.17762341499328613,-0.3334911823272705,0.0032529825344681743,-1.1154830694198608,-0.07533511072397232,0.0,0.0,0.0,0.00785472895950079,0.015655850991606712,0.007808215916156769,0.9998160600662231,0.00785472895950079,0.015655850991606712,0.007808215916156769,0.9998160600662231,0.008967027068138123,-0.0799582451581955,0.032582011073827744,0.9962253570556641,0.00015999155584722757,-0.08024434000253677,0.031872399151325226,0.9962655305862427,-0.004252154380083084,-0.08013831824064255,0.086668461561203,0.992999792098999,-0.020448794588446617,0.10773704946041107,0.0843171700835228,0.9903864860534668,-0.0061563532799482346,-0.0582997091114521,0.0865437239408493,0.9945217370986938,0.0029555915389209986,-0.05750393867492676,0.087074413895607,0.9945363402366638,0.0029555915389209986,-0.05750393867492676,0.087074413895607,0.9945363402366638,0.008239277638494968,-0.10688480734825134,-0.026072362437844276,0.9938953518867493,-0.02404339239001274,-0.10598183423280716,-0.02953132428228855,0.9936387538909912,-0.021404312923550606,-0.10654398798942566,-0.054221414029598236,0.992597758769989,-0.010407994501292706,0.089263916015625,-0.057368673384189606,0.9943000078201294,-0.01924787648022175,-0.06727004051208496,-0.05503269284963608,0.9960299730300903,0.033227019011974335,-0.07007516175508499,-0.05141519382596016,0.9956614971160889,0.033227019011974335,-0.07007516175508499,-0.05141519382596016,0.9956614971160889,0.00785472895950079,0.015655850991606712,0.007808215916156769,0.9998160600662231,0.007835563272237778,0.01853330247104168,0.008014236576855183,0.9997653961181641,0.0945933610200882,0.01915978454053402,0.00637487368658185,0.9953112006187439,0.08666154742240906,0.057942938059568405,-0.24175164103507996,0.9647219777107239,0.007758438587188721,-0.23405489325523376,-0.2748509347438812,0.932531476020813,0.020825307816267014,-0.2337682843208313,-0.29991891980171204,0.9246444702148438,0.020825307816267014,-0.2337682843208313,-0.29991891980171204,0.9246444702148438,0.007705459836870432,0.03254116699099541,0.006879029795527458,0.9994170069694519,-0.13191287219524384,0.031260594725608826,0.01135583408176899,0.9907031655311584,-0.12274003028869629,0.07072924077510834,0.21414834260940552,0.9664744734764099,-0.02115900069475174,-0.3367747664451599,0.27129095792770386,0.9014080762863159,0.005385419353842735,-0.33726024627685547,0.23133578896522522,0.912529706954956,0.005385419353842735,-0.33726024627685547,0.23133578896522522,0.912529706954956,0.00785472895950079,0.015655850991606712,0.007808215916156769,0.9998160600662231
-0.010524052195250988,0.0,0.8140254616737366,0.003457707818597555,0.016655616462230682,0.008877896703779697,0.9998158812522888,-0.20836859941482544,-0.01882733218371868,0.10580024123191833,0.38448578119277954,-0.3344346284866333,0.020077254623174667,-0.2657732665538788,-0.0659111738204956,-0.04791761562228203,0.40104973316192627,-0.3163640797138214,0.10362697392702103,0.0,0.004198314622044563,0.1763278841972351,-0.5094292759895325,-0.6241093873977661,-0.057173606008291245,0.03296257182955742,-0.2843776047229767,0.41767290234565735,-0.8828067183494568,-0.09910620003938675,0.0,-0.14689525961875916,0.0,-0.021464822813868523,-0.43872857093811035,0.09568540751934052,0.114618219435215,-0.530107319355011,-0.05733377858996391,-0.21772584319114685,0.33572494983673096,-0.03067106008529663,0.08765743672847748,-0.5524049401283264,-0.04731416702270508,0.09007225930690765,0.4059978723526001,-0.12106239795684814,-0.08680767472833395,0.0,-0.0786168985068798,0.124679796397686,-0.09144365042448044,-0.4874163568019867,0.07644607871770859,-0.04351457953453064,-0.21068303287029266,0.02428471762686968,-0.923915445804596,-0.030436813831329346,0.0,0.0,0.0,0.003457707818597555,0.016655616462230682,0.008877896703779697,0.9998158812522888,0.003457707818597555,0.016655616462230682,0.008877896703779697,0.9998158812522888,0.004779069218784571,-0.083961620926857,0.03539358451962471,0.9958287477493286,-0.004595403093844652,-0.08429107815027237,0.034601643681526184,0.9958296418190002,-0.009045903570950031,-0.08393017947673798,0.08720818161964417,0.9926069974899292,-0.025541339069604874,0.10726439207792282,0.08387332409620285,0.9903571605682373,-0.011225278489291668,-0.059065934270620346,0.0869545191526413,0.9943963885307312,-0.0012425059685483575,-0.05819006636738777,0.0875430628657341,0.9944589138031006,-0.0012425059685483575,-0.05819006636738777,0.0875430628657341,0.9944589138031006,0.003992265090346336,-0.11133027821779251,-0.025929026305675507,0.9934371113777161,-0.028743280097842216,-0.11041548103094101,-0.029583238065242767,0.9930292367935181,-0.026089860126376152,-0.11107237637042999,-0.05336426943540573,0.9920355081558228,-0.01493778359144926,0.08875058591365814,-0.057491641491651535,0.9942811131477356,-0.023807557299733162,-0.06897978484630585,-0.054420825093984604,0.9958480596542358,0.02779966965317726,-0.07170568406581879,-0.05077530816197395,0.9957446455955505,0.02779966965317726,-0.07170568406581879,-0.05077530816197395,0.9957446455955505,0.003457707818597555,0.016655616462230682,0.008877896703779697,0.9998158812522888,0.003441296285018325,0.018749751150608063,0.009016904979944229,0.999777615070343,0.09145811945199966,0.01947086490690708,0.007330972235649824,0.9955915808677673,0.08349486440420151,0.05759637802839279,-0.2418215572834015,0.9650044441223145,0.003448834177106619,-0.239057719707489,-0.2742847204208374,0.9314544796943665,0.0163114070892334,-0.2388993352651596,-0.2986488938331604,0.9238343238830566,0.0163114070892334,-0.2388993352651596,-0.2986488938331604,0.9238343238830566,0.003293978748843074,0.033101923763751984,0.007898927666246891,0.9994153380393982,-0.13836658000946045,0.031648505479097366,0.012510092929005623,0.9897962212562561,-0.12897463142871857,0.07247573882341385,0.21523842215538025,0.9652902483940125,-0.024022188037633896,-0.34282681345939636,0.2755764424800873,0.8977473378181458,0.002955086762085557,-0.34338685870170593,0.23561643064022064,0.9091543555259705,0.002955086762085557,-0.34338685870170593,0.23561643064022064,0.9091543555259705,0.003457707818597555,0.016655616462230682,0.008877896703779697,0.9998158812522888
-0.013423747569322585,0.0,0.8132351756095886,0.004031358752399683,0.01815599389374256,0.009884806349873543,0.999778151512146,-0.22298595011234282,-0.01960812546312809,0.10006692111492158,0.3965685963630676,-0.3387275218963623,0.022865593060851095,-0.2803426325321198,-0.06649471521377563,-0.0452139712870121,0.41347413659095766,-0.32123815417289736,0.1023320883512497,0.0,0.0029978697653859857,0.17875142991542817,-0.5164052367210388,-0.6347662329673767,-0.05880764126777649,0.032237577438354495,-0.2889183521270752,0.4185075342655182,-0.9005401611328125,-0.10024872273206711,0.0,-0.14574896395206452,0.0,-0.032294508814811704,-0.14086385965347298,0.12841459810733794,0.10600880235433578,-0.6505634307861328,-0.04635730758309364,-0.25908992290496824,0.4967743873596191,-0.14105521552264688,0.1187131255865097,-0.6580429196357727,-0.036431905999779704,0.11713823378086088,0.5351312279701232,-0.19464718103408812,-0.07356963753700257,0.0,-0.06746010109782219,0.12257828563451767,-0.24585625976324077,-0.5146719098091126,-0.018442626297473882,-0.039155665785074234,-0.22049562633037567,0.034752842783927915,-0.9015694260597229,-0.04645040333271026,0.0,0.0,0.0,0.004031358752399683,0.01815599389374256,0.009884806349873543,0.999778151512146,0.004031358752399683,0.01815599389374256,0.009884806349873543,0.999778151512146,0.0055977413430809975,-0.08952078223228455,0.03817705065011978,0.9952373504638672,-0.004159583710134029,-0.0898914635181427,0.037296097725629807,0.9952443838119507,-0.008639310486614704,-0.08957019448280334,0.08702513575553894,0.9921336770057678,-0.025541339069604874,0.10726439207792282,0.08387332409620285,0.9903571605682373,-0.011151548475027084,-0.06084365025162697,0.086738720536232,0.9943089485168457,0.00021658116020262241,-0.059848204255104065,0.08743029832839966,0.9943712949752808,0.00021658116020262241,-0.059848204255104065,0.08743029832839966,0.9943712949752808,0.004671653266996145,-0.11679767817258835,-0.02691154181957245,0.9927800893783569,-0.02833203226327896,-0.11583831906318665,-0.03078022599220276,0.9923868179321289,-0.02571110427379608,-0.1164495050907135,-0.05320586636662483,0.9914370775222778,-0.01424281857907772,0.08954014629125595,-0.057347871363162994,0.9942288398742676,-0.02323101833462715,-0.07061877101659775,-0.054332949221134186,0.9957516193389893,0.02772587537765503,-0.07330518960952759,-0.05065082758665085,0.9956365823745728,0.02772587537765503,-0.07330518960952759,-0.05065082758665085,0.9956365823745728,0.004031358752399683,0.01815599389374256,0.009884806349873543,0.999778151512146,0.004018637351691723,0.019651256501674652,0.009984689764678478,0.999748945236206,0.09323693811893463,0.02046474814414978,0.008190038613975048,0.9953999519348145,0.08479608595371246,0.05951251834630966,-0.2442525327205658,0.9641622304916382,0.0024888410698622465,-0.2418895661830902,-0.27731069922447205,0.9298290014266968,0.015797140076756477,-0.2417733371257782,-0.3023029565811157,0.9219051599502563,0.015797140076756477,-0.2417733371257782,-0.3023029565811157,0.9219051599502563,0.0038537161890417337,0.03424042835831642,0.008936389349400997,0.9993662238121033,-0.14005237817764282,0.03259548917412758,0.013773934915661812,0.9895116090774536,-0.13041898608207703,0.07382728159427643,0.21679222583770752,0.9646458625793457,-0.022370394319295883,-0.34921330213546753,0.2782812714576721,0.8944883346557617,0.005203221458941698,-0.3496456444263458,0.23807784914970398,0.9061123728752136,0.005203221458941698,-0.3496456444263458,0.23807784914970398,0.9061123728752136,0.004031358752399683,0.01815599389374256,0.009884806349873543,0.999778151512146
-0.017032852396368984,0.0,0.8122746348381042,0.004595848731696606,0.01977279596030712,0.010918507352471352,0.9997342824935913,-0.24025577902793885,-0.02036449611186981,0.09360930770635605,0.41104020476341246,-0.34365337491035464,0.02587533257901669,-0.29722950458526615,-0.06689019501209259,-0.041871272027492516,0.42758458852767944,-0.32631154656410216,0.10118784010410309,0.0,0.0014739759732037764,0.18245919048786163,-0.5234938740730286,-0.6479358553886414,-0.06147629022598267,0.031230856105685233,-0.29430307149887086,0.4197435438632965,-0.9211266994476318,-0.10186551064252854,0.0,-0.16626704931259162,0.0,-0.04462194144725801,0.05712175741791725,0.1572118848562241,0.10192155241966248,-0.810441851615906,-0.03830698207020759,-0.30839477777481084,0.6758044958114626,-0.23363344073295597,0.1460589498281479,-0.7979934215545657,-0.02353522032499312,0.15435386300086978,0.6718015670776368,-0.24968324899673464,-0.06022515818476676,0.0,-0.06972570568323137,0.15970371812582024,-0.35217830538749695,-0.6082255721092226,-0.11274016499519356,-0.044701524078846,-0.2523565113544465,0.05377292186021808,-0.9722649335861209,-0.07135408744215968,0.0,0.0,0.0,0.004595848731696606,0.01977279596030712,0.010918507352471352,0.9997342824935913,0.004595848731696606,0.01977279596030712,0.010918507352471352,0.9997342824935913,0.006447116378694773,-0.09623809158802032,0.04131254553794861,0.9944797158241272,-0.0036789141595363617,-0.09665432572364807,0.04032906889915466,0.994493842124939,-0.008181056939065456,-0.09637545049190521,0.0868164598941803,0.9915179014205933,-0.02572447434067726,0.10799825936555862,0.08331915736198425,0.9903194308280945,-0.011100014671683311,-0.06291937083005905,0.0864909440279007,0.9942018985748291,0.0017630953807383776,-0.06179534271359444,0.08729974925518036,0.9942620396614075,0.0017630953807383776,-0.06179534271359444,0.08729974925518036,0.9942620396614075,0.005351287312805653,-0.1232532188296318,-0.028174791485071182,0.9919608235359192,-0.027821741998195648,-0.12224214524030685,-0.03228051960468292,0.9915850162506104,-0.025265127420425415,-0.1227983683347702,-0.05303243547677994,0.990691602230072,-0.013439001515507698,0.09018988907337189,-0.057181619107723236,0.9941908121109009,-0.02254864200949669,-0.0724971741437912,-0.05424053221940994,0.9956373572349548,0.02783195488154888,-0.07514750957489014,-0.05050521343946457,0.9955037236213684,0.02783195488154888,-0.07514750957489014,-0.05050521343946457,0.9955037236213684,0.004595848731696606,0.01977279596030712,0.010918507352471352,0.9997342824935913,0.004589194897562265,0.020507941022515297,0.010967878624796867,0.9997190237045288,0.09564756602048874,0.02142319083213806,0.009052742272615433,0.995143473148346,0.08670680224895477,0.06157290190458298,-0.246703639626503,0.9632383584976196,0.0017378125339746475,-0.2456999272108078,-0.2806260585784912,0.9278348684310913,0.01576155424118042,-0.24562077224254608,-0.30665916204452515,0.9194466471672058,0.01576155424118042,-0.24562077224254608,-0.30665916204452515,0.9194466471672058,0.004406167659908533,0.035354726016521454,0.010008402168750763,0.9993149042129517,-0.1421619951725006,0.03350314870476723,0.015085366554558277,0.9891611933708191,-0.1322733610868454,0.07526777684688568,0.21856413781642914,0.9638818502426147,-0.020588673651218414,-0.3566957116127014,0.28145867586135864,0.8905757665634155,0.007768589537590742,-0.3569812774658203,0.24086987972259521,0.902488648891449,0.007768589537590742,-0.3569812774658203,0.24086987972259521,0.902488648891449,0.004595848731696606,0.01977279596030712,0.010918507352471352,0.9997342824935913
-0.02206077612936497,0.0,0.810973584651947,0.005142028443515301,0.021622493863105774,0.012005820870399475,0.9996808767318726,-0.2628305643796921,-0.021072021499276162,0.085703107714653,0.43028939962387086,-0.3498451471328735,0.029327874258160594,-0.3187513887882233,-0.0669095516204834,-0.03725046291947365,0.4450671374797821,-0.33178357481956483,0.10034486651420593,0.0,-0.0006968156900256884,0.18873538076877594,-0.5308078646659851,-0.6661310315132141,-0.0662141665816307,0.02966068089008331,-0.3013757348060608,0.4217823088169098,-0.9474194288253784,-0.10443082898855209,0.0,-0.230113896727562,0.0,-0.059944867342710505,0.0553491972386837,0.1781453639268875,0.10687863677740098,-1.049164891242981,-0.03610894754528999,-0.3735811829566956,0.8907958865165712,-0.29059979617595677,0.165985044836998,-1.006568968296051,-0.006609677895903578,0.21186880171298983,0.8235459327697755,-0.2676218718290329,-0.04666779637336731,0.0,-0.0988361068069935,0.2752830371260644,-0.3623192012310028,-0.8343754529953005,-0.20585539340972905,-0.07005694881081583,-0.32831397950649266,0.08989691063761712,-1.22904349565506,-0.1140379570424557,0.0,0.0,0.0,0.005142028443515301,0.021622493863105774,0.012005820870399475,0.9996808767318726,0.005142028443515301,0.021622493863105774,0.012005820870399475,0.9996808767318726,0.007357827387750149,-0.10527116060256958,0.04515186697244644,0.993390679359436,-0.003108589444309473,-0.10574161261320114,0.044038813561201096,0.9934130907058716,-0.0076194992288947105,-0.1055104210972786,0.08655630797147751,0.9906147122383118,-0.025921035557985306,0.10840733349323273,0.0829334408044815,0.9903019666671753,-0.01109288539737463,-0.06559111922979355,0.08617927879095078,0.9940563440322876,0.003484450513496995,-0.06432058662176132,0.08713383972644806,0.9941118955612183,0.003484450513496995,-0.06432058662176132,0.08713383972644806,0.9941118955612183,0.00603137630969286,-0.131684809923172,-0.02999945729970932,0.9908193349838257,-0.027113445103168488,-0.13060767948627472,-0.03438737243413925,0.9904665946960449,-0.02468479610979557,-0.13109055161476135,-0.0528290830552578,0.9896540641784668,-0.012417502701282501,0.09056010842323303,-0.05697048455476761,0.9941825270652771,-0.02165461704134941,-0.07485447824001312,-0.05413908138871193,0.9954882860183716,0.0282977856695652,-0.07747546583414078,-0.05031733959913254,0.9953216314315796,0.0282977856695652,-0.07747546583414078,-0.05031733959913254,0.9953216314315796,0.005142028443515301,0.021622493863105774,0.012005820870399475,0.9996808767318726,0.005146192852407694,0.021275019273161888,0.01198189053684473,0.9996886849403381,0.09932160377502441,0.022310715168714523,0.009922693483531475,0.994755744934082,0.08983688801527023,0.06392203271389008,-0.2491961121559143,0.9621562361717224,0.00140474084764719,-0.25146642327308655,-0.2845190465450287,0.9251008629798889,0.016683148220181465,-0.2514122724533081,-0.31241631507873535,0.915920078754425,0.016683148220181465,-0.2514122724533081,-0.31241631507873535,0.915920078754425,0.004944054875522852,0.036420710384845734,0.01114953588694334,0.9992620944976807,-0.14511936902999878,0.034332193434238434,0.016491979360580444,0.9886807203292847,-0.13494783639907837,0.07688622176647186,0.220772385597229,0.9628795981407166,-0.018547512590885162,-0.36637192964553833,0.2855830192565918,0.885364294052124,0.01096815150231123,-0.36647263169288635,0.24432484805583954,0.897709846496582,0.01096815150231123,-0.36647263169288635,0.24432484805583954,0.897709846496582,0.005142028443515301,0.021622493863105774,0.012005820870399475,0.9996808767318726
-0.027191798761487005,0.0,0.8091042876243592,0.005688544362783432,0.02433651313185692,0.01346692256629467,0.9995970129966736,-0.2910646259784698,-0.021604102104902267,0.07614561170339584,0.45573381781578065,-0.35887139439582827,0.03340321220457554,-0.34533751010894775,-0.06623859107494354,-0.030856966227293017,0.46778072118759156,-0.340554279088974,0.09843339025974274,0.0,-0.0043758328538388,0.19793404638767242,-0.5408724665641784,-0.6855690360069275,-0.07048376202583313,0.027175822481513023,-0.30991123914718627,0.4249115526676178,-0.9773427963256835,-0.1072716936469078,0.0,-0.2544891476631165,0.0,-0.082099911570549,0.05464558973908425,0.23688621819019315,0.13124889731407163,-1.2985174894332885,-0.030112925171852115,-0.4448488593101501,1.1483163595199584,-0.3946228444576263,0.1913109630346298,-1.2280212402343749,0.01974168276647105,0.28422107100486754,1.0310584068298339,-0.37256169319152826,-0.07420375570654868,0.0,-0.15378633886575696,0.4014837563037872,-0.4482178270816803,-0.9470436215400696,-0.22284537553787231,-0.10594924837350844,-0.3975183665752411,0.134652604162693,-1.4235554933547974,-0.1365323007106781,0.0,0.0,0.0,0.005688544362783432,0.02433651313185692,0.01346692256629467,0.9995970129966736,0.005688544362783432,0.02433651313185692,0.01346692256629467,0.9995970129966736,0.008451847359538078,-0.11615756154060364,0.05003673955798149,0.9919336438179016,-0.002263107802718878,-0.11669203639030457,0.04877733811736107,0.9919671416282654,-0.0066618649289011955,-0.11651736497879028,0.08650475740432739,0.9893919229507446,-0.02603105828166008,0.10999827086925507,0.08276481926441193,0.9901376962661743,-0.010841801762580872,-0.06848199665546417,0.08608148247003555,0.9938725233078003,0.005757898557931185,-0.06703474372625351,0.08721759170293808,0.9939147233963013,0.005757898557931185,-0.06703474372625351,0.08721759170293808,0.9939147233963013,0.006762974429875612,-0.1416613906621933,-0.032134152948856354,0.9893703460693359,-0.026002544909715652,-0.14052057266235352,-0.036803800612688065,0.9890518188476562,-0.02385721355676651,-0.14090752601623535,-0.052061960101127625,0.9883650541305542,-0.011151071637868881,0.0919969230890274,-0.05616287514567375,0.9941116571426392,-0.020503800362348557,-0.0777914747595787,-0.053466059267520905,0.995323896408081,0.02848796173930168,-0.08032844960689545,-0.04957675188779831,0.9951272010803223,0.02848796173930168,-0.08032844960689545,-0.04957675188779831,0.9951272010803223,0.005688544362783432,0.02433651313185692,0.01346692256629467,0.9995970129966736,0.005716701969504356,0.02215460315346718,0.013316275551915169,0.9996495842933655,0.1044594943523407,0.02336691878736019,0.011058303527534008,0.9941931366920471,0.09423622488975525,0.067069411277771,-0.25266358256340027,0.9606156349182129,0.0016658196691423655,-0.25683432817459106,-0.2898053228855133,0.9219796657562256,0.01810149848461151,-0.256802499294281,-0.31933802366256714,0.9120022058486938,0.01810149848461151,-0.256802499294281,-0.31933802366256714,0.9120022058486938,0.005486432462930679,0.03789433091878891,0.012689435854554176,0.9991861581802368,-0.14878970384597778,0.03547568619251251,0.018390122801065445,0.9880611896514893,-0.13822007179260254,0.07907681167125702,0.22393812239170074,0.9615060091018677,-0.015966927632689476,-0.3768659234046936,0.29093730449676514,0.8792455196380615,0.01484789326786995,-0.37671959400177,0.24897480010986328,0.8921173810958862,0.01484789326786995,-0.37671959400177,0.24897480010986328,0.8921173810958862,0.005688544362783432,0.02433651313185692,0.01346692256629467,0.9995970129966736
-0.03237437084317207,0.0,0.8069508671760559,0.006235173903405666,0.02748245559632778,0.01511478703469038,0.9994885325431824,-0.3221283257007599,-0.022048460319638252,0.0657624676823616,0.48427584767341614,-0.36931487917900085,0.03778994828462601,-0.3744557499885559,-0.06522247195243835,-0.023577125743031502,0.4931098222732544,-0.35097432136535645,0.09598766267299652,0.0,-0.00880896276794374,0.20859394967556,-0.5523123741149902,-0.7056284546852112,-0.07451921701431274,0.02423362247645855,-0.31917816400527954,0.42858603596687317,-1.009081482887268,-0.1102503314614296,0.0,-0.259128600358963,0.0,-0.10767101496458054,0.054476458579301834,0.31453076004981995,0.16532574594020844,-1.5531848669052124,-0.02221790887415409,-0.5191571712493896,1.4271013736724854,-0.5221742391586304,0.21933679282665253,-1.4559118747711182,0.05080595245817676,0.36399200558662415,1.2664549350738525,-0.5210021138191223,-0.12228637561202049,0.0,-0.22165648639202118,0.5329951643943787,-0.5719953179359436,-1.0029709339141846,-0.20177273452281952,-0.1471099853515625,-0.4633462131023407,0.18372415006160736,-1.586934208869934,-0.14893187582492828,0.0,0.0,0.0,0.006235173903405666,0.02748245559632778,0.01511478703469038,0.9994885325431824,0.006235173903405666,0.02748245559632778,0.01511478703469038,0.9994885325431824,0.009636517614126205,-0.1279570758342743,0.055438533425331116,0.9901821613311768,-0.001279842690564692,-0.12856045365333557,0.05402456596493721,0.9902282357215881,-0.005505615845322609,-0.12844888865947723,0.08654942363500595,0.987916886806488,-0.02609771303832531,0.1121797263622284,0.08270443230867386,0.9898962378501892,-0.010468686930835247,-0.07148207724094391,0.08609019219875336,0.9936645030975342,0.008307330310344696,-0.06984274089336395,0.08742539584636688,0.9936849474906921,0.008307330310344696,-0.06984274089336395,0.08742539584636688,0.9936849474906921,0.007519767619669437,-0.1523990035057068,-0.034421272575855255,0.987690806388855,-0.024688340723514557,-0.15119564533233643,-0.03937200829386711,0.987410843372345,-0.0229042861610651,-0.1514761745929718,-0.0510091595351696,0.9868780970573425,-0.009762112982571125,0.0939665362238884,-0.05505671352148056,0.9940038919448853,-0.019224414601922035,-0.0810176283121109,-0.052506785839796066,0.9951429963111877,0.028540113940835,-0.08344337344169617,-0.04855947196483612,0.9949194192886353,0.028540113940835,-0.08344337344169617,-0.04855947196483612,0.9949194192886353,0.006235173903405666,0.02748245559632778,0.01511478703469038,0.9994885325431824,0.006293954327702522,0.023090386763215065,0.014810813590884209,0.9996038675308228,0.11032649874687195,0.024506837129592896,0.0123264379799366,0.993516743183136,0.09926638752222061,0.07061320543289185,-0.25660842657089233,0.958807647228241,0.0022238946985453367,-0.2619917392730713,-0.2957756519317627,0.9186251163482666,0.019767094403505325,-0.26197677850723267,-0.32682281732559204,0.9078349471092224,0.019767094403505325,-0.26197677850723267,-0.32682281732559204,0.9078349471092224,0.00603103032335639,0.039571601897478104,0.014428661204874516,0.9990943670272827,-0.15281420946121216,0.0367758572101593,0.020533734932541847,0.987356960773468,-0.14178787171840668,0.08155157417058945,0.22757726907730103,0.959924042224884,-0.013114841654896736,-0.38772115111351013,0.29686999320983887,0.8725643157958984,0.019065706059336662,-0.3872995972633362,0.2541927695274353,0.8860144019126892,0.019065706059336662,-0.3872995972633362,0.2541927695274353,0.8860144019126892,0.006235173903405666,0.02748245559632778,0.01511478703469038,0.9994885325431824
-0.039074084162712096,0.0,0.8035581231117248,0.006482954602688551,0.03246451914310455,0.01767893135547638,0.9992954730987549,-0.3642254889011383,-0.024349434673786162,0.05121527239680291,0.5204772114753723,-0.38273981809616087,0.044496018439531326,-0.4155274868011474,-0.06328728049993515,-0.012171655520796779,0.5275193095207215,-0.3641323626041412,0.09322671294212341,0.0,-0.014898594468832014,0.22587153315544128,-0.5663640379905701,-0.7350493907928467,-0.08157283216714858,0.020359531417489054,-0.3306159257888794,0.43132179975509644,-1.0406565904617309,-0.11830687820911408,0.0,-0.30464282631874084,0.0,-0.14485071897506713,0.036432097479701046,0.42416852116584775,0.22153137326240538,-1.8841888427734375,-0.07791639305651185,-0.6440786957740783,1.6568814277648924,-0.6116178274154662,0.28891680836677547,-1.8145167827606201,0.07837812006473541,0.4877608776092529,1.5388665199279785,-0.6031420469284058,-0.13174304068088533,0.0,-0.2713515341281891,0.7315255522727966,-0.6503480076789856,-1.2838163852691649,-0.29231753945350647,-0.17506672143936156,-0.528471302986145,0.15556257367134096,-1.5820268392562866,-0.30126915276050564,0.0,0.0,0.0,0.006482954602688551,0.03246451914310455,0.01767893135547638,0.9992954730987549,0.006482954602688551,0.03246451914310455,0.01767893135547638,0.9992954730987549,0.011040928773581982,-0.14319203794002533,0.06307946890592575,0.9876209497451782,-0.0009815582307055593,-0.14395493268966675,0.06131970137357712,0.9876821041107178,-0.004592422395944595,-0.14387807250022888,0.08659979701042175,0.9857882857322693,-0.026719171553850174,0.11462084949016571,0.08249717950820923,0.9896173477172852,-0.010540378279983997,-0.07570073753595352,0.08607518672943115,0.9933525323867798,0.011559804901480675,-0.07376691699028015,0.08774729073047638,0.9933404922485352,0.011559804901480675,-0.07376691699028015,0.08774729073047638,0.9933404922485352,0.008147377520799637,-0.16698884963989258,-0.037349388003349304,0.9852174520492554,-0.023029014468193054,-0.16572585701942444,-0.04260462522506714,0.9849820137023926,-0.022074833512306213,-0.1658671796321869,-0.04860715568065643,0.9847021102905273,-0.00866660289466381,0.09659431874752045,-0.0526704303920269,0.9938914775848389,-0.018050329759716988,-0.0849587693810463,-0.05023670941591263,0.9949535131454468,0.02833079919219017,-0.08720947057008743,-0.04622682183980942,0.9947134852409363,0.02833079919219017,-0.08720947057008743,-0.04622682183980942,0.9947134852409363,0.006482954602688551,0.03246451914310455,0.01767893135547638,0.9992954730987549,0.0066035110503435135,0.025037474930286407,0.0171621385961771,0.9995173811912537,0.1192023828625679,0.02682432532310486,0.014218557626008987,0.9924056529998779,0.10670158267021179,0.07644727826118469,-0.26099178194999695,0.9563754796981812,0.0032546469010412693,-0.2689221501350403,-0.3033621311187744,0.9141343832015991,0.022726740688085556,-0.2689245641231537,-0.3370687961578369,0.9019687175750732,0.022726740688085556,-0.2689245641231537,-0.3370687961578369,0.9019687175750732,0.0062859319150447845,0.04261937364935875,0.01710473746061325,0.9989252090454102,-0.1581783890724182,0.0392116904258728,0.02389461174607277,0.9863423109054565,-0.14645826816558838,0.08534343540668488,0.23186850547790527,0.9578640460968018,-0.010593446902930737,-0.3969501256942749,0.30387595295906067,0.8660126328468323,0.02442808263003826,-0.39615803956985474,0.2585386335849762,0.8806928396224976,0.02442808263003826,-0.39615803956985474,0.2585386335849762,0.8806928396224976,0.006482954602688551,0.03246451914310455,0.01767893135547638,0.9992954730987549
-0.04569313451647758,0.0,0.7996392369270324,0.006442036479711533,0.03796277940273285,0.0206716600805521,0.9990445375442505,-0.40874090194702145,-0.027112002670764922,0.035786983370780956,0.55876305103302,-0.3956835865974426,0.051798900961875914,-0.4588215589523315,-0.06093812733888626,-0.0004930516704917025,0.5639562964439392,-0.3784319996833801,0.08962984383106232,0.0,-0.022303257137536996,0.24446281790733337,-0.5801607131958008,-0.7656814575195312,-0.08824716359376907,0.015339142456650738,-0.3440609693527222,0.4348881244659424,-1.0744256973266602,-0.12468382716178894,0.0,-0.3325657546520233,0.0,-0.18542145192623136,0.007437838986516027,0.5278173089027405,0.28558493256568906,-2.1774056434631346,-0.12889652252197265,-0.7537925243377686,1.8726024150848388,-0.6568117737770081,0.3532078564167022,-2.120256757736206,0.10917841494083402,0.5784675002098083,1.7812992572784423,-0.6921498775482178,-0.163125067949295,0.0,-0.3439324975013732,0.9032901763916015,-0.6949334740638733,-1.5073806047439575,-0.341302227973938,-0.22809348106384272,-0.6321064829826354,0.1617050170898437,-1.6445752382278442,-0.3524393916130067,0.0,0.0,0.0,0.006442036479711533,0.03796277940273285,0.0206716600805521,0.9990445375442505,0.006442036479711533,0.03796277940273285,0.0206716600805521,0.9990445375442505,0.01241310965269804,-0.15901386737823486,0.07144804298877716,0.9846094250679016,-0.0009320396929979324,-0.15997542440891266,0.06927178800106049,0.9846870303153992,-0.0037280290853232145,-0.15992984175682068,0.08689038455486298,0.9832896590232849,-0.027549054473638535,0.11742383986711502,0.08248437941074371,0.9892669916152954,-0.010797299444675446,-0.07931061089038849,0.08629243820905685,0.9930492043495178,0.014922397211194038,-0.07704780995845795,0.0883217379450798,0.9929957389831543,0.014922397211194038,-0.07704780995845795,0.0883217379450798,0.9929957389831543,0.008601333014667034,-0.1820979118347168,-0.04008448123931885,0.982425332069397,-0.021333862096071243,-0.18079428374767303,-0.04560200870037079,0.9822314381599426,-0.021333076059818268,-0.1808025985956192,-0.045852310955524445,0.982218325138092,-0.007761953864246607,0.09964769333600998,-0.04997432976961136,0.9937366843223572,-0.017011171206831932,-0.0890423133969307,-0.04762599617242813,0.9947431087493896,0.027570592239499092,-0.09109048545360565,-0.04359397664666176,0.9945058822631836,0.027570592239499092,-0.09109048545360565,-0.04359397664666176,0.9945058822631836,0.006442036479711533,0.03796277940273285,0.0206716600805521,0.9990445375442505,0.006652689538896084,0.026846246793866158,0.019900133833289146,0.9994193315505981,0.1284589320421219,0.029087761417031288,0.016469083726406097,0.9911512732505798,0.11447654664516449,0.08237294107675552,-0.26484447717666626,0.9539219737052917,0.004501540679484606,-0.2762559652328491,-0.3106769621372223,0.9094735383987427,0.025849152356386185,-0.2762555181980133,-0.34684059023857117,0.8959442973136902,0.025849152356386185,-0.2762555181980133,-0.34684059023857117,0.8959442973136902,0.006272179074585438,0.045612022280693054,0.02024003118276596,0.9987344145774841,-0.1647862046957016,0.0414566770195961,0.027757640928030014,0.9850666522979736,-0.1523526906967163,0.08931446075439453,0.23696285486221313,0.9553325772285461,-0.008242015726864338,-0.4065932631492615,0.3122333288192749,0.8585594892501831,0.029163405299186707,-0.40543073415756226,0.26496851444244385,0.8743952512741089,0.029163405299186707,-0.40543073415756226,0.26496851444244385,0.8743952512741089,0.006442036479711533,0.03796277940273285,0.0206716600805521,0.9990445375442505
-0.052150858938694006,0.0,0.7946680665016175,0.005823816638439894,0.04449359327554703,0.024521639570593834,0.9986916780471802,-0.4580928146839142,-0.03079775795340538,0.018596506863832463,0.6012178421020508,-0.4076650142669678,0.06029540821909905,-0.5065603017807007,-0.057761050760746,0.011731822229921824,0.6044482827186585,-0.39501482844352725,0.08436113595962524,0.0,-0.032337982207536704,0.26568150520324707,-0.5934474110603333,-0.798735785484314,-0.09416292756795884,0.008026157692074772,-0.36152057647705077,0.4401155710220337,-1.112582802772522,-0.12770158052444458,0.0,-0.32530608773231506,0.0,-0.23277424275875094,-0.04345621429383757,0.6194881498813629,0.36533435583114626,-2.3950480937957765,-0.17043994814157487,-0.8330909609794617,2.0602052688598635,-0.6135064363479614,0.4069209694862366,-2.32026686668396,0.14643496423959734,0.6030496239662171,1.9637742996215821,-0.7948935031890869,-0.23835781216621404,0.0,-0.46228529214859015,1.0215232729911805,-0.6719844937324524,-1.616382360458374,-0.30716668367385863,-0.33126028776168825,-0.8127618432044984,0.23645550012588507,-1.842035174369812,-0.20127559900283803,0.0,0.0,0.0,0.005823816638439894,0.04449359327554703,0.024521639570593834,0.9986916780471802,0.005823816638439894,0.04449359327554703,0.024521639570593834,0.9986916780471802,0.013722855597734451,-0.17603637278079987,0.08128321170806885,0.9809260964393616,-0.001380280707962811,-0.17727473378181458,0.07854876667261124,0.9810208678245544,-0.002962402068078518,-0.17725053429603577,0.08767854422330856,0.9802477955818176,-0.028795801103115082,0.12095069885253906,0.08286059647798538,0.9887748956680298,-0.011424941010773182,-0.08170478045940399,0.08697639405727386,0.9927884340286255,0.018505524843931198,-0.0790443867444992,0.08940406143665314,0.9926815629005432,0.018505524843931198,-0.0790443867444992,0.08940406143665314,0.9926815629005432,0.008709450252354145,-0.1982738971710205,-0.04244009777903557,0.9791886806488037,-0.019572049379348755,-0.1969677358865738,-0.04813650622963905,0.9790318608283997,-0.020770851522684097,-0.19685246050357819,-0.04240120202302933,0.9792956113815308,-0.007239092141389847,0.1035526692867279,-0.046658940613269806,0.9935026168823242,-0.016242191195487976,-0.09341195970773697,-0.04433493688702583,0.9945072531700134,0.025708980858325958,-0.09520232677459717,-0.04036138951778412,0.9943070411682129,0.025708980858325958,-0.09520232677459717,-0.04036138951778412,0.9943070411682129,0.005823816638439894,0.04449359327554703,0.024521639570593834,0.9986916780471802,0.006181151606142521,0.028378507122397423,0.023411531001329422,0.9993038773536682,0.13848428428173065,0.031244758516550064,0.01943717524409294,0.9896807670593262,0.1229417696595192,0.08848939090967178,-0.2676638066768646,0.9515308141708374,0.006180927157402039,-0.284427285194397,-0.31748324632644653,0.9045813083648682,0.029300948604941368,-0.2844043970108032,-0.3557286262512207,0.8897823691368103,0.029300948604941368,-0.2844043970108032,-0.3557286262512207,0.8897823691368103,0.005721189081668854,0.04849483072757721,0.024293875321745872,0.998511552810669,-0.1738811731338501,0.043319880962371826,0.03262465074658394,0.9832722544670105,-0.16069453954696655,0.0936434268951416,0.24366313219070435,0.9518594741821289,-0.0062321689911186695,-0.4170984625816345,0.32331883907318115,0.8493850827217102,0.03264487907290459,-0.4155538082122803,0.2755805253982544,0.8662013411521912,0.03264487907290459,-0.4155538082122803,0.2755805253982544,0.8662013411521912,0.005823816638439894,0.04449359327554703,0.024521639570593834,0.9986916780471802
-0.05926512554287912,0.0,0.7880342841148377,0.004801356699317694,0.05156448483467102,0.02862776443362236,0.9982477426528931,-0.5143718004226685,-0.03698763102293016,-0.001331773400306737,0.6515732526779175,-0.41353384256362913,0.06826517581939699,-0.5624625444412232,-0.0532589241862297,0.02640879452228549,0.6541998505592347,-0.40988147258758545,0.08001971542835234,0.0,-0.046832873672246964,0.2893941700458527,-0.6053670644760132,-0.8375738143920899,-0.10383995026350024,0.0011713615618646036,-0.38188464641571046,0.4462716817855835,-1.147377109527588,-0.12668048441410065,0.0,-0.34258247017860416,0.0,-0.2984368592500688,-0.08472808599472052,0.6819385409355164,0.40871478915214543,-2.6754076957702644,-0.259411281347275,-0.941657876968384,2.359758043289185,-0.4156933665275569,0.40902314782142635,-2.631841897964478,0.19860531389713298,0.6848066449165346,2.3023867130279547,-0.7776558399200438,-0.23561676740646356,0.0,-0.6355412125587466,1.135753631591797,-0.6233235239982604,-1.8262273550033574,-0.408625936508179,-0.3519035458564758,-0.9601142048835757,0.2892322421073914,-1.806971192359924,-0.029722186923026736,0.0,0.0,0.0,0.004801356699317694,0.05156448483467102,0.02862776443362236,0.9982477426528931,0.004801356699317694,0.05156448483467102,0.02862776443362236,0.9982477426528931,0.015191422775387764,-0.19570818543434143,0.09221157431602478,0.9761989712715149,-0.00285050505772233,-0.19740647077560425,0.08852365612983704,0.9763126373291016,-0.0025660418905317783,-0.19740670919418335,0.0879046618938446,0.9763692617416382,-0.030553221702575684,0.12546850740909576,0.08243083953857422,0.9881949424743652,-0.012979958206415176,-0.08007723093032837,0.08694911748170853,0.9929044246673584,0.02091227099299431,-0.07706433534622192,0.08962147682905197,0.9927698373794556,0.02091227099299431,-0.07706433534622192,0.08962147682905197,0.9927698373794556,0.008630812168121338,-0.21773025393486023,-0.045481495559215546,0.97491055727005,-0.01733899489045143,-0.2164488434791565,-0.051226623356342316,0.974794864654541,-0.02030707523226738,-0.21620741486549377,-0.038375649601221085,0.97538161277771,-0.006974120624363422,0.10864757746458054,-0.04286720231175423,0.993131160736084,-0.015533337369561195,-0.09573815762996674,-0.040554229170084,0.994458794593811,0.024256572127342224,-0.09728879481554031,-0.0366937518119812,0.9942836761474609,0.024256572127342224,-0.09728879481554031,-0.0366937518119812,0.9942836761474609,0.004801356699317694,0.05156448483467102,0.02862776443362236,0.9982477426528931,0.00541412690654397,0.02823042869567871,0.02704533189535141,0.9992208480834961,0.14943711459636688,0.03186648339033127,0.02269553579390049,0.9879969954490662,0.1327238380908966,0.09340938925743103,-0.2694531977176666,0.9492387175559998,0.008380303159356117,-0.2961805462837219,-0.3242647349834442,0.898364782333374,0.034454040229320526,-0.29609060287475586,-0.36591506004333496,0.881617546081543,0.034454040229320526,-0.29609060287475586,-0.36591506004333496,0.881617546081543,0.0047930022701621056,0.05214860290288925,0.028596028685569763,0.9982184171676636,-0.18473786115646362,0.045736975967884064,0.0379963293671608,0.9809874296188354,-0.17057615518569946,0.09905834496021271,0.25113391876220703,0.9476407766342163,-0.0051233647391200066,-0.4246132969856262,0.3357866406440735,0.8407880663871765,0.033826395869255066,-0.4228169322013855,0.2890276610851288,0.8582217693328857,0.033826395869255066,-0.4228169322013855,0.2890276610851288,0.8582217693328857,0.004801356699317694,0.05156448483467102,0.02862776443362236,0.9982477426528931
-0.06670766323804855,0.0,0.7805691957473755,0.003576605347916484,0.05890301987528801,0.03286063298583031,0.9977163076400757,-0.5741143226623535,-0.044429562985897064,-0.02262895554304123,0.7058789730072021,-0.41634637117385864,0.0759715735912323,-0.6224465370178223,-0.04809427261352539,0.04231181740760803,0.7085812091827393,-0.42389002442359924,0.07614193856716156,0.0,-0.06355784833431244,0.3143538236618042,-0.6166031956672668,-0.8793036937713623,-0.11539760231971741,-0.005454339552670717,-0.40370094776153564,0.45289212465286255,-1.1804900169372559,-0.12363996356725693,0.0,-0.37212687730789185,0.0,-0.3732543885707855,-0.12118886411190033,0.7297787070274353,0.4339107275009155,-2.987125873565674,-0.37209656834602356,-1.0648590326309204,2.7152857780456543,-0.1406264305114746,0.38531985878944397,-2.999199390411377,0.25823256373405457,0.7951511144638062,2.7190678119659424,-0.7004275321960449,-0.1938888281583786,0.0,-0.8362486958503723,1.2479826211929321,-0.5618065595626831,-2.086493968963623,-0.5778825879096985,-0.3312850296497345,-1.0908150672912598,0.33102211356163025,-1.6556452512741089,0.1520260125398636,0.0,0.0,0.0,0.003576605347916484,0.05890301987528801,0.03286063298583031,0.9977163076400757,0.003576605347916484,0.05890301987528801,0.03286063298583031,0.9977163076400757,0.01673349365592003,-0.21662834286689758,0.10365020483732224,0.9705919623374939,-0.00483035109937191,-0.21887727081775665,0.09881267696619034,0.9707242250442505,-0.0023536125663667917,-0.21891790628433228,0.08782334625720978,0.9717800617218018,-0.032565344125032425,0.13047918677330017,0.08159643411636353,0.9875508546829224,-0.01499849185347557,-0.0764378160238266,0.08656514436006546,0.9931962490081787,0.022730596363544464,-0.07309522479772568,0.08940555155277252,0.9930493831634521,0.022730596363544464,-0.07309522479772568,0.08940555155277252,0.9930493831634521,0.008456157520413399,-0.23875680565834045,-0.048851337283849716,0.9698129892349243,-0.014865264296531677,-0.23751315474510193,-0.05457808077335358,0.9697359204292297,-0.01988636888563633,-0.2371455430984497,-0.03405174985527992,0.9706735014915466,-0.006837875582277775,0.11433390527963638,-0.038835976272821426,0.9926594495773315,-0.014854473993182182,-0.09704208374023438,-0.036528538912534714,0.9944987893104553,0.02300867810845375,-0.09836211055517197,-0.03280847519636154,0.9943435788154602,0.02300867810845375,-0.09836211055517197,-0.03280847519636154,0.9943435788154602,0.003576605347916484,0.05890301987528801,0.03286063298583031,0.9977163076400757,0.004499322269111872,0.027241956442594528,0.03074009157717228,0.9991459846496582,0.1608407199382782,0.03171791136264801,0.02609696425497532,0.9861253499984741,0.1431542932987213,0.09772419929504395,-0.270708292722702,0.9469286203384399,0.01083790697157383,-0.30966776609420776,-0.33097198605537415,0.8913170099258423,0.04044738784432411,-0.3094600737094879,-0.37664565443992615,0.8722020983695984,0.04044738784432411,-0.3094600737094879,-0.37664565443992615,0.8722020983695984,0.003676118329167366,0.05618662014603615,0.03302162513136864,0.9978672862052917,-0.1964535266160965,0.04842561483383179,0.043615635484457016,0.9783448576927185,-0.18120217323303223,0.10500144213438034,0.2589530050754547,0.9429123997688293,-0.0044646249152719975,-0.43057870864868164,0.3489015996456146,0.8323759436607361,0.03385213762521744,-0.42857882380485535,0.3038424253463745,0.8502082228660583,0.03385213762521744,-0.42857882380485535,0.3038424253463745,0.8502082228660583,0.003576605347916484,0.05890301987528801,0.03286063298583031,0.9977163076400757
-0.07374224811792374,0.0,0.7704968929290772,0.0017671859823167324,0.06923714280128479,0.037786614149808884,0.9968827962875366,-0.6433579802513123,-0.057697485387325304,-0.04554280526936057,0.7661600470542909,-0.4181467592716217,0.08250630646944046,-0.6936856150627138,-0.03986202552914619,0.06402777284383776,0.7733731508255006,-0.4362986743450165,0.0728019803762436,0.0,-0.08578088432550432,0.34795521497726445,-0.6261650562286377,-0.9257841944694519,-0.12170936763286591,-0.018208505399525177,-0.4325166165828705,0.4572554349899292,-1.2200051069259643,-0.1179924875497818,0.0,-0.35988827943801877,0.0,-0.4514708399772645,-0.15958224534988408,0.9088777065277102,0.47871087789535527,-3.272160005569458,-0.5468762636184694,-1.113359022140503,2.894546461105347,-0.11026221066713329,0.35016992092132565,-3.336852025985718,0.35026042461395274,0.9695390462875368,3.0313852310180667,-0.6524304747581482,-0.17775426805019376,0.0,-1.001190495491028,1.5072347164154056,-0.5115784227848053,-2.2290125370025637,-0.42050597667694073,-0.5151389598846438,-1.3007960557937623,0.2633081465959548,-1.847710728645325,0.23023468255996712,0.0,0.0,0.0,0.0017671859823167324,0.06923714280128479,0.037786614149808884,0.9968827962875366,0.0017671859823167324,0.06923714280128479,0.037786614149808884,0.9968827962875366,0.019053807482123375,-0.23889121413230896,0.11685603857040405,0.9638012051582336,-0.008723672479391098,-0.2422148883342743,0.10981545597314835,0.9639483690261841,-0.003027660772204399,-0.24235445261001587,0.08788233995437622,0.9661945104598999,-0.03563551604747772,0.1363557130098343,0.08032916486263275,0.9867545366287231,-0.01818719506263733,-0.07141799479722977,0.08597781509160995,0.993567705154419,0.02280537411570549,-0.06781269609928131,0.0888386219739914,0.99347323179245,0.02280537411570549,-0.06781269609928131,0.0888386219739914,0.99347323179245,0.008036443963646889,-0.26205843687057495,-0.052730992436409,0.9635767936706543,-0.011186688207089901,-0.26096728444099426,-0.05787968635559082,0.9635460376739502,-0.019703537225723267,-0.26048800349235535,-0.02705320715904236,0.9648969173431396,-0.008184063248336315,0.12263298779726028,-0.032521795481443405,0.9918853044509888,-0.015001350082457066,-0.09494128823280334,-0.029978953301906586,0.9949182271957397,0.02121613919734955,-0.0959765762090683,-0.026501281186938286,0.9948045015335083,0.02121613919734955,-0.0959765762090683,-0.026501281186938286,0.9948045015335083,0.0017671859823167324,0.06923714280128479,0.037786614149808884,0.9968827962875366,0.0032280082814395428,0.02651933580636978,0.03500185161828995,0.9990301132202148,0.17611098289489746,0.032225772738456726,0.029882272705435753,0.9833889007568359,0.15704703330993652,0.10385832190513611,-0.2704312801361084,0.944148600101471,0.015841133892536163,-0.32304319739341736,-0.3384522795677185,0.8836526870727539,0.04780402034521103,-0.32259953022003174,-0.3859129846096039,0.8629690408706665,0.04780402034521103,-0.32259953022003174,-0.3859129846096039,0.8629690408706665,0.0021736423950642347,0.06017672270536423,0.038344502449035645,0.9974485635757446,-0.21190229058265686,0.050489895045757294,0.05039120838046074,0.974683940410614,-0.19567933678627014,0.11099964380264282,0.2665255665779114,0.9372048377990723,-0.005280422046780586,-0.4381575286388397,0.36427590250968933,0.8217623233795166,0.03163614869117737,-0.43610405921936035,0.3219716548919678,0.8397301435470581,0.03163614869117737,-0.43610405921936035,0.3219716548919678,0.8397301435470581,0.0017671859823167324,0.06923714280128479,0.037786614149808884,0.9968827962875366
-0.08066283017396929,0.0,0.7597148418426514,0.00027018191758543253,0.07929753512144089,0.04248497262597084,0.9959452748298645,-0.7126307845115664,-0.07308970242738728,-0.06882597208023077,0.828325140476227,-0.4217220485210419,0.0891940087080002,-0.7651596784591677,-0.03145246803760526,0.08634163588285451,0.8415179848670962,-0.4496374607086182,0.06922065168619156,0.0,-0.1119324058294297,0.38318190574646005,-0.6374162793159485,-0.9722408294677736,-0.13171177208423618,-0.03358481787145142,-0.4626076579093934,0.46425087451934816,-1.2545377016067505,-0.10934643894433972,0.0,-0.34830912947654724,0.0,-0.5249075770378114,-0.16685471683740605,1.013112199306488,0.49376453161239614,-3.4630571365356446,-0.7271249055862431,-1.1567719697952272,3.0705741405487066,-0.1432664260268215,0.33132570981979376,-3.5690033435821533,0.41693164110183717,1.1037348985671998,3.340183639526368,-0.6483365297317507,-0.1742390096187592,0.0,-1.2290062665939339,1.7288284301757815,-0.5287738680839542,-2.3233089447021484,-0.426307404041291,-0.7163726329803473,-1.479044556617737,0.2971293658018117,-1.8262795209884635,0.3723309636116034,0.0,0.0,0.0,0.00027018191758543253,0.07929753512144089,0.04248497262597084,0.9959452748298645,0.00027018191758543253,0.07929753512144089,0.04248497262597084,0.9959452748298645,0.021823536604642868,-0.2612810730934143,0.12960951030254364,0.9562726020812988,-0.013094723224639893,-0.2658856511116028,0.11987290531396866,0.9564329385757446,-0.003806697204709053,-0.26618751883506775,0.08693212270736694,0.959985613822937,-0.038408879190683365,0.14264260232448578,0.0780261978507042,0.9859461188316345,-0.021232908591628075,-0.066877581179142,0.08434091508388519,0.9939634799957275,0.023102156817913055,-0.06305676698684692,0.08723294734954834,0.9939218163490295,0.023102156817913055,-0.06305676698684692,0.08723294734954834,0.9939218163490295,0.007936912588775158,-0.2855410575866699,-0.05691341683268547,0.9566422700881958,-0.007122789975255728,-0.28462111949920654,-0.06135012209415436,0.9566484689712524,-0.019526682794094086,-0.2840590476989746,-0.020044969394803047,0.9583984017372131,-0.009738578461110592,0.13217967748641968,-0.026308758184313774,0.9908287525177002,-0.015336600132286549,-0.09203226864337921,-0.02347288280725479,0.9953612089157104,0.01911497674882412,-0.09279505908489227,-0.02026992291212082,0.9952952861785889,0.01911497674882412,-0.09279505908489227,-0.02026992291212082,0.9952952861785889,0.00027018191758543253,0.07929753512144089,0.04248497262597084,0.9959452748298645,0.0023907392751425505,0.023575013503432274,0.03890736401081085,0.9989619255065918,0.19256991147994995,0.030591540038585663,0.03376274183392525,0.9802249670028687,0.17263567447662354,0.10862241685390472,-0.27066874504089355,0.9408168196678162,0.021937575191259384,-0.337165892124176,-0.3474118113517761,0.8747244477272034,0.05735114589333534,-0.3363743722438812,-0.3978778123855591,0.8516198396682739,0.05735114589333534,-0.3363743722438812,-0.3978778123855591,0.8516198396682739,0.0010879430919885635,0.06259670853614807,0.043525923043489456,0.9970887303352356,-0.22751978039741516,0.0509183444082737,0.05670371651649475,0.9707866907119751,-0.21054671704769135,0.1158570796251297,0.2747679352760315,0.9309940338134766,-0.006638052873313427,-0.44419360160827637,0.3803161680698395,0.811176598072052,0.027833353728055954,-0.442195862531662,0.3417659401893616,0.828784704208374,0.027833353728055954,-0.442195862531662,0.3417659401893616,0.828784704208374,0.00027018191758543253,0.07929753512144089,0.04248497262597084,0.9959452748298645
-0.08735540658235551,0.0,0.7475132942199707,-0.0006015538237988949,0.08881981670856476,0.04673328995704651,0.9949505925178528,-0.7819618821144104,-0.09273050874471665,-0.09284778237342836,0.8942582726478577,-0.4288471400737762,0.09618764966726304,-0.8371037125587464,-0.022688289731740946,0.10985131412744523,0.9163686037063599,-0.46483651995658876,0.0651565819978714,0.0,-0.1459408983588219,0.42165919542312624,-0.6520462274551392,-1.018649733066559,-0.1490954548120499,-0.05420542173087598,-0.49524944424629214,0.47651057243347167,-1.279105305671692,-0.09470324516296386,0.0,-0.33804887533187866,0.0,-0.5887848854064942,-0.1118853688240051,0.9676176786422729,0.4493251919746399,-3.4656802654266357,-0.9183114409446718,-1.1900108337402344,3.2401358127593993,-0.3030075117945672,0.3450929522514343,-3.5901520252227783,0.43288956880569457,1.157546591758728,3.6419440269470216,-0.7320488095283508,-0.1959623545408249,0.0,-1.582569980621338,1.875105381011963,-0.6808164775371552,-2.3211610317230225,-0.7584649085998537,-0.952365791797638,-1.5938280820846558,0.5340209573507311,-1.3778549432754514,0.6422024965286257,0.0,0.0,0.0,-0.0006015538237988949,0.08881981670856476,0.04673328995704651,0.9949505925178528,-0.0006015538237988949,0.08881981670856476,0.04673328995704651,0.9949505925178528,0.02550346963107586,-0.28407710790634155,0.14153143763542175,0.9479550719261169,-0.018423987552523613,-0.2903744578361511,0.1281091272830963,0.9481199979782104,-0.004796773195266724,-0.29092442989349365,0.08401007205247879,0.9530383348464966,-0.040589410811662674,0.1497534066438675,0.07365413755178452,0.985140323638916,-0.02399320900440216,-0.06329876184463501,0.080608069896698,0.9944446086883545,0.023843586444854736,-0.05935610830783844,0.08355233073234558,0.9944482445716858,0.023843586444854736,-0.05935610830783844,0.08355233073234558,0.9944482445716858,0.008482249453663826,-0.30951613187789917,-0.06172795221209526,0.948850691318512,-0.002297336235642433,-0.30880627036094666,-0.06518866121768951,0.9488856196403503,-0.019373472779989243,-0.30822426080703735,-0.01303798146545887,0.9510271549224854,-0.011709957383573055,0.14422714710235596,-0.020301010459661484,0.9892670512199402,-0.016049141064286232,-0.08751051872968674,-0.01705535128712654,0.995888352394104,0.016397487372159958,-0.0880252867937088,-0.014191591180860996,0.9958821535110474,0.016397487372159958,-0.0880252867937088,-0.014191591180860996,0.9958821535110474,-0.0006015538237988949,0.08881981670856476,0.04673328995704651,0.9949505925178528,0.002421570010483265,0.016187235713005066,0.042099833488464355,0.9989794492721558,0.21142497658729553,0.024678567424416542,0.037836331874132156,0.9763497114181519,0.19163259863853455,0.11065945029258728,-0.27197325229644775,0.9365158081054688,0.030219294130802155,-0.3528210520744324,-0.35937246680259705,0.8633975982666016,0.0712716355919838,-0.3514150381088257,-0.41523483395576477,0.8360667824745178,0.0712716355919838,-0.3514150381088257,-0.41523483395576477,0.8360667824745178,0.0008359614294022322,0.06188005954027176,0.04842662811279297,0.9969077110290527,-0.2435327172279358,0.048090044409036636,0.062103092670440674,0.9667069911956787,-0.22624680399894714,0.11846408247947693,0.28442567586898804,0.9240566492080688,-0.009080836549401283,-0.4473147392272949,0.39782533049583435,0.8009756207466125,0.020870666950941086,-0.44556689262390137,0.3649876117706299,0.8172016143798828,0.020870666950941086,-0.44556689262390137,0.3649876117706299,0.8172016143798828,-0.0006015538237988949,0.08881981670856476,0.04673328995704651,0.9949505925178528
-0.0951828494668007,0.0,0.7338021039962769,-0.0012198574841022491,0.09874329715967178,0.05132616311311722,0.9937877058982849,-0.8569835305213929,-0.11670156568288804,-0.11817389726638795,0.9652398943901063,-0.4395890891551972,0.1034470021724701,-0.917542052268982,-0.013274916261434549,0.13594415336847307,1.0052095770835876,-0.4826982975006104,0.059562817215919495,0.0,-0.17712096869945526,0.46571595668792726,-0.662651002407074,-1.0685444831848145,-0.16917454898357392,-0.07520409673452379,-0.5302892565727234,0.4906606197357178,-1.3085455179214478,-0.07451573759317397,0.0,-0.36867478489875793,0.0,-0.6553665995597839,-0.07770260572433471,0.9780543446540833,0.45413070917129517,-3.6372712135314944,-1.111947798728943,-1.2402195692062379,3.4481111049652102,-0.4647602617740632,0.3576533794403076,-3.85203070640564,0.45768474340438847,1.2529786825180054,4.162241363525391,-0.8398344516754152,-0.24909432530403142,0.0,-1.615571904182434,2.0912485122680664,-0.6107421636581419,-2.4250204086303713,-0.9500464320182801,-1.042372226715088,-1.7040300130844117,0.6696953177452087,-1.3745583295822144,0.8984890818595888,0.0,0.0,0.0,-0.0012198574841022491,0.09874329715967178,0.05132616311311722,0.9937877058982849,-0.0012198574841022491,0.09874329715967178,0.05132616311311722,0.9937877058982849,0.03027717024087906,-0.30890947580337524,0.1539633572101593,0.9380583167076111,-0.024386923760175705,-0.31744444370269775,0.13544926047325134,0.9382364153862,-0.005350114777684212,-0.318344384431839,0.07989146560430527,0.9445874691009521,-0.04167969524860382,0.15641073882579803,0.0682806521654129,0.9844472408294678,-0.025812562555074692,-0.061991818249225616,0.07573085278272629,0.9948645830154419,0.02565791830420494,-0.05800679698586464,0.07883454114198685,0.9948679208755493,0.02565791830420494,-0.05800679698586464,0.07883454114198685,0.9948679208755493,0.009596949443221092,-0.33670008182525635,-0.06738290190696716,0.9391489028930664,0.0033280146308243275,-0.3362670838832855,-0.06952343881130219,0.9391912221908569,-0.01978570967912674,-0.3357314467430115,-0.005669069942086935,0.9417328834533691,-0.0147930346429348,0.1594301462173462,-0.014621715061366558,0.9869900941848755,-0.017817262560129166,-0.08109428733587265,-0.010647008195519447,0.9964903593063354,0.011861734092235565,-0.08138877898454666,-0.00821156520396471,0.9965780377388,0.011861734092235565,-0.08138877898454666,-0.00821156520396471,0.9965780377388,-0.0012198574841022491,0.09874329715967178,0.05132616311311722,0.9937877058982849,0.002807969693094492,0.010629761964082718,0.045710258185863495,0.998894214630127,0.23323345184326172,0.02096595987677574,0.04208044707775116,0.9712835550308228,0.21286308765411377,0.11545123159885406,-0.2707551121711731,0.9316931366920471,0.040439456701278687,-0.36682260036468506,-0.37109947204589844,0.8521097898483276,0.08799086511135101,-0.36444348096847534,-0.4330222010612488,0.8197136521339417,0.08799086511135101,-0.36444348096847534,-0.4330222010612488,0.8197136521339417,0.0009779006941244006,0.061392538249492645,0.05367929860949516,0.996668815612793,-0.2602301239967346,0.04511849954724312,0.0678696483373642,0.9621010422706604,-0.24253755807876587,0.12160687893629074,0.29504960775375366,0.9161512851715088,-0.009913215413689613,-0.4510940909385681,0.41668012738227844,0.7891727685928345,0.013729376718401909,-0.44972819089889526,0.39132925868034363,0.8027561902999878,0.013729376718401909,-0.44972819089889526,0.39132925868034363,0.8027561902999878,-0.0012198574841022491,0.09874329715967178,0.05132616311311722,0.9937877058982849
-0.10357772558927536,0.0,0.7193360924720764,-0.0017113253707066178,0.10886000096797943,0.05608750879764557,0.9924720525741577,-0.9348504543304443,-0.1428377479314804,-0.14415216445922852,1.0387457609176636,-0.4521394670009613,0.11083921045064926,-1.002227544784546,-0.0035369452089071274,0.16332857310771942,1.1010457277297974,-0.5018914341926575,0.05320420488715172,0.0,-0.20688682794570923,0.5125624537467957,-0.6712431907653809,-1.1201821565628052,-0.19060134887695312,-0.09639180451631546,-0.5665280818939209,0.5057558417320251,-1.3404220342636108,-0.051556073129177094,0.0,-0.41974377632141113,0.0,-0.7233005166053772,-0.05391313508152962,1.0164566040039062,0.48355865478515625,-3.893346071243286,-1.3068090677261353,-1.2989132404327393,3.675293207168579,-0.6275188326835632,0.36961039900779724,-4.234274387359619,0.4868985414505005,1.3692209720611572,4.791807174682617,-0.9596567749977112,-0.3179306089878082,0.0,-1.488292932510376,2.342324733734131,-0.42960938811302185,-2.581883430480957,-1.0713399648666382,-1.0593852996826172,-1.811941146850586,0.7547610402107239,-1.5938256978988647,1.147983193397522,0.0,0.0,0.0,-0.0017113253707066178,0.10886000096797943,0.05608750879764557,0.9924720525741577,-0.0017113253707066178,0.10886000096797943,0.05608750879764557,0.9924720525741577,0.0355788990855217,-0.3345769941806793,0.16655902564525604,0.9268497228622437,-0.030650105327367783,-0.3456094264984131,0.1422596126794815,0.9270258545875549,-0.005681916140019894,-0.34691932797431946,0.07513170689344406,0.9348635673522949,-0.04222320020198822,0.1628349870443344,0.06240399554371834,0.9837721586227417,-0.02716103382408619,-0.061819929629564285,0.07028041034936905,0.9952392578125,0.028008203953504562,-0.05783209949731827,0.07359679043292999,0.9952158331871033,0.028008203953504562,-0.05783209949731827,0.07359679043292999,0.9952158331871033,0.010990199632942677,-0.3652774691581726,-0.07341576367616653,0.9279341101646423,0.009349157102406025,-0.36514705419540405,-0.07406163215637207,0.9279521107673645,-0.020468341186642647,-0.3646927773952484,0.0018815369112417102,0.9309009909629822,-0.018428459763526917,0.17617511749267578,-0.00910412147641182,0.9841442108154297,-0.02011198177933693,-0.07372588664293289,-0.004242803435772657,0.9970666766166687,0.006416076794266701,-0.07381265610456467,-0.002280269982293248,0.9972488880157471,0.006416076794266701,-0.07381265610456467,-0.002280269982293248,0.9972488880157471,-0.0017113253707066178,0.10886000096797943,0.05608750879764557,0.9924720525741577,0.0033721185754984617,0.005987519398331642,0.049529146403074265,0.9987490177154541,0.25642988085746765,0.018346859142184258,0.0463937446475029,0.965274453163147,0.23513221740722656,0.12157942354679108,-0.2681821286678314,0.9262880682945251,0.0516149066388607,-0.37989342212677,-0.3826054036617279,0.8406128883361816,0.10605056583881378,-0.3762492537498474,-0.45076635479927063,0.8024957776069641,0.10605056583881378,-0.3762492537498474,-0.45076635479927063,0.8024957776069641,0.0013167823199182749,0.061018552631139755,0.0591069795191288,0.9963841438293457,-0.27721619606018066,0.04206698387861252,0.07380560785531998,0.9570445418357849,-0.25905516743659973,0.12498423457145691,0.30607515573501587,0.90751713514328,-0.009937000460922718,-0.4550563395023346,0.4360692501068115,0.7763173580169678,0.006492380052804947,-0.45397940278053284,0.41895613074302673,0.7863436341285706,0.006492380052804947,-0.45397940278053284,0.41895613074302673,0.7863436341285706,-0.0017113253707066178,0.10886000096797943,0.05608750879764557,0.9924720525741577
-0.11250488609075544,0.0,0.7031486749649049,-0.001991046592593193,0.11845158040523529,0.05966398864984512,0.9911637306213379,-1.0143555641174316,-0.1717739731073379,-0.16608609855175016,1.1147353172302246,-0.4672561109066009,0.11941961050033569,-1.0930414915084836,0.011971439095213985,0.19962646961212152,1.2117722511291502,-0.516002893447876,0.048255202919244775,0.0,-0.2503866076469421,0.5688717126846312,-0.6816343545913696,-1.176324939727783,-0.21889174282550808,-0.12680638730525967,-0.6082927227020263,0.527746307849884,-1.3701075077056883,-0.028552547842264214,0.0,-0.4357123076915741,0.0,-0.7749426960945128,-0.0472749136388302,0.9857266426086426,0.4116456985473634,-3.942491579055786,-1.3908103466033934,-1.1775832653045657,3.749803829193115,-0.7045068144798278,0.4052561521530151,-4.41812801361084,0.6600109577178952,1.63662519454956,5.2385184288024895,-0.807206451892853,-0.2756422936916352,0.0,-1.900310564041137,2.626207590103149,-0.48357867002487176,-2.717036724090576,-1.2772477865219112,-1.33619155883789,-1.9777156829833982,0.9616183996200558,-1.5280944108963013,1.1492989778518676,0.0,0.0,0.0,-0.001991046592593193,0.11845158040523529,0.05966398864984512,0.9911637306213379,-0.001991046592593193,0.11845158040523529,0.05966398864984512,0.9911637306213379,0.041274748742580414,-0.36123594641685486,0.17760144174098969,0.9144740104675293,-0.03720266371965408,-0.375205397605896,0.14568857848644257,0.9146647453308105,-0.005733282305300236,-0.37701115012168884,0.06940494477748871,0.923586905002594,-0.04141910746693611,0.1685953140258789,0.0558975413441658,0.9832271337509155,-0.027385137975215912,-0.06361237913370132,0.06396951526403427,0.9955458641052246,0.0320729985833168,-0.05969925969839096,0.06765756011009216,0.9954042434692383,0.0320729985833168,-0.05969925969839096,0.06765756011009216,0.9954042434692383,0.01234334334731102,-0.39663857221603394,-0.08136619627475739,0.914278507232666,0.017742840573191643,-0.39716020226478577,-0.07882948964834213,0.9141854047775269,-0.02231251448392868,-0.3969757556915283,0.01249222457408905,0.9174728393554688,-0.025707941502332687,0.1961718201637268,-0.002710821572691202,0.9802287220954895,-0.02550855651497841,-0.060424454510211945,0.003963405732065439,0.9978389739990234,-0.0014293268322944641,-0.06032474339008331,0.005442324094474316,0.9981629848480225,-0.0014293268322944641,-0.06032474339008331,0.005442324094474316,0.9981629848480225,-0.001991046592593193,0.11845158040523529,0.05966398864984512,0.9911637306213379,0.00457368977367878,-0.00600726343691349,0.05166548490524292,0.9986358880996704,0.2846169173717499,0.008833372965455055,0.05148109048604965,0.9572172164916992,0.2642083764076233,0.12346401810646057,-0.2647951543331146,0.9191486239433289,0.06723207235336304,-0.3964307904243469,-0.39883673191070557,0.8241673707962036,0.13120992481708527,-0.39066410064697266,-0.47434496879577637,0.7779217958450317,0.13120992481708527,-0.39066410064697266,-0.47434496879577637,0.7779217958450317,0.0022992577869445086,0.05554701387882233,0.06360702216625214,0.9964253306388855,-0.29621732234954834,0.03391127288341522,0.0772310197353363,0.9513887763023376,-0.278425395488739,0.12557300925254822,0.3173040747642517,0.8977911472320557,-0.011594131588935852,-0.45906639099121094,0.45747047662734985,0.7614752054214478,-0.0024808309972286224,-0.4585559666156769,0.44820135831832886,0.7673563361167908,-0.0024808309972286224,-0.4585559666156769,0.44820135831832886,0.7673563361167908,-0.001991046592593193,0.11845158040523529,0.05966398864984512,0.9911637306213379
-0.12097074687480926,0.0,0.6862263441085815,-0.001810742192901671,0.12951946258544922,0.0624207966029644,0.9896084666252136,-1.0982340812683105,-0.20006639659404754,-0.18502973318099974,1.1923942804336547,-0.4819915294647217,0.12636476755142212,-1.186745524406433,0.03137075193226336,0.23720621466636654,1.325595998764038,-0.5249966025352478,0.04599560797214508,0.0,-0.293000853061676,0.6318754315376282,-0.6865406632423401,-1.2373170375823974,-0.24418036937713622,-0.16243458688259121,-0.6486767053604126,0.5465842843055725,-1.405339789390564,-0.011200452595949177,0.0,-0.432519006729126,0.0,-0.8314182162284851,-0.027183278650045422,1.0563672780990598,0.31226873993873605,-4.1064574241638185,-1.427497148513794,-1.0069876432418825,3.849559783935547,-0.74439537525177,0.37996269762516033,-4.627399635314942,0.8921470403671262,1.8533501625061035,5.629242610931397,-0.5520404100418094,-0.1667678773403169,0.0,-2.148422956466675,3.0162966251373287,-0.3550125360488894,-2.9526183605194087,-1.324466645717621,-1.6771375656127927,-2.0468122720718385,1.0049486041069033,-1.6506777763366696,0.9806332826614382,0.0,0.0,0.0,-0.001810742192901671,0.12951946258544922,0.0624207966029644,0.9896084666252136,-0.001810742192901671,0.12951946258544922,0.0624207966029644,0.9896084666252136,0.04747753217816353,-0.38820621371269226,0.1877480298280716,0.9009953141212463,-0.042654797434806824,-0.40503546595573425,0.14786356687545776,0.9012564420700073,-0.004964934196323156,-0.4072425961494446,0.06401140987873077,0.9110605716705322,-0.03998308256268501,0.17458176612854004,0.050233516842126846,0.9825472831726074,-0.026851847767829895,-0.06496874243021011,0.058318257331848145,0.9958198070526123,0.0360783115029335,-0.061160460114479065,0.062304750084877014,0.995527982711792,0.0360783115029335,-0.061160460114479065,0.062304750084877014,0.995527982711792,0.013404189608991146,-0.42738077044487,-0.09048400819301605,0.8994324803352356,0.02741336077451706,-0.42880937457084656,-0.08358585089445114,0.8991020321846008,-0.02380831353366375,-0.4290741980075836,0.02324589155614376,0.9026561379432678,-0.03325117751955986,0.21718944609165192,0.0034657297655940056,0.9755569100379944,-0.031215135008096695,-0.043401774019002914,0.011973843909800053,0.9984981417655945,-0.008245125412940979,-0.04310993850231171,0.012951605953276157,0.998952329158783,-0.008245125412940979,-0.04310993850231171,0.012951605953276157,0.998952329158783,-0.001810742192901671,0.12951946258544922,0.0624207966029644,0.9896084666252136,0.006115231662988663,-0.016058357432484627,0.0529281347990036,0.9984505772590637,0.3160356879234314,0.0012078182771801949,0.05540139600634575,0.9471275210380554,0.2960352599620819,0.12726660072803497,-0.25931516289711,0.9104515910148621,0.08473891019821167,-0.41185417771339417,-0.4159669280052185,0.8063294887542725,0.15728259086608887,-0.40351545810699463,-0.49713581800460815,0.7518601417541504,0.15728259086608887,-0.40351545810699463,-0.49713581800460815,0.7518601417541504,0.003927789628505707,0.04897523298859596,0.06737960875034332,0.9965170621871948,-0.31385257840156555,0.024954162538051605,0.07939694821834564,0.9458170533180237,-0.29684168100357056,0.12464584410190582,0.32588738203048706,0.8889014720916748,-0.01270348485559225,-0.466639906167984,0.47653308510780334,0.7449846267700195,-0.00911044143140316,-0.466404527425766,0.4730071723461151,0.7474276423454285,-0.00911044143140316,-0.466404527425766,0.4730071723461151,0.7474276423454285,-0.001810742192901671,0.12951946258544922,0.0624207966029644,0.9896084666252136
-0.12851400822401046,0.0,0.6678341865539551,-0.0007105222903192043,0.14354287087917328,0.06354032456874847,0.9876019358634949,-1.1908594131469727,-0.22707121670246125,-0.19799276888370515,1.2733920574188233,-0.49596449732780457,0.13003943860530853,-1.2862297296524048,0.05855191834270956,0.2773496568202973,1.4456141948699952,-0.5237548112869262,0.04911482706665993,0.0,-0.3338440299034119,0.7082680702209473,-0.6804772615432739,-1.3080077648162842,-0.2634654611349106,-0.20849002003669742,-0.6862993717193604,0.5591172814369202,-1.4516656875610352,-0.005151217430829998,0.0,-0.39100204110145564,0.0,-0.8975604176521301,0.01981518343091014,1.32974910736084,0.15796377658843985,-4.500063943862915,-1.3695549964904785,-0.7378607273101805,3.9998064041137695,-0.7100850939750671,0.23279082775115958,-4.8875072479248045,1.2423304557800294,1.9687166213989258,5.907992649078369,-0.0914429306983946,0.07527874112129229,0.0,-2.0687248706817627,3.6187980175018315,0.13862442970275912,-3.38905668258667,-1.0543075799942014,-2.1463630676269534,-1.9225529670715331,0.7212244987487791,-2.149890446662903,0.47200462818145716,0.0,0.0,0.0,-0.0007105222903192043,0.14354287087917328,0.06354032456874847,0.9876019358634949,-0.0007105222903192043,0.14354287087917328,0.06354032456874847,0.9876019358634949,0.054726406931877136,-0.41611188650131226,0.19626039266586304,0.8861929178237915,-0.045938339084386826,-0.4356863796710968,0.147678405046463,0.886711835861206,-0.002563853282481432,-0.43809187412261963,0.059359315782785416,0.8969645500183105,-0.037286777049303055,0.1810341775417328,0.04625943303108215,0.9816803336143494,-0.024805348366498947,-0.06545653939247131,0.05399008095264435,0.9960849285125732,0.03996676579117775,-0.06181386858224869,0.05812967196106911,0.9955916404724121,0.03996676579117775,-0.06181386858224869,0.05812967196106911,0.9955916404724121,0.01389392465353012,-0.4573214054107666,-0.10202229022979736,0.8833208084106445,0.039645448327064514,-0.4601726531982422,-0.08840913325548172,0.8825266361236572,-0.024633856490254402,-0.4612659513950348,0.034286290407180786,0.8862569332122803,-0.04132746905088425,0.2403145581483841,0.00920377392321825,0.9697713851928711,-0.037537965923547745,-0.018947258591651917,0.019587796181440353,0.9989234805107117,-0.012997771613299847,-0.01845559850335121,0.02002999186515808,0.999544620513916,-0.012997771613299847,-0.01845559850335121,0.02002999186515808,0.999544620513916,-0.0007105222903192043,0.14354287087917328,0.06354032456874847,0.9876019358634949,0.008337634615600109,-0.022222736850380898,0.052454713732004166,0.9983412027359009,0.3540196716785431,-0.0026261743623763323,0.05700923874974251,0.9334949851036072,0.33341947197914124,0.13494804501533508,-0.2497640997171402,0.8990209102630615,0.1060560867190361,-0.42535293102264404,-0.43519720435142517,0.7864035367965698,0.18537656962871552,-0.41395753622055054,-0.5192071199417114,0.7243609428405762,0.18537656962871552,-0.41395753622055054,-0.5192071199417114,0.7243609428405762,0.006848342716693878,0.04020490497350693,0.0696985125541687,0.9967342019081116,-0.32891055941581726,0.014416160061955452,0.0790851041674614,0.9409332871437073,-0.31355470418930054,0.1207827478647232,0.3294176459312439,0.8823713064193726,-0.01272366289049387,-0.4816189706325531,0.4911876916885376,0.7256830930709839,-0.01105018425732851,-0.4815109074115753,0.48961493372917175,0.7268441915512085,-0.01105018425732851,-0.4815109074115753,0.48961493372917175,0.7268441915512085,-0.0007105222903192043,0.14354287087917328,0.06354032456874847,0.9876019358634949
-0.13716507852077484,0.0,0.6481714963912965,-0.0008846219279803336,0.1590445637702942,0.06384342908859253,0.9852045774459839,-1.2932276248931884,-0.2501470118761062,-0.20636956095695494,1.3553525686264036,-0.5044674873352051,0.1309751808643341,-1.385582137107849,0.09227705895900723,0.31876056790351864,1.5603566169738767,-0.5116321802139282,0.05469755679368972,0.0,-0.37638270854949946,0.8003352046012877,-0.6612492918968201,-1.3839813232421874,-0.2898072838783264,-0.27630091011524194,-0.7271278619766235,0.5718005776405334,-1.4909598112106324,0.004736206447705614,0.0,-0.41039731502532956,0.0,-0.9577238202095031,-0.052915386855602126,1.5069288492202757,0.07098092883825308,-4.92355260848999,-1.232370185852051,-0.51056444644928,4.078770637512207,-0.5345490097999576,0.1015656799077989,-4.9702558517456055,1.5553775072097775,2.0451961517333985,5.84263620376587,0.38851472958922334,0.22986626029014573,0.0,-2.0930238246917723,4.289866590499877,0.6981070458889,-3.6930210590362544,-1.1759564518928525,-2.9554352760314933,-1.9773079633712767,0.6311587691307068,-2.105341482162476,0.4176074028015135,0.0,0.0,0.0,-0.0008846219279803336,0.1590445637702942,0.06384342908859253,0.9852045774459839,-0.0008846219279803336,0.1590445637702942,0.06384342908859253,0.9852045774459839,0.06134750321507454,-0.44628968834877014,0.20498597621917725,0.8689319491386414,-0.04740244895219803,-0.468394935131073,0.1474812924861908,0.8698325157165527,0.0011630943045020103,-0.47077906131744385,0.057139329612255096,0.8803980946540833,-0.03493731468915939,0.1852448284626007,0.0453062430024147,0.9810254573822021,-0.02252470888197422,-0.06544914841651917,0.05258723348379135,0.9962146878242493,0.04271664470434189,-0.06186748296022415,0.056757569313049316,0.9955532550811768,0.04271664470434189,-0.06186748296022415,0.056757569313049316,0.9955532550811768,0.012316854670643806,-0.48559266328811646,-0.11308781802654266,0.866752028465271,0.05207120627164841,-0.4903830885887146,-0.09022235870361328,0.8652589321136475,-0.026850501075387,-0.4924933910369873,0.04799434915184975,0.8685770034790039,-0.05309116840362549,0.26087260246276855,0.01473170705139637,0.9637996554374695,-0.04769233986735344,0.0085031408816576,0.027620498090982437,0.9984439015388489,-0.020373031497001648,0.009271809831261635,0.027310675010085106,0.9993764162063599,-0.020373031497001648,0.009271809831261635,0.027310675010085106,0.9993764162063599,-0.0008846219279803336,0.1590445637702942,0.06384342908859253,0.9852045774459839,0.009167136624455452,-0.027725694701075554,0.051310136914253235,0.9982556700706482,0.39732980728149414,-0.005523477680981159,0.05823507159948349,0.9158095717430115,0.37653082609176636,0.14181479811668396,-0.23372536897659302,0.8851472735404968,0.13337719440460205,-0.43840426206588745,-0.45586496591567993,0.7630199790000916,0.22155481576919556,-0.4222853183746338,-0.5435991883277893,0.6907159686088562,0.22155481576919556,-0.4222853183746338,-0.5435991883277893,0.6907159686088562,0.009296255186200142,0.022131621837615967,0.07186184078454971,0.9971257448196411,-0.3459089994430542,-0.0047818562015891075,0.07472348213195801,0.935275673866272,-0.33458858728408813,0.1094282865524292,0.328768789768219,0.876348614692688,-0.020077042281627655,-0.4990604519844055,0.5058486461639404,0.7033156156539917,-0.021717475727200508,-0.49919742345809937,0.5071585178375244,0.7022253274917603,-0.021717475727200508,-0.49919742345809937,0.5071585178375244,0.7022253274917603,-0.0008846219279803336,0.1590445637702942,0.06384342908859253,0.9852045774459839
-0.1463700532913208,0.0,0.6278735399246216,-0.0016957258339971304,0.1752585768699646,0.06372818350791931,0.9824562668800354,-1.4004672765731812,-0.27125829458236694,-0.212453231215477,1.4377944469451904,-0.5102354884147644,0.13054145872592926,-1.4848686456680298,0.1292741894721985,0.3608052134513855,1.6724611520767212,-0.4940691292285919,0.061512041836977005,0.0,-0.41976913809776306,0.9002395868301392,-0.6354390382766724,-1.4625962972640991,-0.319677472114563,-0.35498952865600586,-0.7695592641830444,0.5845590233802795,-1.5267380475997925,0.01654272503219545,0.0,-0.4602487087249756,0.0,-1.0148978233337402,-0.18551047891378403,1.63600754737854,0.017659127712249756,-5.361982345581055,-1.055564045906067,-0.3041834831237793,4.122093677520752,-0.2884000241756439,-0.02168610692024231,-4.964324951171875,1.8498563766479492,2.1022322177886963,5.605226516723633,0.8781524859368802,0.34072422981262207,0.0,-2.169321298599243,4.995218753814697,1.2905125319957733,-3.930748462677002,-1.493509292602539,-3.9344308376312256,-2.121570110321045,0.6379222273826599,-1.7889117002487183,0.5903258919715881,0.0,0.0,0.0,-0.0016957258339971304,0.1752585768699646,0.06372818350791931,0.9824562668800354,-0.0016957258339971304,0.1752585768699646,0.06372818350791931,0.9824562668800354,0.06760018318891525,-0.4772176146507263,0.2136439085006714,0.8497351408004761,-0.0479164719581604,-0.5017226338386536,0.1471555382013321,0.8510720729827881,0.005549743305891752,-0.503974974155426,0.05608948692679405,0.8618772625923157,-0.03276166319847107,0.18833620846271515,0.04586397111415863,0.9804859161376953,-0.020127082243561745,-0.06519434601068497,0.05264722928404808,0.9962795376777649,0.04489750415086746,-0.061621636152267456,0.056787386536598206,0.9954708218574524,0.04489750415086746,-0.061621636152267456,0.056787386536598206,0.9954708218574524,0.009700705297291279,-0.512751579284668,-0.12384948134422302,0.8495016694068909,0.06455153971910477,-0.5196805000305176,-0.09047115594148636,0.847101092338562,-0.029740050435066223,-0.5228291153907776,0.06298872083425522,0.8495867848396301,-0.06667902320623398,0.2800629436969757,0.020148390904068947,0.9574511647224426,-0.05972788855433464,0.03743555396795273,0.035841718316078186,0.996868371963501,-0.029044771566987038,0.038520026952028275,0.034673579037189484,0.9982336163520813,-0.029044771566987038,0.038520026952028275,0.034673579037189484,0.9982336163520813,-0.0016957258339971304,0.1752585768699646,0.06372818350791931,0.9824562668800354,0.009300081990659237,-0.03289756551384926,0.04982950910925865,0.9981724619865417,0.44265204668045044,-0.007941308431327343,0.059179093688726425,0.8947032690048218,0.42181235551834106,0.1480218768119812,-0.21405260264873505,0.8685305714607239,0.16350038349628448,-0.45063409209251404,-0.47662436962127686,0.7369028329849243,0.2612125277519226,-0.4285571277141571,-0.5678491592407227,0.6524217128753662,0.2612125277519226,-0.4285571277141571,-0.5678491592407227,0.6524217128753662,0.0115038538351655,-0.0006004484603181481,0.07391787320375443,0.9971978068351746,-0.36364036798477173,-0.02830198034644127,0.06828770786523819,0.9286019206047058,-0.3575924038887024,0.09426989406347275,0.3258479833602905,0.8700942397117615,-0.031078170984983444,-0.5173380970954895,0.5201137661933899,0.6788793206214905,-0.036720287054777145,-0.5176461935043335,0.524634063243866,0.674872636795044,-0.036720287054777145,-0.5176461935043335,0.524634063243866,0.674872636795044,-0.0016957258339971304,0.1752585768699646,0.06372818350791931,0.9824562668800354
-0.1574670135974884,0.0,0.6067466020584106,-0.006880989298224449,0.18754097819328308,0.06315489858388901,0.9802003502845764,-1.5090708494186402,-0.2875740468502045,-0.2257602334022522,1.5179537296295167,-0.503884357213974,0.12404229640960693,-1.573262095451355,0.15945587158203128,0.3840090036392212,1.749410653114319,-0.4827972173690796,0.06093821227550507,0.0,-0.4353477656841278,1.0171680212020875,-0.574012517929077,-1.5217360019683839,-0.3280168354511261,-0.451726794242859,-0.78479163646698,0.5899078845977783,-1.5257306814193725,0.0028985783457755893,0.0,-0.5170082926750184,0.0,-1.0397672653198242,-0.4330947399139407,1.382277154922485,0.03517303988337519,-5.402899837493896,-0.9116981506347654,-0.5208834409713747,4.053615951538086,0.07517390847206157,-0.20364929251372835,-4.637533473968506,1.6453929424285887,1.537006521224975,4.5505754947662345,0.6894183516502378,0.11907480955123878,0.0,-1.3350873470306388,5.505940246582032,2.3590004920959484,-3.3464903831481925,-0.8475845813751214,-4.4758901596069345,-1.3055992126464835,0.4156347274780271,-0.6853436946868885,-0.17319401502609333,0.0,0.0,0.0,-0.006880989298224449,0.18754097819328308,0.06315489858388901,0.9802003502845764,-0.006880989298224449,0.18754097819328308,0.06315489858388901,0.9802003502845764,0.07018262147903442,-0.5106251835823059,0.22436313331127167,0.8270413875579834,-0.04892633855342865,-0.5375316143035889,0.14869162440299988,0.8285872936248779,0.012089504860341549,-0.5396003127098083,0.05451297014951706,0.8400677442550659,-0.028798576444387436,0.18661466240882874,0.04797425866127014,0.9808384776115417,-0.015932289883494377,-0.06378529965877533,0.05364779010415077,0.9963933229446411,0.04585609585046768,-0.06033889949321747,0.05750078707933426,0.9954648017883301,0.04585609585046768,-0.06033889949321747,0.05750078707933426,0.9954648017883301,0.003992426209151745,-0.5391730070114136,-0.13012707233428955,0.832071840763092,0.07007169723510742,-0.5478404760360718,-0.08650027215480804,0.829143226146698,-0.03597899153828621,-0.5511484146118164,0.0731673389673233,0.8304139971733093,-0.07919365167617798,0.28379178047180176,0.01898927241563797,0.9554214477539062,-0.07236602157354355,0.04715566337108612,0.03732471913099289,0.9955633878707886,-0.04200310260057449,0.04827073961496353,0.03587277606129646,0.9973057508468628,-0.04200310260057449,0.04827073961496353,0.03587277606129646,0.9973057508468628,-0.006880989298224449,0.18754097819328308,0.06315489858388901,0.9802003502845764,0.004348877817392349,-0.02824489027261734,0.04988027364015579,0.9983463287353516,0.48994338512420654,-0.000466733006760478,0.05715017765760422,0.8698787689208984,0.46939653158187866,0.15258406102657318,-0.1827980875968933,0.8502763509750366,0.20563507080078125,-0.4534248113632202,-0.49272945523262024,0.7136791944503784,0.30505967140197754,-0.4246348738670349,-0.5817098617553711,0.6230870485305786,0.30505967140197754,-0.4246348738670349,-0.5817098617553711,0.6230870485305786,0.010084893554449081,-0.03619613125920296,0.07700282335281372,0.9963226318359375,-0.3716769516468048,-0.06283772736787796,0.05713697522878647,0.924468994140625,-0.37493735551834106,0.06460976600646973,0.31607770919799805,0.8691045045852661,-0.05188403278589249,-0.5369883179664612,0.5248684883117676,0.658380389213562,-0.05282151699066162,-0.5370340347290039,0.5256776213645935,0.6576225161552429,-0.05282151699066162,-0.5370340347290039,0.5256776213645935,0.6576225161552429,-0.006880989298224449,0.18754097819328308,0.06315489858388901,0.9802003502845764
-0.16447776556015015,0.0,0.5851278424263,-0.014420661143958569,0.2131955623626709,0.061184484511613846,0.9749852418899536,-1.6398362159729007,-0.30877944231033333,-0.24041671156883243,1.5946310997009279,-0.49138520359992977,0.11636397987604138,-1.6926054954528813,0.19298017024993905,0.39433020949363706,1.8183571815490724,-0.471387642621994,0.05511099323630329,0.0,-0.46195255517959605,1.1489673614501956,-0.4758729636669155,-1.584215021133423,-0.32190023660659783,-0.6387460470199593,-0.7499235153198239,0.6308332443237307,-1.4713731765747067,-0.006104755029082297,0.0,-0.4322617650032035,0.0,-1.0711015462875366,-0.8049667239189162,2.023267984390264,-0.004693126678467142,-6.095031929016118,-0.9624768495559702,-0.7058343529701235,3.903506708145141,0.5019971907138837,-0.36033271551132223,-5.348170852661139,1.6093625068664557,0.7737118959426854,3.607385635375975,0.5677254676818848,-0.1862931545823823,0.0,-1.1097161650657676,6.292548370361331,4.172716712951667,-3.057164430618287,0.016710728406909015,-7.545322513580341,0.7413962006569008,1.3347379446029735,1.6508724175393688,-0.5429828763008109,0.0,0.0,0.0,-0.014420661143958569,0.2131955623626709,0.061184484511613846,0.9749852418899536,-0.014420661143958569,0.2131955623626709,0.061184484511613846,0.9749852418899536,0.07413344085216522,-0.5403108596801758,0.23627164959907532,0.8042041063308716,-0.05027642846107483,-0.5702541470527649,0.15018880367279053,0.8060556054115295,0.018577827140688896,-0.5721534490585327,0.05252082273364067,0.8182523846626282,-0.02462950348854065,0.18572163581848145,0.050056468695402145,0.9810174703598022,-0.01171955093741417,-0.058466747403144836,0.05457114428281784,0.9967278242111206,0.04625760391354561,-0.055194027721881866,0.057907313108444214,0.9957211017608643,0.04625760391354561,-0.055194027721881866,0.057907313108444214,0.9957211017608643,-0.00668342225253582,-0.566928505897522,-0.13715796172618866,0.8122407793998718,0.07139435410499573,-0.5774611830711365,-0.08160746097564697,0.8091858625411987,-0.042999401688575745,-0.5802842378616333,0.07856453210115433,0.8094743490219116,-0.08825620263814926,0.28215447068214417,0.014314810745418072,0.9551936388015747,-0.08244258910417557,0.051299020648002625,0.03451498597860336,0.9946761131286621,-0.05500839650630951,0.0522720068693161,0.033062566071748734,0.9965683817863464,-0.05500839650630951,0.0522720068693161,0.033062566071748734,0.9965683817863464,-0.014420661143958569,0.2131955623626709,0.061184484511613846,0.9749852418899536,-0.003172620665282011,-0.015443527139723301,0.04896029457449913,0.9986763596534729,0.5400557518005371,0.012954496778547764,0.04867187887430191,0.8401208519935608,0.5218031406402588,0.15007995069026947,-0.1438983827829361,0.8273396492004395,0.255695641040802,-0.4579765498638153,-0.5094552040100098,0.682153046131134,0.3523337244987488,-0.42308947443962097,-0.5912016034126282,0.5893529057502747,0.3523337244987488,-0.42308947443962097,-0.5912016034126282,0.5893529057502747,0.009891332127153873,-0.102757528424263,0.08246687054634094,0.991232693195343,-0.35428139567375183,-0.12683624029159546,0.04280705004930496,0.9255078434944153,-0.3795952796936035,0.006527639925479889,0.3200567066669464,0.8680027723312378,-0.06815560907125473,-0.5615019798278809,0.527226448059082,0.63411545753479,-0.06597115844488144,-0.5614767670631409,0.5257167816162109,0.6356207132339478,-0.06597115844488144,-0.5614767670631409,0.5257167816162109,0.6356207132339478,-0.014420661143958569,0.2131955623626709,0.061184484511613846,0.9749852418899536
-0.16331610083580017,0.0,0.5625254392623901,-0.02663632482290268,0.26519566774368286,0.056317247450351715,0.9621798992156982,-1.8149251699447637,-0.33976412415504464,-0.25777214169502266,1.664344644546509,-0.466590005159378,0.10632735490798947,-1.8738487958908088,0.23318970203399672,0.37888624668121335,1.8712977647781375,-0.4597027420997619,0.038776995241641944,0.0,-0.510609668493271,1.3105085134506231,-0.304307341575622,-1.6533726692199708,-0.286871713399887,-1.0063292741775525,-0.6148544073104854,0.7429116010665897,-1.3103153944015498,-0.005826459918171167,0.0,-0.06450301408767578,0.0,-1.115365505218506,-1.4254141688346884,4.4537012577056965,-0.15931945443153434,-8.089593219757088,-1.402544736862184,-0.8272871732711796,3.5901344299316396,1.0553191721439381,-0.4664566040039066,-8.133665943145761,1.9101980686187754,-0.38572058677673726,2.887118101119993,0.5801150918006898,-0.6590981896966711,0.0,-2.102070701122287,7.630929756164555,7.476889514923107,-3.3577027320861825,1.3177473247051281,-15.6707009315491,5.250440466403976,4.536622595787059,6.452384754270331,-0.12530964612960682,0.0,0.0,0.0,-0.02663632482290268,0.26519566774368286,0.056317247450351715,0.9621798992156982,-0.02663632482290268,0.26519566774368286,0.056317247450351715,0.9621798992156982,0.08096155524253845,-0.5635746121406555,0.25100913643836975,0.7828302979469299,-0.05241191387176514,-0.597933828830719,0.15193060040473938,0.7852675914764404,0.024981101974844933,-0.5996957421302795,0.049818865954875946,0.7982851266860962,-0.0200491975992918,0.1864897608757019,0.05208352580666542,0.9808704853057861,-0.007470103912055492,-0.045324280858039856,0.05533495545387268,0.9974106550216675,0.04554004967212677,-0.04231938719749451,0.057693962007761,0.9963967800140381,0.04554004967212677,-0.04231938719749451,0.057693962007761,0.9963967800140381,-0.027270954102277756,-0.5975386500358582,-0.14573970437049866,0.7880125045776367,0.06437638401985168,-0.6103875637054443,-0.07494725286960602,0.7859170436859131,-0.05161122605204582,-0.6116148233413696,0.07447221130132675,0.7859500050544739,-0.09041938185691833,0.26981109380722046,0.002612883225083351,0.9586549997329712,-0.08741520345211029,0.04430194944143295,0.023131417110562325,0.994917631149292,-0.06811223179101944,0.044783610850572586,0.022242289036512375,0.9964239001274109,-0.06811223179101944,0.044783610850572586,0.022242289036512375,0.9964239001274109,-0.02663632482290268,0.26519566774368286,0.056317247450351715,0.9621798992156982,-0.015830276533961296,0.013659081421792507,0.04606994614005089,0.9987194538116455,0.596058189868927,0.038191985338926315,0.02740594372153282,0.80156409740448,0.5837761759757996,0.13357283174991608,-0.0901201069355011,0.7957652807235718,0.32121261954307556,-0.465856671333313,-0.527141273021698,0.6339734196662903,0.4068186283111572,-0.42709144949913025,-0.5929980874061584,0.5481284260749817,0.4068186283111572,-0.42709144949913025,-0.5929980874061584,0.5481284260749817,0.01205433253198862,-0.22985270619392395,0.09190618991851807,0.9688011407852173,-0.28230470418930054,-0.24781547486782074,0.021738573908805847,0.9265091419219971,-0.3560250997543335,-0.10806913673877716,0.34902748465538025,0.8600856065750122,-0.07535915076732635,-0.5960210561752319,0.5251107811927795,0.6027756333351135,-0.07319626957178116,-0.5960131287574768,0.5237818360328674,0.6042048931121826,-0.07319626957178116,-0.5960131287574768,0.5237818360328674,0.6042048931121826,-0.02663632482290268,0.26519566774368286,0.056317247450351715,0.9621798992156982
-0.17642047405242917,0.0,0.5398330330848694,-0.04881587624549866,0.26981091499328613,0.06184512376785278,0.9596845507621765,-1.9296916007995604,-0.3780226111412048,-0.2991257965564727,1.74406681060791,-0.45368080735206606,0.08880204111337664,-1.9569380283355713,0.21609202027320867,0.3426520764827729,1.9293317794799805,-0.4697552025318146,0.02228964641690256,0.0,-0.4090834379196169,1.5121890544891354,-0.1418940246105196,-1.6232135772705079,-0.2395056128501893,-1.24520628452301,-0.45294355154037497,0.8337648630142211,-1.1762831687927247,-0.05171872004866593,0.0,-0.3698978580534451,0.0,-1.1328202486038208,-1.8529642581939694,2.3503234863281297,0.6086540460586535,-6.944771575927737,-1.7674482107162472,-1.5877182126045215,3.7859357357025143,0.8831798315048224,-0.7264918923377988,-6.117542457580571,0.2912602424621611,-1.3959042787551867,2.799831867218017,-0.06787581443786517,-0.8213003873825073,0.0,2.0726444244384687,9.281238555908201,8.303711318969727,-0.4783800601959278,2.1215533494949335,-14.517973709106451,7.5587076187133775,4.967164707183839,7.242122077941896,-1.3712018225342013,0.0,0.0,0.0,-0.04881587624549866,0.26981091499328613,0.06184512376785278,0.9596845507621765,-0.04881587624549866,0.26981091499328613,0.06184512376785278,0.9596845507621765,0.07945770025253296,-0.5976866483688354,0.2784663438796997,0.7476053237915039,-0.06180582195520401,-0.6396428346633911,0.16057167947292328,0.7491688132286072,0.03505472093820572,-0.6415629386901855,0.047889966517686844,0.7647709846496582,-0.014320675283670425,0.17282749712467194,0.05778893828392029,0.9831510186195374,-0.0009708236902952194,-0.052711475640535355,0.0595443993806839,0.9968326091766357,0.04328560456633568,-0.05006140470504761,0.06169915571808815,0.9958983659744263,0.04328560456633568,-0.05006140470504761,0.06169915571808815,0.9958983659744263,-0.03528260812163353,-0.6289199590682983,-0.13238856196403503,0.7653025388717651,0.047771207988262177,-0.6397781372070312,-0.06421990692615509,0.7643805742263794,-0.061615459620952606,-0.6387219429016113,0.06736741960048676,0.76400226354599,-0.09013474732637405,0.2640335261821747,-0.012230859138071537,0.9602147340774536,-0.0906207412481308,0.03331927955150604,0.009098060429096222,0.9952863454818726,-0.07952578365802765,0.033503010869026184,0.008653705939650536,0.9962321519851685,-0.07952578365802765,0.033503010869026184,0.008653705939650536,0.9962321519851685,-0.04881587624549866,0.26981091499328613,0.06184512376785278,0.9596845507621765,-0.039657361805438995,0.06900085508823395,0.056715577840805054,0.9952133297920227,0.6537368297576904,0.08632374554872513,-0.010584576055407524,0.7517075538635254,0.6467419862747192,0.13263821601867676,-0.0639897808432579,0.7483564019203186,0.39258652925491333,-0.4221321940422058,-0.5451289415359497,0.6086990833282471,0.45932501554489136,-0.38337790966033936,-0.5976160168647766,0.5337576270103455,0.45932501554489136,-0.38337790966033936,-0.5976160168647766,0.5337576270103455,0.007608591578900814,-0.3373423218727112,0.11482900381088257,0.9343215227127075,-0.20467603206634521,-0.3538607358932495,0.04206708073616028,0.9116582870483398,-0.33438974618911743,-0.21848724782466888,0.40057581663131714,0.824612557888031,-0.06627745181322098,-0.6280750036239624,0.5461333394050598,0.5503339767456055,-0.046086665242910385,-0.6262569427490234,0.5368112325668335,0.5634820461273193,-0.046086665242910385,-0.6262569427490234,0.5368112325668335,0.5634820461273193,-0.04881587624549866,0.26981091499328613,0.06184512376785278,0.9596845507621765
-0.19665786623954773,0.0,0.5170956254005432,-0.0759488120675087,0.2507181167602539,0.0725645199418068,0.9623443484306335,-2.014296770095825,-0.4199180006980896,-0.352478563785553,1.8287932872772217,-0.4467146098613739,0.06753238290548325,-1.9909502267837524,0.17034073173999786,0.29602280259132385,1.989912509918213,-0.4906763434410095,0.0057256221771240234,0.0,-0.23246553540229797,1.733939290046692,0.015943139791488647,-1.5433961153030396,-0.1859707236289978,-1.4197301864624023,-0.2776118218898773,0.9140055775642395,-1.0557637214660645,-0.12069625779986382,0.0,-1.0118694938719273,0.0,-1.1368703842163086,-2.184065580368042,-2.0199594497680664,1.8379274606704712,-4.230258464813232,-2.0947694778442383,-2.66763836145401,4.236323833465576,0.34830987453460693,-1.0634828805923462,-1.7006096839904785,-2.287564277648926,-2.331463575363159,3.029036283493042,-1.0460569858551028,-0.828201174736023,0.0,8.830894470214844,11.08751106262207,7.891857624053955,3.990873098373413,2.676744222640991,-8.726194381713867,8.766586303710938,4.012035369873047,6.02597188949585,-3.44887668825686,0.0,0.0,0.0,-0.0759488120675087,0.2507181167602539,0.0725645199418068,0.9623443484306335,-0.0759488120675087,0.2507181167602539,0.0725645199418068,0.9623443484306335,0.07352489978075027,-0.6351940035820007,0.31132644414901733,0.7029925584793091,-0.07460731267929077,-0.6861313581466675,0.17210252583026886,0.7028785347938538,0.04684663563966751,-0.6885839700698853,0.04620213061571121,0.7221654057502747,-0.008012041449546814,0.15187424421310425,0.0653073638677597,0.9862073659896851,0.006652876269072294,-0.07034806162118912,0.06545978784561157,0.9953501224517822,0.04025188088417053,-0.0680980533361435,0.06779740750789642,0.9945581555366516,0.04025188088417053,-0.0680980533361435,0.06779740750789642,0.9945581555366516,-0.03696005791425705,-0.6599872708320618,-0.10794281959533691,0.7425625324249268,0.02634180337190628,-0.6667773723602295,-0.05140812695026398,0.7430149912834167,-0.07227691262960434,-0.6633716821670532,0.05872754007577896,0.7424722909927368,-0.08861449360847473,0.26150548458099365,-0.0286417193710804,0.9606987237930298,-0.09291758388280869,0.020336048677563667,-0.00626097247004509,0.9954464435577393,-0.09006743133068085,0.020318040624260902,-0.006319165229797363,0.9957083463668823,-0.09006743133068085,0.020318040624260902,-0.006319165229797363,0.9957083463668823,-0.0759488120675087,0.2507181167602539,0.0725645199418068,0.9623443484306335,-0.06886327266693115,0.1370893269777298,0.07385767251253128,0.9853981137275696,0.7066751718521118,0.1450229287147522,-0.05671674385666847,0.6901896595954895,0.7077780365943909,0.1390506625175476,-0.05157775059342384,0.6906915903091431,0.46398523449897766,-0.34994617104530334,-0.5595477223396301,0.5908991098403931,0.5086532235145569,-0.3142048716545105,-0.6009611487388611,0.5304648280143738,0.5086532235145569,-0.3142048716545105,-0.6009611487388611,0.5304648280143738,-0.00014403411478269845,-0.43268731236457825,0.14381885528564453,0.8899987936019897,-0.12328342348337173,-0.4484245479106903,0.0825687125325203,0.881418764591217,-0.3104012608528137,-0.3236925005912781,0.45884737372398376,0.7670288681983948,-0.048771750181913376,-0.6560347676277161,0.5762438774108887,0.48495644330978394,-0.0016838620649650693,-0.6520534753799438,0.5553670525550842,0.5161306262016296,-0.0016838620649650693,-0.6520534753799438,0.5553670525550842,0.5161306262016296,-0.0759488120675087,0.2507181167602539,0.0725645199418068,0.9623443484306335
-0.20197709798812866,0.0,0.4973215937614441,-0.0830685943365097,0.25762420892715454,0.06625908613204956,0.9603849053382874,-2.0910723209381104,-0.4216002821922302,-0.3494411051273346,1.8715687990188599,-0.4420860469341278,0.06401891484856605,-2.0695240020751955,0.17037634253501893,0.27724463939666744,2.0149928092956544,-0.49758238792419435,-0.006405429635196937,0.0,-0.1113986492156981,1.890664553642273,0.15034183673560636,-1.3556982040405272,-0.11595797389745705,-1.6435092449188236,-0.06468249559402445,0.9421015739440918,-0.8586097002029417,-0.18928868770599372,0.0,-0.5643247723579402,0.0,-1.0479690670967101,-1.4185905218124382,-0.43946800231933425,0.45524897575378276,-3.9953697681427,-0.8883762359619127,-0.9759315967559796,2.9777948856353746,0.2781808167695998,-0.5307971715927118,-3.0374571084976214,-0.9139574050903305,-1.4959302902221672,1.964023423194884,-0.625604128837585,-0.6952119946479796,0.0,7.164364051818846,9.136762046813963,7.188703727722167,7.227286338806156,3.17108006477356,-10.203849220275881,9.89451370239258,2.4476939678192124,8.325008964538577,-3.4373233795166014,0.0,0.0,0.0,-0.0830685943365097,0.25762420892715454,0.06625908613204956,0.9603849053382874,-0.0830685943365097,0.25762420892715454,0.06625908613204956,0.9603849053382874,0.07149284332990646,-0.6547629237174988,0.31784650683403015,0.6820175647735596,-0.07278493046760559,-0.7067778706550598,0.17379525303840637,0.6818816661834717,0.051164571195840836,-0.7086765766143799,0.05259496718645096,0.7017076015472412,-0.012090868316590786,0.1445348858833313,0.07232378423213959,0.986778974533081,0.004048125818371773,-0.07533135265111923,0.07321041822433472,0.9944591522216797,0.03587380051612854,-0.07295919209718704,0.07557849586009979,0.9938198328018188,0.03587380051612854,-0.07295919209718704,0.07557849586009979,0.9938198328018188,-0.0446663536131382,-0.6845016479492188,-0.11061890423297882,0.7191842794418335,0.016687259078025818,-0.6914314031600952,-0.051976531744003296,0.7203766703605652,-0.0788688212633133,-0.6871620416641235,0.04820316284894943,0.7206000685691833,-0.08275479823350906,0.2423383891582489,-0.04088848456740379,0.9657907485961914,-0.09030942618846893,-0.002932164818048477,-0.019259586930274963,0.995723307132721,-0.09349685907363892,-0.002817670814692974,-0.019362639635801315,0.9954273700714111,-0.09349685907363892,-0.002817670814692974,-0.019362639635801315,0.9954273700714111,-0.0830685943365097,0.25762420892715454,0.06625908613204956,0.9603849053382874,-0.07992993295192719,0.20358985662460327,0.06712832301855087,0.9734763503074646,0.7421942949295044,0.17055919766426086,-0.1274731457233429,0.6354587078094482,0.7509667873382568,0.10975025594234467,-0.08519361913204193,0.6455584764480591,0.5282191634178162,-0.29173722863197327,-0.5598310232162476,0.5678583383560181,0.5535721778869629,-0.2672191858291626,-0.5848554968833923,0.5292408466339111,0.5535721778869629,-0.2672191858291626,-0.5848554968833923,0.5292408466339111,0.003791154595091939,-0.5226139426231384,0.15060101449489594,0.8391541838645935,-0.027194060385227203,-0.5267924666404724,0.13984090089797974,0.8379707336425781,-0.2678665816783905,-0.43372273445129395,0.5027408599853516,0.6981287598609924,-0.047133561223745346,-0.6789309978485107,0.5847976207733154,0.4414101839065552,0.028268085792660713,-0.6703673005104065,0.5563172101974487,0.49022436141967773,0.028268085792660713,-0.6703673005104065,0.5563172101974487,0.49022436141967773,-0.0830685943365097,0.25762420892715454,0.06625908613204956,0.9603849053382874
-0.2142345696687699,0.0,0.4776698470115661,-0.08327368646860123,0.25470679998397827,0.06124645471572876,0.9614773988723755,-2.164206171035767,-0.4213237464427948,-0.33719640970230097,1.9129434347152712,-0.43171737194061277,0.058884698152542096,-2.158213043212891,0.1699949860572815,0.2682337641716004,2.0478054523468017,-0.49361240863800043,-0.012031952850520595,0.0,-0.011832320690154906,2.0312844753265384,0.2527106225490571,-1.1680390357971187,-0.06081902235746378,-1.86966199874878,0.14277411103248638,0.9442513704299925,-0.6621322453021998,-0.24696252942085273,0.0,-0.47410877943039076,0.0,-0.9850329756736755,-0.4373539209365813,0.03344447612762069,-0.46051617264747613,-3.7295262813568106,-0.025349555909633247,0.4280900210142154,2.0967492818832394,0.4036314815282833,-0.22429585456848178,-4.232146453857424,-0.010728477058000946,-0.6458894729614238,1.485985136032106,-0.019021505117414184,-0.411416685581206,0.0,5.408327102661128,7.35310249328613,5.759037113189691,9.383732986450195,3.0544233798980684,-11.260163307189941,10.482283782958984,0.6264137744903513,9.837403488159179,-3.102063679695127,0.0,0.0,0.0,-0.08327368646860123,0.25470679998397827,0.06124645471572876,0.9614773988723755,-0.08327368646860123,0.25470679998397827,0.06124645471572876,0.9614773988723755,0.07113838940858841,-0.6814093589782715,0.31955674290657043,0.6546023488044739,-0.067351795732975,-0.733172595500946,0.17003799974918365,0.654987633228302,0.05638445168733597,-0.7341299653053284,0.05743672698736191,0.6742218732833862,-0.014485914260149002,0.12778732180595398,0.07916592061519623,0.9885309338569641,0.0027763070538640022,-0.08691051602363586,0.08042827993631363,0.9929603338241577,0.03201141580939293,-0.08451791107654572,0.08290617913007736,0.9924507737159729,0.03201141580939293,-0.08451791107654572,0.08290617913007736,0.9924507737159729,-0.045556019991636276,-0.7174146175384521,-0.11973214149475098,0.6847664713859558,0.012757537886500359,-0.7249853610992432,-0.058408573269844055,0.6861647367477417,-0.08441388607025146,-0.7201465964317322,0.03373638167977333,0.68784099817276,-0.07250837236642838,0.21302145719528198,-0.05432341247797012,0.9728378057479858,-0.08344748616218567,-0.03110465034842491,-0.034867171198129654,0.9954161643981934,-0.08943857252597809,-0.030929911881685257,-0.03499264270067215,0.9948968887329102,-0.08943857252597809,-0.030929911881685257,-0.03499264270067215,0.9948968887329102,-0.08327368646860123,0.25470679998397827,0.06124645471572876,0.9614773988723755,-0.08296914398670197,0.2489970624446869,0.06153826415538788,0.9629795551300049,0.774615466594696,0.18345989286899567,-0.1792256236076355,0.5780931115150452,0.7899351119995117,0.07972633093595505,-0.11166813969612122,0.5976424217224121,0.5945612192153931,-0.23713640868663788,-0.5471005439758301,0.5393926501274109,0.6059707403182983,-0.22232913970947266,-0.5601418018341064,0.5192403197288513,0.6059707403182983,-0.22232913970947266,-0.5601418018341064,0.5192403197288513,0.011911227367818356,-0.616564154624939,0.15171465277671814,0.7724566459655762,0.06290227919816971,-0.603853702545166,0.19985410571098328,0.7690658569335938,-0.22246098518371582,-0.54383385181427,0.5300102233886719,0.6114285588264465,-0.0490238182246685,-0.709494948387146,0.5836989879608154,0.39180245995521545,0.05157814174890518,-0.6973329186439514,0.5517706274986267,0.4545500576496124,0.05157814174890518,-0.6973329186439514,0.5517706274986267,0.4545500576496124,-0.08327368646860123,0.25470679998397827,0.06124645471572876,0.9614773988723755
-0.24036852121353158,0.0,0.45826267004013055,-0.06962861120700836,0.2320779412984848,0.05880481004714966,0.9684181809425354,-2.230056619644165,-0.4171295762062073,-0.306537240743637,1.951516318321228,-0.40986847281455985,0.05050898417830464,-2.2671326160430914,0.1687796950340271,0.2787574648857117,2.0960827827453614,-0.4678903818130492,-0.004649418406188464,0.0,0.044732892513275335,2.139693713188172,0.29101957678794876,-0.9804573535919183,-0.035427667200565255,-2.1005621433258064,0.33928527832031313,0.8945087671279905,-0.4670079231262201,-0.2827992022037507,0.0,-1.0985503554344198,0.0,-0.9740273356437683,0.9754057645797776,-1.708800625801092,-0.442454320192337,-3.401773214340209,0.150943978130818,1.256741330027583,1.970670366287231,0.9202415317296999,-0.3701632320880895,-5.142520236968997,-0.04825552713591618,0.2331664085388212,2.181895995140078,0.9598205626010927,0.17399088144302566,0.0,3.473277091979974,5.903621864318843,2.87634506225585,9.380245971679688,1.7157816410064652,-11.473795890808105,9.98973922729492,-1.7087440013885575,9.776512908935546,-2.119391059875485,0.0,0.0,0.0,-0.06962861120700836,0.2320779412984848,0.05880481004714966,0.9684181809425354,-0.06962861120700836,0.2320779412984848,0.05880481004714966,0.9684181809425354,0.07408257573843002,-0.7216135263442993,0.3113965094089508,0.6138550639152527,-0.05466141924262047,-0.7704576849937439,0.15526652336120605,0.615872859954834,0.06336378306150436,-0.7698194980621338,0.059133902192115784,0.6323497295379639,-0.013503126800060272,0.09214664250612259,0.08560265600681305,0.9919672012329102,0.004169661086052656,-0.11165222525596619,0.08655571937561035,0.9899618625640869,0.029172513633966446,-0.1094435602426529,0.08930183947086334,0.9895435571670532,0.029172513633966446,-0.1094435602426529,0.08930183947086334,0.9895435571670532,-0.0327218696475029,-0.765449047088623,-0.14142024517059326,0.626910924911499,0.020252808928489685,-0.7746414542198181,-0.07641080021858215,0.627440869808197,-0.08767449110746384,-0.7699083089828491,0.011366255581378937,0.6320011615753174,-0.05342360958456993,0.1632106453180313,-0.07004973292350769,0.9826501607894897,-0.06807372719049454,-0.06903047114610672,-0.05565844476222992,0.9937318563461304,-0.07038892060518265,-0.06893667578697205,-0.05575793981552124,0.9935715198516846,-0.07038892060518265,-0.06893667578697205,-0.05575793981552124,0.9935715198516846,-0.06962861120700836,0.2320779412984848,0.05880481004714966,0.9684181809425354,-0.07056450098752975,0.2537350058555603,0.058754872530698776,0.9629054665565491,0.8106892704963684,0.17331665754318237,-0.19439756870269775,0.5243605375289917,0.8252692222595215,0.049134835600852966,-0.12429813295602798,0.5486953258514404,0.668086588382721,-0.19225646555423737,-0.5123000741004944,0.5042285919189453,0.6738826036453247,-0.18244853615760803,-0.5194509029388428,0.49271249771118164,0.6738826036453247,-0.18244853615760803,-0.5194509029388428,0.49271249771118164,0.028257453814148903,-0.719363808631897,0.1422145515680313,0.6793321371078491,0.13824601471424103,-0.6846156120300293,0.2659745514392853,0.6644147634506226,-0.1768486201763153,-0.6583114266395569,0.5315650105476379,0.5027813911437988,-0.05795138329267502,-0.7551542520523071,0.5632671117782593,0.3303239345550537,0.06149271875619888,-0.7412147521972656,0.5360507965087891,0.39933568239212036,0.06149271875619888,-0.7412147521972656,0.5360507965087891,0.39933568239212036,-0.06962861120700836,0.2320779412984848,0.05880481004714966,0.9684181809425354
-0.2550959199666977,0.0,0.4402503848075866,-0.0536014623939991,0.2204468846321106,0.05631876736879349,0.9722954034805298,-2.282954263687134,-0.41046809554100033,-0.27163358330726606,1.9829819917678835,-0.38821909427642814,0.040624259412288616,-2.3704361915588383,0.16064963340759272,0.29199025630950937,2.1345165729522706,-0.44175838232040393,-0.0006619305349886315,0.0,0.07271331548690801,2.2034503459930423,0.2998316943645477,-0.8397449016571039,-0.023379952833056425,-2.2584222793579105,0.47428020834922835,0.8459019184112546,-0.3211915671825404,-0.2786859214305877,0.0,-0.9645009279251076,0.0,-0.9285120368003842,1.5339934587478643,-1.5993324279785108,-0.5033146798610691,-2.9039380550384495,0.28372780382633256,1.6602930307388315,1.715427756309508,1.0864593029022216,-0.46405601501464877,-5.277498245239257,-0.2682076416909709,0.6074577331542974,2.1185601234436016,1.2984004259109498,0.26727530360221796,0.0,1.9707167625427189,4.0808835983276275,1.030542540550226,7.973006820678702,0.8692584514617894,-9.35380649566649,7.980070686340319,-2.453057336807251,8.2769769668579,-0.5933349847793501,0.0,0.0,0.0,-0.0536014623939991,0.2204468846321106,0.05631876736879349,0.9722954034805298,-0.0536014623939991,0.2204468846321106,0.05631876736879349,0.9722954034805298,0.07877010107040405,-0.7496023178100586,0.29929685592651367,0.5850752592086792,-0.042172692716121674,-0.7948887348175049,0.14029498398303986,0.5888045430183411,0.06562462449073792,-0.7932980060577393,0.058989670127630234,0.6024049520492554,-0.01342998631298542,0.06983394175767899,0.0871947854757309,0.9936498403549194,0.00364622101187706,-0.1231452077627182,0.08813412487506866,0.9884605407714844,0.023723825812339783,-0.12132853269577026,0.09060036391019821,0.9881842732429504,0.023723825812339783,-0.12132853269577026,0.09060036391019821,0.9881842732429504,-0.023171503096818924,-0.8001258373260498,-0.16419252753257751,0.5764567852020264,0.02333913743495941,-0.8106725811958313,-0.09958276152610779,0.5764967799186707,-0.09497689455747604,-0.8053500652313232,-0.014860964380204678,0.5849528908729553,-0.032553449273109436,0.12373389303684235,-0.09008415043354034,0.9876817464828491,-0.05125356838107109,-0.09567581117153168,-0.0805964469909668,0.9908195734024048,-0.05158476158976555,-0.09567096084356308,-0.08061312884092331,0.9908015131950378,-0.05158476158976555,-0.09567096084356308,-0.08061312884092331,0.9908015131950378,-0.0536014623939991,0.2204468846321106,0.05631876736879349,0.9722954034805298,-0.055097490549087524,0.255694180727005,0.05663374811410904,0.9635233879089355,0.8345359563827515,0.16612596809864044,-0.2025032788515091,0.4847104549407959,0.8480578660964966,0.03535056859254837,-0.1357455551624298,0.5110004544258118,0.7180981636047363,-0.15495091676712036,-0.48148083686828613,0.47801846265792847,0.7213890552520752,-0.14768880605697632,-0.4859837591648102,0.47074997425079346,0.7213890552520752,-0.14768880605697632,-0.4859837591648102,0.47074997425079346,0.039753507822752,-0.7801070213317871,0.1274670660495758,0.6112323999404907,0.1803191900253296,-0.7282606959342957,0.30862581729888916,0.5846978425979614,-0.14118017256259918,-0.7223986983299255,0.5265254974365234,0.42541664838790894,-0.06210324168205261,-0.7799484729766846,0.5458807945251465,0.2997293174266815,0.05763380602002144,-0.767120361328125,0.5236903429031372,0.3659963309764862,0.05763380602002144,-0.767120361328125,0.5236903429031372,0.3659963309764862,-0.0536014623939991,0.2204468846321106,0.05631876736879349,0.9722954034805298
-0.2641200423240664,0.0,0.4229355454444883,-0.03638659790158272,0.21431086957454681,0.053809259086847305,0.9746031761169434,-2.329375505447388,-0.40257295966148376,-0.23460768163204193,2.0108940601348877,-0.3666694760322571,0.02998502925038337,-2.470931768417359,0.14906218647956845,0.30657759308815,2.1680285930633545,-0.41542139649391163,0.0016280334675684539,0.0,0.08640134334564209,2.2448806762695312,0.29389539361000055,-0.7224670648574827,-0.01800406165421007,-2.379762411117554,0.5785170197486879,0.797862946987152,-0.20002919435501096,-0.2545976638793945,0.0,-0.45120608806610657,0.0,-0.865741908550266,1.66549515724182,-0.5640076994896098,-0.603636145591735,-2.321061849594117,0.39475676417350697,1.851294994354242,1.3956032991409277,1.0774809122085536,-0.5319615006446823,-5.024778366088861,-0.5793722867965689,0.7293667793273909,1.6756008863449077,1.3168492317199691,0.11449819058179808,0.0,0.6844013333320594,2.071516513824456,-0.29681500792503357,5.863891601562488,0.26879453659057595,-6.067006111145009,5.211840152740464,-2.401948451995845,6.058118343353252,1.2044128179550153,0.0,0.0,0.0,-0.03638659790158272,0.21431086957454681,0.053809259086847305,0.9746031761169434,-0.03638659790158272,0.21431086957454681,0.053809259086847305,0.9746031761169434,0.0843304917216301,-0.7715137600898743,0.2852741479873657,0.5623819828033447,-0.02980915643274784,-0.8129719495773315,0.12526576220989227,0.5678877830505371,0.06554187089204788,-0.8108737468719482,0.057942163199186325,0.578645646572113,-0.013814966194331646,0.054215461015701294,0.08638390898704529,0.9946897625923157,0.002165156649425626,-0.12803444266319275,0.08745481073856354,0.987903892993927,0.01697552017867565,-0.12670893967151642,0.08936446160078049,0.9877603650093079,0.01697552017867565,-0.12670893967151642,0.08936446160078049,0.9877603650093079,-0.015271607786417007,-0.8273276090621948,-0.18729935586452484,0.529353141784668,0.024187540635466576,-0.838977575302124,-0.12517482042312622,0.5290207266807556,-0.1041988730430603,-0.8328330516815186,-0.04293130710721016,0.5419304370880127,-0.01079805288463831,0.08939516544342041,-0.11217799037694931,0.9895999431610107,-0.033699341118335724,-0.11660196632146835,-0.10754001885652542,0.9867640733718872,-0.03289608657360077,-0.11668946593999863,-0.10744506865739822,0.9867912530899048,-0.03289608657360077,-0.11668946593999863,-0.10744506865739822,0.9867912530899048,-0.03638659790158272,0.21431086957454681,0.053809259086847305,0.9746031761169434,-0.038090772926807404,0.25621694326400757,0.054833609610795975,0.9643107056617737,0.8524873852729797,0.16048000752925873,-0.20712317526340485,0.4523397982120514,0.8648462891578674,0.030016638338565826,-0.1466294378042221,0.47920742630958557,0.7561822533607483,-0.12161348760128021,-0.4528307020664215,0.45644596219062805,0.7583536505699158,-0.11559484899044037,-0.45616066455841064,0.4510599970817566,0.7583536505699158,-0.11559484899044037,-0.45616066455841064,0.4510599970817566,0.0488186813890934,-0.8211676478385925,0.11052645742893219,0.557749330997467,0.20588386058807373,-0.7555260062217712,0.340165913105011,0.5206528902053833,-0.11147235333919525,-0.7633152604103088,0.5203166604042053,0.3663255274295807,-0.06395069509744644,-0.7954479455947876,0.530913770198822,0.28513768315315247,0.046945881098508835,-0.7846887707710266,0.513527512550354,0.34401917457580566,0.046945881098508835,-0.7846887707710266,0.513527512550354,0.34401917457580566,-0.03638659790158272,0.21431086957454681,0.053809259086847305,0.9746031761169434
-0.30619058012962347,0.0,0.38404414057731623,-0.026096440851688385,0.1601545512676239,0.05106445401906967,0.9854246973991394,-2.3815179347991946,-0.399162620306015,-0.23424711227416992,2.024453592300415,-0.36666579246520997,0.028525631502270696,-2.53176383972168,0.1431037575006485,0.31090707182884214,2.189574670791626,-0.3985258400440216,0.0010465112049132578,0.0,0.08612961322069168,2.244331216812134,0.28799853920936586,-0.6794234037399292,-0.013947351835668084,-2.4372844219207765,0.5974346041679383,0.7772035002708435,-0.19496964514255524,-0.24151661098003385,0.0,-1.4425985336303722,0.0,-1.513038909435273,1.4315083265304562,-3.506108319759372,-0.451092481613159,-2.4926974773406982,0.2602128773927687,0.7513350963592518,0.965027248859405,0.43110287189483576,-0.2565665304660794,-3.8348733425140367,-0.4105017662048338,0.42163107395172084,1.3166226863861081,1.033606350421905,0.028353612124919797,0.0,0.2656086206436153,0.81212282180786,-0.29563161730766296,3.6368664741516086,0.22921910583972926,-4.152462625503538,2.6522634506225558,-1.580562782287597,2.5750337600707973,0.8741966962814327,0.0,0.0,0.0,-0.026096440851688385,0.1601545512676239,0.05106445401906967,0.9854246973991394,-0.026096440851688385,0.1601545512676239,0.05106445401906967,0.9854246973991394,0.07441188395023346,-0.818199872970581,0.2794550955295563,0.496907114982605,-0.02565782517194748,-0.8573629260063171,0.11173836886882782,0.5017820000648499,0.07470089197158813,-0.8544878959655762,0.05232834070920944,0.5114020109176636,-0.00480416975915432,-0.019181612879037857,0.09109057486057281,0.9956462383270264,0.011882842518389225,-0.2003740668296814,0.09043987095355988,0.9754638671875,0.025801125913858414,-0.19906532764434814,0.09325326979160309,0.9751980304718018,0.025801125913858414,-0.19906532764434814,0.09325326979160309,0.9751980304718018,-0.00045627541840076447,-0.8662457466125488,-0.20415350794792175,0.45600375533103943,0.032295431941747665,-0.8785971403121948,-0.1417771577835083,0.4548882842063904,-0.1041768342256546,-0.8729758262634277,-0.06973996013402939,0.47137752175331116,0.014329036697745323,0.0189344584941864,-0.12431272864341736,0.9919588565826416,-0.010463116690516472,-0.17780907452106476,-0.12451741844415665,0.9760993719100952,-0.009949881583452225,-0.17787005007266998,-0.12443553656339645,0.9761040210723877,-0.009949881583452225,-0.17787005007266998,-0.12443553656339645,0.9761040210723877,-0.026096440851688385,0.1601545512676239,0.05106445401906967,0.9854246973991394,-0.027833428233861923,0.20241692662239075,0.05255894362926483,0.9774918556213379,0.86868816614151,0.13514357805252075,-0.15959405899047852,0.4490508735179901,0.8775882124900818,0.005306370090693235,-0.10142681747674942,0.46853315830230713,0.7929546236991882,-0.13269256055355072,-0.39709532260894775,0.44264107942581177,0.7946784496307373,-0.1277669370174408,-0.3995840549468994,0.43874189257621765,0.7946784496307373,-0.1277669370174408,-0.3995840549468994,0.43874189257621765,0.04809784144163132,-0.8663513660430908,0.10023154318332672,0.486904114484787,0.18881355226039886,-0.7984194755554199,0.35101038217544556,0.4512953460216522,-0.13527533411979675,-0.7994856834411621,0.5003080368041992,0.30366963148117065,-0.09095821529626846,-0.8245402574539185,0.5126381516456604,0.22149983048439026,0.0160138588398695,-0.8176929354667664,0.5047137141227722,0.27638009190559387,0.0160138588398695,-0.8176929354667664,0.5047137141227722,0.27638009190559387,-0.026096440851688385,0.1601545512676239,0.05106445401906967,0.9854246973991394
-0.34812304973602304,0.0,0.340229046344757,-0.016919003799557686,0.09936526417732239,0.048979345709085464,0.9937008023262024,-2.4273585796356203,-0.39626182317733766,-0.2343344897031784,2.0302165031433104,-0.3633662104606628,0.025778263062238682,-2.58877911567688,0.13320914208889004,0.3128074109554291,2.2056941986083984,-0.38140226602554317,-0.002579731680452845,0.0,0.08485619723796843,2.2384204387664797,0.28085656166076656,-0.6437778830528259,-0.013004950061440479,-2.4808095932006835,0.6101970672607422,0.7652171611785888,-0.1954488277435303,-0.23233780562877654,0.0,-2.0993847846984863,0.0,-2.092280864715577,1.229280042648315,-5.838656330108645,-0.2863245129585262,-2.4180677175521836,0.15523068755865088,0.00459006391465655,0.4440779328346237,0.09906112550234022,-0.11160899996757533,-2.9270994663238517,-0.4160070061683663,0.143599739670753,0.9145073890686024,0.8516182899475098,-0.12041772715747417,0.0,-0.043637078069150646,-0.1883125167340051,-0.33219638466835044,1.9302388429641708,0.10940625369548736,-2.456195163726804,0.7612255334854113,-0.7727791070938093,0.08681551814079172,0.5369851946830742,0.0,0.0,0.0,-0.016919003799557686,0.09936526417732239,0.048979345709085464,0.9937008023262024,-0.016919003799557686,0.09936526417732239,0.048979345709085464,0.9937008023262024,0.06243867054581642,-0.8604124188423157,0.27352970838546753,0.4254095256328583,-0.02255312353372574,-0.897419273853302,0.09883221983909607,0.4293743669986725,0.08251722157001495,-0.8939012885093689,0.047978922724723816,0.4379833936691284,0.0027798262890428305,-0.0994734987616539,0.09542156755924225,0.9904505014419556,0.0199640654027462,-0.27679720520973206,0.09334074705839157,0.9561759829521179,0.032319530844688416,-0.27557680010795593,0.09679987281560898,0.9558466076850891,0.032319530844688416,-0.27557680010795593,0.09679987281560898,0.9558466076850891,0.01615496352314949,-0.9004548788070679,-0.21852973103523254,0.37571918964385986,0.041485365480184555,-0.9129455089569092,-0.15823660790920258,0.37385931611061096,-0.10120874643325806,-0.9082777500152588,-0.09801505506038666,0.39393070340156555,0.04182983189821243,-0.05810743197798729,-0.1344873160123825,0.9883253574371338,0.015620755031704903,-0.24440482258796692,-0.13981130719184875,0.9594139456748962,0.014434760436415672,-0.24417458474636078,-0.14028233289718628,0.9594223499298096,0.014434760436415672,-0.24417458474636078,-0.14028233289718628,0.9594223499298096,-0.016919003799557686,0.09936526417732239,0.048979345709085464,0.9937008023262024,-0.018710292875766754,0.14138613641262054,0.05086304247379303,0.9884699583053589,0.8812145590782166,0.10721518099308014,-0.10513859987258911,0.44823169708251953,0.886545717716217,-0.020867876708507538,-0.049222540110349655,0.45954155921936035,0.8253849148750305,-0.14732907712459564,-0.3357156217098236,0.4293352961540222,0.8270256519317627,-0.14233708381652832,-0.33786237239837646,0.42616644501686096,0.8270256519317627,-0.14233708381652832,-0.33786237239837646,0.42616644501686096,0.046635325998067856,-0.904861330986023,0.09089997410774231,0.41326528787612915,0.1686139553785324,-0.8357664346694946,0.3585137724876404,0.3801732063293457,-0.16342869400978088,-0.8292614221572876,0.4781445264816284,0.23873500525951385,-0.12129969894886017,-0.8475881814956665,0.49316397309303284,0.1538507491350174,-0.01735839992761612,-0.8444128036499023,0.49441632628440857,0.2054712027311325,-0.01735839992761612,-0.8444128036499023,0.49441632628440857,0.2054712027311325,-0.016919003799557686,0.09936526417732239,0.048979345709085464,0.9937008023262024
-0.3897793829441072,0.0,0.2865665733814238,-0.010054479353129864,0.025883426889777184,0.048306357115507126,0.9984464645385742,-2.4605956554412844,-0.39438011050224303,-0.23531776070594787,2.0203861713409426,-0.3534748315811157,0.020454953238368018,-2.638160800933838,0.11544215381145471,0.30984947085380554,2.210960626602173,-0.36382265686988824,-0.012295415811240705,0.0,0.08157940953969954,2.2217870235443113,0.2712243378162384,-0.6229286432266234,-0.018291164375841634,-2.49634108543396,0.6106492877006531,0.7705770373344422,-0.20700547397136693,-0.23096349537372587,0.0,-2.086958646774292,0.0,-2.535412907600404,1.090568852424621,-6.952098941802983,-0.0971079349517816,-1.8509071826934795,0.1093718916177748,-0.03572514243423952,-0.2576179146766686,0.3956919669959471,-0.22752634882926978,-2.583587884902953,-0.7702637672424328,-0.075022807717324,0.42611789703368974,0.872139871120453,-0.3944425713270912,0.0,-0.13378879632800847,-0.670831153914334,-0.44425746798515353,1.2644062042236306,-0.17088144123554322,-1.1964797496795612,0.20726464986800963,0.007800579071047586,-0.41167030930519277,0.1857829332351673,0.0,0.0,0.0,-0.010054479353129864,0.025883426889777184,0.048306357115507126,0.9984464645385742,-0.010054479353129864,0.025883426889777184,0.048306357115507126,0.9984464645385742,0.046868279576301575,-0.897926390171051,0.26900020241737366,0.3452104926109314,-0.02170606516301632,-0.9332255721092224,0.08788426220417023,0.34770017862319946,0.08800056576728821,-0.9293198585510254,0.04647909104824066,0.35561227798461914,0.007434208877384663,-0.19293546676635742,0.09925363957881927,0.9761503338813782,0.024758052080869675,-0.3615567684173584,0.09639208018779755,0.9270234704017639,0.034273888915777206,-0.36055731773376465,0.09998510032892227,0.9267290830612183,0.034273888915777206,-0.36055731773376465,0.09998510032892227,0.9267290830612183,0.036199748516082764,-0.9300570487976074,-0.2290278971195221,0.2850083112716675,0.052945319563150406,-0.94166499376297,-0.1751018613576889,0.2824949622154236,-0.09297610074281693,-0.9385702013969421,-0.12935833632946014,0.3061172366142273,0.07388719171285629,-0.14757487177848816,-0.1410832405090332,0.9761443734169006,0.047180045396089554,-0.32175198197364807,-0.15195442736148834,0.9333593845367432,0.04149716719985008,-0.32076042890548706,-0.1540834605693817,0.9336214065551758,0.04149716719985008,-0.32076042890548706,-0.1540834605693817,0.9336214065551758,-0.010054479353129864,0.025883426889777184,0.048306357115507126,0.9984464645385742,-0.01194352563470602,0.06652257591485977,0.050411030650138855,0.9964390397071838,0.887604296207428,0.07445075362920761,-0.03735853359103203,0.4530121982097626,0.8891359567642212,-0.049835994839668274,0.01658507250249386,0.45461905002593994,0.8519026041030884,-0.16948449611663818,-0.26490700244903564,0.41876134276390076,0.8543390035629272,-0.16211473941802979,-0.2677842974662781,0.41486769914627075,0.8543390035629272,-0.16211473941802979,-0.2677842974662781,0.41486769914627075,0.04406020790338516,-0.9362585544586182,0.08430854976177216,0.33818721771240234,0.14367514848709106,-0.8676118850708008,0.36185407638549805,0.30930355191230774,-0.20085906982421875,-0.8506113290786743,0.4546775221824646,0.1714189201593399,-0.15853753685951233,-0.8624699711799622,0.4739713668823242,0.07976625859737396,-0.055263783782720566,-0.8633766174316406,0.48431795835494995,0.13024207949638367,-0.055263783782720566,-0.8633766174316406,0.48431795835494995,0.13024207949638367,-0.010054479353129864,0.025883426889777184,0.048306357115507126,0.9984464645385742
-0.39646618366241454,0.0,0.24722722172737116,-0.00780990906059742,-0.0234693493694067,0.046861156821250916,0.998595118522644,-2.484226369857788,-0.39229621887207033,-0.23966396152973177,1.9965041160583494,-0.33236656188964836,0.01169968172907827,-2.67088360786438,0.10376223921775816,0.3061062157154083,2.2020915031433104,-0.33823554515838616,-0.014609820954501626,0.0,0.08251824975013733,2.1946614742279054,0.2578120648860931,-0.6138325810432435,-0.02307095639407636,-2.4974942207336426,0.61080002784729,0.779896354675293,-0.22938331365585335,-0.23064620792865753,0.0,-1.0337306022644008,0.0,-2.2534299373626694,0.6944329738616932,-5.881474876403804,-0.07788282856345191,-1.3736628532409658,0.1001509949564934,-0.1500514291226867,-0.9130682170391097,0.8310756146907818,-0.36912432312965426,-1.969317722320555,-0.7057371616363519,-0.1714564412832261,-0.16074514389038225,1.1192054748535165,-0.26374580860137864,0.0,-0.037370544672011924,-1.1464347004890452,-0.5950126349925998,0.6898666620254505,-0.249118024110794,-0.34522389173507545,0.01356661207973954,0.3867770433425907,-0.9024680495262156,0.03700482845306386,0.0,0.0,0.0,-0.00780990906059742,-0.0234693493694067,0.046861156821250916,0.998595118522644,-0.00780990906059742,-0.0234693493694067,0.046861156821250916,0.998595118522644,0.03455615043640137,-0.9185777902603149,0.26695582270622253,0.2894051969051361,-0.022541537880897522,-0.9529896974563599,0.08282214403152466,0.2905907928943634,0.0915718525648117,-0.9488420486450195,0.04757751524448395,0.298412024974823,0.009663374163210392,-0.263228178024292,0.10279902070760727,0.9591924548149109,0.026491280645132065,-0.4182760715484619,0.09974399209022522,0.9024381041526794,0.031842492520809174,-0.41770192980766296,0.10203903168439865,0.902274489402771,0.031842492520809174,-0.41770192980766296,0.10203903168439865,0.902274489402771,0.048132315278053284,-0.945400059223175,-0.2331213653087616,0.2226128727197647,0.05974872037768364,-0.9562005996704102,-0.18380799889564514,0.21982991695404053,-0.08671631664037704,-0.9541455507278442,-0.1480838507413864,0.24527055025100708,0.09280632436275482,-0.2131926417350769,-0.14446237683296204,0.9618038535118103,0.06717127561569214,-0.37206071615219116,-0.157821387052536,0.9122232794761658,0.06049855798482895,-0.3709026873111725,-0.16051919758319855,0.9126908779144287,0.06049855798482895,-0.3709026873111725,-0.16051919758319855,0.9126908779144287,-0.00780990906059742,-0.0234693493694067,0.046861156821250916,0.998595118522644,-0.009793336503207684,0.017679138109087944,0.04908417910337448,0.9985901713371277,0.884286642074585,0.051412664353847504,0.006454414688050747,0.46406060457229614,0.883543848991394,-0.06624345481395721,0.058733612298965454,0.4599047303199768,0.8608320951461792,-0.18510004878044128,-0.21920454502105713,0.42030417919158936,0.8640413284301758,-0.1756320595741272,-0.22284284234046936,0.4158449172973633,0.8640413284301758,-0.1756320595741272,-0.22284284234046936,0.4158449172973633,0.0404939204454422,-0.952350914478302,0.08169534802436829,0.29105687141418457,0.12613357603549957,-0.8837188482284546,0.3642628788948059,0.26541322469711304,-0.22733940184116364,-0.8589161038398743,0.4405512511730194,0.12843121588230133,-0.1818276345729828,-0.8662870526313782,0.4645383358001709,0.0262619499117136,-0.079502634704113,-0.8696306943893433,0.4812149405479431,0.0765111893415451,-0.079502634704113,-0.8696306943893433,0.4812149405479431,0.0765111893415451,-0.00780990906059742,-0.0234693493694067,0.046861156821250916,0.998595118522644
-0.38566821813583374,0.0,0.21504943072795868,-0.007887400686740875,-0.060648638755083084,0.0450642965734005,0.9971101880073547,-2.503053903579712,-0.3901112377643585,-0.24569162726402283,1.9655961990356445,-0.30564984679222107,0.00122842937707901,-2.695276975631714,0.09512586146593094,0.30197030305862427,2.18615460395813,-0.30864468216896057,-0.013223586603999138,0.0,0.08556490391492844,2.16228985786438,0.24250976741313934,-0.6106131076812744,-0.027597537264227867,-2.4914581775665283,0.61080002784729,0.7911953926086426,-0.25717175006866455,-0.23085743188858032,0.0,0.5398983955383301,0.0,-1.6088894605636597,0.1695847511291504,-3.7188174724578857,-0.14365346357226372,-0.9413766264915466,0.109249047935009,-0.30138325318694115,-1.545395702123642,1.3358356654644012,-0.5235626101493835,-1.2196682691574097,-0.4318188726902008,-0.2067956179380417,-0.7968449592590332,1.4795430898666382,0.06931173801422119,0.0,0.15233269333839417,-1.61858069896698,-0.7651148438453674,0.1609736680984497,-0.2263290286064148,0.3018020987510681,0.0,0.5649518966674805,-1.3894217014312744,-0.010561197996139526,0.0,0.0,0.0,-0.007887400686740875,-0.060648638755083084,0.0450642965734005,0.9971101880073547,-0.007887400686740875,-0.060648638755083084,0.0450642965734005,0.9971101880073547,0.023949632421135902,-0.931560218334198,0.26640748977661133,0.24627019464969635,-0.024236885830760002,-0.9655303359031677,0.08079955726861954,0.24624209105968475,0.09425902366638184,-0.9612239599227905,0.050016868859529495,0.25428733229637146,0.010668483562767506,-0.32160714268684387,0.10617265850305557,0.9408413171768188,0.026706883683800697,-0.4610837697982788,0.10331114381551743,0.8809173107147217,0.027247952297329903,-0.46102023124694824,0.1035943254828453,0.8809007406234741,0.027247952297329903,-0.46102023124694824,0.1035943254828453,0.8809007406234741,0.0560116283595562,-0.9546650648117065,-0.23426882922649384,0.17491553723812103,0.06426464766263962,-0.9647237062454224,-0.1886143535375595,0.17205464839935303,-0.08157263696193695,-0.9634146094322205,-0.16058944165706635,0.19846713542938232,0.1051073893904686,-0.2666865289211273,-0.14627201855182648,0.9468026161193848,0.08137473464012146,-0.40905073285102844,-0.1606898158788681,0.8945582509040833,0.07545837014913559,-0.4079793393611908,-0.1633908450603485,0.8950766921043396,0.07545837014913559,-0.4079793393611908,-0.1633908450603485,0.8950766921043396,-0.007887400686740875,-0.060648638755083084,0.0450642965734005,0.9971101880073547,-0.009966626763343811,-0.018010307103395462,0.04736415296792984,0.9986655712127686,0.8766317367553711,0.033328138291835785,0.03817026689648628,0.47848618030548096,0.8745085000991821,-0.07637766748666763,0.08899315446615219,0.47061824798583984,0.8618203401565552,-0.19759100675582886,-0.18641383945941925,0.4283379316329956,0.8658244609832764,-0.18616792559623718,-0.1908349245786667,0.42340466380119324,0.8658244609832764,-0.18616792559623718,-0.1908349245786667,0.42340466380119324,0.03649222105741501,-0.9619264602661133,0.08118230849504471,0.25840914249420166,0.11250069737434387,-0.8930054903030396,0.3666526973247528,0.2354794144630432,-0.24850940704345703,-0.8616052865982056,0.4316222071647644,0.09788618981838226,-0.1981910616159439,-0.8651692271232605,0.46034979820251465,-0.01675082929432392,-0.09688179194927216,-0.8701530694961548,0.48198235034942627,0.03377269580960274,-0.09688179194927216,-0.8701530694961548,0.48198235034942627,0.03377269580960274,-0.007887400686740875,-0.060648638755083084,0.0450642965734005,0.9971101880073547
-0.3942672908306122,0.0,0.1721067905426025,-0.005504206288605928,-0.11050871759653091,0.039205845445394516,0.9930863380432129,-2.5070066928863524,-0.3849276900291443,-0.25322545170784,1.917138910293579,-0.27009418010711667,-0.0037902109790593445,-2.7050596714019775,0.08028924018144606,0.2997114181518555,2.1569687366485595,-0.2642402738332748,0.002423048391938229,0.0,0.09124070405960083,2.116741943359375,0.23212200105190275,-0.6349098443984985,-0.030300031602382663,-2.470600891113281,0.6093785643577576,0.7875332474708557,-0.2987684130668641,-0.24110651016235352,0.0,-0.042012834548950884,0.0,-1.9318349361419682,0.36476689577102683,-4.482727050781251,-0.3649347096681597,-0.49513432979583694,0.19920604676008236,-0.34656801819801336,-2.071876811981202,1.6010042428970341,-0.3599842667579649,-0.7813481807708735,-0.6178261518478396,-0.15048478990793224,-1.1943139076232914,1.9239494323730473,0.4971236959099774,0.0,0.23120707273483285,-2.0138697147369387,-0.617678928375244,-0.664512577652932,-0.17160643935203546,0.7464394271373753,-0.04264390468597417,0.11611640453338579,-1.8036684989929204,-0.3116968443617228,0.0,0.0,0.0,-0.005504206288605928,-0.11050871759653091,0.039205845445394516,0.9930863380432129,-0.005504206288605928,-0.11050871759653091,0.039205845445394516,0.9930863380432129,0.007078176364302635,-0.944484293460846,0.2615049183368683,0.1987828016281128,-0.031161241233348846,-0.9770593643188477,0.07603465020656586,0.1964753270149231,0.09249234199523926,-0.9731645584106445,0.050741128623485565,0.20450273156166077,0.011620506644248962,-0.39190781116485596,0.10496586561203003,0.9139231443405151,0.025642484426498413,-0.511390209197998,0.10236296057701111,0.8528448343276978,0.02407531812787056,-0.5115863084793091,0.10131147503852844,0.8528985381126404,0.02407531812787056,-0.5115863084793091,0.10131147503852844,0.8528985381126404,0.06371045857667923,-0.9618033170700073,-0.23727184534072876,0.12073777616024017,0.06877401471138,-0.970523476600647,-0.1985069215297699,0.11810829490423203,-0.07688847184181213,-0.9699227809906006,-0.17861202359199524,0.1464093178510666,0.12107455730438232,-0.32938677072525024,-0.15242864191532135,0.9239106178283691,0.09996406733989716,-0.4482935070991516,-0.16667333245277405,0.872502326965332,0.10091302543878555,-0.4485771059989929,-0.16594669222831726,0.8723857402801514,0.10091302543878555,-0.4485771059989929,-0.16594669222831726,0.8723857402801514,-0.005504206288605928,-0.11050871759653091,0.039205845445394516,0.9930863380432129,-0.007593593560159206,-0.06517787277698517,0.041758663952350616,0.9969706535339355,0.8652447462081909,0.0038558226078748703,0.07685591280460358,0.4954087734222412,0.860390841960907,-0.09980763494968414,0.1272403746843338,0.4832969307899475,0.8587387204170227,-0.22861835360527039,-0.1566692590713501,0.43099451065063477,0.8635624647140503,-0.21600718796253204,-0.1614571064710617,0.42606624960899353,0.8635624647140503,-0.21600718796253204,-0.1614571064710617,0.42606624960899353,0.028608815744519234,-0.9719292521476746,0.0769159197807312,0.2204972207546234,0.09345590323209763,-0.9040897488594055,0.3649449944496155,0.20175018906593323,-0.268663227558136,-0.8658190965652466,0.41654396057128906,0.0683274194598198,-0.21213428676128387,-0.8637349605560303,0.4524732232093811,-0.06503014266490936,-0.10768619924783707,-0.870098352432251,0.48080891370773315,-0.012467553839087486,-0.10768619924783707,-0.870098352432251,0.48080891370773315,-0.012467553839087486,-0.005504206288605928,-0.11050871759653091,0.039205845445394516,0.9930863380432129
-0.4020000040531158,0.0,0.14418269097805023,-0.0026121644768863916,-0.1420956254005432,0.033623404800891876,0.9892783164978027,-2.505331516265869,-0.38266569972038267,-0.2640658855438232,1.8613118171691896,-0.2275337994098665,-0.014979648124426525,-2.7115806102752686,0.06681370660662654,0.29509958028793337,2.120411014556885,-0.22095528542995466,0.01594628356397149,0.0,0.0981290742754936,2.0645428895950317,0.21553200483322155,-0.6569461464881896,-0.03289843797683715,-2.445747709274292,0.6081068038940429,0.7950672864913939,-0.34510350823402386,-0.25220506191253655,0.0,-0.4039628207683566,0.0,-1.6965757369995162,0.48360702991485605,-3.899546623229991,-0.4959076106548311,-0.028800484538079985,0.17153066396713346,-0.4758894681930532,-2.6439583301544167,1.9879246711730936,-0.43605589866638,-0.391282057762147,-0.7009983777999882,-0.18353282064199378,-1.6804488658905008,2.186637735366822,0.7186296880245215,0.0,0.32016709446907005,-2.4769298553466776,-0.7054552078247052,-1.1470236897468573,-0.1320020735263825,1.16274116039276,-0.06658208295702939,0.15277825891971253,-2.221986007690428,-0.5379381060600278,0.0,0.0,0.0,-0.0026121644768863916,-0.1420956254005432,0.033623404800891876,0.9892783164978027,-0.0026121644768863916,-0.1420956254005432,0.033623404800891876,0.9892783164978027,-0.004886961076408625,-0.9514265656471252,0.2561039328575134,0.1708054095506668,-0.0372886098921299,-0.9827672243118286,0.0705016702413559,0.16675636172294617,0.09241192787885666,-0.9791309833526611,0.04789438098669052,0.17455284297466278,0.016736291348934174,-0.4448591470718384,0.10255090147256851,0.8895525336265564,0.028325848281383514,-0.5429575443267822,0.10012052208185196,0.8332889676094055,0.022071262821555138,-0.5436514616012573,0.09606467187404633,0.8335031270980835,0.022071262821555138,-0.5436514616012573,0.09606467187404633,0.8335031270980835,0.06710285693407059,-0.9645446538925171,-0.24050986766815186,0.08547422289848328,0.06991320103406906,-0.9720408916473389,-0.2081596404314041,0.08317491412162781,-0.07375633716583252,-0.9717576503753662,-0.1936785876750946,0.11285290122032166,0.1328635811805725,-0.3764082193374634,-0.15908658504486084,0.902970552444458,0.11457595974206924,-0.4736870229244232,-0.1727013736963272,0.8559597730636597,0.12139333784580231,-0.47506579756736755,-0.16892120242118835,0.8550097942352295,0.12139333784580231,-0.47506579756736755,-0.16892120242118835,0.8550097942352295,-0.0026121644768863916,-0.1420956254005432,0.033623404800891876,0.9892783164978027,-0.004682231694459915,-0.09349339455366135,0.03651054948568344,0.9949392080307007,0.851714015007019,-0.016458839178085327,0.09899607300758362,0.5143072009086609,0.845712423324585,-0.11135081946849823,0.14770998060703278,0.5005529522895813,0.8498386144638062,-0.24967464804649353,-0.14265373349189758,0.4416864812374115,0.8554322123527527,-0.23607954382896423,-0.14798180758953094,0.43658173084259033,0.8554322123527527,-0.23607954382896423,-0.14798180758953094,0.43658173084259033,0.022307008504867554,-0.9764617681503296,0.07228904962539673,0.20198780298233032,0.08175257593393326,-0.9100295305252075,0.3613172173500061,0.18604525923728943,-0.28499680757522583,-0.8660846948623657,0.40712955594062805,0.05403364449739456,-0.22025546431541443,-0.8596217036247253,0.4501197934150696,-0.09965046495199203,-0.11233619600534439,-0.8668516874313354,0.4837128818035126,-0.044392865151166916,-0.11233619600534439,-0.8668516874313354,0.4837128818035126,-0.044392865151166916,-0.0026121644768863916,-0.1420956254005432,0.033623404800891876,0.9892783164978027
-0.4079999983310699,0.0,0.1462956726551056,0.0012731939787045121,-0.13757537305355072,0.028760580345988274,0.9900729656219482,-2.4924004077911377,-0.38624682426452633,-0.28151953816413877,1.7907451152801515,-0.1709639906883241,-0.038510676752775856,-2.711578035354614,0.05606034845113757,0.2857818365097046,2.069109582901001,-0.17990913689136515,0.02522271629422901,0.0,0.10744258463382719,1.999041557312012,0.18653754889965063,-0.6744615793228149,-0.03528866842389106,-2.4129027366638183,0.6071344494819642,0.8249936938285827,-0.4009154677391051,-0.2650025606155395,0.0,-0.32599046826362627,0.0,-0.34490718841553036,0.4497632026672364,-0.6221861839294505,-0.44626387357711805,0.4777164131402959,-0.09140950441360418,-0.7734842956066126,-3.3072407245635973,2.61834886074066,-0.9914274811744678,-0.097723954916001,-0.5785004973411563,-0.3952985689043994,-2.343915724754332,2.0858899593353275,0.5275236368179326,0.0,0.42929840087890603,-3.0755322456359853,-1.263655877113341,-0.9435846090316777,-0.12263415455818179,1.5223716735839836,-0.0531088083982468,1.1604347616434076,-2.648444938659667,-0.6143906831741331,0.0,0.0,0.0,0.0012731939787045121,-0.13757537305355072,0.028760580345988274,0.9900729656219482,0.0012731939787045121,-0.13757537305355072,0.028760580345988274,0.9900729656219482,-0.006998070981353521,-0.9505870342254639,0.2508692145347595,0.1827567219734192,-0.04195275902748108,-0.9810633659362793,0.06376559287309647,0.17801330983638763,0.09609565138816833,-0.9772545695304871,0.03812040761113167,0.1851649284362793,0.030278053134679794,-0.46650588512420654,0.09865957498550415,0.8784770965576172,0.03864450752735138,-0.5397964119911194,0.0958477109670639,0.8354277014732361,0.022539222612977028,-0.5415012836456299,0.08545052260160446,0.8360421657562256,0.022539222612977028,-0.5415012836456299,0.08545052260160446,0.8360421657562256,0.06219983473420143,-0.9633475542068481,-0.24541473388671875,0.08868110924959183,0.06465370953083038,-0.9698484539985657,-0.21831941604614258,0.08689268678426743,-0.07412201911211014,-0.9691716432571411,-0.2037290781736374,0.1170760840177536,0.1371939480304718,-0.39449167251586914,-0.167892187833786,0.8929538726806641,0.12161817401647568,-0.47313228249549866,-0.1794731616973877,0.853899359703064,0.1323733925819397,-0.47537490725517273,-0.17349429428577423,0.8522884845733643,0.1323733925819397,-0.47537490725517273,-0.17349429428577423,0.8522884845733643,0.0012731939787045121,-0.13757537305355072,0.028760580345988274,0.9900729656219482,-0.0007235724478960037,-0.08432379364967346,0.03213435411453247,0.9959198832511902,0.8373823165893555,-0.018414558842778206,0.08832122385501862,0.5391204953193665,0.8325852155685425,-0.09940988570451736,0.13298459351062775,0.5284265875816345,0.8311619758605957,-0.2512495815753937,-0.16045325994491577,0.4693593680858612,0.837307333946228,-0.23702187836170197,-0.1666533201932907,0.4636419415473938,0.837307333946228,-0.23702187836170197,-0.1666533201932907,0.4636419415473938,0.019240884110331535,-0.9723549485206604,0.0671267956495285,0.22282221913337708,0.08496414124965668,-0.9078291058540344,0.3547208905220032,0.20688334107398987,-0.294291615486145,-0.8604257106781006,0.40999841690063477,0.07043670862913132,-0.21761071681976318,-0.8537589907646179,0.46070605516433716,-0.107196144759655,-0.1050579771399498,-0.8603380918502808,0.4964929223060608,-0.04770774021744728,-0.1050579771399498,-0.8603380918502808,0.4964929223060608,-0.04770774021744728,0.0012731939787045121,-0.13757537305355072,0.028760580345988274,0.9900729656219482
-0.4099999964237213,0.0,0.14915504753589628,0.008205952122807503,-0.126326322555542,0.024434894323349,0.9916538000106812,-2.474717712402344,-0.387505441904068,-0.3104101181030273,1.708099889755249,-0.10945583283901222,-0.059196230769157386,-2.6989440441131594,0.04654454514384271,0.2720349192619324,2.017897844314575,-0.14141540825366977,0.04183862395584581,0.0,0.11018385738134384,1.9225022554397584,0.1702016294002533,-0.6973214983940125,-0.036388322710990906,-2.3665117740631105,0.6026247024536133,0.853957724571228,-0.4618204057216644,-0.2761078357696533,0.0,-0.17999981045722982,0.0,0.1280408695340156,0.6040952444076535,0.8813958942890161,-0.3731607973575593,0.7891029953956601,-0.10938101112842571,-1.2157903671264643,-3.8906905651092525,2.976640701293945,-1.09118709564209,0.37907121181487974,-0.5005412340164185,-0.5987623512744902,-2.56238055229187,1.9757347583770752,0.6840058505535123,0.0,0.2685083806514743,-3.606205558776855,-1.0699666738510138,-1.0361061453819271,-0.08079423308372505,2.048628163337707,-0.15473948344588262,1.4674489498138428,-2.943387222290039,-0.589108192920685,0.0,0.0,0.0,0.008205952122807503,-0.126326322555542,0.024434894323349,0.9916538000106812,0.008205952122807503,-0.126326322555542,0.024434894323349,0.9916538000106812,-0.005853630602359772,-0.9484565258026123,0.24304649233818054,0.2032839059829712,-0.04488575831055641,-0.9775065183639526,0.05588047206401825,0.19835308194160461,0.10671021044254303,-0.9727365970611572,0.02427935041487217,0.20446759462356567,0.051761869341135025,-0.48487037420272827,0.09571412950754166,0.8677904605865479,0.056972719728946686,-0.5316076278686523,0.09323477745056152,0.839913547039032,0.03204812854528427,-0.5340612530708313,0.07752242684364319,0.8412740230560303,0.03204812854528427,-0.5340612530708313,0.07752242684364319,0.8412740230560303,0.05679341405630112,-0.9601459503173828,-0.2528005540370941,0.10481596738100052,0.05915175378322601,-0.9657750725746155,-0.23038440942764282,0.10345421731472015,-0.07238062471151352,-0.9648551344871521,-0.2143481969833374,0.13368003070354462,0.14271873235702515,-0.40086227655410767,-0.1755574345588684,0.8877614736557007,0.13005007803440094,-0.4626047611236572,-0.18512827157974243,0.8572114706039429,0.1479927897453308,-0.46641820669174194,-0.17551779747009277,0.854251503944397,0.1479927897453308,-0.46641820669174194,-0.17551779747009277,0.854251503944397,0.008205952122807503,-0.126326322555542,0.024434894323349,0.9916538000106812,0.006413061171770096,-0.07166620343923569,0.028275776654481888,0.9970071315765381,0.8211063742637634,-0.017461765557527542,0.07507630437612534,0.5655465126037598,0.8170754313468933,-0.09012719988822937,0.11830379068851471,0.5570181012153625,0.8096209764480591,-0.2574767470359802,-0.17928612232208252,0.4960605502128601,0.8161935210227966,-0.24322225153446198,-0.1861380785703659,0.4899222254753113,0.8161935210227966,-0.24322225153446198,-0.1861380785703659,0.4899222254753113,0.018500035628676414,-0.9645166397094727,0.0593058280646801,0.2566092014312744,0.09374326467514038,-0.9034546613693237,0.3428983986377716,0.23958829045295715,-0.2969050407409668,-0.8547519445419312,0.4138689935207367,0.09979504346847534,-0.2066183090209961,-0.8510697484016418,0.4713059067726135,-0.10421114414930344,-0.089569091796875,-0.8558693528175354,0.507714033126831,-0.04112768918275833,-0.089569091796875,-0.8558693528175354,0.507714033126831,-0.04112768918275833,0.008205952122807503,-0.126326322555542,0.024434894323349,0.9916538000106812
-0.4099999964237213,0.0,0.1523876190185547,0.016660090535879135,-0.11168389022350311,0.020372269675135612,0.9933952689170837,-2.4546592235565186,-0.3876028060913086,-0.3450191617012024,1.6194154024124146,-0.04547850042581558,-0.07845904678106308,-2.6799943447113037,0.03764751926064491,0.2560734152793884,1.9667309522628784,-0.10419788956642151,0.06212426908314228,0.0,0.109639011323452,1.8404439687728882,0.1601949781179428,-0.7228536605834961,-0.03684268891811371,-2.313347816467285,0.5963462591171265,0.8824405670166016,-0.5252718329429626,-0.2863669991493225,0.0,0.0,0.0,0.16162855923175812,0.8525152206420898,1.4980887472629547,-0.28832805156707764,1.0029244422912598,-0.004868209362030029,-1.730452060699463,-4.4342241287231445,3.198866367340088,-0.9631407260894775,0.9474849104881287,-0.444851279258728,-0.7980751395225525,-2.5583443641662598,1.8608758449554443,1.0142821967601776,0.0,-0.027242302894592285,-4.102914333343506,-0.5003325343132019,-1.2766079902648926,-0.022718310356140137,2.6581976413726807,-0.31392213329672813,1.4241420030593872,-3.1725711822509766,-0.5129581689834595,0.0,0.0,0.0,0.016660090535879135,-0.11168389022350311,0.020372269675135612,0.9933952689170837,0.016660090535879135,-0.11168389022350311,0.020372269675135612,0.9933952689170837,-0.003078495617955923,-0.9451718330383301,0.23380042612552643,0.2279869168996811,-0.04692897945642471,-0.9725052714347839,0.04739236831665039,0.22312593460083008,0.12070318311452866,-0.966126024723053,0.008388197049498558,0.22794924676418304,0.07717642933130264,-0.5012921094894409,0.09318485856056213,0.8567768335342407,0.07927525043487549,-0.5206432938575745,0.09140598773956299,0.8451573252677917,0.04606764391064644,-0.5238276720046997,0.0709163099527359,0.8476161956787109,0.04606764391064644,-0.5238276720046997,0.0709163099527359,0.8476161956787109,0.05110684037208557,-0.9554533958435059,-0.26129740476608276,0.1273597627878189,0.05349503085017204,-0.9602024555206299,-0.24326695501804352,0.1263752281665802,-0.06954838335514069,-0.959173321723938,-0.22513920068740845,0.1564028561115265,0.1488530933856964,-0.40141263604164124,-0.18266743421554565,0.88506680727005,0.13913865387439728,-0.44695815443992615,-0.19017116725444794,0.8629621863365173,0.16587267816066742,-0.45264872908592224,-0.17619818449020386,0.8582246899604797,0.16587267816066742,-0.45264872908592224,-0.17619818449020386,0.8582246899604797,0.016660090535879135,-0.11168389022350311,0.020372269675135612,0.9933952689170837,0.015136785805225372,-0.057250674813985825,0.024670418351888657,0.997940182685852,0.8032644987106323,-0.015042359009385109,0.06049790605902672,0.5923511385917664,0.7997919917106628,-0.08211449533700943,0.1035691350698471,0.5855454206466675,0.7859300971031189,-0.26579228043556213,-0.19845938682556152,0.5218067169189453,0.792859673500061,-0.2518264949321747,-0.20584629476070404,0.5153486728668213,0.792859673500061,-0.2518264949321747,-0.20584629476070404,0.5153486728668213,0.01889726147055626,-0.9535265564918518,0.05007921904325485,0.296516478061676,0.10517238080501556,-0.8967400193214417,0.32799118757247925,0.27788108587265015,-0.2958858013153076,-0.8482336401939392,0.4178330898284912,0.13552427291870117,-0.1913970708847046,-0.8497350215911865,0.48178258538246155,-0.09593275934457779,-0.06993803381919861,-0.852046012878418,0.5179296731948853,-0.029583213850855827,-0.06993803381919861,-0.852046012878418,0.5179296731948853,-0.029583213850855827,0.016660090535879135,-0.11168389022350311,0.020372269675135612,0.9933952689170837
-0.4099999964237213,0.0,0.1578363299369812,0.0006606429815292358,-0.10605502873659134,0.019068296998739243,0.9941772222518921,-2.4066316604614255,-0.3861657500267029,-0.39476485848426823,1.5059824228286742,0.025438560545444563,-0.09691700339317325,-2.6177806854248047,0.02305388376116751,0.23615908622741696,1.9162004232406615,-0.07933778166770933,0.08717891126871112,0.0,0.12702166140079502,1.748405647277832,0.16126244366168976,-0.7712725400924683,-0.043283057212829594,-2.219884490966797,0.5804071068763733,0.9266042828559876,-0.5863704800605775,-0.2785277783870697,0.0,0.0,0.0,0.22811275124549873,-0.6115903854370133,0.9217385411262505,-0.29560341835021975,1.8419965267181406,0.041164394188672356,-2.184551620483399,-5.1766787528991705,3.4070582866668704,-0.9389949440956116,2.2454035639762893,-0.6157495498657228,-0.9166598916053773,-2.5392534732818604,1.4901535034179685,1.1573521852493287,0.0,0.5105825562030083,-4.40231523513794,-0.16810904741287197,-1.9632094383239753,-0.20229835323989412,3.867178535461427,-0.6037433862686161,1.8945682048797612,-3.1019877433776855,0.02999331951141415,0.0,0.0,0.0,0.0006606429815292358,-0.10605502873659134,0.019068296998739243,0.9941772222518921,0.0006606429815292358,-0.10605502873659134,0.019068296998739243,0.9941772222518921,-0.008431414142251015,-0.93446946144104,0.2463010847568512,0.2569658160209656,-0.05756998807191849,-0.9643653631210327,0.0624094158411026,0.2505795359611511,0.13252967596054077,-0.9569272994995117,0.011562625877559185,0.25805506110191345,0.08908216655254364,-0.5217083096504211,0.09870626777410507,0.8426991701126099,0.08763542771339417,-0.5109770894050598,0.10005197674036026,0.849242091178894,0.04636517912149429,-0.5152412056922913,0.07523465156555176,0.8524767160415649,0.04636517912149429,-0.5152412056922913,0.07523465156555176,0.8524767160415649,0.044173531234264374,-0.9548261761665344,-0.2443535327911377,0.16323918104171753,0.04587462171912193,-0.9576004147529602,-0.2333090901374817,0.16267715394496918,-0.06727436184883118,-0.9562748670578003,-0.21272653341293335,0.18910332024097443,0.1354239135980606,-0.3952828645706177,-0.17712602019309998,0.8910881280899048,0.12824887037277222,-0.4302821755409241,-0.1824762523174286,0.8747067451477051,0.16632822155952454,-0.43772685527801514,-0.1636810004711151,0.8682965040206909,0.16632822155952454,-0.43772685527801514,-0.1636810004711151,0.8682965040206909,0.0006606429815292358,-0.10605502873659134,0.019068296998739243,0.9941772222518921,-0.0009557693265378475,-0.04286368191242218,0.022942878305912018,0.998816967010498,0.7654913663864136,-0.009534390643239021,0.0478629507124424,0.6415929198265076,0.7624788880348206,-0.07426980137825012,0.09542753547430038,0.6356128454208374,0.7434464693069458,-0.29030776023864746,-0.2123125195503235,0.5638546943664551,0.7523027658462524,-0.2748558223247528,-0.22186973690986633,0.5561193227767944,0.7523027658462524,-0.2748558223247528,-0.22186973690986633,0.5561193227767944,0.010941862128674984,-0.9359223246574402,0.0635572224855423,0.3462517261505127,0.10929375886917114,-0.8785914182662964,0.3288087248802185,0.32865917682647705,-0.30301642417907715,-0.8254021406173706,0.444344162940979,0.17161208391189575,-0.17635664343833923,-0.8348696827888489,0.514972984790802,-0.08181610703468323,-0.05966811254620552,-0.834579348564148,0.5474846363067627,-0.01333449874073267,-0.05966811254620552,-0.834579348564148,0.5474846363067627,-0.01333449874073267,0.0006606429815292358,-0.10605502873659134,0.019068296998739243,0.9941772222518921
-0.4099999964237213,0.0,0.1575591295957565,-0.014397606253623962,-0.10767415910959244,0.017676416784524918,0.9939247965812683,-2.351000118255615,-0.3853966295719147,-0.4485121846199037,1.3943641901016233,0.0994675353169443,-0.11914615631103523,-2.554010200500488,0.006947872228920417,0.21029634475708,1.8530622720718382,-0.046785393357276814,0.1150462895631791,0.0,0.14792899191379552,1.653566002845764,0.17433383166790017,-0.8384277462959292,-0.04879043251276017,-2.0973129034042355,0.5284508645534512,0.9784935474395754,-0.6538947820663454,-0.2564193129539489,0.0,0.0,0.0,0.10065821409225348,-1.523482227325439,0.09956206083297436,-0.2944079637527465,2.629497289657594,0.05181472897529589,-2.6073335647583016,-5.61720609664917,3.6392103195190435,-1.0360336542129525,3.157387495040894,-0.7750530362129214,-1.1741687536239636,-2.9047549247741724,1.4737736701965347,1.3371141672134406,0.0,0.9748728752136238,-4.685955524444581,0.41349094733596087,-2.983033561706547,-0.2940285980701445,5.546413612365728,-1.8774701714515758,2.439952135086061,-3.247701740264894,0.8200383245945005,0.0,0.0,0.0,-0.014397606253623962,-0.10767415910959244,0.017676416784524918,0.9939247965812683,-0.014397606253623962,-0.10767415910959244,0.017676416784524918,0.9939247965812683,-0.015656178817152977,-0.9240886569023132,0.25688835978507996,0.282530277967453,-0.06947524845600128,-0.9561814069747925,0.07516410946846008,0.2743006646633148,0.1448265165090561,-0.9477039575576782,0.01203162781894207,0.28414392471313477,0.10336806625127792,-0.5441023111343384,0.10184014588594437,0.826375424861908,0.09811956435441971,-0.5023655891418457,0.10712656378746033,0.8523644804954529,0.04717697948217392,-0.5078308582305908,0.07705942541360855,0.8567053079605103,0.04717697948217392,-0.5078308582305908,0.07705942541360855,0.8567053079605103,0.03863983228802681,-0.9536713361740112,-0.22782418131828308,0.1926501840353012,0.03923506289720535,-0.9544674754142761,-0.22449781000614166,0.1924924999475479,-0.06117336452007294,-0.9532759189605713,-0.20317785441875458,0.2150384783744812,0.12592343986034393,-0.40062668919563293,-0.17100265622138977,0.8912911415100098,0.12177310883998871,-0.4213597774505615,-0.17386458814144135,0.8817019462585449,0.1722586452960968,-0.4306045472621918,-0.14931389689445496,0.8732765913009644,0.1722586452960968,-0.4306045472621918,-0.14931389689445496,0.8732765913009644,-0.014397606253623962,-0.10767415910959244,0.017676416784524918,0.9939247965812683,-0.01614965870976448,-0.034006040543317795,0.02109462022781372,0.9990684986114502,0.7241358757019043,-0.007516915909945965,0.03925029933452606,0.6884984970092773,0.7209532260894775,-0.07382261753082275,0.09535691142082214,0.6824102401733398,0.6990444660186768,-0.3270621597766876,-0.22249215841293335,0.595704972743988,0.7100854516029358,-0.31062719225883484,-0.2338094413280487,0.5870457291603088,0.7100854516029358,-0.31062719225883484,-0.2338094413280487,0.5870457291603088,0.0018544665072113276,-0.9127400517463684,0.0749858096241951,0.4015963077545166,0.10478565096855164,-0.8613544702529907,0.3116307854652405,0.3872658610343933,-0.32020050287246704,-0.7975282669067383,0.46098870038986206,0.2211553156375885,-0.17127946019172668,-0.8203119039535522,0.5428351163864136,-0.055515170097351074,-0.06487031280994415,-0.8192440271377563,0.5696651339530945,0.010625083930790424,-0.06487031280994415,-0.8192440271377563,0.5696651339530945,0.010625083930790424,-0.014397606253623962,-0.10767415910959244,0.017676416784524918,0.9939247965812683
-0.4099999964237213,0.0,0.1458301067352295,-0.027567196637392044,-0.12380813807249069,0.016112901270389557,0.9917923212051392,-2.2801606178283693,-0.3859633803367615,-0.510262769460678,1.286375451087952,0.1797203376889227,-0.14891770184040062,-2.4871260643005373,-0.012182894162833649,0.1725367784500123,1.7647088766098025,0.0011515557765959666,0.1485391363501548,0.0,0.17588568329811088,1.553123712539673,0.21141306459903708,-0.9430556058883665,-0.05243182182312011,-1.9165247917175297,0.4044604420661929,1.045833909511566,-0.734270393848419,-0.2057723581790925,0.0,0.0,0.0,-0.41467378139495736,-1.3309461832046514,-1.2142670273780793,-0.276270866394043,3.3138554096221906,-0.00829947143793093,-2.967480278015136,-5.453878879547119,3.9192825794219965,-1.375441348552703,3.2975018024444576,-0.911166954040527,-1.7095258355140674,-4.039441061019895,2.1660788536071762,1.590260195732116,0.0,1.2920941233634942,-4.938074588775634,1.4938439689576601,-4.66930303573608,-0.21005923748016375,8.166157054901117,-5.119008028507225,3.135251522064207,-3.8260106086730943,2.104270273447034,0.0,0.0,0.0,-0.027567196637392044,-0.12380813807249069,0.016112901270389557,0.9917923212051392,-0.027567196637392044,-0.12380813807249069,0.016112901270389557,0.9917923212051392,-0.026632210239768028,-0.9157552123069763,0.26400959491729736,0.3016320765018463,-0.08398870378732681,-0.9493896961212158,0.08348041772842407,0.2909231185913086,0.15825395286083221,-0.9398715496063232,0.0071066804230213165,0.3025669753551483,0.12242264300584793,-0.5705873966217041,0.10022696852684021,0.8058518767356873,0.11286984384059906,-0.4959888756275177,0.1110805794596672,0.8537660837173462,0.0490247868001461,-0.5028564929962158,0.07390909641981125,0.8598077297210693,0.0490247868001461,-0.5028564929962158,0.07390909641981125,0.8598077297210693,0.036013782024383545,-0.9537145495414734,-0.21271243691444397,0.20948728919029236,0.034663520753383636,-0.9524117708206177,-0.21850556135177612,0.20967990159988403,-0.04754367098212242,-0.9518188238143921,-0.19974982738494873,0.22777292132377625,0.12426269054412842,-0.4288378655910492,-0.1636882722377777,0.879694938659668,0.12424018979072571,-0.42832618951797485,-0.16358211636543274,0.8799669742584229,0.1891889125108719,-0.43922924995422363,-0.13131050765514374,0.8683563470840454,0.1891889125108719,-0.43922924995422363,-0.13131050765514374,0.8683563470840454,-0.027567196637392044,-0.12380813807249069,0.016112901270389557,0.9917923212051392,-0.02954314835369587,-0.036237552762031555,0.019020436331629753,0.9987253546714783,0.678865909576416,-0.012525392696261406,0.03890800476074219,0.733123779296875,0.6740235090255737,-0.08844433724880219,0.11177877336740494,0.7248278856277466,0.6534481048583984,-0.38900065422058105,-0.22595050930976868,0.6087941527366638,0.6669726371765137,-0.37247222661972046,-0.23816534876823425,0.5997411012649536,0.6669726371765137,-0.37247222661972046,-0.23816534876823425,0.5997411012649536,-0.009434717707335949,-0.8796797394752502,0.08233635127544403,0.468289852142334,0.08295044302940369,-0.8450946807861328,0.2582683265209198,0.4606861472129822,-0.3569001257419586,-0.758586049079895,0.4571482241153717,0.2969595789909363,-0.1862679123878479,-0.8070293664932251,0.5603418350219727,-0.0049923136830329895,-0.10102669149637222,-0.8086833953857422,0.5773491859436035,0.04992830008268356,-0.10102669149637222,-0.8086833953857422,0.5773491859436035,0.04992830008268356,-0.027567196637392044,-0.12380813807249069,0.016112901270389557,0.9917923212051392
-0.4099999964237213,0.0,0.1499885767698288,-0.04918057844042778,-0.12984247505664825,0.01821015030145645,0.9901468753814697,-2.2416993141174317,-0.3665028274059296,-0.528806459903717,1.19787495136261,0.22561674118041988,-0.16664685010910033,-2.3967333793640138,-0.021243474632501598,0.1446966886520386,1.6917259931564332,0.009811513870954525,0.17364092171192166,0.0,0.22149314582347862,1.4533034563064575,0.25140064060688017,-1.0739786982536315,-0.05349997133016586,-1.6731909990310672,0.18539466261863738,1.0788278579711914,-0.8740864992141721,-0.11531977057456982,0.0,0.0,0.0,-0.109826338291169,-1.8056383132934561,-1.048634672164918,-0.13779392242431662,2.570628976821901,0.5724815268069495,-1.79132242202759,-4.814789390563966,2.9819482803344743,-1.1273053169250495,4.049462938308714,-0.6544326663017278,-1.5903939008712773,-3.956554317474366,1.2185375213623066,1.4229103803634648,0.0,1.9273576259613028,-5.003453159332276,1.9412118673324583,-6.020249748229979,-0.10487226247787489,10.9157751083374,-9.051781368255611,2.3366256237030045,-5.801994991302488,3.7265165328979473,0.0,0.0,0.0,-0.04918057844042778,-0.12984247505664825,0.01821015030145645,0.9901468753814697,-0.04918057844042778,-0.12984247505664825,0.01821015030145645,0.9901468753814697,-0.035994753241539,-0.906240701675415,0.28139999508857727,0.31344231963157654,-0.09246565401554108,-0.9423035383224487,0.11151120066642761,0.30179405212402344,0.15701165795326233,-0.9337296485900879,0.028785549104213715,0.3204180598258972,0.11401674896478653,-0.5904818177223206,0.11292359232902527,0.7909359931945801,0.10040132701396942,-0.4977172911167145,0.12478941679000854,0.8524228930473328,0.029130088165402412,-0.506473183631897,0.08290954679250717,0.8577659130096436,0.029130088165402412,-0.506473183631897,0.08290954679250717,0.8577659130096436,0.02892220765352249,-0.9499439001083374,-0.18802696466445923,0.24782221019268036,0.02622220851480961,-0.9479037523269653,-0.1980912685394287,0.24809426069259644,-0.04241642355918884,-0.9472053050994873,-0.1799597144126892,0.2619495987892151,0.10690788179636002,-0.43212103843688965,-0.15049482882022858,0.8827193975448608,0.10769958794116974,-0.42780619859695435,-0.14987030625343323,0.8848285675048828,0.18406608700752258,-0.43903058767318726,-0.11223658919334412,0.8722240328788757,0.18406608700752258,-0.43903058767318726,-0.11223658919334412,0.8722240328788757,-0.04918057844042778,-0.12984247505664825,0.01821015030145645,0.9901468753814697,-0.05180705338716507,-0.01948701962828636,0.01907036267220974,0.9982848167419434,0.6244884133338928,-0.0013461802154779434,0.027901269495487213,0.7805343270301819,0.6197434663772583,-0.08484361320734024,0.12111349403858185,0.7707471251487732,0.5969730019569397,-0.44852399826049805,-0.23479768633842468,0.6223499774932861,0.6124152541160583,-0.4331163763999939,-0.24737390875816345,0.6133221387863159,0.6124152541160583,-0.4331163763999939,-0.24737390875816345,0.6133221387863159,-0.027487285435199738,-0.8184646964073181,0.093437060713768,0.5662413835525513,0.015084529295563698,-0.8061608076095581,0.1759503334760666,0.5647289752960205,-0.40544694662094116,-0.6809508800506592,0.4417131245136261,0.42048561573028564,-0.19720275700092316,-0.7862787842750549,0.5797629356384277,0.08216939121484756,-0.1492120623588562,-0.7872176766395569,0.5875012278556824,0.11343047022819519,-0.1492120623588562,-0.7872176766395569,0.5875012278556824,0.11343047022819519,-0.04918057844042778,-0.12984247505664825,0.01821015030145645,0.9901468753814697
-0.4099999964237213,0.0,0.16209079325199127,-0.07498972862958908,-0.13077037036418915,0.022129539400339127,0.9883248209953308,-2.2194271087646484,-0.3370286226272583,-0.5257467031478882,1.119118571281433,0.254334956407547,-0.17835479974746704,-2.294586420059204,-0.025268960744142532,0.12181633710861206,1.6264283657073975,-0.0011670291423797607,0.19454717636108398,0.0,0.27592599391937256,1.3537942171096802,0.29284238815307617,-1.21804940700531,-0.053281500935554504,-1.3985843658447266,-0.08120879530906677,1.0946485996246338,-1.0436228513717651,-0.004964366555213928,0.0,0.0,0.0,0.6051108241081238,-2.6139445304870605,-0.14327168464660645,0.06085294485092163,1.1136102676391602,1.4737101215869188,0.15298771858215376,-3.937818765640259,1.435910701751709,-0.5853974223136902,5.10734748840332,-0.20127427577972412,-1.1440174579620361,-3.264881134033203,-0.5489270687103271,1.0453126430511475,0.0,2.721642255783081,-4.975461483001709,2.072087287902832,-7.203535079956055,0.010923519730567932,13.730330467224121,-13.330172538757324,0.7910370826721191,-8.47681713104248,5.517769813537598,0.0,0.0,0.0,-0.07498972862958908,-0.13077037036418915,0.022129539400339127,0.9883248209953308,-0.07498972862958908,-0.13077037036418915,0.022129539400339127,0.9883248209953308,-0.044532377272844315,-0.8957559466362,0.3038007318973541,0.3214705288410187,-0.09781793504953384,-0.9340204000473022,0.14926309883594513,0.3094480335712433,0.1482534259557724,-0.9273529052734375,0.06372351199388504,0.3376046121120453,0.09181791543960571,-0.6067166328430176,0.13269978761672974,0.7783669829368591,0.074246846139431,-0.503101110458374,0.14327305555343628,0.8490285873413086,-0.0016620358219370246,-0.5138617157936096,0.09789793193340302,0.8522672057151794,-0.0016620358219370246,-0.5138617157936096,0.09789793193340302,0.8522672057151794,0.019525285810232162,-0.9417450428009033,-0.1580692082643509,0.2962249219417572,0.015781179070472717,-0.9396727681159973,-0.16995473206043243,0.2964479625225067,-0.04144645109772682,-0.9388909339904785,-0.1515946388244629,0.30624350905418396,0.08165282011032104,-0.42268896102905273,-0.13428165018558502,0.8925442695617676,0.081574447453022,-0.4232097268104553,-0.13432927429676056,0.8922975063323975,0.16784897446632385,-0.4342551529407501,-0.0925920158624649,0.8801567554473877,0.16784897446632385,-0.4342551529407501,-0.0925920158624649,0.8801567554473877,-0.07498972862958908,-0.13077037036418915,0.022129539400339127,0.9883248209953308,-0.07844381034374237,0.006771653424948454,0.020161131396889687,0.9966916441917419,0.5631564855575562,0.01790711283683777,0.011474396102130413,0.8260765671730042,0.5598430633544922,-0.07185521721839905,0.1264769732952118,0.8157304525375366,0.5327073931694031,-0.5047495365142822,-0.2453167885541916,0.6334590315818787,0.5496523976325989,-0.49109819531440735,-0.2579100430011749,0.6246496438980103,0.5496523976325989,-0.49109819531440735,-0.2579100430011749,0.6246496438980103,-0.04845867678523064,-0.7319532632827759,0.1050545945763588,0.6714609265327454,-0.07567550241947174,-0.7356144189834595,0.07525565475225449,0.6689403653144836,-0.44914141297340393,-0.5669930577278137,0.40922197699546814,0.5561728477478027,-0.2042955756187439,-0.7547118663787842,0.5948313474655151,0.1866787075996399,-0.20227807760238647,-0.7549153566360474,0.5948116779327393,0.18811020255088806,-0.20227807760238647,-0.7549153566360474,0.5948116779327393,0.18811020255088806,-0.07498972862958908,-0.13077037036418915,0.022129539400339127,0.9883248209953308
-0.4099999964237213,0.0,0.16683631837368013,-0.08936800062656403,-0.1505950689315796,0.021349357441067696,0.9843164086341858,-2.120976877212524,-0.25874213874340024,-0.5838624119758609,1.0547336101531979,0.26506264805793767,-0.17401975989341734,-2.209073162078857,0.004252348095178736,0.09868158251047124,1.583801484107971,0.042662653094157774,0.20248712301254276,0.0,0.38047862648963976,1.251730585098266,0.3053435564041138,-1.3785216093063362,-0.02243064120411859,-1.0229675292968734,-0.4114017993211761,0.9318910837173455,-1.2962945938110364,0.1032432454638188,0.0,0.0,0.0,0.3844100594520559,-1.8838791370391814,-1.2870824664831213,-0.040223748981953106,3.3989507675171002,2.938078427314765,-1.682276001572617,-3.506676197052,0.8961950302124,-0.10410777330398346,4.608336734771727,0.8051295131444975,-1.1516495943069458,-2.584758901596066,1.095319497585304,0.6563234567642195,0.0,4.225235843658454,-5.052093410491944,1.2038699626922569,-7.695580101013186,0.9298951765522402,16.76063613891603,-15.237858581542977,-4.5663102746010065,-10.970878982543956,5.453336143493652,0.0,0.0,0.0,-0.08936800062656403,-0.1505950689315796,0.021349357441067696,0.9843164086341858,-0.08936800062656403,-0.1505950689315796,0.021349357441067696,0.9843164086341858,-0.0599508211016655,-0.8831576108932495,0.30763760209083557,0.34899550676345825,-0.10382864624261856,-0.9154090285301208,0.19082364439964294,0.33886921405792236,0.16363783180713654,-0.9064972400665283,0.08442904055118561,0.37994349002838135,0.09936036914587021,-0.5920471549034119,0.15509428083896637,0.784572184085846,0.07791604846715927,-0.483193039894104,0.16688969731330872,0.8559213876724243,0.0032515707425773144,-0.49584388732910156,0.12424587458372116,0.8594714403152466,0.0032515707425773144,-0.49584388732910156,0.12424587458372116,0.8594714403152466,0.012632304802536964,-0.9376457333564758,-0.14099179208278656,0.3174622356891632,0.013517126441001892,-0.9378946423530579,-0.1390593945980072,0.31754270195961,-0.03277169540524483,-0.9373291730880737,-0.12336335331201553,0.3242247402667999,0.06512783467769623,-0.42777150869369507,-0.1097569465637207,0.8948314189910889,0.06709589064121246,-0.4085347652435303,-0.10858526080846786,0.9037735462188721,0.15812820196151733,-0.41734808683395386,-0.06678346544504166,0.8923877477645874,0.15812820196151733,-0.41734808683395386,-0.06678346544504166,0.8923877477645874,-0.08936800062656403,-0.1505950689315796,0.021349357441067696,0.9843164086341858,-0.09343359619379044,0.03893175721168518,0.015279414132237434,0.994746744632721,0.5070158243179321,0.04130280762910843,-0.009641237556934357,0.8608925938606262,0.5073524117469788,-0.04413571208715439,0.1164422333240509,0.8526939153671265,0.4663989543914795,-0.557029128074646,-0.26346462965011597,0.6346472501754761,0.47394514083862305,-0.5517193078994751,-0.26896581053733826,0.6313788294792175,0.47394514083862305,-0.5517193078994751,-0.26896581053733826,0.6313788294792175,-0.07265524566173553,-0.6096938848495483,0.09071619808673859,0.7840695381164551,-0.24239344894886017,-0.616852879524231,-0.02122269943356514,0.7485235929489136,-0.5014775395393372,-0.42429929971694946,0.3035138249397278,0.6901955604553223,-0.2345995306968689,-0.7370803952217102,0.5676737427711487,0.281819224357605,-0.275892436504364,-0.7274770736694336,0.5750219225883484,0.25300273299217224,-0.275892436504364,-0.7274770736694336,0.5750219225883484,0.25300273299217224,-0.08936800062656403,-0.1505950689315796,0.021349357441067696,0.9843164086341858
-0.4119999945163727,0.0,0.17000000178813934,-0.0996100902557373,-0.1723698079586029,0.014306488446891308,0.9798785448074341,-2.00217843055725,-0.16789033710956497,-0.6110141873359678,0.9537955284118641,0.2661419093608855,-0.17004435658454892,-2.1268862724304194,0.052213349565864174,0.0917949706315996,1.562485432624817,0.0840615183115008,0.2072733551263809,0.0,0.4795436263084418,1.1476938486099235,0.3139831244945526,-1.5069232940673833,0.0021323900204152663,-0.6597918033599831,-0.6907966613769543,0.7342677950859052,-1.5205015659332286,0.17236075103282922,0.0,-0.05999993681907773,0.0,0.1898209929466238,-1.0918667078018127,-2.2001622676849397,-0.4235736921429697,5.532957553863538,4.291283512115486,-1.9768673419952205,-4.315841484069846,0.24693169593810455,0.20596288144588448,4.175871801376341,2.0292560577392686,-0.6692934274673364,-1.4920191764831414,2.118559455871581,0.30238587260246086,0.0,5.0630025863647425,-5.162374496459962,0.5092103600501992,-7.0614945411681935,1.3539080619811974,18.407606887817376,-14.985705184936492,-9.183848571777364,-11.779643821716292,4.237677001953101,0.0,0.0,0.0,-0.0996100902557373,-0.1723698079586029,0.014306488446891308,0.9798785448074341,-0.0996100902557373,-0.1723698079586029,0.014306488446891308,0.9798785448074341,-0.07915236800909042,-0.8685802221298218,0.3015190660953522,0.3852136433124542,-0.1097748875617981,-0.8909186124801636,0.2269609570503235,0.3777596950531006,0.16352027654647827,-0.8825966715812683,0.1033255010843277,0.42849528789520264,0.09761214256286621,-0.5874496698379517,0.1677289605140686,0.7856473922729492,0.07446155697107315,-0.47802144289016724,0.1792854368686676,0.8566258549690247,0.0014393744058907032,-0.4915197193622589,0.13805937767028809,0.8598522543907166,0.0014393744058907032,-0.4915197193622589,0.13805937767028809,0.8598522543907166,0.0027480528224259615,-0.9335049390792847,-0.13086530566215515,0.3338192105293274,0.011602353304624557,-0.9365134239196777,-0.10649166256189346,0.3338674008846283,-0.03138650208711624,-0.9361259937286377,-0.09103597700595856,0.33822381496429443,0.041728001087903976,-0.42650505900382996,-0.08692094683647156,0.8993313908576965,0.04520444944500923,-0.3883121609687805,-0.08540833741426468,0.9164473414421082,0.13976430892944336,-0.3950731158256531,-0.044768039137125015,0.9068511724472046,0.13976430892944336,-0.3950731158256531,-0.044768039137125015,0.9068511724472046,-0.0996100902557373,-0.1723698079586029,0.014306488446891308,0.9798785448074341,-0.1023220643401146,0.06629234552383423,0.004953731782734394,0.9925276041030884,0.45289140939712524,0.05901387333869934,-0.031728409230709076,0.8890445232391357,0.4562188386917114,-0.021101191639900208,0.10294535756111145,0.8836409449577332,0.40248215198516846,-0.5997000932693481,-0.2737748324871063,0.6351498961448669,0.40167170763015747,-0.600046694278717,-0.27331018447875977,0.635535478591919,0.40167170763015747,-0.600046694278717,-0.27331018447875977,0.635535478591919,-0.09145834296941757,-0.4779833257198334,0.0650615468621254,0.8711683750152588,-0.3834531009197235,-0.47223585844039917,-0.09536112844944,0.787948727607727,-0.5321652293205261,-0.2875151038169861,0.18267838656902313,0.775089681148529,-0.27472466230392456,-0.7178823947906494,0.5324053168296814,0.35456421971321106,-0.34332796931266785,-0.7002273797988892,0.5453429222106934,0.30725985765457153,-0.34332796931266785,-0.7002273797988892,0.5453429222106934,0.30725985765457153,-0.0996100902557373,-0.1723698079586029,0.014306488446891308,0.9798785448074341
-0.4179999887943268,0.0,0.17000000178813934,-0.10159849375486374,-0.19806981086730957,-0.005246845073997974,0.9748941659927368,-1.842683553695678,-0.05190789997577616,-0.5762380957603453,0.7797512054443352,0.2479243099689483,-0.16678822636604307,-2.0513521194458004,0.13705373071134128,0.11740464419126523,1.5837910413742067,0.12059874832630174,0.20575215816497802,0.0,0.5676333606243138,1.039710903167724,0.31489949226379393,-1.5711839437484745,0.014119762135669643,-0.32149829864501805,-0.8685952544212349,0.46691296100616336,-1.6877789974212654,0.16329802274703975,0.0,-0.23999974727630694,0.0,0.04745524823665556,-0.17596020698546955,-2.6517800331115744,-1.3714701488614125,7.364296913146981,5.422161912918096,0.8098865985870485,-7.605622482299819,-0.6214269638061563,0.17359559237956987,3.8764985084533676,3.688828039169319,0.7930393457412785,0.4259555339813317,1.8997859001159658,0.018551582098005948,0.0,4.569115638732908,-5.339953899383546,0.16166638135909878,-4.17514781951903,0.7880034446716284,17.28790779113769,-10.413872909545878,-12.321767616271988,-9.217814636230457,0.7195669174194181,0.0,0.0,0.0,-0.10159849375486374,-0.19806981086730957,-0.005246845073997974,0.9748941659927368,-0.10159849375486374,-0.19806981086730957,-0.005246845073997974,0.9748941659927368,-0.1057727262377739,-0.8491184711456299,0.27518168091773987,0.43827497959136963,-0.11571334302425385,-0.8561161756515503,0.2523576617240906,0.43587976694107056,0.13257759809494019,-0.853620707988739,0.1185896098613739,0.48958295583724976,0.07736710458993912,-0.6034902334213257,0.1609635204076767,0.7771130800247192,0.05683723837137222,-0.502776563167572,0.1693827211856842,0.8457509875297546,-0.013818103820085526,-0.5151384472846985,0.12692901492118835,0.8475437164306641,-0.013818103820085526,-0.5151384472846985,0.12692901492118835,0.8475437164306641,-0.013100555166602135,-0.9303410053253174,-0.1348043829202652,0.3407666087150574,0.01040841918438673,-0.9372989535331726,-0.07082635909318924,0.34109506011009216,-0.044605616480112076,-0.9363617300987244,-0.05066821724176407,0.34448468685150146,0.0046342830173671246,-0.41261300444602966,-0.06752043962478638,0.9083886742591858,0.008555931970477104,-0.3570978045463562,-0.06743627786636353,0.93159019947052,0.10417504608631134,-0.36214396357536316,-0.030396845191717148,0.925783634185791,0.10417504608631134,-0.36214396357536316,-0.030396845191717148,0.925783634185791,-0.10159849375486374,-0.19806981086730957,-0.005246845073997974,0.9748941659927368,-0.09915205836296082,0.0840933620929718,-0.016226081177592278,0.9913797974586487,0.4064389169216156,0.06557226926088333,-0.05574467405676842,0.9096155166625977,0.4111241102218628,-0.007791081443428993,0.08329354226589203,0.9077325463294983,0.34825220704078674,-0.628473162651062,-0.2709692120552063,0.6405604481697083,0.3428056538105011,-0.6306726336479187,-0.2676928639411926,0.6427105069160461,0.3428056538105011,-0.6306726336479187,-0.2676928639411926,0.6427105069160461,-0.10142019391059875,-0.3503575026988983,0.020347194746136665,0.9308865070343018,-0.4858926832675934,-0.32701051235198975,-0.12360961735248566,0.8010574579238892,-0.5536379814147949,-0.19643044471740723,0.05648869276046753,0.8072851300239563,-0.3374057412147522,-0.705823540687561,0.4889844059944153,0.38582977652549744,-0.40162456035614014,-0.6833711862564087,0.5038632154464722,0.34325432777404785,-0.40162456035614014,-0.6833711862564087,0.5038632154464722,0.34325432777404785,-0.10159849375486374,-0.19806981086730957,-0.005246845073997974,0.9748941659927368
-0.42399999499320984,0.0,0.17000000178813934,-0.11241545528173447,-0.2354106307029724,-0.02159334532916546,0.9651312828063965,-1.7275314331054685,0.020776243321597686,-0.5448046565055846,0.6724896430969236,0.2442504107952118,-0.17521927952766422,-1.9750165939331052,0.202618768811226,0.13453901112079622,1.633458733558655,0.14926112592220311,0.2197349697351456,0.0,0.6269766926765443,0.9362903356552121,0.33138998150825505,-1.5763512134552002,0.008882290497422188,-0.13177438974380468,-0.9373392581939698,0.3058942914009092,-1.7306606769561768,0.15577975213527678,0.0,-0.30000004172325134,0.0,0.0,-0.4634782075881978,-3.5148823261261013,-1.5413010597229,6.644460773468014,4.5001728057861285,1.6385248899459834,-6.698733329772942,-0.4745689511299118,-0.18780898153782005,3.800748586654663,3.663758659362791,1.0262244224548331,1.9161428451538114,1.5906158447265617,0.3890603795647637,0.0,3.5420946121215793,-5.262275695800781,0.5130420289933697,-1.4402310371398868,0.08262329101562327,12.457586288452134,-5.618291473388661,-10.177655982971181,-4.631999015808093,-0.40680265426635726,0.0,0.0,0.0,-0.11241545528173447,-0.2354106307029724,-0.02159334532916546,0.9651312828063965,-0.11241545528173447,-0.2354106307029724,-0.02159334532916546,0.9651312828063965,-0.13488468527793884,-0.8399373292922974,0.2575729191303253,0.4582222104072571,-0.12999281287193298,-0.837103009223938,0.26612675189971924,0.4599315822124481,0.10008180141448975,-0.841162383556366,0.13269121944904327,0.5146090984344482,0.0507330596446991,-0.6242055296897888,0.15910808742046356,0.7632025480270386,0.030975332483649254,-0.5265838503837585,0.16406327486038208,0.8335665464401245,-0.04201030358672142,-0.5389724969863892,0.11726739257574081,0.8330620527267456,-0.04201030358672142,-0.5389724969863892,0.11726739257574081,0.8330620527267456,-0.028712686151266098,-0.9319895505905151,-0.13017134368419647,0.3370853066444397,0.0053891343995928764,-0.9402614235877991,-0.035191480070352554,0.3385867476463318,-0.05784560739994049,-0.9385402202606201,-0.012395450845360756,0.34006261825561523,-0.03089134767651558,-0.39464789628982544,-0.051408614963293076,0.9168729782104492,-0.027074383571743965,-0.3251837491989136,-0.05387163907289505,0.9437268972396851,0.07665234059095383,-0.3290013074874878,-0.01812947727739811,0.9410388469696045,0.07665234059095383,-0.3290013074874878,-0.01812947727739811,0.9410388469696045,-0.11241545528173447,-0.2354106307029724,-0.02159334532916546,0.9651312828063965,-0.10453781485557556,0.0752607136964798,-0.03658369183540344,0.9909942150115967,0.35382312536239624,0.05093548819422722,-0.06759359687566757,0.9314752221107483,0.3565443158149719,-0.017186008393764496,0.08321093022823334,0.9304068088531494,0.308837354183197,-0.6547436714172363,-0.23536473512649536,0.6484857201576233,0.3053373098373413,-0.6559380292892456,-0.23322543501853943,0.6497078537940979,0.3053373098373413,-0.6559380292892456,-0.23322543501853943,0.6497078537940979,-0.11374223232269287,-0.2980007231235504,-0.010732095688581467,0.9477041959762573,-0.5295836925506592,-0.26096901297569275,-0.1440933644771576,0.7941493988037109,-0.5625883340835571,-0.17032164335250854,-0.02646590769290924,0.8085694313049316,-0.3945556879043579,-0.698049783706665,0.448357492685318,0.3950035572052002,-0.45505133271217346,-0.6716800332069397,0.4633523225784302,0.35648125410079956,-0.45505133271217346,-0.6716800332069397,0.4633523225784302,0.35648125410079956,-0.11241545528173447,-0.2354106307029724,-0.02159334532916546,0.9651312828063965
-0.4300000071525574,0.0,0.17000000178813934,-0.12744903564453125,-0.27814844250679016,-0.03628915548324585,0.9513533711433411,-1.63455069065094,0.07181124668568373,-0.5150425434112549,0.5986194610595703,0.24784836173057556,-0.18949392437934875,-1.898280382156372,0.2585461437702179,0.14743572473526,1.6973074674606323,0.17398607730865479,0.24146978557109833,0.0,0.6719468235969543,0.835150957107544,0.3556675314903259,-1.5519717931747437,-0.004967601969838142,-0.016335323452949524,-0.9515559673309326,0.19804370403289795,-1.7113444805145264,0.14903371036052704,0.0,-0.3000005781650543,0.0,0.0,-1.3527084589004517,-4.58372688293457,-1.322099208831787,4.649036884307861,2.5517499446868896,1.4881055355072021,-3.693509101867676,0.1798974871635437,-0.7137321978807449,3.836810350418091,2.7963685989379883,0.6448356509208679,3.192436456680298,1.2362475395202637,1.0867407098412514,0.0,2.248506546020508,-5.056968688964844,1.2138774953782558,1.218970775604248,-0.6924946308135986,5.771953582763672,-0.7108354568481445,-5.392529010772705,0.9658098220825195,-0.3373020589351654,0.0,0.0,0.0,-0.12744903564453125,-0.27814844250679016,-0.03628915548324585,0.9513533711433411,-0.12744903564453125,-0.27814844250679016,-0.03628915548324585,0.9513533711433411,-0.16526658833026886,-0.8364220261573792,0.24452050030231476,0.4618385434150696,-0.14858102798461914,-0.8271051645278931,0.27438870072364807,0.4674735963344574,0.06696928292512894,-0.8376719951629639,0.14628231525421143,0.5219408273696899,0.02085893601179123,-0.646529495716095,0.15952524542808533,0.7457320094108582,0.0009804980363696814,-0.5493935346603394,0.1608802080154419,0.8199288845062256,-0.07659348845481873,-0.5621495246887207,0.1081831082701683,0.816344141960144,-0.07659348845481873,-0.5621495246887207,0.1081831082701683,0.816344141960144,-0.04419704154133797,-0.9358212947845459,-0.1212218701839447,0.3280096650123596,-0.001543444930575788,-0.9436398148536682,0.0004294504760764539,0.33097028732299805,-0.07103937864303589,-0.9409632682800293,0.02480461448431015,0.33003976941108704,-0.06556976586580276,-0.3743121325969696,-0.03691162168979645,0.9242448806762695,-0.06211480498313904,-0.29259514808654785,-0.04246896132826805,0.9532713294029236,0.05315106362104416,-0.2955802083015442,-0.006919122766703367,0.9538130760192871,0.05315106362104416,-0.2955802083015442,-0.006919122766703367,0.9538130760192871,-0.12744903564453125,-0.27814844250679016,-0.03628915548324585,0.9513533711433411,-0.11414089798927307,0.05307242274284363,-0.05650143325328827,0.9904356598854065,0.29733332991600037,0.02559826895594597,-0.07316982001066208,0.9516216516494751,0.2963505983352661,-0.037871453911066055,0.0926884338259697,0.9498162865638733,0.27616050839424133,-0.6781255006790161,-0.18285810947418213,0.6560823917388916,0.27817949652671814,-0.6774514317512512,-0.18404163420200348,0.6555946469306946,0.27817949652671814,-0.6774514317512512,-0.18404163420200348,0.6555946469306946,-0.12788324058055878,-0.28582873940467834,-0.03476114943623543,0.9490729570388794,-0.5483841300010681,-0.23816196620464325,-0.16181863844394684,0.7850913405418396,-0.5681915879249573,-0.17801550030708313,-0.08696898072957993,0.7986896634101868,-0.44818437099456787,-0.6914394497871399,0.4086143672466278,0.392525851726532,-0.5052743554115295,-0.6617233753204346,0.42284148931503296,0.35780590772628784,-0.5052743554115295,-0.6617233753204346,0.42284148931503296,0.35780590772628784,-0.12744903564453125,-0.27814844250679016,-0.03628915548324585,0.9513533711433411
-0.4360000014305115,0.0,0.15200000107288353,-0.12280069291591644,-0.3192481994628906,-0.03888735920190811,0.9388760328292847,-1.5546448230743404,0.11431206166744251,-0.4862719893455504,0.5800129413604735,0.2394181609153747,-0.17941962778568263,-1.8197862863540646,0.26737023591995246,0.16184530258178717,1.7007637977600099,0.18828366398811347,0.23918295204639434,0.0,0.6823663115501404,0.7936855077743529,0.37229720950126655,-1.507200503349304,-0.0022386263124644637,0.031034334748983594,-0.9428807377815246,0.16070240139961225,-1.6901621103286741,0.14369582831859587,0.0,-0.30000004172325134,0.0,-0.5399999856948876,-0.4172530889511067,-4.4185440063476555,-0.3123850584030108,4.256790637969969,2.2957244396209706,1.4583587646484373,-2.0355991363525314,-0.18094698488712468,0.01673604249954541,3.889546871185303,1.383270168304437,0.6902215600013735,1.3806644916534343,0.9234265804290758,0.3660913228988616,0.0,1.2119872570037795,-3.2667509555816574,0.9844412803649892,1.8307270526886015,-0.19512858390807886,3.729871082305899,-0.024077308177944956,-3.277250576019278,1.0217950105667117,-0.29505728483200055,0.0,0.0,0.0,-0.12280069291591644,-0.3192481994628906,-0.03888735920190811,0.9388760328292847,-0.12280069291591644,-0.3192481994628906,-0.03888735920190811,0.9388760328292847,-0.1713196188211441,-0.8414598703384399,0.22577938437461853,0.46002036333084106,-0.1447421908378601,-0.8272155523300171,0.273485392332077,0.4690096080303192,0.0586707666516304,-0.8377351760864258,0.15253493189811707,0.5210477113723755,0.012624412775039673,-0.6537462472915649,0.1630023717880249,0.7388415336608887,-0.006925476714968681,-0.5608289837837219,0.1633714884519577,0.8116234540939331,-0.07963920384645462,-0.5731919407844543,0.11250631511211395,0.8077443838119507,-0.07963920384645462,-0.5731919407844543,0.11250631511211395,0.8077443838119507,-0.03978826105594635,-0.9369978308677673,-0.1219596415758133,0.32492735981941223,0.003864721627905965,-0.9448968768119812,0.004022137727588415,0.32732054591178894,-0.0725347027182579,-0.9421248435974121,0.030448269098997116,0.3259023427963257,-0.0707363486289978,-0.37659019231796265,-0.03443140536546707,0.9230334758758545,-0.06719502061605453,-0.28815561532974243,-0.04095339775085449,0.9543448686599731,0.047143466770648956,-0.29098522663116455,-0.0062785339541733265,0.9555447101593018,0.047143466770648956,-0.29098522663116455,-0.0062785339541733265,0.9555447101593018,-0.12280069291591644,-0.3192481994628906,-0.03888735920190811,0.9388760328292847,-0.1094328984618187,0.015264201909303665,-0.057904139161109924,0.9921888113021851,0.28254351019859314,-0.008487830869853497,-0.059787213802337646,0.9573519825935364,0.2752721607685089,-0.07155217230319977,0.11482890695333481,0.9517982006072998,0.2798858880996704,-0.6906554102897644,-0.14524239301681519,0.6508176326751709,0.2808026671409607,-0.6903604865074158,-0.14577680826187134,0.6506161689758301,0.2808026671409607,-0.6903604865074158,-0.14577680826187134,0.6506161689758301,-0.12171248346567154,-0.3047865629196167,-0.041584089398384094,0.9436959028244019,-0.5370460748672485,-0.2526979446411133,-0.17543506622314453,0.785460352897644,-0.554639458656311,-0.20483018457889557,-0.11471043527126312,0.7982864379882812,-0.4647645652294159,-0.7057446241378784,0.37492483854293823,0.3812476396560669,-0.5204718112945557,-0.6755257248878479,0.38770467042922974,0.3499418795108795,-0.5204718112945557,-0.6755257248878479,0.38770467042922974,0.3499418795108795,-0.12280069291591644,-0.3192481994628906,-0.03888735920190811,0.9388760328292847
-0.4419999957084656,0.0,0.14000000059604645,-0.12007785588502884,-0.3615436553955078,-0.04035680368542671,0.9237092137336731,-1.4668568372726434,0.15226100087165853,-0.45941864252090436,0.5821864604949955,0.23119536936283105,-0.1744300246238709,-1.7341829776763908,0.2747374713420868,0.17362876832485202,1.7036166667938233,0.1974528521299362,0.2370359659194946,0.0,0.6907206535339355,0.7610553264617919,0.37895259261131276,-1.4635803937911984,-0.0013912368856836305,0.07362792044878028,-0.9325087189674377,0.13350098282098766,-1.6678302288055418,0.13544891625642766,0.0,-0.2999996840953827,0.0,-0.7199999809265101,0.05316813290118866,-4.414996433258059,0.3854657471179967,4.231756687164311,1.9884844303131075,1.3810113668441761,-0.30692476034163174,-0.4152877330780028,0.35117399692535095,4.137980937957768,0.39749887883663093,0.6416954755783065,0.15471266359090768,0.5610273361206024,-0.11014624685049049,0.0,0.45902001857757446,-1.808214426040644,0.5322550296783388,2.2040290832519522,0.0800011724233616,2.225200653076169,0.48466511964798076,-1.562868571281427,1.0936038255691536,-0.3541649937629717,0.0,0.0,0.0,-0.12007785588502884,-0.3615436553955078,-0.04035680368542671,0.9237092137336731,-0.12007785588502884,-0.3615436553955078,-0.04035680368542671,0.9237092137336731,-0.17757943272590637,-0.8451737761497498,0.20756319165229797,0.4594173729419708,-0.1420905441045761,-0.82695472240448,0.27123162150382996,0.47158199548721313,0.04993923753499985,-0.8375704884529114,0.15674501657485962,0.5209728479385376,0.0028785760514438152,-0.6528214812278748,0.16439887881278992,0.7394517064094543,-0.016108911484479904,-0.5631752014160156,0.16364814341068268,0.8098108768463135,-0.08659859001636505,-0.5752918720245361,0.11399069428443909,0.805323600769043,-0.08659859001636505,-0.5752918720245361,0.11399069428443909,0.805323600769043,-0.036238010972738266,-0.9379236102104187,-0.11991297453641891,0.32343024015426636,0.008394435979425907,-0.9455084800720215,0.009652681648731232,0.32534632086753845,-0.07361732423305511,-0.9426801800727844,0.037826403975486755,0.3232700824737549,-0.07695196568965912,-0.3776194751262665,-0.03048470988869667,0.9222540259361267,-0.07357102632522583,-0.2848776578903198,-0.03791895508766174,0.9549840092658997,0.03986280784010887,-0.28736603260040283,-0.003968134522438049,0.9569827914237976,0.03986280784010887,-0.28736603260040283,-0.003968134522438049,0.9569827914237976,-0.12007785588502884,-0.3615436553955078,-0.04035680368542671,0.9237092137336731,-0.10703548043966293,-0.025551889091730118,-0.0589088499546051,0.9921795129776001,0.26913052797317505,-0.045659974217414856,-0.04534963518381119,0.9609512090682983,0.2552891969680786,-0.10684122145175934,0.13290393352508545,0.9517084360122681,0.2810423672199249,-0.7037329077720642,-0.11152885109186172,0.6429125070571899,0.28162434697151184,-0.7035221457481384,-0.11183685064315796,0.6428350806236267,0.28162434697151184,-0.7035221457481384,-0.11183685064315796,0.6428350806236267,-0.11762076616287231,-0.32764938473701477,-0.04685977101325989,0.936277449131012,-0.5259931087493896,-0.2716575264930725,-0.18906907737255096,0.7834452390670776,-0.5420965552330017,-0.23275403678417206,-0.13869664072990417,0.7954369187355042,-0.4790767729282379,-0.7189205884933472,0.3439270257949829,0.36790329217910767,-0.5321577191352844,-0.689166784286499,0.3549984097480774,0.3403431177139282,-0.5321577191352844,-0.689166784286499,0.3549984097480774,0.3403431177139282,-0.12007785588502884,-0.3615436553955078,-0.04035680368542671,0.9237092137336731
-0.44799998998641966,0.0,0.14000000059604645,-0.12139849364757538,-0.4066188335418701,-0.039624959230422974,0.9046288132667542,-1.3633046150207526,0.18110618293285352,-0.4363997101783754,0.6259200572967526,0.22338739633560187,-0.17960980832576748,-1.6343612432479864,0.279190993309021,0.1801600098609924,1.7052626132965087,0.19636524319648743,0.23516867458820345,0.0,0.694944703578949,0.7460956811904909,0.36565938591957103,-1.4222626447677615,-0.004307017970131691,0.10666934251785257,-0.918743121623993,0.12657933235168461,-1.6431993246078493,0.1213839441537858,0.0,-0.2999996840953827,0.0,-0.17999999523163202,-0.40647898614406286,-4.7347194671630835,0.459589952230453,4.941147327423091,1.5788154125213651,1.208462715148927,1.563278734683978,-0.39662089943885814,-0.10644841194152532,4.777810096740718,0.26638178229332055,0.4053454041481034,0.10040115416049994,0.09947152137756654,-0.09755998104810723,0.0,0.2731568813323987,-1.0130403041839653,-0.3654314041137634,2.1004228591918954,-0.0893414884805668,1.7953534126281767,0.6373761355876912,-0.6502790689468445,1.197059774398803,-0.6159776687622053,0.0,0.0,0.0,-0.12139849364757538,-0.4066188335418701,-0.039624959230422974,0.9046288132667542,-0.12139849364757538,-0.4066188335418701,-0.039624959230422974,0.9046288132667542,-0.18433038890361786,-0.8466310501098633,0.19050854444503784,0.46145936846733093,-0.14181320369243622,-0.8259504437446594,0.2662767171859741,0.4762263894081116,0.04034946486353874,-0.8370492458343506,0.15688763558864594,0.5225961804389954,-0.009885849431157112,-0.6355019807815552,0.1616053581237793,0.7549325227737427,-0.027843348681926727,-0.5473952293395996,0.15951092541217804,0.8210601210594177,-0.10137991607189178,-0.5594976544380188,0.10979515314102173,0.8152481317520142,-0.10137991607189178,-0.5594976544380188,0.10979515314102173,0.8152481317520142,-0.03440534695982933,-0.938355565071106,-0.1122986376285553,0.32510632276535034,0.011166929267346859,-0.9448530673980713,0.01935846172273159,0.3267315626144409,-0.07387508451938629,-0.9420313835144043,0.048672936856746674,0.32365140318870544,-0.08526405692100525,-0.3761463463306427,-0.023605063557624817,0.9223268032073975,-0.08253807574510574,-0.2839237451553345,-0.03184722363948822,0.9547569155693054,0.030037548393011093,-0.28570255637168884,0.0016814827686175704,0.9578460454940796,0.030037548393011093,-0.28570255637168884,0.0016814827686175704,0.9578460454940796,-0.12139849364757538,-0.4066188335418701,-0.039624959230422974,0.9046288132667542,-0.10936867445707321,-0.07228383421897888,-0.059171412140131,0.9896020293235779,0.25882554054260254,-0.08893375843763351,-0.028902245685458183,0.9613869190216064,0.23813924193382263,-0.1454356461763382,0.14306586980819702,0.9495632648468018,0.2776167690753937,-0.719264805316925,-0.08594751358032227,0.6310309171676636,0.27943310141563416,-0.7186270952224731,-0.08689151704311371,0.6308266520500183,0.27943310141563416,-0.7186270952224731,-0.08689151704311371,0.6308266520500183,-0.11769916117191315,-0.3583207130432129,-0.04903911054134369,0.9248504042625427,-0.5155929327011108,-0.2994779348373413,-0.20274797081947327,0.7767691612243652,-0.5326419472694397,-0.26324573159217834,-0.15535682439804077,0.7892137765884399,-0.4898243844509125,-0.7313241958618164,0.3191501200199127,0.3512551784515381,-0.5379042625427246,-0.7038940191268921,0.3280119299888611,0.32802510261535645,-0.5379042625427246,-0.7038940191268921,0.3280119299888611,0.32802510261535645,-0.12139849364757538,-0.4066188335418701,-0.039624959230422974,0.9046288132667542
-0.44999998807907104,0.0,0.12800000011920937,-0.11620299518108368,-0.4505138397216797,-0.035985831171274185,0.884442925453186,-1.262663054466248,0.205908441543579,-0.406618118286133,0.6304718971252442,0.22925212681293483,-0.17831241488456728,-1.533648538589478,0.2645410358905793,0.19458756148815146,1.6635916233062746,0.19875734150409696,0.22506946921348578,0.0,0.6797208547592164,0.7393706321716309,0.3389075100421907,-1.3780283689498904,-0.01075655966997143,0.14080719202756867,-0.9056713938713075,0.11766350716352467,-1.6137651920318605,0.11242565959692004,0.0,-0.1799998104572304,0.0,-0.3599999904632544,-0.28717604875564756,-4.797491359710694,0.7942611515521982,5.090290927886963,1.32097134590149,1.3538263082504258,1.0112271308899003,0.019782423973080776,-0.06467387080192696,5.017815494537353,-0.35042825043201065,0.5634513378143295,-1.2172106817364605,0.05001076236367155,-0.34032198041677314,0.0,-0.37223443090915287,-0.5009443402290361,-1.0684203267097447,2.1533832550048824,-0.25180186331272053,1.6849638462066647,0.6674637198448182,-0.4059077501296993,1.37564194202423,-0.5500479459762584,0.0,0.0,0.0,-0.11620299518108368,-0.4505138397216797,-0.035985831171274185,0.884442925453186,-0.11620299518108368,-0.4505138397216797,-0.035985831171274185,0.884442925453186,-0.18253791332244873,-0.8502063751220703,0.17251726984977722,0.4626735746860504,-0.13400660455226898,-0.8280251622200012,0.25900423526763916,0.4788878560066223,0.035922568291425705,-0.8380270004272461,0.15695056319236755,0.521331787109375,-0.014511598274111748,-0.6350966095924377,0.16036514937877655,0.7554631233215332,-0.032754622399806976,-0.5445232391357422,0.15764392912387848,0.8231463432312012,-0.10591934621334076,-0.5563966035842896,0.10853955149650574,0.8169598579406738,-0.10591934621334076,-0.5563966035842896,0.10853955149650574,0.8169598579406738,-0.027047911658883095,-0.9380995035171509,-0.10650710761547089,0.3284720778465271,0.016484934836626053,-0.9439298510551453,0.01815379410982132,0.3292343318462372,-0.07528025656938553,-0.9410589933395386,0.05006994679570198,0.32593560218811035,-0.08778510987758636,-0.3929346203804016,-0.02193993516266346,0.9151037335395813,-0.0851707011461258,-0.3002038598060608,-0.030539441853761673,0.9495741128921509,0.022040216252207756,-0.3017421364784241,0.0032483753748238087,0.9531293511390686,0.022040216252207756,-0.3017421364784241,0.0032483753748238087,0.9531293511390686,-0.11620299518108368,-0.4505138397216797,-0.035985831171274185,0.884442925453186,-0.10697188973426819,-0.1280653476715088,-0.05413845553994179,0.9844925403594971,0.2559794485569,-0.13899894058704376,-0.004254449158906937,0.956627368927002,0.22932836413383484,-0.19022637605667114,0.15417471528053284,0.9420468807220459,0.2804059386253357,-0.7357978820800781,-0.0643654465675354,0.613050639629364,0.28501278162002563,-0.7341502904891968,-0.06656664609909058,0.6126664876937866,0.28501278162002563,-0.7341502904891968,-0.06656664609909058,0.6126664876937866,-0.11137270927429199,-0.3878016471862793,-0.04782683402299881,0.9137388467788696,-0.499969482421875,-0.3278464078903198,-0.21256984770298004,0.7728915214538574,-0.5175096988677979,-0.2950587570667267,-0.16870564222335815,0.7852786779403687,-0.49418139457702637,-0.7464069724082947,0.2912956476211548,0.3373548090457916,-0.5393423438072205,-0.7205328941345215,0.29861748218536377,0.31744250655174255,-0.5393423438072205,-0.7205328941345215,0.29861748218536377,0.31744250655174255,-0.11620299518108368,-0.4505138397216797,-0.035985831171274185,0.884442925453186
-0.44999998807907104,0.0,0.10999999940395355,-0.10761584341526031,-0.49322566390037537,-0.030854063108563423,0.8626675605773926,-1.163476824760437,0.22868923842906952,-0.3734551966190338,0.615432858467102,0.24195320904254913,-0.17377643287181854,-1.432490348815918,0.24033933877944946,0.21296326816082,1.60026216506958,0.20288929343223572,0.21085430681705475,0.0,0.6547730565071106,0.7367628812789917,0.30542629957199097,-1.3323358297348022,-0.018972981721162796,0.1754932552576065,-0.8929466009140015,0.10775059461593628,-1.5819294452667236,0.1060207188129425,0.0,0.0,0.0,-0.8999999761581421,0.12160193920135498,-4.73178768157959,1.259205847978592,4.959311008453369,1.1390397548675537,1.6581460237503052,-0.7519519329071045,0.6350539922714233,0.2267991006374359,5.05790901184082,-1.2100847512483595,0.9187852740287781,-3.1664726808667183,0.20659757032990456,-0.710758112370968,0.0,-1.2473898082971573,-0.1303875446319579,-1.6740604043006897,2.2846269607543945,-0.4108210951089859,1.7343031167984009,0.6362395882606506,-0.4956456124782562,1.5917872190475464,-0.32024702429771423,0.0,0.0,0.0,-0.10761584341526031,-0.49322566390037537,-0.030854063108563423,0.8626675605773926,-0.10761584341526031,-0.49322566390037537,-0.030854063108563423,0.8626675605773926,-0.17643404006958008,-0.8546541929244995,0.15402309596538544,0.46337252855300903,-0.12241312116384506,-0.8314997553825378,0.25052958726882935,0.480476975440979,0.03407804295420647,-0.8397710919380188,0.15697678923606873,0.5186342597007751,-0.015068299137055874,-0.6432395577430725,0.15992489457130432,0.7486252784729004,-0.03425818309187889,-0.5481929183006287,0.15693756937980652,0.8207810521125793,-0.10535544902086258,-0.5597437620162964,0.10877394676208496,0.8147118091583252,-0.10535544902086258,-0.5597437620162964,0.10877394676208496,0.8147118091583252,-0.016925722360610962,-0.9374067783355713,-0.10161668807268143,0.3326501250267029,0.02307465486228466,-0.942828357219696,0.011493077501654625,0.3322802186012268,-0.0772603303194046,-0.9399407505989075,0.04674289748072624,0.32917675375938416,-0.0873560979962349,-0.418607622385025,-0.022868530824780464,0.9036667346954346,-0.08459107577800751,-0.3249405324459076,-0.031597577035427094,0.9414136409759521,0.014945396222174168,-0.32646143436431885,0.0027719903737306595,0.945088267326355,0.014945396222174168,-0.32646143436431885,0.0027719903737306595,0.945088267326355,-0.10761584341526031,-0.49322566390037537,-0.030854063108563423,0.8626675605773926,-0.1019567996263504,-0.18799538910388947,-0.04633432626724243,0.9757641553878784,0.25626179575920105,-0.19206830859184265,0.0244724340736866,0.9470167756080627,0.22435340285301208,-0.23778605461120605,0.1655154675245285,0.9304450154304504,0.28613048791885376,-0.7523747682571411,-0.04475544020533562,0.5916574001312256,0.29430609941482544,-0.7494389414787292,-0.048522986471652985,0.5910758972167969,0.29430609941482544,-0.7494389414787292,-0.048522986471652985,0.5910758972167969,-0.10178925842046738,-0.41647037863731384,-0.04489448666572571,0.9023169279098511,-0.4814203381538391,-0.3562611937522888,-0.22032031416893005,0.7699164748191833,-0.4991234242916107,-0.3272680640220642,-0.1802508383989334,0.7818446755409241,-0.49499985575675964,-0.762306272983551,0.26171815395355225,0.32460424304008484,-0.5382264256477356,-0.7375850081443787,0.2678152918815613,0.3074990212917328,-0.5382264256477356,-0.7375850081443787,0.2678152918815613,0.3074990212917328,-0.10761584341526031,-0.49322566390037537,-0.030854063108563423,0.8626675605773926
-0.44999998807907104,0.0,0.10999999940395355,-0.10025490075349808,-0.524786651134491,-0.02750348299741745,0.8448619842529297,-1.0809597730636598,0.23211192488670349,-0.34029340147972115,0.6045536041259766,0.24653597772121427,-0.15900407731533053,-1.3434776306152345,0.1984106093645097,0.200341409444809,1.524729371070862,0.2074869394302368,0.20087438821792605,0.0,0.6155835151672364,0.722061836719513,0.24800099134445203,-1.2687075376510621,-0.019626582413911818,0.19020357131958004,-0.8973800420761109,0.10905492156744002,-1.5608235359191895,0.09182435423135761,0.0,0.0,0.0,-0.35999999046325803,0.15711587965488427,-4.045730829238893,1.0658991217613225,4.459235954284669,0.5582964777946485,1.6581121921539306,-0.6271583795547488,0.3915046811103826,0.5338902741670601,4.693545150756837,-1.7418956756591786,-0.011141598224637894,-3.5325727462768546,0.2205684036016464,-0.5837007761001589,0.0,-1.6746420860290518,-0.4931863188743583,-2.3923832893371566,2.822699403762816,-0.1839364528656011,1.1350307106971753,0.1214926004409802,-0.15912844538688736,1.2698921680450446,-0.553989720344543,0.0,0.0,0.0,-0.10025490075349808,-0.524786651134491,-0.02750348299741745,0.8448619842529297,-0.10025490075349808,-0.524786651134491,-0.02750348299741745,0.8448619842529297,-0.16914507746696472,-0.8565638661384583,0.13895657658576965,0.46731090545654297,-0.11389005929231644,-0.8347193598747253,0.23720970749855042,0.4837397336959839,0.029072226956486702,-0.8419128656387329,0.15185919404029846,0.5169879794120789,-0.01747678779065609,-0.6498379707336426,0.15364155173301697,0.7441770434379578,-0.03622494637966156,-0.5534053444862366,0.15032272040843964,0.8184335231781006,-0.10111849009990692,-0.5636132955551147,0.1059170514345169,0.8129556179046631,-0.10111849009990692,-0.5636132955551147,0.1059170514345169,0.8129556179046631,-0.010589559562504292,-0.9348336458206177,-0.09712342917919159,0.3413810133934021,0.023159611970186234,-0.93983393907547,-0.004014399368315935,0.3408223092556,-0.07095756381750107,-0.9374582767486572,0.030047640204429626,0.33946162462234497,-0.07224005460739136,-0.4435427486896515,-0.02767360769212246,0.8929083347320557,-0.06897809356451035,-0.34868982434272766,-0.03498057648539543,0.9340417385101318,0.025054018944501877,-0.35042089223861694,7.890327833592892e-05,0.9362572431564331,0.025054018944501877,-0.35042089223861694,7.890327833592892e-05,0.9362572431564331,-0.10025490075349808,-0.524786651134491,-0.02750348299741745,0.8448619842529297,-0.09716104716062546,-0.2427716851234436,-0.040536120533943176,0.9643539190292358,0.24980749189853668,-0.24155306816101074,0.04759211465716362,0.9364739060401917,0.2191685140132904,-0.2778674364089966,0.16103339195251465,0.9213160276412964,0.2803684175014496,-0.7608908414840698,-0.0347980335354805,0.5841471552848816,0.2888856828212738,-0.7578899264335632,-0.038607485592365265,0.5836586356163025,0.2888856828212738,-0.7578899264335632,-0.038607485592365265,0.5836586356163025,-0.09405985474586487,-0.44293951988220215,-0.041870370507240295,0.8906201124191284,-0.4710708558559418,-0.38091546297073364,-0.22990086674690247,0.7616699934005737,-0.4903082251548767,-0.35212022066116333,-0.18974289298057556,0.774342954158783,-0.4985503554344177,-0.7720123529434204,0.24295954406261444,0.31050795316696167,-0.5362869501113892,-0.7504393458366394,0.24763789772987366,0.29650068283081055,-0.5362869501113892,-0.7504393458366394,0.24763789772987366,0.29650068283081055,-0.10025490075349808,-0.524786651134491,-0.02750348299741745,0.8448619842529297
-0.4519999921321869,0.0,0.10999999940395355,-0.09166492521762848,-0.5538505911827087,-0.02328568510711193,0.8272272944450378,-1.0023596286773684,0.22828199863433843,-0.3120009303092957,0.6154132246971129,0.2575601398944854,-0.15042887032032012,-1.2568121194839479,0.15333831310272228,0.19105805456638336,1.4681543350219728,0.21428837180137633,0.1892196118831635,0.0,0.5736220836639405,0.7095227241516113,0.1957625389099122,-1.2122138977050783,-0.022479110956192,0.20688365697860714,-0.9008114576339722,0.1078137904405594,-1.534877395629883,0.085433954000473,0.0,-0.06000011563301046,0.0,0.0,0.21845055222511267,-3.4529823780059825,1.0060271024703975,4.008345317840577,-0.04644405543804023,1.5120099306106578,0.10820350646972221,0.4223802179098116,0.5527032732963575,4.380219650268555,-2.1907433032989494,-0.5309377908706672,-3.2079067707061806,0.2959958761930461,-0.5492416262626645,0.0,-2.0426336288452145,-0.6701942145824437,-2.715659523010255,2.9673748493194596,-0.09864786863326983,0.7946088552474971,-0.1916112780570986,-0.011147394776343786,1.2005023717880239,-0.4756392598152176,0.0,0.0,0.0,-0.09166492521762848,-0.5538505911827087,-0.02328568510711193,0.8272272944450378,-0.09166492521762848,-0.5538505911827087,-0.02328568510711193,0.8272272944450378,-0.1599120944738388,-0.8582276105880737,0.1251794695854187,0.47138482332229614,-0.1051974818110466,-0.8383513689041138,0.22210289537906647,0.486591100692749,0.026318136602640152,-0.8444936871528625,0.1437918096780777,0.5152299404144287,-0.018314193934202194,-0.648756742477417,0.1450747698545456,0.7468149662017822,-0.036730408668518066,-0.5474652051925659,0.14155970513820648,0.823949933052063,-0.09855884313583374,-0.5565455555915833,0.1000460535287857,0.8188613653182983,-0.09855884313583374,-0.5565455555915833,0.1000460535287857,0.8188613653182983,-0.003175497055053711,-0.9317415356636047,-0.09244232624769211,0.35114383697509766,0.023599613457918167,-0.9360568523406982,-0.020752623677253723,0.35044243931770325,-0.06579580903053284,-0.934043288230896,0.012760661542415619,0.3508152663707733,-0.05744411423802376,-0.4584668278694153,-0.03465999662876129,0.8861755728721619,-0.05338454619050026,-0.36107102036476135,-0.040567100048065186,0.9301247000694275,0.0347115620970726,-0.3632395565509796,-0.00624547153711319,0.9310280680656433,0.0347115620970726,-0.3632395565509796,-0.00624547153711319,0.9310280680656433,-0.09166492521762848,-0.5538505911827087,-0.02328568510711193,0.8272272944450378,-0.09110485017299652,-0.29604604840278625,-0.033613171428442,0.9502246975898743,0.24467214941978455,-0.289328932762146,0.07123304158449173,0.9226863384246826,0.21604475378990173,-0.3174154758453369,0.15949977934360504,0.9094679355621338,0.2780396044254303,-0.7705127000808716,-0.0247366800904274,0.5730552077293396,0.2878735661506653,-0.7670664191246033,-0.028926268219947815,0.572626531124115,0.2878735661506653,-0.7670664191246033,-0.028926268219947815,0.572626531124115,-0.08519832044839859,-0.46622833609580994,-0.03791516274213791,0.8797355890274048,-0.45967504382133484,-0.4032236933708191,-0.23710235953330994,0.7549118995666504,-0.4798734784126282,-0.37535715103149414,-0.19772017002105713,0.7679421901702881,-0.5000312328338623,-0.7810312509536743,0.22301602363586426,0.30037128925323486,-0.5354340672492981,-0.7607401609420776,0.2268206775188446,0.28833502531051636,-0.5354340672492981,-0.7607401609420776,0.2268206775188446,0.28833502531051636,-0.09166492521762848,-0.5538505911827087,-0.02328568510711193,0.8272272944450378
-0.4580000042915344,0.0,0.10999999940395355,-0.08078815042972565,-0.5787360668182373,-0.017382483929395676,0.8113173246383667,-0.9315932989120482,0.20994684696197505,-0.29344710707664484,0.6697505950927736,0.2814670890569687,-0.15424796044826508,-1.174841022491455,0.10197888314723956,0.18845170736312866,1.4494948148727416,0.22549737691879274,0.17421512007713313,0.0,0.5261168718338012,0.701307475566864,0.15389779806137074,-1.1699895620346068,-0.029729495197534577,0.22750328183174137,-0.9022388219833374,0.10148174315690993,-1.4992507934570312,0.09465548247098925,0.0,-0.24000046253204385,0.0,0.0,0.3314266890287402,-3.0468507289886464,1.2130244374275212,3.655823516845702,-0.6991791456937804,1.073770809173583,2.064702177047734,1.0021056145429625,-0.005040061473847723,4.1689708709716795,-2.4736644268035897,-0.2304724454879754,-1.5017086982727013,0.4943366497755055,-0.6999788045883182,0.0,-2.2921036720275882,-0.4756203532218929,-2.2488425731658923,2.3252562999725326,-0.296551370620728,0.971888101100922,-0.10142898261547069,-0.24023862183094075,1.6361230850219737,0.2268975138664262,0.0,0.0,0.0,-0.08078815042972565,-0.5787360668182373,-0.017382483929395676,0.8113173246383667,-0.08078815042972565,-0.5787360668182373,-0.017382483929395676,0.8113173246383667,-0.14684270322322845,-0.8596451282501221,0.11402545124292374,0.4758630692958832,-0.0961865559220314,-0.8429306745529175,0.20346403121948242,0.4886905550956726,0.028066594153642654,-0.8479142189025879,0.12981964647769928,0.5132258534431458,-0.016003884375095367,-0.63211989402771,0.13189977407455444,0.7633942365646362,-0.034283705055713654,-0.5187796354293823,0.1283888965845108,0.8445168137550354,-0.09926716983318329,-0.5271204113960266,0.08806182444095612,0.8393658995628357,-0.09926716983318329,-0.5271204113960266,0.08806182444095612,0.8393658995628357,0.006391857285052538,-0.9276648759841919,-0.087392158806324,0.3629871606826782,0.024753622710704803,-0.9308857917785645,-0.03994462266564369,0.36227506399154663,-0.06294321268796921,-0.9290886521339417,-0.005690096877515316,0.3644174635410309,-0.04339740052819252,-0.4539872705936432,-0.046044982969760895,0.8887587785720825,-0.03791769593954086,-0.3511110246181488,-0.05059807747602463,0.934196412563324,0.043488673865795135,-0.35413289070129395,-0.01982976123690605,0.933972954750061,0.043488673865795135,-0.35413289070129395,-0.01982976123690605,0.933972954750061,-0.08078815042972565,-0.5787360668182373,-0.017382483929395676,0.8113173246383667,-0.08286773413419724,-0.34695759415626526,-0.024596137925982475,0.933888852596283,0.24300605058670044,-0.3343349099159241,0.09600155055522919,0.9055118560791016,0.2174224853515625,-0.35630106925964355,0.16414007544517517,0.8937757015228271,0.28258833289146423,-0.7823686599731445,-0.014474116265773773,0.5548275709152222,0.2956865429878235,-0.777711033821106,-0.019719842821359634,0.5543880462646484,0.2956865429878235,-0.777711033821106,-0.019719842821359634,0.5543880462646484,-0.07418692111968994,-0.48365646600723267,-0.03214869648218155,0.8715154528617859,-0.44672006368637085,-0.421252965927124,-0.2397986501455307,0.751986563205719,-0.4666900634765625,-0.39569544792175293,-0.20284976065158844,0.764511227607727,-0.4977303743362427,-0.7892250418663025,0.20088885724544525,0.2983825206756592,-0.5371917486190796,-0.766539990901947,0.2049371749162674,0.28608080744743347,-0.5371917486190796,-0.766539990901947,0.2049371749162674,0.28608080744743347,-0.08078815042972565,-0.5787360668182373,-0.017382483929395676,0.8113173246383667
-0.46000000834465027,0.0,0.10999999940395355,-0.0728328675031662,-0.6000499725341797,-0.013319296762347221,0.7965287566184998,-0.872172451019287,0.18876389861106868,-0.27886139154434203,0.7215105891227723,0.2935466825962067,-0.15271192491054533,-1.0946730375289915,0.06796689331531519,0.1824569672346115,1.4246638774871825,0.23960996270179752,0.1737950682640076,0.0,0.48176945447921743,0.6902211427688598,0.11129939258098592,-1.1347217082977294,-0.03331066817045212,0.23744534850120547,-0.912591314315796,0.08769048452377315,-1.4715024471282958,0.09370789825916288,0.0,-0.18000034689903222,0.0,0.0,0.30103542208671547,-2.7044844150543206,1.074400353431701,3.197951793670653,-1.0021914124488833,0.8086478710174556,2.6395470619201657,0.8405267477035511,-0.030300733447074346,4.044461250305176,-2.0475482463836654,-0.2319691359996799,-1.1181184411048894,0.6475576519966129,-0.31269134283065647,0.0,-2.2805265426635737,-0.4968949139118197,-2.115246868133545,1.9025222778320305,-0.2524428725242611,0.7106544494628896,-0.3391220331192025,-0.540378665924073,1.5449823141098014,0.15600305199623005,0.0,0.0,0.0,-0.0728328675031662,-0.6000499725341797,-0.013319296762347221,0.7965287566184998,-0.0728328675031662,-0.6000499725341797,-0.013319296762347221,0.7965287566184998,-0.13691377639770508,-0.8609091639518738,0.10486593097448349,0.4786370098590851,-0.09120744466781616,-0.8471527099609375,0.18552197515964508,0.48948442935943604,0.02739802747964859,-0.8515808582305908,0.11567817628383636,0.5105664730072021,-0.014961588196456432,-0.6165212988853455,0.11794950067996979,0.7783095240592957,-0.032022785395383835,-0.49606406688690186,0.1145031601190567,0.8601070642471313,-0.09752091020345688,-0.5033692121505737,0.07629957050085068,0.855153501033783,-0.09752091020345688,-0.5033692121505737,0.07629957050085068,0.855153501033783,0.011831870302557945,-0.9226274490356445,-0.08189515024423599,0.37671220302581787,0.024500571191310883,-0.9248777031898499,-0.05044882744550705,0.37610626220703125,-0.05987615883350372,-0.9232666492462158,-0.016014371067285538,0.37912678718566895,-0.03486916795372963,-0.45096662640571594,-0.05130765587091446,0.8903822898864746,-0.028479669243097305,-0.3413171172142029,-0.05507717654109001,0.937900960445404,0.053034089505672455,-0.3448190689086914,-0.025269098579883575,0.9368290901184082,0.053034089505672455,-0.3448190689086914,-0.025269098579883575,0.9368290901184082,-0.0728328675031662,-0.6000499725341797,-0.013319296762347221,0.7965287566184998,-0.07649128139019012,-0.39198946952819824,-0.018417008221149445,0.9165992140769958,0.23817600309848785,-0.3751755654811859,0.11511752754449844,0.8884049654006958,0.2178221344947815,-0.390884667634964,0.16360259056091309,0.8792024850845337,0.28325361013412476,-0.7941067218780518,-0.00912672933191061,0.5376604199409485,0.2980414032936096,-0.7888750433921814,-0.014709707349538803,0.5372440814971924,0.2980414032936096,-0.7888750433921814,-0.014709707349538803,0.5372440814971924,-0.0662846788764,-0.5022087097167969,-0.02774740755558014,0.8617557287216187,-0.4391663670539856,-0.43856123089790344,-0.24627861380577087,0.744408369064331,-0.45720505714416504,-0.4168984591960907,-0.21465665102005005,0.7556995153427124,-0.501488447189331,-0.7956908941268921,0.17815160751342773,0.2892186641693115,-0.5406825542449951,-0.7728928923606873,0.18172518908977509,0.27798405289649963,-0.5406825542449951,-0.7728928923606873,0.18172518908977509,0.27798405289649963,-0.0728328675031662,-0.6000499725341797,-0.013319296762347221,0.7965287566184998
-0.46000000834465027,0.0,0.10999999940395355,-0.06632860004901886,-0.6194553971290588,-0.010175639763474464,0.7821585536003113,-0.8184243440628052,0.1661570519208908,-0.26625972986221313,0.7719818949699402,0.299712598323822,-0.1484983265399933,-1.015406608581543,0.04262862354516983,0.17476803064346313,1.3967472314834595,0.25517433881759644,0.1806672364473343,0.0,0.4390009343624115,0.6776992678642273,0.06833415478467941,-1.102932095527649,-0.03505723550915718,0.24204863607883453,-0.927406370639801,0.07016962021589279,-1.4476932287216187,0.08767575770616531,0.0,0.0,0.0,0.0,0.19896045327186584,-2.394000768661499,0.7629655599594116,2.6874051094055176,-1.1303422451019287,0.6300830245018005,2.5235650539398193,0.30829572677612305,0.21067990362644196,3.9633212089538574,-1.2669134140014648,-0.38444679975509644,-1.3958321809768677,0.7782187461853027,0.34360843896865845,0.0,-2.138425827026367,-0.6260936856269836,-2.148261785507202,1.5894805192947388,-0.08732837438583374,0.23016434907913208,-0.7407527565956116,-0.8760431408882141,1.1904608011245728,-0.3016069829463959,0.0,0.0,0.0,-0.06632860004901886,-0.6194553971290588,-0.010175639763474464,0.7821585536003113,-0.06632860004901886,-0.6194553971290588,-0.010175639763474464,0.7821585536003113,-0.1285548359155655,-0.8620854616165161,0.09670368582010269,0.4805524945259094,-0.08823376893997192,-0.8510873317718506,0.16790857911109924,0.4895629286766052,0.02551773004233837,-0.8552681803703308,0.10143972188234329,0.5075185894966125,-0.01454947330057621,-0.6012732982635498,0.10358322411775589,0.7921674251556396,-0.029850976541638374,-0.4762670695781708,0.10025013983249664,0.8730570077896118,-0.09453293681144714,-0.48239150643348694,0.0646439790725708,0.8684371709823608,-0.09453293681144714,-0.48239150643348694,0.0646439790725708,0.8684371709823608,0.015205652453005314,-0.9169716238975525,-0.0761631652712822,0.3913195729255676,0.02354227378964424,-0.9183865785598755,-0.05660272389650345,0.39090660214424133,-0.05669776350259781,-0.9169370532035828,-0.02227122150361538,0.3943549692630768,-0.02910439670085907,-0.4487123489379883,-0.05351240932941437,0.8915977478027344,-0.022058842703700066,-0.3316170573234558,-0.056780729442834854,0.9414454102516174,0.06295965611934662,-0.3353872001171112,-0.026633772999048233,0.9395968317985535,0.06295965611934662,-0.3353872001171112,-0.026633772999048233,0.9395968317985535,-0.06632860004901886,-0.6194553971290588,-0.010175639763474464,0.7821585536003113,-0.07099515944719315,-0.43371275067329407,-0.013651692308485508,0.8981462121009827,0.2315877079963684,-0.4135887026786804,0.1312917172908783,0.8706744313240051,0.21763372421264648,-0.4231107532978058,0.16040214896202087,0.864802896976471,0.281933456659317,-0.8056610822677612,-0.006237169727683067,0.5209460854530334,0.2976222336292267,-0.8001787662506104,-0.0117970434948802,0.5205725431442261,0.2976222336292267,-0.8001787662506104,-0.0117970434948802,0.5205725431442261,-0.05992147698998451,-0.5211842656135559,-0.02402248978614807,0.8509989976882935,-0.4342145323753357,-0.45540401339530945,-0.2545923590660095,0.7343348264694214,-0.44932952523231506,-0.43830519914627075,-0.22968417406082153,0.7437988519668579,-0.5080474615097046,-0.800929844379425,0.1550353467464447,0.2763387858867645,-0.5447928309440613,-0.7791687846183777,0.15777276456356049,0.2668417692184448,-0.5447928309440613,-0.7791687846183777,0.15777276456356049,0.2668417692184448,-0.06632860004901886,-0.6194553971290588,-0.010175639763474464,0.7821585536003113
-0.46000000834465027,0.0,0.10999999940395355,-0.059687539935112,-0.634787380695343,-0.007431866601109505,0.7703421115875244,-0.7776692152023313,0.13923720866441713,-0.25785488486289976,0.8366566061973575,0.30746321678161626,-0.14631107449531555,-0.9473096847534177,0.015458168089389678,0.16514416635036464,1.3491994619369505,0.2639178574085236,0.18501005470752718,0.0,0.39938252568244914,0.6636213183403015,0.04691281318664541,-1.0778623819351196,-0.041134989261627224,0.2431889057159424,-0.9317142844200135,0.03706325739622102,-1.4205363273620604,0.09485056400299076,0.0,0.0,0.0,0.0,0.23289141654968276,-2.1095250368118275,0.7346138238906859,2.297615909576414,-1.2597321510314947,0.5041785418987268,2.949667215347292,0.35583683848381065,0.1498895183205602,3.628236055374144,-1.3218789577484134,-0.4424946308135989,-1.9847658157348658,0.5735930383205405,0.2677278906106946,0.0,-2.0439225196838375,-0.6727759242057803,-1.501944899559018,1.3878835439681998,-0.21726394295692503,0.1262738347053523,-0.4255385160446153,-1.3436080694198629,1.290891289710999,0.09460139274597346,0.0,0.0,0.0,-0.059687539935112,-0.634787380695343,-0.007431866601109505,0.7703421115875244,-0.059687539935112,-0.634787380695343,-0.007431866601109505,0.7703421115875244,-0.12015917897224426,-0.8636298775672913,0.09067820012569427,0.481126606464386,-0.0864003449678421,-0.855186402797699,0.15051902830600739,0.4884006381034851,0.024257417768239975,-0.8591791987419128,0.08646361529827118,0.5037329196929932,-0.012650479562580585,-0.5804320573806763,0.0889565646648407,0.8093364834785461,-0.026088064536452293,-0.4496522545814514,0.08598704636096954,0.8886723518371582,-0.09096033126115799,-0.45474326610565186,0.05287155508995056,0.8843864798545837,-0.09096033126115799,-0.45474326610565186,0.05287155508995056,0.8843864798545837,0.018479369580745697,-0.9113816022872925,-0.0711328387260437,0.4049472212791443,0.021484822034835815,-0.9119057655334473,-0.06403175741434097,0.4048038423061371,-0.05382247269153595,-0.9105768203735352,-0.03047236241400242,0.4086863100528717,-0.023067019879817963,-0.4558574855327606,-0.057516708970069885,0.8878928422927856,-0.01528903003782034,-0.33506929874420166,-0.06003143638372421,0.9401547312736511,0.07161916047334671,-0.33918893337249756,-0.028818190097808838,0.9375452995300293,0.07161916047334671,-0.33918893337249756,-0.028818190097808838,0.9375452995300293,-0.059687539935112,-0.634787380695343,-0.007431866601109505,0.7703421115875244,-0.06488828361034393,-0.4689217209815979,-0.009577283635735512,0.8808010816574097,0.22565874457359314,-0.4465218186378479,0.14354583621025085,0.8538682460784912,0.21554383635520935,-0.45291566848754883,0.16325515508651733,0.8495623469352722,0.281907856464386,-0.8171787261962891,0.0016861266922205687,0.502736508846283,0.3004576861858368,-0.8106963634490967,-0.00438230624422431,0.502471387386322,0.3004576861858368,-0.8106963634490967,-0.00438230624422431,0.502471387386322,-0.05351307988166809,-0.5373005270957947,-0.02046678587794304,0.8414425849914551,-0.42576444149017334,-0.4708400368690491,-0.25965532660484314,0.7277454137802124,-0.4340088367462158,-0.46202731132507324,-0.24662518501281738,0.7330368757247925,-0.5095097422599792,-0.8092599511146545,0.12463460862636566,0.26450759172439575,-0.5493951439857483,-0.7852776050567627,0.1269516795873642,0.25570952892303467,-0.5493951439857483,-0.7852776050567627,0.1269516795873642,0.25570952892303467,-0.059687539935112,-0.634787380695343,-0.007431866601109505,0.7703421115875244
-0.46000000834465027,0.0,0.10799999982118602,-0.052687868475914,-0.6477933526039124,-0.006044202018529177,0.7599678039550781,-0.7473397016525268,0.11365867406129822,-0.2509460240602493,0.8892367839813234,0.31550099253654484,-0.14532798230648042,-0.8937747955322264,-0.00890198620036257,0.1579295217990875,1.29657871723175,0.27104491591453556,0.18969446718692784,0.0,0.362551152706146,0.6510927319526671,0.028757367283105774,-1.0591018199920654,-0.04637814164161685,0.24334181547164915,-0.9357487320899963,0.0035025600343940345,-1.3954173803329466,0.10184372365474706,0.0,0.0,0.0,-0.059999984502793556,0.3299018025398269,-1.7619788885116545,0.660215002298354,1.724987983703607,-1.3057528257369988,0.3753626972436896,2.8708993434905934,0.39614561200141923,0.07323779910802769,2.967984914779654,-1.2742136240005477,-0.40891659855842444,-2.5295774936676056,0.38868210017681026,0.22738872766494772,0.0,-1.897309255599974,-0.6574165284633627,-0.9730901241302471,1.0642110347747764,-0.2788496255874629,0.027392684668301946,-0.207191690802574,-1.6689481258392336,1.2967063426971424,0.35329089760780324,0.0,0.0,0.0,-0.052687868475914,-0.6477933526039124,-0.006044202018529177,0.7599678039550781,-0.052687868475914,-0.6477933526039124,-0.006044202018529177,0.7599678039550781,-0.11237045377492905,-0.866075336933136,0.08476608246564865,0.47968846559524536,-0.08491529524326324,-0.8598470687866211,0.13379940390586853,0.48533526062965393,0.02335163578391075,-0.8637095093727112,0.0720028430223465,0.49827319383621216,-0.009810863062739372,-0.5654156804084778,0.07507704198360443,0.821323573589325,-0.02146182768046856,-0.42936569452285767,0.07261661440134048,0.8999506831169128,-0.08674312382936478,-0.43350106477737427,0.0412554033100605,0.8960192799568176,-0.08674312382936478,-0.43350106477737427,0.0412554033100605,0.8960192799568176,0.022431204095482826,-0.9073108434677124,-0.0684313178062439,0.4142475724220276,0.020583610981702805,-0.906987726688385,-0.07246612757444382,0.41436487436294556,-0.051027022302150726,-0.9057869911193848,-0.03955522179603577,0.4187856912612915,-0.016889629885554314,-0.46913784742355347,-0.062458425760269165,0.8807516098022461,-0.008290917612612247,-0.34584009647369385,-0.06415967643260956,0.9360604286193848,0.08038399368524551,-0.350368857383728,-0.03108801692724228,0.9326379299163818,0.08038399368524551,-0.350368857383728,-0.03108801692724228,0.9326379299163818,-0.052687868475914,-0.6477933526039124,-0.006044202018529177,0.7599678039550781,-0.05807057023048401,-0.49984249472618103,-0.006873805075883865,0.8641400933265686,0.22138327360153198,-0.47579625248908997,0.15330153703689575,0.8373208045959473,0.21472211182117462,-0.4796675443649292,0.16513203084468842,0.8345925807952881,0.282622367143631,-0.8281448483467102,0.0071271746419370174,0.48399367928504944,0.30366724729537964,-0.8208025693893433,0.0007340257870964706,0.4838065207004547,0.30366724729537964,-0.8208025693893433,0.0007340257870964706,0.4838065207004547,-0.046629976481199265,-0.5513501763343811,-0.01817677542567253,0.8327715396881104,-0.4171866178512573,-0.48389238119125366,-0.26488250494003296,0.7222471833229065,-0.4179806709289551,-0.48306334018707275,-0.2636735439300537,0.7227851152420044,-0.5100011825561523,-0.8163678646087646,0.09426961839199066,0.2540779709815979,-0.5529168844223022,-0.7902250289916992,0.09621018171310425,0.2461117058992386,-0.5529168844223022,-0.7902250289916992,0.09621018171310425,0.2461117058992386,-0.052687868475914,-0.6477933526039124,-0.006044202018529177,0.7599678039550781
-0.46000000834465027,0.0,0.10200000107288358,-0.04500759020447731,-0.6565163135528564,-0.00737346475943923,0.7529316544532776,-0.73786141872406,0.09076275676488867,-0.24702913165092466,0.9176278948783876,0.32411308288574225,-0.14675320982933046,-0.8693639755249022,-0.027641536761075343,0.15553331673145293,1.2338120222091673,0.2749390542507172,0.19506206810474397,0.0,0.33129385113716114,0.641662871837616,0.017133712768554635,-1.0529595613479614,-0.049952091276645676,0.24152000546455382,-0.9392362475395203,-0.030966811999678767,-1.3743743419647216,0.10847359001636508,0.0,0.0,0.0,-0.23999993801117023,0.5530710339546213,-1.2882919073104837,0.49372200965881274,0.7866826057434042,-1.1850350379943841,0.24072412848472535,1.782391405105586,0.4219897687435151,-0.03513658791780519,1.6574018001556337,-1.0212865352630605,-0.19208683967590234,-2.986145257949831,0.24320070147514278,0.2581322163343431,0.0,-1.6464760780334462,-0.5179738640785211,-0.6791595697402941,0.49638745784759275,-0.20373550653457606,-0.061469695717096706,-0.18257974088191975,-1.7098384380340579,1.1132905244827263,0.33694269061088555,0.0,0.0,0.0,-0.04500759020447731,-0.6565163135528564,-0.00737346475943923,0.7529316544532776,-0.04500759020447731,-0.6565163135528564,-0.00737346475943923,0.7529316544532776,-0.10580860078334808,-0.8704096078872681,0.07909056544303894,0.4742744565010071,-0.08415579795837402,-0.8659098744392395,0.11847434937953949,0.47862502932548523,0.023160792887210846,-0.8696765899658203,0.05859691649675369,0.4895840287208557,-0.0051092104986310005,-0.5628985166549683,0.0628257766366005,0.824118971824646,-0.015157491900026798,-0.4225514233112335,0.06119129806756973,0.9041438698768616,-0.08140162378549576,-0.4258967638015747,0.03005148097872734,0.9006013870239258,-0.08140162378549576,-0.4258967638015747,0.03005148097872734,0.9006013870239258,0.02774639055132866,-0.9066429138183594,-0.07041612267494202,0.4150543808937073,0.022003939375281334,-0.9055737257003784,-0.08293650299310684,0.41541972756385803,-0.0484158918261528,-0.9045481085777283,-0.050413720309734344,0.4206031560897827,-0.010427189990878105,-0.4944809079170227,-0.06924615055322647,0.8663630485534668,-0.0008344078669324517,-0.37109264731407166,-0.07001375406980515,0.9259520769119263,0.08932319283485413,-0.3761536777019501,-0.033514976501464844,0.9216325283050537,0.08932319283485413,-0.3761536777019501,-0.033514976501464844,0.9216325283050537,-0.04500759020447731,-0.6565163135528564,-0.00737346475943923,0.7529316544532776,-0.04997587203979492,-0.5231574177742004,-0.006935227662324905,0.8507412672042847,0.22088958323001862,-0.4986583888530731,0.15835098922252655,0.823087215423584,0.2167537808418274,-0.5009589195251465,0.16529494524002075,0.8214227557182312,0.284971684217453,-0.8384515047073364,0.007602054625749588,0.46446993947029114,0.30777591466903687,-0.8304924964904785,0.0012489169603213668,0.46427854895591736,0.30777591466903687,-0.8304924964904785,0.0012489169603213668,0.46427854895591736,-0.03882785141468048,-0.5615516901016235,-0.018429715186357498,0.8263247609138489,-0.40857043862342834,-0.4924123287200928,-0.27056804299354553,0.7193006277084351,-0.4011537432670593,-0.49934622645378113,-0.281261146068573,0.7145776748657227,-0.5091776847839355,-0.8220202922821045,0.06416049599647522,0.2467876523733139,-0.5549522042274475,-0.7938140034675598,0.06581556051969528,0.23990792036056519,-0.5549522042274475,-0.7938140034675598,0.06581556051969528,0.23990792036056519,-0.04500759020447731,-0.6565163135528564,-0.00737346475943923,0.7529316544532776
-0.46000000834465027,0.0,0.10000000149011612,-0.03803851082921028,-0.6624289751052856,-0.00764861237257719,0.7481193542480469,-0.7319971323013306,0.06421816498041134,-0.24206752479076382,0.941148090362549,0.3276732265949249,-0.1511110216379166,-0.8479326963424682,-0.04741470292210592,0.14983426928520197,1.2020721197128295,0.2747094213962555,0.19610741436481474,0.0,0.304595911502838,0.6367888808250427,0.003748321719467545,-1.0575360774993898,-0.04851497113704679,0.2435010135173798,-0.9457783818244935,-0.05930990725755708,-1.3525843381881713,0.10999195277690887,0.0,0.0,0.0,-0.1799999535083759,0.5606835961341852,-0.9127911090850809,0.45142471194267286,0.3654942214488972,-1.254256033897401,0.22718604505062134,1.2734280109405502,0.279046100378035,-0.15923889279365627,1.1311546802520742,-0.9679859876632694,-0.21889550536871055,-2.20753083229064,0.07099377810954922,0.138712406158446,0.0,-1.4260841369628892,-0.33481691479682785,-0.6340348243713384,-0.014450317621234277,-0.028365385532377635,0.022994036972523876,-0.2660143166780481,-1.5396801948547345,1.074560880661011,0.17814819216728056,0.0,0.0,0.0,-0.03803851082921028,-0.6624289751052856,-0.00764861237257719,0.7481193542480469,-0.03803851082921028,-0.6624289751052856,-0.00764861237257719,0.7481193542480469,-0.09951671957969666,-0.873645544052124,0.07531211525201797,0.4702851176261902,-0.08433498442173004,-0.8707523345947266,0.10329422354698181,0.47329527139663696,0.02140723168849945,-0.8745540380477905,0.0453813262283802,0.48232507705688477,-0.0014050663448870182,-0.5608077049255371,0.05017804354429245,0.826422929763794,-0.009566341526806355,-0.41850417852401733,0.04927878826856613,0.9068266153335571,-0.07799414545297623,-0.4210069477558136,0.017554927617311478,0.9035276174545288,-0.07799414545297623,-0.4210069477558136,0.017554927617311478,0.9035276174545288,0.032828524708747864,-0.9051080942153931,-0.07147381454706192,0.41784340143203735,0.02288770116865635,-0.9031479954719543,-0.09289516508579254,0.4185335040092468,-0.04478203505277634,-0.9023352265357971,-0.06132113188505173,0.42429396510124207,-0.002293140161782503,-0.5042597651481628,-0.07594811171293259,0.8602026700973511,0.008123418316245079,-0.38172823190689087,-0.07555440068244934,0.9211455583572388,0.09826228022575378,-0.3872882127761841,-0.0378229096531868,0.9159266948699951,0.09826228022575378,-0.3872882127761841,-0.0378229096531868,0.9159266948699951,-0.03803851082921028,-0.6624289751052856,-0.00764861237257719,0.7481193542480469,-0.04274008795619011,-0.5411252975463867,-0.0062441760674119,0.839832067489624,0.22231939435005188,-0.5158849954605103,0.16345149278640747,0.8109996914863586,0.2214309126138687,-0.5163651704788208,0.16498762369155884,0.8106259703636169,0.2895083725452423,-0.8471797704696655,0.004564202856272459,0.4454779624938965,0.31175899505615234,-0.8393935561180115,-0.001147285453043878,0.4452230930328369,0.31175899505615234,-0.8393935561180115,-0.001147285453043878,0.4452230930328369,-0.0317789763212204,-0.5671351552009583,-0.01789890229701996,0.8228168487548828,-0.40304869413375854,-0.4967334270477295,-0.2742467224597931,0.7180504202842712,-0.38868212699890137,-0.5097658038139343,-0.2946348190307617,0.7086997032165527,-0.5083124041557312,-0.8245528340339661,0.040003832429647446,0.2452157437801361,-0.5547529458999634,-0.795711874961853,0.041615668684244156,0.2394992560148239,-0.5547529458999634,-0.795711874961853,0.041615668684244156,0.2394992560148239,-0.03803851082921028,-0.6624289751052856,-0.00764861237257719,0.7481193542480469
-0.46000000834465027,0.0,0.10000000149011612,-0.031425509601831436,-0.6669340133666992,-0.007396645378321409,0.7444170713424683,-0.7279398441314697,0.03584923595190013,-0.23658356070518505,0.9622328281402592,0.32870739698410023,-0.15693512558937078,-0.8279911875724787,-0.06770467758178712,0.142483800649643,1.1858456134796131,0.27241790294647206,0.19499163329601304,0.0,0.28017765283584567,0.6341928243637085,-0.0105179380625486,-1.0674719810485842,-0.044572316110134104,0.24738343060016632,-0.953847825527191,-0.08458986133337065,-1.3304208517074585,0.10895456373691553,0.0,0.0,0.0,0.0,0.4605178236961366,-0.5863834023475643,0.4712252616882308,0.20286439359187794,-1.418446421623231,0.274198204278941,1.054236888885504,0.05170851573347659,-0.29120516777038585,0.9970753788948151,-1.014498710632318,-0.3675234019756274,-0.8113252520561473,-0.1145759150385875,-0.05578904971479795,0.0,-1.2209128141403194,-0.12980282306671154,-0.7133129835128725,-0.4967951476574003,0.19713273644447254,0.1941208392381658,-0.4034721553325609,-1.2639976739883472,1.1081743240356396,-0.051869448274375125,0.0,0.0,0.0,-0.031425509601831436,-0.6669340133666992,-0.007396645378321409,0.7444170713424683,-0.031425509601831436,-0.6669340133666992,-0.007396645378321409,0.7444170713424683,-0.09335897862911224,-0.8763213157653809,0.07248150557279587,0.46700266003608704,-0.08497358113527298,-0.874881386756897,0.08817674964666367,0.46860089898109436,0.018870331346988678,-0.8787957429885864,0.032258082181215286,0.4757324755191803,0.0018001020653173327,-0.5588794350624084,0.03732871636748314,0.8284062743186951,-0.00433168513700366,-0.41580867767333984,0.037120211869478226,0.9086838364601135,-0.07554741948843002,-0.41743898391723633,0.004411967936903238,0.9055483341217041,-0.07554741948843002,-0.41743898391723633,0.004411967936903238,0.9055483341217041,0.037793222814798355,-0.9031171798706055,-0.07206613570451736,0.421612948179245,0.023501714691519737,-0.9001606106758118,-0.10259164869785309,0.4226505756378174,-0.04063281789422035,-0.8995501399040222,-0.07224644720554352,0.42888110876083374,0.006673153024166822,-0.506353497505188,-0.08261987566947937,0.8583329916000366,0.017830146476626396,-0.38511213660240173,-0.08094850182533264,0.9191398620605469,0.10721586644649506,-0.3911629021167755,-0.04307672008872032,0.9130392670631409,0.10721586644649506,-0.3911629021167755,-0.04307672008872032,0.9130392670631409,-0.031425509601831436,-0.6669340133666992,-0.007396645378321409,0.7444170713424683,-0.03593426197767258,-0.5563862919807434,-0.005176793783903122,0.8301302790641785,0.22469937801361084,-0.5302616953849792,0.16856756806373596,0.7999486327171326,0.22742371261119843,-0.5288107991218567,0.16444088518619537,0.8009974360466003,0.2950722575187683,-0.854925274848938,-0.00023035619233269244,0.42665573954582214,0.31561079621315,-0.847716212272644,-0.004998249001801014,0.4263121485710144,0.31561079621315,-0.847716212272644,-0.004998249001801014,0.4263121485710144,-0.025107966735959053,-0.5704196691513062,-0.01697658561170101,0.8207939863204956,-0.3990904688835144,-0.49897414445877075,-0.2769324779510498,0.7176768183708191,-0.378412663936615,-0.5172744393348694,-0.3059104382991791,0.7040240168571472,-0.5074034929275513,-0.8254867792129517,0.018832676112651825,0.24649295210838318,-0.5534077286720276,-0.7967222332954407,0.020521964877843857,0.24197620153427124,-0.5534077286720276,-0.7967222332954407,0.020521964877843857,0.24197620153427124,-0.031425509601831436,-0.6669340133666992,-0.007396645378321409,0.7444170713424683
-0.46000000834465027,0.0,0.10000000149011612,-0.026324907317757607,-0.6707983016967773,-0.009013550356030464,0.7411177158355713,-0.7324379801750183,0.004203259944915841,-0.24594917297363278,1.0015889167785643,0.3181377410888672,-0.1630327522754669,-0.7803794741630555,-0.06956775784492492,0.1481699228286743,1.0934337854385379,0.2646317005157471,0.21112413704395291,0.0,0.2570114225149155,0.6313008308410645,-0.007147944997996099,-1.095089077949524,-0.042756447196006776,0.2482765257358551,-0.9486795663833618,-0.12429648339748374,-1.3228495836257934,0.10456293374300005,0.0,0.0,0.0,0.0,0.4687942802906036,-0.5444954872131349,0.3262000977993015,-0.05379831492900794,-1.516757822036743,-0.17128906846046354,1.6023773431777943,-0.29640627279877585,-0.2994108498096466,1.8271814465522747,-0.4616918921470654,0.023574286699294178,-3.096884763240809,-0.279416416585445,0.46165945902466654,0.0,-1.183352017402649,-0.13868092596530912,-0.18422540426254386,-1.0272308766841878,0.13332915753126157,0.10444118976593038,-0.006341069936753152,-1.6967977046966543,0.6704077720642099,-0.1524966679513452,0.0,0.0,0.0,-0.026324907317757607,-0.6707983016967773,-0.009013550356030464,0.7411177158355713,-0.026324907317757607,-0.6707983016967773,-0.009013550356030464,0.7411177158355713,-0.08987323939800262,-0.8802189826965332,0.06936943531036377,0.460787832736969,-0.08884059637784958,-0.880056619644165,0.07117970287799835,0.4610217213630676,0.01979970559477806,-0.8843302726745605,0.01412140391767025,0.46622803807258606,0.01079009659588337,-0.5518834590911865,0.02201455645263195,0.8335607051849365,0.007118368521332741,-0.41288232803344727,0.02340518869459629,0.9104558229446411,-0.06704472750425339,-0.413385808467865,-0.010283561423420906,0.9080260992050171,-0.06704472750425339,-0.413385808467865,-0.010283561423420906,0.9080260992050171,0.03841474652290344,-0.8952633142471313,-0.071567103266716,0.43807074427604675,0.023146595805883408,-0.8922337293624878,-0.10265335440635681,0.4391418695449829,-0.042942434549331665,-0.8915029764175415,-0.06983688473701477,0.44553473591804504,-0.0003497630823403597,-0.5299351215362549,-0.08183689415454865,0.8440802097320557,0.010450530797243118,-0.41394394636154175,-0.08115525543689728,0.9066174030303955,0.10585184395313263,-0.42016586661338806,-0.03693350404500961,0.9004954099655151,0.10585184395313263,-0.42016586661338806,-0.03693350404500961,0.9004954099655151,-0.026324907317757607,-0.6707983016967773,-0.009013550356030464,0.7411177158355713,-0.030359454452991486,-0.5702661275863647,-0.00638181809335947,0.8208739757537842,0.2259777933359146,-0.5440741777420044,0.17095032334327698,0.789742648601532,0.22786521911621094,-0.5430924296379089,0.1681727170944214,0.790472149848938,0.29864153265953064,-0.8671571016311646,-0.0014343009097501636,0.39855942130088806,0.3184696435928345,-0.8602166771888733,-0.005379775073379278,0.3982154428958893,0.3184696435928345,-0.8602166771888733,-0.005379775073379278,0.3982154428958893,-0.019792810082435608,-0.5742570757865906,-0.017957642674446106,0.8182387351989746,-0.3913414478302002,-0.5026615858078003,-0.2782644033432007,0.7188548445701599,-0.3605005145072937,-0.5286891460418701,-0.3208053410053253,0.6982916593551636,-0.5026425123214722,-0.8308600187301636,-0.00609563896432519,0.23871544003486633,-0.5469383001327515,-0.8032905459403992,-0.004869879223406315,0.23571021854877472,-0.5469383001327515,-0.8032905459403992,-0.004869879223406315,0.23571021854877472,-0.026324907317757607,-0.6707983016967773,-0.009013550356030464,0.7411177158355713
-0.46000000834465027,0.0,0.10000000149011612,-0.020628023892641068,-0.6737901568412781,-0.011068357154726982,0.7385517358779907,-0.7392137765884399,-0.02689236700534814,-0.2531865358352661,1.0444728136062622,0.3111429750919342,-0.16825424134731293,-0.7368532896041871,-0.07171582281589507,0.1535998433828354,1.008180344104767,0.25937016010284425,0.2217528849840164,0.0,0.23649030029773715,0.6283588528633117,-0.0038591546937823363,-1.1212621450424194,-0.04270260408520698,0.2502189099788666,-0.9428153872489929,-0.15662606954574582,-1.312749695777893,0.10126213133335114,0.0,0.0,0.0,0.0,0.5199659109115597,-0.44921123981475874,0.233432525396347,-0.29323659837245897,-1.5657882690429688,-0.4044331014156346,2.0736385345458976,-0.4212360978126533,-0.2785971790552141,2.2580195903778084,-0.10170354843139642,0.2766200572252274,-4.405839586257936,-0.31357023715972954,0.6415124654769908,0.0,-1.0789582371711737,-0.14609919488430023,0.16606356501579286,-1.3375338315963747,0.03793266564607655,0.07613342329859712,0.2792905509471892,-1.7640199661254896,0.4544219613075251,-0.18685666024684927,0.0,0.0,0.0,-0.020628023892641068,-0.6737901568412781,-0.011068357154726982,0.7385517358779907,-0.020628023892641068,-0.6737901568412781,-0.011068357154726982,0.7385517358779907,-0.08610892295837402,-0.8840700387954712,0.06591657549142838,0.4545992314815521,-0.09217499941587448,-0.8848629593849182,0.05399937555193901,0.4534372091293335,0.020284555852413177,-0.8894243240356445,-0.00367535836994648,0.4566173255443573,0.019577311351895332,-0.5430989265441895,0.007024907041341066,0.8394111394882202,0.018252860754728317,-0.40647760033607483,0.009973833337426186,0.9134239554405212,-0.05856964737176895,-0.4058678150177002,-0.02420581318438053,0.911732017993927,-0.05856964737176895,-0.4058678150177002,-0.02420581318438053,0.911732017993927,0.039748415350914,-0.8874247074127197,-0.07195179909467697,0.4535640478134155,0.023454150184988976,-0.8842744827270508,-0.10371550917625427,0.4546993374824524,-0.04445219039916992,-0.8834683895111084,-0.06850773096084595,0.4613179564476013,-0.005842776969075203,-0.5507557392120361,-0.0814439058303833,0.8306629061698914,0.004738731309771538,-0.43870797753334045,-0.08151555806398392,0.8949123024940491,0.10373186320066452,-0.4450339078903198,-0.032473690807819366,0.888892650604248,0.10373186320066452,-0.4450339078903198,-0.032473690807819366,0.888892650604248,-0.020628023892641068,-0.6737901568412781,-0.011068357154726982,0.7385517358779907,-0.02417888678610325,-0.5819769501686096,-0.007973083294928074,0.8128066658973694,0.22819557785987854,-0.555951714515686,0.17226320505142212,0.7804933786392212,0.2292392998933792,-0.5554195642471313,0.17078256607055664,0.7808917164802551,0.30220532417297363,-0.8773770928382874,-0.003906817175447941,0.37264737486839294,0.32211101055145264,-0.8704140186309814,-0.007220374420285225,0.37225213646888733,0.32211101055145264,-0.8704140186309814,-0.007220374420285225,0.37225213646888733,-0.013807151466608047,-0.5767082571983337,-0.019331002607941628,0.816604733467102,-0.383152037858963,-0.5050343871116638,-0.27913349866867065,0.7212624549865723,-0.34392380714416504,-0.5369174480438232,-0.33273589611053467,0.694782555103302,-0.49680468440055847,-0.8347887992858887,-0.02838050201535225,0.23559989035129547,-0.5398197770118713,-0.8081663846969604,-0.027355145663022995,0.23390905559062958,-0.5398197770118713,-0.8081663846969604,-0.027355145663022995,0.23390905559062958,-0.020628023892641068,-0.6737901568412781,-0.011068357154726982,0.7385517358779907
-0.46000000834465027,0.0,0.10000000149011612,-0.01374027132987976,-0.6750717163085938,-0.013999313116073608,0.7374911904335022,-0.7505448937416077,-0.05688729584217078,-0.25616739988327025,1.0944123268127441,0.31129798889160154,-0.17172345519065857,-0.7014981627464294,-0.07443385720252992,0.15851736068725586,0.9372436761856078,0.2591579437255859,0.22137412130832673,0.0,0.22125939428806302,0.6253169059753418,-0.000732769910246127,-1.1445471525192261,-0.046172812581062324,0.2542598724365234,-0.9355593681335449,-0.17420158386230472,-1.297592568397522,0.10014298409223556,0.0,0.0,0.0,0.0,0.6569278895854953,-0.24713432788848833,0.24518013596534732,-0.4982260316610341,-1.5162568092346191,-0.21289065480232194,2.3911412000656136,-0.09949600696563649,-0.19974480271339398,1.8903220653533928,-0.12735217660665518,0.25356190204620355,-3.7615848541259753,-0.086350673437118,0.1461744785308826,0.0,-0.8408984899520868,-0.15059779584407806,0.15875531435012816,-1.2075711488723753,-0.12064965218305623,0.1705694340169432,0.3419233322143556,-1.1000866889953598,0.6819977223873144,-0.0886821866035459,0.0,0.0,0.0,-0.01374027132987976,-0.6750717163085938,-0.013999313116073608,0.7374911904335022,-0.01374027132987976,-0.6750717163085938,-0.013999313116073608,0.7374911904335022,-0.08179393410682678,-0.8878875970840454,0.06178718060255051,0.44849488139152527,-0.09447744488716125,-0.8892722129821777,0.03648681566119194,0.4460242986679077,0.01988968811929226,-0.8940603137016296,-0.020778130739927292,0.4470221996307373,0.027958475053310394,-0.5309240818023682,-0.007301514968276024,0.8469265699386597,0.028752833604812622,-0.3932141661643982,-0.0028787257615476847,0.9189927577972412,-0.05016721040010452,-0.39150846004486084,-0.03657753765583038,0.9180777072906494,-0.05016721040010452,-0.39150846004486084,-0.03657753765583038,0.9180777072906494,0.04252076521515846,-0.8799625635147095,-0.07413138449192047,0.4672926068305969,0.025095826014876366,-0.8765946626663208,-0.10681752860546112,0.46855300664901733,-0.04437962919473648,-0.8758306503295898,-0.06936872005462646,0.47554081678390503,-0.00827381107956171,-0.5666272044181824,-0.0819210559129715,0.8198500275611877,0.002381084254011512,-0.45593854784965515,-0.08230334520339966,0.8861944079399109,0.10025732219219208,-0.4622398912906647,-0.031437620520591736,0.8805081248283386,0.10025732219219208,-0.4622398912906647,-0.031437620520591736,0.8805081248283386,-0.01374027132987976,-0.6750717163085938,-0.013999313116073608,0.7374911904335022,-0.016800647601485252,-0.5895875096321106,-0.010339239612221718,0.8074635863304138,0.2323852926492691,-0.5641824007034302,0.17150691151618958,0.7734860777854919,0.23258203268051147,-0.5640825033187866,0.1712244600057602,0.7735623717308044,0.3061237335205078,-0.8846347332000732,-0.00891675055027008,0.35161063075065613,0.327705442905426,-0.8770532011985779,-0.011984588578343391,0.3510599136352539,0.327705442905426,-0.8770532011985779,-0.011984588578343391,0.3510599136352539,-0.006481725722551346,-0.5764126777648926,-0.02148970402777195,0.8168504238128662,-0.3741050660610199,-0.5048065781593323,-0.2790929675102234,0.7261700630187988,-0.33039194345474243,-0.5393106937408447,-0.3390617370605469,0.6964353322982788,-0.4892994165420532,-0.8366266489028931,-0.045374173671007156,0.2420394867658615,-0.5319620966911316,-0.8104711771011353,-0.044021617621183395,0.24127793312072754,-0.5319620966911316,-0.8104711771011353,-0.044021617621183395,0.24127793312072754,-0.01374027132987976,-0.6750717163085938,-0.013999313116073608,0.7374911904335022
-0.46000000834465027,0.0,0.10000000149011612,-0.006671641953289509,-0.6750390529632568,-0.015394054353237152,0.7375912666320801,-0.7602131128311157,-0.08819300532341011,-0.256684684753418,1.1465559720993044,0.3097911298274994,-0.17902117669582368,-0.6642956733703612,-0.07297710180282592,0.1691386550664902,0.8611322522163389,0.2565372705459595,0.2264899104833603,0.0,0.20584065616130826,0.6238383650779724,-0.004018459114013254,-1.1653256654739381,-0.05225567296147348,0.2587134182453156,-0.9176323294639587,-0.1822523891925812,-1.2736777067184448,0.09491707682609557,0.0,0.0,0.0,0.0,0.6502889633178709,-0.07372451722621882,0.3245077431201937,-0.5166689038276671,-1.5390697479248048,-0.0751358181238172,2.5630993843078613,-0.04210549341514723,-0.2883158951997761,1.8231770992279055,-0.010658031702041187,0.4169891506433493,-3.702075910568238,-0.08286451604217315,0.14589839167892987,0.0,-0.7671802163124085,-0.10519515573978408,-0.0360429704189307,-1.0890554428100583,-0.2518899708986285,0.2144256085157395,0.6829314649105083,-0.5930343985557547,1.0205883145332346,-0.17916015908122104,0.0,0.0,0.0,-0.006671641953289509,-0.6750390529632568,-0.015394054353237152,0.7375912666320801,-0.006671641953289509,-0.6750390529632568,-0.015394054353237152,0.7375912666320801,-0.0765426754951477,-0.8905547857284546,0.05890607088804245,0.4445037245750427,-0.09603436291217804,-0.892258882522583,0.019569916650652885,0.4407588243484497,0.018955351784825325,-0.8972103595733643,-0.03700532764196396,0.43964171409606934,0.036238208413124084,-0.5153204202651978,-0.02067047916352749,0.8559816479682922,0.0389837846159935,-0.37709224224090576,-0.014839920215308666,0.9252359867095947,-0.043902184814214706,-0.3742205500602722,-0.04843154549598694,0.9250329732894897,-0.043902184814214706,-0.3742205500602722,-0.04843154549598694,0.9250329732894897,0.04585254192352295,-0.8710296154022217,-0.07461678981781006,0.4833604395389557,0.02820928394794464,-0.8677274584770203,-0.1063542440533638,0.48470818996429443,-0.045145850628614426,-0.8670273423194885,-0.064954973757267,0.49194130301475525,-0.013750867918133736,-0.5825808048248291,-0.07772576063871384,0.8089309930801392,-0.003688428783789277,-0.4743193984031677,-0.0788382738828659,0.8768078684806824,0.09539324045181274,-0.48016640543937683,-0.024686018005013466,0.8716254830360413,0.09539324045181274,-0.48016640543937683,-0.024686018005013466,0.8716254830360413,-0.006671641953289509,-0.6750390529632568,-0.015394054353237152,0.7375912666320801,-0.009412236511707306,-0.595792829990387,-0.0112757021561265,0.8030039072036743,0.2374735176563263,-0.5705035924911499,0.1721072793006897,0.7671447992324829,0.23860634863376617,-0.5699174404144287,0.17061203718185425,0.767562747001648,0.31145966053009033,-0.8894068598747253,-0.015986470505595207,0.33420485258102417,0.3359082341194153,-0.8807260990142822,-0.018956109881401062,0.3333585262298584,0.3359082341194153,-0.8807260990142822,-0.018956109881401062,0.3333585262298584,0.0008330836426466703,-0.5744941234588623,-0.022087663412094116,0.818210244178772,-0.36160627007484436,-0.5053091049194336,-0.2742704749107361,0.7339478731155396,-0.3157804608345032,-0.5402321815490723,-0.33773526549339294,0.7031123042106628,-0.4756230115890503,-0.8392728567123413,-0.05860954523086548,0.25684428215026855,-0.5163443088531494,-0.8149849772453308,-0.056665241718292236,0.2568601071834564,-0.5163443088531494,-0.8149849772453308,-0.056665241718292236,0.2568601071834564,-0.006671641953289509,-0.6750390529632568,-0.015394054353237152,0.7375912666320801
-0.46000000834465027,0.0,0.10000000149011612,0.00048738616169430315,-0.6743329167366028,-0.016020270064473152,0.7382534742355347,-0.769049882888794,-0.12015410512685776,-0.25597018003463745,1.1998016834259033,0.30745333433151245,-0.1882331520318985,-0.6261695027351379,-0.06943295150995255,0.1826118379831314,0.7824334502220154,0.2527123689651489,0.2343529760837555,0.0,0.19032800197601318,0.6231415271759033,-0.010510185005841777,-1.1848509311676025,-0.05964485928416252,0.2633732557296753,-0.8943697810173035,-0.1855408400297165,-1.2453839778900146,0.08763778954744339,0.0,0.0,0.0,0.0,0.5718495845794678,0.08535172045230865,0.43762534856796265,-0.44183847308158875,-1.5980548858642578,0.03572523593902588,2.662285327911377,-0.11688976781442761,-0.4605987221002579,1.9063084125518799,0.17720749974250793,0.6736591011285782,-3.9349398612976074,-0.19124506320804358,0.3931532520800829,0.0,-0.7756326794624329,-0.03484189510345459,-0.32458627223968506,-0.9762632250785828,-0.3694593012332916,0.23299185931682587,1.1631272733211517,-0.16442251205444336,1.4146863222122192,-0.36396436020731926,0.0,0.0,0.0,0.00048738616169430315,-0.6743329167366028,-0.016020270064473152,0.7382534742355347,0.00048738616169430315,-0.6743329167366028,-0.016020270064473152,0.7382534742355347,-0.07082248479127884,-0.8926348090171814,0.056648436933755875,0.4415634572505951,-0.09720658510923386,-0.894425630569458,0.0029516234062612057,0.43651458621025085,0.01774934120476246,-0.8995172381401062,-0.05278748273849487,0.433321088552475,0.044451892375946045,-0.4978179335594177,-0.03354976326227188,0.8654916286468506,0.04906488582491875,-0.35942161083221436,-0.026347564533352852,0.9315119981765747,-0.03869360312819481,-0.35535481572151184,-0.06000857055187225,0.9320003986358643,-0.03869360312819481,-0.35535481572151184,-0.06000857055187225,0.9320003986358643,0.049452051520347595,-0.8611440062522888,-0.07423630356788635,0.5004742741584778,0.03205104172229767,-0.8580483794212341,-0.10408145189285278,0.501889169216156,-0.046318549662828445,-0.8573966026306152,-0.05788610130548477,0.5092886090278625,-0.02074623852968216,-0.5984180569648743,-0.07117445021867752,0.7977465987205505,-0.011611422523856163,-0.49311506748199463,-0.07322146743535995,0.8667994737625122,0.08980444818735123,-0.49829384684562683,-0.015070010907948017,0.8622130155563354,0.08980444818735123,-0.49829384684562683,-0.015070010907948017,0.8622130155563354,0.00048738616169430315,-0.6743329167366028,-0.016020270064473152,0.7382534742355347,-0.0020189147908240557,-0.6012739539146423,-0.011496842838823795,0.7989577054977417,0.24300208687782288,-0.5758489370346069,0.17337971925735474,0.7611093521118164,0.24596165120601654,-0.5743153691291809,0.16946573555469513,0.7621982097625732,0.31746575236320496,-0.8928285837173462,-0.024082446470856667,0.3185790479183197,0.34535813331604004,-0.8827709555625916,-0.027026411145925522,0.3173527121543884,0.34535813331604004,-0.8827709555625916,-0.027026411145925522,0.3173527121543884,0.008142338134348392,-0.5717443227767944,-0.021904466673731804,0.8200989365577698,-0.34729284048080444,-0.5060514807701111,-0.2669893801212311,0.7429779767990112,-0.3005656898021698,-0.5403059720993042,-0.33251291513442993,0.7121551036834717,-0.4586169719696045,-0.8418862223625183,-0.06993226706981659,0.2756946086883545,-0.4965266287326813,-0.820091187953949,-0.06725883483886719,0.2763839066028595,-0.4965266287326813,-0.820091187953949,-0.06725883483886719,0.2763839066028595,0.00048738616169430315,-0.6743329167366028,-0.016020270064473152,0.7382534742355347
-0.46000000834465027,0.0,0.10000000149011612,0.004224848002195358,-0.6724084615707397,-0.01793990656733513,0.7399507761001587,-0.7867808938026429,-0.1474382281303407,-0.2500897228717804,1.2050834894180298,0.29756499528884883,-0.20239355266094214,-0.5897260069847106,-0.06270883455872532,0.19936901926994333,0.7048230886459347,0.25582408905029297,0.24643239378929144,0.0,0.17901498973369592,0.6236711382865906,-0.005826180055737475,-1.206445860862732,-0.061700399219989786,0.2744610965251923,-0.8671506524085997,-0.18552191257476808,-1.2336587190628052,0.0793316543102264,0.0,0.0,0.0,0.0,0.473761129379272,0.18452263474464461,0.24292504787444982,-0.7086656808853161,-1.4577455997467035,0.19070378765463897,1.2233683109283384,-0.343406055867673,-0.6090514779090888,1.8558281660079954,0.27260650396347086,0.7721790552139287,-3.9022867202758786,0.01685356795787904,0.5196437954902655,0.0,-0.6496434211730951,0.0019515752792359994,0.01068563461303862,-1.0383531808853153,-0.20944990515708853,0.4258319586515435,1.2818247079849248,-0.06520118713378861,0.9176322579383828,-0.3947697877883912,0.0,0.0,0.0,0.004224848002195358,-0.6724084615707397,-0.01793990656733513,0.7399507761001587,0.004224848002195358,-0.6724084615707397,-0.01793990656733513,0.7399507761001587,-0.0694650262594223,-0.8954401016235352,0.05526326969265938,0.43624281883239746,-0.10136031359434128,-0.8970734477043152,-0.010862612165510654,0.4299620985984802,0.011307373642921448,-0.9026987552642822,-0.0644182413816452,0.4252732992172241,0.04584696888923645,-0.5027132630348206,-0.046662747859954834,0.8619744777679443,0.0522165521979332,-0.3693840503692627,-0.03936292976140976,0.9269734025001526,-0.041677188128232956,-0.3634539842605591,-0.07651912420988083,0.9275285005569458,-0.041677188128232956,-0.3634539842605591,-0.07651912420988083,0.9275285005569458,0.04962345212697983,-0.8507810831069946,-0.07396821677684784,0.5179168581962585,0.033401548862457275,-0.8480401635169983,-0.10062643140554428,0.519217312335968,-0.051105719059705734,-0.8471770286560059,-0.04836125299334526,0.526631236076355,-0.03106936812400818,-0.6133565902709961,-0.06279490143060684,0.7866925001144409,-0.022812044247984886,-0.5079919099807739,-0.066255584359169,0.8585069179534912,0.08284537494182587,-0.5122376680374146,-0.003262945683673024,0.8548325896263123,0.08284537494182587,-0.5122376680374146,-0.003262945683673024,0.8548325896263123,0.004224848002195358,-0.6724084615707397,-0.01793990656733513,0.7399507761001587,0.002027931623160839,-0.6037276387214661,-0.013352974317967892,0.7970763444900513,0.24647760391235352,-0.5787081718444824,0.17251895368099213,0.7580124139785767,0.24812254309654236,-0.577854573726654,0.17035402357578278,0.7586163282394409,0.320206880569458,-0.8967993259429932,-0.028130169957876205,0.30401861667633057,0.34908562898635864,-0.8863521218299866,-0.03069348633289337,0.30261749029159546,0.34908562898635864,-0.8863521218299866,-0.03069348633289337,0.30261749029159546,0.01241513341665268,-0.5650248527526855,-0.02353646233677864,0.8246445655822754,-0.33513545989990234,-0.502853274345398,-0.25880303978919983,0.753554105758667,-0.2887135148048401,-0.5360559821128845,-0.3254035711288452,0.7234646081924438,-0.44399207830429077,-0.8439200520515442,-0.07327951490879059,0.29206180572509766,-0.47857213020324707,-0.8247503638267517,-0.07025965303182602,0.2929493486881256,-0.47857213020324707,-0.8247503638267517,-0.07025965303182602,0.2929493486881256,0.004224848002195358,-0.6724084615707397,-0.01793990656733513,0.7399507761001587
-0.46000000834465027,0.0,0.10000000149011612,0.006344492081552744,-0.671254575252533,-0.02018294855952263,0.7409248352050781,-0.7981716752052307,-0.16668045818805696,-0.24193845987319937,1.198398160934448,0.2882550120353698,-0.21249006986618044,-0.5547464966773985,-0.059107278287410754,0.20803244709968563,0.6338503479957577,0.2560661494731903,0.25124611854553214,0.0,0.17178261280059814,0.6261722207069398,-0.008232578029856196,-1.2232800722122192,-0.062271729111671434,0.2837991058826447,-0.8391879200935362,-0.17484544217586495,-1.2126520872116087,0.07305450886487959,0.0,0.0,0.0,0.0,0.3488550841808307,0.18924527168273803,0.032454557716844856,-0.6963436126708946,-1.122949290275569,0.3621469974517836,-0.09492371082306622,-0.4770662486553189,-0.5861034750938391,1.7782551050186148,0.24252902269363216,0.5950464487075757,-3.681389331817623,0.06949619948863811,0.3860000491142229,0.0,-0.4432315349578833,0.0856246870011103,0.02148815095424228,-0.9369249343872041,-0.05825069248676211,0.5018970906734456,1.3832644224166875,0.32067264908692505,0.8647040724754389,-0.35443705320358154,0.0,0.0,0.0,0.006344492081552744,-0.671254575252533,-0.02018294855952263,0.7409248352050781,0.006344492081552744,-0.671254575252533,-0.02018294855952263,0.7409248352050781,-0.06923748552799225,-0.8972390294075012,0.05353667214512825,0.4327842593193054,-0.1050240769982338,-0.8985816240310669,-0.021338507533073425,0.4255180358886719,0.004179427400231361,-0.9046831727027893,-0.07253329455852509,0.4198450744152069,0.04432031512260437,-0.5102931261062622,-0.05749654769897461,0.8569311499595642,0.05210722237825394,-0.38192230463027954,-0.05052465200424194,0.9213398694992065,-0.04588688910007477,-0.3744080662727356,-0.09074852615594864,0.9216710925102234,-0.04588688910007477,-0.3744080662727356,-0.09074852615594864,0.9216710925102234,0.04835302755236626,-0.841118574142456,-0.07361400872468948,0.533631443977356,0.03255622088909149,-0.8385779857635498,-0.09843198210000992,0.5348255634307861,-0.0547017864882946,-0.837425947189331,-0.042390115559101105,0.5421518087387085,-0.03877854347229004,-0.6267603039741516,-0.05730504170060158,0.7761338949203491,-0.031145578250288963,-0.5225306153297424,-0.061785466969013214,0.8498083353042603,0.07559364289045334,-0.5261589884757996,0.004140270408242941,0.8470094799995422,0.07559364289045334,-0.5261589884757996,0.004140270408242941,0.8470094799995422,0.006344492081552744,-0.671254575252533,-0.02018294855952263,0.7409248352050781,0.004433955065906048,-0.6053788065910339,-0.015574504621326923,0.7957726716995239,0.24931272864341736,-0.5807487964630127,0.17163780331611633,0.7557212710380554,0.2516550123691559,-0.5795213580131531,0.1685996949672699,0.7565703988075256,0.3223527669906616,-0.8992233872413635,-0.03437552601099014,0.2937760353088379,0.35151198506355286,-0.8886682987213135,-0.0366397500038147,0.292173832654953,0.35151198506355286,-0.8886682987213135,-0.0366397500038147,0.292173832654953,0.015094191767275333,-0.5598740577697754,-0.02566494047641754,0.8280426263809204,-0.3235405385494232,-0.5008581876754761,-0.25154173374176025,0.7623578906059265,-0.2800411581993103,-0.5313897132873535,-0.31519171595573425,0.7347490787506104,-0.42966365814208984,-0.8439564108848572,-0.07418782263994217,0.31244662404060364,-0.46170124411582947,-0.8268088102340698,-0.07062284648418427,0.31341928243637085,-0.46170124411582947,-0.8268088102340698,-0.07062284648418427,0.31341928243637085,0.006344492081552744,-0.671254575252533,-0.02018294855952263,0.7409248352050781
-0.46000000834465027,0.0,0.10000000149011612,0.005228615365922451,-0.6716645359992981,-0.023073380813002586,0.7404775023460388,-0.7968819975852967,-0.16983890235424043,-0.22924558520317073,1.1677785634994506,0.28010174036026,-0.2144588202238083,-0.522694957256317,-0.06175084337592126,0.20050836801528926,0.5761528491973874,0.2505688905715942,0.24152845740318293,0.0,0.17271150648593903,0.6326162457466126,-0.0248197821434588,-1.2305928468704224,-0.05987463891506194,0.28963745236396793,-0.8097379803657531,-0.1428538858890532,-1.1730827093124387,0.070835343003273,0.0,0.0,0.0,0.0,0.1703138589859001,0.005071353912352694,-0.20955633372068516,-0.12572299242019402,-0.3991789340972869,0.5665195047855387,-1.1719657421112109,-0.42501422762870766,-0.22035398483276203,1.646496415138244,-0.0385014295578015,-0.13339130878448813,-3.0840034484863255,-0.18877317011356465,-0.26791228055954275,0.0,-0.07597439289092855,0.2630570869892843,-0.6166480690240889,-0.5084602832794171,0.07532819807529509,0.34441224336624077,1.450188755989075,1.279851478280038,1.7000276446342506,-0.1718279719352714,0.0,0.0,0.0,0.005228615365922451,-0.6716645359992981,-0.023073380813002586,0.7404775023460388,0.005228615365922451,-0.6716645359992981,-0.023073380813002586,0.7404775023460388,-0.07127393782138824,-0.8970789909362793,0.05113055184483528,0.43307632207870483,-0.1077498123049736,-0.898183286190033,-0.025141416117548943,0.42546984553337097,-0.004315546248108149,-0.9046074748039246,-0.07363983243703842,0.4198141396045685,0.03695688769221306,-0.5233060121536255,-0.063774973154068,0.8489511013031006,0.04548583924770355,-0.3996744453907013,-0.05798158422112465,0.9136900305747986,-0.05255870521068573,-0.3911707103252411,-0.10043102502822876,0.9133108258247375,-0.05255870521068573,-0.3911707103252411,-0.10043102502822876,0.9133108258247375,0.044225580990314484,-0.833310067653656,-0.07312685251235962,0.546160101890564,0.02733704075217247,-0.8306573629379272,-0.0988122895359993,0.547263503074646,-0.0559513084590435,-0.8292226791381836,-0.043562889099121094,0.5544019937515259,-0.041280508041381836,-0.6375411748886108,-0.057642240077257156,0.7671470046043396,-0.03375551849603653,-0.5366837978363037,-0.06234682723879814,0.8407995700836182,0.06780121475458145,-0.5402907133102417,0.002731613116338849,0.838737964630127,0.06780121475458145,-0.5402907133102417,0.002731613116338849,0.838737964630127,0.005228615365922451,-0.6716645359992981,-0.023073380813002586,0.7404775023460388,0.003558384021744132,-0.6054509282112122,-0.018527377396821976,0.7956589460372925,0.25087887048721313,-0.5811798572540283,0.17072412371635437,0.7550782561302185,0.25792738795280457,-0.5774365067481995,0.1615583449602127,0.7575878500938416,0.3234173357486725,-0.8988601565361023,-0.04502491280436516,0.29227447509765625,0.3514592945575714,-0.8887677192687988,-0.04715443029999733,0.29042190313339233,0.3514592945575714,-0.8887677192687988,-0.04715443029999733,0.29042190313339233,0.014587345533072948,-0.5579367280006409,-0.02878948301076889,0.8292557001113892,-0.31322386860847473,-0.5014960765838623,-0.2462485134601593,0.7679547071456909,-0.27781108021736145,-0.5260400176048279,-0.2988685369491577,0.7461772561073303,-0.41600555181503296,-0.8401201963424683,-0.07022854685783386,0.3408890962600708,-0.4471801221370697,-0.8239513039588928,-0.06573538482189178,0.341779500246048,-0.4471801221370697,-0.8239513039588928,-0.06573538482189178,0.341779500246048,0.005228615365922451,-0.6716645359992981,-0.023073380813002586,0.7404775023460388
-0.46000000834465027,0.0,0.10000000149011612,0.003789360634982586,-0.6733808517456055,-0.02593391202390194,0.738831102848053,-0.7929804682731628,-0.17552984058856966,-0.2176079452037811,1.1742706775665284,0.27442930936813353,-0.21497814059257508,-0.49112900495529166,-0.06681823283433916,0.18908760547637937,0.5287655472755431,0.24147864580154416,0.2267058670520782,0.0,0.16915406584739684,0.6283075213432312,-0.04737037830054766,-1.2119994401931762,-0.05853056311607361,0.2867650091648102,-0.7632494091987608,-0.08659773170948012,-1.0976963281631467,0.06655840277671812,0.0,0.0,0.0,0.0,0.09369559735059732,-0.16221883371472395,-0.3040424466133118,0.14283943176269556,-0.23389700949192072,0.6029866456985473,-0.4176285028457605,-0.33323833942413306,-0.05495461374521241,1.588009238243103,-0.20489296913146998,-0.4931044280529026,-2.575568962097167,-0.3826525092124943,-0.639030903577805,0.0,-0.08814533725380941,-0.000381237268448964,-1.008261930942536,0.4115466892719294,0.0882640704512595,0.030593627691268055,1.983655762672426,2.327515625953677,3.0529787778854405,-0.17269151955842993,0.0,0.0,0.0,0.003789360634982586,-0.6733808517456055,-0.02593391202390194,0.738831102848053,0.003789360634982586,-0.6733808517456055,-0.02593391202390194,0.738831102848053,-0.07347936928272247,-0.8971233367919922,0.04850808158516884,0.43291762471199036,-0.11114230751991272,-0.8979230523109436,-0.030313558876514435,0.42480891942977905,-0.012980915606021881,-0.9046713709831238,-0.0762702226638794,0.4190276265144348,0.03150869905948639,-0.521034836769104,-0.0707324966788292,0.8500158190727234,0.040875423699617386,-0.39986833930015564,-0.06575160473585129,0.9132969379425049,-0.057340770959854126,-0.39050689339637756,-0.10827147960662842,0.9124110341072083,-0.057340770959854126,-0.39050689339637756,-0.10827147960662842,0.9124110341072083,0.03997110575437546,-0.8264275789260864,-0.07255901396274567,0.5569157600402832,0.021325968205928802,-0.8235491514205933,-0.10011081397533417,0.5579336285591125,-0.056545909494161606,-0.8218913078308105,-0.04703616723418236,0.5648759603500366,-0.04234664887189865,-0.6457198858261108,-0.06018102914094925,0.7600202560424805,-0.03480420634150505,-0.5494763851165771,-0.06484588235616684,0.8322616815567017,0.05960474908351898,-0.5532779693603516,-0.0023502379190176725,0.8308582305908203,0.05960474908351898,-0.5532779693603516,-0.0023502379190176725,0.8308582305908203,0.003789360634982586,-0.6733808517456055,-0.02593391202390194,0.738831102848053,0.00238502724096179,-0.60870361328125,-0.021599983796477318,0.7930999994277954,0.24735815823078156,-0.5855877995491028,0.16753730177879333,0.7535463571548462,0.26093265414237976,-0.5784947276115417,0.15005871653556824,0.7581163644790649,0.3193928003311157,-0.8972949981689453,-0.05307425558567047,0.3000553250312805,0.34682971239089966,-0.8875908851623535,-0.05538775026798248,0.29803356528282166,0.34682971239089966,-0.8875908851623535,-0.05538775026798248,0.29803356528282166,0.013483097776770592,-0.5610718727111816,-0.03175414353609085,0.8270480036735535,-0.295566201210022,-0.5089462995529175,-0.23834110796451569,0.7725332975387573,-0.2741498053073883,-0.5237540006637573,-0.27052274346351624,0.7598297595977783,-0.3938002288341522,-0.8326348066329956,-0.0632471963763237,0.3842400908470154,-0.4232097864151001,-0.8181383013725281,-0.05760744959115982,0.38499945402145386,-0.4232097864151001,-0.8181383013725281,-0.05760744959115982,0.38499945402145386,0.003789360634982586,-0.6733808517456055,-0.02593391202390194,0.738831102848053
-0.46000000834465027,0.0,0.10000000149011612,0.0021883698645979166,-0.6757404208183289,-0.02877909131348133,0.7365744113922119,-0.7877730131149292,-0.18248702585697174,-0.206497922539711,1.1993186473846436,0.2699972987174988,-0.21477274596691132,-0.45980584621429443,-0.07309753447771072,0.1757185012102127,0.48653334379196167,0.23059190809726715,0.20933081209659576,0.0,0.16335345804691315,0.6186224222183228,-0.07290267013013363,-1.1804529428482056,-0.057712994515895844,0.279537171125412,-0.7082415223121643,-0.01820927858352661,-1.004401445388794,0.06125257536768913,0.0,0.0,0.0,0.0,0.06803880631923676,-0.3210671730339527,-0.3247661590576172,0.26037275791168213,-0.3478592336177826,0.5555011034011841,1.2523983716964722,-0.2216005176305771,0.010269731283187866,1.5661578178405762,-0.3139650523662567,-0.668455183506012,-2.111610174179077,-0.5443368554115295,-0.8687527179718018,0.0,-0.2900303639471531,-0.4842549264431,-1.2766145467758179,1.5773247778415678,0.04087842255830765,-0.3613918721675873,2.750394105911255,3.4194223880767822,4.664743781089783,-0.26529137045145035,0.0,0.0,0.0,0.0021883698645979166,-0.6757404208183289,-0.02877909131348133,0.7365744113922119,0.0021883698645979166,-0.6757404208183289,-0.02877909131348133,0.7365744113922119,-0.07576872408390045,-0.8972631096839905,0.045777082443237305,0.43253031373023987,-0.11486439406871796,-0.8977017402648926,-0.036169227212667465,0.42382726073265076,-0.021730506792664528,-0.9047596454620361,-0.0796586275100708,0.41784238815307617,0.027017103508114815,-0.5110903382301331,-0.07802427560091019,0.8555518388748169,0.03727249801158905,-0.3912923038005829,-0.0736781656742096,0.9165547490119934,-0.06117863580584526,-0.3811414837837219,-0.11519250273704529,0.9152699112892151,-0.06117863580584526,-0.3811414837837219,-0.11519250273704529,0.9152699112892151,0.03565146028995514,-0.8199649453163147,-0.07194705307483673,0.5667539834976196,0.014918103814125061,-0.816788375377655,-0.10186104476451874,0.5676782131195068,-0.05680956318974495,-0.8149468898773193,-0.051656514406204224,0.5744264721870422,-0.04269414767622948,-0.6525872349739075,-0.063819520175457,0.7538130879402161,-0.035068850964307785,-0.5615353584289551,-0.06830737739801407,0.8238824605941772,0.05119769647717476,-0.5655987858772278,-0.009267488494515419,0.8230376243591309,0.05119769647717476,-0.5655987858772278,-0.009267488494515419,0.8230376243591309,0.0021883698645979166,-0.6757404208183289,-0.02877909131348133,0.7365744113922119,0.0010626970324665308,-0.6135233640670776,-0.024731606245040894,0.7892884612083435,0.24127373099327087,-0.5919360518455505,0.16320018470287323,0.7515080571174622,0.26226943731307983,-0.5810474157333374,0.1363106518983841,0.7582994699478149,0.31277045607566833,-0.8949785232543945,-0.05981412157416344,0.31242653727531433,0.3398522138595581,-0.8856225609779358,-0.06247026100754738,0.31027501821517944,0.3398522138595581,-0.8856225609779358,-0.06247026100754738,0.31027501821517944,0.012079576030373573,-0.5667189955711365,-0.0346374586224556,0.8230940699577332,-0.27409082651138306,-0.5195440053939819,-0.2290070503950119,0.7762113213539124,-0.2694895267486572,-0.5224567651748657,-0.23589394986629486,0.7738012671470642,-0.36634451150894165,-0.8212293386459351,-0.05460059642791748,0.43404242396354675,-0.39343491196632385,-0.8087281584739685,-0.04771612584590912,0.4346158504486084,-0.39343491196632385,-0.8087281584739685,-0.04771612584590912,0.4346158504486084,0.0021883698645979166,-0.6757404208183289,-0.02877909131348133,0.7365744113922119
-0.46000000834465027,0.0,0.10000000149011612,0.0028605207335203886,-0.6744129657745361,-0.030337810516357422,0.7377254366874695,-0.7743106842041015,-0.18602901697158816,-0.208711513876915,1.2028367042541503,0.2601321697235107,-0.21631349623203278,-0.43995596170425405,-0.06649839058518407,0.19511070251464852,0.45023161172866805,0.23558211326599124,0.21733791232109073,0.0,0.1604001671075821,0.6136164188385009,-0.08945889323949821,-1.1539761066436767,-0.05532230809330939,0.27642201781272885,-0.667856180667877,0.024524905532598687,-0.9518953084945676,0.049564614892005865,0.0,0.0,0.0,0.0,0.12225944697856928,-0.024048388004301646,-0.16937949657440116,0.5080189347267162,-0.2454034179449077,0.15579270124435246,0.6065010547637911,-0.38459406793117595,-0.0421146119013431,1.2219596266746506,0.072388273477556,0.31438394784927814,-1.93369596004486,-0.06802860498428132,-0.10728809833526276,0.0,-0.20461086332797968,-0.3438820719718927,-1.0073324203491199,1.425234913825988,0.08807195648551008,-0.23801133930683083,2.3117178916931134,2.6497944831848113,3.4410815238952583,-0.4567553281784066,0.0,0.0,0.0,0.0028605207335203886,-0.6744129657745361,-0.030337810516357422,0.7377254366874695,0.0028605207335203886,-0.6744129657745361,-0.030337810516357422,0.7377254366874695,-0.07431254535913467,-0.8938195705413818,0.04295310005545616,0.4401353597640991,-0.1148805245757103,-0.8939436674118042,-0.04024659842252731,0.4313321113586426,-0.021139420568943024,-0.9010483026504517,-0.08496324717998505,0.42479005455970764,0.030648114159703255,-0.5025938749313354,-0.08201269805431366,0.860077977180481,0.04101351648569107,-0.3867952823638916,-0.07735597342252731,0.9179996252059937,-0.05832141637802124,-0.3761829435825348,-0.11865437775850296,0.9170639514923096,-0.05832141637802124,-0.3761829435825348,-0.11865437775850296,0.9170639514923096,0.034498825669288635,-0.8134909868240356,-0.07187049090862274,0.576087474822998,0.015349170193076134,-0.8106491565704346,-0.09888773411512375,0.5769174098968506,-0.0636429712176323,-0.8083076477050781,-0.04216860234737396,0.5837893486022949,-0.052524417638778687,-0.6576071977615356,-0.05519741028547287,0.7494980096817017,-0.04568549245595932,-0.5649693608283997,-0.061004675924777985,0.8215844631195068,0.04368537291884422,-0.5682259202003479,0.0006359440740197897,0.8217120170593262,0.04368537291884422,-0.5682259202003479,0.0006359440740197897,0.8217120170593262,0.0028605207335203886,-0.6744129657745361,-0.030337810516357422,0.7377254366874695,0.001882873009890318,-0.6132738590240479,-0.026301313191652298,0.7894300818443298,0.240216925740242,-0.5925766229629517,0.16014599800109863,0.751998782157898,0.26597851514816284,-0.5791626572608948,0.12710028886795044,0.760047197341919,0.31091129779815674,-0.8902370929718018,-0.06519606709480286,0.3264380693435669,0.3368433117866516,-0.8813419342041016,-0.06813858449459076,0.3242378234863281,0.3368433117866516,-0.8813419342041016,-0.06813858449459076,0.3242378234863281,0.012837428599596024,-0.5665200352668762,-0.03603785112500191,0.8231594562530518,-0.25766289234161377,-0.5234307050704956,-0.21973615884780884,0.7818863391876221,-0.2639409303665161,-0.5198571085929871,-0.21025381982326508,0.7847784757614136,-0.34704673290252686,-0.8129013180732727,-0.04398029297590256,0.4656349718570709,-0.3690030574798584,-0.8032783269882202,-0.0377110093832016,0.46600276231765747,-0.3690030574798584,-0.8032783269882202,-0.0377110093832016,0.46600276231765747,0.0028605207335203886,-0.6744129657745361,-0.030337810516357422,0.7377254366874695
-0.46000000834465027,0.0,0.10000000149011612,0.003491209587082267,-0.6731059551239014,-0.03234083950519562,0.7388303875923157,-0.7593024492263792,-0.1873836815357208,-0.21156135201454165,1.1809429407119747,0.2521276205778122,-0.2184252500534058,-0.42253869771957386,-0.05881944000720971,0.21576383411884323,0.41822015047073346,0.24392479062080394,0.22730375826358803,0.0,0.15917997956275942,0.6089250683784485,-0.10791963636875167,-1.1259535312652587,-0.052847079932689646,0.2732941448688507,-0.6300421953201292,0.06717735230922728,-0.9026025414466855,0.04098952636122702,0.0,0.0,0.0,0.0,0.17449477612972292,0.17136012911796564,-0.08724166452884717,0.7194935679435739,-0.11147975027561056,-0.12976696193218268,-0.5864517360925827,-0.4374390304088581,-0.0941676110029224,0.9195155501365647,0.3623513817787177,1.0074379444122321,-1.686378359794614,0.3500844031572362,0.45911735296249506,0.0,-0.09567143619060411,-0.24086057841777783,-0.884946656227113,1.3702138662338266,0.12207056581974035,-0.15613923966884613,1.942126369476317,2.134256887435913,2.528905534744261,-0.49101182222366146,0.0,0.0,0.0,0.003491209587082267,-0.6731059551239014,-0.03234083950519562,0.7388303875923157,0.003491209587082267,-0.6731059551239014,-0.03234083950519562,0.7388303875923157,-0.0728875920176506,-0.8899917006492615,0.03957603871822357,0.44837048649787903,-0.1145084798336029,-0.8897919654846191,-0.04386378824710846,0.4395838975906372,-0.019925637170672417,-0.8969089984893799,-0.0900401771068573,0.43249261379241943,0.03353148698806763,-0.5042443871498108,-0.08594709634780884,0.8586189150810242,0.04406919330358505,-0.3922882676124573,-0.08105290681123734,0.9152039885520935,-0.05593832582235336,-0.381111204624176,-0.12334538996219635,0.914555013179779,-0.05593832582235336,-0.381111204624176,-0.12334538996219635,0.914555013179779,0.033404260873794556,-0.8076037168502808,-0.0724283829331398,0.5843068361282349,0.016221165657043457,-0.8051239252090454,-0.09615457057952881,0.5850355625152588,-0.07054302096366882,-0.8022028207778931,-0.032573871314525604,0.5919740200042725,-0.06219958886504173,-0.6618425846099854,-0.04646039754152298,0.7456119060516357,-0.05610999837517738,-0.5662137269973755,-0.053716473281383514,0.8205901384353638,0.03732159361243248,-0.5686241984367371,0.010830884799361229,0.8216789960861206,0.03732159361243248,-0.5686241984367371,0.010830884799361229,0.8216789960861206,0.003491209587082267,-0.6731059551239014,-0.03234083950519562,0.7388303875923157,0.0026875215116888285,-0.6123670935630798,-0.02827261947095394,0.7900632619857788,0.23940852284431458,-0.5926764011383057,0.15660470724105835,0.7529230713844299,0.2704334855079651,-0.5763887763023376,0.1166544035077095,0.7622555494308472,0.3091442286968231,-0.8845236897468567,-0.0717943012714386,0.3418964445590973,0.3338736891746521,-0.8761003017425537,-0.07503703236579895,0.3396264612674713,0.3338736891746521,-0.8761003017425537,-0.07503703236579895,0.3396264612674713,0.01361101120710373,-0.5663550496101379,-0.037884872406721115,0.8231777548789978,-0.24210648238658905,-0.5267617702484131,-0.21150335669517517,0.7868752479553223,-0.25920626521110535,-0.5168061256408691,-0.18547423183918,0.7945584058761597,-0.32927098870277405,-0.803512454032898,-0.032820574939250946,0.49484455585479736,-0.34739089012145996,-0.7959886789321899,-0.026898281648755074,0.4949728846549988,-0.34739089012145996,-0.7959886789321899,-0.026898281648755074,0.4949728846549988,0.003491209587082267,-0.6731059551239014,-0.03234083950519562,0.7388303875923157
-0.46000000834465027,0.0,0.10000000149011612,0.004038976039737463,-0.6718418002128601,-0.0352325476706028,0.7398451566696167,-0.7412024021148681,-0.1843636929988861,-0.21568368375301364,1.1082255363464353,0.2478442311286926,-0.22167901098728182,-0.40998667478561396,-0.048980876058340034,0.23893882632255564,0.39478923082351675,0.25897241234779367,0.2411870956420899,0.0,0.16142599880695344,0.6048630237579345,-0.13018942326307306,-1.0948394775390624,-0.05020276829600333,0.2701408326625824,-0.5973709225654601,0.10966630578041095,-0.8597365140914915,0.038640181720256794,0.0,0.0,0.0,0.0,0.22275948226451897,0.16354808807373045,-0.15160147100687055,0.8586251139640815,0.08537962138652888,-0.18702916949987436,-2.8735154300928216,-0.26998686194419785,-0.14555792659521127,0.7005797028541555,0.4595339655876164,1.120921671390534,-1.3002539873123151,0.6518068820238128,0.6354044675827034,0.0,0.06030785143375467,-0.21254180669784534,-1.0563536167144782,1.5093303918838508,0.12967932224273684,-0.15728400647640228,1.710704231262206,2.1268999099731447,2.2397023200988757,-0.21085337400436277,0.0,0.0,0.0,0.004038976039737463,-0.6718418002128601,-0.0352325476706028,0.7398451566696167,0.004038976039737463,-0.6718418002128601,-0.0352325476706028,0.7398451566696167,-0.07152851670980453,-0.885434627532959,0.035095103085041046,0.45788389444351196,-0.11336702108383179,-0.8849070072174072,-0.04656260833144188,0.44935446977615356,-0.017467908561229706,-0.8919687867164612,-0.09466619044542313,0.44172945618629456,0.034910425543785095,-0.5260609984397888,-0.0897507593035698,0.8449769020080566,0.04573405906558037,-0.41758298873901367,-0.0847511887550354,0.9035210609436035,-0.05447901785373688,-0.40564048290252686,-0.1304386854171753,0.9030357003211975,-0.05447901785373688,-0.40564048290252686,-0.1304386854171753,0.9030357003211975,0.03243196755647659,-0.8030329346656799,-0.07426771521568298,0.5903985500335693,0.01797771453857422,-0.8009727001190186,-0.09391968697309494,0.5910148620605469,-0.07759462296962738,-0.7974191904067993,-0.02278069779276848,0.5979822278022766,-0.07157512754201889,-0.6646628379821777,-0.037508219480514526,0.7427606582641602,-0.06615737825632095,-0.5631887912750244,-0.04647039622068405,0.8223637342453003,0.03326323255896568,-0.5646605491638184,0.02160734310746193,0.824369490146637,0.03326323255896568,-0.5646605491638184,0.02160734310746193,0.824369490146637,0.004038976039737463,-0.6718418002128601,-0.0352325476706028,0.7398451566696167,0.003461094805970788,-0.6101425290107727,-0.03104696050286293,0.7916755676269531,0.23909752070903778,-0.5916959047317505,0.1520896553993225,0.7547165155410767,0.2763846814632416,-0.5718493461608887,0.10374230891466141,0.7654001712799072,0.30759310722351074,-0.8769581317901611,-0.08082863688468933,0.3602743148803711,0.33101925253868103,-0.8690311312675476,-0.08439972251653671,0.3578936457633972,0.33101925253868103,-0.8690311312675476,-0.08439972251653671,0.3578936457633972,0.014416031539440155,-0.5662573575973511,-0.040625087916851044,0.8231005668640137,-0.22842848300933838,-0.5292465686798096,-0.20546087622642517,0.7908881902694702,-0.2563544511795044,-0.513350248336792,-0.1626323163509369,0.8026859760284424,-0.3152075409889221,-0.7935293316841125,-0.02067716419696808,0.5201228857040405,-0.33222711086273193,-0.7867322564125061,-0.014563430100679398,0.5200629234313965,-0.33222711086273193,-0.7867322564125061,-0.014563430100679398,0.5200629234313965,0.004038976039737463,-0.6718418002128601,-0.0352325476706028,0.7398451566696167
-0.46000000834465027,0.0,0.10000000149011612,0.003363698022440076,-0.6701596975326538,-0.03652019798755646,0.7413102388381958,-0.7260154008865357,-0.17643241882324223,-0.21861290335655212,1.0692697286605837,0.2450066238641739,-0.21905845999717716,-0.4003818988800049,-0.040310859680175816,0.2496561974287033,0.3747537255287171,0.2687134325504303,0.24733639657497405,0.0,0.16524794697761533,0.6012816309928894,-0.1525536686182021,-1.0581739425659182,-0.05343633294105527,0.2646189868450165,-0.5709675550460817,0.14812234938144667,-0.822178637981415,0.040189524739980685,0.0,0.0,0.0,0.0,0.12070460021495898,0.19989591240882848,-0.15000329911708848,0.817610919475556,0.29833796918392086,-0.17032321095466638,-2.623022174835212,-0.17079599499702483,0.013541325926779507,0.539183688163758,0.4568717360496523,0.7850209474563623,-1.069683456420899,0.5931829929351817,0.4621457457542435,0.0,0.15957881957292525,-0.18868266046047222,-1.1163230180740356,1.722247004508971,-0.04412071406841159,-0.2287215977907176,1.4455263614654554,2.0034602642059336,1.9840567111969005,-0.0005066037178047267,0.0,0.0,0.0,0.003363698022440076,-0.6701596975326538,-0.03652019798755646,0.7413102388381958,0.003363698022440076,-0.6701596975326538,-0.03652019798755646,0.7413102388381958,-0.07097435742616653,-0.8810577988624573,0.032827287912368774,0.4664999842643738,-0.11176955699920654,-0.8805259466171265,-0.04493825137615204,0.4584346413612366,-0.015050245448946953,-0.8874620199203491,-0.09468719363212585,0.4507982134819031,0.03531642630696297,-0.5339282155036926,-0.08914260566234589,0.840075671672821,0.04594670981168747,-0.42727214097976685,-0.084158755838871,0.8990243673324585,-0.05260271951556206,-0.4155084490776062,-0.13035571575164795,0.8986618518829346,-0.05260271951556206,-0.4155084490776062,-0.13035571575164795,0.8986618518829346,0.03077543154358864,-0.7989932298660278,-0.07459348440170288,0.5959015488624573,0.01877320371568203,-0.79732346534729,-0.09069113433361053,0.5964043140411377,-0.08063825964927673,-0.7934607267379761,-0.015723831951618195,0.6030508279800415,-0.07626225054264069,-0.6672366857528687,-0.030456416308879852,0.7403051853179932,-0.07150810956954956,-0.5620566010475159,-0.0404045432806015,0.8230105638504028,0.030559398233890533,-0.5627442002296448,0.02923489362001419,0.8255484700202942,0.030559398233890533,-0.5627442002296448,0.02923489362001419,0.8255484700202942,0.003363698022440076,-0.6701596975326538,-0.03652019798755646,0.7413102388381958,0.0028885360807180405,-0.6068312525749207,-0.03227886185050011,0.7941697835922241,0.23793518543243408,-0.5891709327697754,0.14887548983097076,0.7576942443847656,0.28132179379463196,-0.5657591819763184,0.09193278104066849,0.7696253061294556,0.30621927976608276,-0.867251455783844,-0.08755232393741608,0.38267388939857483,0.33102303743362427,-0.8588413596153259,-0.09205621480941772,0.3799222707748413,0.33102303743362427,-0.8588413596153259,-0.09205621480941772,0.3799222707748413,0.013692747801542282,-0.5666710138320923,-0.041895680129528046,0.8227644562721252,-0.2185739278793335,-0.5319358706474304,-0.19978070259094238,0.7933205366134644,-0.2563735246658325,-0.5107414722442627,-0.14164233207702637,0.8083027601242065,-0.30541181564331055,-0.783889651298523,-0.00779515178874135,0.5405367612838745,-0.3230209946632385,-0.7770553827285767,-0.0009471774101257324,0.5402235388755798,-0.3230209946632385,-0.7770553827285767,-0.0009471774101257324,0.5402235388755798,0.003363698022440076,-0.6701596975326538,-0.03652019798755646,0.7413102388381958
-0.46000000834465027,0.0,0.10000000149011612,0.002076891250908375,-0.6682664752006531,-0.03700569272041321,0.7429981231689453,-0.7122849225997925,-0.16604550182819366,-0.2209455668926239,1.0471947193145752,0.24289190769195557,-0.2135007530450821,-0.39225074648857117,-0.0322251170873642,0.2541447579860687,0.35641592741012573,0.2758011519908905,0.24961867928504944,0.0,0.16985785961151123,0.5979405641555786,-0.17496514320373535,-1.0187326669692993,-0.059608835726976395,0.25791287422180176,-0.5476981401443481,0.18456193804740906,-0.7872748374938965,0.04368821159005165,0.0,0.0,0.0,0.0,-0.0565100759267807,0.25832366943359375,-0.11542613804340363,0.6865238547325134,0.5193458050489426,-0.11663316935300828,-1.103750467300415,-0.10573580116033554,0.2778853625059128,0.4065575897693634,0.40428709983825684,0.2244279980659485,-0.9168898463249207,0.35438594222068787,0.11411410570144653,0.0,0.2304956167936325,-0.16705332696437836,-1.12057363986969,1.972063660621643,-0.30862514674663544,-0.3353056013584137,1.1634706258773804,1.821979284286499,1.745189905166626,0.17493432760238647,0.0,0.0,0.0,0.002076891250908375,-0.6682664752006531,-0.03700569272041321,0.7429981231689453,0.002076891250908375,-0.6682664752006531,-0.03700569272041321,0.7429981231689453,-0.07082073390483856,-0.8767470121383667,0.03166528046131134,0.4746539890766144,-0.1099386215209961,-0.8763530254364014,-0.04115014523267746,0.4671461284160614,-0.012652086094021797,-0.8831313848495483,-0.09240132570266724,0.45976170897483826,0.03524351119995117,-0.5349345803260803,-0.08634798228740692,0.8397302627563477,0.045444779098033905,-0.429263174533844,-0.08144231885671616,0.8983513116836548,-0.05053121596574783,-0.4181421399116516,-0.1267157346010208,0.8980795741081238,-0.05053121596574783,-0.4181421399116516,-0.1267157346010208,0.8980795741081238,0.028776278719305992,-0.7952052354812622,-0.07416116446256638,0.6010996103286743,0.019087709486484528,-0.793907105922699,-0.08696378022432327,0.6014851927757263,-0.08167857676744461,-0.7899249792098999,-0.010035977698862553,0.6076564788818359,-0.07860598713159561,-0.6696979403495789,-0.02435588836669922,0.7380599975585938,-0.07451170682907104,-0.5618836879730225,-0.03493015840649605,0.8231127262115479,0.028533538803458214,-0.5618613362312317,0.03528795391321182,0.8259857296943665,0.028533538803458214,-0.5618613362312317,0.03528795391321182,0.8259857296943665,0.002076891250908375,-0.6682664752006531,-0.03700569272041321,0.7429981231689453,0.0016428701346740127,-0.6029670834541321,-0.03273902088403702,0.7970923185348511,0.2363426387310028,-0.5858624577522278,0.14630897343158722,0.7612496614456177,0.28572237491607666,-0.5588362216949463,0.0806664451956749,0.7743111252784729,0.30479341745376587,-0.8560771346092224,-0.09307855367660522,0.4069020450115204,0.3322998285293579,-0.8466888666152954,-0.09881415218114853,0.4036465585231781,0.3322998285293579,-0.8466888666152954,-0.09881415218114853,0.4036465585231781,0.012205314822494984,-0.5673403143882751,-0.042431458830833435,0.8222989439964294,-0.21063125133514404,-0.5347244739532471,-0.19428133964538574,0.7949584722518921,-0.2577885389328003,-0.5084781050682068,-0.12156253308057785,0.8125377297401428,-0.2977008521556854,-0.774287223815918,0.005451127886772156,0.5584118366241455,-0.31674131751060486,-0.7670350074768066,0.013303102925419807,0.5578129291534424,-0.31674131751060486,-0.7670350074768066,0.013303102925419807,0.5578129291534424,0.002076891250908375,-0.6682664752006531,-0.03700569272041321,0.7429981231689453
-0.46000000834465027,0.0,0.10000000149011612,0.0034155589528381824,-0.6684969067573547,-0.035822246223688126,0.7428438663482666,-0.6879168748855591,-0.15345822572708132,-0.22168096601963044,1.0085642576217653,0.2357110619544983,-0.2050145834684372,-0.3844547808170319,-0.028488913923501977,0.25023503601551056,0.3441856622695923,0.27755492329597475,0.24545451402664187,0.0,0.17381392121315,0.5923175096511841,-0.20070270001888268,-0.9631487488746644,-0.05829858556389809,0.2506548434495926,-0.5283122062683105,0.21151872873306268,-0.7493059873580934,0.03713896796107294,0.0,0.0,0.0,0.0,-0.010870208591222862,0.08375189900398292,0.05989144742488822,1.0056509017944328,0.5853565931320189,-0.06871523708105098,-1.600413966178893,-0.2577196702361103,0.36573920845985397,0.39650198817253113,0.27380093038082154,-0.027520444989203863,-0.7336638569831853,0.19436751604080235,-0.07927929311990695,0.0,0.21088008582592016,-0.23551296591758714,-1.2203561067581175,2.456342935562133,-0.08414254784584096,-0.351863145828247,1.0469662308692935,1.537495398521424,1.8371413946151731,-0.1265035510063165,0.0,0.0,0.0,0.0034155589528381824,-0.6684969067573547,-0.035822246223688126,0.7428438663482666,0.0034155589528381824,-0.6684969067573547,-0.035822246223688126,0.7428438663482666,-0.06680228561162949,-0.8716005086898804,0.030010730028152466,0.4847159683704376,-0.10371837019920349,-0.8713465332984924,-0.03691158443689346,0.47815823554992676,-0.006700475700199604,-0.8774713277816772,-0.08957875519990921,0.47114211320877075,0.03747890517115593,-0.540599524974823,-0.08170107007026672,0.8364642858505249,0.046837929636240005,-0.4384956955909729,-0.0767325758934021,0.8942258358001709,-0.04492402449250221,-0.4283365309238434,-0.12117427587509155,0.8943301439285278,-0.04492402449250221,-0.4283365309238434,-0.12117427587509155,0.8943301439285278,0.02979440428316593,-0.7930973768234253,-0.07251974940299988,0.6040278673171997,0.021191326901316643,-0.7919835448265076,-0.08381204307079315,0.6043909788131714,-0.07780912518501282,-0.7884336709976196,-0.007737351581454277,0.610129714012146,-0.07532200217247009,-0.6723073720932007,-0.020961150527000427,0.7361319065093994,-0.0717003270983696,-0.5640125274658203,-0.03117740899324417,0.8220565319061279,0.029476400464773178,-0.5635890960693359,0.038100652396678925,0.8246495723724365,0.029476400464773178,-0.5635890960693359,0.038100652396678925,0.8246495723724365,0.0034155589528381824,-0.6684969067573547,-0.035822246223688126,0.7428438663482666,0.0028607258573174477,-0.601642906665802,-0.03134099394083023,0.7981449961662292,0.2356715053319931,-0.5845967531204224,0.1456145942211151,0.7625628709793091,0.29201269149780273,-0.5533037781715393,0.0701092779636383,0.7769609689712524,0.3065650463104248,-0.8410640954971313,-0.09613768756389618,0.43518581986427307,0.33322852849960327,-0.8318139314651489,-0.10262759774923325,0.43187010288238525,0.33322852849960327,-0.8318139314651489,-0.10262759774923325,0.43187010288238525,0.013107828795909882,-0.5705552697181702,-0.0409485325217247,0.8201330900192261,-0.20149359107017517,-0.5400753617286682,-0.18847674131393433,0.795107364654541,-0.2560731768608093,-0.5106285810470581,-0.10498930513858795,0.8140406608581543,-0.28936412930488586,-0.766464114189148,0.014109710231423378,0.5732383728027344,-0.3054984211921692,-0.7604752779006958,0.02105678804218769,0.5726298093795776,-0.3054984211921692,-0.7604752779006958,0.02105678804218769,0.5726298093795776,0.0034155589528381824,-0.6684969067573547,-0.035822246223688126,0.7428438663482666
-0.46000000834465027,0.0,0.10000000149011612,0.0035961484536528587,-0.6681163311004639,-0.03699474409222603,0.7431279420852661,-0.6609059810638428,-0.13785043805837635,-0.22017129659652712,0.946327352523804,0.2299186408519745,-0.1952789664268494,-0.37633056044578556,-0.022640154510736487,0.24781136512756347,0.32917780876159675,0.2822904884815216,0.24190287590026857,0.0,0.17598870992660523,0.5890268087387085,-0.22602770924568172,-0.9075889229774476,-0.05777168571949005,0.24268240332603458,-0.5089059293270112,0.23918071985244743,-0.7114783644676209,0.03274256438016891,0.0,0.0,0.0,0.0,0.0636364396661517,0.015229500085115116,0.02639679312706092,1.2976876497268672,0.7199791193008417,0.03058209791779473,-2.63971626758575,-0.31738952100276974,0.4617918729782102,0.3996458947658538,0.25018683969974476,-0.15090455412864714,-0.6948408603668207,0.1771423742175096,-0.18983243554830564,0.0,0.14436487853527105,-0.21118211746215867,-1.2745013236999512,2.7784729957580567,0.0420120000839235,-0.38433378934860213,0.9699069261550903,1.3689954757690428,1.8942055702209473,-0.2628769695758824,0.0,0.0,0.0,0.0035961484536528587,-0.6681163311004639,-0.03699474409222603,0.7431279420852661,0.0035961484536528587,-0.6681163311004639,-0.03699474409222603,0.7431279420852661,-0.06427140533924103,-0.8651862740516663,0.0262580718845129,0.4966210424900055,-0.09824386239051819,-0.8649513721466064,-0.033434540033340454,0.4910084903240204,-0.002610066207125783,-0.8705117702484131,-0.08715362846851349,0.4843622148036957,0.037415359169244766,-0.5541479587554932,-0.07872113585472107,0.8278425335884094,0.04619869589805603,-0.45553159713745117,-0.07390842586755753,0.8859425783157349,-0.04043406620621681,-0.44616609811782837,-0.11787564307451248,0.8862314224243164,-0.04043406620621681,-0.44616609811782837,-0.11787564307451248,0.8862314224243164,0.02920542284846306,-0.7904178500175476,-0.07297487556934357,0.6075042486190796,0.022336531430482864,-0.78954017162323,-0.08192510902881622,0.6077958345413208,-0.07541266828775406,-0.7862476110458374,-0.006179673597216606,0.6132612824440002,-0.07337915152311325,-0.6751412749290466,-0.018449265509843826,0.7337979078292847,-0.0700547844171524,-0.5651988387107849,-0.02859024703502655,0.8214774131774902,0.029573563486337662,-0.5645194053649902,0.03981404006481171,0.8239283561706543,0.029573563486337662,-0.5645194053649902,0.03981404006481171,0.8239283561706543,0.0035961484536528587,-0.6681163311004639,-0.03699474409222603,0.7431279420852661,0.0031383174937218428,-0.600373387336731,-0.03243505209684372,0.7990556359291077,0.23494845628738403,-0.5839395523071289,0.14323441684246063,0.7637394666671753,0.2981697618961334,-0.5483767986297607,0.05802483856678009,0.779109001159668,0.3077390789985657,-0.825552761554718,-0.1004161685705185,0.46225088834762573,0.3338961601257324,-0.8163421750068665,-0.10772190988063812,0.4587970972061157,0.3338961601257324,-0.8163421750068665,-0.10772190988063812,0.4587970972061157,0.013104261830449104,-0.5734022855758667,-0.0419330969452858,0.818095326423645,-0.19325080513954163,-0.5443999171257019,-0.18491113185882568,0.7950414419174194,-0.25531914830207825,-0.5115687251091003,-0.09036847949028015,0.8154404163360596,-0.28279006481170654,-0.7572872638702393,0.021403882652521133,0.5882922410964966,-0.2969260811805725,-0.7521524429321289,0.027838237583637238,0.5876451134681702,-0.2969260811805725,-0.7521524429321289,0.027838237583637238,0.5876451134681702,0.0035961484536528587,-0.6681163311004639,-0.03699474409222603,0.7431279420852661
-0.46000000834465027,0.0,0.10000000149011612,0.0014605103060603142,-0.6664980053901672,-0.04287822172045708,0.7442713379859924,-0.6286093950271606,-0.11620162725448605,-0.21417149007320402,0.8368775606155393,0.22690306901931762,-0.18304445445537565,-0.3675498306751251,-0.012566282600164392,0.24835979640483857,0.3086147785186767,0.2929896414279938,0.23957629203796385,0.0,0.17460095286369323,0.5904008150100708,-0.25052762329578404,-0.852077281475067,-0.058811486512422566,0.23328114449977871,-0.4894589662551879,0.2682531118392945,-0.67393319606781,0.032651840895414355,0.0,0.0,0.0,0.0,0.19587662182748347,0.1588058777153495,-0.42472229599952804,1.53554379940033,0.991825151443482,0.23263824954628987,-4.764296174049383,-0.19243131279945347,0.5742421448230746,0.42918881773948675,0.44031690657138867,-0.017159965634345714,-0.9448238492012029,0.445503823459149,-0.13470499813556658,0.0,-0.015949681401253107,-0.001270294189452681,-1.2373720407485962,2.7763046264648437,-0.028489524126053017,-0.4486306309700014,0.971737802028656,1.4324634790420534,1.8814951181411743,-0.06912137866020163,0.0,0.0,0.0,0.0014605103060603142,-0.6664980053901672,-0.04287822172045708,0.7442713379859924,0.0014605103060603142,-0.6664980053901672,-0.04287822172045708,0.7442713379859924,-0.06471553444862366,-0.856227695941925,0.01831028424203396,0.5122019648551941,-0.0942717045545578,-0.8558574318885803,-0.03148489445447922,0.5075722932815552,-0.002243932569399476,-0.8610336184501648,-0.08553216606378555,0.5012988448143005,0.032727815210819244,-0.5830568671226501,-0.07901874929666519,0.8079168200492859,0.041463471949100494,-0.4878457188606262,-0.07480435818433762,0.868729829788208,-0.03815540671348572,-0.4789760410785675,-0.11899025738239288,0.8688886165618896,-0.03815540671348572,-0.4789760410785675,-0.11899025738239288,0.8688886165618896,0.02540169656276703,-0.786578893661499,-0.07762155681848526,0.612064778804779,0.02156534604728222,-0.7860748171806335,-0.08256971091032028,0.6122121810913086,-0.07596427947282791,-0.7826927304267883,-0.006104139145463705,0.6177250146865845,-0.07412164658308029,-0.6784512400627136,-0.017703989520668983,0.7306821346282959,-0.07074417173862457,-0.5645255446434021,-0.02833569049835205,0.8218899965286255,0.027979932725429535,-0.5638664960861206,0.039329588413238525,0.8244541883468628,0.027979932725429535,-0.5638664960861206,0.039329588413238525,0.8244541883468628,0.0014605103060603142,-0.6664980053901672,-0.04287822172045708,0.7442713379859924,0.001535333227366209,-0.5992031693458557,-0.03851267695426941,0.7996686697006226,0.234117791056633,-0.5844895839691162,0.13748036324977875,0.7646307945251465,0.3040963411331177,-0.5447334051132202,0.042898163199424744,0.7803528904914856,0.3080594837665558,-0.8099997639656067,-0.10723670572042465,0.48733973503112793,0.3344098627567291,-0.8006121516227722,-0.11548666656017303,0.4835836887359619,0.3344098627567291,-0.8006121516227722,-0.11548666656017303,0.4835836887359619,0.011288540437817574,-0.5755133032798767,-0.04785257950425148,0.8163132667541504,-0.18684104084968567,-0.5467860698699951,-0.1858636736869812,0.7947139143943787,-0.25658905506134033,-0.5102894306182861,-0.07969614863395691,0.8169548511505127,-0.27987006306648254,-0.7457404136657715,0.02597242034971714,0.6040441989898682,-0.29384350776672363,-0.7406682372093201,0.03268243744969368,0.6033229231834412,-0.29384350776672363,-0.7406682372093201,0.03268243744969368,0.6033229231834412,0.0014605103060603142,-0.6664980053901672,-0.04287822172045708,0.7442713379859924
-0.46000000834465027,0.0,0.10000000149011612,-0.0009987516095861793,-0.6667038202285767,-0.046290554106235504,0.7438832521438599,-0.5938053131103515,-0.09899495989084241,-0.21184557676315308,0.7711238622665404,0.21843565702438353,-0.1755364418029785,-0.3595881164073944,-0.0048258496448397485,0.24588459730148315,0.29725530147552487,0.29979372620582584,0.23603338599205015,0.0,0.17607961893081667,0.5872867345809937,-0.27713374495506293,-0.7927355408668517,-0.05823285728693008,0.2232464253902435,-0.4745532691478729,0.29963986873626713,-0.6384498238563536,0.031150595843791956,0.0,0.0,0.0,0.0,0.12191686630248982,0.06473744809627485,-0.48181517124175993,1.6900540590286257,0.9491761922836299,0.1897735118865963,-4.161606597900386,-0.31433376967907006,0.46993060111999463,0.41446599364280695,0.4336903810501096,-0.0632873434573415,-0.7520449161529532,0.4181056022644039,-0.15281884819269193,0.0,0.016604834794998455,-0.0659422874450688,-1.288181829452515,2.8904848098754887,-0.00343713536858542,-0.4890667319297791,0.8361101150512691,1.5230504512786867,1.815404415130615,-0.04685181779786959,0.0,0.0,0.0,-0.0009987516095861793,-0.6667038202285767,-0.046290554106235504,0.7438832521438599,-0.0009987516095861793,-0.6667038202285767,-0.046290554106235504,0.7438832521438599,-0.06449949741363525,-0.8476800918579102,0.012310335412621498,0.52642822265625,-0.09039764106273651,-0.8472614288330078,-0.029688017442822456,0.5225849151611328,-0.00031301804119721055,-0.8520705103874207,-0.08476948738098145,0.5165172219276428,0.03160156309604645,-0.5952653288841248,-0.07867954671382904,0.7990432977676392,0.039992742240428925,-0.5046220421791077,-0.0747697651386261,0.8591662645339966,-0.03548116981983185,-0.49612730741500854,-0.11869936436414719,0.8593655824661255,-0.03548116981983185,-0.49612730741500854,-0.11869936436414719,0.8593655824661255,0.021882226690649986,-0.7844951152801514,-0.07980925589799881,0.6145886182785034,0.02040238492190838,-0.7842972278594971,-0.0817040503025055,0.6146430969238281,-0.07593341171741486,-0.7808787822723389,-0.005713556427508593,0.6200239658355713,-0.07424862682819366,-0.6804561614990234,-0.016895342618227005,0.7288217544555664,-0.07089412212371826,-0.5639863014221191,-0.027793722227215767,0.8222657442092896,0.026414498686790466,-0.5633363127708435,0.03880574181675911,0.8248931169509888,0.026414498686790466,-0.5633363127708435,0.03880574181675911,0.8248931169509888,-0.0009987516095861793,-0.6667038202285767,-0.046290554106235504,0.7438832521438599,-0.000611346447840333,-0.5988383889198303,-0.04209431633353233,0.7997628450393677,0.23089978098869324,-0.5853888392448425,0.13303570449352264,0.7657067775726318,0.30824732780456543,-0.5413450002670288,0.028201693668961525,0.7817505598068237,0.3078072667121887,-0.7930610179901123,-0.11232401430606842,0.5135097503662109,0.33359870314598083,-0.7837661504745483,-0.12131981551647186,0.5096117854118347,0.33359870314598083,-0.7837661504745483,-0.12131981551647186,0.5096117854118347,0.008808190934360027,-0.5798622369766235,-0.05130890756845474,0.8130497336387634,-0.18256783485412598,-0.5515618324279785,-0.18614894151687622,0.7923364639282227,-0.2610000967979431,-0.5107666850090027,-0.06777556240558624,0.8163349628448486,-0.2799414098262787,-0.7354185581207275,0.033024705946445465,0.6161993145942688,-0.2931681275367737,-0.7305923700332642,0.039635851979255676,0.6153993606567383,-0.2931681275367737,-0.7305923700332642,0.039635851979255676,0.6153993606567383,-0.0009987516095861793,-0.6667038202285767,-0.046290554106235504,0.7438832521438599
-0.46000000834465027,0.0,0.10000000149011612,-0.0036197819281369448,-0.6678232550621033,-0.04846735671162605,0.7427313923835754,-0.557747483253479,-0.08400936424732208,-0.21135661005973816,0.7272182106971741,0.20724232494831085,-0.17039167881011963,-0.35203590989112854,0.0017478624358773232,0.2418975830078125,0.2904976010322571,0.30465027689933777,0.23188231885433197,0.0,0.17899149656295776,0.5819286108016968,-0.30479297041893005,-0.731478750705719,-0.05684501305222511,0.2128949761390686,-0.4619182050228119,0.3321838080883026,-0.6039973497390747,0.028944090008735657,0.0,0.0,0.0,0.0,-0.05514284968376165,-0.1481533795595169,-0.34189489483833313,1.8028913736343384,0.7492797374725342,0.02444833517074585,-2.1952824592590336,-0.5596665591001511,0.25723814964294434,0.37761029601097107,0.32868558168411255,-0.19935070164501667,-0.3378850221633911,0.24282753467559814,-0.20755334198474884,0.0,0.14559386670589447,-0.26790618896484375,-1.3829611539840698,3.0628392696380615,0.06939221546053888,-0.5175724625587463,0.631753146648407,1.6271969079971313,1.722623586654663,-0.11032528383657336,0.0,0.0,0.0,-0.0036197819281369448,-0.6678232550621033,-0.04846735671162605,0.7427313923835754,-0.0036197819281369448,-0.6678232550621033,-0.04846735671162605,0.7427313923835754,-0.06394674628973007,-0.8392521142959595,0.007284163497388363,0.5399200916290283,-0.08656284213066101,-0.8388177156448364,-0.027964413166046143,0.536758542060852,0.00239999545738101,-0.8432689309120178,-0.08442661911249161,0.5308144092559814,0.03226938098669052,-0.5993514657020569,-0.07805319130420685,0.7960177063941956,0.040169790387153625,-0.5137999057769775,-0.07429671287536621,0.8537423610687256,-0.03262324631214142,-0.5056142210960388,-0.11774792522192001,0.8540640473365784,-0.03262324631214142,-0.5056142210960388,-0.11774792522192001,0.8540640473365784,0.018505221232771873,-0.7832970023155212,-0.08076821267604828,0.616100549697876,0.01904364489018917,-0.7833672761917114,-0.08008363842964172,0.6160841584205627,-0.07561196386814117,-0.7799421548843384,-0.0051655033603310585,0.6212458610534668,-0.07406812161207199,-0.6818110346794128,-0.01605508103966713,0.7275918126106262,-0.07077433168888092,-0.5635138750076294,-0.02710803411900997,0.8226227760314941,0.024863123893737793,-0.5628665685653687,0.03826213628053665,0.8252872824668884,0.024863123893737793,-0.5628665685653687,0.03826213628053665,0.8252872824668884,-0.0036197819281369448,-0.6678232550621033,-0.04846735671162605,0.7427313923835754,-0.0030298393685370684,-0.5988786220550537,-0.04442805424332619,0.7996007204055786,0.22648388147354126,-0.5864517688751221,0.12924334406852722,0.766860842704773,0.3114786446094513,-0.5380296111106873,0.013719459995627403,0.783145546913147,0.30709585547447205,-0.774991512298584,-0.11647918075323105,0.5399193167686462,0.33193936944007874,-0.7659329771995544,-0.12611670792102814,0.5359640717506409,0.33193936944007874,-0.7659329771995544,-0.12611670792102814,0.5359640717506409,0.005995288956910372,-0.5853104591369629,-0.053531840443611145,0.8090179562568665,-0.17935723066329956,-0.5575148463249207,-0.18609458208084106,0.7889087200164795,-0.26694875955581665,-0.5120582580566406,-0.05522320047020912,0.8145459294319153,-0.2814832627773285,-0.7256450057029724,0.04131457209587097,0.6264979243278503,-0.29367363452911377,-0.7211657166481018,0.04763949289917946,0.6256247162818909,-0.29367363452911377,-0.7211657166481018,0.04763949289917946,0.6256247162818909,-0.0036197819281369448,-0.6678232550621033,-0.04846735671162605,0.7427313923835754
-0.46000000834465027,0.0,0.10000000149011612,-0.008073601871728897,-0.6671549081802368,-0.05083669722080231,0.7431384325027466,-0.579053020477295,-0.06378696337342253,-0.19489656388759605,0.7725481510162355,0.1983305603265762,-0.16481693089008329,-0.3438654005527496,0.007662878511473563,0.235198238492012,0.2727134466171264,0.30648306608200077,0.2228853583335876,0.0,0.17738527357578276,0.5803698897361755,-0.32523553371429453,-0.6682115912437436,-0.055245678871870034,0.20129201710224146,-0.4518750309944152,0.35440165400505075,-0.5728965997695922,0.01838955283164973,0.0,0.0,0.0,0.0,-0.12356705889105826,-0.0007292717695229767,-0.419769507646561,0.08199036121367631,0.9063838720321662,0.5035806994885228,0.4817852973938108,-0.4912195503711697,0.27013769745826727,0.3961593806743623,0.30892471075057976,-0.2807205975055698,-0.6686786115169541,0.1521146744489666,-0.35293013453483646,0.0,0.010050866007804277,-0.1539241075515742,-1.1664613246917714,3.1231503486633305,0.07573690563440326,-0.5551177382469179,0.5539964795112606,1.3174141407012927,1.6220718622207637,-0.36076621562242617,0.0,0.0,0.0,-0.008073601871728897,-0.6671549081802368,-0.05083669722080231,0.7431384325027466,-0.008073601871728897,-0.6671549081802368,-0.05083669722080231,0.7431384325027466,-0.07105980813503265,-0.8437212705612183,0.00845269300043583,0.5319902896881104,-0.08804099261760712,-0.8435354828834534,-0.018425730988383293,0.5294877886772156,-0.005578659474849701,-0.8481205105781555,-0.06989137083292007,0.5251435041427612,0.021001853048801422,-0.5877702832221985,-0.06702927500009537,0.8059728145599365,0.02756280079483986,-0.5050926208496094,-0.06458128243684769,0.8602041602134705,-0.04332830756902695,-0.49803686141967773,-0.10595235973596573,0.8595673441886902,-0.04332830756902695,-0.49803686141967773,-0.10595235973596573,0.8595673441886902,0.01319083385169506,-0.780482292175293,-0.0816720649600029,0.619679868221283,0.01557193323969841,-0.7807846665382385,-0.07868600636720657,0.619629979133606,-0.07614973187446594,-0.7772194147109985,-0.005449867807328701,0.6245812177658081,-0.07470227032899857,-0.6851027011871338,-0.01574733480811119,0.7244348526000977,-0.07142307609319687,-0.5664948225021362,-0.026965871453285217,0.8205212354660034,0.020278004929423332,-0.565981924533844,0.03619374334812164,0.8233730792999268,0.020278004929423332,-0.565981924533844,0.03619374334812164,0.8233730792999268,-0.008073601871728897,-0.6671549081802368,-0.05083669722080231,0.7431384325027466,-0.007259883917868137,-0.5987931489944458,-0.047215163707733154,0.7994778156280518,0.22179780900478363,-0.587268054485321,0.12609118223190308,0.7681295871734619,0.31249281764030457,-0.5358999967575073,0.0025596560444682837,0.7843167781829834,0.3066065013408661,-0.7564564943313599,-0.11653713881969452,0.5658490657806396,0.3304162621498108,-0.7476370334625244,-0.12669801712036133,0.5619711875915527,0.3304162621498108,-0.7476370334625244,-0.12669801712036133,0.5619711875915527,0.0012634389568120241,-0.5893084406852722,-0.05606111139059067,0.8059598207473755,-0.17933043837547302,-0.5617737770080566,-0.1866389811038971,0.7857586741447449,-0.2733142375946045,-0.512718915939331,-0.04748658090829849,0.8125046491622925,-0.2853715717792511,-0.7160509824752808,0.045498862862586975,0.6354242563247681,-0.2930753827095032,-0.713184118270874,0.04957696795463562,0.6348365545272827,-0.2930753827095032,-0.713184118270874,0.04957696795463562,0.6348365545272827,-0.008073601871728897,-0.6671549081802368,-0.05083669722080231,0.7431384325027466
-0.46000000834465027,0.0,0.10000000149011612,-0.013682542368769646,-0.6670501828193665,-0.05245514586567879,0.7430378794670105,-0.5806476593017575,-0.04511610269546498,-0.17900879979133597,0.7784931182861323,0.19326122403144838,-0.16156019270420074,-0.33658078908920286,0.012843632325530078,0.22737353146076195,0.25928817987442015,0.3103558719158173,0.21618050932884214,0.0,0.17670350074768068,0.5764853477478027,-0.348228043317795,-0.6045129656791682,-0.05467899814248086,0.19020829498767847,-0.442718631029129,0.3792022109031679,-0.5412586688995359,0.008013056032359533,0.0,0.0,0.0,0.0,-0.25285066366195846,0.056233656406401766,-0.4856187105178836,-0.47394995689390906,0.9645737648010244,0.80583381652832,1.0849478244781257,-0.33031535744666823,0.20919710397720198,0.3819485068321223,0.2737229168415065,-0.36872807741165226,-0.7584410429000829,0.15283994525671127,-0.3810846567153917,0.0,-0.0525776401162142,-0.14771066755056522,-1.0986264944076554,3.176301717758179,0.04898710101842818,-0.5645708203315731,0.47555547356605476,1.1883736133575455,1.5711528062820437,-0.5223855853080749,0.0,0.0,0.0,-0.013682542368769646,-0.6670501828193665,-0.05245514586567879,0.7430378794670105,-0.013682542368769646,-0.6670501828193665,-0.05245514586567879,0.7430378794670105,-0.07704959809780121,-0.8435825109481812,0.008515270426869392,0.5313748717308044,-0.08896659314632416,-0.8435590863227844,-0.010547067038714886,0.5295107960700989,-0.013178868219256401,-0.848141610622406,-0.05778653919696808,0.5264434814453125,0.009802564047276974,-0.5849248766899109,-0.05830293148756027,0.8089298605918884,0.01538004819303751,-0.5041500926017761,-0.05709119513630867,0.8615896701812744,-0.05419100821018219,-0.49790090322494507,-0.0975908413529396,0.8600198030471802,-0.05419100821018219,-0.49790090322494507,-0.0975908413529396,0.8600198030471802,0.0069398279301822186,-0.7784342765808105,-0.0817217230796814,0.6223453283309937,0.01093698013573885,-0.7789391279220581,-0.07672125846147537,0.6222926378250122,-0.07749928534030914,-0.7751540541648865,-0.005633021239191294,0.6269756555557251,-0.07612096518278122,-0.6875925064086914,-0.01560184732079506,0.7219270467758179,-0.07279361039400101,-0.5677527189254761,-0.027184415608644485,0.8195236325263977,0.016040651127696037,-0.5673721432685852,0.03422435373067856,0.8225936889648438,0.016040651127696037,-0.5673721432685852,0.03422435373067856,0.8225936889648438,-0.013682542368769646,-0.6670501828193665,-0.05245514586567879,0.7430378794670105,-0.012705394998192787,-0.598938524723053,-0.049340732395648956,0.7991724610328674,0.21499747037887573,-0.588261604309082,0.12295379489660263,0.7698094844818115,0.3121297359466553,-0.5338723063468933,-0.00967700406908989,0.7857873439788818,0.3046233355998993,-0.737207293510437,-0.11718638241291046,0.5916057825088501,0.3278193473815918,-0.7285031080245972,-0.12807133793830872,0.5877205729484558,0.3278193473815918,-0.7285031080245972,-0.12807133793830872,0.5877205729484558,-0.004674049094319344,-0.5936968326568604,-0.057928238064050674,0.8025874495506287,-0.18078023195266724,-0.56648850440979,-0.1868543028831482,0.7819814085960388,-0.2819150388240814,-0.5130462050437927,-0.0385933518409729,0.8098259568214417,-0.29124295711517334,-0.7056813836097717,0.05117817223072052,0.643872857093811,-0.29457393288612366,-0.7044169902801514,0.05299004912376404,0.6435953378677368,-0.29457393288612366,-0.7044169902801514,0.05299004912376404,0.6435953378677368,-0.013682542368769646,-0.6670501828193665,-0.05245514586567879,0.7430378794670105
-0.46000000834465027,0.0,0.10000000149011612,-0.021601390093564987,-0.6680729389190674,-0.05257174000144005,0.7419219613075256,-0.5428205013275145,-0.029548322409391335,-0.16426559984683983,0.7056681394577023,0.195876744389534,-0.16293947398662567,-0.3310679733753204,0.016555860452353972,0.21729809939861294,0.25458068847656246,0.318308711051941,0.21405988335609435,0.0,0.17787062823772432,0.5679491639137267,-0.37632044553756727,-0.539951407909393,-0.056177624315023426,0.1801630467176437,-0.43533577919006344,0.40916818976402297,-0.5085463762283324,-0.0020073572173715092,0.0,0.0,0.0,0.0,-0.5038530707359326,-0.06772580444812829,-0.5274170935153963,1.300030755996712,0.8249351739883417,0.7543284296989439,-2.4596993923187416,0.015503174066545111,0.0005762279033651452,0.30221771597862207,0.20763927698135348,-0.47001072168350266,-0.3661411881446821,0.33644142597913823,-0.17479463815688995,0.0,0.030622865259647733,-0.3570345327258119,-1.3281216621398935,3.2151336669921875,-0.04395170062780422,-0.5178395152091978,0.39574579000472987,1.4208175659179698,1.6194990873336794,-0.5063618540763855,0.0,0.0,0.0,-0.021601390093564987,-0.6680729389190674,-0.05257174000144005,0.7419219613075256,-0.021601390093564987,-0.6680729389190674,-0.05257174000144005,0.7419219613075256,-0.08079294860363007,-0.834248423576355,0.006366200745105743,0.5454003810882568,-0.08879265934228897,-0.8342505693435669,-0.005991862155497074,0.5441560745239258,-0.020020613446831703,-0.8387299180030823,-0.05056607723236084,0.541824996471405,-0.001244707265868783,-0.5998380780220032,-0.05420840531587601,0.7982819676399231,0.004060025326907635,-0.518905758857727,-0.054076358675956726,0.85310959815979,-0.06537644565105438,-0.5127855539321899,-0.09613014757633209,0.8506090641021729,-0.06537644565105438,-0.5127855539321899,-0.09613014757633209,0.8506090641021729,-0.0011835116893053055,-0.7779480218887329,-0.08006595820188522,0.6232054829597473,0.003976055420935154,-0.7785803079605103,-0.0736236646771431,0.6231985688209534,-0.08047427982091904,-0.7744231224060059,-0.005613888613879681,0.6275040507316589,-0.07911084592342377,-0.68849778175354,-0.015781324356794357,0.7207379341125488,-0.07560859620571136,-0.5655717253684998,-0.028124717995524406,0.8207441568374634,0.012499941512942314,-0.565339982509613,0.03245483711361885,0.8241244554519653,0.012499941512942314,-0.565339982509613,0.03245483711361885,0.8241244554519653,-0.021601390093564987,-0.6680729389190674,-0.05257174000144005,0.7419219613075256,-0.020581519231200218,-0.5995458960533142,-0.05014314502477646,0.7985027432441711,0.203961580991745,-0.5895888805389404,0.11984185874462128,0.7722838521003723,0.30903398990631104,-0.5320862531661987,-0.024064619094133377,0.7879106402397156,0.2999502122402191,-0.7172796130180359,-0.11912966519594193,0.6175337433815002,0.3233947157859802,-0.708431601524353,-0.13114866614341736,0.6134659647941589,0.3233947157859802,-0.708431601524353,-0.13114866614341736,0.6134659647941589,-0.013022160157561302,-0.5988743901252747,-0.058471761643886566,0.7985994219779968,-0.18518228828907013,-0.5721123814582825,-0.18641071021556854,0.7769466638565063,-0.2949751019477844,-0.512690007686615,-0.027387864887714386,0.8058465123176575,-0.3011053502559662,-0.6938315629959106,0.05984976887702942,0.6514226794242859,-0.30029311776161194,-0.6941476464271545,0.05935816466808319,0.651505708694458,-0.30029311776161194,-0.6941476464271545,0.05935816466808319,0.651505708694458,-0.021601390093564987,-0.6680729389190674,-0.05257174000144005,0.7419219613075256
-0.46000000834465027,0.0,0.10000000149011612,-0.026053275913000107,-0.6684796810150146,-0.049836404621601105,0.7416014075279236,-0.5080009460449216,-0.01872804388403887,-0.14977614879608145,0.634998774528503,0.19244328737258906,-0.16651747524738314,-0.32574250698089596,0.017053667083382597,0.20206951797008502,0.24540235400199883,0.3162506520748138,0.19730855226516708,0.0,0.17732426524162292,0.5639911651611328,-0.3971588194370271,-0.4871612548828122,-0.06575328931212435,0.16959477961063377,-0.42784580588340754,0.4357412457466127,-0.47866926193237286,-0.007851416617631937,0.0,0.0,0.0,0.0,-0.5445325136184688,-0.05654026865959115,-0.2737982749938938,1.801129698753356,0.635963928699492,0.7295475006103515,-3.576580333709716,-0.05069329142570678,-0.1349256575107581,0.270020306110382,0.08917875885963343,-0.6583660721778886,-0.3694998353719725,0.09731500744819338,-0.5449524089694067,0.0,0.006951656192540609,-0.28946362137794357,-1.186999201774595,2.8749355792999234,-0.3172424450516725,-0.5179529786109925,0.3723562061786652,1.39651117324829,1.550559163093566,-0.37573003768920776,0.0,0.0,0.0,-0.026053275913000107,-0.6684796810150146,-0.049836404621601105,0.7416014075279236,-0.026053275913000107,-0.6684796810150146,-0.049836404621601105,0.7416014075279236,-0.08083747327327728,-0.8253285884857178,0.00629953108727932,0.5588009357452393,-0.08603030443191528,-0.8253551721572876,-0.0014535648515447974,0.5580193400382996,-0.023994652554392815,-0.8294945955276489,-0.043133560568094254,0.5563295483589172,-0.009177441708743572,-0.614363431930542,-0.048340439796447754,0.7874873876571655,-0.00447781290858984,-0.5358659625053406,-0.04898539185523987,0.842868983745575,-0.07453934848308563,-0.5299447774887085,-0.09340876340866089,0.8395696878433228,-0.07453934848308563,-0.5299447774887085,-0.09340876340866089,0.8395696878433228,-0.005467160604894161,-0.7768809795379639,-0.0762232095003128,0.624992847442627,-0.00013865751679986715,-0.7775038480758667,-0.06959561258554459,0.625015377998352,-0.07856699079275131,-0.7735166549682617,-0.006210382096469402,0.6288565397262573,-0.0772169828414917,-0.6907339096069336,-0.015796499326825142,0.7188010215759277,-0.07376507669687271,-0.5689293742179871,-0.027768857777118683,0.8186006546020508,0.0072548892349004745,-0.5688930749893188,0.02835359238088131,0.8218904733657837,0.0072548892349004745,-0.5688930749893188,0.02835359238088131,0.8218904733657837,-0.026053275913000107,-0.6684796810150146,-0.049836404621601105,0.7416014075279236,-0.025261670351028442,-0.6001728773117065,-0.047818366438150406,0.7980399131774902,0.19780878722667694,-0.5897760391235352,0.12108251452445984,0.7735469341278076,0.3085336685180664,-0.5296629071235657,-0.031156159937381744,0.7894895076751709,0.29949575662612915,-0.6993527412414551,-0.11680951714515686,0.6384069323539734,0.32643043994903564,-0.6888967752456665,-0.13175225257873535,0.6336449384689331,0.32643043994903564,-0.6888967752456665,-0.13175225257873535,0.6336449384689331,-0.018177956342697144,-0.6035306453704834,-0.05579257756471634,0.795177698135376,-0.1865854263305664,-0.5779207944869995,-0.18263424932956696,0.7732000350952148,-0.30442315340042114,-0.5135138630867004,-0.014086000621318817,0.8021420240402222,-0.30736392736434937,-0.6840990781784058,0.069904625415802,0.6577607989311218,-0.30417636036872864,-0.6853643655776978,0.06802878528833389,0.6581220626831055,-0.30417636036872864,-0.6853643655776978,0.06802878528833389,0.6581220626831055,-0.026053275913000107,-0.6684796810150146,-0.049836404621601105,0.7416014075279236
-0.46000000834465027,0.0,0.10000000149011612,-0.028771568089723587,-0.6685789823532104,-0.045675210654735565,0.7416791915893555,-0.474685192108154,-0.010281516239047018,-0.13541357219219202,0.5654072165489191,0.18598534166812908,-0.17119483649730688,-0.3205107152462005,0.01594426296651363,0.18426436185836786,0.23398859798908286,0.30918714404106135,0.17324186861515037,0.0,0.17592115700244904,0.5623222589492797,-0.4143701791763306,-0.44025680422782865,-0.07936747372150418,0.15876500308513633,-0.4203022718429565,0.46061784029006975,-0.4502097368240355,-0.011607300490140955,0.0,0.0,0.0,0.0,-0.4800504744052862,0.022217765450478547,0.1275291293859482,1.6657875776290871,0.4223263561725598,0.7181288003921475,-3.4795777797698912,-0.3228972554206796,-0.2338680475950245,0.26158958673477095,-0.0554702021181581,-0.8902577757835344,-0.5706877708434865,-0.35317537188529896,-1.203334093093866,0.0,-0.07015541195869401,-0.08344530314207188,-0.8605679273605313,2.345222473144525,-0.6807091832160895,-0.5414888262748708,0.377176672220229,1.2438296079635585,1.4229761362075766,-0.18779417872428886,0.0,0.0,0.0,-0.028771568089723587,-0.6685789823532104,-0.045675210654735565,0.7416791915893555,-0.028771568089723587,-0.6685789823532104,-0.045675210654735565,0.7416791915893555,-0.07902372628450394,-0.8165274262428284,0.007273408584296703,0.5718262791633606,-0.08196227997541428,-0.8165540099143982,0.003075760556384921,0.5714124441146851,-0.026530476287007332,-0.8202282786369324,-0.035590238869190216,0.570311427116394,-0.015549341216683388,-0.6285790801048279,-0.041578229516744614,0.7764777541160583,-0.011621257290244102,-0.5537604689598083,-0.042842473834753036,0.8314919471740723,-0.08266539126634598,-0.5480703115463257,-0.09002822637557983,0.8274540901184082,-0.08266539126634598,-0.5480703115463257,-0.09002822637557983,0.8274540901184082,-0.00783077348023653,-0.7755178213119507,-0.07128652185201645,0.6272392272949219,-0.0028301444835960865,-0.776061475276947,-0.06510179489850998,0.6272817254066467,-0.07421726733446121,-0.7725096940994263,-0.007114581298083067,0.6306108236312866,-0.07287944853305817,-0.6936191320419312,-0.0157291479408741,0.7164731025695801,-0.06958834826946259,-0.5750256776809692,-0.02676343359053135,0.8147310614585876,0.0011570975184440613,-0.5751851201057434,0.023083902895450592,0.8176966905593872,0.0011570975184440613,-0.5751851201057434,0.023083902895450592,0.8176966905593872,-0.028771568089723587,-0.6685789823532104,-0.045675210654735565,0.7416791915893555,-0.028343692421913147,-0.6008097529411316,-0.0439300537109375,0.797680675983429,0.19410280883312225,-0.5894076228141785,0.12450240552425385,0.7742234468460083,0.30934861302375793,-0.526951014995575,-0.034600649029016495,0.7908406257629395,0.30109935998916626,-0.682314932346344,-0.11233846843242645,0.6566318273544312,0.33311840891838074,-0.669478714466095,-0.13108764588832855,0.650881290435791,0.33311840891838074,-0.669478714466095,-0.13108764588832855,0.650881290435791,-0.021737076342105865,-0.607918381690979,-0.05150144174695015,0.7920292019844055,-0.1864822655916214,-0.583800196647644,-0.1771848499774933,0.7700695395469666,-0.3120245933532715,-0.5148616433143616,0.0002638556470628828,0.7984723448753357,-0.3117951452732086,-0.6753726601600647,0.08064383268356323,0.6634396314620972,-0.3071134686470032,-0.6772628426551819,0.07784345746040344,0.6640306115150452,-0.3071134686470032,-0.6772628426551819,0.07784345746040344,0.6640306115150452,-0.028771568089723587,-0.6685789823532104,-0.045675210654735565,0.7416791915893555
-0.46000000834465027,0.0,0.10000000149011612,-0.02873806282877922,-0.6674461364746094,-0.04392789676785469,0.7428054809570312,-0.4481091678142548,-0.007357325591146952,-0.13113178312778473,0.5145642995834352,0.19518383443355558,-0.17701530158519743,-0.3175970852375031,0.01557278372347355,0.17966997027397158,0.2807219684123992,0.3042884111404419,0.16694565117359164,0.0,0.175843346118927,0.5573182225227356,-0.42149818539619444,-0.41180548667907724,-0.07659674733877182,0.15076957046985628,-0.41613508462905885,0.4749075770378112,-0.4336791574954987,-0.015135397762060156,0.0,0.0,0.0,0.0,-0.25557348728179985,0.10740486681461316,0.13124359548091888,1.4635957241058355,0.256656247377396,0.41570519208908147,-2.917118549346925,0.14679588079452405,-0.2681611537933349,0.1920447260141374,-0.03333245590329175,-0.4939348578453073,1.173725986480709,-0.2882321268320085,-0.6702201604843151,0.0,-0.030396491289138884,-0.1834992095828054,-0.5580673217773444,1.791628479957582,-0.18916187286377067,-0.45645849108696,0.2758862763643267,0.9262239098548897,1.0651077985763557,-0.1809605807065964,0.0,0.0,0.0,-0.02873806282877922,-0.6674461364746094,-0.04392789676785469,0.7428054809570312,-0.02873806282877922,-0.6674461364746094,-0.04392789676785469,0.7428054809570312,-0.07584699988365173,-0.8085234761238098,0.0060544563457369804,0.583524227142334,-0.07798182964324951,-0.8085427284240723,0.0030722697265446186,0.5832391977310181,-0.02482745051383972,-0.8119167685508728,-0.035130634903907776,0.5821862816810608,-0.015052425675094128,-0.6370539665222168,-0.04030768573284149,0.7696174383163452,-0.011056997813284397,-0.5590332746505737,-0.04158001393079758,0.82802814245224,-0.08419805765151978,-0.553169846534729,-0.09084156155586243,0.8238092660903931,-0.08419805765151978,-0.553169846534729,-0.09084156155586243,0.8238092660903931,-0.007770598866045475,-0.7736836671829224,-0.06938640028238297,0.6297131776809692,-0.002867524279281497,-0.7742006182670593,-0.06335990875959396,0.6297545433044434,-0.07231546193361282,-0.7708197832107544,-0.006610004231333733,0.632901132106781,-0.07069449126720428,-0.6746938228607178,-0.016634419560432434,0.7345160245895386,-0.06735479086637497,-0.5555785298347473,-0.0271591953933239,0.8282862901687622,0.001911272294819355,-0.5559019446372986,0.019298024475574493,0.831021785736084,0.001911272294819355,-0.5559019446372986,0.019298024475574493,0.831021785736084,-0.02873806282877922,-0.6674461364746094,-0.04392789676785469,0.7428054809570312,-0.0284573957324028,-0.5996138453483582,-0.04218118637800217,0.7986704111099243,0.19232603907585144,-0.588087797164917,0.12438228726387024,0.7756884694099426,0.30921489000320435,-0.5247355103492737,-0.037794407457113266,0.792218804359436,0.3013021647930145,-0.6713005900382996,-0.11056287586688995,0.6680930852890015,0.3318982720375061,-0.6588890552520752,-0.1291673183441162,0.6625893712043762,0.3318982720375061,-0.6588890552520752,-0.1291673183441162,0.6625893712043762,-0.02219335362315178,-0.6098541021347046,-0.049475304782390594,0.7906565070152283,-0.18504244089126587,-0.5864791870117188,-0.17438249289989471,0.7690202593803406,-0.31497442722320557,-0.515227735042572,0.008308609016239643,0.7970335483551025,-0.31328141689300537,-0.6700446605682373,0.08620251715183258,0.6674308776855469,-0.3072076737880707,-0.6725053191184998,0.08250652253627777,0.6682459712028503,-0.3072076737880707,-0.6725053191184998,0.08250652253627777,0.6682459712028503,-0.02873806282877922,-0.6674461364746094,-0.04392789676785469,0.7428054809570312
-0.46000000834465027,0.0,0.10000000149011612,-0.029122397303581238,-0.6663898825645447,-0.04236476868391037,0.7438290119171143,-0.4227362632751465,-0.0040234931744635195,-0.12547075748443606,0.4554879903793337,0.2019861251115799,-0.18065069913864135,-0.3151239216327667,0.014028899744153032,0.17349863946437838,0.30913101434707646,0.29856495261192323,0.16045078337192537,0.0,0.17464699447155,0.5520047545433044,-0.4290764272212982,-0.3867169439792634,-0.07237973213195803,0.14340333342552186,-0.41378443837165835,0.4856608748435974,-0.4196223020553589,-0.02038985937833784,0.0,0.0,0.0,0.0,-0.11756885349750511,0.15742737352848057,0.1086567789316179,1.2927075624465945,0.15849877595901482,0.2554665327072141,-2.78914747238159,0.38803855180740404,-0.22547120451927227,0.13246749490499504,-0.053746100887655975,-0.2770277380943295,1.7869387626647986,-0.26967839598655685,-0.3207703530788421,0.0,-0.03744676387868799,-0.2594847619533538,-0.3699073493480681,1.3216825723648078,0.18192498087882966,-0.3808957338333131,0.15386311709880865,0.6083936214447029,0.7523171961307531,-0.22819577753543818,0.0,0.0,0.0,-0.029122397303581238,-0.6663898825645447,-0.04236476868391037,0.7438290119171143,-0.029122397303581238,-0.6663898825645447,-0.04236476868391037,0.7438290119171143,-0.07325262576341629,-0.8007134199142456,0.0048636686988174915,0.5945320725440979,-0.07443954050540924,-0.8007231950759888,0.0032461874652653933,0.594382643699646,-0.02407856099307537,-0.803817093372345,-0.03400585055351257,0.5934155583381653,-0.01573951728641987,-0.6490814685821533,-0.03852846845984459,0.7595795392990112,-0.011775781400501728,-0.569192111492157,-0.03992006927728653,0.8211504220962524,-0.08579996973276138,-0.5632708072662354,-0.0910966694355011,0.8167409896850586,-0.08579996973276138,-0.5632708072662354,-0.0910966694355011,0.8167409896850586,-0.008119937032461166,-0.7720558047294617,-0.06763438880443573,0.6318936944007874,-0.0036887789610773325,-0.7725122570991516,-0.06221616640686989,0.6319339275360107,-0.07060869038105011,-0.7692893147468567,-0.007234388031065464,0.6349457502365112,-0.0686577633023262,-0.6623677015304565,-0.018021518364548683,0.7458085417747498,-0.06521748006343842,-0.5440776944160461,-0.028035810217261314,0.8360263705253601,0.0019959015771746635,-0.5445718765258789,0.015648672357201576,0.8385658264160156,0.0019959015771746635,-0.5445718765258789,0.015648672357201576,0.8385658264160156,-0.029122397303581238,-0.6663898825645447,-0.04236476868391037,0.7438290119171143,-0.02897242270410061,-0.5989481210708618,-0.04066385328769684,0.7992297410964966,0.18992343544960022,-0.5873625874519348,0.1240953728556633,0.7768748998641968,0.30871206521987915,-0.5231606364250183,-0.041278641670942307,0.793281614780426,0.3009551465511322,-0.6617913246154785,-0.10956759750843048,0.6778297424316406,0.32961738109588623,-0.6500750184059143,-0.1275707483291626,0.6726667881011963,0.32961738109588623,-0.6500750184059143,-0.1275707483291626,0.6726667881011963,-0.023019276559352875,-0.6116257905960083,-0.04768223315477371,0.789373517036438,-0.18468061089515686,-0.5887877345085144,-0.1723056584596634,0.7678104043006897,-0.31795719265937805,-0.5156006217002869,0.014216302894055843,0.7955231070518494,-0.3152269721031189,-0.6655049920082092,0.0901016891002655,0.6705346703529358,-0.307075172662735,-0.6688297986984253,0.08508618921041489,0.6716635823249817,-0.307075172662735,-0.6688297986984253,0.08508618921041489,0.6716635823249817,-0.029122397303581238,-0.6663898825645447,-0.04236476868391037,0.7438290119171143
-0.46000000834465027,0.0,0.10000000149011612,-0.03034258633852005,-0.6654908061027527,-0.041170284152030945,0.7446517944335938,-0.3997695982456207,0.00012962277978659665,-0.11705125868320464,0.3799448966979979,0.2039960116147995,-0.17991596162319184,-0.3135316908359528,0.010140206292271605,0.16417343020439146,0.30089141130447383,0.2911920428276062,0.15355861485004424,0.0,0.171213561296463,0.5460724234580994,-0.43755514025688175,-0.3683539509773254,-0.06527013927698133,0.1372954875230789,-0.4150668740272522,0.48934129476547245,-0.41051289439201355,-0.029097049683332463,0.0,0.0,0.0,0.0,-0.15250892639160163,0.13712069094181056,0.03346739709377272,1.1844267845153806,0.1953665345907212,0.379597815871239,-3.5301527023315447,0.17238038182258558,-0.028815144300460338,0.09282552301883688,-0.1592625226825478,-0.41895225942134884,0.13774957656859987,-0.34390369355678574,-0.3386488854885102,0.0,-0.13811542368493995,-0.2873335838317872,-0.4104285538196565,1.0190328359603875,0.3120909661054614,-0.3242681324481963,-0.009625568985939359,0.2901141524314873,0.529682064056396,-0.3835685640573505,0.0,0.0,0.0,-0.03034258633852005,-0.6654908061027527,-0.041170284152030945,0.7446517944335938,-0.03034258633852005,-0.6654908061027527,-0.041170284152030945,0.7446517944335938,-0.07184263318777084,-0.7934978008270264,0.0037309410981833935,0.6043061017990112,-0.0717945247888565,-0.793499231338501,0.0037756930105388165,0.6043099761009216,-0.025244172662496567,-0.7963421940803528,-0.03155955299735069,0.6034947633743286,-0.018790533766150475,-0.668058454990387,-0.03572359308600426,0.7430132031440735,-0.015056407079100609,-0.5889317393302917,-0.037452250719070435,0.807174026966095,-0.08751170337200165,-0.5831857323646545,-0.09020525217056274,0.8025579452514648,-0.08751170337200165,-0.5831857323646545,-0.09020525217056274,0.8025579452514648,-0.009288429282605648,-0.7708532810211182,-0.06617981195449829,0.6334976553916931,-0.0060778153128921986,-0.7711799740791321,-0.06226961687207222,0.6335354447364807,-0.06929279863834381,-0.7680864930152893,-0.010116753168404102,0.6365056037902832,-0.06699839234352112,-0.6640115976333618,-0.020391102880239487,0.7444354295730591,-0.06333477795124054,-0.5489817261695862,-0.029898980632424355,0.8328948616981506,0.0007431033300235868,-0.549655020236969,0.01229042373597622,0.8353009223937988,0.0007431033300235868,-0.549655020236969,0.01229042373597622,0.8353009223937988,-0.03034258633852005,-0.6654908061027527,-0.041170284152030945,0.7446517944335938,-0.030290311202406883,-0.5993471145629883,-0.03960990160703659,0.7989346385002136,0.1862695962190628,-0.5878281593322754,0.12347512692213058,0.7775060534477234,0.30747634172439575,-0.5228759050369263,-0.04534439742565155,0.7937272191047668,0.29962030053138733,-0.6555423736572266,-0.11017405986785889,0.684363603591919,0.32533538341522217,-0.6450513601303101,-0.12666863203048706,0.679720938205719,0.32533538341522217,-0.6450513601303101,-0.12666863203048706,0.679720938205719,-0.024584747850894928,-0.613076388835907,-0.04635589197278023,0.7882791757583618,-0.18647930026054382,-0.5903699398040771,-0.1716841757297516,0.7662985324859619,-0.32104232907295227,-0.5160471200942993,0.015850666910409927,0.7939621210098267,-0.3181273937225342,-0.6626200675964355,0.09069173038005829,0.6719408631324768,-0.3065192401409149,-0.6673838496208191,0.08350706100463867,0.6735513210296631,-0.3065192401409149,-0.6673838496208191,0.08350706100463867,0.6735513210296631,-0.03034258633852005,-0.6654908061027527,-0.041170284152030945,0.7446517944335938
-0.46000000834465027,0.0,0.10000000149011612,-0.0303197018802166,-0.6643556356430054,-0.04011354595422745,0.7457232475280762,-0.34494003057479844,0.0036034574499353832,-0.10884081423282621,0.2928583204746244,0.20663652122020723,-0.18106582760810852,-0.31391032338142394,0.0069724244996905264,0.15690636336803435,0.2788869261741638,0.284996372461319,0.14737237393856048,0.0,0.1679436594247818,0.5436792731285095,-0.4423644244670868,-0.3551043331623077,-0.06268751323223114,0.13412519693374633,-0.41695807576179506,0.49359055757522585,-0.408602249622345,-0.031971590220928194,0.0,0.0,0.0,0.0,-0.10206163823604562,0.14753386676311497,0.052033292502164985,2.104220223426822,0.18727735280990593,0.4147032856941223,-4.123458957672121,0.11941300779581077,-0.01980122700333614,0.020485632121562763,-0.17280730903148644,-0.40451616048812844,-0.8249265372753157,-0.33332828879356374,-0.32343056797981257,0.0,-0.16676570475101468,-0.1904411137104031,-0.3138527572154995,0.7647483587265009,0.2196706354618068,-0.21726561784744233,-0.08238476216793067,0.2010862678289414,0.2395074903964989,-0.26038000583648624,0.0,0.0,0.0,-0.0303197018802166,-0.6643556356430054,-0.04011354595422745,0.7457232475280762,-0.0303197018802166,-0.6643556356430054,-0.04011354595422745,0.7457232475280762,-0.06605808436870575,-0.7767629623413086,-0.0013580587692558765,0.6263178586959839,-0.06490059196949005,-0.7767724990844727,1.8555205315351486e-05,0.6264282464981079,-0.02249208092689514,-0.7791544198989868,-0.03397991508245468,0.6255060434341431,-0.017402322962880135,-0.6795450448989868,-0.0370224192738533,0.7324924468994141,-0.01348817441612482,-0.6003761887550354,-0.038615498691797256,0.7986710667610168,-0.0856364518404007,-0.5944230556488037,-0.09274177253246307,0.7941828966140747,-0.0856364518404007,-0.5944230556488037,-0.09274177253246307,0.7941828966140747,-0.009125893004238605,-0.7700091600418091,-0.06521233916282654,0.6346259117126465,-0.006914225406944752,-0.7702316641807556,-0.06252684444189072,0.6346540451049805,-0.06725970655679703,-0.7673208713531494,-0.012596835382282734,0.637601912021637,-0.06487381458282471,-0.6712510585784912,-0.02184869907796383,0.7380623817443848,-0.06111613288521767,-0.5596304535865784,-0.030845794826745987,0.8259097337722778,-0.00012940721353515983,-0.5603820085525513,0.010411431081593037,0.8281688690185547,-0.00012940721353515983,-0.5603820085525513,0.010411431081593037,0.8281688690185547,-0.0303197018802166,-0.6643556356430054,-0.04011354595422745,0.7457232475280762,-0.030352793633937836,-0.5994323492050171,-0.038583479821681976,0.7989187240600586,0.18527460098266602,-0.5877801775932312,0.12378337979316711,0.7777309417724609,0.3077496290206909,-0.5221793055534363,-0.0469638966023922,0.7939857244491577,0.3000462055206299,-0.6504915356636047,-0.10952834039926529,0.6890839338302612,0.32461971044540405,-0.6404070854187012,-0.1255616992712021,0.6846423149108887,0.32461971044540405,-0.6404070854187012,-0.1255616992712021,0.6846423149108887,-0.024772655218839645,-0.6131159067153931,-0.04518922418355942,0.7883104085922241,-0.1873948574066162,-0.5904874801635742,-0.1711081862449646,0.7661134004592896,-0.32306158542633057,-0.5151544809341431,0.017992593348026276,0.7936771512031555,-0.31969934701919556,-0.6610405445098877,0.09285897761583328,0.6724544167518616,-0.3069583475589752,-0.666283905506134,0.08495587855577469,0.674258828163147,-0.3069583475589752,-0.666283905506134,0.08495587855577469,0.674258828163147,-0.0303197018802166,-0.6643556356430054,-0.04011354595422745,0.7457232475280762
