base_x,base_y,base_z,base_qx,base_qy,base_qz,base_qw,J00_HIP_PITCH_L,J01_HIP_ROLL_L,J02_HIP_YAW_L,J03_KNEE_PITCH_L,J04_ANKLE_PITCH_L,J05_ANKLE_ROLL_L,J06_HIP_PITCH_R,J07_HIP_ROLL_R,J08_HIP_YAW_R,J09_KNEE_PITCH_R,J10_ANKLE_PITCH_R,J11_ANKLE_ROLL_R,J12_WAIST_YAW,J13_SHOULDER_PITCH_L,J14_SHOULDER_ROLL_L,J15_SHOULDER_YAW_L,J16_ELBOW_PITCH_L,J17_ELBOW_YAW_L,J18_SHOULDER_PITCH_R,J19_SHOULDER_ROLL_R,J20_SHOULDER_YAW_R,J21_ELBOW_PITCH_R,J22_ELBOW_YAW_R,J23_HEAD_YAW,base_vx,base_vy,base_vz,base_wx,base_wy,base_wz,dJ00_HIP_PITCH_L,dJ01_HIP_ROLL_L,dJ02_HIP_YAW_L,dJ03_KNEE_PITCH_L,dJ04_ANKLE_PITCH_L,dJ05_ANKLE_ROLL_L,dJ06_HIP_PITCH_R,dJ07_HIP_ROLL_R,dJ08_HIP_YAW_R,dJ09_KNEE_PITCH_R,dJ10_ANKLE_PITCH_R,dJ11_ANKLE_ROLL_R,dJ12_WAIST_YAW,dJ13_SHOULDER_PITCH_L,dJ14_SHOULDER_ROLL_L,dJ15_SHOULDER_YAW_L,dJ16_ELBOW_PITCH_L,dJ17_ELBOW_YAW_L,dJ18_SHOULDER_PITCH_R,dJ19_SHOULDER_ROLL_R,dJ20_SHOULDER_YAW_R,dJ21_ELBOW_PITCH_R,dJ22_ELBOW_YAW_R,dJ23_HEAD_YAW,left_foot_contact,right_foot_contact,base_quat_x,base_quat_y,base_quat_z,base_quat_w,LINK_BASE_qx,LINK_BASE_qy,LINK_BASE_qz,LINK_BASE_qw,LINK_HIP_PITCH_L_qx,LINK_HIP_PITCH_L_qy,LINK_HIP_PITCH_L_qz,LINK_HIP_PITCH_L_qw,LINK_HIP_ROLL_L_qx,LINK_HIP_ROLL_L_qy,LINK_HIP_ROLL_L_qz,LINK_HIP_ROLL_L_qw,LINK_HIP_YAW_L_qx,LINK_HIP_YAW_L_qy,LINK_HIP_YAW_L_qz,LINK_HIP_YAW_L_qw,LINK_KNEE_PITCH_L_qx,LINK_KNEE_PITCH_L_qy,LINK_KNEE_PITCH_L_qz,LINK_KNEE_PITCH_L_qw,LINK_ANKLE_PITCH_L_qx,LINK_ANKLE_PITCH_L_qy,LINK_ANKLE_PITCH_L_qz,LINK_ANKLE_PITCH_L_qw,LINK_ANKLE_ROLL_L_qx,LINK_ANKLE_ROLL_L_qy,LINK_ANKLE_ROLL_L_qz,LINK_ANKLE_ROLL_L_qw,LINK_FOOT_L_qx,LINK_FOOT_L_qy,LINK_FOOT_L_qz,LINK_FOOT_L_qw,LINK_HIP_PITCH_R_qx,LINK_HIP_PITCH_R_qy,LINK_HIP_PITCH_R_qz,LINK_HIP_PITCH_R_qw,LINK_HIP_ROLL_R_qx,LINK_HIP_ROLL_R_qy,LINK_HIP_ROLL_R_qz,LINK_HIP_ROLL_R_qw,LINK_HIP_YAW_R_qx,LINK_HIP_YAW_R_qy,LINK_HIP_YAW_R_qz,LINK_HIP_YAW_R_qw,LINK_KNEE_PITCH_R_qx,LINK_KNEE_PITCH_R_qy,LINK_KNEE_PITCH_R_qz,LINK_KNEE_PITCH_R_qw,LINK_ANKLE_PITCH_R_qx,LINK_ANKLE_PITCH_R_qy,LINK_ANKLE_PITCH_R_qz,LINK_ANKLE_PITCH_R_qw,LINK_ANKLE_ROLL_R_qx,LINK_ANKLE_ROLL_R_qy,LINK_ANKLE_ROLL_R_qz,LINK_ANKLE_ROLL_R_qw,LINK_FOOT_R_qx,LINK_FOOT_R_qy,LINK_FOOT_R_qz,LINK_FOOT_R_qw,LINK_TORSO_YAW_qx,LINK_TORSO_YAW_qy,LINK_TORSO_YAW_qz,LINK_TORSO_YAW_qw,LINK_SHOULDER_PITCH_L_qx,LINK_SHOULDER_PITCH_L_qy,LINK_SHOULDER_PITCH_L_qz,LINK_SHOULDER_PITCH_L_qw,LINK_SHOULDER_ROLL_L_qx,LINK_SHOULDER_ROLL_L_qy,LINK_SHOULDER_ROLL_L_qz,LINK_SHOULDER_ROLL_L_qw,LINK_SHOULDER_YAW_L_qx,LINK_SHOULDER_YAW_L_qy,LINK_SHOULDER_YAW_L_qz,LINK_SHOULDER_YAW_L_qw,LINK_ELBOW_PITCH_L_qx,LINK_ELBOW_PITCH_L_qy,LINK_ELBOW_PITCH_L_qz,LINK_ELBOW_PITCH_L_qw,LINK_ELBOW_YAW_L_qx,LINK_ELBOW_YAW_L_qy,LINK_ELBOW_YAW_L_qz,LINK_ELBOW_YAW_L_qw,LINK_ELBOW_END_L_qx,LINK_ELBOW_END_L_qy,LINK_ELBOW_END_L_qz,LINK_ELBOW_END_L_qw,LINK_SHOULDER_PITCH_R_qx,LINK_SHOULDER_PITCH_R_qy,LINK_SHOULDER_PITCH_R_qz,LINK_SHOULDER_PITCH_R_qw,LINK_SHOULDER_ROLL_R_qx,LINK_SHOULDER_ROLL_R_qy,LINK_SHOULDER_ROLL_R_qz,LINK_SHOULDER_ROLL_R_qw,LINK_SHOULDER_YAW_R_qx,LINK_SHOULDER_YAW_R_qy,LINK_SHOULDER_YAW_R_qz,LINK_SHOULDER_YAW_R_qw,LINK_ELBOW_PITCH_R_qx,LINK_ELBOW_PITCH_R_qy,LINK_ELBOW_PITCH_R_qz,LINK_ELBOW_PITCH_R_qw,LINK_ELBOW_YAW_R_qx,LINK_ELBOW_YAW_R_qy,LINK_ELBOW_YAW_R_qz,LINK_ELBOW_YAW_R_qw,LINK_ELBOW_END_R_qx,LINK_ELBOW_END_R_qy,LINK_ELBOW_END_R_qz,LINK_ELBOW_END_R_qw,LINK_HEAD_YAW_qx,LINK_HEAD_YAW_qy,LINK_HEAD_YAW_qz,LINK_HEAD_YAW_qw
0.007226907182484865,-0.0012054400285705924,0.8114871382713318,0.002323447959497571,0.020159410312771797,-0.00037666739081032574,0.9997940063476562,-0.12102086842060089,-0.014434472657740116,0.07832624763250351,0.29280611872673035,-0.40549251437187195,0.05054500699043274,-0.18155238032341003,-0.07179504632949829,-0.09070006757974625,0.3583556115627289,-0.39107492566108704,0.052690524607896805,0.0,0.02167479693889618,0.2159726619720459,-0.5168116688728333,-0.47097793221473694,-0.060766395181417465,0.0034024135675281286,-0.267180472612381,0.5603921413421631,-0.5439356565475464,0.06318584084510803,0.0,0.10238149017095566,0.05419261381030083,-0.0744938775897026,-0.018514443188905716,-0.03487582504749298,-0.059518471360206604,0.0429631732404232,-0.024109257385134697,0.07952257245779037,0.3308584988117218,-0.78386390209198,0.23951655626296997,0.05670323595404625,-0.0778137817978859,0.021702198311686516,0.23614256083965302,-0.6648480296134949,-0.006025358568876982,0.0,0.13213801383972168,0.08081763237714767,-0.037009116262197495,-0.09737848490476608,-0.09823131561279297,0.008029486052691936,-0.05191146954894066,0.12535572052001953,0.04712998494505882,0.056624334305524826,0.0,0.0,0.0,0.002323447959497571,0.020159410312771797,-0.00037666739081032574,0.9997940063476562,0.002323447959497571,0.020159410312771797,-0.00037666739081032574,0.9997940063476562,0.0026127223391085863,-0.03831474855542183,0.015136770904064178,0.9991476535797119,-0.0045983679592609406,-0.03842299431562424,0.014859852381050587,0.9991405010223389,-0.006099221762269735,-0.038213495165109634,0.0539679192006588,0.9977925419807434,-0.013906847685575485,0.10775390267372131,0.05250082165002823,0.9926930069923401,-0.003050426719710231,-0.094341941177845,0.05422574654221535,0.994057297706604,0.02207018993794918,-0.0929415374994278,0.0565924346446991,0.9938169121742249,0.02207018993794918,-0.0929415374994278,0.0565924346446991,0.9938169121742249,0.0018079124856740236,-0.06741373986005783,-0.024036075919866562,0.9974339008331299,-0.03399096801877022,-0.06650765240192413,-0.026440057903528214,0.9968562126159668,-0.030940931290388107,-0.06798023730516434,-0.07160484045743942,0.9946326613426208,-0.017684126272797585,0.11037211120128632,-0.0759727954864502,0.9908245801925659,-0.03210816904902458,-0.08424226939678192,-0.07108909636735916,0.9933874607086182,-0.0059290011413395405,-0.08608567714691162,-0.06884530186653137,0.9938885569572449,-0.0059290011413395405,-0.08608567714691162,-0.06884530186653137,0.9938885569572449,0.002323447959497571,0.020159410312771797,-0.00037666739081032574,0.9997940063476562,0.002341103507205844,0.030970219522714615,0.0003288199077360332,0.9995175004005432,0.11005204916000366,0.030825261026620865,-0.003010959830135107,0.9934431314468384,0.09858495742082596,0.07381231337785721,-0.25450778007507324,0.9591968059539795,0.03490884602069855,-0.1499742567539215,-0.28444796800613403,0.9462444186210632,0.04604272544384003,-0.14894746243953705,-0.31129056215286255,0.9374395608901978,0.04604272544384003,-0.14894746243953705,-0.31129056215286255,0.9374395608901978,0.0023219306021928787,0.02185712940990925,-0.0004795200366061181,0.9997583031654358,-0.13085980713367462,0.021726252511143684,0.0024359743110835552,0.9911597967147827,-0.119802325963974,0.07420696318149567,0.2736271619796753,0.9514561891555786,-0.04148507118225098,-0.181782066822052,0.3117910325527191,0.9316762685775757,-0.053991999477148056,-0.18070755898952484,0.3390057682991028,0.9216858148574829,-0.053991999477148056,-0.18070755898952484,0.3390057682991028,0.9216858148574829,0.002323447959497571,0.020159410312771797,-0.00037666739081032574,0.9997940063476562
0.00927453711628914,-0.00012158772442489858,0.8099972605705261,0.002150470856577158,0.019809264689683914,-0.000974651426076889,0.9998009204864502,-0.12016160488128662,-0.014916657842695713,0.07991669923067093,0.29942328929901124,-0.4211697936058044,0.055335338413715365,-0.1804183155298233,-0.07335132211446763,-0.09026602357625961,0.36307846307754515,-0.40437188744544983,0.05257001742720604,0.0,0.024317557364702223,0.21758901476860046,-0.517551851272583,-0.47292550206184386,-0.06273102164268493,0.0035630032885819673,-0.2682187020778656,0.5628992557525635,-0.5429930567741394,0.06431832760572434,0.0,0.10238149017095566,0.05419261381030083,-0.0744938775897026,-0.018514443188905716,-0.03487582504749298,-0.059518471360206604,0.0429631732404232,-0.024109257385134697,0.07952257245779037,0.3308584988117218,-0.78386390209198,0.23951655626296997,0.05670323595404625,-0.0778137817978859,0.021702198311686516,0.23614256083965302,-0.6648480296134949,-0.006025358568876982,0.0,0.13213801383972168,0.08081763237714767,-0.037009116262197495,-0.09737848490476608,-0.09823131561279297,0.008029486052691936,-0.05191146954894066,0.12535572052001953,0.04712998494505882,0.056624334305524826,0.0,0.0,0.0,0.002150470856577158,0.019809264689683914,-0.000974651426076889,0.9998009204864502,0.002150470856577158,0.019809264689683914,-0.000974651426076889,0.9998009204864502,0.0023981002159416676,-0.038247060030698776,0.014439927414059639,0.9991610050201416,-0.00505397142842412,-0.038353584706783295,0.014154281467199326,0.9991512298583984,-0.006099221762269735,-0.038213495165109634,0.0539679192006588,0.9977925419807434,-0.0145711749792099,0.11112870275974274,0.05246932432055473,0.992313027381897,-0.0032808976247906685,-0.09875129908323288,0.05435851588845253,0.9936209917068481,0.024207312613725662,-0.09720924496650696,0.05707656964659691,0.9933310747146606,0.024207312613725662,-0.09720924496650696,0.05707656964659691,0.9933310747146606,0.0018079124856740236,-0.06741373986005783,-0.024036075919866562,0.9974339008331299,-0.034979306161403656,-0.066278375685215,-0.026917703449726105,0.9968243837356567,-0.03195333480834961,-0.06778892874717712,-0.07186471670866013,0.9945949912071228,-0.018452836200594902,0.11289285123348236,-0.07645424455404282,0.9904896020889282,-0.033430859446525574,-0.08830800652503967,-0.07118678092956543,0.9929836988449097,-0.0073217181488871574,-0.09014841914176941,-0.06884144246578217,0.9935191869735718,-0.0073217181488871574,-0.09014841914176941,-0.06884144246578217,0.9935191869735718,0.002150470856577158,0.019809264689683914,-0.000974651426076889,0.9998009204864502,0.002177769783884287,0.03193824365735054,-0.00018534139962866902,0.9994875192642212,0.11068925261497498,0.03172895312309265,-0.003652588464319706,0.9933418035507202,0.09895887225866318,0.07490583509206772,-0.25544387102127075,0.958824634552002,0.034767135977745056,-0.1497345268726349,-0.285531222820282,0.9459613561630249,0.04625315219163895,-0.14868488907814026,-0.3132297396659851,0.9368247985839844,0.04625315219163895,-0.14868488907814026,-0.3132297396659851,0.9368247985839844,0.0021500177681446075,0.021587105467915535,-0.001082675065845251,0.9997640252113342,-0.13154546916484833,0.021538257598876953,0.001813344657421112,0.9910745620727539,-0.12043075263500214,0.07444020360708237,0.2741740047931671,0.9512012004852295,-0.04208030551671982,-0.18104159832000732,0.31243494153022766,0.9315780997276306,-0.054787777364254,-0.17993246018886566,0.3401350677013397,0.9213744401931763,-0.054787777364254,-0.17993246018886566,0.3401350677013397,0.9213744401931763,0.002150470856577158,0.019809264689683914,-0.000974651426076889,0.9998009204864502
0.012041027843952178,0.0011543894535861912,0.8083183884620666,0.001937605906277895,0.019405048340559006,-0.001951002748683095,0.9998078346252441,-0.11906259953975677,-0.015439577400684357,0.08187073022127152,0.3081104338169098,-0.4381329298019409,0.06058481633663178,-0.17942612767219543,-0.07523106038570404,-0.08935097306966781,0.3699341416358948,-0.4189479112625122,0.05208325237035751,0.0,0.026295212656259538,0.21983717978000641,-0.5182434439659118,-0.47433695793151853,-0.0650332510471344,0.0029701078310608864,-0.26848270297050475,0.5654896855354309,-0.5400946617126465,0.06514628231525421,0.0,0.12394731342792512,0.05995635837316513,-0.08016370981931686,-0.02135612890124321,-0.03807000368833542,-0.08217583298683168,0.05015542656183243,-0.0253312885761261,0.09042995572090148,0.3929577112197876,-0.8224396109580994,0.25329095125198364,0.05244692862033844,-0.0875176578760147,0.03613239191472531,0.30012737214565277,-0.7032198905944824,-0.017013094108551743,0.0,0.11218486130237579,0.09977199733257294,-0.03555142544209957,-0.08129506707191467,-0.1083594024181366,-0.014575067348778253,-0.028684612363576886,0.12785518169403076,0.10580383762717248,0.04748837351799011,0.0,0.0,0.0,0.001937605906277895,0.019405048340559006,-0.001951002748683095,0.9998078346252441,0.001937605906277895,0.019405048340559006,-0.001951002748683095,0.9998078346252441,0.0021214913576841354,-0.038117025047540665,0.013336737640202045,0.9991821050643921,-0.005591973662376404,-0.03821858763694763,0.013042124919593334,0.9991686344146729,-0.007151160389184952,-0.037957269698381424,0.053921110928058624,0.9977978467941284,-0.015338519588112831,0.11560101807117462,0.052183426916599274,0.9918054342269897,-0.0036338381469249725,-0.10269952565431595,0.05427291989326477,0.9932241439819336,0.02644997276365757,-0.1010090708732605,0.05736266449093819,0.9928781986236572,0.02644997276365757,-0.1010090708732605,0.05736266449093819,0.9928781986236572,0.0013112410670146346,-0.06715139001607895,-0.025294754654169083,0.9974212050437927,-0.03619934618473053,-0.06615176051855087,-0.027802277356386185,0.99676513671875,-0.03320888429880142,-0.06770168989896774,-0.07229071855545044,0.9945288300514221,-0.019344478845596313,0.11636078357696533,-0.0771690309047699,0.9900156259536743,-0.034971315413713455,-0.09205158054828644,-0.07145291566848755,0.9925714135169983,-0.009114119224250317,-0.09388082474470139,-0.06903266906738281,0.9931454658508301,-0.009114119224250317,-0.09388082474470139,-0.06903266906738281,0.9931454658508301,0.001937605906277895,0.019405048340559006,-0.001951002748683095,0.9998078346252441,0.001979301916435361,0.032520540058612823,-0.0011000825325027108,0.9994684457778931,0.11160644888877869,0.032202284783124924,-0.004660566337406635,0.9932196736335754,0.09972058981657028,0.07565102726221085,-0.25670093297958374,0.9583514332771301,0.035006310790777206,-0.14955145120620728,-0.28699108958244324,0.9455395936965942,0.046907249838113785,-0.148463636636734,-0.31568706035614014,0.9360020756721497,0.046907249838113785,-0.148463636636734,-0.31568706035614014,0.9360020756721497,0.0019378639990463853,0.020887060090899467,-0.002041223691776395,0.9997779130935669,-0.13188835978507996,0.02097179926931858,0.0007730115903541446,0.9910424947738647,-0.12082622945308685,0.07422351092100143,0.2743797302246094,0.9511086940765381,-0.042840808629989624,-0.17987409234046936,0.3125910758972168,0.9317171573638916,-0.05567551404237747,-0.17872682213783264,0.34065645933151245,0.9213632941246033,-0.05567551404237747,-0.17872682213783264,0.34065645933151245,0.9213632941246033,0.001937605906277895,0.019405048340559006,-0.001951002748683095,0.9998078346252441
0.016245240159332753,0.002814616204705089,0.8062615275382996,0.001644961885176599,0.01889266073703766,-0.0036840843968093395,0.9998133778572083,-0.11748411059379578,-0.016043965704739094,0.08455191999673843,0.3209375262260437,-0.45766777992248536,0.06675258725881576,-0.1787176936864853,-0.07775772362947464,-0.0874739095568657,0.38105547428131104,-0.4360820591449738,0.05086397156119347,0.0,0.02694265767931938,0.2233489692211151,-0.518837857246399,-0.47467618584632876,-0.06801068633794785,0.000870242016389966,-0.267198246717453,0.5682467460632324,-0.5332846760749816,0.06536517292261124,0.0,0.18864478319883346,0.07724759206175805,-0.09717320650815964,-0.02988118603825569,-0.04765253961086273,-0.15014791786670684,0.0717321865260601,-0.028997382149100304,0.12315210551023484,0.579255348443985,-0.9381667375564575,0.29461413621902466,0.039678006619215014,-0.11662928611040116,0.07942297272384166,0.49208180606365204,-0.8183354735374451,-0.049976300727576015,0.0,0.05232540369033814,0.15663509219884872,-0.031178352981805803,-0.03304481357336045,-0.13874366283416747,-0.0823887275531888,0.04099595919251442,0.13535356521606445,0.2818253956735134,0.020080491155385974,0.0,0.0,0.0,0.001644961885176599,0.01889266073703766,-0.0036840843968093395,0.9998133778572083,0.001644961885176599,0.01889266073703766,-0.0036840843968093395,0.9998133778572083,0.0017209053039550781,-0.03786221891641617,0.011420832946896553,0.9992162585258484,-0.0062947641126811504,-0.03795235976576805,0.011116774752736092,0.9991978406906128,-0.007892949506640434,-0.03765195608139038,0.053336311131715775,0.9978352785110474,-0.016311712563037872,0.12226695567369461,0.05138816311955452,0.99103182554245,-0.00423180079087615,-0.10572804510593414,0.05375203862786293,0.9929322004318237,0.028904393315315247,-0.10387592017650604,0.0572543665766716,0.9925202131271362,0.028904393315315247,-0.10387592017650604,0.0572543665766716,0.9925202131271362,0.0008847073186188936,-0.06732781231403351,-0.026903929188847542,0.9973676800727844,-0.037882693111896515,-0.06623032689094543,-0.029500644654035568,0.9966484904289246,-0.03495071083307266,-0.06782259047031403,-0.07304893434047699,0.9944055676460266,-0.02048180252313614,0.12172204256057739,-0.078349769115448,0.9892550706863403,-0.036948006600141525,-0.09515269100666046,-0.07205747067928314,0.9921635389328003,-0.011705998331308365,-0.09695420414209366,-0.06961538642644882,0.9927822351455688,-0.011705998331308365,-0.09695420414209366,-0.06961538642644882,0.9927822351455688,0.001644961885176599,0.01889266073703766,-0.0036840843968093395,0.9998133778572083,0.0017105676233768463,0.03233138844370842,-0.0028159809298813343,0.9994717836380005,0.11308357119560242,0.031814850866794586,-0.0064012352377176285,0.9930553436279297,0.10125785320997238,0.07569953799247742,-0.2585999071598053,0.9576756358146667,0.03600718453526497,-0.14948135614395142,-0.28920358419418335,0.9448387622833252,0.04844853654503822,-0.14832448959350586,-0.3191794753074646,0.9347603917121887,0.04844853654503822,-0.14832448959350586,-0.3191794753074646,0.9347603917121887,0.001645223586820066,0.019326897338032722,-0.003710550721734762,0.9998050928115845,-0.1315455138683319,0.019648391753435135,-0.0011027257423847914,0.9911148548126221,-0.12075585126876831,0.07310701161623001,0.2739033102989197,0.9513413310050964,-0.04393176734447479,-0.17785218358039856,0.31177109479904175,0.932328999042511,-0.056747160851955414,-0.17666006088256836,0.3399621248245239,0.9219527840614319,-0.056747160851955414,-0.17666006088256836,0.3399621248245239,0.9219527840614319,0.001644961885176599,0.01889266073703766,-0.0036840843968093395,0.9998133778572083
0.021083942055702208,0.005174332950264216,0.8035620331764222,0.0011026629945263267,0.018390988931059837,-0.005096809938549995,0.9998173713684082,-0.11703507602214813,-0.01701681688427925,0.0875457152724266,0.337602299451828,-0.4795676231384277,0.07333905100822449,-0.1802345931529999,-0.08148926198482513,-0.0861864760518074,0.39777528047561644,-0.45529569387435914,0.04891691505908966,0.0,0.023965726792812347,0.23092577755451202,-0.5217478632926941,-0.47979005575180056,-0.0740545392036438,-0.0038344026339473206,-0.26645882725715636,0.5776121258735657,-0.5300440311431884,0.06797468960285187,0.0,0.22924529612064362,0.10399603098630905,-0.1221220389008522,-0.04733662381768226,-0.05016803741455078,-0.15330635011196136,0.04504081159830094,-0.041273298859596255,0.14343764781951904,0.7564849853515625,-1.0476922154426576,0.3209493160247803,-0.03133830428123474,-0.16247940957546234,0.07616426944732665,0.7240208148956299,-0.9190919399261475,-0.0827973060309887,0.0,-0.07635901868343353,0.29754001200199126,-0.09918843917548657,-0.16020064353942873,-0.24086427092552185,-0.18313664197921753,0.04787170886993408,0.3361025810241699,0.23341904282569886,0.08266330566257239,0.0,0.0,0.0,0.0011026629945263267,0.018390988931059837,-0.005096809938549995,0.9998173713684082,0.0011026629945263267,0.018390988931059837,-0.005096809938549995,0.9998173713684082,0.0010911806020885706,-0.03813819959759712,0.009983690455555916,0.999221920967102,-0.007410542573779821,-0.038221314549446106,0.009658637456595898,0.9991952180862427,-0.009076455608010292,-0.03785896301269531,0.05337301269173622,0.9978153705596924,-0.01791476085782051,0.13031265139579773,0.05108051002025604,0.9899942278862,-0.005267554894089699,-0.10853170603513718,0.053884439170360565,0.9926176071166992,0.031125914305448532,-0.10648168623447418,0.05783300846815109,0.9921432733535767,0.031125914305448532,-0.10648168623447418,0.05783300846815109,0.9921432733535767,0.00022586528211832047,-0.06857109069824219,-0.028459593653678894,0.9972403049468994,-0.04039503261446953,-0.06735269725322723,-0.03123161755502224,0.9964219331741333,-0.03745654225349426,-0.06902939826250076,-0.07412844896316528,0.9941513538360596,-0.02206001617014408,0.1287533938884735,-0.08008358627557755,0.988191545009613,-0.03957301005721092,-0.09758885949850082,-0.07302001118659973,0.9917552471160889,-0.015306565910577774,-0.09934484958648682,-0.07061333954334259,0.9924263954162598,-0.015306565910577774,-0.09934484958648682,-0.07061333954334259,0.9924263954162598,0.0011026629945263267,0.018390988931059837,-0.005096809938549995,0.9998173713684082,0.001175416400656104,0.030345533043146133,-0.004329964518547058,0.9995294809341431,0.1163201630115509,0.029641155153512955,-0.007787421345710754,0.9927389621734619,0.10488324612379074,0.07466813921928406,-0.26118534803390503,0.9566642045974731,0.03820161521434784,-0.1525861918926239,-0.292813777923584,0.9431427717208862,0.051862843334674835,-0.15126696228981018,-0.32533836364746094,0.9319783449172974,0.051862843334674835,-0.15126696228981018,-0.32533836364746094,0.9319783449172974,0.0010925610549747944,0.01647784933447838,-0.004977215081453323,0.9998512864112854,-0.1317329853773117,0.016992734745144844,-0.0027437449898570776,0.9911357760429382,-0.12140940129756927,0.07146351039409637,0.27673953771591187,0.9505618810653687,-0.04433246701955795,-0.17772182822227478,0.31450000405311584,0.9314179420471191,-0.05765416845679283,-0.17648912966251373,0.3437768816947937,0.9205135703086853,-0.05765416845679283,-0.17648912966251373,0.3437768816947937,0.9205135703086853,0.0011026629945263267,0.018390988931059837,-0.005096809938549995,0.9998173713684082
0.02623988874256611,0.007883794605731964,0.8005412220954895,0.00043553661089390516,0.01789465919137001,-0.0063493517227470875,0.9998196363449097,-0.11715076863765717,-0.01817389950156212,0.0906958132982254,0.3561859130859375,-0.5026499629020691,0.08013486117124557,-0.18286415934562683,-0.08582323789596558,-0.08519385755062103,0.41729432344436646,-0.4755490720272064,0.046605970710515976,0.0,0.019176607951521873,0.24053509533405304,-0.5258156657218933,-0.48729124665260315,-0.081631600856781,-0.009841436592978425,-0.2659919261932373,0.5902816653251648,-0.528588056564331,0.0717795193195343,0.0,0.25779733061790466,0.1354730725288391,-0.15104053914546967,-0.06925725191831589,-0.0491500161588192,-0.12405795603990555,-0.00578463077545166,-0.05785412713885307,0.1575048863887787,0.9291806221008301,-1.1541168689727783,0.3397904932498932,-0.13147830963134766,-0.2166987806558609,0.049630921334028244,0.9759520888328552,-1.0126688480377197,-0.11554720997810364,0.0,-0.2394559234380722,0.4804658442735672,-0.2033901046961546,-0.3750595152378082,-0.37885305285453796,-0.30035167932510376,0.02334505319595337,0.6334769129753113,0.0727987289428711,0.19024147000163794,0.0,0.0,0.0,0.00043553661089390516,0.01789465919137001,-0.0063493517227470875,0.9998196363449097,0.00043553661089390516,0.01789465919137001,-0.0063493517227470875,0.9998196363449097,0.0003468874783720821,-0.03867955878376961,0.008785928599536419,0.9992129802703857,-0.008732800371944904,-0.038757797330617905,0.008434091694653034,0.9991748929023743,-0.010480805300176144,-0.038322076201438904,0.0537203811109066,0.9977653622627258,-0.019831761717796326,0.13904120028018951,0.0510139986872673,0.9887728691101074,-0.0065221767872571945,-0.11122244596481323,0.054343242198228836,0.9922871589660645,0.033230818808078766,-0.10895636677742004,0.05875483155250549,0.991752028465271,0.033230818808078766,-0.10895636677742004,0.05875483155250549,0.991752028465271,-0.0005491306656040251,-0.07034749537706375,-0.029988376423716545,0.9970715045928955,-0.04332144930958748,-0.06899628043174744,-0.032978568226099014,0.996130108833313,-0.040344011038541794,-0.0707784965634346,-0.07536790519952774,0.9938221573829651,-0.02385757863521576,0.13661347329616547,-0.08209004998207092,0.9869289994239807,-0.04252185672521591,-0.09969180822372437,-0.07416098564863205,0.9913392663002014,-0.0194112379103899,-0.10139276087284088,-0.07181794941425323,0.9920609593391418,-0.0194112379103899,-0.10139276087284088,-0.07181794941425323,0.9920609593391418,0.00043553661089390516,0.01789465919137001,-0.0063493517227470875,0.9998196363449097,0.0005070484476163983,0.027461085468530655,-0.005742952693253756,0.9996062517166138,0.12043397128582001,0.026573695242404938,-0.008996190503239632,0.9923248291015625,0.10954990237951279,0.07309481501579285,-0.2641071379184723,0.9554597735404968,0.04099118337035179,-0.15727202594280243,-0.2971104085445404,0.9409094452857971,0.05620920658111572,-0.15573737025260925,-0.33280280232429504,0.9283472895622253,0.05620920658111572,-0.15573737025260925,-0.33280280232429504,0.9283472895622253,0.00040987873217090964,0.012984205037355423,-0.0060424949042499065,0.9998973608016968,-0.13218437135219574,0.013670803047716618,-0.004267373587936163,0.9911217093467712,-0.12242229282855988,0.06955498456954956,0.28122612833976746,0.9492558836936951,-0.044387247413396835,-0.178534135222435,0.3189977705478668,0.9297288656234741,-0.058476850390434265,-0.17725998163223267,0.3498342037200928,0.9180279970169067,-0.058476850390434265,-0.17725998163223267,0.3498342037200928,0.9180279970169067,0.00043553661089390516,0.01789465919137001,-0.0063493517227470875,0.9998196363449097
0.03507786691188812,0.010943017154932021,0.7961481928825378,-0.0008648314978927374,0.018897440284490585,-0.006833333522081375,0.9997977018356323,-0.12224821746349335,-0.01841575652360916,0.0904112309217453,0.3877809584140778,-0.5253322958946228,0.08742028176784515,-0.18962919116020202,-0.09026333093643188,-0.08378004729747772,0.4474914014339447,-0.4954589486122131,0.043360788375139236,0.0,0.017139269039034843,0.2510031223297119,-0.526801860332489,-0.4971108317375183,-0.08887602835893631,-0.014451919123530388,-0.26711267828941343,0.6017308354377746,-0.5240755796432495,0.0760682463645935,0.0,0.368258261680603,0.14596590101718904,-0.19220708310604095,-0.10584799647331236,0.04102760329842564,-0.07724283635616304,-0.1552373166196048,-0.030397361516952524,0.054464483261108435,1.319523572921753,-1.1421167373657226,0.3544788062572479,-0.25554226040840144,-0.2198822945356369,0.062266676127910606,1.2962931394577026,-1.0023638010025024,-0.1435743451118469,0.0,-0.1569025367498398,0.5062271356582642,-0.11094188094139101,-0.4446113407611847,-0.3688740372657776,-0.2584551453590393,-0.02428453899919985,0.5968658328056335,0.1644937917590141,0.2047583907842636,0.0,0.0,0.0,-0.0008648314978927374,0.018897440284490585,-0.006833333522081375,0.9997977018356323,-0.0008648314978927374,0.018897440284490585,-0.006833333522081375,0.9997977018356323,-0.0009678584756329656,-0.040116261690855026,0.009039641357958317,0.9991536736488342,-0.010167768225073814,-0.04019781947135925,0.008669761940836906,0.9991023540496826,-0.011973798274993896,-0.03969741240143776,0.053810570389032364,0.997689962387085,-0.02211517095565796,0.1532791554927826,0.05047887563705444,0.9866448640823364,-0.008248092606663704,-0.10816636681556702,0.054501600563526154,0.9926034808158875,0.035133615136146545,-0.10568108409643173,0.05916834995150566,0.9920162558555603,0.035133615136146545,-0.10568108409643173,0.05916834995150566,0.9920162558555603,-0.0019502301001921296,-0.07263762503862381,-0.031218668445944786,0.996867835521698,-0.04692297428846359,-0.07115336507558823,-0.03446739912033081,0.9957647323608398,-0.04390312358736992,-0.07305427640676498,-0.0761377289891243,0.9934478998184204,-0.025898955762386322,0.14919397234916687,-0.08401234447956085,0.9848920106887817,-0.04571366682648659,-0.09685827046632767,-0.07507458329200745,0.991409420967102,-0.024210689589381218,-0.09846232831478119,-0.07295440882444382,0.992167592048645,-0.024210689589381218,-0.09846232831478119,-0.07295440882444382,0.992167592048645,-0.0008648314978927374,0.018897440284490585,-0.006833333522081375,0.9997977018356323,-0.0007965663098730147,0.027448048815131187,-0.006301616784185171,0.9996030330657959,0.12433237582445145,0.026441335678100586,-0.009687461890280247,0.9918410181999207,0.11333148926496506,0.07405686378479004,-0.26505163311958313,0.9546828269958496,0.042983412742614746,-0.16067831218242645,-0.2994404435157776,0.9395053386688232,0.059694208204746246,-0.15892891585826874,-0.33817028999328613,0.9256452918052673,0.059694208204746246,-0.15892891585826874,-0.33817028999328613,0.9256452918052673,-0.0009061447926796973,0.011687291786074638,-0.00637128297239542,0.9999110698699951,-0.13404586911201477,0.012431802228093147,-0.004758734721690416,0.9908857345581055,-0.12426112592220306,0.06996522843837738,0.28602561354637146,0.9475513696670532,-0.045609503984451294,-0.17558351159095764,0.3238494098186493,0.928553581237793,-0.06042664498090744,-0.1742265522480011,0.3564900755882263,0.9159196019172668,-0.06042664498090744,-0.1742265522480011,0.3564900755882263,0.9159196019172668,-0.0008648314978927374,0.018897440284490585,-0.006833333522081375,0.9997977018356323
0.04390531927347184,0.013109369389712812,0.7911088824272156,-0.0023137873504310846,0.01999163068830967,-0.007357903756201267,0.9997704029083252,-0.13130307197570804,-0.016433618962764733,0.09285613000392914,0.42670999169349677,-0.5448307275772095,0.09308633357286454,-0.1996660262346268,-0.09325947612524033,-0.08141259253025054,0.48227843046188357,-0.5137778162956238,0.04123653769493103,0.0,0.0165177196264267,0.2625519931316376,-0.5272347450256347,-0.5100359201431275,-0.09771171063184739,-0.01866825968027115,-0.2700795829296112,0.6135401844978332,-0.5217035293579102,0.08189757764339448,0.0,0.44158310890197755,0.12617501318454735,-0.23903988003730778,-0.13916396498680117,0.10669519603252413,-0.04830483868718148,-0.3735946059226993,0.0546269858255984,0.0676553199067714,1.7997718334198003,-1.0385995984077452,0.31568995118141163,-0.43640565872192405,-0.17868620455265033,0.09929984509944922,1.6475523471832278,-0.9477635025978087,-0.12863115668296807,0.0,-0.05939325541257848,0.5558266282081605,-0.03271042928099628,-0.5841443181037905,-0.40995899438858047,-0.2186998605728149,-0.11142217144370092,0.5832638144493103,0.16141103804111465,0.2606544613838197,0.0,0.0,0.0,-0.0023137873504310846,0.01999163068830967,-0.007357903756201267,0.9997704029083252,-0.0023137873504310846,0.01999163068830967,-0.007357903756201267,0.9997704029083252,-0.0024361060932278633,-0.043364837765693665,0.00978674367070198,0.9990084171295166,-0.010645068250596523,-0.04344126209616661,0.009439907968044281,0.9989547729492188,-0.012661941349506378,-0.04290248081088066,0.05579207092523575,0.997439980506897,-0.024255556985735893,0.16926424205303192,0.05183711647987366,0.9839076399803162,-0.009397405199706554,-0.101705402135849,0.05644949898123741,0.9931672811508179,0.03682178631424904,-0.09896630048751831,0.06111310049891472,0.9925296306610107,0.03682178631424904,-0.09896630048751831,0.06111310049891472,0.9925296306610107,-0.003529001260176301,-0.07641838490962982,-0.03288179636001587,0.9965273141860962,-0.04997611790895462,-0.07480254769325256,-0.03640829771757126,0.9952796101570129,-0.046896856278181076,-0.07677251845598221,-0.07688165456056595,0.9929732084274292,-0.027167120948433876,0.1625782996416092,-0.08586691319942474,0.982576847076416,-0.0480954647064209,-0.09240224212408066,-0.07614222168922424,0.991640567779541,-0.02764076367020607,-0.09395246207714081,-0.07422120869159698,0.9924213290214539,-0.02764076367020607,-0.09395246207714081,-0.07422120869159698,0.9924213290214539,-0.0023137873504310846,0.01999163068830967,-0.007357903756201267,0.9997704029083252,-0.0022423521149903536,0.028232775628566742,-0.006859126966446638,0.9995753169059753,0.12862038612365723,0.027089204639196396,-0.010502662509679794,0.9912682175636292,0.11730457097291946,0.07582367211580276,-0.2658246159553528,0.9538489580154419,0.04472076892852783,-0.16472771763801575,-0.3018316924571991,0.9379565715789795,0.0632736086845398,-0.16273128986358643,-0.3442502021789551,0.9225003123283386,0.0632736086845398,-0.16273128986358643,-0.3442502021789551,0.9225003123283386,-0.0023708962835371494,0.010678770951926708,-0.0067487373016774654,0.9999175071716309,-0.13696794211864471,0.011490942910313606,-0.00525016849860549,0.9904950261116028,-0.12700702250003815,0.07102937996387482,0.29091551899909973,0.9456173181533813,-0.047342099249362946,-0.17291614413261414,0.32912880182266235,0.9271100759506226,-0.0631846934556961,-0.17142659425735474,0.3642069399356842,0.9132217168807983,-0.0631846934556961,-0.17142659425735474,0.3642069399356842,0.9132217168807983,-0.0023137873504310846,0.01999163068830967,-0.007357903756201267,0.9997704029083252
0.05271172001957894,0.01348998099565506,0.7847770094871521,-0.004059913568198681,0.02126866579055786,-0.007963658310472965,0.9997338056564331,-0.14827273786067963,-0.010003492236137387,0.10075999200344087,0.48030700087547307,-0.557961356639862,0.09551364779472352,-0.21624646782875062,-0.09336772561073303,-0.07713784873485564,0.5262453615665436,-0.5289146661758423,0.04135415032505989,0.0,0.018727749213576318,0.2762625515460968,-0.5265610098838807,-0.5291720151901245,-0.10972990244627,-0.022096316143870354,-0.2767387926578522,0.6260698914527894,-0.5236123323440551,0.09080811738967896,0.0,0.44063578844070433,0.04581669270992275,-0.29720518290996556,-0.16593038141727448,0.12334274649620057,-0.05512108504772187,-0.7297610998153689,0.25478649381548174,0.31330863330513253,2.459830713272095,-0.7520484447479246,0.16994675993919364,-0.7308679521083834,-0.04873090684413903,0.1851278424263001,2.0606478691101078,-0.8045727014541625,-0.027747321128845176,0.0,0.06802779287099847,0.6531025528907777,0.01708746328949931,-0.8636395990848542,-0.5531718969345094,-0.18322707414627074,-0.277575882524252,0.615679919719696,-0.031227341294288724,0.39930883347988133,0.0,0.0,0.0,-0.004059913568198681,0.02126866579055786,-0.007963658310472965,0.9997338056564331,-0.004059913568198681,0.02126866579055786,-0.007963658310472965,0.9997338056564331,-0.00421126140281558,-0.0502358004450798,0.011520319618284702,0.9986621141433716,-0.0092067401856184,-0.05029025673866272,0.011278715915977955,0.9986286163330078,-0.011739784851670265,-0.049764879047870636,0.061553459614515305,0.9967933297157288,-0.026110654696822166,0.18874818086624146,0.056984998285770416,0.9800229668617249,-0.009392375126481056,-0.0884232148528099,0.061969637870788574,0.9941091537475586,0.03807630017399788,-0.08536148816347122,0.0661129355430603,0.9934247732162476,0.03807630017399788,-0.08536148816347122,0.0661129355430603,0.9934247732162476,-0.005462992936372757,-0.08317854255437851,-0.03540979325771332,0.9958903789520264,-0.05193214863538742,-0.08143539726734161,-0.03925306722521782,0.9945504665374756,-0.04875966161489487,-0.08337545394897461,-0.07757368683815002,0.9922969341278076,-0.026891879737377167,0.1775861531496048,-0.08759622275829315,0.9798301458358765,-0.0488566979765892,-0.08470062911510468,-0.07751717418432236,0.9921843409538269,-0.028332233428955078,-0.08628527820110321,-0.07574956864118576,0.9929824471473694,-0.028332233428955078,-0.08628527820110321,-0.07574956864118576,0.9929824471473694,-0.004059913568198681,0.02126866579055786,-0.007963658310472965,0.9997338056564331,-0.003972466103732586,0.030612938106060028,-0.007414308376610279,0.9994959235191345,0.13368815183639526,0.02929764986038208,-0.011565753258764744,0.9905228018760681,0.12166134268045425,0.07920049875974655,-0.2662564218044281,0.952907919883728,0.045948803424835205,-0.17006519436836243,-0.3043488562107086,0.9361294507980347,0.06704282760620117,-0.16775855422019958,-0.35176217555999756,0.9184910655021667,0.06704282760620117,-0.16775855422019958,-0.35176217555999756,0.9184910655021667,-0.004133102484047413,0.01024707779288292,-0.007223546504974365,0.9999129772186279,-0.14200986921787262,0.011146282777190208,-0.005741694010794163,0.98978590965271,-0.13156825304031372,0.0734020471572876,0.29598918557167053,0.9432350397109985,-0.050096314400434494,-0.17081940174102783,0.33527082204818726,0.9251511096954346,-0.067559614777565,-0.16909609735012054,0.37404927611351013,0.9093565344810486,-0.067559614777565,-0.16909609735012054,0.37404927611351013,0.9093565344810486,-0.004059913568198681,0.02126866579055786,-0.007963658310472965,0.9997338056564331
0.061663018167018885,0.015514026768505572,0.7771646857261658,-0.0064247301779687405,0.022738009691238403,-0.008416233584284782,0.9996854066848755,-0.16934475302696228,-0.0054796447977423675,0.10059037804603577,0.5411468923091888,-0.5595659494400025,0.09395328611135483,-0.23688684403896332,-0.09302903264760971,-0.06643480956554414,0.578334653377533,-0.5334404110908508,0.04310767501592636,0.0,0.02192767709493637,0.2957089960575104,-0.5256180763244629,-0.5584624767303467,-0.12326961904764175,-0.0240923672914505,-0.28724091649055483,0.6389930844306946,-0.5295223951339721,0.1009521722793579,0.0,0.4446669340133667,0.06833360046148299,-0.355007141828537,-0.21167314648628233,0.14078842103481293,-0.047458981722593316,-0.9715537190437317,0.26431794762611394,0.1529888093471528,2.8971368312835692,-0.31075032949447645,0.0017354384064674905,-0.9508200883865356,0.007995798159390681,0.40658602416515344,2.4420172214508056,-0.43850930929183973,0.05495798988267778,0.0,0.14019841998815535,0.857604444026947,0.041762708127498625,-1.2614356637001036,-0.6465552926063537,-0.12844265699386598,-0.44824786782264703,0.6382898688316345,-0.21547792404890054,0.48253240585327145,0.0,0.0,0.0,-0.0064247301779687405,0.022738009691238403,-0.008416233584284782,0.9996854066848755,-0.0064247301779687405,0.022738009691238403,-0.008416233584284782,0.9996854066848755,-0.0065893507562577724,-0.058861225843429565,0.014040300622582436,0.9981458187103271,-0.009324793703854084,-0.05889584869146347,0.013890251517295837,0.9981240034103394,-0.012260664254426956,-0.058354251086711884,0.06405317783355713,0.9961636066436768,-0.028939802199602127,0.21002644300460815,0.058403171598911285,0.9755206108093262,-0.011687671765685081,-0.067527636885643,0.06412127614021301,0.9955862760543823,0.03507538139820099,-0.06444133073091507,0.06725101172924042,0.9950348138809204,0.03507538139820099,-0.06444133073091507,0.06725101172924042,0.9950348138809204,-0.008039027452468872,-0.0917273610830307,-0.03817787021398544,0.9950195550918579,-0.05429667979478836,-0.08985352516174316,-0.042399924248456955,0.9935694932937622,-0.05132526904344559,-0.09159518778324127,-0.07537878304719925,0.9916119575500488,-0.027744363993406296,0.19497105479240417,-0.08694139122962952,0.9765540361404419,-0.04967920109629631,-0.06931239366531372,-0.07655523717403412,0.9934118986129761,-0.028256194666028023,-0.07094462215900421,-0.07506001740694046,0.9942507743835449,-0.028256194666028023,-0.07094462215900421,-0.07506001740694046,0.9942507743835449,-0.0064247301779687405,0.022738009691238403,-0.008416233584284782,0.9996854066848755,-0.006315994076430798,0.033679790794849396,-0.007801129948347807,0.9993822574615479,0.1409774124622345,0.03215644508600235,-0.01270209439098835,0.9894089698791504,0.12800827622413635,0.08374547958374023,-0.26650163531303406,0.9516183733940125,0.047546833753585815,-0.17882615327835083,-0.30785468220710754,0.9332663416862488,0.07176145911216736,-0.17614318430423737,-0.3607334792613983,0.9130691289901733,0.07176145911216736,-0.17614318430423737,-0.3607334792613983,0.9130691289901733,-0.006508346647024155,0.010722959414124489,-0.007581106387078762,0.9998925924301147,-0.14955316483974457,0.011698424816131592,-0.005964385345578194,0.9886665344238281,-0.1381838321685791,0.07751969993114471,0.3012963533401489,0.940274715423584,-0.05405770242214203,-0.16868051886558533,0.3424004316329956,0.922706127166748,-0.07334686815738678,-0.16663217544555664,0.3853469491004944,0.9046334624290466,-0.07334686815738678,-0.16663217544555664,0.3853469491004944,0.9046334624290466,-0.0064247301779687405,0.022738009691238403,-0.008416233584284782,0.9996854066848755
0.07068676501512527,0.01835978962481022,0.768912136554718,-0.009098843671381474,0.024303356185555458,-0.008792162872850895,0.9996245503425598,-0.19246794283390045,-0.0019089370034635067,0.09638402611017227,0.6056082248687744,-0.5554075241088867,0.09039908647537231,-0.25955718755722046,-0.09246686846017838,-0.05251762270927429,0.634485125541687,-0.5326606035232544,0.045679155737161636,0.0,0.025622554123401642,0.3180233836174011,-0.5245405435562134,-0.5928301215171814,-0.1375700980424881,-0.025372415781021118,-0.2996644973754883,0.6521130204200745,-0.5374330878257751,0.1117129847407341,0.0,0.4511873126029968,0.14228813350200653,-0.4126274287700653,-0.2669040858745575,0.15863315761089325,-0.03255770355463028,-1.1561594009399414,0.17853538691997528,-0.21031758189201355,3.223066568374634,0.20792126655578613,-0.17770995944738388,-1.1335171461105347,0.02810820611193776,0.6958592981100082,2.807523488998413,0.03899037837982178,0.12857402814552188,0.0,0.18474383652210236,1.1157193183898926,0.05387663468718529,-1.7183821201324463,-0.715023934841156,-0.06400242447853088,-0.6211789846420288,0.6559967398643494,-0.39553459733724594,0.5380405783653259,0.0,0.0,0.0,-0.009098843671381474,0.024303356185555458,-0.008792162872850895,0.9996245503425598,-0.009098843671381474,0.024303356185555458,-0.008792162872850895,0.9996245503425598,-0.009268363937735558,-0.06835944205522537,0.016952408477663994,0.9974736571311951,-0.010220416821539402,-0.0683755949139595,0.016887152567505836,0.9974643588066101,-0.013502432964742184,-0.06780385226011276,0.06491875648498535,0.9954927563667297,-0.03224676474928856,0.23213481903076172,0.057938821613788605,0.9704208970069885,-0.015127492137253284,-0.04279790446162224,0.06455942988395691,0.9968809485435486,0.02993118017911911,-0.039837129414081573,0.06642728298902512,0.9965463280677795,0.02993118017911911,-0.039837129414081573,0.06642728298902512,0.9965463280677795,-0.010935431346297264,-0.10116375982761383,-0.041063204407691956,0.9939618110656738,-0.056861646473407745,-0.09915784746408463,-0.045694805681705475,0.9923943281173706,-0.05423857271671295,-0.10061661154031754,-0.07173515111207962,0.990852415561676,-0.029154395684599876,0.21349859237670898,-0.08507512509822845,0.9727952480316162,-0.050517674535512924,-0.050061486661434174,-0.07440242171287537,0.9946889281272888,-0.027788197621703148,-0.051747605204582214,-0.07323972880840302,0.9955832362174988,-0.027788197621703148,-0.051747605204582214,-0.07323972880840302,0.9955832362174988,-0.009098843671381474,0.024303356185555458,-0.008792162872850895,0.9996245503425598,-0.008966133929789066,0.037089526653289795,-0.008103669621050358,0.9992388486862183,0.14936891198158264,0.03533846139907837,-0.01387428306043148,0.9880524277687073,0.13534273207187653,0.08886957913637161,-0.2666381001472473,0.9500992894172668,0.0493248775601387,-0.18928003311157227,-0.311822772026062,0.9297885298728943,0.0769416019320488,-0.18617434799671173,-0.3703692555427551,0.9067776799201965,0.0769416019320488,-0.18617434799671173,-0.3703692555427551,0.9067776799201965,-0.009190068580210209,0.0116525674238801,-0.00788000039756298,0.9998587965965271,-0.1583382934331894,0.01269827876240015,-0.00605230825021863,0.9872847199440002,-0.14581482112407684,0.08250323683023453,0.30669495463371277,0.9369468688964844,-0.058619424700737,-0.16651087999343872,0.3500038683414459,0.9199647903442383,-0.07982975989580154,-0.16407877206802368,0.39731845259666443,0.8993571996688843,-0.07982975989580154,-0.16407877206802368,0.39731845259666443,0.8993571996688843,-0.009098843671381474,0.024303356185555458,-0.008792162872850895,0.9996245503425598
0.07869604229927063,0.022498648241162298,0.7588964104652405,-0.012871608138084412,0.026710689067840576,-0.009254378266632557,0.9995175004005432,-0.22771378755569457,-0.0013001177227124573,0.07949605584144592,0.6874150991439819,-0.5439208745956421,0.08079364895820618,-0.2899204194545746,-0.089729043841362,-0.03224914371967316,0.7071438789367676,-0.5233258724212646,0.047982314974069594,0.0,0.03592812865972519,0.35250107049942014,-0.5266855239868165,-0.6507370471954346,-0.15035406053066253,-0.02510327622294426,-0.32233481407165526,0.6728071212768555,-0.5590441465377808,0.12980137765407562,0.0,0.4207532346248627,0.1810810029506683,-0.4655227541923523,-0.3325057506561279,0.20973342359066008,-0.03661491349339485,-1.5198390483856201,0.0896787375211716,-0.5907661139965057,3.7434327125549314,0.4277679413557052,-0.35924709439277647,-1.3643037796020507,0.09337802045047282,0.8863980770111084,3.3027718544006346,0.2956380628049373,0.12052438408136368,0.0,0.3830647617578506,1.4806182622909545,-0.04279875233769413,-2.424560546875,-0.6695284128189087,-0.017526783049106612,-0.9285810947418212,0.8832217216491698,-0.8065455853939055,0.7578679919242858,0.0,0.0,0.0,-0.012871608138084412,0.026710689067840576,-0.009254378266632557,0.9995175004005432,-0.012871608138084412,0.026710689067840576,-0.009254378266632557,0.9995175004005432,-0.013011051341891289,-0.0827588215470314,0.021650783717632294,0.9962495565414429,-0.013658926822245121,-0.08277186751365662,0.02159988321363926,0.9962408542633057,-0.016856692731380463,-0.08218416571617126,0.06117783486843109,0.994594931602478,-0.03634585440158844,0.2577882707118988,0.051846809685230255,0.9641246795654297,-0.021066676825284958,-0.010669298470020294,0.05968927592039108,0.9979377388954163,0.019250523298978806,-0.008230261504650116,0.060174454003572464,0.9979683756828308,0.019250523298978806,-0.008230261504650116,0.060174454003572464,0.9979683756828308,-0.015031457878649235,-0.11352400481700897,-0.044692035764455795,0.992415726184845,-0.059527087956666946,-0.1114087849855423,-0.04972727224230766,0.9907431602478027,-0.057804279029369354,-0.11233416944742203,-0.06570548564195633,0.9898093342781067,-0.03157651424407959,0.23733893036842346,-0.08176252245903015,0.967464804649353,-0.0516684353351593,-0.02100997231900692,-0.0708208829164505,0.9959285259246826,-0.027761589735746384,-0.022700542584061623,-0.07031869143247604,0.9968797564506531,-0.027761589735746384,-0.022700542584061623,-0.07031869143247604,0.9968797564506531,-0.012871608138084412,0.026710689067840576,-0.009254378266632557,0.9995175004005432,-0.012671263888478279,0.04464052617549896,-0.00836926605552435,0.9988877773284912,0.16266560554504395,0.04246164485812187,-0.016151100397109985,0.9856349229812622,0.14628350734710693,0.09937885403633118,-0.26899659633636475,0.9467660784721375,0.04983850568532944,-0.20464637875556946,-0.3205745220184326,0.9235085248947144,0.08113086223602295,-0.20130690932273865,-0.38371336460113525,0.8975841999053955,0.08113086223602295,-0.20130690932273865,-0.38371336460113525,0.8975841999053955,-0.012965448200702667,0.01419820450246334,-0.008305025286972523,0.9997806549072266,-0.1732325553894043,0.015347457490861416,-0.005899670533835888,0.9847438335418701,-0.15829376876354218,0.09205810725688934,0.3152349591255188,0.9311795234680176,-0.06436200439929962,-0.16537010669708252,0.3628242015838623,0.9148053526878357,-0.08887734264135361,-0.16233450174331665,0.4173281192779541,0.8897109627723694,-0.08887734264135361,-0.16233450174331665,0.4173281192779541,0.8897109627723694,-0.012871608138084412,0.026710689067840576,-0.009254378266632557,0.9995175004005432
0.08496464341878891,0.025700869783759118,0.7483603596687317,-0.015964815393090248,0.028371097519993782,-0.010007725097239017,0.9994198083877563,-0.2660678148269653,-0.0015835737576708187,0.059939858317375194,0.7741974115371704,-0.5347137212753296,0.07109112665057182,-0.32212138175964355,-0.08893349468708038,-0.014532236382365234,0.7856890559196472,-0.5147675275802612,0.04844832643866539,0.0,0.047883041203021996,0.3918811500072479,-0.5255198955535889,-0.7208207964897155,-0.16455078721046446,-0.023107655718922617,-0.3511092603206634,0.6927570939064026,-0.5899526000022888,0.1501855194568634,0.0,0.3482435643672944,0.17884380817413334,-0.5163960337638854,-0.3364012748003007,0.19833375215530402,-0.05723702535033223,-1.8555376052856443,0.0036727063357830485,-0.9244452953338622,4.239606571197509,0.5059475421905519,-0.4831843912601471,-1.5732934474945068,0.07862296998500834,0.9368767142295839,3.809530162811279,0.44344493746757513,0.060043524205684755,0.0,0.5647588372230529,1.870955991744995,-0.007930754125118414,-3.2606508255004876,-0.6815809965133667,0.06525140460580578,-1.316639709472656,1.0123811841011048,-1.3594747543334957,0.9732920646667479,0.0,0.0,0.0,-0.015964815393090248,0.028371097519993782,-0.010007725097239017,0.9994198083877563,-0.015964815393090248,0.028371097519993782,-0.010007725097239017,0.9994198083877563,-0.01614171452820301,-0.0993741899728775,0.02645447477698326,0.9945673942565918,-0.016928093507885933,-0.09939750283956528,0.026366129517555237,0.9945544004440308,-0.01978219673037529,-0.09886199980974197,0.056169357150793076,0.9933176636695862,-0.039338141679763794,0.2834433317184448,0.044549360871315,0.957145631313324,-0.026162730529904366,0.02051195502281189,0.05335710197687149,0.9980219602584839,0.009322487749159336,0.022417670115828514,0.052658241242170334,0.9983174800872803,0.009322487749159336,0.022417670115828514,0.052658241242170334,0.9983174800872803,-0.018494177609682083,-0.12747341394424438,-0.04887176677584648,0.9904645681381226,-0.06250234693288803,-0.12517096102237701,-0.05450158938765526,0.988663375377655,-0.06163709983229637,-0.1256093978881836,-0.06169060990214348,0.9882395267486572,-0.03327896445989609,0.262268602848053,-0.08063992112874985,0.961043655872345,-0.05270719528198242,0.008993846364319324,-0.06951722502708435,0.9961466789245605,-0.02856270596385002,0.0073103210888803005,-0.06969216465950012,0.9971327185630798,-0.02856270596385002,0.0073103210888803005,-0.06969216465950012,0.9971327185630798,-0.015964815393090248,0.028371097519993782,-0.010007725097239017,0.9994198083877563,-0.015673786401748657,0.05226530879735947,-0.008889757096767426,0.998470664024353,0.17901286482810974,0.049505289644002914,-0.01897573657333851,0.9824172258377075,0.16036449372768402,0.11020351946353912,-0.2700900435447693,0.9429685473442078,0.05149096995592117,-0.22484305500984192,-0.3302401900291443,0.9152790307998657,0.08727046847343445,-0.22113007307052612,-0.3981570899486542,0.8859776258468628,0.08727046847343445,-0.22113007307052612,-0.3981570899486542,0.8859776258468628,-0.01605699211359024,0.016856523230671883,-0.009100046008825302,0.9996875524520874,-0.19040927290916443,0.01819608546793461,-0.005987841635942459,0.9815178513526917,-0.1727643609046936,0.10263168811798096,0.3228485882282257,0.9248719215393066,-0.0703454241156578,-0.16717125475406647,0.37609463930130005,0.9086573123931885,-0.09880419820547104,-0.16339337825775146,0.4384406805038452,0.878242552280426,-0.09880419820547104,-0.16339337825775146,0.4384406805038452,0.878242552280426,-0.015964815393090248,0.028371097519993782,-0.010007725097239017,0.9994198083877563
0.08775189220905304,0.027029817178845405,0.7367836594581604,-0.017699280753731728,0.028538472950458527,-0.011343616060912609,0.9993715882301331,-0.3106382071971894,-0.0036515806568786515,0.03504720628261565,0.8709306001663208,-0.5300655603408814,0.06119443476200103,-0.3579978048801422,-0.09202249646186829,-0.001918477937579148,0.876007080078125,-0.5077619552612305,0.04524004235863686,0.0,0.06313662976026536,0.44106601476669316,-0.5177330493927002,-0.8152581930160523,-0.18157304227352145,-0.017659073323011396,-0.39209196567535404,0.7112188100814819,-0.6394558429718018,0.1751611590385437,0.0,0.19158270955085746,0.09454648494720455,-0.5632252216339112,-0.21688451766967767,0.06193420588970175,-0.11098894104361537,-2.1352739810943606,-0.07663207724690442,-1.1645856857299806,4.687395858764648,0.3007929205894469,-0.49192202687263487,-1.7386891841888428,-0.0961818128824235,0.7072350978851317,4.33930835723877,0.3735701739788055,-0.10529976636171351,0.0,0.7131992578506471,2.312171292304993,0.29002402573823943,-4.356564807891846,-0.8087297916412355,0.22063468750566254,-1.8660113334655763,0.945409607887268,-2.1962402105331424,1.1799094557762146,0.0,0.0,0.0,-0.017699280753731728,0.028538472950458527,-0.011343616060912609,0.9993715882301331,-0.017699280753731728,0.028538472950458527,-0.011343616060912609,0.9993715882301331,-0.018048200756311417,-0.12042157351970673,0.03146865591406822,0.9920597076416016,-0.019858289510011673,-0.1204812154173851,0.031239096075296402,0.9920251965522766,-0.0218496136367321,-0.12013044953346252,0.048630908131599426,0.9913254976272583,-0.04014022275805473,0.3092631697654724,0.03488371521234512,0.9494883418083191,-0.029592594131827354,0.04975543171167374,0.04417799413204193,0.9973450303077698,0.00093408755492419,0.051106080412864685,0.04269897937774658,0.9977796077728271,0.00093408755492419,0.051106080412864685,0.04269897937774658,0.9977796077728271,-0.0206905547529459,-0.14460648596286774,-0.054155830293893814,0.987789511680603,-0.06610019505023956,-0.1419585794210434,-0.060761354863643646,0.985792338848114,-0.06600980460643768,-0.14200931787490845,-0.061713993549346924,0.9857319593429565,-0.033555928617715836,0.2894708514213562,-0.08393700420856476,0.9529088139533997,-0.053559623658657074,0.04085651785135269,-0.07282328605651855,0.9950672388076782,-0.031038587912917137,0.03920188918709755,-0.07370625436306,0.9960256814956665,-0.031038587912917137,0.03920188918709755,-0.07370625436306,0.9960256814956665,-0.017699280753731728,0.028538472950458527,-0.011343616060912609,0.9993715882301331,-0.017271852120757103,0.06004053354263306,-0.009920626878738403,0.9979971647262573,0.20145317912101746,0.05638638883829117,-0.022894535213708878,0.9776058197021484,0.18072308599948883,0.12165659666061401,-0.26866164803504944,0.9382748603820801,0.055408962070941925,-0.2546366751194,-0.34165850281715393,0.9029726386070251,0.09728974848985672,-0.2502764165401459,-0.414722740650177,0.8694259524345398,0.09728974848985672,-0.2502764165401459,-0.414722740650177,0.8694259524345398,-0.017781153321266174,0.019740527495741844,-0.010635260492563248,0.9995905160903931,-0.21215271949768066,0.021443167701363564,-0.006557898595929146,0.97697913646698,-0.19124145805835724,0.11525506526231766,0.32866761088371277,0.9176713228225708,-0.07681690901517868,-0.1748770922422409,0.39030805230140686,0.9006534814834595,-0.11051003634929657,-0.17011064291000366,0.46187806129455566,0.8634341359138489,-0.11051003634929657,-0.17011064291000366,0.46187806129455566,0.8634341359138489,-0.017699280753731728,0.028538472950458527,-0.011343616060912609,0.9993715882301331
0.08989204317331315,0.028832646086812023,0.7238620162010193,-0.01904398947954178,0.02863728441298008,-0.013452599756419659,0.9993178844451904,-0.36204227209091194,-0.009131703060120355,0.0014325927942990604,0.983223366737366,-0.5292896747589111,0.053552911430597296,-0.3974636316299439,-0.0912733793258667,0.0205823774915189,0.97090140581131,-0.5060776472091675,0.0409955121576786,0.0,0.08355488330125813,0.49491711258888255,-0.490407907962799,-0.9220129132270815,-0.1886815905570984,-0.006793639436364152,-0.4415808260440827,0.7096527934074401,-0.701877248287201,0.1875043570995331,0.0,0.11994950175285335,0.0806638136506081,-0.6191832423210145,-0.15505595803260797,0.011242412775754915,-0.1758592188358308,-2.433529663085938,-0.2057637974619868,-1.506291294097901,5.303446292877198,0.11623978316783876,-0.42717952132225023,-1.9015032291412357,-0.03930651247501345,0.9273007512092597,4.6531901359558105,0.19064067006111107,-0.19150157570838935,0.0,0.9176193118095402,2.59923005104065,0.9754911124706283,-5.0913892745971685,-0.5537015199661248,0.4349346399307255,-2.304319858551026,0.322253811359404,-2.8627068519592296,0.8698086738586417,0.0,0.0,0.0,-0.01904398947954178,0.02863728441298008,-0.013452599756419659,0.9993178844451904,-0.01904398947954178,0.02863728441298008,-0.013452599756419659,0.9993178844451904,-0.0197767224162817,-0.14471609890460968,0.03667093813419342,0.988595724105835,-0.024280551820993423,-0.1448950469493866,0.03594787418842316,0.9884956479072571,-0.024052904918789864,-0.14493349194526672,0.0367068313062191,0.9884677529335022,-0.03795171529054642,0.33885708451271057,0.021175894886255264,0.9398336410522461,-0.031097378581762314,0.08123074471950531,0.03036540001630783,0.9957472085952759,-0.004421793855726719,0.08205118030309677,0.02824937365949154,0.9962178468704224,-0.004421793855726719,0.08205118030309677,0.02824937365949154,0.9962178468704224,-0.022727590054273605,-0.1634732186794281,-0.06059740111231804,0.9844226837158203,-0.06761746108531952,-0.1605452597141266,-0.06797473877668381,0.9823606610298157,-0.06943836063146591,-0.15982110798358917,-0.057890839874744415,0.9829975962638855,-0.03450122848153114,0.3173169195652008,-0.08372300863265991,0.9439862966537476,-0.05436114966869354,0.07088799774646759,-0.07241873443126678,0.9933656454086304,-0.03398633003234863,0.06938650459051132,-0.07381056249141693,0.994274914264679,-0.03398633003234863,0.06938650459051132,-0.07381056249141693,0.994274914264679,-0.01904398947954178,0.02863728441298008,-0.013452599756419659,0.9993178844451904,-0.018372032791376114,0.07031674683094025,-0.011621973477303982,0.9972878694534302,0.22644856572151184,0.06523652374744415,-0.02869057096540928,0.9714124202728271,0.20447781682014465,0.13266518712043762,-0.25982847809791565,0.9343863725662231,0.0628565326333046,-0.2897752523422241,-0.35021650791168213,0.8884974718093872,0.10922802984714508,-0.2846145033836365,-0.4239952564239502,0.8528140783309937,0.10922802984714508,-0.2846145033836365,-0.4239952564239502,0.8528140783309937,-0.019072163850069046,0.025252822786569595,-0.013180039823055267,0.9994122982025146,-0.2374776303768158,0.027552932500839233,-0.007198464125394821,0.9709755182266235,-0.21303653717041016,0.12927556037902832,0.3247765898704529,0.9123724699020386,-0.08661961555480957,-0.18722878396511078,0.398240327835083,0.8937824964523315,-0.12362970411777496,-0.1813119351863861,0.47376763820648193,0.8528692722320557,-0.12362970411777496,-0.1813119351863861,0.47376763820648193,0.8528692722320557,-0.01904398947954178,0.02863728441298008,-0.013452599756419659,0.9993178844451904
0.09170864522457123,0.030872415751218796,0.7102679014205933,-0.02019372582435608,0.028701679781079292,-0.015948062762618065,0.9992567896842957,-0.41686317324638367,-0.016317883040755987,-0.036542998626828194,1.103295922279358,-0.5304499268531799,0.0470389723777771,-0.438724160194397,-0.08860520273447037,0.04802678036503494,1.0680838823318481,-0.5070539712905884,0.03623285889625549,0.0,0.10655546933412552,0.5511013269424438,-0.4533136188983917,-1.0349262952804565,-0.19083328545093536,0.006780220195651054,-0.4953227639198303,0.6980729103088379,-0.7707577347755432,0.193531334400177,0.0,0.09083009511232376,0.10198847949504852,-0.6797056794166565,-0.12207149714231491,0.003404490649700165,-0.24628867208957672,-2.7410449981689453,-0.35930898040533066,-1.8987795114517212,6.003627300262451,-0.05801258981227875,-0.3256969451904297,-2.0630264282226562,0.1334088295698166,1.3722200393676758,4.859123706817627,-0.048816204071044866,-0.23813265562057495,0.0,1.150029182434082,2.8092105388641357,1.8547143638134003,-5.645668983459473,-0.10758471488952637,0.6786929368972778,-2.6870968341827393,-0.57899409532547,-3.444024085998535,0.30134880542755127,0.0,0.0,0.0,-0.02019372582435608,0.028701679781079292,-0.015948062762618065,0.9992567896842957,-0.02019372582435608,0.028701679781079292,-0.015948062762618065,0.9992567896842957,-0.021407127380371094,-0.17056433856487274,0.041949812322854996,0.9842203855514526,-0.029436523094773293,-0.17090092599391937,0.040556807070970535,0.9840129613876343,-0.026309166103601456,-0.1714102178812027,0.022571643814444542,0.984589695930481,-0.0342361219227314,0.370031476020813,0.005435002036392689,0.9283722639083862,-0.03161434829235077,0.11374194175004959,0.014219149947166443,0.9929053783416748,-0.008255134336650372,0.11404487490653992,0.011540312319993973,0.9933742880821228,-0.008255134336650372,0.11404487490653992,0.011540312319993973,0.9933742880821228,-0.02467847429215908,-0.1831594854593277,-0.0676002949476242,0.9804456830024719,-0.06807634979486465,-0.1799858808517456,-0.07564575225114822,0.9783907532691956,-0.07237837463617325,-0.17829939723014832,-0.05213171988725662,0.9799249768257141,-0.03576425835490227,0.3453257083892822,-0.08171452581882477,0.9342343211174011,-0.05511662736535072,0.09996252506971359,-0.07013203948736191,0.9909849166870117,-0.037155456840991974,0.09867565333843231,-0.071931391954422,0.991820752620697,-0.037155456840991974,0.09867565333843231,-0.071931391954422,0.991820752620697,-0.02019372582435608,0.028701679781079292,-0.015948062762618065,0.9992567896842957,-0.019221501424908638,0.08183642476797104,-0.013657395727932453,0.9963667988777161,0.25259196758270264,0.07503332942724228,-0.03540797531604767,0.9640091061592102,0.22980289161205292,0.14337006211280823,-0.24714304506778717,0.9303526282310486,0.07199428975582123,-0.32724180817604065,-0.35694998502731323,0.8719611763954163,0.12200386077165604,-0.3212282359600067,-0.4291764497756958,0.835305392742157,0.12200386077165604,-0.3212282359600067,-0.4291764497756958,0.835305392742157,-0.020145760849118233,0.03207811340689659,-0.01622900366783142,0.9991505146026611,-0.2644602060317993,0.035077694803476334,-0.007870284840464592,0.9637263417243958,-0.23637232184410095,0.1439225822687149,0.31586208939552307,0.9075492024421692,-0.09806714206933975,-0.20186011493206024,0.40294334292411804,0.8872835040092468,-0.13744038343429565,-0.19473548233509064,0.4798382818698883,0.844359815120697,-0.13744038343429565,-0.19473548233509064,0.4798382818698883,0.844359815120697,-0.02019372582435608,0.028701679781079292,-0.015948062762618065,0.9992567896842957
0.0979628548026085,0.031050191447138786,0.6886022686958313,-0.019150385633111,0.03087124228477478,-0.016967173665761948,0.9991958141326904,-0.46298962235450747,-0.02427697330713273,-0.06389252692461017,1.2204549551010133,-0.5301381111145019,0.031432777270674686,-0.47848383188247684,-0.08879140615463257,0.07207184433937075,1.1704604387283326,-0.514488160610199,0.030996850505471223,0.0,0.1325100123882294,0.6213218092918397,-0.3955052196979522,-1.1813771247863771,-0.18163331747055053,0.02698234133422377,-0.5796564579010011,0.668187952041626,-0.8930948257446291,0.19438476860523224,0.0,0.22395832091569917,0.04612866044044489,-0.9218512535095218,0.013972468674183058,0.1293106900993736,-0.16410042345523823,-2.4802114009857172,-0.3824962735176087,-1.5799975395202632,5.916221618652344,-0.01385057047009463,-0.5984646201133731,-2.0180006504058836,0.04777742922306051,1.2702398777008055,5.0149458885192875,-0.24255213961005231,-0.2523333072662354,0.0,1.2386479377746582,3.2302986145019537,2.476137590408326,-6.651792335510255,0.23296511322259938,0.8775407552719119,-3.604849338531495,-1.1281463146209723,-5.047722148895265,0.1461425602436064,0.0,0.0,0.0,-0.019150385633111,0.03087124228477478,-0.016967173665761948,0.9991958141326904,-0.019150385633111,0.03087124228477478,-0.016967173665761948,0.9991958141326904,-0.020575758069753647,-0.19025570154190063,0.04704975336790085,0.980390727519989,-0.03246377408504486,-0.19082531332969666,0.0446845218539238,0.980069100856781,-0.026168962940573692,-0.1917797029018402,0.013393281027674675,0.9809977412223816,-0.02880527265369892,0.4050065875053406,-0.003809544490650296,0.9138519763946533,-0.028796279802918434,0.15145428478717804,0.0038701086305081844,0.9880372285842896,-0.013235995545983315,0.15155017375946045,0.0016842561308294535,0.9883595108985901,-0.013235995545983315,0.15155017375946045,0.0016842561308294535,0.9883595108985901,-0.024404514580965042,-0.19988779723644257,-0.07339034974575043,0.9767614603042603,-0.06773001700639725,-0.19643332064151764,-0.08219031244516373,0.974716067314148,-0.07489011436700821,-0.19385173916816711,-0.04704536497592926,0.9770361185073853,-0.03651826083660126,0.3781113624572754,-0.08070684969425201,0.9215121269226074,-0.05584196001291275,0.13122183084487915,-0.06875326484441757,0.9873882532119751,-0.04052620381116867,0.13013966381549835,-0.07072453200817108,0.9881393313407898,-0.04052620381116867,0.13013966381549835,-0.07072453200817108,0.9881393313407898,-0.019150385633111,0.03087124228477478,-0.016967173665761948,0.9991958141326904,-0.0178498737514019,0.09690532088279724,-0.014032240025699139,0.9950346946716309,0.28714093565940857,0.08786466717720032,-0.04331802576780319,0.9528658390045166,0.265167236328125,0.15359842777252197,-0.2260177731513977,0.9246673583984375,0.08762302994728088,-0.3762361407279968,-0.368752658367157,0.8454526662826538,0.13892562687397003,-0.36939552426338196,-0.4342356324195862,0.8097444772720337,0.13892562687397003,-0.36939552426338196,-0.4342356324195862,0.8097444772720337,-0.018940795212984085,0.044306010007858276,-0.018063034862279892,0.9986751079559326,-0.3035460114479065,0.047571711242198944,-0.004302985966205597,0.9516187906265259,-0.2713317275047302,0.1635492444038391,0.3012544810771942,0.8993755578994751,-0.11125205457210541,-0.23272812366485596,0.4141855835914612,0.8728750348091125,-0.15342916548252106,-0.22449372708797455,0.48926782608032227,0.8286610841751099,-0.15342916548252106,-0.22449372708797455,0.48926782608032227,0.8286610841751099,-0.019150385633111,0.03087124228477478,-0.016967173665761948,0.9991958141326904
0.10403560698032381,0.030804347991943357,0.668178641796112,-0.017438188195228577,0.03261559084057808,-0.017583785578608513,0.9991611838340759,-0.5050592660903931,-0.03396574556827548,-0.08946163654327398,1.334485983848572,-0.5321301937103272,0.013912844285368871,-0.5167672514915467,-0.0889432117342949,0.09691284894943243,1.2767471790313722,-0.5224129438400269,0.028395309299230582,0.0,0.15854076743125922,0.6954756021499635,-0.3253559708595274,-1.3353538751602176,-0.16717208921909327,0.04818175286054616,-0.6798026084899905,0.6234656572341917,-1.0379429101943973,0.19140837788581846,0.0,0.30726674199104304,-0.0038197897374630824,-1.0460214495658873,0.14512505531311062,0.1874431133270262,-0.08597705662250503,-2.184618186950683,-0.4498449325561527,-1.314063739776611,5.764111042022704,-0.05352615807205484,-0.8377218723297123,-1.9436959028244016,-0.008278235048055641,1.2261313438415529,5.236132907867432,-0.38642725348472606,-0.18276639580726572,0.0,1.3000134706497193,3.6290232658386237,3.260645198822024,-7.548318862915041,0.6178361654281627,1.040024733543396,-4.691058063507083,-1.9393678426742582,-6.792183876037602,-0.07222302928567009,0.0,0.0,0.0,-0.017438188195228577,0.03261559084057808,-0.017583785578608513,0.9991611838340759,-0.017438188195228577,0.03261559084057808,-0.017583785578608513,0.9991611838340759,-0.01902238465845585,-0.20843563973903656,0.05177304893732071,0.9764795899391174,-0.035591889172792435,-0.20929376780986786,0.04818068817257881,0.9760163426399231,-0.026119882240891457,-0.21068593859672546,0.004506503231823444,0.9771944284439087,-0.02314230054616928,0.439212441444397,-0.012494765222072601,0.8979982733726501,-0.025625035166740417,0.1876407414674759,-0.005975307896733284,0.9818851947784424,-0.018761415034532547,0.18763232231140137,-0.0071218982338905334,0.98203444480896,-0.018761415034532547,0.18763232231140137,-0.0071218982338905334,0.98203444480896,-0.02336261421442032,-0.2162192016839981,-0.07879574596881866,0.9728795886039734,-0.06659070402383804,-0.2125023454427719,-0.08833056688308716,0.9708791971206665,-0.07689347863197327,-0.20902949571609497,-0.04121877998113632,0.9740098118782043,-0.037304796278476715,0.41253775358200073,-0.07902443408966064,0.9067392945289612,-0.05643640458583832,0.16438183188438416,-0.0667044073343277,0.9825191497802734,-0.04248546436429024,0.16341952979564667,-0.0690532997250557,0.983219563961029,-0.04248546436429024,0.16341952979564667,-0.0690532997250557,0.983219563961029,-0.017438188195228577,0.03261559084057808,-0.017583785578608513,0.9991611838340759,-0.015833916142582893,0.11156395077705383,-0.013921171426773071,0.9935336112976074,0.32365232706069946,0.10007704794406891,-0.05135209485888481,0.9394662380218506,0.304010808467865,0.15980318188667297,-0.19962555170059204,0.917709231376648,0.10745637863874435,-0.42869776487350464,-0.3818979263305664,0.8116806745529175,0.1581953465938568,-0.42115074396133423,-0.43860867619514465,0.7779644131660461,0.1581953465938568,-0.42115074396133423,-0.43860867619514465,0.7779644131660461,-0.017061499878764153,0.0566018670797348,-0.01949363201856613,0.9980607032775879,-0.3488142490386963,0.05974511802196503,0.0008394990582019091,0.9352851510047913,-0.31413745880126953,0.1807907372713089,0.2808082401752472,0.8886951804161072,-0.12891699373722076,-0.27260178327560425,0.4292564392089844,0.8513563871383667,-0.1736016571521759,-0.2631509304046631,0.5003024935722351,0.8064188361167908,-0.1736016571521759,-0.2631509304046631,0.5003024935722351,0.8064188361167908,-0.017438188195228577,0.03261559084057808,-0.017583785578608513,0.9991611838340759
0.10974544435739518,0.029711266234517097,0.6502390265464782,-0.0143883703276515,0.033509641885757446,-0.01739548146724701,0.9991834759712219,-0.5390152990818023,-0.047113882750272756,-0.11146991252899172,1.4422610044479371,-0.5387300729751587,-0.007434564456343662,-0.5520981669425965,-0.08902622163295745,0.12334573715925218,1.390854287147522,-0.5313189148902893,0.03106270246207714,0.0,0.18472394645214082,0.7774960160255433,-0.2305250227451324,-1.5043824672698975,-0.14218834042549133,0.07137575075030328,-0.8115736722946167,0.5490686893463135,-1.2278129816055299,0.18077233731746672,0.0,0.29093557596206665,-0.04194551333785059,-0.9342408895492553,0.2664948612451554,0.11002796292304988,-0.015983453392982447,-1.819505739212036,-0.6055163383483888,-1.1538262844085692,5.482590675354004,-0.2608769902959467,-1.0099582791328432,-1.810833215713501,-0.005182429961860178,1.2977660655975343,5.588049602508545,-0.4305807054042816,0.054335641860962014,0.0,1.30687255859375,3.9830210685729983,4.371321630477906,-8.225651741027832,1.0913495540618898,1.1297810316085817,-6.114179229736329,-3.2747279882431037,-8.818172931671144,-0.4169072367250921,0.0,0.0,0.0,-0.0143883703276515,0.033509641885757446,-0.01739548146724701,0.9991834759712219,-0.0143883703276515,0.033509641885757446,-0.01739548146724701,0.9991834759712219,-0.01603648252785206,-0.22368913888931274,0.05576685070991516,0.9729316830635071,-0.03893858194351196,-0.22494947910308838,0.05043722689151764,0.9722846746444702,-0.02626946195960045,-0.22677893936634064,-0.003785400651395321,0.9735845923423767,-0.017069358378648758,0.47247153520584106,-0.020054427906870842,0.8809524178504944,-0.02180248498916626,0.22099560499191284,-0.01479378156363964,0.9749188423156738,-0.025391800329089165,0.22108590602874756,-0.01381381880491972,0.9748259782791138,-0.025391800329089165,0.22108590602874756,-0.01381381880491972,0.9748259782791138,-0.02079377882182598,-0.231822669506073,-0.0834561288356781,0.9689483642578125,-0.06388977915048599,-0.22787928581237793,-0.09368949383497238,0.9670634269714355,-0.07790114730596542,-0.2235097885131836,-0.03392692655324936,0.9709911346435547,-0.038187138736248016,0.45051953196525574,-0.07606645673513412,0.8887001276016235,-0.05680760368704796,0.20139053463935852,-0.06336669623851776,0.9758069515228271,-0.04164978861808777,0.20038339495658875,-0.06650859862565994,0.9765697717666626,-0.04164978861808777,0.20038339495658875,-0.06650859862565994,0.9765697717666626,-0.0143883703276515,0.033509641885757446,-0.01739548146724701,0.9991834759712219,-0.012534147128462791,0.1254229098558426,-0.012841776013374329,0.9919410943984985,0.3643457889556885,0.11112850904464722,-0.05966797471046448,0.9226822257041931,0.34987175464630127,0.15805143117904663,-0.16294671595096588,0.9088773727416992,0.13568106293678284,-0.48823970556259155,-0.3981112241744995,0.7646700143814087,0.18226440250873566,-0.4803573787212372,-0.4422459900379181,0.7351563572883606,0.18226440250873566,-0.4803573787212372,-0.4422459900379181,0.7351563572883606,-0.013836661353707314,0.06903813034296036,-0.020119788125157356,0.9973152279853821,-0.40637528896331787,0.07124839723110199,0.00911057647317648,0.9108785390853882,-0.3724244236946106,0.19317880272865295,0.2487567514181137,0.8729846477508545,-0.1552850753068924,-0.329935222864151,0.45130133628845215,0.8144669532775879,-0.20186328887939453,-0.3191524147987366,0.5139262080192566,0.770241916179657,-0.20186328887939453,-0.3191524147987366,0.5139262080192566,0.770241916179657,-0.0143883703276515,0.033509641885757446,-0.01739548146724701,0.9991834759712219
0.11498259902000428,0.02679283320903778,0.6311416745185852,-0.009380297735333443,0.03479905426502228,-0.01936533860862255,0.9991626739501953,-0.5663668632507324,-0.0604702651500702,-0.1270736336708069,1.5435172319412231,-0.5541170120239258,-0.026413852907717236,-0.5895349383354187,-0.08944049030542374,0.15137303471565247,1.5053711414337159,-0.5435606718063355,0.03148556500673294,0.0,0.19726274013519288,0.8566498517990113,-0.1256078124046325,-1.655591368675232,-0.1078276067972183,0.09074354320764542,-0.9602074146270753,0.4418398261070251,-1.4253523111343385,0.15588982403278348,0.0,0.27131137251853943,-0.10941462367773061,-0.931712806224823,0.42035049200057995,0.1042450785636902,-0.1263716571033002,-1.4996675014495848,-0.6636541604995727,-0.908277130126953,5.193186855316162,-0.5936057269573214,-0.9963268280029296,-1.8297213315963745,-0.014088257402181633,1.36947660446167,5.717647457122803,-0.545372086763382,0.06603373885154719,0.0,0.8998273611068721,4.015023040771484,5.044134998321534,-7.916838645935059,1.530496907234192,1.044913649559021,-7.094433307647705,-4.7048048973083505,-9.723580360412598,-0.959196197986603,0.0,0.0,0.0,-0.009380297735333443,0.03479905426502228,-0.01936533860862255,0.9991626739501953,-0.009380297735333443,0.03479905426502228,-0.01936533860862255,0.9991626739501953,-0.011749636381864548,-0.23558595776557922,0.05615586042404175,0.9701586365699768,-0.04106207564473152,-0.23716402053833008,0.04896180331707001,0.9693657159805298,-0.0258773285895586,-0.23929932713508606,-0.012675036676228046,0.9705182313919067,-0.009504437446594238,0.5053350329399109,-0.026894958689808846,0.8624516129493713,-0.016550591215491295,0.25015968084335327,-0.023304453119635582,0.9677826166152954,-0.02928677201271057,0.2504822015762329,-0.01983657106757164,0.9674748182296753,-0.02928677201271057,0.2504822015762329,-0.01983657106757164,0.9674748182296753,-0.0170897264033556,-0.24777355790138245,-0.09108459949493408,0.964375376701355,-0.06018441170454025,-0.24345183372497559,-0.1020732969045639,0.9626474976539612,-0.07856456935405731,-0.2382051646709442,-0.029026418924331665,0.967596709728241,-0.03756609186530113,0.48759347200393677,-0.07495871931314468,0.8690353631973267,-0.05629957467317581,0.23640623688697815,-0.06211717054247856,0.9680309295654297,-0.04105179011821747,0.2353992462158203,-0.06582310795783997,0.9687978029251099,-0.04105179011821747,0.2353992462158203,-0.06582310795783997,0.9687978029251099,-0.009380297735333443,0.03479905426502228,-0.01936533860862255,0.9991626739501953,-0.0072115687653422356,0.13288211822509766,-0.01400330476462841,0.99100661277771,0.4050392210483551,0.11498105525970459,-0.06801772117614746,0.9044867157936096,0.39731472730636597,0.14222876727581024,-0.12373215705156326,0.898110568523407,0.16905850172042847,-0.5437831878662109,-0.4197746217250824,0.706758975982666,0.20631322264671326,-0.5365668535232544,-0.4500913619995117,0.6833362579345703,0.20631322264671326,-0.5365668535232544,-0.4500913619995117,0.6833362579345703,-0.008577700704336166,0.07996761798858643,-0.022580258548259735,0.9965048432350159,-0.4678230285644531,0.0812349021434784,0.01745530217885971,0.8799077868461609,-0.4396827816963196,0.1912548840045929,0.20460814237594604,0.8533675670623779,-0.19174955785274506,-0.39167577028274536,0.48166030645370483,0.7601484656333923,-0.23526304960250854,-0.38039886951446533,0.5309001207351685,0.7197868824005127,-0.23526304960250854,-0.38039886951446533,0.5309001207351685,0.7197868824005127,-0.009380297735333443,0.03479905426502228,-0.01936533860862255,0.9991626739501953
0.11998341232538223,0.022961724549531937,0.6114654541015625,-0.0033928032498806715,0.03628489002585411,-0.02241355925798416,0.9990843534469604,-0.5904161930084229,-0.0739307701587677,-0.13947507739067078,1.6415140628814697,-0.5738974809646606,-0.04420908261090517,-0.6280246376991272,-0.09002038836479187,0.18019753694534302,1.6200928688049316,-0.5574703216552734,0.030786162242293358,0.0,0.20297934114933014,0.9343703985214233,-0.015647470951080322,-1.7978904247283936,-0.0687783807516098,0.10819823294878006,-1.1172724962234497,0.31819501519203186,-1.6267262697219849,0.12388407438993454,0.0,0.2500406503677368,-0.1915554329752922,-0.9838109612464905,0.5904490351676941,0.1342783272266388,-0.3269507698714733,-1.202466368675232,-0.6730251908302307,-0.6200721263885498,4.89984130859375,-0.9890234172344208,-0.8897614479064941,-1.9244848489761353,-0.028994901105761528,1.4412250518798828,5.736085891723633,-0.6954824328422546,-0.03497013449668884,0.0,0.285830020904541,3.8860270977020264,5.498016834259033,-7.114952564239502,1.9524612426757812,0.8727344274520874,-7.8532538414001465,-6.182240009307861,-10.068696975708008,-1.6002874970436094,0.0,0.0,0.0,-0.0033928032498806715,0.03628489002585411,-0.02241355925798416,0.9990843534469604,-0.0033928032498806715,0.03628489002585411,-0.02241355925798416,0.9990843534469604,-0.00681254593655467,-0.24579738080501556,0.05474104732275009,0.9677503108978271,-0.04257300868630409,-0.24765253067016602,0.04561972618103027,0.9668374061584473,-0.02521284483373165,-0.25001710653305054,-0.02186138555407524,0.9676662087440491,-0.0011916293296962976,0.5375761389732361,-0.033349476754665375,0.8425546288490295,-0.010581710375845432,0.2771299183368683,-0.03164862096309662,0.9602527618408203,-0.03180334344506264,0.2777617275714874,-0.02551555633544922,0.9597843289375305,-0.03180334344506264,0.2777617275714874,-0.02551555633544922,0.9597843289375305,-0.012814776040613651,-0.2638399302959442,-0.1001754105091095,0.9592649340629578,-0.055963918566703796,-0.25906533002853394,-0.11194543540477753,0.9577167630195618,-0.0790468230843544,-0.252979040145874,-0.025318961590528488,0.963904619216919,-0.036160990595817566,0.5237544775009155,-0.07471166551113129,0.8478158712387085,-0.05532148480415344,0.27027183771133423,-0.06187877804040909,0.9591994881629944,-0.04055047780275345,0.2692873477935791,-0.06603159755468369,0.9599373936653137,-0.04055047780275345,0.2692873477935791,-0.06603159755468369,0.9599373936653137,-0.0033928032498806715,0.03628489002585411,-0.02241355925798416,0.9990843534469604,-0.0008781514479778707,0.13714279234409332,-0.01628543622791767,0.9904170036315918,0.4452749192714691,0.11511194705963135,-0.07630594819784164,0.8846789598464966,0.44439998269081116,0.11901991069316864,-0.08299259096384048,0.8839995265007019,0.20404785871505737,-0.5944089293479919,-0.441987007856369,0.6400703191757202,0.22951515018939972,-0.5891206860542297,-0.45835188031196594,0.6246384382247925,0.22951515018939972,-0.5891206860542297,-0.45835188031196594,0.6246384382247925,-0.002301465719938278,0.09013690054416656,-0.02595602348446846,0.9955884218215942,-0.5296435952186584,0.09019165486097336,0.025765128433704376,0.8430179953575134,-0.5089502334594727,0.1811830997467041,0.15346437692642212,0.8274001479148865,-0.23176322877407074,-0.4526023268699646,0.51261967420578,0.6918511390686035,-0.2697903513908386,-0.44191503524780273,0.5464742183685303,0.6582478284835815,-0.2697903513908386,-0.44191503524780273,0.5464742183685303,0.6582478284835815,-0.0033928032498806715,0.03628489002585411,-0.02241355925798416,0.9990843534469604
0.12307645082473755,0.017864636145532138,0.5857090592384339,0.0012826102320104837,0.03760084509849548,-0.025390375405550003,0.9989694356918335,-0.6075490355491638,-0.0803069308400154,-0.14874700009822844,1.7268083810806274,-0.5978324770927429,-0.057330664992332435,-0.6581390857696533,-0.08372736275196077,0.20313659310340879,1.7251482009887693,-0.5680075407028198,0.034638582170009605,0.0,0.17935898602008823,1.0082151889801023,0.08629014752805216,-1.9100159883499144,-0.046059737354517016,0.09199474006891253,-1.2654583215713497,0.20577538311481497,-1.762312865257263,0.09062491506338125,0.0,0.1928074061870576,-0.2295348167419433,-1.166216158866882,0.511714541912079,0.12595334500074387,-0.3198280453681946,-0.9949717879295352,-0.4604948878288273,-0.526186513900757,4.518765926361085,-1.1136591672897338,-0.7495520472526552,-1.6732273101806645,0.17719278223812546,1.2646616697311404,5.446094036102296,-0.5943095445632937,0.10158453807234741,0.0,-0.5942785739898666,3.769754409790039,5.257334995269776,-6.209747791290285,1.462543749809266,-0.13701097965240305,-7.586876010894776,-5.845484733581544,-8.09507637023926,-1.6378897190093993,0.0,0.0,0.0,0.0012826102320104837,0.03760084509849548,-0.025390375405550003,0.9989694356918335,0.0012826102320104837,0.03760084509849548,-0.025390375405550003,0.9989694356918335,-0.003222915343940258,-0.2528590261936188,0.05272037535905838,0.9660604000091553,-0.041996993124485016,-0.25476527214050293,0.04251239448785782,0.965154767036438,-0.02292904257774353,-0.2571808695793152,-0.029315240681171417,0.9656464457511902,0.007468781433999538,0.5668187141418457,-0.036267757415771484,0.8230100870132446,-0.0035838689655065536,0.29932060837745667,-0.03690795227885246,0.9534318447113037,-0.03087811917066574,0.3002660870552063,-0.02821556106209755,0.9529380798339844,-0.03087811917066574,0.3002660870552063,-0.02821556106209755,0.9529380798339844,-0.009902393445372581,-0.2761286199092865,-0.10801509767770767,0.9549804329872131,-0.04987014830112457,-0.27138465642929077,-0.11945229768753052,0.9537266492843628,-0.07722218334674835,-0.2649465501308441,-0.02215842343866825,0.9609105587005615,-0.0335082933306694,0.5574904680252075,-0.07307512313127518,0.8262817859649658,-0.05263124406337738,0.30363231897354126,-0.060760870575904846,0.9493921399116516,-0.03619459271430969,0.30253514647483826,-0.0660528689622879,0.9501577019691467,-0.03619459271430969,0.30253514647483826,-0.0660528689622879,0.9501577019691467,0.0012826102320104837,0.03760084509849548,-0.025390375405550003,0.9989694356918335,0.003737734630703926,0.12673600018024445,-0.01959446258842945,0.9917358756065369,0.4823412597179413,0.10157079994678497,-0.07811971753835678,0.8665608167648315,0.48566749691963196,0.0771990716457367,-0.04277616739273071,0.8696768283843994,0.23958036303520203,-0.63750159740448,-0.46705856919288635,0.5639586448669434,0.2569754719734192,-0.6333361864089966,-0.4765271842479706,0.5529652833938599,0.2569754719734192,-0.6333361864089966,-0.4765271842479706,0.5529652833938599,0.0023234537802636623,0.08340660482645035,-0.028214607387781143,0.9961134195327759,-0.5871862769126892,0.08420947194099426,0.02635825052857399,0.8046281337738037,-0.5757651329040527,0.147145077586174,0.1065596267580986,0.7971749901771545,-0.27782511711120605,-0.4898727834224701,0.5531195402145386,0.6139190196990967,-0.30621129274368286,-0.48066458106040955,0.5745719075202942,0.5874210596084595,-0.30621129274368286,-0.48066458106040955,0.5745719075202942,0.5874210596084595,0.0012826102320104837,0.03760084509849548,-0.025390375405550003,0.9989694356918335
0.1257551819086075,0.012784411385655406,0.5620183110237121,0.004952889867126942,0.03953622281551361,-0.028873315081000328,0.998788595199585,-0.6243403434753418,-0.0844792440533638,-0.15717534720897675,1.8108346223831175,-0.6189615845680236,-0.06866820156574249,-0.6879200220108032,-0.07602571398019792,0.22376773059368132,1.8274889945983885,-0.5791797757148742,0.03903774470090866,0.0,0.1474024757742882,1.0858656883239746,0.18367257118225092,-2.006543207168579,-0.023592119663953793,0.06572810709476473,-1.3993099451065063,0.09837188422679907,-1.881143832206726,0.053731574118137386,0.0,0.1422226890921593,-0.25434849858284,-1.2258502364158632,0.3988450229167939,0.15946197062730783,-0.3430327355861663,-0.8463960289955139,-0.25269259810447703,-0.43828883767127996,4.226673412322998,-1.112573039531708,-0.6025577187538148,-1.49571692943573,0.3569099426269531,1.0777151942253114,5.171329975128174,-0.545911419391632,0.20902326703071591,0.0,-1.4311022758483882,3.8064105987548826,4.960224914550781,-5.138327598571778,1.1284013271331788,-1.1120687961578364,-6.979264736175538,-5.470497226715088,-6.276660537719727,-1.7719833374023435,0.0,0.0,0.0,0.004952889867126942,0.03953622281551361,-0.028873315081000328,0.998788595199585,0.004952889867126942,0.03953622281551361,-0.028873315081000328,0.998788595199585,-0.0007231268100440502,-0.25906866788864136,0.05044475197792053,0.9645404815673828,-0.04145225137472153,-0.260967880487442,0.039460279047489166,0.9636495113372803,-0.020830124616622925,-0.26341670751571655,-0.036312803626060486,0.9637733697891235,0.01574762538075447,0.5955610275268555,-0.03869485855102539,0.8022229671478271,0.003200872801244259,0.3229391574859619,-0.041670430451631546,0.9454965591430664,-0.02924094907939434,0.32418057322502136,-0.03051368147134781,0.9450507164001465,-0.02924094907939434,0.32418057322502136,-0.03051368147134781,0.9450507164001465,-0.00822767149657011,-0.2876792252063751,-0.11596592515707016,0.9506445527076721,-0.044359300285577774,-0.2830829322338104,-0.12679138779640198,0.9496422410011292,-0.07572498172521591,-0.2763623893260956,-0.019980985671281815,0.957857072353363,-0.030440980568528175,0.5896318554878235,-0.07213902473449707,0.8038680553436279,-0.04977298155426979,0.33552801609039307,-0.06044582650065422,0.9387703537940979,-0.031454212963581085,0.3342823386192322,-0.06701897829771042,0.9395607709884644,-0.031454212963581085,0.3342823386192322,-0.06701897829771042,0.9395607709884644,0.004952889867126942,0.03953622281551361,-0.028873315081000328,0.998788595199585,0.007194514386355877,0.1128091961145401,-0.023833027109503746,0.9933047294616699,0.5193950533866882,0.08438894152641296,-0.07829353213310242,0.8467451930046082,0.5241150259971619,0.03096156381070614,-0.0039250487461686134,0.8510755300521851,0.27479618787765503,-0.6711961627006531,-0.4890550971031189,0.4845697283744812,0.28395015001296997,-0.6687732934951782,-0.49292996525764465,0.47868025302886963,0.28395015001296997,-0.6687732934951782,-0.49292996525764465,0.47868025302886963,0.005771509371697903,0.07227889448404312,-0.030773267149925232,0.9968929290771484,-0.6375460028648376,0.07547332346439362,0.022697141394019127,0.7663705348968506,-0.6331723928451538,0.10824859142303467,0.059075795114040375,0.7641236782073975,-0.32153335213661194,-0.5192011594772339,0.5854910016059875,0.5331478714942932,-0.3387507498264313,-0.5129936933517456,0.5960496068000793,0.5165369510650635,-0.3387507498264313,-0.5129936933517456,0.5960496068000793,0.5165369510650635,0.004952889867126942,0.03953622281551361,-0.028873315081000328,0.998788595199585
0.12760529816150665,0.007737913914024827,0.5424588561058045,0.006612825207412243,0.042711589485406876,-0.033369190990924835,0.9985081553459167,-0.6404485821723938,-0.08424386233091355,-0.16391654312610626,1.892324709892273,-0.6344789147377015,-0.07643764466047287,-0.7170339345932006,-0.06550681889057158,0.23978303074836732,1.9244007110595704,-0.5916220426559449,0.0445303924381733,0.0,0.09877365529537198,1.1711276054382325,0.2719446331262589,-2.071873736381531,-0.001626553386449802,0.019335193932056405,-1.5044931650161744,0.001000651717185913,-1.9664635419845582,0.009569869935512516,0.0,0.10493502616882322,-0.2528307616710663,-1.0399420738220213,0.2177054524421691,0.2766378119587899,-0.4268922328948975,-0.815657913684845,-0.05434633493423452,-0.362367033958435,4.112546634674072,-0.8600430965423582,-0.4419935345649718,-1.4657008647918701,0.48368601799011235,0.87000253200531,4.927021503448486,-0.6030628204345704,0.2582300901412964,0.0,-2.1813561916351323,4.148924541473389,4.550258350372315,-3.7344765663146964,1.1058090448379516,-2.0177514314651495,-5.689186573028564,-5.019045257568359,-4.768654251098631,-2.099059629440308,0.0,0.0,0.0,0.006612825207412243,0.042711589485406876,-0.033369190990924835,0.9985081553459167,0.006612825207412243,0.042711589485406876,-0.033369190990924835,0.9985081553459167,-0.00040343095315620303,-0.2635985314846039,0.04766441136598587,0.9634541273117065,-0.04097367823123932,-0.26537197828292847,0.03652237355709076,0.9625824689865112,-0.019104626029729843,-0.2678355574607849,-0.0424017608165741,0.9623415470123291,0.02326187677681446,0.6239983439445496,-0.04018339142203331,0.7800449132919312,0.009552305564284325,0.3495303690433502,-0.04545220360159874,0.9357733130455017,-0.02619321644306183,0.3510129749774933,-0.032017238438129425,0.935456395149231,-0.02619321644306183,0.3510129749774933,-0.032017238438129425,0.935456395149231,-0.00903128832578659,-0.2978268265724182,-0.12416692078113556,0.9464673399925232,-0.04003063589334488,-0.2936195135116577,-0.13382978737354279,0.9456610679626465,-0.0748981237411499,-0.2867259085178375,-0.019774410873651505,0.9548755884170532,-0.026607144623994827,0.6195054650306702,-0.07273201644420624,0.7811628580093384,-0.046653635799884796,0.36487632989883423,-0.06181987002491951,0.9278291463851929,-0.025999143719673157,0.3634076714515686,-0.0699637308716774,0.9286355972290039,-0.025999143719673157,0.3634076714515686,-0.0699637308716774,0.9286355972290039,0.006612825207412243,0.042711589485406876,-0.033369190990924835,0.9985081553459167,0.008331453427672386,0.09183790534734726,-0.02992713265120983,0.9952893257141113,0.5570517182350159,0.060118842869997025,-0.07530362904071808,0.8248687386512756,0.5590319633483887,-0.023464713245630264,0.03176397085189819,0.8282052278518677,0.3115173578262329,-0.6923149824142456,-0.5094794631004333,0.40507715940475464,0.312040776014328,-0.6920285224914551,-0.5099040865898132,0.40462949872016907,0.312040776014328,-0.6920285224914551,-0.5099040865898132,0.40462949872016907,0.006864411756396294,0.052347905933856964,-0.033926840871572495,0.9980288743972778,-0.6769276261329651,0.06176794692873955,0.010699205100536346,0.7333753108978271,-0.6769183278083801,0.06135856360197067,0.01182620134204626,0.733400821685791,-0.3637102544307709,-0.5386864542961121,0.608432948589325,0.45534712076187134,-0.36656448245048523,-0.5373666882514954,0.6102336645126343,0.45219743251800537,-0.36656448245048523,-0.5373666882514954,0.6102336645126343,0.45219743251800537,0.006612825207412243,0.042711589485406876,-0.033369190990924835,0.9985081553459167
0.12722533643245698,0.004592983145266774,0.5189897060394287,0.006170196924358606,0.04926145821809769,-0.03869161009788513,0.9980171918869019,-0.6653247833251953,-0.0852087065577507,-0.17261359393596648,1.9843065977096557,-0.6454758286476135,-0.08386361002922058,-0.7500761032104492,-0.04597835689783099,0.2595910459756851,2.022388458251953,-0.6039591431617737,0.050299029052257534,0.0,0.03818356245756156,1.26535005569458,0.36562291383743273,-2.1291496753692627,0.009087378811091179,-0.037075453484430844,-1.5953746557235717,-0.10221626833081233,-2.0450214624404905,-0.021402602642774556,0.0,0.025603471696376917,-0.19527785181999216,-1.0952635407447813,0.03635050654411337,0.5231512665748592,-0.49782515168189995,-1.0684507250785824,-0.02423769030719989,-0.3957354128360747,4.389258289337158,-0.6402539730072023,-0.3781678080558777,-1.5735431909561155,0.7962316989898677,0.9145464062690734,4.877866268157959,-0.6189582943916321,0.2829120337963104,0.0,-2.7902790069580075,4.5319116592407225,4.575789451599121,-3.0248885154724126,0.7607292652130133,-2.6201776981353753,-4.830108737945557,-5.043931865692138,-4.063131713867188,-1.8124080181121833,0.0,0.0,0.0,0.006170196924358606,0.04926145821809769,-0.03869161009788513,0.9980171918869019,0.006170196924358606,0.04926145821809769,-0.03869161009788513,0.9980171918869019,-0.0022354996763169765,-0.2687610983848572,0.04586176201701164,0.9621118307113647,-0.043210469186306,-0.2704702317714691,0.03437045216560364,0.9611438512802124,-0.01971675083041191,-0.27319908142089844,-0.04860217124223709,0.9605266451835632,0.030059564858675003,0.6547415256500244,-0.042939238250255585,0.7540332078933716,0.014871641993522644,0.3817861080169678,-0.050264470279216766,0.9227631092071533,-0.02378717064857483,0.3835621476173401,-0.03413061425089836,0.9225775003433228,-0.02378717064857483,0.3835621476173401,-0.03413061425089836,0.9225775003433228,-0.012694956734776497,-0.30671238899230957,-0.132752925157547,0.942413330078125,-0.034386273473501205,-0.30363571643829346,-0.13969650864601135,0.9418640732765198,-0.07346881926059723,-0.2966502904891968,-0.01663544401526451,0.9520105719566345,-0.02502238005399704,0.649320125579834,-0.07116784155368805,0.7567644715309143,-0.045039210468530655,0.394867867231369,-0.060501016676425934,0.9156367182731628,-0.022025009617209435,0.39322322607040405,-0.07047086954116821,0.9164738059043884,-0.022025009617209435,0.39322322607040405,-0.07047086954116821,0.9164738059043884,0.006170196924358606,0.04926145821809769,-0.03869161009788513,0.9980171918869019,0.006825187709182501,0.06826366484165192,-0.03733205422759056,0.9969453811645508,0.5950661897659302,0.03325024992227554,-0.06965190917253494,0.799962043762207,0.589716911315918,-0.08544251322746277,0.06894732266664505,0.8001124858856201,0.34902456402778625,-0.7066569328308105,-0.52655029296875,0.3186889886856079,0.3454006314277649,-0.7077239751815796,-0.526007890701294,0.3211555480957031,0.3454006314277649,-0.7077239751815796,-0.526007890701294,0.3211555480957031,0.0054038772359490395,0.030788589268922806,-0.037598565220832825,0.9988038539886475,-0.7111029624938965,0.04894030839204788,-0.004576483741402626,0.7013677358627319,-0.7127786874771118,0.009357718750834465,-0.03686448931694031,0.70035719871521,-0.4040476679801941,-0.5516985654830933,0.6268520355224609,0.373404324054718,-0.39679157733917236,-0.5545538663864136,0.6247398853302002,0.38042956590652466,-0.39679157733917236,-0.5545538663864136,0.6247398853302002,0.38042956590652466,0.006170196924358606,0.04926145821809769,-0.03869161009788513,0.9980171918869019
0.12573033571243286,0.00239883572794497,0.49356570839881897,0.004675837233662605,0.057494718581438065,-0.04442427679896355,0.9973459839820862,-0.6945849657058716,-0.08677366375923157,-0.18228857219219208,2.0815343856811523,-0.6542125344276428,-0.09111783653497696,-0.7850823998451233,-0.021945111453533173,0.28129541873931885,2.1209142208099365,-0.6162436604499817,0.05620566010475159,0.0,-0.028387166559696198,1.3640527725219727,0.46200430393218994,-2.1823983192443848,0.01417549466714263,-0.09849497326649725,-1.679105281829834,-0.20835602656006813,-2.1201984882354736,-0.04578045383095741,0.0,-0.07475002855062485,-0.10970735549926758,-1.2711998224258423,-0.14511212706565857,0.8343335390090942,-0.5622947812080383,-1.463008999824524,-0.07824785355478525,-0.4837488830089569,4.86138916015625,-0.43683525919914246,-0.3627113103866577,-1.750314712524414,1.2016621828079224,1.0852185487747192,4.926287651062012,-0.6142258048057556,0.29533153772354126,0.0,-3.32853627204895,4.935135364532471,4.8190693855285645,-2.6624319553375244,0.2544057369232178,-3.0709757804870605,-4.186531066894531,-5.306987762451172,-3.7588510513305664,-1.2188924551010132,0.0,0.0,0.0,0.004675837233662605,0.057494718581438065,-0.04442427679896355,0.9973459839820862,0.004675837233662605,0.057494718581438065,-0.04442427679896355,0.9973459839820862,-0.005143364425748587,-0.2742331624031067,0.044546812772750854,0.9606171250343323,-0.04680358245968819,-0.2759072184562683,0.032610513269901276,0.9594900608062744,-0.02149675041437149,-0.2790219783782959,-0.05485584959387779,0.9584755897521973,0.03646134212613106,0.6859034895896912,-0.04628007113933563,0.7253034710884094,0.01965804398059845,0.41649121046066284,-0.055541299283504486,0.9072286486625671,-0.02168041281402111,0.4185885787010193,-0.03651534020900726,0.9071825742721558,-0.02168041281402111,0.4185885787010193,-0.03651534020900726,0.9071825742721558,-0.017787141725420952,-0.31493765115737915,-0.14151829481124878,0.9383338689804077,-0.028081785887479782,-0.3133659064769745,-0.14496538043022156,0.938082218170166,-0.0717335194349289,-0.306334912776947,-0.01202936191111803,0.9491409659385681,-0.024543339386582375,0.6785638928413391,-0.06846917420625687,0.7309313416481018,-0.04415207356214523,0.4249376952648163,-0.05780136212706566,0.902295708656311,-0.018780915066599846,0.42314574122428894,-0.06971891969442368,0.9031800627708435,-0.018780915066599846,0.42314574122428894,-0.06971891969442368,0.9031800627708435,0.004675837233662605,0.057494718581438065,-0.04442427679896355,0.9973459839820862,0.0039948527701199055,0.043365590274333954,-0.04537486657500267,0.998020350933075,0.6322206854820251,0.0050617391243577,-0.06256062537431717,0.7722418904304504,0.6156843304634094,-0.1506398767232895,0.10646873712539673,0.7660971283912659,0.38490208983421326,-0.7137838006019592,-0.5390653014183044,0.2275337278842926,0.37937837839126587,-0.7157041430473328,-0.5387354493141174,0.2315247654914856,0.37937837839126587,-0.7157041430473328,-0.5387354493141174,0.2315247654914856,0.0026653020177036524,0.008410506881773472,-0.04151730611920357,0.9990988373756409,-0.7418937683105469,0.03651968017220497,-0.021464772522449493,0.6691780090332031,-0.7418018579483032,-0.045044831931591034,-0.08595442026853561,0.663560688495636,-0.44146528840065,-0.5589268207550049,0.6401000022888184,0.2880646586418152,-0.426557332277298,-0.5658904314041138,0.6368791460990906,0.30364754796028137,-0.426557332277298,-0.5658904314041138,0.6368791460990906,0.30364754796028137,0.004675837233662605,0.057494718581438065,-0.04442427679896355,0.9973459839820862
0.11783755123615264,0.0018824055790901178,0.47489460110664367,0.00472706463187933,0.06673741340637207,-0.046191588044166565,0.9966896772384644,-0.7401600599288941,-0.09838797748088837,-0.19708978831768037,2.168471574783325,-0.6635816693305969,-0.0943504124879837,-0.8260416269302369,-0.005093097314238529,0.3016728222370148,2.2043370723724367,-0.6084923267364502,0.06651659458875657,0.0,-0.10885614231228838,1.4319057941436768,0.552416741847992,-2.189839267730713,0.025336632877588285,-0.15865652263164526,-1.7147317409515381,-0.33036538362503065,-2.1649593353271483,-0.061322632431983964,0.0,-0.2666835233569147,-0.059375849366188,-1.0686131119728086,-0.03625557124614705,0.8894548296928406,-0.3300099730491636,-1.952456426620484,-0.37972853928804434,-0.6375360012054445,4.552671337127685,-0.4558081328868866,-0.24206179380416856,-1.9289026260375979,0.9862252593040464,1.0454094886779786,4.4732006072998045,-0.013150346279143577,0.42746062278747576,0.0,-3.7454838752746586,4.0096446514129624,4.640000820159912,-1.288201236724852,0.4365964055061342,-3.033236598968506,-2.743406200408934,-5.7830757141113285,-2.8463658332824697,-0.953822326660156,0.0,0.0,0.0,0.00472706463187933,0.06673741340637207,-0.046191588044166565,0.9966896772384644,0.00472706463187933,0.06673741340637207,-0.046191588044166565,0.9966896772384644,-0.005473060999065638,-0.28643298149108887,0.048586055636405945,0.9568519592285156,-0.05250389128923416,-0.2884886860847473,0.0343942865729332,0.9554238319396973,-0.023801326751708984,-0.29227256774902344,-0.05975209176540375,0.9541698098182678,0.04179755598306656,0.7067652940750122,-0.048865336924791336,0.7045197486877441,0.023585576564073563,0.43873167037963867,-0.05982287973165512,0.8963144421577454,-0.018696919083595276,0.4410661458969116,-0.03904252126812935,0.8964300751686096,-0.018696919083595276,0.4410661458969116,-0.03904252126812935,0.8964300751686096,-0.020561158657073975,-0.32480567693710327,-0.1476522535085678,0.9339579343795776,-0.022964000701904297,-0.32445740699768066,-0.1484210193157196,0.9339011907577515,-0.07153462618589401,-0.31733351945877075,-0.0064278170466423035,0.9455903768539429,-0.026641983538866043,0.7003120183944702,-0.06683949381113052,0.7102012634277344,-0.04545095935463905,0.45539069175720215,-0.05579669401049614,0.8873783349990845,-0.01597081869840622,0.4532802104949951,-0.07101166993379593,0.8883914947509766,-0.01597081869840622,0.4532802104949951,-0.07101166993379593,0.8883914947509766,0.00472706463187933,0.06673741340637207,-0.046191588044166565,0.9966896772384644,0.0019208044977858663,0.012542889453470707,-0.049770206212997437,0.9986801147460938,0.6569477319717407,-0.022821618244051933,-0.0451890230178833,0.7522345185279846,0.6246616840362549,-0.21427161991596222,0.14935854077339172,0.7359194755554199,0.42891040444374084,-0.7163749933242798,-0.5274665355682373,0.15691283345222473,0.4191330075263977,-0.7202555537223816,-0.5278979539871216,0.16396155953407288,0.4191330075263977,-0.7202555537223816,-0.5278979539871216,0.16396155953407288,0.0013670391635969281,-0.012321354821324348,-0.04145221784710884,0.9990637302398682,-0.7545093894004822,0.023464860394597054,-0.03660641610622406,0.6548475027084351,-0.7485226988792419,-0.10789717733860016,-0.13517996668815613,0.640155017375946,-0.4781511425971985,-0.572014570236206,0.6322327852249146,0.21083778142929077,-0.45810389518737793,-0.5822175741195679,0.6304949522018433,0.2316027283668518,-0.45810389518737793,-0.5822175741195679,0.6304949522018433,0.2316027283668518,0.00472706463187933,0.06673741340637207,-0.046191588044166565,0.9966896772384644
0.10937117487192152,0.0017769197933375851,0.45531151890754695,0.002980699297040701,0.076421357691288,-0.04683602601289749,0.9959706664085388,-0.7902079820632936,-0.10992476940155031,-0.2126552522182465,2.2514652729034426,-0.671305513381958,-0.09596980661153794,-0.8636419296264649,0.017546842899173576,0.3177267849445343,2.2808423042297363,-0.5977756261825561,0.08351106941699989,0.0,-0.1873690843582155,1.4871171712875366,0.6376799106597902,-2.1947999000549316,0.042977558076381754,-0.22014982700347915,-1.731593346595764,-0.45898027420043974,-2.1947999000549316,-0.08583422601223001,0.0,-0.4118469536304475,-0.013493176549672999,-0.9609145641326906,-0.06494893729686804,0.9576063156127932,-0.10021996200084637,-2.412939500808717,-0.5783900022506714,-0.7629881858825686,4.228554677963256,-0.41909799277782406,-0.11323333382606474,-1.9471935033798211,1.0162384271621716,0.8891669034957878,3.9636139392852767,0.4765276551246649,0.7160528898239149,0.0,-3.9647678852081296,3.0134015321731544,4.3661437034606925,-0.2976379156112666,0.7524504423141493,-3.0480298995971684,-1.2183772802352868,-6.298633575439455,-1.790433883666989,-1.0461913585662859,0.0,0.0,0.0,0.002980699297040701,0.076421357691288,-0.04683602601289749,0.9959706664085388,0.002980699297040701,0.076421357691288,-0.04683602601289749,0.9959706664085388,-0.006968710105866194,-0.3000442385673523,0.05492734909057617,0.9523170590400696,-0.059257958084344864,-0.3026348948478699,0.03831857070326805,0.9504905343055725,-0.02673541009426117,-0.3072294592857361,-0.06274722516536713,0.9491881728172302,0.045167844742536545,0.7244511842727661,-0.05116903781890869,0.685938835144043,0.025790972635149956,0.4580853581428528,-0.06318902969360352,0.886284351348877,-0.016753317788243294,0.4605885148048401,-0.04114855080842972,0.8865011930465698,-0.016753317788243294,0.4605885148048401,-0.04114855080842972,0.8865011930465698,-0.024495210498571396,-0.33291739225387573,-0.15158815681934357,0.9303693175315857,-0.016344282776117325,-0.3342178761959076,-0.14862041175365448,0.9305606484413147,-0.06902483850717545,-0.3274388015270233,0.000458011869341135,0.9423478245735168,-0.029354460537433624,0.7198010087013245,-0.06261137127876282,0.6907275915145874,-0.04653055965900421,0.48449862003326416,-0.05119969695806503,0.8720519542694092,-0.010187416337430477,0.48197147250175476,-0.07156144082546234,0.8732002377510071,-0.010187416337430477,0.48197147250175476,-0.07156144082546234,0.8732002377510071,0.002980699297040701,0.076421357691288,-0.04683602601289749,0.9959706664085388,-0.0018285589758306742,-0.016890045255422592,-0.05266421288251877,0.9984676837921143,0.6745314598083496,-0.047958359122276306,-0.02720087766647339,0.7361843585968018,0.624955415725708,-0.2711584270000458,0.19109560549259186,0.706672728061676,0.4681113064289093,-0.7168673872947693,-0.5081610083580017,0.09351682662963867,0.4517708420753479,-0.7242687344551086,-0.5101733207702637,0.10517164319753647,0.4517708420753479,-0.7242687344551086,-0.5101733207702637,0.10517164319753647,-0.0016034294385463,-0.03325260430574417,-0.039931751787662506,0.9986476898193359,-0.7616264820098877,0.00880240835249424,-0.05112219974398613,0.6459365487098694,-0.7444068193435669,-0.17347481846809387,-0.18567337095737457,0.6174871325492859,-0.5155029296875,-0.5855304598808289,0.6106676459312439,0.13599935173988342,-0.4873233437538147,-0.6013286113739014,0.6115157008171082,0.16422054171562195,-0.4873233437538147,-0.6013286113739014,0.6115157008171082,0.16422054171562195,0.002980699297040701,0.076421357691288,-0.04683602601289749,0.9959706664085388
0.0997576147317886,0.002493322733789685,0.4339044868946075,-0.0023603232111781836,0.08699001371860504,-0.04523707926273346,0.9951789379119873,-0.849201560020447,-0.12130651772022251,-0.22974921166896825,2.3265719890594485,-0.6757387757301331,-0.09436283707618713,-0.894524383544922,0.05176263665780437,0.3251338660717011,2.3435122966766357,-0.581128191947937,0.11387262493371975,0.0,-0.26196996271610284,1.517045259475708,0.7126445412635806,-2.1947999000549316,0.07357805818319331,-0.28430664837360403,-1.710925245285034,-0.6008062243461614,-2.1947999000549316,-0.1282846495509149,0.0,-0.46347023248672503,0.0234918147325517,-1.0429923415184024,-0.3687421172857295,1.0518181920051577,0.12458041012287213,-2.8154938697814953,-0.5714130401611328,-0.8317705035209658,3.8736403465270985,-0.27102182507514905,0.0319530129432683,-1.644890308380126,1.537151777744295,0.5000572681426989,3.3410280227661113,0.7434106528759012,1.3175715208053609,0.0,-3.7887247085571283,1.8756536006927451,3.90270948410034,-0.07440947890281607,1.3356312751770039,-3.167888164520264,0.47045938968659007,-6.893131256103517,-0.4476084709167436,-1.8534387111663844,0.0,0.0,0.0,-0.0023603232111781836,0.08699001371860504,-0.04523707926273346,0.9951789379119873,-0.0023603232111781836,0.08699001371860504,-0.04523707926273346,0.9951789379119873,-0.01079559326171875,-0.31647446751594543,0.06587029993534088,0.9462496042251587,-0.06811782717704773,-0.31991153955459595,0.046522822231054306,0.9438496232032776,-0.030929964035749435,-0.3256252408027649,-0.061945684254169464,0.9429605007171631,0.04465837776660919,0.7366852164268494,-0.05297136306762695,0.672677218914032,0.024572759866714478,0.4720579981803894,-0.06477759033441544,0.8788409233093262,-0.016906848177313805,0.4745873212814331,-0.042446382343769073,0.8790218830108643,-0.016906848177313805,0.4745873212814331,-0.042446382343769073,0.8790218830108643,-0.03075369819998741,-0.3375895321369171,-0.15116114914417267,0.9285675883293152,-0.006725958548486233,-0.3413713574409485,-0.1423332840204239,0.9290648102760315,-0.06190325692296028,-0.3357968330383301,0.009910098277032375,0.9398459792137146,-0.03332231566309929,0.7355351448059082,-0.05326329171657562,0.6745669841766357,-0.04722626134753227,0.5114449262619019,-0.04149169847369194,0.8570135235786438,0.001517079072073102,0.5082862377166748,-0.07070940732955933,0.8582790493965149,0.001517079072073102,0.5082862377166748,-0.07070940732955933,0.8582790493965149,-0.0023603232111781836,0.08699001371860504,-0.04523707926273346,0.9951789379119873,-0.008923335000872612,-0.043505966663360596,-0.05260894447565079,0.9976270794868469,0.6797426342964172,-0.06764224916696548,-0.008131422102451324,0.7302796840667725,0.6132774353027344,-0.31613752245903015,0.23162026703357697,0.6857841610908508,0.5013486742973328,-0.7195702791213989,-0.47825369238853455,0.0462769940495491,0.47365042567253113,-0.733363151550293,-0.4832576811313629,0.0655413493514061,0.47365042567253113,-0.733363151550293,-0.4832576811313629,0.0655413493514061,-0.007916189730167389,-0.05457679554820061,-0.03551699221134186,0.9978463649749756,-0.7584466934204102,-0.009045197628438473,-0.06441232562065125,0.6484811305999756,-0.7230282425880432,-0.2445809692144394,-0.23906728625297546,0.6002142429351807,-0.5571160316467285,-0.6036708950996399,0.5661972761154175,0.06799902021884918,-0.5147380828857422,-0.6297394633293152,0.5716491937637329,0.10812065005302429,-0.5147380828857422,-0.6297394633293152,0.5716491937637329,0.10812065005302429,-0.0023603232111781836,0.08699001371860504,-0.04523707926273346,0.9951789379119873
0.09585852175951004,0.0040150591172277905,0.4183227002620697,-0.010085517540574074,0.09560799598693848,-0.04401619732379913,0.9943943023681641,-0.8833084344863892,-0.12683503627777098,-0.24443505406379698,2.367404508590698,-0.6769555807113647,-0.0961392804980278,-0.909418272972107,0.08024317622184751,0.3235757887363434,2.3750813484191893,-0.5758693218231201,0.13537047803401944,0.0,-0.3380586981773376,1.5120097398757935,0.7680397510528564,-2.1947999000549316,0.11486590653657908,-0.37017146348953234,-1.638638710975647,-0.7137330293655394,-2.1947999000549316,-0.1995086520910262,0.0,-0.3092439830303195,0.059980147331953004,-0.8955942153930667,-0.6195963263511655,0.9730099439620974,0.1903913736343384,-2.203077650070192,-0.39349050521850615,-0.7824544191360475,2.72710967063904,-0.1251693874597551,-0.021153913438319988,-1.0644656896591194,1.5387319803237918,0.10139929652214097,2.2004712581634536,0.49071475267410336,1.2521666526794437,0.0,-3.77467942237854,0.44749605655670344,3.161148834228517,0.0,1.8506453752517695,-3.859080696105956,2.5819578647613497,-6.224322891235353,0.0,-2.9857285022735582,0.0,0.0,0.0,-0.010085517540574074,0.09560799598693848,-0.04401619732379913,0.9943943023681641,-0.010085517540574074,0.09560799598693848,-0.04401619732379913,0.9943943023681641,-0.01666594296693802,-0.3229941725730896,0.07442750036716461,0.9433226585388184,-0.07641433924436569,-0.3270692229270935,0.05380653962492943,0.9403676986694336,-0.0359547883272171,-0.33396655321121216,-0.06123160570859909,0.9399065375328064,0.0431647002696991,0.7442879676818848,-0.05642862245440483,0.6640694737434387,0.0219788309186697,0.4815525412559509,-0.0675603374838829,0.8735328912734985,-0.02001580409705639,0.48424702882766724,-0.04433465003967285,0.8735780715942383,-0.02001580409705639,0.48424702882766724,-0.04433465003967285,0.8735780715942383,-0.03859442472457886,-0.33711618185043335,-0.1482817679643631,0.928911030292511,-0.0012889738427475095,-0.3427380919456482,-0.13465993106365204,0.9297288656234741,-0.05648257955908775,-0.3380427360534668,0.016861096024513245,0.9392829537391663,-0.036793146282434464,0.7447305917739868,-0.04609908536076546,0.6647536754608154,-0.04836830496788025,0.525300145149231,-0.033752817660570145,0.848870575428009,0.009129637852311134,0.5218344330787659,-0.06924636662006378,0.8501826524734497,0.009129637852311134,0.5218344330787659,-0.06924636662006378,0.8501826524734497,-0.010085517540574074,0.09560799598693848,-0.04401619732379913,0.9943943023681641,-0.01828482188284397,-0.07282724231481552,-0.05196846276521683,0.9958218336105347,0.6698541045188904,-0.08880811929702759,0.011987779289484024,0.7370650768280029,0.5882319211959839,-0.34995368123054504,0.2711597681045532,0.6767482161521912,0.5269637107849121,-0.728456974029541,-0.43755701184272766,0.014269096776843071,0.48329728841781616,-0.7514769434928894,-0.44714871048927307,0.04200116917490959,0.48329728841781616,-0.7514769434928894,-0.44714871048927307,0.04200116917490959,-0.016786351799964905,-0.08852853626012802,-0.02964063361287117,0.9954910278320312,-0.7389700412750244,-0.03957800567150116,-0.08383726328611374,0.6673290729522705,-0.6806142330169678,-0.3085363507270813,-0.2960163354873657,0.5949318408966064,-0.5919261574745178,-0.6303689479827881,0.5021083950996399,0.012066814117133617,-0.5232586860656738,-0.6742456555366516,0.5167361497879028,0.06765192002058029,-0.5232586860656738,-0.6742456555366516,0.5167361497879028,0.06765192002058029,-0.010085517540574074,0.09560799598693848,-0.04401619732379913,0.9943943023681641
0.0948166623711586,0.005939462222158909,0.40565353631973267,-0.019001567736268044,0.10324347019195557,-0.04298143461346626,0.9935453534126282,-0.9049719572067261,-0.1294369399547577,-0.2579168379306793,2.3910999298095703,-0.6765641570091248,-0.0996074303984642,-0.916317880153656,0.10585609078407288,0.3175351321697235,2.3910999298095703,-0.5763047337532043,0.15243647992610931,0.0,-0.4148913621902466,1.489492416381836,0.8136502504348755,-2.1947999000549316,0.16149742901325226,-0.46689027547836304,-1.5405429601669312,-0.8122102618217468,-2.1947999000549316,-0.2851194441318512,0.0,-0.05209296941757202,0.09622015058994293,-0.633458137512207,-0.8439810276031494,0.8076916337013245,0.1767076551914215,-1.0831761360168457,-0.13009518384933472,-0.6740891337394714,1.1847708225250244,0.01957118511199951,-0.17340748757123947,-0.3449803590774536,1.2806456089019775,-0.30203279852867126,0.800929069519043,-0.021770596504211426,0.8533000349998474,0.0,-3.8416330814361572,-1.1258662939071655,2.280524969100952,0.0,2.331576108932495,-4.835940361022949,4.904787063598633,-4.923861503601074,0.0,-4.280539512634277,0.0,0.0,0.0,-0.019001567736268044,0.10324347019195557,-0.04298143461346626,0.9935453534126282,-0.019001567736268044,0.10324347019195557,-0.04298143461346626,0.9935453534126282,-0.02355794422328472,-0.3245760202407837,0.08179450780153275,0.9420217871665955,-0.08443228155374527,-0.32918643951416016,0.06063186749815941,0.9385260939598083,-0.04139739274978638,-0.3373110890388489,-0.060567256063222885,0.9385302662849426,0.04118060693144798,0.7495997548103333,-0.06071485951542854,0.6578131318092346,0.018697485327720642,0.48881059885025024,-0.07094039767980576,0.8692997694015503,-0.02460215985774994,0.49173611402511597,-0.04651791974902153,0.8691526651382446,-0.02460215985774994,0.49173611402511597,-0.04651791974902153,0.8691526651382446,-0.047223519533872604,-0.3340485394001007,-0.14416682720184326,0.9302673935890198,0.002056859200820327,-0.34120768308639526,-0.1262926608324051,0.9314629435539246,-0.05191441997885704,-0.33724144101142883,0.02256132662296295,0.9397149085998535,-0.040018174797296524,0.7507274746894836,-0.040033310651779175,0.6581824421882629,-0.04974496737122536,0.5327323079109192,-0.027010343968868256,0.8443886637687683,0.014694977551698685,0.5291289687156677,-0.06749654561281204,0.8457249999046326,0.014694977551698685,0.5291289687156677,-0.06749654561281204,0.8457249999046326,-0.019001567736268044,0.10324347019195557,-0.04298143461346626,0.9935453534126282,-0.028764400631189346,-0.10344360023736954,-0.05100303888320923,0.9929102063179016,0.6518305540084839,-0.11062704026699066,0.03261205181479454,0.7495431900024414,0.5557515025138855,-0.377641886472702,0.3097572922706604,0.6727386713027954,0.5479977130889893,-0.7394279837608337,-0.3909517526626587,-0.010074658319354057,0.4863002598285675,-0.773278534412384,-0.40601760149002075,0.026495736092329025,0.4863002598285675,-0.773278534412384,-0.40601760149002075,0.026495736092329025,-0.02690979838371277,-0.12866486608982086,-0.02299693040549755,0.9910562038421631,-0.7094160318374634,-0.07633210718631744,-0.10609861463308334,0.6925643682479858,-0.624254047870636,-0.3669930696487427,-0.3529193103313446,0.5925123691558838,-0.6200368404388428,-0.6578826308250427,0.4258258640766144,-0.03764469176530838,-0.5200451016426086,-0.7237469553947449,0.45224934816360474,0.03484134003520012,-0.5200451016426086,-0.7237469553947449,0.45224934816360474,0.03484134003520012,-0.019001567736268044,0.10324347019195557,-0.04298143461346626,0.9935453534126282
0.10060847699642182,0.01038960181176663,0.41275933384895325,-0.03453044220805168,0.12019841372966766,-0.04798206686973572,0.9909883737564087,-0.9171361684799194,-0.12592249512672424,-0.27817384600639344,2.3910999298095703,-0.676466989517212,-0.10487775206565858,-0.9278928637504578,0.15292829573154454,0.3161194622516632,2.3910999298095703,-0.5713793396949768,0.16040881872177126,0.0,-0.5134430170059205,1.4252962827682494,0.8040014147758484,-2.1947999000549316,0.18273775279521945,-0.6499319791793825,-1.3632688283920287,-0.7957940340042114,-2.1947999000549316,-0.35690916180610666,0.0,0.15291724577546142,0.17199224233627328,-0.040209364891051536,-1.2535634994506841,1.3840914487838751,-0.15716850161552465,-0.7981967568397519,0.053395271301269726,-0.8773458957672121,0.47390837669372476,0.01074349805712699,-0.22747263312339788,-0.48524160385131854,1.9244242668151863,-0.16328321695327744,0.3203716039657587,0.1390535671263935,0.580490159988403,0.0,-4.493202590942383,-2.376230335235597,0.6227449893951398,0.0,1.5698401212692252,-7.425626754760745,7.280138778686526,-1.4770578384399378,0.0,-3.865907192230224,0.0,0.0,0.0,-0.03453044220805168,0.12019841372966766,-0.04798206686973572,0.9909883737564087,-0.03453044220805168,0.12019841372966766,-0.04798206686973572,0.9909883737564087,-0.0376792848110199,-0.3119749426841736,0.0853319764137268,0.9455000162124634,-0.09709107875823975,-0.316716730594635,0.06551817059516907,0.9412604570388794,-0.052312832325696945,-0.32719361782073975,-0.06562760472297668,0.9412230253219604,0.04188830778002739,0.7558131814002991,-0.07272539287805557,0.6493865251541138,0.015383565798401833,0.49751031398773193,-0.08250449597835541,0.8633886575698853,-0.02988101914525032,0.5011683702468872,-0.05629771202802658,0.8629993796348572,-0.02988101914525032,0.5011683702468872,-0.05629771202802658,0.8629993796348572,-0.06554224342107773,-0.32486051321029663,-0.14268691837787628,0.9326362609863281,0.005947347730398178,-0.3347046971321106,-0.11756736040115356,0.934941291809082,-0.04681271314620972,-0.3314651548862457,0.0310591422021389,0.9417933225631714,-0.046054907143116,0.7547783255577087,-0.03217213228344917,0.6535699367523193,-0.053270578384399414,0.5399962067604065,-0.017894990742206573,0.8397893309593201,0.014171391725540161,0.5368373990058899,-0.06112084165215492,0.8413494825363159,0.014171391725540161,0.5368373990058899,-0.06112084165215492,0.8413494825363159,-0.03453044220805168,0.12019841372966766,-0.04798206686973572,0.9909883737564087,-0.04751579463481903,-0.13542893528938293,-0.05289129912853241,0.9882327318191528,0.6102426052093506,-0.1375209242105484,0.048005033284425735,0.778708815574646,0.509041428565979,-0.38409799337387085,0.33315274119377136,0.6945178508758545,0.5477914214134216,-0.7643847465515137,-0.3400275707244873,-0.004685522057116032,0.47555971145629883,-0.803301215171814,-0.3571416139602661,0.031622644513845444,0.47555971145629883,-0.803301215171814,-0.3571416139602661,0.031622644513845444,-0.045491788536310196,-0.20107857882976532,-0.0136006660759449,0.9784237146377563,-0.652545154094696,-0.14973388612270355,-0.13348403573036194,0.7307166457176208,-0.5469203591346741,-0.40844860672950745,-0.3894662857055664,0.6183558106422424,-0.6196222901344299,-0.7039717435836792,0.3418145477771759,-0.06045592576265335,-0.48570960760116577,-0.7863428592681885,0.3815322518348694,0.013578959740698338,-0.48570960760116577,-0.7863428592681885,0.3815322518348694,0.013578959740698338,-0.03453044220805168,0.12019841372966766,-0.04798206686973572,0.9909883737564087
0.10739424824714662,0.01456594094634057,0.4205618739128113,-0.049073025584220886,0.13915282487869263,-0.05158986151218414,0.9877079725265503,-0.9329290270805359,-0.12106099426746367,-0.2971269726753235,2.3910999298095703,-0.6765114068984985,-0.11003215461969376,-0.9421125769615174,0.19559264481067665,0.3139886975288391,2.3900063037872314,-0.5655561923980713,0.16692152321338655,0.0,-0.6032109737396242,1.3614710330963133,0.7835566639900207,-2.1947999000549316,0.19106197655200954,-0.9015678167343149,-1.1460688591003412,-0.7314735531806942,-2.1947999000549316,-0.3968424797058105,0.0,0.3194094121456148,0.21429295539855953,0.37619212269783037,-1.4525579214096065,1.8930295944213875,-0.31240801811218216,-0.7170699119567878,0.21613390445709257,-0.9737339496612546,0.0,0.0006108279339968881,-0.26003849506378174,-0.658091008663178,2.2213743925094596,-0.09223633706569687,-0.032808777689933996,0.27320228219032305,0.35482788383960695,0.0,-4.664071369171141,-3.1986799240112305,-0.8063192069530509,0.0,0.6745331525802587,-11.209908294677748,10.061481475830085,2.2579388260841466,0.0,-2.633793735504144,0.0,0.0,0.0,-0.049073025584220886,0.13915282487869263,-0.05158986151218414,0.9877079725265503,-0.049073025584220886,0.13915282487869263,-0.05158986151218414,0.9877079725265503,-0.04998527467250824,-0.2990555167198181,0.09024962037801743,0.948642373085022,-0.1072755977511406,-0.30395078659057617,0.07197112590074539,0.9438888430595398,-0.06114574149250984,-0.31649401783943176,-0.06854625046253204,0.9441367387771606,0.04136659950017929,0.7624456286430359,-0.08201337605714798,0.6404993534088135,0.011806858703494072,0.5066969394683838,-0.09109289199113846,0.8572169542312622,-0.035340823233127594,0.5109432935714722,-0.06308142095804214,0.8565680384635925,-0.035340823233127594,0.5109432935714722,-0.06308142095804214,0.8565680384635925,-0.08268141746520996,-0.31475576758384705,-0.14040906727313995,0.9350817203521729,0.00904909148812294,-0.3269079327583313,-0.10908499360084534,0.9386959075927734,-0.04218197986483574,-0.32429802417755127,0.039019156247377396,0.9442082047462463,-0.051772769540548325,0.7592979073524475,-0.024914097040891647,0.6482019424438477,-0.05668123811483383,0.5482767820358276,-0.00948426779359579,0.8343199491500854,0.013062754645943642,0.5455794334411621,-0.05516619607806206,0.836139440536499,0.013062754645943642,0.5455794334411621,-0.05516619607806206,0.836139440536499,-0.049073025584220886,0.13915282487869263,-0.05158986151218414,0.9877079725265503,-0.06469567865133286,-0.1608700156211853,-0.05291689932346344,0.9834303259849548,0.5686699748039246,-0.15849626064300537,0.06002725660800934,0.804916262626648,0.46650680899620056,-0.38280031085014343,0.34832242131233215,0.7172912359237671,0.5417463779449463,-0.7864362001419067,-0.2965993881225586,0.007594611961394548,0.46429067850112915,-0.8271406292915344,-0.31389927864074707,0.04171320050954819,0.46429067850112915,-0.8271406292915344,-0.31389927864074707,0.04171320050954819,-0.062078870832920074,-0.3027808666229248,0.0028632725588977337,0.9510319232940674,-0.5714662075042725,-0.25929033756256104,-0.15156292915344238,0.763690710067749,-0.4469672441482544,-0.4673008322715759,-0.3984885513782501,0.6504284143447876,-0.5854333639144897,-0.7648561000823975,0.25056591629981995,-0.09736350178718567,-0.4281538128852844,-0.8507225513458252,0.30328255891799927,-0.031229423359036446,-0.4281538128852844,-0.8507225513458252,0.30328255891799927,-0.031229423359036446,-0.049073025584220886,0.13915282487869263,-0.05158986151218414,0.9877079725265503
0.11616793274879458,0.018194679170846953,0.42975789904594425,-0.061649251729249954,0.16214874386787415,-0.052431922405958176,0.9834420084953308,-0.9559791803359986,-0.11350538134574888,-0.31347233653068546,2.3910999298095703,-0.6768389940261841,-0.1149547189474106,-0.9616217494010926,0.2294412821531297,0.3104277431964874,2.386725425720215,-0.5579375386238098,0.17051495909690859,0.0,-0.6754115343093875,1.298387551307678,0.7415200829505919,-2.1947999000549316,0.1735540002584457,-1.2903919219970716,-0.8490172147750845,-0.5713445663452144,-2.1947999000549316,-0.3730629980564117,0.0,0.4088654994964602,0.1896509110927581,0.438898950815201,-1.230376243591308,2.2670444011688247,-0.1103743433952325,-1.04364813566208,0.337368938326836,-0.8563845872879025,0.0,-0.012131810653954786,-0.24960577487945554,-0.8961166739463814,1.8246674537658678,-0.15659486055374167,-0.13123511075973543,0.3540000647306445,0.22346080541610674,0.0,-3.873538684844968,-3.1653003692626953,-1.7779515683651004,0.0,-0.4879157781600991,-17.383380126953146,13.654806137084972,6.569321310520187,0.0,0.23328199386597603,0.0,0.0,0.0,-0.061649251729249954,0.16214874386787415,-0.052431922405958176,0.9834420084953308,-0.061649251729249954,0.16214874386787415,-0.052431922405958176,0.9834420084953308,-0.05867239087820053,-0.285635381937027,0.09796193987131119,0.9515112042427063,-0.11254504323005676,-0.29071560502052307,0.08157996833324432,0.9466587901115417,-0.06582799553871155,-0.30473271012306213,-0.0672011449933052,0.947780966758728,0.03839903324842453,0.7701467871665955,-0.08587683737277985,0.6308920383453369,0.007710038684308529,0.5170104503631592,-0.09375392645597458,0.8507943153381348,-0.04117002338171005,0.521546483039856,-0.06388787925243378,0.8498310446739197,-0.04117002338171005,0.521546483039856,-0.06388787925243378,0.8498310446739197,-0.09748492389917374,-0.3029705882072449,-0.13660168647766113,0.9381073713302612,0.010573476552963257,-0.31656312942504883,-0.10110343247652054,0.9431087970733643,-0.038499247282743454,-0.31438779830932617,0.04590579494833946,0.9474021792411804,-0.056858256459236145,0.7648549675941467,-0.018867654725909233,0.6414110660552979,-0.05986863374710083,0.5586631298065186,-0.002486995654180646,0.8272273540496826,0.010785209015011787,0.5564239621162415,-0.05005892366170883,0.8293191194534302,0.010785209015011787,0.5564239621162415,-0.05005892366170883,0.8293191194534302,-0.061649251729249954,0.16214874386787415,-0.052431922405958176,0.9834420084953308,-0.07882136106491089,-0.17348892986774445,-0.04932692274451256,0.9804365038871765,0.5299407839775085,-0.16819451749324799,0.06549198180437088,0.8286037445068359,0.43448805809020996,-0.3675594627857208,0.34836089611053467,0.7448253631591797,0.5262641310691833,-0.8057351112365723,-0.26964277029037476,0.03361016884446144,0.45418351888656616,-0.8422755002975464,-0.28366023302078247,0.06185787543654442,0.45418351888656616,-0.8422755002975464,-0.28366023302078247,0.06185787543654442,-0.07381846010684967,-0.4582616686820984,0.03312999755144119,0.8851267695426941,-0.43609678745269775,-0.43392038345336914,-0.1484307050704956,0.774274468421936,-0.3015885651111603,-0.5566978454589844,-0.35011664032936096,0.6903262138366699,-0.48127907514572144,-0.8492947816848755,0.14549733698368073,-0.16093266010284424,-0.324214905500412,-0.9141125679016113,0.21084719896316528,-0.12176347523927689,-0.324214905500412,-0.9141125679016113,0.21084719896316528,-0.12176347523927689,-0.061649251729249954,0.16214874386787415,-0.052431922405958176,0.9834420084953308
0.12523318529129032,0.021855691820383088,0.43369938135147096,-0.07109729945659637,0.19361695647239685,-0.05117969959974289,0.9771583080291748,-1.0036992669105533,-0.12029456198215491,-0.3324238896369935,2.3910999298095703,-0.6723179340362548,-0.12146982997655872,-0.9985398411750795,0.2540895432233811,0.3085003137588501,2.3726251125335693,-0.5528306245803832,0.1713959604501724,0.0,-0.7186485767364503,1.2493094444274901,0.7201674342155456,-2.1947999000549316,0.1309447735548017,-1.4199999570846558,-0.75,-0.4309295773506159,-2.1947999000549316,-0.27813171148300114,0.0,0.4474312365055085,0.1824051320552826,0.3021649539470662,-0.9317087173461899,2.909536743164066,0.008645138144493449,-1.8926055431366016,-0.052563154697421066,-0.895453834533692,0.0,0.12908004522323704,-0.29390460252761874,-1.4977260947227513,1.4164205312728864,-0.12904196083545652,-0.48862691819668036,0.3055804729461665,0.09829874932765906,0.0,-2.741122341156,-2.7340126991271942,-1.4813110828399618,0.0,-1.6284362554550222,-11.664722442626902,8.911548614501914,7.415028953552242,0.0,3.3235281229019304,0.0,0.0,0.0,-0.07109729945659637,0.19361695647239685,-0.05117969959974289,0.9771583080291748,-0.07109729945659637,0.19361695647239685,-0.05117969959974289,0.9771583080291748,-0.0616866871714592,-0.275442510843277,0.10982769727706909,0.9530289173126221,-0.11886391043663025,-0.28160738945007324,0.09310582280158997,0.9475758075714111,-0.07066670060157776,-0.2974163889884949,-0.0649590790271759,0.9499105215072632,0.034539587795734406,0.7748096585273743,-0.08955714106559753,0.6248652935028076,0.003069324651733041,0.5253211855888367,-0.09595105051994324,0.8454712629318237,-0.04824253171682358,0.5301852226257324,-0.06387092173099518,0.8440952301025391,-0.04824253171682358,0.5301852226257324,-0.06387092173099518,0.8440952301025391,-0.11005634069442749,-0.2907683849334717,-0.13295814394950867,0.9410969614982605,0.010099397972226143,-0.30523574352264404,-0.09512360394001007,0.9474601745605469,-0.03692102059721947,-0.3031625747680664,0.05157141759991646,0.9508257508277893,-0.06163421645760536,0.7677000761032104,-0.014851744286715984,0.6376656293869019,-0.0633532702922821,0.5645330548286438,0.0025279000401496887,0.8229718208312988,0.0073203472420573235,0.5626775622367859,-0.045800935477018356,0.8253742456436157,0.0073203472420573235,0.5626775622367859,-0.045800935477018356,0.8253742456436157,-0.07109729945659637,0.19361695647239685,-0.05117969959974289,0.9771583080291748,-0.08873498439788818,-0.16325101256370544,-0.04445330798625946,0.9815798997879028,0.5020192861557007,-0.15832245349884033,0.059711478650569916,0.848142147064209,0.41540300846099854,-0.34354591369628906,0.3429708778858185,0.7692773342132568,0.51137375831604,-0.8175606727600098,-0.2564561665058136,0.06574095040559769,0.4562227725982666,-0.8448888063430786,-0.26575708389282227,0.08600614964962006,0.4562227725982666,-0.8448888063430786,-0.26575708389282227,0.08600614964962006,-0.07928773015737534,-0.4859462380409241,0.04743369296193123,0.8690913915634155,-0.39210212230682373,-0.46955031156539917,-0.13385134935379028,0.7796552181243896,-0.28400012850761414,-0.5529209971427917,-0.29148179292678833,0.72709059715271,-0.4210551381111145,-0.8813546895980835,0.15867018699645996,-0.14405065774917603,-0.3009035289287567,-0.9230107069015503,0.20858091115951538,-0.11833132803440094,-0.3009035289287567,-0.9230107069015503,0.20858091115951538,-0.11833132803440094,-0.07109729945659637,0.19361695647239685,-0.05117969959974289,0.9771583080291748
0.13444422185420996,0.025532841682434103,0.4350135922431946,-0.0789114311337471,0.2291286438703537,-0.04883343726396561,0.9689624905586243,-1.0637543201446538,-0.13425613939762138,-0.3526785373687745,2.3910999298095703,-0.6653725504875182,-0.12878121435642245,-1.0441623926162722,0.2741376161575318,0.30738964676856995,2.3531150817871094,-0.5489795804023743,0.1709207445383073,0.0,-0.7474038600921632,1.2072340250015259,0.7091567516326904,-2.1947999000549316,0.07578492164611803,-1.4199999570846558,-0.7499999999999993,-0.3003715872764584,-2.194799900054931,-0.14762452244758548,0.0,0.4605517983436582,0.18385748565196997,0.06571054458618086,-0.5947982668876621,3.6862678527832045,0.08615750074386903,-3.0027525424957306,-0.6980788111686752,-1.0127323865890505,-8.631477490758136e-16,0.34726914763450806,-0.36556920409202515,-2.281127452850342,1.0024036169052102,-0.055533345788717776,-0.9755014777183539,0.19255219399929105,-0.023760793730613523,0.0,-1.437764048576354,-2.1037709712982116,-0.5505341291427599,0.0,-2.7579925060272164,0.0,1.9984012855066045e-14,6.527899265289294,9.472421594610658e-15,6.525359153747555,0.0,0.0,0.0,-0.0789114311337471,0.2291286438703537,-0.04883343726396561,0.9689624905586243,-0.0789114311337471,0.2291286438703537,-0.04883343726396561,0.9689624905586243,-0.06185688450932503,-0.26683294773101807,0.12375560402870178,0.9537600874900818,-0.12569357454776764,-0.274533212184906,0.10557833313941956,0.9474628567695618,-0.07558389753103256,-0.292325884103775,-0.062269289046525955,0.9512913227081299,0.030234796926379204,0.7779600024223328,-0.09314636886119843,0.6206350326538086,-0.0018430630443617702,0.5326142907142639,-0.09791319072246552,0.8406733274459839,-0.05593331158161163,0.5378108620643616,-0.06343861669301987,0.838812530040741,-0.05593331158161163,0.5378108620643616,-0.06343861669301987,0.838812530040741,-0.12149526923894882,-0.2783225476741791,-0.12938010692596436,0.9439471364021301,0.0086252111941576,-0.29339057207107544,-0.09013663977384567,0.9516947269439697,-0.03639175370335579,-0.29125258326530457,0.0566212460398674,0.954275369644165,-0.06625606119632721,0.7692005038261414,-0.011851584538817406,0.6354528069496155,-0.06698811054229736,0.5681611895561218,0.006551188882440329,0.8201600909233093,0.003262258367612958,0.5666468739509583,-0.04196890816092491,0.822884738445282,0.003262258367612958,0.5666468739509583,-0.04196890816092491,0.822884738445282,-0.0789114311337471,0.2291286438703537,-0.04883343726396561,0.9689624905586243,-0.09650955349206924,-0.14152981340885162,-0.03892337530851364,0.9844492077827454,0.47934186458587646,-0.13861362636089325,0.04829058051109314,0.8652662634849548,0.40254542231559753,-0.31495440006256104,0.3346576988697052,0.7916849851608276,0.4964750111103058,-0.825127899646759,-0.2500084638595581,0.10085783153772354,0.4642438292503357,-0.8410701155662537,-0.2539834678173065,0.11212117224931717,0.4642438292503357,-0.8410701155662537,-0.2539834678173065,0.11212117224931717,-0.08223386108875275,-0.45336392521858215,0.05396103113889694,0.8858820796012878,-0.4009934365749359,-0.4416230022907257,-0.11584360152482986,0.7941999435424805,-0.3316218852996826,-0.5039921998977661,-0.2293674796819687,0.7638124227523804,-0.3849470615386963,-0.8891553282737732,0.23146043717861176,-0.08743373304605484,-0.32031530141830444,-0.9103385210037231,0.25295624136924744,-0.0685204565525055,-0.32031530141830444,-0.9103385210037231,0.25295624136924744,-0.0685204565525055,-0.0789114311337471,0.2291286438703537,-0.04883343726396561,0.9689624905586243
0.14245581030845644,0.029586354643106466,0.4316590964794159,-0.08117398619651794,0.2682283818721771,-0.03529581427574158,0.959280252456665,-1.141425657272339,-0.17530565857887273,-0.3741108179092407,2.385916900634766,-0.6473039746284485,-0.13255113065242768,-1.090381932258606,0.28137707710266113,0.30324214696884155,2.329334545135498,-0.54169842004776,0.18873611986637118,0.0,-0.7711602926254273,1.2015336513519288,0.7060539722442627,-2.1947999000549316,0.05153003633022306,-1.4199999570846558,-0.6300000071525572,-0.24411121606826777,-2.1379199028015137,-0.040564355254173165,0.0,0.4245683550834655,0.19514837861061096,-0.0743506461381914,-0.1145901918411249,3.9522603034973147,0.6393034934997565,-3.5312409877777107,-1.5107170462608346,-1.0480613708496094,-0.1554908752441408,0.6809649169445042,-0.25932516157627095,-2.2990370273590086,0.6181452751159664,-0.1466383211314679,-1.1036166191101076,0.2954556703567506,0.5249569077044731,0.0,-1.2877985239028928,-1.0125195980072008,-0.3132970333099363,0.0,-1.8308435440063469,0.0,3.599999713897709,4.2989706993103,1.7063997745513935,5.821948623657226,0.0,0.0,0.0,-0.08117398619651794,0.2682283818721771,-0.03529581427574158,0.959280252456665,-0.08117398619651794,0.2682283818721771,-0.03529581427574158,0.959280252456665,-0.04864194989204407,-0.2635866403579712,0.14645904302597046,0.9522110819816589,-0.1317690759897232,-0.2756372094154358,0.12280964851379395,0.9442344903945923,-0.07818561792373657,-0.29533645510673523,-0.05492053180932999,0.9506036043167114,0.022203750908374786,0.7745999097824097,-0.09291872382164001,0.6251945495605469,-0.008516551926732063,0.5355504155158997,-0.0951976329088211,0.839077353477478,-0.06406547874212265,0.5406806468963623,-0.059517815709114075,0.8366706371307373,-0.06406547874212265,0.5406806468963623,-0.059517815709114075,0.8366706371307373,-0.12295117229223251,-0.26208263635635376,-0.11823923885822296,0.9498501420021057,0.011470474302768707,-0.2760522961616516,-0.08036322891712189,0.9577082991600037,-0.030379071831703186,-0.27460694313049316,0.06520503759384155,0.9588621258735657,-0.07182252407073975,0.7723864316940308,-0.0021041815634816885,0.631075382232666,-0.06979433447122574,0.5753825306892395,0.017182141542434692,0.8147199153900146,0.007254329044371843,0.5744708776473999,-0.03715787082910538,0.8176490664482117,0.007254329044371843,0.5744708776473999,-0.03715787082910538,0.8176490664482117,-0.08117398619651794,0.2682283818721771,-0.03529581427574158,0.959280252456665,-0.09467901289463043,-0.11345595866441727,-0.024900171905755997,0.9887081384658813,0.4807842969894409,-0.10765665769577026,0.04365253448486328,0.8691093921661377,0.4149143099784851,-0.2857806086540222,0.33041560649871826,0.7981235980987549,0.4966996908187866,-0.8168445825576782,-0.263218492269516,0.129500150680542,0.47485166788101196,-0.827760636806488,-0.26542147994041443,0.13740399479866028,0.47485166788101196,-0.827760636806488,-0.26542147994041443,0.13740399479866028,-0.0735425055027008,-0.4173208475112915,0.06530306488275528,0.9034215211868286,-0.34929609298706055,-0.41640162467956543,-0.06848879158496857,0.8366069197654724,-0.2962399125099182,-0.4632917046546936,-0.16615039110183716,0.8185333609580994,-0.3155897855758667,-0.9218842387199402,0.22477878630161285,-0.0026801973581314087,-0.29761216044425964,-0.926228404045105,0.23134243488311768,0.002959832549095154,-0.29761216044425964,-0.926228404045105,0.23134243488311768,0.002959832549095154,-0.08117398619651794,0.2682283818721771,-0.03529581427574158,0.959280252456665
0.14996934831142428,0.031365108117461196,0.42843255400657654,-0.08185214549303055,0.3044891059398651,-0.022531600669026375,0.9487249851226807,-1.214338755607605,-0.20962066352367406,-0.3947398126125336,2.37814679145813,-0.6261301159858703,-0.13476324081420898,-1.1346262454986573,0.29290598034858706,0.29630478024482726,2.3087327003479006,-0.534320616722107,0.20633310079574588,0.0,-0.7926076054573059,1.1922965049743652,0.6819084882736205,-2.1947999000549316,0.03558830767869949,-1.4199999570846558,-0.550000011920929,-0.20392672717571256,-2.0999999046325684,0.051680735498666905,0.0,0.38563787937164296,0.134432858228683,-0.16388617455959317,0.2734478980302815,3.9735190868377677,0.947907721996307,-3.7408194541931143,-1.8504405021667467,-1.0475154399871824,-0.33676384687423755,0.9965872049331671,-0.14176161885261504,-2.2517199993133543,0.49065627455711447,-0.29107097089290673,-1.093665969371795,0.36695727705955505,0.8842168807983398,0.0,-1.118547928333282,-0.3911218523979194,-0.7864200443029445,0.0,-0.9633495330810531,0.0,4.799999618530266,2.3307418823242156,2.2751996994018517,4.90855584144592,0.0,0.0,0.0,-0.08185214549303055,0.3044891059398651,-0.022531600669026375,0.9487249851226807,-0.08185214549303055,0.3044891059398651,-0.022531600669026375,0.9487249851226807,-0.03446781635284424,-0.2607438862323761,0.16648922860622406,0.9503188729286194,-0.1336880922317505,-0.27677518129348755,0.13828504085540771,0.9414882659912109,-0.07681632786989212,-0.2975773811340332,-0.04901972785592079,0.9503389000892639,0.016903946176171303,0.7710819840431213,-0.08955032378435135,0.6301806569099426,-0.011552233248949051,0.5395272374153137,-0.09038130939006805,0.8370234966278076,-0.06788384914398193,0.5443899035453796,-0.05385056138038635,0.8343448638916016,-0.06788384914398193,0.5443899035453796,-0.05385056138038635,0.8343448638916016,-0.12302736192941666,-0.24703721702098846,-0.10848445445299149,0.9550225734710693,0.017673593014478683,-0.26020547747612,-0.07133384048938751,0.9627525210380554,-0.020958784967660904,-0.2599203586578369,0.07155275344848633,0.96274733543396,-0.07386396080255508,0.7753353118896484,0.009759492240846157,0.6271394491195679,-0.06869137287139893,0.5822680592536926,0.02892826683819294,0.8095731735229492,0.015026204288005829,0.5821993350982666,-0.031219083815813065,0.8123073577880859,0.015026204288005829,0.5821993350982666,-0.031219083815813065,0.8123073577880859,-0.08185214549303055,0.3044891059398651,-0.022531600669026375,0.9487249851226807,-0.09152951836585999,-0.08659140765666962,-0.012267719022929668,0.9919546246528625,0.48119378089904785,-0.07852122187614441,0.038557976484298706,0.8722386360168457,0.4278660714626312,-0.2528621554374695,0.3173375725746155,0.8076436519622803,0.48912474513053894,-0.8095374703407288,-0.2811378538608551,0.16238121688365936,0.47407859563827515,-0.816996693611145,-0.2819047272205353,0.16821278631687164,0.47407859563827515,-0.816996693611145,-0.2819047272205353,0.16821278631687164,-0.06426893919706345,-0.3829275965690613,0.0749921053647995,0.9184836745262146,-0.3112654685974121,-0.38890302181243896,-0.0318085215985775,0.8665198087692261,-0.27030718326568604,-0.42406171560287476,-0.11765503138303757,0.8563077449798584,-0.26147234439849854,-0.9373131394386292,0.22110271453857422,0.06472963839769363,-0.28572171926498413,-0.931450605392456,0.21741598844528198,0.059103064239025116,-0.28572171926498413,-0.931450605392456,0.21741598844528198,0.059103064239025116,-0.08185214549303055,0.3044891059398651,-0.022531600669026375,0.9487249851226807
0.15648678541183475,0.02859434261918067,0.42546191811561584,-0.07954064011573792,0.33561891317367554,-0.011409226804971695,0.9385644197463989,-1.2777353763580324,-0.230466639995575,-0.41376223564147957,2.365202522277832,-0.5987456917762756,-0.13385973870754242,-1.1749201059341432,0.31301376819610605,0.28378767967224117,2.29448823928833,-0.5267495274543762,0.22349329292774206,0.0,-0.8094366788864136,1.1759858131408691,0.6156775951385496,-2.1947999000549316,0.036272892355918886,-1.4199999570846558,-0.550000011920929,-0.19589400291442868,-2.0999999046325684,0.11429566219449065,0.0,0.3408133387565611,-0.07029548883438175,-0.15237037837505338,0.4771459728479392,3.5053105354309064,0.7674284219741816,-3.312577962875365,-1.2443342208862285,-0.9752196788787839,-0.5696010112762458,1.2760626196861278,-0.001559075713157193,-2.073949766159057,0.8767060458660139,-0.5421589583158501,-0.8075837373733511,0.37565514445304876,0.8645614027976989,0.0,-0.9107271909713739,-0.7094313621521007,-2.680263313651091,0.0,-0.21516542434692132,0.0,1.1999999046325565,0.88391256332397,0.5687999248504583,3.5751985549926713,0.0,0.0,0.0,-0.07954064011573792,0.33561891317367554,-0.011409226804971695,0.9385644197463989,-0.07954064011573792,0.33561891317367554,-0.011409226804971695,0.9385644197463989,-0.018424078822135925,-0.2589338719844818,0.18128696084022522,0.9485508799552917,-0.1273530125617981,-0.27810484170913696,0.150300532579422,0.9401323199272156,-0.06750936806201935,-0.2982945740222931,-0.04601825401186943,0.9509705901145935,0.01706874370574951,0.767300546169281,-0.07990715652704239,0.636060893535614,-0.007312096655368805,0.5455894470214844,-0.08136497437953949,0.8340615034103394,-0.06307819485664368,0.5498111844062805,-0.04469488561153412,0.8317037224769592,-0.06307819485664368,0.5498111844062805,-0.04469488561153412,0.8317037224769592,-0.12041237950325012,-0.23453029990196228,-0.10157011449337006,0.9592601656913757,0.03059515729546547,-0.247477188706398,-0.06383374333381653,0.9663044810295105,-0.004739917349070311,-0.24927334487438202,0.0734533965587616,0.9656319618225098,-0.0688592717051506,0.7778549194335938,0.025852220132946968,0.6241247653961182,-0.05977863445878029,0.5885459780693054,0.042903002351522446,0.8051084280014038,0.03035435825586319,0.5897073745727539,-0.023025203496217728,0.8067177534103394,0.03035435825586319,0.5897073745727539,-0.023025203496217728,0.8067177534103394,-0.07954064011573792,0.33561891317367554,-0.011409226804971695,0.9385644197463989,-0.08585766702890396,-0.06230179965496063,-0.002456274116411805,0.9943546652793884,0.48011577129364014,-0.053180091083049774,0.03260673210024834,0.8749843239784241,0.44185060262680054,-0.21247650682926178,0.28655022382736206,0.8231104612350464,0.46585825085639954,-0.8040075302124023,-0.3083627223968506,0.2036188244819641,0.45043161511421204,-0.8111374378204346,-0.30836251378059387,0.20995202660560608,0.45043161511421204,-0.8111374378204346,-0.30836251378059387,0.20995202660560608,-0.05400623753666878,-0.35280463099479675,0.08150728791952133,0.9305745363235474,-0.30467161536216736,-0.36168113350868225,-0.01735834963619709,0.8809430599212646,-0.26798057556152344,-0.39511218667030334,-0.10135752707719803,0.8728112578392029,-0.24466805160045624,-0.9373610615730286,0.22816500067710876,0.09712095558643341,-0.29846492409706116,-0.9245795011520386,0.22121086716651917,0.08448196947574615,-0.29846492409706116,-0.9245795011520386,0.22121086716651917,0.08448196947574615,-0.07954064011573792,0.33561891317367554,-0.011409226804971695,0.9385644197463989
0.16577877104282382,0.028361538425087932,0.42307687401771543,-0.07487209886312485,0.36491405963897705,0.0009218994528055191,0.928025484085083,-1.3246196508407593,-0.25643835365772255,-0.4116769015789032,2.3436650753021238,-0.5527796149253844,-0.1457424879074097,-1.2049034118652344,0.31950836777687075,0.28128194212913515,2.278189849853516,-0.5006153464317321,0.24099553823471073,0.0,-0.8156642317771912,1.1498544216156006,0.5717469930648803,-2.1947999000549316,0.019250492751598302,-1.4199999570846558,-0.550000011920929,-0.2098242968320847,-2.0999999046325684,0.1706414282321931,0.0,0.40910828113555936,-0.062399435043334714,-0.13096402883529656,0.6995970129966741,3.2579816341400143,0.7344796061515809,-2.6744604587554917,-1.1960709095001225,-0.3178884029388407,-0.9050087094306954,1.9266706705093402,-0.3384124018251909,-1.705376338958739,0.5969937086105332,-0.3255141019821157,-0.7738408446311953,0.9354471623897571,0.8682711601257325,0.0,-0.5234080195426931,-1.1101554989814768,-2.642535734176634,0.0,-0.49698028266430083,0.0,0.0,-0.25725435018539644,0.0,2.94267144203186,0.0,0.0,0.0,-0.07487209886312485,0.36491405963897705,0.0009218994528055191,0.928025484085083,-0.07487209886312485,0.36491405963897705,0.0009218994528055191,0.928025484085083,-0.00026162387803196907,-0.2516130805015564,0.1926543116569519,0.9484593272209167,-0.1215411126613617,-0.27422648668289185,0.158948615193367,0.9406183958053589,-0.06289676576852798,-0.29330331087112427,-0.03664691001176834,0.9532439708709717,0.00939532183110714,0.7644440531730652,-0.07209639996290207,0.6405771970748901,-0.010814111679792404,0.5606287717819214,-0.07208844274282455,0.8248525857925415,-0.07076641917228699,0.5643678903579712,-0.030968284234404564,0.8219013810157776,-0.07076641917228699,0.5643678903579712,-0.030968284234404564,0.8219013810157776,-0.11466747522354126,-0.21826398372650146,-0.09442120790481567,0.9645190238952637,0.04022353142499924,-0.2305050790309906,-0.058496393263339996,0.9704780578613281,0.007529537193477154,-0.23387674987316132,0.07812391221523285,0.9690932035446167,-0.06773054599761963,0.7823319435119629,0.03952978178858757,0.6179051399230957,-0.05597895383834839,0.60488361120224,0.05510757863521576,0.79243004322052,0.03958041965961456,0.6071525812149048,-0.01813436485826969,0.7933915853500366,0.03958041965961456,0.6071525812149048,-0.01813436485826969,0.7933915853500366,-0.07487209886312485,0.36491405963897705,0.0009218994528055191,0.928025484085083,-0.07745107263326645,-0.034227121621370316,0.007368714548647404,0.9963812828063965,0.47679609060287476,-0.024632509797811508,0.02510904148221016,0.8783098459243774,0.45074713230133057,-0.17337225377559662,0.26283785700798035,0.8352756500244141,0.4466361403465271,-0.7964305877685547,-0.3276611566543579,0.24259617924690247,0.43835949897766113,-0.8000333309173584,-0.3275570571422577,0.2459554374217987,0.43835949897766113,-0.8000333309173584,-0.3275570571422577,0.2459554374217987,-0.041244782507419586,-0.3239232301712036,0.08739027380943298,0.9411352276802063,-0.29525744915008545,-0.33548247814178467,-0.003853763686493039,0.8945724964141846,-0.2587752044200897,-0.3702661991119385,-0.09549756348133087,0.8870279788970947,-0.23369506001472473,-0.9378212690353394,0.22394460439682007,0.12540678679943085,-0.3142626881599426,-0.9183053374290466,0.21557384729385376,0.1071554571390152,-0.3142626881599426,-0.9183053374290466,0.21557384729385376,0.1071554571390152,-0.07487209886312485,0.36491405963897705,0.0009218994528055191,0.928025484085083
0.17645803093910217,0.029397714883089066,0.4209846258163452,-0.06898775696754456,0.3930796682834625,0.013849636539816856,0.9168081879615784,-1.3632477521896362,-0.2849729359149933,-0.3990376889705658,2.317831039428711,-0.4975227117538452,-0.16401836276054382,-1.2297314405441284,0.3191963732242584,0.28378188610076904,2.260864496231079,-0.46519961953163147,0.25866881012916565,0.0,-0.8165910243988037,1.1188126802444458,0.5389665365219116,-2.1947999000549316,-0.0066253989934921265,-1.4199999570846558,-0.550000011920929,-0.2347360998392105,-2.0999999046325684,0.22385261952877045,0.0,0.5339629650115967,0.05180881917476654,-0.10461240261793137,0.9314245581626892,3.1210925579071045,0.7752960324287415,-1.931404948234558,-1.4267290830612183,0.6319606304168701,-1.2917016744613647,2.762845039367676,-0.9137936569750309,-1.2414013147354126,-0.015599727630615234,0.12499719858169556,-0.8662676215171814,1.7707862555980682,0.883663535118103,0.0,-0.04633963108062744,-1.5520869493484497,-1.639022707939148,0.0,-1.2937945574522018,0.0,0.0,-1.2455901503562927,0.0,2.6605594158172607,0.0,0.0,0.0,-0.06898775696754456,0.3930796682834625,0.013849636539816856,0.9168081879615784,-0.06898775696754456,0.3930796682834625,0.013849636539816856,0.9168081879615784,0.01895577274262905,-0.24146080017089844,0.20224399864673615,0.9489123821258545,-0.11598645895719528,-0.26773345470428467,0.16590584814548492,0.9419878721237183,-0.060621362179517746,-0.28541040420532227,-0.024085257202386856,0.9561829566955566,-0.002197770169004798,0.7619575262069702,-0.06519370526075363,0.64433354139328,-0.01818104460835457,0.5798658132553101,-0.062645822763443,0.8120964169502258,-0.08464467525482178,0.5830487012863159,-0.014934243634343147,0.8078777194023132,-0.08464467525482178,0.5830487012863159,-0.014934243634343147,0.8078777194023132,-0.10732235759496689,-0.20005163550376892,-0.08712632954120636,0.9699846506118774,0.048193011432886124,-0.21135547757148743,-0.054226551204919815,0.9747132062911987,0.017819790169596672,-0.21604666113853455,0.08415776491165161,0.9725860953330994,-0.0685328021645546,0.7877040505409241,0.05199355632066727,0.6100181937217712,-0.054702308028936386,0.6258773803710938,0.0663907527923584,0.7751628160476685,0.04573052376508713,0.6292127370834351,-0.014885736629366875,0.775743842124939,0.04573052376508713,0.6292127370834351,-0.014885736629366875,0.775743842124939,-0.06898775696754456,0.3930796682834625,0.013849636539816856,0.9168081879615784,-0.06762859225273132,-0.00424811290577054,0.017191650345921516,0.9975534081459045,0.4720647633075714,0.0055227442644536495,0.016825534403324127,0.8813859820365906,0.45677605271339417,-0.1348448097705841,0.242516428232193,0.8451972007751465,0.4291563332080841,-0.7872921228408813,-0.34274232387542725,0.28022077679634094,0.43196573853492737,-0.7860884666442871,-0.3429970443248749,0.2789687216281891,0.43196573853492737,-0.7860884666442871,-0.3429970443248749,0.2789687216281891,-0.027219422161579132,-0.29550701379776,0.09290702641010284,0.9504225254058838,-0.2842809855937958,-0.3096320331096649,0.009172038175165653,0.9073192477226257,-0.24607178568840027,-0.3473963737487793,-0.09483713656663895,0.8998724222183228,-0.22558720409870148,-0.9382548332214355,0.21402940154075623,0.15159042179584503,-0.3314368724822998,-0.9119115471839905,0.20512431859970093,0.12841714918613434,-0.3314368724822998,-0.9119115471839905,0.20512431859970093,0.12841714918613434,-0.06898775696754456,0.3930796682834625,0.013849636539816856,0.9168081879615784
0.1874477118253708,0.02713878974318504,0.42012558579444886,-0.06327635049819946,0.4190990626811981,0.019020674750208855,0.9055330753326416,-1.3899948835372926,-0.30945274233818054,-0.3927038133144379,2.2913190841674806,-0.4857693433761597,-0.1759802281856537,-1.2725343465805055,0.31418484449386597,0.2819848954677582,2.256771945953369,-0.4564548313617706,0.2570365607738495,0.0,-0.8494050264358521,1.1122590065002442,0.5174285054206847,-2.1947999000549316,-0.017674709856510172,-1.4199999570846558,-0.550000011920929,-0.26615516543388373,-2.0999999046325684,0.2647548854351044,0.0,0.5432755947113037,-0.047044226527214156,-0.06761615946888919,0.7404643654823301,2.9720447063446045,0.361542689800262,-1.5749758481979366,-1.3050857543945311,0.4428004801273344,-1.3120392560958862,1.4577390670776353,-0.724373400211334,-1.7806477069854743,-0.15658575203269737,-0.00391083806753173,-0.469283556938171,0.9706581592559806,0.30449793338775566,0.0,-1.0029558382928383,-0.8174449920654289,-1.3017500162124631,0.0,-0.8489971041679378,0.0,0.0,-1.4408079862594607,0.0,2.2912916183471674,0.0,0.0,0.0,-0.06327635049819946,0.4190990626811981,0.019020674750208855,0.9055330753326416,-0.06327635049819946,0.4190990626811981,0.019020674750208855,0.9055330753326416,0.03266929090023041,-0.2277810275554657,0.20370283722877502,0.9516058564186096,-0.11439536511898041,-0.25644731521606445,0.16625311970710754,0.9452558159828186,-0.062142275273799896,-0.27383631467819214,-0.021347161382436752,0.9595292806625366,-0.006185079924762249,0.7611734867095947,-0.06538064032793045,0.6452146768569946,-0.021730754524469376,0.5836545825004578,-0.061989061534404755,0.8093407154083252,-0.09275788068771362,0.5868483781814575,-0.01044501643627882,0.8042982816696167,-0.09275788068771362,0.5868483781814575,-0.01044501643627882,0.8042982816696167,-0.10445494949817657,-0.192365363240242,-0.08768165111541748,0.9718007445335388,0.04886430501937866,-0.20371052622795105,-0.05649421364068985,0.9761776924133301,0.019748397171497345,-0.20855507254600525,0.0812435895204544,0.9744303226470947,-0.06496565043926239,0.7913281321525574,0.05262374132871628,0.6056484580039978,-0.05137508362531662,0.6337794661521912,0.06596929579973221,0.7689813375473022,0.047608450055122375,0.6370073556900024,-0.015798717737197876,0.7692241072654724,0.047608450055122375,0.6370073556900024,-0.015798717737197876,0.7692241072654724,-0.06327635049819946,0.4190990626811981,0.019020674750208855,0.9055330753326416,-0.06064775586128235,0.007842025719583035,0.019844574853777885,0.9979311227798462,0.47530242800712585,0.0171450637280941,0.012739543803036213,0.8795632123947144,0.4640255570411682,-0.11888344585895538,0.22928272187709808,0.8473349213600159,0.4198090732097626,-0.7814767360687256,-0.35529598593711853,0.29465121030807495,0.4272546172142029,-0.7783543467521667,-0.3561517000198364,0.29115989804267883,0.4272546172142029,-0.7783543467521667,-0.3561517000198364,0.29115989804267883,-0.018459148705005646,-0.2686736583709717,0.09265153110027313,0.958587110042572,-0.2780669927597046,-0.28373757004737854,0.016212649643421173,0.9175559282302856,-0.23814010620117188,-0.3256271183490753,-0.10322229564189911,0.909176230430603,-0.22773602604866028,-0.935889720916748,0.203548863530159,0.17554104328155518,-0.3528018295764923,-0.9026464223861694,0.19629329442977905,0.14909476041793823,-0.3528018295764923,-0.9026464223861694,0.19629329442977905,0.14909476041793823,-0.06327635049819946,0.4190990626811981,0.019020674750208855,0.9055330753326416
0.20030035078525538,0.026283407956361766,0.4200307190418243,-0.05754772573709488,0.444284051656723,0.023720579221844673,0.8937210440635681,-1.4084782361984254,-0.3328850388526916,-0.38286135792732245,2.265077495574951,-0.46623109579086314,-0.19343731701374045,-1.3071798801422119,0.3076186001300812,0.2847677290439605,2.251620578765869,-0.4444400250911713,0.25632166862487793,0.0,-0.8847035288810728,1.0819265842437746,0.4944465458393098,-2.1947999000549316,-0.026094292849302283,-1.4199999570846558,-0.550000011920929,-0.29782608747482286,-2.0999999046325684,0.29617246389389035,0.0,0.6053727507591242,-0.07083995193243069,-0.020026802271604766,0.6007503151893617,2.83914384841919,0.06355307847261452,-1.0894431114196803,-1.1925649166107182,0.4219511449336995,-1.3174866437911987,0.8212147116661048,-0.7629499197006209,-1.8954241275787378,-0.29721789956092787,0.04754519015550476,-0.23639200329780546,0.5353399157524099,-0.05409174710512189,0.0,-1.715234994888305,-1.0410460650920796,-1.1202193975448604,0.0,-0.4735736727714547,0.0,0.0,-1.5785089254379272,0.0,1.7605724811553984,0.0,0.0,0.0,-0.05754772573709488,0.444284051656723,0.023720579221844673,0.8937210440635681,-0.05754772573709488,0.444284051656723,0.023720579221844673,0.8937210440635681,0.045428648591041565,-0.21069365739822388,0.20382536947727203,0.9549866318702698,-0.11344106495380402,-0.24154216051101685,0.16620391607284546,0.9492970705032349,-0.06533107161521912,-0.2586977183818817,-0.017429005354642868,0.9635888338088989,-0.011958595365285873,0.7627449035644531,-0.06649604439735413,0.6431604623794556,-0.02699246257543564,0.5935322046279907,-0.062015753239393234,0.801963210105896,-0.10420385748147964,0.5967720150947571,-0.00427152868360281,0.7956044673919678,-0.10420385748147964,0.5967720150947571,-0.00427152868360281,0.7956044673919678,-0.1016850471496582,-0.18123666942119598,-0.08802340179681778,0.9741998314857483,0.04875951260328293,-0.19257640838623047,-0.05917965620756149,0.9782814383506775,0.020986899733543396,-0.19754739105701447,0.08024977147579193,0.9767776131629944,-0.06339739263057709,0.7966227531433105,0.05348890647292137,0.5987586379051208,-0.05006040260195732,0.6450695991516113,0.06614161282777786,0.7596081495285034,0.047432027757167816,0.648232102394104,-0.016851838678121567,0.759777307510376,0.047432027757167816,0.648232102394104,-0.016851838678121567,0.759777307510376,-0.05754772573709488,0.444284051656723,0.023720579221844673,0.8937210440635681,-0.05380789935588837,0.01815793476998806,0.021941278129816055,0.9981450438499451,0.4678833782672882,0.026905039325356483,0.009566524997353554,0.8833286762237549,0.4603163003921509,-0.1019095703959465,0.21773245930671692,0.8545852899551392,0.4068918526172638,-0.7803575396537781,-0.3576311767101288,0.3123793601989746,0.41794487833976746,-0.775859534740448,-0.359066367149353,0.3073037266731262,0.41794487833976746,-0.775859534740448,-0.359066367149353,0.3073037266731262,-0.010026468895375729,-0.2421245276927948,0.09200555831193924,0.9658209681510925,-0.271915465593338,-0.258010596036911,0.02280028909444809,0.9268077611923218,-0.2306511551141739,-0.3040173351764679,-0.11220896989107132,0.9174871444702148,-0.2306322157382965,-0.9327186942100525,0.19309782981872559,0.19889119267463684,-0.3703114688396454,-0.8936284780502319,0.18798768520355225,0.17017069458961487,-0.3703114688396454,-0.8936284780502319,0.18798768520355225,0.17017069458961487,-0.05754772573709488,0.444284051656723,0.023720579221844673,0.8937210440635681
0.2168789058923721,0.02823511287569999,0.42146419882774355,-0.05184803530573845,0.46817055344581604,0.027492279186844826,0.8816872239112854,-1.4104340314865111,-0.3542223155498504,-0.36600174307823186,2.2393766403198243,-0.4311230897903443,-0.2218848526477813,-1.3255106687545777,0.29794292449951176,0.29671021103858947,2.2443515777587892,-0.4258851826190949,0.2574414908885956,0.0,-0.9249710321426391,1.0040366649627688,0.468576729297638,-2.1947999000549316,-0.0292544201016426,-1.4199999570846558,-0.550000011920929,-0.3300007224082946,-2.0999999046325684,0.30862066745758054,0.0,0.7730389595031735,0.05547894090414021,0.04874878302216515,0.5635285496711732,2.7385369777679447,-0.002908980846404882,-0.34570310115814373,-1.0982890605926516,0.7377233207225793,-1.2931536436080933,1.5218537688255296,-1.257520043849944,-1.1612606048584002,-0.43714228868484467,0.45972933322191145,-0.3316855162382124,0.8296415269374842,0.028470392525195898,0.0,-1.9388400316238399,-3.1811332881450607,-1.250172924995422,0.0,-0.23689819574356136,0.0,0.0,-1.6011759519577027,0.0,0.9069506645202656,0.0,0.0,0.0,-0.05184803530573845,0.46817055344581604,0.027492279186844826,0.8816872239112854,-0.05184803530573845,0.46817055344581604,0.027492279186844826,0.8816872239112854,0.05627677962183952,-0.18683987855911255,0.20130857825279236,0.9598950743675232,-0.11374776065349579,-0.21937713027000427,0.1653430461883545,0.9547757506370544,-0.07184462249279022,-0.23639823496341705,-0.01114983856678009,0.9689323306083679,-0.021302830427885056,0.7689480781555176,-0.0694613829255104,0.6351693868637085,-0.03566320613026619,0.6152863502502441,-0.06337807327508926,0.784942090511322,-0.12224112451076508,0.6185453534126282,0.00527024082839489,0.7761642932891846,-0.12224112451076508,0.6185453534126282,0.00527024082839489,0.7761642932891846,-0.09909936785697937,-0.16320538520812988,-0.08792826533317566,0.977656364440918,0.047096505761146545,-0.17444206774234772,-0.06269271671772003,0.9815403819084167,0.02084270864725113,-0.17948809266090393,0.08308782428503036,0.9800235033035278,-0.0658223107457161,0.8051986694335938,0.05481996014714241,0.5867855548858643,-0.052760764956474304,0.663001537322998,0.067487932741642,0.7437006235122681,0.043137408792972565,0.6661790013313293,-0.018181422725319862,0.744321346282959,0.043137408792972565,0.6661790013313293,-0.018181422725319862,0.744321346282959,-0.05184803530573845,0.46817055344581604,0.027492279186844826,0.8816872239112854,-0.04726758971810341,0.024926401674747467,0.022930797189474106,0.9983078837394714,0.4389479458332062,0.03292425721883774,0.008216380141675472,0.8978714346885681,0.4346446394920349,-0.082918182015419,0.20953646302223206,0.8719536066055298,0.3868040144443512,-0.7885419726371765,-0.3394894301891327,0.33664679527282715,0.3993692994117737,-0.7836976051330566,-0.34143370389938354,0.33127838373184204,0.3993692994117737,-0.7836976051330566,-0.34143370389938354,0.33127838373184204,-0.002272720215842128,-0.21641460061073303,0.09066541492938995,0.9720799326896667,-0.26615267992019653,-0.23290279507637024,0.028491955250501633,0.934937059879303,-0.22422650456428528,-0.28297871351242065,-0.12246827781200409,0.9244711995124817,-0.23518772423267365,-0.9286223649978638,0.182861328125,0.22115357220172882,-0.38055020570755005,-0.8862706422805786,0.18099111318588257,0.19221867620944977,-0.38055020570755005,-0.8862706422805786,0.18099111318588257,0.19221867620944977,-0.05184803530573845,0.46817055344581604,0.027492279186844826,0.8816872239112854
0.23518742024898526,0.029562533646821973,0.4227947533130646,-0.04613877832889557,0.4937533736228943,0.031135784462094307,0.8678187131881714,-1.4155064821243286,-0.3649862289428711,-0.35408048033714296,2.2079087257385255,-0.41714842319488527,-0.24297859370708463,-1.345807647705078,0.28409438729286196,0.30485649704933165,2.2328165054321287,-0.4316498577594757,0.24956520199775697,0.0,-0.9707570672035217,0.964581298828125,0.4360352694988251,-2.194513130187988,-0.03783212974667548,-1.4199999570846558,-0.550000011920929,-0.3337524771690369,-2.0999999046325684,0.31848926544189454,0.0,0.8808264851570129,0.07885671555995945,0.06858622580766678,0.539459502696991,2.8459632873535154,-0.03400157727301119,-0.19128940552473053,-0.7496628999710089,0.694830131530762,-1.4580544233322141,1.121400022506715,-1.2017629146575932,-0.9755251049995421,-0.608969587087631,0.4832381725311281,-0.49143214821815473,0.19815660715103267,-0.21389221325516655,0.0,-2.1789309978485103,-2.7414592266082787,-1.4936400651931758,0.008603095263242707,-0.3205338209867475,0.0,0.0,-0.7560453176498427,0.0,0.545021963119507,0.0,0.0,0.0,-0.04613877832889557,0.4937533736228943,0.031135784462094307,0.8678187131881714,-0.04613877832889557,0.4937533736228943,0.031135784462094307,0.8678187131881714,0.06758174300193787,-0.16204631328582764,0.19862303137779236,0.9642212390899658,-0.10853701084852219,-0.19539985060691833,0.1659579575061798,0.9604669809341431,-0.07234593480825424,-0.211472749710083,-0.005772246979176998,0.9746856689453125,-0.027346406131982803,0.7752140760421753,-0.06714487075805664,0.6275244951248169,-0.040664076805114746,0.6284743547439575,-0.060031503438949585,0.774443507194519,-0.13418203592300415,0.6311032772064209,0.016624893993139267,0.7638243436813354,-0.13418203592300415,0.6311032772064209,0.016624893993139267,0.7638243436813354,-0.097007617354393,-0.1437639594078064,-0.08786959201097488,0.9809181690216064,0.04282301291823387,-0.1547405868768692,-0.06652577221393585,0.9847820997238159,0.01887471228837967,-0.15944239497184753,0.08378066122531891,0.9834646582603455,-0.06700108200311661,0.8136905431747437,0.05373083055019379,0.5749189257621765,-0.05394800752401352,0.6716914772987366,0.06683313101530075,0.7358352541923523,0.03806762397289276,0.6747933626174927,-0.0172682236880064,0.7368220090866089,0.03806762397289276,0.6747933626174927,-0.0172682236880064,0.7368220090866089,-0.04613877832889557,0.4937533736228943,0.031135784462094307,0.8678187131881714,-0.04077290743589401,0.03129904717206955,0.023493506014347076,0.9984018206596375,0.4269472360610962,0.03864087164402008,0.006334653124213219,0.903428316116333,0.4252197742462158,-0.06673777103424072,0.19539299607276917,0.8812240362167358,0.36905980110168457,-0.7898433208465576,-0.337990939617157,0.3545483946800232,0.38537347316741943,-0.7838656902313232,-0.3408619165420532,0.3476422429084778,0.38537347316741943,-0.7838656902313232,-0.3408619165420532,0.3476422429084778,0.0054743229411542416,-0.1882251501083374,0.08914673328399658,0.9780563116073608,-0.2603195905685425,-0.20536015927791595,0.034685105085372925,0.9427925944328308,-0.22220781445503235,-0.25550907850265503,-0.11934789270162582,0.9333246946334839,-0.23000669479370117,-0.9227361679077148,0.18321345746517181,0.2491742968559265,-0.37999022006988525,-0.8793005347251892,0.18580281734466553,0.21889564394950867,-0.37999022006988525,-0.8793005347251892,0.18580281734466553,0.21889564394950867,-0.04613877832889557,0.4937533736228943,0.031135784462094307,0.8678187131881714
0.2543609142303467,0.03057781234383583,0.42407384514808655,-0.04040173813700676,0.5199037194252014,0.034696683287620544,0.852563202381134,-1.4221372604370117,-0.37046346068382263,-0.34462839365005493,2.1735572814941406,-0.4137404263019562,-0.26039543747901917,-1.367087721824646,0.268159419298172,0.3111046850681305,2.2191483974456787,-0.4495742917060852,0.2371908575296402,0.0,-1.0193023681640625,0.9443432092666626,0.40015798807144165,-2.1940829753875732,-0.04911863058805466,-1.4199999570846558,-0.550000011920929,-0.3232927918434143,-2.0999999046325684,0.3270680606365204,0.0,0.9586746692657471,0.05076393112540245,0.06395459175109863,0.521966814994812,3.057406187057495,-0.04740944504737854,-0.3315388783812523,-0.273861587047577,0.47260430455207825,-1.7175720930099487,0.1703997850418093,-0.8708421587944031,-1.0640037059783936,-0.7967483401298523,0.312409371137619,-0.683405339717865,-0.8962215781211853,-0.6187171973288059,0.0,-2.427264928817749,-1.0119044780731201,-1.7938640117645264,0.021507738158106804,-0.5643250197172165,0.0,0.0,0.5229841470718384,0.0,0.42893972992897034,0.0,0.0,0.0,-0.04040173813700676,0.5199037194252014,0.034696683287620544,0.852563202381134,-0.04040173813700676,0.5199037194252014,0.034696683287620544,0.852563202381134,0.07908236235380173,-0.13672323524951935,0.1957699954509735,0.9678465127944946,-0.10052290558815002,-0.1704401969909668,0.167240172624588,0.965855062007904,-0.06981007754802704,-0.18515200912952423,-0.00084469880675897,0.9802268147468567,-0.031737688928842545,0.7814720869064331,-0.06218424066901207,0.6200219392776489,-0.04383350536227226,0.6374588012695312,-0.05433953180909157,0.7673148512840271,-0.1430831402540207,0.6391184329986572,0.02888178639113903,0.7551295757293701,-0.1430831402540207,0.6391184329986572,0.02888178639113903,0.7551295757293701,-0.09514044970273972,-0.12358716130256653,-0.08780854940414429,0.9838516712188721,0.03723311424255371,-0.1342160403728485,-0.07049952447414398,0.987739622592926,0.015990041196346283,-0.13836389780044556,0.08337802439928055,0.9867359399795532,-0.06754954159259796,0.8220533132553101,0.05142602697014809,0.5630459785461426,-0.054387301206588745,0.6758694648742676,0.0651889443397522,0.7321153879165649,0.03261687234044075,0.6788350343704224,-0.015236220322549343,0.7334077954292297,0.03261687234044075,0.6788350343704224,-0.015236220322549343,0.7334077954292297,-0.04040173813700676,0.5199037194252014,0.034696683287620544,0.852563202381134,-0.03429979458451271,0.03747234120965004,0.023841911926865578,0.998424232006073,0.423557847738266,0.04421602934598923,0.0041899727657437325,0.9047796130180359,0.42393097281455994,-0.051973920315504074,0.17828664183616638,0.8864508271217346,0.35250264406204224,-0.7877108454704285,-0.34482017159461975,0.3692595064640045,0.37372255325317383,-0.7802932858467102,-0.34886375069618225,0.36023321747779846,0.37372255325317383,-0.7802932858467102,-0.34886375069618225,0.36023321747779846,0.01321191992610693,-0.15870407223701477,0.08749058097600937,0.9833533763885498,-0.25431111454963684,-0.17649860680103302,0.041107527911663055,0.9499917030334473,-0.22223018109798431,-0.22464701533317566,-0.10945151001214981,0.9424265623092651,-0.21979102492332458,-0.9152818322181702,0.18872565031051636,0.27988162636756897,-0.37379083037376404,-0.8719708919525146,0.19639936089515686,0.24773862957954407,-0.37379083037376404,-0.8719708919525146,0.19639936089515686,0.24773862957954407,-0.04040173813700676,0.5199037194252014,0.034696683287620544,0.852563202381134
0.2752878665924072,0.032381928712129596,0.4252067029476166,-0.03729615360498428,0.5428211092948914,0.036175236105918884,0.8382395505905151,-1.4168956518173217,-0.36876336932182313,-0.32627194523811337,2.139119863510132,-0.3928428888320923,-0.261238169670105,-1.3746263027191161,0.2552894651889801,0.31610342860221863,2.2023556232452393,-0.4355389356613159,0.2456298112869263,0.0,-1.0653619050979615,0.9293545246124267,0.3580632030963897,-2.172618007659912,-0.05268148928880692,-1.4199999570846558,-0.550000011920929,-0.32315991520881654,-2.0999999046325684,0.32227742075920107,0.0,1.0112784385681153,0.07442905902862551,0.05956756845116615,0.3313554525375364,2.852338361740112,-0.06594739407300951,0.02463272213935891,-0.05854189395904519,0.7397351384162906,-1.7201513051986694,0.6950860112905508,-0.3736188292503351,-0.6517589092254634,-0.7047979235649108,0.2749260455369949,-0.7771453261375428,0.0625719547271738,0.005681753158570002,0.0,-2.3526919364929197,-0.8544222950935362,-1.9803891181945803,0.6525521259754903,-0.3326157569885252,0.0,0.0,0.2131800055503842,0.0,0.02785671353340108,0.0,0.0,0.0,-0.03729615360498428,0.5428211092948914,0.036175236105918884,0.8382395505905151,-0.03729615360498428,0.5428211092948914,0.036175236105918884,0.8382395505905151,0.0858236700296402,-0.1083335429430008,0.19209086894989014,0.9715963006019592,-0.09376029670238495,-0.14171500504016876,0.16895800828933716,0.97086501121521,-0.06931953132152557,-0.15507608652114868,0.009063266217708588,0.9854258894920349,-0.041183724999427795,0.7896999716758728,-0.05632100626826286,0.6095126867294312,-0.051440898329019547,0.6555579900741577,-0.04726124554872513,0.7519068717956543,-0.14893291890621185,0.6561288833618164,0.03853132575750351,0.7388025522232056,-0.14893291890621185,0.6561288833618164,0.03853132575750351,0.7388025522232056,-0.09580275416374207,-0.10025935620069504,-0.08682459592819214,0.9865249395370483,0.030549174174666405,-0.1104889065027237,-0.07325619459152222,0.9907031655311584,0.012818851508200169,-0.11391472816467285,0.08359295129776001,0.9898845553398132,-0.06874796748161316,0.8311684131622314,0.049262885004282,0.5495507121086121,-0.05647653341293335,0.6928063631057739,0.0629497617483139,0.7161473035812378,0.03163720667362213,0.6952881813049316,-0.022443732246756554,0.7176836729049683,0.03163720667362213,0.6952881813049316,-0.022443732246756554,0.7176836729049683,-0.03729615360498428,0.5428211092948914,0.036175236105918884,0.8382395505905151,-0.03111368976533413,0.04156911373138428,0.023286443203687668,0.998379647731781,0.41959404945373535,0.04760773107409477,0.0022057502064853907,0.9064599275588989,0.42133915424346924,-0.03790982812643051,0.15855520963668823,0.8921303153038025,0.33628660440444946,-0.7824307084083557,-0.34807687997817993,0.39186209440231323,0.3590317368507385,-0.7748560905456543,-0.35306113958358765,0.38215458393096924,0.3590317368507385,-0.7748560905456543,-0.35306113958358765,0.38215458393096924,0.017466938123106956,-0.1321333348751068,0.08600527793169022,0.9873392581939697,-0.25129833817481995,-0.15052291750907898,0.046893246471881866,0.9549833536148071,-0.22338226437568665,-0.19855773448944092,-0.10451126843690872,0.9485528469085693,-0.2146809697151184,-0.9075530767440796,0.19257646799087524,0.30524376034736633,-0.36626362800598145,-0.8658297061920166,0.20437008142471313,0.27280479669570923,-0.36626362800598145,-0.8658297061920166,0.20437008142471313,0.27280479669570923,-0.03729615360498428,0.5428211092948914,0.036175236105918884,0.8382395505905151
0.2964691758155823,0.03337454348802566,0.42574152946472166,-0.03361402824521065,0.5652795433998108,0.037579745054244995,0.8233571648597717,-1.411546802520752,-0.36408461928367614,-0.3094381213188171,2.103413391113281,-0.38020035028457644,-0.26179999113082886,-1.3828105449676513,0.24314127862453458,0.3198981523513794,2.1837173461914063,-0.43248975276947027,0.2502051144838333,0.0,-1.112150239944458,0.9134837269783019,0.33000001311302185,-2.1501147270202634,-0.061102285981178325,-1.4199999570846558,-0.550000011920929,-0.32087748050689696,-2.0999999046325684,0.3156050384044647,0.0,1.0539783239364624,0.06586076468229278,0.038701947778463246,0.23023889660835284,2.7118441581726076,-0.09904644787311567,0.26529765129089355,0.17436432093381943,0.8721436262130734,-1.759942412376404,0.7972268581390365,-0.03370928466320032,-0.3962988555431367,-0.6218446254730223,0.2138165712356565,-0.8950037479400639,0.3721825718879678,0.30603815317153854,0.0,-2.324840545654297,-0.7758975625038149,-1.6837913513183564,1.1043977499008182,-0.32388105690479374,0.0,0.0,0.0711305673234169,0.0,-0.29598425328731576,0.0,0.0,0.0,-0.03361402824521065,0.5652795433998108,0.037579745054244995,0.8233571648597717,-0.03361402824521065,0.5652795433998108,0.037579745054244995,0.8233571648597717,0.0928574949502945,-0.07996511459350586,0.18789872527122498,0.9745138883590698,-0.08509526401758194,-0.11266336590051651,0.17025431990623474,0.9752329587936401,-0.06662202626466751,-0.12445506453514099,0.01794731803238392,0.9898234605789185,-0.04853967949748039,0.7976975440979004,-0.04891016706824303,0.5991079807281494,-0.05689722299575806,0.6701216697692871,-0.038855791091918945,0.739046573638916,-0.152875617146492,0.6694604158401489,0.04894525930285454,0.7252973318099976,-0.152875617146492,0.6694604158401489,0.04894525930285454,0.7252973318099976,-0.09604476392269135,-0.07718420773744583,-0.08622286468744278,0.9886271953582764,0.024552706629037857,-0.0870642364025116,-0.07617340981960297,0.9929827451705933,0.01037988904863596,-0.08986298739910126,0.08294979482889175,0.9924396276473999,-0.06883493810892105,0.8393629789352417,0.047425005584955215,0.5371056795120239,-0.05705996975302696,0.7045706510543823,0.061079271137714386,0.7046940326690674,0.03131658583879471,0.7066853642463684,-0.027310553938150406,0.7063067555427551,0.03131658583879471,0.7066853642463684,-0.027310553938150406,0.7063067555427551,-0.03361402824521065,0.5652795433998108,0.037579745054244995,0.8233571648597717,-0.027508795261383057,0.045241087675094604,0.02228798344731331,0.9983484745025635,0.41560906171798706,0.05044377222657204,5.7549565099179745e-05,0.9081435203552246,0.4182341694831848,-0.02773929014801979,0.144639790058136,0.8963203430175781,0.3252979815006256,-0.7772862911224365,-0.34796008467674255,0.4110121428966522,0.35163044929504395,-0.7687207460403442,-0.3543670177459717,0.3998108506202698,0.35163044929504395,-0.7687207460403442,-0.3543670177459717,0.3998108506202698,0.022092223167419434,-0.10557068139314651,0.08406587690114975,0.9906057119369507,-0.24773383140563965,-0.12443171441555023,0.05223971977829933,0.959382951259613,-0.2241547703742981,-0.1719575673341751,-0.09890080243349075,0.9541507959365845,-0.20877274870872498,-0.8991349935531616,0.1964045763015747,0.3307497203350067,-0.35698795318603516,-0.8593980073928833,0.21218813955783844,0.29827994108200073,-0.35698795318603516,-0.8593980073928833,0.21218813955783844,0.29827994108200073,-0.03361402824521065,0.5652795433998108,0.037579745054244995,0.8233571648597717
0.3181591987609863,0.03274415507912636,0.42508029341697695,-0.02880929410457611,0.5872064232826233,0.03886197507381439,0.8079904317855835,-1.4059834718704223,-0.35344855189323426,-0.29564954638481145,2.0651688098907472,-0.38406780958175657,-0.26179999113082886,-1.3922861099243165,0.23243662714958194,0.3212848365306854,2.161388063430786,-0.4514129161834716,0.2470531165599823,0.0,-1.1603961706161499,0.8958487033843995,0.33000001311302185,-2.125534820556641,-0.07923895865678783,-1.4199999570846558,-0.550000011920929,-0.3142959296703339,-2.0999999046325684,0.30516917109489444,0.0,1.0768704414367676,-0.007174374163150629,-0.01512086763977992,0.30811199843883497,2.700497198104858,-0.16126771122217165,0.274949312210083,0.44244360178708975,0.7351074218750003,-1.8741573095321653,0.05427699089050464,-0.008427321165800153,-0.4544083774089812,-0.5568855643272401,0.10545479953289058,-1.0610990405082699,-0.6165729403495768,-0.04169036149978561,0.0,-2.390432357788086,-0.8552877306938169,-0.42094783782959255,1.1978458404541013,-0.761095467209815,0.0,0.0,0.26459077550098253,0.0,-0.4653410762548443,0.0,0.0,0.0,-0.02880929410457611,0.5872064232826233,0.03886197507381439,0.8079904317855835,-0.02880929410457611,0.5872064232826233,0.03886197507381439,0.8079904317855835,0.10054527223110199,-0.05175916105508804,0.18285241723060608,0.9766149520874023,-0.07270975410938263,-0.08310215920209885,0.17084205150604248,0.9790916442871094,-0.059581778943538666,-0.09292937070131302,0.024782873690128326,0.9935793876647949,-0.05172643065452576,0.8054814338684082,-0.03842402994632721,0.5891075134277344,-0.05809907987713814,0.6782408356666565,-0.027844134718179703,0.732010006904602,-0.15314872562885284,0.6760727167129517,0.060922469943761826,0.7181640267372131,-0.15314872562885284,0.6760727167129517,0.060922469943761826,0.7181640267372131,-0.0955018401145935,-0.05468463897705078,-0.08643639087677002,0.9901605248451233,0.019955096766352654,-0.06433207541704178,-0.07945937663316727,0.9945600032806396,0.009415234439074993,-0.06669528782367706,0.08064645528793335,0.9944643378257751,-0.0667230486869812,0.8460060358047485,0.04625522717833519,0.526955783367157,-0.05468296259641647,0.7066177129745483,0.060003653168678284,0.7029229402542114,0.03234408423304558,0.7086265087127686,-0.027516432106494904,0.7043047547340393,0.03234408423304558,0.7086265087127686,-0.027516432106494904,0.7043047547340393,-0.02880929410457611,0.5872064232826233,0.03886197507381439,0.8079904317855835,-0.023067206144332886,0.048064373433589935,0.02040414698421955,0.9983693957328796,0.41159793734550476,0.05217021331191063,-0.0024184598587453365,0.9098679423332214,0.41453495621681213,-0.025396542623639107,0.142521470785141,0.8984450101852417,0.32517462968826294,-0.7733602523803711,-0.3415164649486542,0.42372387647628784,0.35920560359954834,-0.7620425820350647,-0.35027727484703064,0.4093512296676636,0.35920560359954834,-0.7620425820350647,-0.35027727484703064,0.4093512296676636,0.027467548847198486,-0.0791420266032219,0.08128361403942108,0.9931641817092896,-0.24325522780418396,-0.09824059903621674,0.05673862248659134,0.963304877281189,-0.22432105243206024,-0.14449381828308105,-0.09202636778354645,0.9593396782875061,-0.2014206498861313,-0.8899690508842468,0.20031657814979553,0.3567323684692383,-0.34447047114372253,-0.8529729843139648,0.21983113884925842,0.3247327208518982,-0.34447047114372253,-0.8529729843139648,0.21983113884925842,0.3247327208518982,-0.02880929410457611,0.5872064232826233,0.03886197507381439,0.8079904317855835
0.34193035364151,0.02988139167428017,0.42298035621643065,-0.024479268118739128,0.608556866645813,0.04016178101301193,0.7921152114868164,-1.3936124324798584,-0.3413951337337494,-0.2836766004562378,2.0261884689331056,-0.3751689910888672,-0.26179999113082886,-1.3922160625457765,0.22651632726192475,0.31473894119262696,2.135757064819336,-0.45133655071258544,0.2523214668035507,0.0,-1.2148481845855712,0.8682100892066956,0.33000001311302185,-2.1069631576538086,-0.09313097596168517,-1.4199999570846558,-0.550000011920929,-0.30718336105346683,-2.0999999046325684,0.2924353897571564,0.0,1.1469350576400756,-0.09849066287279118,-0.07622283697128289,0.3123107850551606,2.6855929374694822,-0.16206363737583163,0.4823977708816525,0.5743238687515259,0.6349598407745363,-1.934301733970642,0.18961535990238126,0.0,-0.1874098718166356,-0.3917020082473758,-0.16864317655563316,-1.2155155658721921,-0.37617229223251436,0.09501053988933522,0.0,-2.5984787940979,-1.1818588137626642,0.0,1.0487479209899906,-0.7794939398765566,0.0,0.0,0.3450080454349518,0.0,-0.5907307624816893,0.0,0.0,0.0,-0.024479268118739128,0.608556866645813,0.04016178101301193,0.7921152114868164,-0.024479268118739128,0.608556866645813,0.04016178101301193,0.7921152114868164,0.1072068065404892,-0.020259590819478035,0.17760694026947021,0.9780348539352417,-0.06048480421304703,-0.050136223435401917,0.17144984006881714,0.9820554256439209,-0.0526573471724987,-0.058209799230098724,0.030910363420844078,0.9964353442192078,-0.05395282804965973,0.8146477937698364,-0.028290510177612305,0.5767475962638855,-0.05833844467997551,0.6927996873855591,-0.017733430489897728,0.7185477018356323,-0.15162885189056396,0.6891873478889465,0.07284698635339737,0.7047857046127319,-0.15162885189056396,0.6891873478889465,0.07284698635339737,0.7047857046127319,-0.09490156173706055,-0.027715886011719704,-0.08548523485660553,0.991422176361084,0.017752254381775856,-0.0371975339949131,-0.08177101612091064,0.9957984685897827,0.011601241305470467,-0.039507754147052765,0.07529827952384949,0.9963105916976929,-0.06036800891160965,0.8539071083068848,0.04637380689382553,0.5148278474807739,-0.0484594851732254,0.7170592546463013,0.058735571801662445,0.6928403973579407,0.03905573487281799,0.7187561988830566,-0.03200174495577812,0.6934264898300171,0.03905573487281799,0.7187561988830566,-0.03200174495577812,0.6934264898300171,-0.024479268118739128,0.608556866645813,0.04016178101301193,0.7921152114868164,-0.01906849443912506,0.047613173723220825,0.018461938947439194,0.9985132217407227,0.4026719331741333,0.05096981301903725,-0.00330598303116858,0.9139182567596436,0.40552425384521484,-0.025159195065498352,0.1424020528793335,0.9025734663009644,0.32325872778892517,-0.7735589146614075,-0.330694317817688,0.43330344557762146,0.36329060792922974,-0.7600822448730469,-0.34134915471076965,0.41686415672302246,0.36329060792922974,-0.7600822448730469,-0.34134915471076965,0.41686415672302246,0.03247072175145149,-0.05280032753944397,0.0788026973605156,0.9949613809585571,-0.23892807960510254,-0.0722149983048439,0.06150393560528755,0.966393232345581,-0.22444108128547668,-0.1171329915523529,-0.08447384834289551,0.9637272357940674,-0.19346225261688232,-0.8801647424697876,0.2044820487499237,0.3821903467178345,-0.3302246928215027,-0.8462494611740112,0.22717493772506714,0.35100555419921875,-0.3302246928215027,-0.8462494611740112,0.22717493772506714,0.35100555419921875,-0.024479268118739128,0.608556866645813,0.04016178101301193,0.7921152114868164
0.3667420744895935,0.025902440771460533,0.42016106843948364,-0.020379524677991867,0.6293954849243164,0.04145566746592522,0.7757108807563782,-1.3778375387191772,-0.32863304018974304,-0.27261146903038025,1.9868402481079102,-0.359887033700943,-0.26179999113082886,-1.3873732089996338,0.22298820316791534,0.30422675609588623,2.1084752082824707,-0.44176042079925537,0.26179999113082886,0.0,-1.2724032402038574,0.8355696797370911,0.33000001311302185,-2.091395616531372,-0.10490066558122635,-1.4199999570846558,-0.550000011920929,-0.29980528354644775,-2.0999999046325684,0.2785526514053345,0.0,1.2405859231948853,-0.19894752651453018,-0.14096438884735107,0.27967241406440735,2.668910026550293,-0.1321468949317932,0.7887446284294128,0.6381046175956726,0.5532565712928772,-1.967410922050476,0.7640978246927261,0.0,0.24214264750480652,-0.17640620470046997,-0.5256092548370361,-1.3640927076339722,0.47880643606185913,0.4739261716604233,0.0,-2.8777525424957275,-1.632020354270935,0.0,0.7783769965171814,-0.5884844660758972,0.0,0.0,0.36890384554862976,0.0,-0.6941368579864502,0.0,0.0,0.0,-0.020379524677991867,0.6293954849243164,0.04145566746592522,0.7757108807563782,-0.020379524677991867,0.6293954849243164,0.04145566746592522,0.7757108807563782,0.1132795512676239,0.01288577076047659,0.17214415967464447,0.9784519076347351,-0.04829957336187363,-0.015446809120476246,0.17193326354026794,0.9838025569915771,-0.04575261101126671,-0.021866677328944206,0.03665546700358391,0.9980405569076538,-0.05568655580282211,0.8243204355239868,-0.01832844875752926,0.563079833984375,-0.058067746460437775,0.7102341055870056,-0.008066067472100258,0.7015202045440674,-0.1491379290819168,0.70521080493927,0.08470730483531952,0.6879391670227051,-0.1491379290819168,0.70521080493927,0.08470730483531952,0.6879391670227051,-0.09422113746404648,0.0014947995077818632,-0.08390549570322037,0.9920080900192261,0.01673792488873005,-0.00785007979720831,-0.0835508406162262,0.9963319897651672,0.01535515021532774,-0.010295690037310123,0.06838555634021759,0.9974876642227173,-0.05187911167740822,0.8622544407844543,0.04712666943669319,0.5016023516654968,-0.040293797850608826,0.7314106225967407,0.057347845286130905,0.6783259510993958,0.04859042912721634,0.7326387166976929,-0.03861124441027641,0.6777821779251099,0.04859042912721634,0.7326387166976929,-0.03861124441027641,0.6777821779251099,-0.020379524677991867,0.6293954849243164,0.04145566746592522,0.7757108807563782,-0.015291118063032627,0.04552433639764786,0.01649041287600994,0.998710036277771,0.3912374973297119,0.048299554735422134,-0.0033988275099545717,0.919015109539032,0.39380645751953125,-0.025971343740820885,0.14326393604278564,0.9075887799263,0.3204038441181183,-0.7757171988487244,-0.31764018535614014,0.4412583112716675,0.3656021058559418,-0.7604222893714905,-0.329976350069046,0.4233304560184479,0.3656021058559418,-0.7604222893714905,-0.329976350069046,0.4233304560184479,0.037274450063705444,-0.02649310790002346,0.07644543796777725,0.996024489402771,-0.23459354043006897,-0.046256158500909805,0.0663788914680481,0.9687208533287048,-0.2244459092617035,-0.08978690952062607,-0.07655075937509537,0.9673171043395996,-0.18512462079524994,-0.8696843385696411,0.2086886614561081,0.40721872448921204,-0.3149484097957611,-0.838935911655426,0.23424644768238068,0.37699154019355774,-0.3149484097957611,-0.838935911655426,0.23424644768238068,0.37699154019355774,-0.020379524677991867,0.6293954849243164,0.04145566746592522,0.7757108807563782
0.39501212835311905,0.02783834971487523,0.41488502025604246,-0.023473229259252548,0.653274416923523,0.03824271634221077,0.7557904720306396,-1.3598259687423706,-0.3161208570003509,-0.2812234520912171,1.9387655496597287,-0.35715582966804504,-0.26179999113082886,-1.3839993476867676,0.21098660528659816,0.3024999141693115,2.0675734519958495,-0.44864384531974794,0.26179999113082886,0.0,-1.2711833000183106,0.7995193958282469,0.33000001311302185,-2.0848875045776367,-0.11928837001323707,-1.4199999570846558,-0.550000011920929,-0.2847993075847625,-2.0999999046325684,0.27068696618080135,0.0,1.3443359136581425,-0.02150174081325451,-0.21466720104217563,-0.23726379275322196,2.9199048519134534,-0.06521987915039032,0.8558449149131778,0.6306073069572449,-0.037056863307955545,-2.2292051792144787,0.38757524490356277,0.0,0.1980728954076765,-0.4306103676557552,-0.2620489597320545,-1.7726897716522234,-0.014980131387712814,0.18957047462463256,0.0,-1.114502811431877,-1.7343165874481206,0.0,0.5065941393375385,-0.667024910449982,0.0,0.0,0.5977407813072215,0.0,-0.5136252820491782,0.0,0.0,0.0,-0.023473229259252548,0.653274416923523,0.03824271634221077,0.7557904720306396,-0.023473229259252548,0.653274416923523,0.03824271634221077,0.7557904720306396,0.11127132177352905,0.05283423885703087,0.16701021790504456,0.9782305359840393,-0.04409802705049515,0.025892890989780426,0.17308026552200317,0.9835793375968933,-0.04741046577692032,0.019452374428510666,0.03352636098861694,0.9981231689453125,-0.05448269471526146,0.8339943885803223,-0.020135968923568726,0.5487073063850403,-0.0571921169757843,0.7232645153999329,-0.010137339122593403,0.6881239414215088,-0.14652124047279358,0.7184000611305237,0.08435456454753876,0.6747718453407288,-0.14652124047279358,0.7184000611305237,0.08435456454753876,0.6747718453407288,-0.10238704830408096,0.03330698609352112,-0.08091522008180618,0.9908886551856995,0.002523344475775957,0.02460399642586708,-0.08384836465120316,0.9961715936660767,0.006182016804814339,0.023937635123729706,0.06720636785030365,0.9974328279495239,-0.05467437207698822,0.869275689125061,0.03972286731004715,0.489685982465744,-0.04448206350207329,0.7385669946670532,0.050898000597953796,0.6707829236984253,0.043453432619571686,0.7388918399810791,-0.045939989387989044,0.670850396156311,0.043453432619571686,0.7388918399810791,-0.045939989387989044,0.670850396156311,-0.023473229259252548,0.653274416923523,0.03824271634221077,0.7557904720306396,-0.020582161843776703,0.0770360678434372,0.01650734804570675,0.9966791868209839,0.368968665599823,0.07753889262676239,-0.014428756199777126,0.9260895252227783,0.37651941180229187,0.0064483946189284325,0.13377322256565094,0.9166768193244934,0.30260202288627625,-0.7667273283004761,-0.3068562150001526,0.4758157730102539,0.3537822365760803,-0.7499226331710815,-0.3231580853462219,0.45609527826309204,0.3537822365760803,-0.7499226331710815,-0.3231580853462219,0.45609527826309204,0.03381546959280968,0.004701598547399044,0.07520612329244614,0.9965833425521851,-0.23807430267333984,-0.015897056087851524,0.07365697622299194,0.9683194160461426,-0.23262980580329895,-0.05805236101150513,-0.06212349981069565,0.9688414931297302,-0.17498207092285156,-0.8548022508621216,0.2231101393699646,0.43464499711990356,-0.3002880811691284,-0.8267932534217834,0.25192973017692566,0.40344950556755066,-0.3002880811691284,-0.8267932534217834,0.25192973017692566,0.40344950556755066,-0.023473229259252548,0.653274416923523,0.03824271634221077,0.7557904720306396
0.4300117254257205,0.02528159059584133,0.403664195537567,-0.020436448976397514,0.685686469078064,0.028889164328575134,0.7270364761352539,-1.340510582923889,-0.2980540096759794,-0.2866870820522308,1.8901982545852658,-0.3514575362205505,-0.26179999113082886,-1.3754388809204101,0.19905471205711356,0.29680457711219776,2.0252418041229245,-0.4547715067863465,0.26179999113082886,0.0,-1.272206473350525,0.7583051204681392,0.33000001311302185,-2.0821914672851562,-0.13087355196475986,-1.4199999570846558,-0.550000011920929,-0.27051039934158316,-2.0999999046325684,0.2614081382751464,0.0,1.6153888702392618,-0.03798459768295556,-0.44214568138122917,-0.5871276021003724,3.8244388580322415,-0.5340209685266121,0.9396929264068611,0.7922490119934116,-0.33614853620528984,-2.418512582778931,0.225572872161867,0.0,0.3242912024259599,-0.5979887008666992,-0.2053969308733964,-2.087984561920167,-0.3214983075857158,0.0,0.0,-0.006296399980784809,-1.9574337959289583,0.0,0.2110433399677254,-0.6353095293045027,0.0,0.0,0.728786706924438,0.0,-0.4356785058975228,0.0,0.0,0.0,-0.020436448976397514,0.685686469078064,0.028889164328575134,0.7270364761352539,-0.020436448976397514,0.685686469078064,0.028889164328575134,0.7270364761352539,0.11167439073324203,0.10442619025707245,0.15187408030033112,0.9765030145645142,-0.034584544599056244,0.08057694137096405,0.16520407795906067,0.9823537468910217,-0.04572492837905884,0.07480807602405548,0.023175880312919617,0.9958793520927429,-0.04561692103743553,0.8510160446166992,-0.023740146309137344,0.522615909576416,-0.04904209077358246,0.7465457916259766,-0.015343884006142616,0.6633466482162476,-0.13520683348178864,0.742161750793457,0.08223140239715576,0.6512702703475952,-0.13520683348178864,0.742161750793457,0.08223140239715576,0.6512702703475952,-0.11061152815818787,0.08068659901618958,-0.0846671313047409,0.9869580268859863,-0.011970879510045052,0.07194289565086365,-0.09206914901733398,0.9930781722068787,-0.0014395699836313725,0.07291854918003082,0.05580116808414459,0.9957745671272278,-0.04827284440398216,0.8832516670227051,0.02806982956826687,0.46556252241134644,-0.0407264344394207,0.755562424659729,0.03820759803056717,0.6526920795440674,0.04481559991836548,0.7540856003761292,-0.060740187764167786,0.6524240970611572,0.04481559991836548,0.7540856003761292,-0.060740187764167786,0.6524240970611572,-0.020436448976397514,0.685686469078064,0.028889164328575134,0.7270364761352539,-0.024921929463744164,0.11976057291030884,0.008239410817623138,0.9924558401107788,0.34427547454833984,0.11483842134475708,-0.03608127683401108,0.9311201572418213,0.3580526113510132,0.0472373403608799,0.1134941577911377,0.9255732893943787,0.27391040325164795,-0.7541751861572266,-0.30101653933525085,0.5153462886810303,0.3298203647136688,-0.7372570633888245,-0.3215670883655548,0.4942317008972168,0.3298203647136688,-0.7372570633888245,-0.3215670883655548,0.4942317008972168,0.03136011213064194,0.04786320775747299,0.0649603083729744,0.9962458610534668,-0.240345761179924,0.028424983844161034,0.07551654428243637,0.9673278331756592,-0.24114015698432922,-0.012343764305114746,-0.05333267152309418,0.9689452052116394,-0.16911694407463074,-0.8317059278488159,0.23496533930301666,0.4737679660320282,-0.2885589599609375,-0.8058896064758301,0.26831918954849243,0.44190552830696106,-0.2885589599609375,-0.8058896064758301,0.26831918954849243,0.44190552830696106,-0.020436448976397514,0.685686469078064,0.028889164328575134,0.7270364761352539
0.47847040891647363,0.01373949535191054,0.38055381774902336,-0.005116633605211973,0.7337766289710999,0.007232923526316881,0.6793330907821655,-1.318587565422058,-0.26887783408164967,-0.28585400581359866,1.8406457662582396,-0.33982506394386286,-0.26179999113082886,-1.3565052032470701,0.1872622281312942,0.2831722497940063,1.9800503730773924,-0.45938764214515687,0.26179999113082886,0.0,-1.2777158737182617,0.7067628622055051,0.33000001311302185,-2.0871195793151855,-0.13685368895530703,-1.4199999570846558,-0.550000011920929,-0.25765562653541557,-2.0999999046325684,0.24930302500724788,0.0,2.221047759056094,-0.4423247098922747,-0.9771754980087305,-0.6028465270996094,6.036051225662241,-2.0742782793939183,1.0570363879203801,1.2921687483787558,-0.0527967751026141,-2.462846279144287,0.49261088371276973,0.0,0.7910856574773809,-0.5917153000831604,-0.5625614568591133,-2.2166748046875004,-0.25347964167594883,0.0,0.0,-0.2081766165792951,-2.422192955017092,0.0,-0.13204334378242644,-0.38308249711990244,0.0,0.0,0.6642506122589109,0.0,-0.5628613293170934,0.0,0.0,0.0,-0.005116633605211973,0.7337766289710999,0.007232923526316881,0.6793330907821655,-0.005116633605211973,0.7337766289710999,0.007232923526316881,0.6793330907821655,0.11668599396944046,0.17888247966766357,0.11652863025665283,0.9699517488479614,-0.014421427622437477,0.16150625050067902,0.138963520526886,0.9769324064254761,-0.03726395592093468,0.15780316293239594,-0.0016105002723634243,0.9867658615112305,-0.02134529873728752,0.8808148503303528,-0.030878636986017227,0.47197040915489197,-0.02623569965362549,0.788324773311615,-0.026769321411848068,0.6141164898872375,-0.10616971552371979,0.7850746512413025,0.07635696232318878,0.6054381132125854,-0.10616971552371979,0.7850746512413025,0.07635696232318878,0.6054381132125854,-0.11864205449819565,0.15882296860218048,-0.10166113823652267,0.9748662710189819,-0.026946276426315308,0.14869093894958496,-0.1158694475889206,0.9817022085189819,-0.005931262392550707,0.1510033756494522,0.023851312696933746,0.9882277250289917,-0.023382365703582764,0.9090420007705688,0.007870162837207317,0.41597384214401245,-0.021000806242227554,0.7904574275016785,0.012965705245733261,0.6120195388793945,0.0590636283159256,0.7853873372077942,-0.09032085537910461,0.6095247268676758,0.0590636283159256,0.7853873372077942,-0.09032085537910461,0.6095247268676758,-0.005116633605211973,0.7337766289710999,0.007232923526316881,0.6793330907821655,-0.02730962447822094,0.18459519743919373,-0.01657901704311371,0.9822953343391418,0.3144276738166809,0.16797848045825958,-0.07884390652179718,0.9309685230255127,0.33688026666641235,0.10455012321472168,0.07159532606601715,0.9329817295074463,0.22336538136005402,-0.7339985370635986,-0.3048608899116516,0.564281702041626,0.2813072204589844,-0.7194967269897461,-0.33007746934890747,0.542438268661499,0.2813072204589844,-0.7194967269897461,-0.33007746934890747,0.542438268661499,0.030857954174280167,0.11473919451236725,0.03661831468343735,0.992240846157074,-0.2397414743900299,0.10048429667949677,0.0663994625210762,0.9633369445800781,-0.2499067783355713,0.06116640567779541,-0.055753275752067566,0.9647263884544373,-0.17156077921390533,-0.7909939289093018,0.24129419028759003,0.5354182720184326,-0.28231513500213623,-0.7663942575454712,0.2816837728023529,0.503579318523407,-0.28231513500213623,-0.7663942575454712,0.2816837728023529,0.503579318523407,-0.005116633605211973,0.7337766289710999,0.007232923526316881,0.6793330907821655
0.5104660987854004,0.007930150069296354,0.3627851247787475,1.435842871280003e-16,0.7581343650817871,-1.0651664304849441e-16,0.652098536491394,-1.286997389793396,-0.2470676779747009,-0.28918816447257994,1.7939975023269652,-0.32634477615356444,-0.26179999113082886,-1.3341682434082032,0.1770341336727142,0.280062073469162,1.942320680618286,-0.45801827907562254,0.26179999113082886,0.0,-1.2787144899368286,0.6505949974060057,0.33000001311302185,-2.1028379440307616,-0.14246346652507783,-1.4199999570846558,-0.550000011920929,-0.2527928352355957,-2.0999999046325684,0.2376137316226959,0.0,1.9290442466735822,-0.4051222443580622,-0.9952682495117182,-0.3648517012596122,4.901710891723626,-1.5526183605194057,1.3861655712127696,1.2378281116485588,-0.08336323872208637,-2.390497541427612,0.6370580196380617,0.0,1.0487822651863101,-0.542692482471466,-0.3659518003463735,-2.0357193470001214,-0.051241812109946605,0.0,0.0,-0.14014649391174272,-2.7158808708190922,0.0,-0.570113167166711,-0.2878960490226745,0.0,0.0,0.4029791593551628,0.0,-0.5927810192108154,0.0,0.0,0.0,1.435842871280003e-16,0.7581343650817871,-1.0651664304849441e-16,0.652098536491394,1.435842871280003e-16,0.7581343650817871,-1.0651664304849441e-16,0.652098536491394,0.11772593855857849,0.22858916223049164,0.1013297587633133,0.961051344871521,-0.0016433908604085445,0.21436651051044464,0.12849940359592438,0.9682625532150269,-0.03258656710386276,0.2118983268737793,-0.012343395501375198,0.9766702651977539,-0.010683409869670868,0.8954406380653381,-0.03321521356701851,0.44381165504455566,-0.015935827046632767,0.8114501237869263,-0.03102310560643673,0.5833803415298462,-0.091946080327034,0.808557391166687,0.07515803724527359,0.576309323310852,-0.091946080327034,0.808557391166687,0.07515803724527359,0.576309323310852,-0.12139807641506195,0.2059122771024704,-0.10446381568908691,0.965375542640686,-0.035562433302402496,0.1958705186843872,-0.1221589520573616,0.9723411798477173,-0.007852246053516865,0.1989177167415619,0.014745263382792473,0.9798738956451416,-0.01658845692873001,0.9211841821670532,0.001864660531282425,0.38876891136169434,-0.015734774991869926,0.8088781833648682,0.005579025950282812,0.5877392888069153,0.061115384101867676,0.8026862144470215,-0.10004872828722,0.584764838218689,0.061115384101867676,0.8026862144470215,-0.10004872828722,0.584764838218689,1.435842871280003e-16,0.7581343650817871,-1.0651664304849441e-16,0.652098536491394,-0.02840421348810196,0.22006109356880188,-0.024432063102722168,0.9747663736343384,0.2847042977809906,0.20083513855934143,-0.09308995306491852,0.9327073097229004,0.31279975175857544,0.14181511104106903,0.05813444033265114,0.9373713731765747,0.19578951597213745,-0.7248983979225159,-0.2927955687046051,0.5919961929321289,0.2559100389480591,-0.7113301157951355,-0.3211975693702698,0.5703962445259094,0.2559100389480591,-0.7113301157951355,-0.3211975693702698,0.5703962445259094,0.031029794365167618,0.15071919560432434,0.026689834892749786,0.987729012966156,-0.23835095763206482,0.1378084123134613,0.0666143074631691,0.95904141664505,-0.2532551884651184,0.09913118183612823,-0.0526895672082901,0.960863471031189,-0.16849765181541443,-0.7685844898223877,0.24559667706489563,0.566187858581543,-0.2723529636859894,-0.7457886338233948,0.2884095311164856,0.5352038741111755,-0.2723529636859894,-0.7457886338233948,0.2884095311164856,0.5352038741111755,1.435842871280003e-16,0.7581343650817871,-1.0651664304849441e-16,0.652098536491394
0.5342302918434143,0.004987179767340421,0.3476872742176056,3.5096998104917107e-16,0.7716245651245117,-2.7417564471049125e-16,0.6360782384872437,-1.2505736351013184,-0.22894053161144257,-0.29460594058036804,1.748801350593567,-0.31194058060646057,-0.26179999113082886,-1.3101296424865723,0.1675882339477539,0.2822129726409912,1.9083218574523926,-0.4536561667919159,0.26179999113082886,0.0,-1.2774577140808105,0.5921143293380737,0.33000001311302185,-2.1239514350891113,-0.14788806438446045,-1.4199999570846558,-0.550000011920929,-0.2519260346889496,-2.0999999046325684,0.2261323481798172,0.0,1.1882095336914062,-0.1471484899520874,-0.7548924684524536,0.0,2.0943942070007324,0.0,1.8211876153945923,0.9063572883605958,-0.2708888091146946,-2.259807586669922,0.7202097177505493,0.0,1.2019299268722534,-0.47229495644569397,0.10754495859146118,-1.6999410390853882,0.21810559928417206,0.0,0.0,0.06283879280090332,-2.9240331649780273,0.0,-1.0556745380163193,-0.27122989296913147,0.0,0.0,0.04334002733230591,0.0,-0.5740691423416138,0.0,0.0,0.0,3.5096998104917107e-16,0.7716245651245117,-2.7417564471049125e-16,0.6360782384872437,3.5096998104917107e-16,0.7716245651245117,-2.7417564471049125e-16,0.6360782384872437,0.1168968454003334,0.26600030064582825,0.09636233001947403,0.9519943594932556,0.0073945969343185425,0.25325289368629456,0.1261143535375595,0.9591159820556641,-0.029855625703930855,0.2515956163406372,-0.016021665185689926,0.9672391414642334,-0.006859924644231796,0.9034141302108765,-0.03318122401833534,0.4274281859397888,-0.011930981650948524,0.8260517120361328,-0.03171283379197121,0.5625749230384827,-0.08525983989238739,0.8231240510940552,0.07638010382652283,0.5562046766281128,-0.08525983989238739,0.8231240510940552,0.07638010382652283,0.5562046766281128,-0.12166611105203629,0.2376030832529068,-0.10029380768537521,0.9584797024726868,-0.04101821780204773,0.22837521135807037,-0.11982835829257965,0.965299665927887,-0.008492148481309414,0.23187413811683655,0.017121097072958946,0.9725580215454102,-0.018878838047385216,0.9275321364402771,0.002972880145534873,0.3732543885707855,-0.017726685851812363,0.8198326230049133,0.007142352871596813,0.5722841620445251,0.05712321773171425,0.8137511014938354,-0.09992863237857819,0.5697019696235657,0.05712321773171425,0.8137511014938354,-0.09992863237857819,0.5697019696235657,3.5096998104917107e-16,0.7716245651245117,-2.7417564471049125e-16,0.6360782384872437,-0.028885239735245705,0.24103616178035736,-0.023811155930161476,0.9697939157485962,0.25530996918678284,0.2236027717590332,-0.09309782087802887,0.9360296130180359,0.2875368595123291,0.16905780136585236,0.058974508196115494,0.9408847093582153,0.17996373772621155,-0.7220816016197205,-0.2730883061885834,0.6096178889274597,0.24238966405391693,-0.7086943984031677,-0.30395784974098206,0.5887352228164673,0.24238966405391693,-0.7086943984031677,-0.30395784974098206,0.5887352228164673,0.03158193826675415,0.17137154936790466,0.026034142822027206,0.9843559265136719,-0.2369035929441452,0.1578628122806549,0.0715913400053978,0.9559449553489685,-0.254255086183548,0.11936768144369125,-0.04696562513709068,0.9585927128791809,-0.162932351231575,-0.7565085887908936,0.24923449754714966,0.5822627544403076,-0.2609368860721588,-0.7357332110404968,0.29220378398895264,0.5524721741676331,-0.2609368860721588,-0.7357332110404968,0.29220378398895264,0.5524721741676331,3.5096998104917107e-16,0.7716245651245117,-2.7417564471049125e-16,0.6360782384872437
0.5601701855659486,-0.0017717399634421174,0.32602416276931756,1.4719463271677374e-16,0.7847764492034912,-1.0290630407716587e-16,0.619779109954834,-1.2003679752349852,-0.19562241733074173,-0.2995234847068787,1.6913166761398313,-0.3072264552116394,-0.26179997324943544,-1.2709597349166868,0.16315371096134185,0.2639974117279052,1.8647027015686033,-0.45481550693511963,0.26179999113082886,0.0,-1.275915837287903,0.5827836751937866,0.33000001311302185,-2.147040605545044,-0.1611172109842301,-1.4199999570846558,-0.550000011920929,-0.24315800964832301,-2.0999999046325684,0.21681194007396692,0.0,1.2534805536270144,-0.26162698268890433,-0.9518502950668344,1.1865874493914574e-15,2.0943952083587645,5.326905840800892e-15,2.2346446990966817,1.3620862722396871,-0.25588183701038353,-2.6284631252288833,0.42950764894485344,5.364417688724667e-07,1.6558691263198873,-0.32195367217063836,-0.5034488156437902,-1.9885510921478284,0.05246204435825272,0.0,0.0,0.07139181643724446,-1.4495328903198177,0.0,-1.1149448633193972,-0.505366337299348,0.0,0.0,0.2803767405450355,0.0,-0.5092398822307583,0.0,0.0,0.0,1.4719463271677374e-16,0.7847764492034912,-1.0290630407716587e-16,0.619779109954834,1.4719463271677374e-16,0.7847764492034912,-1.0290630407716587e-16,0.619779109954834,0.11471067368984222,0.3095105290412903,0.09068845212459564,0.9395852088928223,0.02225986123085022,0.29917576909065247,0.12000228464603424,0.9463603496551514,-0.022704780101776123,0.2991615831851959,-0.022516606375575066,0.953666627407074,0.001813327195122838,0.9121423363685608,-0.032079730182886124,0.40861213207244873,-0.0031163052190095186,0.8388803005218506,-0.03196675702929497,0.5433675646781921,-0.07401350140571594,0.8358761072158813,0.07780282199382782,0.5383121967315674,-0.07401350140571594,0.8358761072158813,0.07780282199382782,0.5383121967315674,-0.1205582320690155,0.2762413024902344,-0.09528377652168274,0.9487241506576538,-0.042834118008613586,0.2675575017929077,-0.11742040514945984,0.9554007649421692,-0.007482987828552723,0.27088451385498047,0.009411961771547794,0.9625366926193237,-0.01206478662788868,0.9343715906143188,-0.000498990761116147,0.35609567165374756,-0.011868479661643505,0.8300325274467468,0.002231612103059888,0.5575844049453735,0.06101258844137192,0.8232226371765137,-0.10612870752811432,0.5543632507324219,0.06101258844137192,0.8232226371765137,-0.10612870752811432,0.5543632507324219,1.4719463271677374e-16,0.7847764492034912,-1.0290630407716587e-16,0.619779109954834,-0.02934703603386879,0.26203662157058716,-0.023177586495876312,0.9643331170082092,0.24894654750823975,0.2443496733903885,-0.09741729497909546,0.9321098327636719,0.28461629152297974,0.1906065046787262,0.05413678288459778,0.937940239906311,0.17046326398849487,-0.7162363529205322,-0.2750556766986847,0.618297815322876,0.23812371492385864,-0.7022321224212646,-0.30946362018585205,0.595314621925354,0.23812371492385864,-0.7022321224212646,-0.30946362018585205,0.595314621925354,0.032120231539011,0.191948801279068,0.02536703273653984,0.9805512428283691,-0.23535235226154327,0.17784801125526428,0.07653697580099106,0.9524292945861816,-0.2545098066329956,0.14080138504505157,-0.03752799332141876,0.9560290575027466,-0.15371540188789368,-0.7436328530311584,0.2540619373321533,0.5990278720855713,-0.24688664078712463,-0.7249354124069214,0.2973795533180237,0.5701587796211243,-0.24688664078712463,-0.7249354124069214,0.2973795533180237,0.5701587796211243,1.4719463271677374e-16,0.7847764492034912,-1.0290630407716587e-16,0.619779109954834
0.5825262308120729,-0.009268295392394125,0.306426841020584,8.238677872869773e-17,0.7944146394729614,-4.199974156907781e-17,0.6073758602142334,-1.151016545295715,-0.1604226499795911,-0.3050431549549103,1.6349359750747676,-0.303735625743866,-0.2591525852680206,-1.2249680042266842,0.15966659188270568,0.24401794970035537,1.8183434247970578,-0.4553478956222534,0.26179999113082886,0.0,-1.2758885383605958,0.586791253089905,0.33000001311302185,-2.1689038753509524,-0.1719612628221512,-1.4199999570846558,-0.550000011920929,-0.23208213448524465,-2.0999999046325684,0.2032058715820311,0.0,1.189479124546049,-0.36007505059242295,-1.0211818218231188,1.0085988915256026e-15,1.780236196517938,1.597868803146041e-14,2.484655857086181,1.7223551988601695,-0.2639409720897678,-2.8411142826080313,0.19900738000869678,0.07942199110979277,2.163149929046635,-0.1933040171861643,-0.9636950254440318,-2.2631613731384292,-0.03915846124291382,0.0,0.0,0.031656502187251134,-0.0663857638835827,0.0,-1.1176813960075371,-0.5899044573307023,0.0,0.0,0.5076367259025587,0.0,-0.5945901930332209,0.0,0.0,0.0,8.238677872869773e-17,0.7944146394729614,-4.199974156907781e-17,0.6073758602142334,8.238677872869773e-17,0.7944146394729614,-4.199974156907781e-17,0.6073758602142334,0.11190392076969147,0.34714096784591675,0.08557222783565521,0.9271721839904785,0.03716983646154404,0.3391569256782532,0.11287932842969894,0.9331929683685303,-0.014836598187685013,0.3408840596675873,-0.030194463208317757,0.9395031332969666,0.011864610016345978,0.9184741377830505,-0.03162898123264313,0.3940354585647583,0.006943736225366592,0.8482913374900818,-0.033057015389204025,0.5284513831138611,-0.061406057327985764,0.8454604744911194,0.07682592421770096,0.5249034762382507,-0.061406057327985764,0.8454604744911194,0.07682592421770096,0.5249034762382507,-0.11820414662361145,0.3127261698246002,-0.09039250016212463,0.9381148815155029,-0.043010640889406204,0.30452093482017517,-0.11503244191408157,0.9445552825927734,-0.005798335652798414,0.30752265453338623,0.0008380431681871414,0.951522707939148,-0.004269604571163654,0.9396880269050598,-0.004172178916633129,0.34198084473609924,-0.005100148264318705,0.8382492065429688,-0.003099441761150956,0.5452545881271362,0.0661136582493782,0.830673336982727,-0.11248666048049927,0.5412555932998657,0.0661136582493782,0.830673336982727,-0.11248666048049927,0.5412555932998657,8.238677872869773e-17,0.7944146394729614,-4.199974156907781e-17,0.6073758602142334,-0.029706941917538643,0.277164489030838,-0.022712452337145805,0.9600946307182312,0.24921908974647522,0.2587449252605438,-0.10192243754863739,0.9276598691940308,0.2871984541416168,0.20480747520923615,0.048960525542497635,0.9344375729560852,0.1637491136789322,-0.7128943800926208,-0.28190580010414124,0.6208839416503906,0.23576976358890533,-0.6984680891036987,-0.31880244612693787,0.5957515239715576,0.23576976358890533,-0.6984680891036987,-0.31880244612693787,0.5957515239715576,0.03251471370458603,0.20732691884040833,0.02485937997698784,0.977415144443512,-0.23412111401557922,0.19278615713119507,0.08022428303956985,0.9495182037353516,-0.25422564148902893,0.15753526985645294,-0.028335442766547203,0.9538077116012573,-0.14469926059246063,-0.733420729637146,0.25830844044685364,0.6119092702865601,-0.2314298450946808,-0.7170976400375366,0.3005616068840027,0.5847001075744629,-0.2314298450946808,-0.7170976400375366,0.3005616068840027,0.5847001075744629,8.238677872869773e-17,0.7944146394729614,-4.199974156907781e-17,0.6073758602142334
0.5977145791053771,-0.018240123614668785,0.2909610986709596,2.95635753824771e-16,0.7975839376449585,-2.0190652895295833e-16,0.6032080054283142,-1.1033735752105716,-0.12145957648754147,-0.31176707744598386,1.5807632207870488,-0.302691388130188,-0.25121045708656314,-1.1653326272964482,0.15807428061962128,0.22051068544387833,1.7665039062500003,-0.4546263813972473,0.26179999113082886,0.0,-1.2788903951644897,0.6174752950668333,0.33000001311302185,-2.1883153438568113,-0.1780351251363754,-1.4199999570846558,-0.550000011920929,-0.21639055907726298,-2.0999999046325684,0.18102848231792465,0.0,0.866932797431948,-0.4264622986316676,-0.8352607488632214,4.746356319719559e-16,0.8377571582794252,-1.5988835486168518e-14,2.407775163650513,1.8917040109634389,-0.31813231408596004,-2.7417566776275644,0.0889107555150993,0.3176852822303188,2.7771139383316,-0.10803766548633632,-1.1224461436271658,-2.50977210998535,0.017267165333032228,0.0,0.0,-0.10465548783540635,1.1340549767017285,0.0,-1.0073503732681282,-0.3752459287643447,0.0,0.0,0.7153432369232164,0.0,-0.9802996456623052,0.0,0.0,0.0,2.95635753824771e-16,0.7975839376449585,-2.0190652895295833e-16,0.6032080054283142,2.95635753824771e-16,0.7975839376449585,-2.0190652895295833e-16,0.6032080054283142,0.10819344967603683,0.3738735318183899,0.08184133470058441,0.9175047278404236,0.052222054451704025,0.3682040870189667,0.10415013879537582,0.922416090965271,-0.005622223950922489,0.3718642592430115,-0.04030247777700424,0.927394688129425,0.02467067912220955,0.9206581711769104,-0.03250259906053543,0.388231098651886,0.019488969817757607,0.8516011834144592,-0.03584777191281319,0.5225996971130371,-0.04614163562655449,0.8493923544883728,0.0711139440536499,0.5209091305732727,-0.04614163562655449,0.8493923544883728,0.0711139440536499,0.5209091305732727,-0.11358720064163208,0.3453761339187622,-0.08592402935028076,0.9275939464569092,-0.03999064862728119,0.3375132977962494,-0.1129133552312851,0.9336681365966797,-0.0027796076610684395,0.33989417552948,-0.009435401298105717,0.9404122233390808,0.0054795509204268456,0.9424675107002258,-0.008247464895248413,0.3341512382030487,0.0034809268545359373,0.8429182767868042,-0.009268811903893948,0.5379503965377808,0.07366792857646942,0.8344972133636475,-0.11921269446611404,0.5328937768936157,0.07366792857646942,0.8344972133636475,-0.11921269446611404,0.5328937768936157,2.95635753824771e-16,0.7975839376449585,-2.0190652895295833e-16,0.6032080054283142,-0.029885809868574142,0.28074854612350464,-0.02260223776102066,0.9590497016906738,0.2629334330558777,0.2605992257595062,-0.1068640649318695,0.9227861166000366,0.30097952485084534,0.20443865656852722,0.04314560070633888,0.9304593801498413,0.16262532770633698,-0.7146254181861877,-0.29854390025138855,0.6113386750221252,0.23722457885742188,-0.7000548243522644,-0.33578282594680786,0.5838643908500671,0.23722457885742188,-0.7000548243522644,-0.33578282594680786,0.5838643908500671,0.03264443576335907,0.21244177222251892,0.02468879148364067,0.9763162136077881,-0.23369784653186798,0.19775515794754028,0.08144902437925339,0.9484958648681641,-0.2530767619609833,0.16498349606990814,-0.01966642588376999,0.9530718326568604,-0.13621535897254944,-0.7291607856750488,0.26160481572151184,0.6175216436386108,-0.21336930990219116,-0.7157775163650513,0.2999984323978424,0.5934114456176758,-0.21336930990219116,-0.7157775163650513,0.2999984323978424,0.5934114456176758,2.95635753824771e-16,0.7975839376449585,-2.0190652895295833e-16,0.6032080054283142
0.6131927967071532,-0.02642847634851929,0.2725545823574067,2.2495903353829654e-16,0.7993913888931274,-1.4819632858624075e-16,0.6008105874061584,-1.0422340869903568,-0.08171138465404529,-0.30912961363792424,1.5166639089584353,-0.3090016961097717,-0.2389960408210755,-1.096746158599854,0.14748561978340155,0.20202479660511025,1.7080417394638063,-0.45542154312133787,0.26179999113082886,0.0,-1.3121096611022947,0.613589644432068,0.33000001311302185,-2.1947914600372314,-0.17773787677288058,-1.4199999570846558,-0.5899999976158139,-0.20587128996849063,-2.0999999046325684,0.14654185771942158,0.0,0.7681134343147277,-0.42508712410926836,-0.861510276794433,2.207218306289962e-16,0.3895860075950631,-5.328700873022713e-15,2.78704385757446,1.9717071294784545,-0.05535452961921877,-3.006434202194212,-0.1684244669973836,0.5252750217914572,3.2503013610839826,-0.3495060309767705,-1.0247219085693369,-2.790655136108397,-0.009424564987420732,0.0,0.0,-1.0566150039434372,0.49711129665375453,0.0,-0.5825128197670009,-0.1125597774982465,0.0,-1.1999995231628338,0.6294095516204844,0.0,-1.4781464815139747,0.0,0.0,0.0,2.2495903353829654e-16,0.7993913888931274,-1.4819632858624075e-16,0.6008105874061584,2.2495903353829654e-16,0.7993913888931274,-1.4819632858624075e-16,0.6008105874061584,0.10300228744745255,0.40436285734176636,0.0774269849061966,0.9054756760597229,0.06574992835521698,0.40081802010536194,0.09344508498907089,0.9090049266815186,0.00334741547703743,0.4061375856399536,-0.04765019938349724,0.9125626087188721,0.03520622476935387,0.9224255084991455,-0.032503802329301834,0.3831908702850342,0.02978101372718811,0.8524696826934814,-0.037564896047115326,0.5205742120742798,-0.03248713165521622,0.850886344909668,0.0643317922949791,0.5203829407691956,-0.03248713165521622,0.850886344909668,0.0643317922949791,0.5203829407691956,-0.10785429179668427,0.37965041399002075,-0.08107439428567886,0.9152376055717468,-0.040060192346572876,0.3726336359977722,-0.10864805430173874,0.9207252264022827,-0.002471319865435362,0.37477603554725647,-0.015169071964919567,0.9269880056381226,0.009741701185703278,0.9450947642326355,-0.011858120560646057,0.3264361619949341,0.006811368279159069,0.8470054864883423,-0.013751493766903877,0.5313626527786255,0.07610999792814255,0.8379642963409424,-0.12419049441814423,0.5259276628494263,0.07610999792814255,0.8379642963409424,-0.12419049441814423,0.5259276628494263,2.2495903353829654e-16,0.7993913888931274,-1.4819632858624075e-16,0.6008105874061584,-0.0306183360517025,0.267673134803772,-0.02301039546728134,0.9627482295036316,0.2615244388580322,0.24818438291549683,-0.10292045772075653,0.9270474910736084,0.29759520292282104,0.1923794448375702,0.04774874448776245,0.93388831615448,0.16507408022880554,-0.7253108024597168,-0.29430773854255676,0.6000481843948364,0.24021050333976746,-0.710491418838501,-0.3303372859954834,0.5730429887771606,0.24021050333976746,-0.710491418838501,-0.3303372859954834,0.5730429887771606,0.032718412578105927,0.21537214517593384,0.024590667337179184,0.9756739139556885,-0.25235414505004883,0.1989089399576187,0.08618100732564926,0.9430404901504517,-0.2708723545074463,0.16596508026123047,-0.009380942210555077,0.9481539726257324,-0.1361006200313568,-0.7234699726104736,0.2818627953529358,0.6153221726417542,-0.19834713637828827,-0.7132421135902405,0.3130359351634979,0.5949392318725586,-0.19834713637828827,-0.7132421135902405,0.3130359351634979,0.5949392318725586,2.2495903353829654e-16,0.7993913888931274,-1.4819632858624075e-16,0.6008105874061584
0.6288159489631653,-0.034225091338157654,0.25267767906188965,1.2321223319349933e-17,0.8005229234695435,1.2321223319349933e-17,0.5993021130561829,-0.9743463397026062,-0.04157063364982605,-0.30181145668029785,1.447601318359375,-0.31898927688598633,-0.2246454805135727,-1.0236841440200806,0.132398784160614,0.18604959547519684,1.6462682485580444,-0.4569750428199768,0.26179999113082886,0.0,-1.3604376316070557,0.5924191474914551,0.33000001311302185,-2.1947999000549316,-0.17425507307052612,-1.4199999570846558,-0.6499999761581421,-0.19793817400932312,-2.0999999046325684,0.10590061545372009,0.0,0.7811575531959534,-0.38983073830604553,-0.9938451051712036,1.0683279809605708e-16,0.18856871128082275,2.6645262805511348e-14,3.3943872451782227,2.007037401199341,0.36590781807899475,-3.453129291534424,-0.4993789829313755,0.7175279855728149,3.6531004905700684,-0.7543417438864708,-0.7987599968910217,-3.088674306869507,-0.0776749737560749,0.0,0.0,-2.416398271918297,-1.05852472782135,0.0,-0.0004220008850097656,0.17414018511772156,0.0,-2.999998807907104,0.39665576815605164,0.0,-2.03206205368042,0.0,0.0,0.0,1.2321223319349933e-17,0.8005229234695435,1.2321223319349933e-17,0.5993021130561829,1.2321223319349933e-17,0.8005229234695435,1.2321223319349933e-17,0.5993021130561829,0.09699205309152603,0.4363982081413269,0.072611965239048,0.8915585279464722,0.07844111323356628,0.4347948133945465,0.08166630566120148,0.8933818340301514,0.012185372412204742,0.4416458308696747,-0.05356714129447937,0.8955060243606567,0.0446045845746994,0.9239601492881775,-0.03206793963909149,0.3785231411457062,0.03894544020295143,0.8521161675453186,-0.03874498978257179,0.5204614996910095,-0.019636789336800575,0.8510892987251282,0.05701005458831787,0.5215470194816589,-0.019636789336800575,0.8510892987251282,0.05701005458831787,0.5215470194816589,-0.10147861391305923,0.414404034614563,-0.07597077637910843,0.9012212753295898,-0.041639599949121475,0.4084707796573639,-0.10321763157844543,0.905960202217102,-0.003516431665048003,0.4105726182460785,-0.0186160858720541,0.9116310477256775,0.0112598966807127,0.9476403594017029,-0.015236098319292068,0.3187771439552307,0.007516206242144108,0.8508067727088928,-0.017390532419085503,0.5251370668411255,0.07599619776010513,0.8412580490112305,-0.12829457223415375,0.5196633338928223,0.07599619776010513,0.8412580490112305,-0.12829457223415375,0.5196633338928223,1.2321223319349933e-17,0.8005229234695435,1.2321223319349933e-17,0.5993021130561829,-0.03161512315273285,0.24615949392318726,-0.02366829104721546,0.968424379825592,0.2524418532848358,0.22853048145771027,-0.09449073672294617,0.9354776740074158,0.2855011224746704,0.17439444363117218,0.05753960832953453,0.9406194090843201,0.16924498975276947,-0.7401915788650513,-0.2795219123363495,0.5876563787460327,0.24387229979038239,-0.7250872850418091,-0.31355759501457214,0.562544584274292,0.24387229979038239,-0.7250872850418091,-0.31355759501457214,0.562544584274292,0.032764725387096405,0.21721158921718597,0.024528926238417625,0.9752660989761353,-0.28036150336265564,0.19800841808319092,0.09260242432355881,0.9346736669540405,-0.2979411780834198,0.1635933816432953,0.001718072802759707,0.9404601454734802,-0.14007176458835602,-0.7165413498878479,0.31039440631866455,0.6087722778320312,-0.1847766637802124,-0.7098451256752014,0.3327592611312866,0.5926624536514282,-0.1847766637802124,-0.7098451256752014,0.3327592611312866,0.5926624536514282,1.2321223319349933e-17,0.8005229234695435,1.2321223319349933e-17,0.5993021130561829
0.6371940255165099,-0.04853739216923711,0.24828463196754458,1.036135037962293e-17,0.7866336703300476,1.036135037962293e-17,0.617419958114624,-0.8815696239471438,0.022450566291808943,-0.2935492694377899,1.3597714185714724,-0.3243215799331665,-0.2085464864969254,-0.9223182797431948,0.14245191812515257,0.15452603101730353,1.5612260580062869,-0.43789303898811344,0.26179999113082886,0.0,-1.3139239788055421,0.5621382951736451,0.33000001311302185,-2.1947999000549316,-0.19533449113368984,-1.3000000000000003,-0.5299999833106998,-0.1690328568220139,-2.0999999046325684,0.04944967776536954,0.0,0.5638052999973302,-0.585301280021667,-0.5293294548988352,-1.2501629127929207e-16,-1.2943489789962737,1.0658105799830934e-14,4.141056156158446,2.723450851440428,0.39422872662544245,-4.016148567199706,-0.3597206950187686,0.7699809789657591,4.502216053009032,-0.00014266967773601813,-1.2652109146118153,-3.7867354393005357,0.5413900926709161,0.0,0.0,0.428850126266473,-1.3318354368209833,0.0,-0.00016880034236237465,-0.5627264469861968,3.599998569488517,2.4000000476837036,1.0258217513561234,0.0,-2.5063528537750233,0.0,0.0,0.0,1.036135037962293e-17,0.7866336703300476,1.036135037962293e-17,0.617419958114624,1.036135037962293e-17,0.7866336703300476,1.036135037962293e-17,0.617419958114624,0.08690544962882996,0.4569864571094513,0.06800180673599243,0.882602334022522,0.09660372138023376,0.45757389068603516,0.062425028532743454,0.8817012310028076,0.028713669627904892,0.46672898530960083,-0.06723246723413467,0.8813736438751221,0.0645412802696228,0.9170722961425781,-0.03482827916741371,0.3919181823730469,0.05806238576769829,0.8417657613754272,-0.04482691362500191,0.5348361730575562,0.0021655987948179245,0.8418887853622437,0.0430879145860672,0.5379236936569214,0.0021655987948179245,0.8418887853622437,0.0430879145860672,0.5379236936569214,-0.0906386598944664,0.4390636086463928,-0.07091491669416428,0.8910549879074097,-0.027034258469939232,0.4329216480255127,-0.10206619650125504,0.8952263593673706,0.006219116970896721,0.43385881185531616,-0.032543499022722244,0.9003715515136719,0.02721717208623886,0.9418529868125916,-0.019205600023269653,0.3343701958656311,0.022440526634454727,0.846741795539856,-0.024562692269682884,0.5309628248214722,0.09155325591564178,0.8362916707992554,-0.13487479090690613,0.5234912633895874,0.09155325591564178,0.8362916707992554,-0.13487479090690613,0.5234912633895874,1.036135037962293e-17,0.7866336703300476,1.036135037962293e-17,0.617419958114624,-0.030165307223796844,0.24657335877418518,-0.02365412935614586,0.9683657288551331,0.239627867937088,0.23033422231674194,-0.09111584722995758,0.9387345910072327,0.2731916904449463,0.17824065685272217,0.06153474003076553,0.9432975053787231,0.166960209608078,-0.7415145635604858,-0.2669067978858948,0.5924872756004333,0.25065940618515015,-0.7240753173828125,-0.30543068051338196,0.5653290748596191,0.25065940618515015,-0.7240753173828125,-0.30543068051338196,0.5653290748596191,0.02989259362220764,0.25330811738967896,0.023404739797115326,0.9666403532028198,-0.22469380497932434,0.23866519331932068,0.08752672374248505,0.9406862258911133,-0.24314558506011963,0.21343284845352173,0.009225063025951385,0.9461719989776611,-0.1036071628332138,-0.6996896862983704,0.2671215534210205,0.6544814109802246,-0.12466105818748474,-0.697745144367218,0.27830958366394043,0.6481937766075134,-0.12466105818748474,-0.697745144367218,0.27830958366394043,0.6481937766075134,1.036135037962293e-17,0.7866336703300476,1.036135037962293e-17,0.617419958114624
0.6461413025856018,-0.060348293185234055,0.23847169578075414,8.60065425959257e-18,0.7738401889801025,8.60065425959257e-18,0.6333808898925781,-0.782774865627289,0.07922753691673269,-0.27576879560947426,1.270577955245972,-0.3276090264320374,-0.1931063234806061,-0.8216372013092044,0.14263004362583165,0.12948793917894366,1.47566192150116,-0.42473581433296204,0.26179999113082886,0.0,-1.277185344696045,0.57951283454895,0.33000001311302185,-2.1947999000549316,-0.21209958195686338,-1.2200000286102295,-0.489999985694885,-0.14137385934591298,-2.0999999046325684,0.00320914629846817,0.0,0.4359798192977904,-0.6405729889869695,-0.3822490066289891,-2.621393038830298e-16,-2.1405279636383066,2.7801645653506515e-23,4.819376754760741,2.983732938766481,0.698657923936842,-4.432401657104492,-0.20526945590972942,0.7851847171783448,5.0477495193481445,0.20640645027160842,-1.3816140174865736,-4.267767906188965,0.7763567686080944,0.0,0.0,2.0324318885803243,-0.0843808412551974,0.0,0.0,-0.9245410084724435,4.799998092651375,3.5999997138977213,1.4078761816024783,0.0,-2.5162344694137593,0.0,0.0,0.0,8.60065425959257e-18,0.7738401889801025,8.60065425959257e-18,0.6333808898925781,8.60065425959257e-18,0.7738401889801025,8.60065425959257e-18,0.6333808898925781,0.07643508166074753,0.48193320631980896,0.06244064122438431,0.8706314563751221,0.11069008708000183,0.4839306175708771,0.04299090430140495,0.8670124411582947,0.04340057075023651,0.4944685399532318,-0.07675528526306152,0.864711344242096,0.08052145689725876,0.9111229181289673,-0.03619580715894699,0.4025683104991913,0.07354094088077545,0.8332785964012146,-0.048840634524822235,0.5457591414451599,0.02060270868241787,0.8341162204742432,0.031729865819215775,0.5502898097038269,0.02060270868241787,0.8341162204742432,0.031729865819215775,0.5502898097038269,-0.08001277595758438,0.4651185870170593,-0.06538241356611252,0.8791972994804382,-0.017096418887376785,0.45925241708755493,-0.09822830557823181,0.8826925158500671,0.01257074624300003,0.45939379930496216,-0.04087012633681297,0.8872029781341553,0.03680630028247833,0.9367265701293945,-0.021728210151195526,0.3474428057670593,0.03139929100871086,0.8424503803253174,-0.0289987251162529,0.5370760560035706,0.10123331844806671,0.8314578533172607,-0.13871270418167114,0.5283828377723694,0.10123331844806671,0.8314578533172607,-0.13871270418167114,0.5283828377723694,8.60065425959257e-18,0.7738401889801025,8.60065425959257e-18,0.6333808898925781,-0.028963081538677216,0.24455180764198303,-0.023702073842287064,0.968913733959198,0.24912363290786743,0.2276388257741928,-0.09242334216833115,0.9367902874946594,0.28210315108299255,0.17404530942440033,0.05982832610607147,0.9415661692619324,0.16974599659442902,-0.7413870692253113,-0.2755138874053955,0.5878974795341492,0.26046043634414673,-0.722170352935791,-0.31662341952323914,0.5571176409721375,0.26046043634414673,-0.722170352935791,-0.31662341952323914,0.5571176409721375,0.027835648506879807,0.27214929461479187,0.02278321422636509,0.9615824818611145,-0.2063446193933487,0.2585967183113098,0.0877239927649498,0.9396032691001892,-0.22379463911056519,0.23953880369663239,0.022117670625448227,0.9444829821586609,-0.0813915878534317,-0.6863223314285278,0.25675395131111145,0.6755846738815308,-0.08271940797567368,-0.6860172748565674,0.25763294100761414,0.6753984689712524,-0.08271940797567368,-0.6860172748565674,0.25763294100761414,0.6753984689712524,8.60065425959257e-18,0.7738401889801025,8.60065425959257e-18,0.6333808898925781
0.6562269806861878,-0.06715639457106592,0.21781898140907283,7.2461335988278e-18,0.7637959718704224,7.2461335988278e-18,0.6454576253890991,-0.6719440221786497,0.12151604890823374,-0.23895174860954277,1.1786573648452756,-0.32680675983428953,-0.1789838224649429,-0.7223256945610044,0.12305815219879146,0.11742079257965085,1.3890538930892942,-0.42342814803123474,0.26179999113082886,0.0,-1.259996747970581,0.6921981573104861,0.33000001311302185,-2.1947999000549316,-0.22023601830005649,-1.2200000286102295,-0.6099999785423281,-0.11620750129222865,-2.0999999046325684,-0.022610564343631324,0.0,0.4872078835964204,-0.4154470324516291,-0.8700390070676814,-2.0981012985631705e-16,-1.7132298946380606,8.45740300842287e-25,5.361000728607179,2.33175230026245,1.5553036987781543,-4.555122375488281,-0.02123236656188926,0.7258899450302123,4.986118793487549,-0.6823442935943622,-0.7979214906692492,-4.3147430419921875,0.2431266784667957,0.0,0.0,1.1526803493499735,4.204604125022898,0.0,0.0,-0.5362515926361076,1.199999523162834,-3.59999971389772,1.2957074165344236,0.0,-1.5972977161407451,0.0,0.0,0.0,7.2461335988278e-18,0.7637959718704224,7.2461335988278e-18,0.6454576253890991,7.2461335988278e-18,0.7637959718704224,7.2461335988278e-18,0.6454576253890991,0.06520862877368927,0.5155385732650757,0.054982833564281464,0.8526105284690857,0.11669071763753891,0.5178259015083313,0.023266326636075974,0.8471707105636597,0.05441118776798248,0.5279567837715149,-0.07804815471172333,0.8439249992370605,0.08864827454090118,0.9079511761665344,-0.03481148183345795,0.40811070799827576,0.0818042904138565,0.8294663429260254,-0.048767298460006714,0.550377368927002,0.03230549395084381,0.8305159211158752,0.02557169646024704,0.5554690361022949,0.03230549395084381,0.8305159211158752,0.02557169646024704,0.5554690361022949,-0.06988336890935898,0.49420666694641113,-0.05894705280661583,0.8645237684249878,-0.016523804515600204,0.48962104320526123,-0.0890955850481987,0.867214024066925,0.012152807787060738,0.4897440969944,-0.03801264986395836,0.8709524869918823,0.03368021920323372,0.9337266683578491,-0.02137288637459278,0.3557574152946472,0.028436634689569473,0.8381211757659912,-0.027973894029855728,0.5440236330032349,0.09920285642147064,0.8272995948791504,-0.13713158667087555,0.5356577038764954,0.09920285642147064,0.8272995948791504,-0.13713158667087555,0.5356577038764954,7.2461335988278e-18,0.7637959718704224,7.2461335988278e-18,0.6454576253890991,-0.02825518138706684,0.23765207827091217,-0.02387351542711258,0.9706457853317261,0.3027351200580597,0.21551814675331116,-0.102913998067379,0.9226657748222351,0.3328913450241089,0.1534465104341507,0.046611737459897995,0.9292281866073608,0.18234242498874664,-0.7369480729103088,-0.32601314783096313,0.5633596777915955,0.2756960093975067,-0.7168657779693604,-0.36571794748306274,0.5256859064102173,0.2756960093975067,-0.7168657779693604,-0.36571794748306274,0.5256859064102173,0.027474351227283478,0.2570118308067322,0.02321762591600418,0.9657385945320129,-0.26390713453292847,0.23828648030757904,0.09893609583377838,0.9294000864028931,-0.27703696489334106,0.21949869394302368,0.04578828439116478,0.9343309998512268,-0.0884590893983841,-0.6846610307693481,0.31402379274368286,0.6517693996429443,-0.07910925894975662,-0.6850870847702026,0.30861204862594604,0.6550999879837036,-0.07910925894975662,-0.6850870847702026,0.30861204862594604,0.6550999879837036,7.2461335988278e-18,0.7637959718704224,7.2461335988278e-18,0.6454576253890991
0.6648618340492248,-0.06789392828941344,0.20591315925121306,5.704226337227409e-18,0.7521494626998901,5.704226337227409e-18,0.6589924693107605,-0.5683203339576719,0.14109429717063907,-0.19915599524974814,1.1020668506622313,-0.3150219678878784,-0.16994351744651792,-0.6298290729522703,0.09361982792615883,0.10715308636426923,1.3168044805526733,-0.4181301772594452,0.2558307886123657,0.0,-1.2386171340942382,0.7527271270751954,0.33000001311302185,-2.1947999000549316,-0.22674031853675844,-1.2162830352783203,-0.6499999761581421,-0.12460080534219747,-2.0999999046325684,-0.039687398076057465,0.0,0.46075915098190295,-0.15828802585601745,-0.7702289104461661,-2.0815107024533184e-16,-1.6996831893920903,-6.1792099483798725e-24,5.32532730102539,1.433117580413816,1.9302134513854983,-4.136126995086668,0.3695890627801429,0.5536591410636897,4.761128616333007,-1.2745874881744395,-0.5493741035461424,-3.8996428489685044,0.18509243726730384,-0.17907606363296566,0.0,0.9851602673530583,4.069575309753413,0.0,0.0,-0.35785771608352646,0.11150979995727575,-3.5999997138976974,0.2515280485153166,0.0,-1.0286991357803337,0.0,0.0,0.0,5.704226337227409e-18,0.7521494626998901,5.704226337227409e-18,0.6589924693107605,5.704226337227409e-18,0.7521494626998901,5.704226337227409e-18,0.6589924693107605,0.054647330194711685,0.543524444103241,0.047670088708400726,0.8362550139427185,0.11341685056686401,0.545504093170166,0.009171627461910248,0.8303478956222534,0.058938540518283844,0.5540930032730103,-0.07362768054008484,0.8270950317382812,0.0888662338256836,0.9051084518432617,-0.03179016709327698,0.414573073387146,0.08275093138217926,0.8288766741752625,-0.04535219818353653,0.5514155030250549,0.03565145283937454,0.829736053943634,0.025156188756227493,0.5564479231834412,0.03565145283937454,0.829736053943634,0.025156188756227493,0.5564479231834412,-0.06035567820072174,0.5179952383041382,-0.052696019411087036,0.8516227602958679,-0.02029765397310257,0.514885663986206,-0.07662877440452576,0.8535858392715454,0.007232096046209335,0.5152053236961365,-0.030765816569328308,0.8564838171005249,0.024598855525255203,0.9315563440322876,-0.019650572910904884,0.36223137378692627,0.019972767680883408,0.8360925912857056,-0.024355195462703705,0.5476833581924438,0.0896683782339096,0.8261653780937195,-0.13081875443458557,0.5406450033187866,0.0896683782339096,0.8261653780937195,-0.13081875443458557,0.5406450033187866,5.704226337227409e-18,0.7521494626998901,5.704226337227409e-18,0.6589924693107605,-0.027415547519922256,0.23068809509277344,-0.024009916931390762,0.9723451137542725,0.33189839124679565,0.205748051404953,-0.10704293847084045,0.914359450340271,0.36001431941986084,0.139114111661911,0.04087638854980469,0.9216105937957764,0.19043323397636414,-0.7351861000061035,-0.3523293435573578,0.5469010472297668,0.28603675961494446,-0.7142142057418823,-0.3911585807800293,0.5050505995750427,0.28603675961494446,-0.7142142057418823,-0.3911585807800293,0.5050505995750427,0.026983680203557014,0.2415296733379364,0.023639218881726265,0.9697301387786865,-0.28407222032546997,0.22133755683898926,0.09952425956726074,0.9275815486907959,-0.2967867851257324,0.19963856041431427,0.04278199374675751,0.9328621625900269,-0.10196682810783386,-0.692188560962677,0.32949864864349365,0.6339625120162964,-0.0854073315858841,-0.6934239864349365,0.3203026056289673,0.6397460103034973,-0.0854073315858841,-0.6934239864349365,0.3203026056289673,0.6397460103034973,5.704226337227409e-18,0.7521494626998901,5.704226337227409e-18,0.6589924693107605
0.6727712750434875,-0.06559617817401886,0.19838078320026398,4.067597382912653e-18,0.739540696144104,4.067597382912653e-18,0.6731117963790894,-0.4683002233505249,0.1493174135684967,-0.15787088871002197,1.0331413745880127,-0.2977459132671356,-0.16344431042671204,-0.540739893913269,0.05924828723073006,0.0977851003408432,1.2517343759536743,-0.4108370542526245,0.24687698483467102,0.0,-1.215142011642456,0.7871779203414917,0.33000001311302185,-2.1947999000549316,-0.23242855072021484,-1.2107075452804565,-0.6499999761581421,-0.14977394044399261,-2.0999999046325684,-0.05239279195666313,0.0,0.3954720199108124,0.11488750576972961,-0.37661874294281006,-2.3182706784221003e-16,-1.8930121660232544,-3.2386838291725158e-24,5.001005172729492,0.4111558198928833,2.0642552375793457,-3.4462735652923584,0.8638026677072048,0.324960321187973,4.454458713531494,-1.7185769081115723,-0.4683992862701416,-3.253504991531372,0.36465612053871155,-0.44769015908241266,0.0,1.1737560033798218,1.7225394248962402,0.0,0.0,-0.28441160917282104,0.2787744998931885,0.0,-1.2586566209793086,0.0,-0.6352696418762207,0.0,0.0,0.0,4.067597382912653e-18,0.739540696144104,4.067597382912653e-18,0.6731117963790894,4.067597382912653e-18,0.739540696144104,4.067597382912653e-18,0.6731117963790894,0.04440959542989731,0.5685085654258728,0.0404205247759819,0.8204827904701233,0.10548517853021622,0.5699397921562195,-0.0020967680029571056,0.8148847222328186,0.060214973986148834,0.5764830112457275,-0.06634674966335297,0.8121820092201233,0.08512674272060394,0.902400016784668,-0.027949446812272072,0.42148125171661377,0.08003958314657211,0.8299028277397156,-0.040266603231430054,0.5506664514541626,0.034820880740880966,0.8304201364517212,0.027613764628767967,0.5553624033927917,0.034820880740880966,0.8304201364517212,0.027613764628767967,0.5553624033927917,-0.051122549921274185,0.5390205979347229,-0.04653048887848854,0.8394511342048645,-0.026235733181238174,0.5374058485031128,-0.06247575953602791,0.8405970335006714,6.029373616911471e-05,0.5380458831787109,-0.02131854183971882,0.8426459431648254,0.012537273578345776,0.9296844601631165,-0.01724240742623806,0.3677394986152649,0.008756632916629314,0.835128128528595,-0.019437212496995926,0.5496422052383423,0.07636484503746033,0.8263805508613586,-0.12211468070745468,0.5443819165229797,0.07636484503746033,0.8263805508613586,-0.12211468070745468,0.5443819165229797,4.067597382912653e-18,0.739540696144104,4.067597382912653e-18,0.6731117963790894,-0.02650933898985386,0.22368600964546204,-0.024128150194883347,0.9740018844604492,0.3490526080131531,0.19732940196990967,-0.1080680787563324,0.9096948504447937,0.375544935464859,0.12804585695266724,0.038923557847738266,0.9170905947685242,0.19640882313251495,-0.735344409942627,-0.36678916215896606,0.53493732213974,0.2941479980945587,-0.7134806513786316,-0.40504875779151917,0.4902629852294922,0.2941479980945587,-0.7134806513786316,-0.40504875779151917,0.4902629852294922,0.026424739509820938,0.22584447264671326,0.024051150307059288,0.9735078811645508,-0.28580817580223083,0.2063419371843338,0.09490621089935303,0.9309830665588379,-0.2999687194824219,0.18004892766475677,0.026466982439160347,0.9364297389984131,-0.11874948441982269,-0.7048124074935913,0.3242833614349365,0.6196598410606384,-0.09670235216617584,-0.7067827582359314,0.312509685754776,0.6272515058517456,-0.09670235216617584,-0.7067827582359314,0.312509685754776,0.6272515058517456,4.067597382912653e-18,0.739540696144104,4.067597382912653e-18,0.6731117963790894
0.6766989946365357,-0.05434770882129664,0.18029943108558646,3.893392732318679e-18,0.7381837368011475,3.893392732318679e-18,0.6745997667312622,-0.3751299917697902,0.12516131401062,-0.12053719460964187,0.9665665507316586,-0.2734805941581725,-0.15066653490066523,-0.4757705330848691,0.004637742787599319,0.08531094193458552,1.2101266622543334,-0.40231796503067013,0.23366728425025934,0.0,-1.166229176521301,0.8569077372550967,0.33000001311302185,-2.1947999000549316,-0.2805008888244631,-1.1036867618560786,-0.6948623180389406,-0.28286351561546386,-2.1568799018859868,-0.06712723225355155,0.0,0.2760203868150706,0.3834090754389775,-0.6930880367755904,-1.0752825714437762e-16,-0.8780352354049639,-2.4371419060139823e-24,4.795508766174316,-0.560220652818684,1.945712828636169,-3.375754070281982,1.0734806060791025,0.5133173584938058,3.7308642387390103,-2.3257470607757593,-0.5615844488143925,-2.5496334075927702,0.4014351069927217,-0.5753670454025275,0.0,1.9368873119354282,2.7809102535247847,0.0,0.0,-1.5559346079826413,3.322133302688612,-1.3458702564239562,-4.496149682998672,-1.706399774551399,-0.696141052246094,0.0,0.0,0.0,3.893392732318679e-18,0.7381837368011475,3.893392732318679e-18,0.6745997667312622,3.893392732318679e-18,0.7381837368011475,3.893392732318679e-18,0.6745997667312622,0.03563416749238968,0.6037318706512451,0.03254326432943344,0.7957255840301514,0.08552859723567963,0.604667603969574,-0.005002288613468409,0.7918567061424255,0.049351826310157776,0.6088652014732361,-0.05297330021858215,0.7899630069732666,0.0684046670794487,0.9062119722366333,-0.02359890565276146,0.4165858328342438,0.06449893862009048,0.8409709930419922,-0.0328340046107769,0.5362178683280945,0.02389068901538849,0.8410419821739197,0.030506771057844162,0.5395803451538086,0.02389068901538849,0.8410419821739197,0.030506771057844162,0.5395803451538086,-0.045027412474155426,0.5638434886932373,-0.041134096682071686,0.8236267566680908,-0.04282297566533089,0.5636478662490845,-0.04199236258864403,0.8238348960876465,-0.018858652561903,0.564878523349762,-0.006747884675860405,0.8249310255050659,-0.011652014218270779,0.933832049369812,-0.015938954427838326,0.3571664094924927,-0.014619514346122742,0.8436371088027954,-0.013356425799429417,0.5365486741065979,0.048074573278427124,0.8363725543022156,-0.11157622188329697,0.534528374671936,0.048074573278427124,0.8363725543022156,-0.11157622188329697,0.534528374671936,3.893392732318679e-18,0.7381837368011475,3.893392732318679e-18,0.6745997667312622,-0.02552247792482376,0.2454804927110672,-0.023321757093071938,0.9687848091125488,0.37915751338005066,0.2134113907814026,-0.12367111444473267,0.8918523192405701,0.4077163338661194,0.1391584277153015,0.020297007635235786,0.9022141695022583,0.1939457356929779,-0.7152203917503357,-0.4029994010925293,0.5370627045631409,0.30889788269996643,-0.6895716190338135,-0.44917771220207214,0.4767729640007019,0.30889788269996643,-0.6895716190338135,-0.44917771220207214,0.4767729640007019,0.024300767108798027,0.27564090490341187,0.022202420979738235,0.9606969356536865,-0.3040478229522705,0.2513880133628845,0.11543427407741547,0.9116107225418091,-0.3366777300834656,0.1967570185661316,-0.01043621450662613,0.9207745790481567,-0.1592714786529541,-0.6978095769882202,0.34331125020980835,0.6081380844116211,-0.13126884400844574,-0.7014254331588745,0.3285714089870453,0.6187177896499634,-0.13126884400844574,-0.7014254331588745,0.3285714089870453,0.6187177896499634,3.893392732318679e-18,0.7381837368011475,3.893392732318679e-18,0.6745997667312622
0.6830597162246704,-0.045357833057641954,0.16334582567214956,3.77724706173919e-18,0.7372773289680481,3.77724706173919e-18,0.6755902171134949,-0.29625111818313565,0.10593752115964883,-0.08906456530094134,0.9060053944587705,-0.2510346293449401,-0.14080795049667355,-0.41855811476707433,-0.040190100669861006,0.07264019697904578,1.1654492139816282,-0.3936213016510009,0.22202003300189965,0.0,-1.1297259330749512,0.9311662673950201,0.3321002781391144,-2.1947999000549316,-0.33139358162879984,-0.9904414892196647,-0.7371681451797488,-0.4250385761260997,-2.1947999000549316,-0.082853662967682,0.0,0.26937602460384513,0.49466565847396715,-0.8702351689338678,-1.9729902706191858e-17,-0.16110713481902994,-1.5222244991266315e-24,4.229770469665519,-1.059835720062253,1.6908526301383937,-3.14833102226257,1.158685266971587,0.5513129949569685,3.015759658813472,-2.437046027183527,-0.6296054840087891,-2.172477674484255,0.4312816560268403,-0.6136114954948416,0.0,2.073353815078728,3.6223521232605007,0.06300794482231266,0.0,-2.4882273197174087,5.5377736091613805,-2.1664216279983504,-6.927043151855474,-2.275199699401844,-0.7664816975593572,0.0,0.0,0.0,3.77724706173919e-18,0.7372773289680481,3.77724706173919e-18,0.6755902171134949,3.77724706173919e-18,0.7372773289680481,3.77724706173919e-18,0.6755902171134949,0.028162270784378052,0.6328945159912109,0.025805968791246414,0.7732952237129211,0.06909552216529846,0.6333842277526855,-0.007699533365666866,0.7707080841064453,0.0409088209271431,0.6358503699302673,-0.04206572100520134,0.7695786952972412,0.05522081255912781,0.9085341691970825,-0.01985294744372368,0.41366928815841675,0.05228722095489502,0.8496012091636658,-0.026633508503437042,0.5241512656211853,0.015279385261237621,0.8493691682815552,0.03319434076547623,0.5265326499938965,0.015279385261237621,0.8493691682815552,0.03319434076547623,0.5265326499938965,-0.039644040167331696,0.5856160521507263,-0.036327071487903595,0.8088030815124512,-0.05582266300916672,0.5862054824829102,-0.02446088381111622,0.807866632938385,-0.03454745188355446,0.5878193378448486,0.004927385598421097,0.8082393407821655,-0.03155053034424782,0.9355875253677368,-0.014770109206438065,0.3513716757297516,-0.03383544459939003,0.8488175272941589,-0.00833743717521429,0.5275362730026245,0.024812746793031693,0.8426766991615295,-0.10232159495353699,0.5280250906944275,0.024812746793031693,0.8426766991615295,-0.10232159495353699,0.5280250906944275,3.77724706173919e-18,0.7372773289680481,3.77724706173919e-18,0.6755902171134949,-0.024781301617622375,0.2618202269077301,-0.022707877680659294,0.9645311832427979,0.41084977984428406,0.22371287643909454,-0.13792777061462402,0.8730011582374573,0.44065746665000916,0.143750861287117,0.0036897873505949974,0.8860830068588257,0.19399479031562805,-0.6969163417816162,-0.43891847133636475,0.5329391956329346,0.3266647160053253,-0.6665743589401245,-0.49184197187423706,0.45503872632980347,0.3266647160053253,-0.6665743589401245,-0.49184197187423706,0.45503872632980347,0.022000208497047424,0.32827919721603394,0.020159481093287468,0.9441092014312744,-0.31945979595184326,0.2988080680370331,0.13754314184188843,0.888673722743988,-0.37443670630455017,0.21197715401649475,-0.047552451491355896,0.9014442563056946,-0.203288733959198,-0.6830382347106934,0.3618105351924896,0.6010205149650574,-0.16932523250579834,-0.689025342464447,0.3437371253967285,0.615156888961792,-0.16932523250579834,-0.689025342464447,0.3437371253967285,0.615156888961792,3.77724706173919e-18,0.7372773289680481,3.77724706173919e-18,0.6755902171134949
0.6942864418029786,-0.04088514447212217,0.14864771366119378,3.77724706173919e-18,0.7372773289680481,3.77724706173919e-18,0.6755902171134949,-0.24595496058464028,0.09657834172248836,-0.06931406557559958,0.8574715733528135,-0.23222737312316885,-0.13678774833679197,-0.3768595814704893,-0.06545253098011028,0.05957627892494195,1.1146322965621946,-0.38456948995590207,0.21349768042564388,0.0,-1.1180418729782104,1.0144822239875797,0.338401073217392,-2.1947999000549316,-0.38792698383331325,-0.8647472381591791,-0.7743609428405763,-0.5853846073150641,-2.1947999000549316,-0.10056407451629647,0.0,0.488346204161645,0.29139223098754796,-0.768737947940826,-4.9324756765479235e-18,-0.04027678370475715,-3.805561247816546e-25,2.9435483932495057,-0.6159281253814677,1.1633568525314306,-2.6071008682250953,0.9949433803558342,0.28858582973480107,2.317634868621823,-1.5566026210784873,-0.647298264503479,-2.44875364303589,0.4472633302211762,-0.47299107313156064,0.0,0.9564907073974558,4.029936313629152,0.2520317792892464,0.0,-2.7420592784881603,6.097977638244632,-1.9363352298736562,-7.744736957550052,-0.5687999248504565,-0.8557608127593999,0.0,0.0,0.0,3.77724706173919e-18,0.7372773289680481,3.77724706173919e-18,0.6755902171134949,3.77724706173919e-18,0.7372773289680481,3.77724706173919e-18,0.6755902171134949,0.023407625034451485,0.6516599655151367,0.02144913747906685,0.757846474647522,0.05999366566538811,0.6519466638565063,-0.009993364103138447,0.7558216452598572,0.03744571655988693,0.6536515951156616,-0.036241207271814346,0.7549993395805359,0.04915124177932739,0.9083585739135742,-0.017329098656773567,0.41493239998817444,0.04679890722036362,0.854171633720398,-0.022930540144443512,0.5173731446266174,0.011325469240546227,0.8537408709526062,0.0354936346411705,0.519363522529602,0.011325469240546227,0.8537408709526062,0.0354936346411705,0.519363522529602,-0.03574402630329132,0.6019898653030396,-0.032753366976976395,0.7970305681228638,-0.06173828989267349,0.6027165651321411,-0.012947382405400276,0.7954579591751099,-0.043807290494441986,0.6042612195014954,0.010787216015160084,0.795508086681366,-0.04287480190396309,0.9335790276527405,-0.013888213783502579,0.3555260896682739,-0.04474443197250366,0.8484309315681458,-0.005460742395371199,0.5273832678794861,0.011699283495545387,0.8430271148681641,-0.09582845121622086,0.5291362404823303,0.011699283495545387,0.8430271148681641,-0.09582845121622086,0.5291362404823303,3.77724706173919e-18,0.7372773289680481,3.77724706173919e-18,0.6755902171134949,-0.024552438408136368,0.2674485445022583,-0.02249816246330738,0.9629964828491211,0.4463043808937073,0.22279876470565796,-0.1496768295764923,0.8536803126335144,0.4757783114910126,0.13553445041179657,-0.008815459907054901,0.8690153956413269,0.19939947128295898,-0.6835082769393921,-0.4748822748661041,0.5172456502914429,0.3510744869709015,-0.6470019817352295,-0.5324021577835083,0.41795116662979126,0.3510744869709015,-0.6470019817352295,-0.5324021577835083,0.41795116662979126,0.019398532807826996,0.38689637184143066,0.017775483429431915,0.9217477440834045,-0.32988548278808594,0.35138437151908875,0.16299939155578613,0.8608924150466919,-0.41511812806129456,0.22472843527793884,-0.08498749881982803,0.8774687051773071,-0.25431740283966064,-0.653563916683197,0.3795703947544098,0.6034097671508789,-0.21434080600738525,-0.6630223989486694,0.35727939009666443,0.6219412088394165,-0.21434080600738525,-0.6630223989486694,0.35727939009666443,0.6219412088394165,3.77724706173919e-18,0.7372773289680481,3.77724706173919e-18,0.6755902171134949
0.706315302848816,-0.03894905373454093,0.14169564247131344,3.475237216241485e-18,0.7349146604537964,3.475237216241485e-18,0.6781597137451172,-0.21320048570632918,0.09309539943933487,-0.05881073474884029,0.8364833950996399,-0.21372326612472523,-0.13579713702201843,-0.34333459734916666,-0.08538945615291607,0.042955379933118695,1.0766403436660765,-0.37391538619995107,0.20114162862300863,0.0,-1.1095719814300538,1.0407759189605712,0.3424373209476471,-2.1947999000549316,-0.41025114655494693,-0.7958103656768796,-0.802982544898987,-0.6511298418045045,-2.1947999000549316,-0.09636577665805807,0.0,0.5854003190994265,0.14753649234771654,-0.5025243401527382,-2.5648935854380757e-17,-0.20943944454193322,-1.8439935259598898e-25,1.9885572433471626,-0.2916718423366529,0.7101098895072909,-1.6003216266631997,0.931268274784088,0.110122373700141,1.8397201061248756,-1.1033563137054427,-0.7599052906036388,-2.15609674453735,0.5006593048572545,-0.5411285758018505,0.0,0.48777790069579985,2.455129909515364,0.24710330963134697,0.0,-1.8003927707672016,4.581990909576399,-1.6025038957595799,-5.1792776107787795,0.0,-0.22825924158095656,0.0,0.0,0.0,3.475237216241485e-18,0.7349146604537964,3.475237216241485e-18,0.6781597137451172,3.475237216241485e-18,0.7349146604537964,3.475237216241485e-18,0.6781597137451172,0.0202445387840271,0.6610462069511414,0.01866646111011505,0.7498397827148438,0.055114053189754486,0.6611992120742798,-0.012111969292163849,0.7480851411819458,0.0356590710580349,0.6625346541404724,-0.03410901501774788,0.7474040985107422,0.04643797129392624,0.9089885950088501,-0.01668330281972885,0.41389000415802,0.04439542815089226,0.8596585988998413,-0.02154793217778206,0.5084799528121948,0.009796340018510818,0.8591396808624268,0.03682750463485718,0.5103203654289246,0.009796340018510818,0.8591396808624268,0.03682750463485718,0.5103203654289246,-0.03249996528029442,0.6122124195098877,-0.029972270131111145,0.7894564867019653,-0.06613527238368988,0.6129167079925537,-0.0037737791426479816,0.7873659133911133,-0.05299961194396019,0.6141571402549744,0.013172993436455727,0.7872918248176575,-0.05229606851935387,0.9309390783309937,-0.015774734318256378,0.36106592416763306,-0.05430911108851433,0.8476046323776245,-0.005813488736748695,0.5278100371360779,-0.0010494980961084366,0.8427586555480957,-0.09089191257953644,0.5305614471435547,-0.0010494980961084366,0.8427586555480957,-0.09089191257953644,0.5305614471435547,3.475237216241485e-18,0.7349146604537964,3.475237216241485e-18,0.6781597137451172,-0.02430800348520279,0.26816365122795105,-0.02242990955710411,0.9628053903579712,0.4576324224472046,0.22151264548301697,-0.15279731154441833,0.8474419116973877,0.4869731068611145,0.131387397646904,-0.011354496702551842,0.8634035587310791,0.20249338448047638,-0.6797823309898376,-0.48568016290664673,0.5108887553215027,0.3616887331008911,-0.6401312351226807,-0.544632077217102,0.4034714698791504,0.3616887331008911,-0.6401312351226807,-0.544632077217102,0.4034714698791504,0.017882496118545532,0.4152389168739319,0.01649591140449047,0.9093869924545288,-0.3388713002204895,0.3757348656654358,0.1775604486465454,0.844074547290802,-0.43745648860931396,0.23079076409339905,-0.09435014426708221,0.8639824390411377,-0.2724466919898987,-0.6375495195388794,0.3944052457809448,0.6031152606010437,-0.23475848138332367,-0.6473532915115356,0.37306761741638184,0.6218060255050659,-0.23475848138332367,-0.6473532915115356,0.37306761741638184,0.6218060255050659,3.475237216241485e-18,0.7349146604537964,3.475237216241485e-18,0.6781597137451172
0.7187452316284181,-0.03828126192092895,0.13861659169197074,3.0221430386561235e-18,0.7313537001609802,3.0221430386561235e-18,0.6819983720779419,-0.18921685218811007,0.0925505757331848,-0.05293098837137218,0.8292680382728574,-0.19537073373794556,-0.1363213211297989,-0.3138963878154752,-0.10266362875700011,0.024555990472435753,1.045060873031616,-0.3624601364135743,0.18686872720718373,0.0,-1.1027091741561885,1.0385584831237795,0.3453412950038917,-2.1947999000549316,-0.41547068953514094,-0.7552521824836725,-0.8273185491561897,-0.669574677944184,-2.1947999000549316,-0.08121312409639342,0.0,0.6214963793754577,0.03338959068059922,-0.15395252406597273,-6.412233963595083e-17,-0.5235986113548244,-4.609983814899648e-25,1.1991815567016602,-0.027241183444857743,0.2939873039722435,-0.3607678115367928,0.917626559734338,-0.026209203526377536,1.471910357475279,-0.8637085556983931,-0.9199694395065305,-1.578973412513731,0.5727624297141971,-0.7136450409889209,0.0,0.3431403338909252,-0.11087178438901453,0.14519868791105361,0.0,-0.26097714900970076,2.027909040451051,-1.2168000936508336,-0.9222417473793183,0.0,0.757632613182068,0.0,0.0,0.0,3.0221430386561235e-18,0.7313537001609802,3.0221430386561235e-18,0.6819983720779419,3.0221430386561235e-18,0.7313537001609802,3.0221430386561235e-18,0.6819983720779419,0.01788155548274517,0.6658517718315125,0.016674820333719254,0.7456833124160767,0.05235680937767029,0.6659103035926819,-0.014144514687359333,0.7440578937530518,0.0347168855369091,0.6670625805854797,-0.03382912278175354,0.7434230446815491,0.04540334269404411,0.910029947757721,-0.016976699233055115,0.41169872879981995,0.0435311421751976,0.8655383586883545,-0.021323958411812782,0.49849122762680054,0.009478873573243618,0.864980936050415,0.037675559520721436,0.5002985596656799,0.009478873573243618,0.864980936050415,0.037675559520721436,0.5002985596656799,-0.02958662249147892,0.6193972826004028,-0.02758997306227684,0.7840346693992615,-0.06977590173482895,0.6199970841407776,0.004227194003760815,0.7814838886260986,-0.06215851381421089,0.6208070516586304,0.013821689411997795,0.7813730835914612,-0.06076207756996155,0.9279294013977051,-0.01904441975057125,0.36727696657180786,-0.06319952011108398,0.8465344905853271,-0.007780789397656918,0.528511643409729,-0.013614526018500328,0.8421161770820618,-0.08672723174095154,0.5321027636528015,-0.013614526018500328,0.8421161770820618,-0.08672723174095154,0.5321027636528015,3.0221430386561235e-18,0.7313537001609802,3.0221430386561235e-18,0.6819983720779419,-0.02405599318444729,0.26642441749572754,-0.02243257872760296,0.9632943272590637,0.4571543335914612,0.22017133235931396,-0.1516897827386856,0.8482480049133301,0.4864732325077057,0.12935392558574677,-0.008913845755159855,0.8640207648277283,0.20454560220241547,-0.6812915205955505,-0.4841628968715668,0.5094990730285645,0.3658584654331207,-0.6404663920402527,-0.5433831810951233,0.40085548162460327,0.3658584654331207,-0.6404663920402527,-0.5433831810951233,0.40085548162460327,0.016932222992181778,0.428857684135437,0.01578955352306366,0.9030753970146179,-0.34749844670295715,0.38633930683135986,0.18684256076812744,0.8337125778198242,-0.45103904604911804,0.2337377667427063,-0.08975262939929962,0.8566650748252869,-0.274372935295105,-0.6289582252502441,0.40816447138786316,0.602107048034668,-0.24298414587974548,-0.6372504234313965,0.3901774287223816,0.6185726523399353,-0.24298414587974548,-0.6372504234313965,0.3901774287223816,0.6185726523399353,3.0221430386561235e-18,0.7313537001609802,3.0221430386561235e-18,0.6819983720779419
0.7309302926063538,-0.03759770095348358,0.13143100738525393,3.0221430386561235e-18,0.7313537001609802,3.0221430386561235e-18,0.6819983720779419,-0.16540139317512517,0.09157021939754487,-0.04931135177612306,0.8104427933692933,-0.1962667167186737,-0.1364226907491684,-0.29002327919006354,-0.11490975469350811,0.006864294037222902,1.019624948501587,-0.3683663964271545,0.17633256316185,0.0,-1.0649398803710939,1.049796438217163,0.4082588732242583,-2.1947999000549316,-0.40916481614112854,-0.7101008772850037,-0.8989035606384276,-0.7340165734291075,-2.1947999000549316,-0.0657765664160252,0.0,0.61415034532547,0.03386266529560089,-0.2771485209465024,-2.5648935854380588e-17,-0.2094394445419318,-1.8439935259598778e-25,1.1941363573074342,-0.04030716121196744,0.22618401050567644,-0.709064453840255,0.3401711344718946,-0.013524769991636305,1.3049573659896854,-0.7128671646118168,-0.8987386465072632,-1.3946670293807988,0.051917207241059526,-0.601542937755585,0.0,1.2703348577022533,0.2927899435162535,1.9456068128347357,0.0,0.08478534221649092,2.1657027721405027,-2.634270167350766,-2.3021534562110872,0.0,0.7661497354507446,0.0,0.0,0.0,3.0221430386561235e-18,0.7313537001609802,3.0221430386561235e-18,0.6819983720779419,3.0221430386561235e-18,0.7313537001609802,3.0221430386561235e-18,0.6819983720779419,0.015636427327990532,0.6744362711906433,0.014581205323338509,0.7380234003067017,0.04940120130777359,0.6743977069854736,-0.016299668699502945,0.736533522605896,0.032770074903964996,0.6754109859466553,-0.034461624920368195,0.7359064221382141,0.04369020834565163,0.9108242988586426,-0.018741097301244736,0.410047709941864,0.041643328964710236,0.8662673234939575,-0.022930946201086044,0.4973137676715851,0.007650392130017281,0.8658158779144287,0.036165859550237656,0.4989955425262451,0.007650392130017281,0.8658158779144287,0.036165859550237656,0.4989955425262451,-0.027352893725037575,0.6284842491149902,-0.025506988167762756,0.7769227623939514,-0.07189255952835083,0.6289012432098389,0.010661131702363491,0.774080753326416,-0.06978417932987213,0.629115879535675,0.013361625373363495,0.7740573883056641,-0.06745952367782593,0.9268665313720703,-0.022336596623063087,0.36860376596450806,-0.0704134926199913,0.8436826467514038,-0.009589903056621552,0.5321179628372192,-0.023300858214497566,0.8395727276802063,-0.08385191112756729,0.5362309217453003,-0.023300858214497566,0.8395727276802063,-0.08385191112756729,0.5362309217453003,3.0221430386561235e-18,0.7313537001609802,3.0221430386561235e-18,0.6819983720779419,-0.02331303246319294,0.284559965133667,-0.02173975482583046,0.9581281542778015,0.4599487781524658,0.23532505333423615,-0.1614731252193451,0.840830385684967,0.4960695207118988,0.12652727961540222,0.006016999948769808,0.858993411064148,0.22235341370105743,-0.6776144504547119,-0.4856056571006775,0.5055540800094604,0.380068302154541,-0.6342939138412476,-0.5432114005088806,0.3976694345474243,0.380068302154541,-0.6342939138412476,-0.5432114005088806,0.3976694345474243,0.015964310616254807,0.4491179287433624,0.01488696038722992,0.8932057619094849,-0.37346744537353516,0.3978579640388489,0.20898139476776123,0.8115158081054688,-0.4861869215965271,0.21867775917053223,-0.08678467571735382,0.8415882587432861,-0.288565993309021,-0.6204751133918762,0.4398591220378876,0.5816049575805664,-0.2635122835636139,-0.6275486946105957,0.4259326457977295,0.5960916876792908,-0.2635122835636139,-0.6275486946105957,0.4259326457977295,0.5960916876792908,3.0221430386561235e-18,0.7313537001609802,3.0221430386561235e-18,0.6819983720779419
0.7390816569328308,-0.03671670034527779,0.12608107775449753,2.871093034563887e-18,0.7301622629165649,2.871093034563887e-18,0.6832738518714905,-0.14305782169103626,0.08977006524801255,-0.04707656800746918,0.7950253844261169,-0.19305756986141206,-0.13647912740707396,-0.2678117543458939,-0.12684509754180906,-0.00831407271325586,1.0000163674354554,-0.3690776705741883,0.1670850604772568,0.0,-1.0317864656448366,1.063554286956787,0.45210686326026917,-2.1947999000549316,-0.3980474710464478,-0.6800000071525574,-0.949265456199646,-0.7766158580780029,-2.1947999000549316,-0.05422034263610841,0.0,0.48824210166931237,0.04010123759508129,-0.30420954823493995,-1.2824471897657105e-17,-0.1047191858291619,2.3280369207955677e-24,1.1466162681579593,-0.07361174449324592,0.13943623304367092,-0.839027106761933,0.07835474386811173,-0.0037204917520284745,1.1438078641891483,-0.6029827475547791,-0.8091848969459539,-1.0969758272171033,-0.1394634068012248,-0.48814835548400903,0.0,1.7499881982803354,0.637494552135467,2.573791170120243,0.0,0.4596377789974203,1.8060522079467805,-2.9425569057464642,-2.566816282272343,0.0,0.6554178118705758,0.0,0.0,0.0,2.871093034563887e-18,0.7301622629165649,2.871093034563887e-18,0.6832738518714905,2.871093034563887e-18,0.7301622629165649,2.871093034563887e-18,0.6832738518714905,0.013509707525372505,0.6811268925666809,0.01263417862355709,0.731931746006012,0.04633992165327072,0.6810091733932495,-0.017938410863280296,0.7305869460105896,0.030298439785838127,0.681911051273346,-0.03512831777334213,0.7299625277519226,0.04153086990118027,0.9113280773162842,-0.020654119551181793,0.40905964374542236,0.03935171291232109,0.867660641670227,-0.02456887811422348,0.494987815618515,0.0055085439234972,0.8673164248466492,0.034651122987270355,0.4965190589427948,0.0055085439234972,0.8673164248466492,0.034651122987270355,0.4965190589427948,-0.02523329108953476,0.6355128288269043,-0.02360517345368862,0.7713167667388916,-0.07406283169984818,0.6357263326644897,0.016728509217500687,0.7681711912155151,-0.0767107754945755,0.6354035139083862,0.013541007414460182,0.7682411074638367,-0.07381369173526764,0.9259369373321533,-0.024884354323148727,0.36955803632736206,-0.0771264061331749,0.8424032926559448,-0.010929930955171585,0.5331871509552002,-0.03236043453216553,0.8385580778121948,-0.0811840295791626,0.5377570390701294,-0.03236043453216553,0.8385580778121948,-0.0811840295791626,0.5377570390701294,2.871093034563887e-18,0.7301622629165649,2.871093034563887e-18,0.6832738518714905,-0.02261752262711525,0.29873132705688477,-0.021163014695048332,0.9538344144821167,0.46415477991104126,0.24673552811145782,-0.1697409451007843,0.8335885405540466,0.5051479339599609,0.12488681823015213,0.014502929523587227,0.8538258075714111,0.23413433134555817,-0.6732852458953857,-0.4895159602165222,0.5022373199462891,0.38659632205963135,-0.629486083984375,-0.5451797246932983,0.396320104598999,0.38659632205963135,-0.629486083984375,-0.5451797246932983,0.396320104598999,0.015289537608623505,0.4609505534172058,0.01430769544094801,0.8871787786483765,-0.39185550808906555,0.403462290763855,0.22337868809700012,0.7960962057113647,-0.5098313689231873,0.206426203250885,-0.08476097881793976,0.8308284878730774,-0.29820677638053894,-0.6151867508888245,0.4611532986164093,0.5656464099884033,-0.2777784764766693,-0.6211052536964417,0.4501175880432129,0.5783265829086304,-0.2777784764766693,-0.6211052536964417,0.4501175880432129,0.5783265829086304,2.871093034563887e-18,0.7301622629165649,2.871093034563887e-18,0.6832738518714905
0.7391656279563904,-0.03544082045555114,0.12440245747566223,2.4178913234988932e-18,0.7265747785568237,2.4178913234988932e-18,0.6870875358581543,-0.12365802526473994,0.08633031547069549,-0.04761148989200592,0.7864236474037171,-0.18163816332817076,-0.1364456981420517,-0.24892339706420893,-0.13815887421369555,-0.018465780094265957,0.9920624732971192,-0.3593989729881286,0.16041488051414488,0.0,-1.0078648090362547,1.0823519229888916,0.45781567692756653,-2.1947999000549316,-0.3773071825504303,-0.6800000071525574,-0.9571811199188233,-0.7755299210548401,-2.1947999000549316,-0.05042478665709495,0.0,0.12520943880081098,0.05787080526351933,-0.13900063633918724,-5.1297887590628853e-17,-0.4188767433166511,9.312147683182347e-24,1.0141463994979856,-0.14739353880286232,0.014799487590789528,-0.5323218703269952,0.44781641140580253,0.0003234745003283116,0.9942653417587277,-0.5750122785568237,-0.5829852342605586,-0.5725149869918812,0.3280852854251871,-0.37216881513595557,0.0,1.3345590829849234,0.8642849445343023,0.8575283050537075,0.0,0.8926701962947855,0.4515130519866912,-1.0324766159057575,-0.6009815216064407,0.0,0.30618779659271167,0.0,0.0,0.0,2.4178913234988932e-18,0.7265747785568237,2.4178913234988932e-18,0.6870875358581543,2.4178913234988932e-18,0.7265747785568237,2.4178913234988932e-18,0.6870875358581543,0.011623350903391838,0.6841780543327332,0.010983633808791637,0.7291396856307983,0.043078258633613586,0.6840161085128784,-0.01854780875146389,0.7279576063156128,0.026783738285303116,0.6848475933074951,-0.03587018698453903,0.7273099422454834,0.03847942873835564,0.9112564325332642,-0.022864490747451782,0.40940001606941223,0.0362519845366478,0.8703704476356506,-0.02626832202076912,0.4903581738471985,0.002739931456744671,0.8701363801956177,0.0331258624792099,0.4916888177394867,0.002739931456744671,0.8701363801956177,0.0331258624792099,0.4916888177394867,-0.023348163813352585,0.6385651230812073,-0.02207149751484394,0.7688966989517212,-0.07635937631130219,0.6385606527328491,0.022065164521336555,0.7654558420181274,-0.08225761353969574,0.6378190517425537,0.015002909116446972,0.7656339406967163,-0.0794861912727356,0.9253434538841248,-0.02594485506415367,0.36979493498802185,-0.0828433483839035,0.8443474769592285,-0.011332598514854908,0.5292312502861023,-0.04016924649477005,0.8407297730445862,-0.07894407957792282,0.5341609716415405,-0.04016924649477005,0.8407297730445862,-0.07894407957792282,0.5341609716415405,2.4178913234988932e-18,0.7265747785568237,2.4178913234988932e-18,0.6870875358581543,-0.022030146792531013,0.30513331294059753,-0.020830772817134857,0.9518269300460815,0.47143810987472534,0.25078776478767395,-0.17506566643714905,0.827165961265564,0.513439416885376,0.12568284571170807,0.010100522078573704,0.8488120436668396,0.23397165536880493,-0.6679946184158325,-0.498605877161026,0.500432550907135,0.3778861463069916,-0.6276199221611023,-0.5516089200973511,0.3987768292427063,0.3778861463069916,-0.6276199221611023,-0.5516089200973511,0.3987768292427063,0.015214414335787296,0.4562990367412567,0.014387554489076138,0.8895801305770874,-0.3961758017539978,0.39840933680534363,0.22290247678756714,0.7966359853744507,-0.5118205547332764,0.20040978491306305,-0.0848701223731041,0.8310673236846924,-0.2995474338531494,-0.6180304288864136,0.46286919713020325,0.5604124069213867,-0.2805114984512329,-0.6235641241073608,0.4527621865272522,0.5722653269767761,-0.2805114984512329,-0.6235641241073608,0.4527621865272522,0.5722653269767761,2.4178913234988932e-18,0.7265747785568237,2.4178913234988932e-18,0.6870875358581543
0.7393286824226379,-0.03405191674828529,0.12176743894815445,2.266808645772461e-18,0.7253744006156921,2.266808645772461e-18,0.6883545517921448,-0.110298316180706,0.0822430059313774,-0.04943132251501084,0.7816711783409118,-0.1751542717218399,-0.13836352825164797,-0.23893106877803802,-0.14435713291168215,-0.026560657098889367,0.9874919772148132,-0.3626688361167908,0.1523705095052719,0.0,-0.9774604797363281,1.1025310516357423,0.5014064729213716,-2.1947999000549316,-0.3565606832504272,-0.6800000071525574,-0.9622747421264648,-0.8108165740966798,-2.1947999000549316,-0.040512487292289706,0.0,0.0065710540860891425,0.06718470603227616,-0.11262295097112665,-3.847341569297149e-17,-0.3141575574874871,6.984110762386734e-24,0.7887871742248529,-0.19141426682472235,-0.065293411538005,-0.3146087944507595,0.4229048490524287,-0.056866312143393064,0.677536988258361,-0.41222325563430734,-0.44588043689727763,-0.29619273543357816,0.09547805190086234,-0.37473469972610485,0.0,1.3905628919601447,0.9813265442848207,1.421900129318241,0.0,1.0372007131576537,0.0,-0.31112191677093476,-1.0368807114660776,0.0,0.37328008413314884,0.0,0.0,0.0,2.266808645772461e-18,0.7253744006156921,2.266808645772461e-18,0.6883545517921448,2.266808645772461e-18,0.7253744006156921,2.266808645772461e-18,0.6883545517921448,0.010348492302000523,0.6876215934753418,0.009820351377129555,0.7259292006492615,0.04018759727478027,0.6874455213546753,-0.018450723960995674,0.7248883843421936,0.023183489218354225,0.6882274746894836,-0.03635672479867935,0.724212646484375,0.03528396785259247,0.9122258424758911,-0.02477993443608284,0.40741264820098877,0.032983485609292984,0.8730953335762024,-0.027775779366493225,0.48563918471336365,-0.0006611855933442712,0.8729281425476074,0.03264749050140381,0.4867546856403351,-0.0006611855933442712,0.8729281425476074,0.03264749050140381,0.4867546856403351,-0.02237522415816784,0.6409605145454407,-0.021233294159173965,0.7669538259506226,-0.07762452960014343,0.640822172164917,0.0250479057431221,0.7633440494537354,-0.08613218367099762,0.6397312879562378,0.01491268165409565,0.7636116743087769,-0.0829143226146698,0.9252209663391113,-0.027686625719070435,0.36922207474708557,-0.08655291795730591,0.8434647917747498,-0.012271082028746605,0.5300238132476807,-0.04597071558237076,0.8400875329971313,-0.07643985748291016,0.535067081451416,-0.04597071558237076,0.8400875329971313,-0.07643985748291016,0.535067081451416,2.266808645772461e-18,0.7253744006156921,2.266808645772461e-18,0.6883545517921448,-0.02138447016477585,0.31790634989738464,-0.02029310166835785,0.9476636648178101,0.47810304164886475,0.26012930274009705,-0.18389204144477844,0.8184950947761536,0.5247277021408081,0.12065406143665314,0.016905667260289192,0.8425066471099854,0.24545928835868835,-0.6640720367431641,-0.5051901340484619,0.4934987425804138,0.380699098110199,-0.6249524354934692,-0.5544875264167786,0.39629071950912476,0.380699098110199,-0.6249524354934692,-0.5544875264167786,0.39629071950912476,0.015189278870821,0.45474570989608765,0.014414086006581783,0.8903751373291016,-0.3985898494720459,0.39644739031791687,0.22322838008403778,0.7963195443153381,-0.5167827606201172,0.18768015503883362,-0.09843093156814575,0.8294717073440552,-0.3145628571510315,-0.6221063733100891,0.46097439527511597,0.5491234064102173,-0.29928290843963623,-0.6268373727798462,0.4531090259552002,0.558745801448822,-0.29928290843963623,-0.6268373727798462,0.4531090259552002,0.558745801448822,2.266808645772461e-18,0.7253744006156921,2.266808645772461e-18,0.6883545517921448
0.7395312786102295,-0.03260650113224983,0.11865422129631042,2.266808645772461e-18,0.7253744006156921,2.266808645772461e-18,0.6883545517921448,-0.09995865076780319,0.07783191651105881,-0.05189361050724983,0.778843343257904,-0.17113813757896423,-0.14125698804855347,-0.23338675498962402,-0.1479976326227188,-0.03362711891531944,0.9846131801605225,-0.3724129796028137,0.14363904297351837,0.0,-0.9438148140907288,1.1234009265899658,0.5639382600784302,-2.1947999000549316,-0.3358110785484314,-0.6800000071525574,-0.9659573435783386,-0.8642895221710205,-2.1947999000549316,-0.027541816234588623,0.0,0.010129808448255062,0.07227077335119247,-0.15566086769104004,0.0,0.0,0.0,0.5169832706451416,-0.22055445611476898,-0.12311439029872417,-0.14139175415039062,0.20080667734146118,-0.14467297506053,0.27721571922302257,-0.18202495574951172,-0.3533230721950531,-0.1439398229122162,-0.4872071444988252,-0.4365732967853546,0.0,1.6822831630706787,1.0434937477111816,3.126589298248291,0.0,1.0374802350997925,0.0,-0.18413005769252777,-2.6736470498144627,0.0,0.6485335230827332,0.0,0.0,0.0,2.266808645772461e-18,0.7253744006156921,2.266808645772461e-18,0.6883545517921448,2.266808645772461e-18,0.7253744006156921,2.266808645772461e-18,0.6883545517921448,0.009379245340824127,0.6912512183189392,0.008900570683181286,0.7224988341331482,0.03748178109526634,0.6910741329193115,-0.018000083044171333,0.7215868830680847,0.019540010020136833,0.6918139457702637,-0.03671479597687721,0.7208769917488098,0.032015927135944366,0.9137004613876343,-0.02654748409986496,0.4042545258998871,0.029629914090037346,0.8758078813552856,-0.029186582192778587,0.480864554643631,-0.004378467798233032,0.8756840825080872,0.03269176185131073,0.48175665736198425,-0.004378467798233032,0.8756840825080872,0.03269176185131073,0.48175665736198425,-0.021858401596546173,0.6430277824401855,-0.02074284851551056,0.7652497887611389,-0.07837449759244919,0.6428015828132629,0.02685379795730114,0.7615395188331604,-0.08917068690061569,0.6413930058479309,0.01404641568660736,0.7618833780288696,-0.08522039651870728,0.9253360033035278,-0.029769068583846092,0.3682451844215393,-0.08925846219062805,0.8411661982536316,-0.013477420434355736,0.5331891179084778,-0.05076788365840912,0.8380306363105774,-0.07380291074514389,0.5382196307182312,-0.05076788365840912,0.8380306363105774,-0.07380291074514389,0.5382196307182312,2.266808645772461e-18,0.7253744006156921,2.266808645772461e-18,0.6883545517921448,-0.020704951137304306,0.33379411697387695,-0.019648263230919838,0.9422137141227722,0.48432403802871704,0.2720416784286499,-0.194416806101799,0.8084712028503418,0.5373459458351135,0.11267486214637756,0.02930847741663456,0.8352872133255005,0.26269257068634033,-0.6606217622756958,-0.5103596448898315,0.48384350538253784,0.3892550766468048,-0.6218542456626892,-0.555563747882843,0.3913140594959259,0.3892550766468048,-0.6218542456626892,-0.555563747882843,0.3913140594959259,0.015189278870821,0.45474570989608765,0.014414086006581783,0.8903751373291016,-0.4000554382801056,0.39603567123413086,0.22395797073841095,0.7955842018127441,-0.5229285955429077,0.17148534953594208,-0.11865846812725067,0.826473593711853,-0.3362300395965576,-0.6264342069625854,0.4570047855377197,0.5344868302345276,-0.3258196711540222,-0.6299916505813599,0.4519270062446594,0.5410305261611938,-0.3258196711540222,-0.6299916505813599,0.4519270062446594,0.5410305261611938,2.266808645772461e-18,0.7253744006156921,2.266808645772461e-18,0.6883545517921448
0.7394865393638611,-0.030964963510632507,0.12105963528156281,1.813521528309221e-18,0.7217602729797363,1.813521528309221e-18,0.6921432018280029,-0.09402052164077757,0.0725355952978134,-0.05669367611408236,0.7806005835533142,-0.1670206159353256,-0.14036172032356262,-0.2279928237199783,-0.1490100234746933,-0.035172842442989356,0.9860841751098632,-0.3784388303756714,0.13726816177368162,0.0,-0.9154656887054442,1.1394632816314698,0.5711244344711304,-2.1947999000549316,-0.31641842126846303,-0.6800000071525574,-0.9664299488067627,-0.8580611109733581,-2.1947999000549316,-0.022183209657669043,0.0,0.0027097459882497454,0.07815443575382236,0.00989807248115615,-3.8473411722504807e-17,-0.3141616702079787,-6.230948653026275e-24,0.3849371731281275,-0.24711140990257274,-0.1932477205991748,-0.003839492797850952,0.20384831726551056,-0.031011158227920027,0.27270421385765076,-0.10318171381950343,-0.1877009212970726,-0.013446095585822493,-0.3756583631038661,-0.36575573682785,0.0,1.5233869552612298,0.8992681145668023,1.4662209510803148,0.0,0.9967717766761778,0.0,-0.08783017992973285,-0.88260660171508,0.0,0.4201716065406789,0.0,0.0,0.0,1.813521528309221e-18,0.7217602729797363,1.813521528309221e-18,0.6921432018280029,1.813521528309221e-18,0.7217602729797363,1.813521528309221e-18,0.6921432018280029,0.008780294097959995,0.6895453333854675,0.00841628760099411,0.7241405248641968,0.03502882272005081,0.689397931098938,-0.016595102846622467,0.723345160484314,0.015477923676371574,0.6901105642318726,-0.037093136459589005,0.722586989402771,0.02842765673995018,0.913130521774292,-0.028416793793439865,0.4056810140609741,0.02596033364534378,0.8761089444160461,-0.030694058164954185,0.48043423891067505,-0.007793395780026913,0.8761041164398193,0.030816998332738876,0.4810730218887329,-0.007793395780026913,0.8761041164398193,0.030816998332738876,0.4810730218887329,-0.021250514313578606,0.6410272121429443,-0.02037515677511692,0.7669533491134644,-0.07828115671873093,0.640765368938446,0.027396246790885925,0.7632439136505127,-0.08953617513179779,0.6392896771430969,0.013969089835882187,0.7636078596115112,-0.0854836106300354,0.9245700240135193,-0.030072946101427078,0.3700791597366333,-0.08961518108844757,0.8384585380554199,-0.013456795364618301,0.537378191947937,-0.05255958437919617,0.8355608582496643,-0.07093250006437302,0.5422583818435669,-0.05255958437919617,0.8355608582496643,-0.07093250006437302,0.5422583818435669,1.813521528309221e-18,0.7217602729797363,1.813521528309221e-18,0.6921432018280029,-0.020028498023748398,0.3421946167945862,-0.019202779978513718,0.9392194747924805,0.48974084854125977,0.27776360511779785,-0.2007908821105957,0.8016759753227234,0.5444446206092834,0.11462883651256561,0.024047518149018288,0.830579400062561,0.2611580193042755,-0.6551396250724792,-0.5187957286834717,0.4831559658050537,0.3799365162849426,-0.6196576356887817,-0.5617886781692505,0.3950521647930145,0.3799365162849426,-0.6196576356887817,-0.5617886781692505,0.3950521647930145,0.015113599598407745,0.45007750391960144,0.014493420720100403,0.8927440643310547,-0.40141141414642334,0.3918124735355377,0.2219521552324295,0.7975519895553589,-0.5219061374664307,0.16881418228149414,-0.11879409849643707,0.8276496529579163,-0.3360365033149719,-0.6287534236907959,0.456093966960907,0.5326603055000305,-0.32763949036598206,-0.6316267251968384,0.45203185081481934,0.5379287600517273,-0.32763949036598206,-0.6316267251968384,0.45203185081481934,0.5379287600517273,1.813521528309221e-18,0.7217602729797363,1.813521528309221e-18,0.6921432018280029
0.7394908666610718,-0.02953271567821502,0.12254105359315871,1.5113016823335046e-18,0.7193397879600525,1.5113016823335046e-18,0.6946583986282349,-0.08965650349855422,0.06789806187152861,-0.06087334305047991,0.7846112489700318,-0.16512883603572848,-0.14063549339771272,-0.22376691997051237,-0.1507496386766434,-0.037529016286134746,0.990152931213379,-0.3795726060867309,0.1335346192121506,0.0,-0.8875812172889708,1.1537523031234742,0.5809409618377687,-2.1947999000549316,-0.2941778838634489,-0.6800000071525574,-0.9645214438438415,-0.873957204818726,-2.1947999000549316,-0.019882786646485354,0.0,-0.0007649659644812052,0.07579818367958056,0.0925508245825762,-5.1297882296672595e-17,-0.4188822269439676,-8.307931537368289e-24,0.24968311488628292,-0.24505241215228996,-0.2213913112878796,0.15546475499868528,0.1391038209199892,0.009692158550023332,0.2346557378768914,-0.07243626639246983,-0.10159967839717914,0.15148256868124166,-0.15453026890754407,-0.23942387700080714,0.0,1.4035165309906004,0.7499176979064931,0.4382192730903641,0.0,1.0550692081451434,0.0,0.04780304022133493,-0.3523145735263957,0.0,0.17618482112884337,0.0,0.0,0.0,1.5113016823335046e-18,0.7193397879600525,1.5113016823335046e-18,0.6946583986282349,1.5113016823335046e-18,0.7193397879600525,1.5113016823335046e-18,0.6946583986282349,0.008343273773789406,0.6885479688644409,0.008057006634771824,0.7250980734825134,0.03295041248202324,0.688424825668335,-0.0153183713555336,0.7243970036506653,0.011984759010374546,0.6891078352928162,-0.037355903536081314,0.7235960960388184,0.02535797469317913,0.9134014248847961,-0.029940085485577583,0.4051647186279297,0.022801978513598442,0.8768757581710815,-0.031928107142448425,0.47911337018013,-0.010914911516010761,0.876952588558197,0.029760951176285744,0.4795304238796234,-0.010914911516010761,0.876952588558197,0.029760951176285744,0.4795304238796234,-0.020786892622709274,0.6399261951446533,-0.020073669031262398,0.7678928375244141,-0.07855246961116791,0.6396206617355347,0.02817247435450554,0.7641473412513733,-0.09054061770439148,0.6380330324172974,0.013830090872943401,0.764542281627655,-0.08623771369457245,0.9246591329574585,-0.030850138515233994,0.36961716413497925,-0.09050744771957397,0.8383283615112305,-0.01403159461915493,0.537416934967041,-0.05445333197712898,0.8355236053466797,-0.06993335485458374,0.5422587990760803,-0.05445333197712898,0.8355236053466797,-0.06993335485458374,0.5422587990760803,1.5113016823335046e-18,0.7193397879600525,1.5113016823335046e-18,0.6946583986282349,-0.0193935614079237,0.3519836664199829,-0.018728146329522133,0.9356178045272827,0.4940283000469208,0.2847924828529358,-0.2076980173587799,0.7947897911071777,0.5510061383247375,0.1173350140452385,0.019281744956970215,0.8259860277175903,0.25977611541748047,-0.6494474411010742,-0.5265336632728577,0.4832150936126709,0.36976197361946106,-0.6174904108047485,-0.5670567750930786,0.4005351662635803,0.36976197361946106,-0.6174904108047485,-0.5670567750930786,0.4005351662635803,0.015062914229929447,0.44695845246315,0.014546087943017483,0.8943095803260803,-0.40142086148262024,0.3892360329627991,0.22017894685268402,0.7992983460426331,-0.5222766399383545,0.16190047562122345,-0.1274525225162506,0.8275091648101807,-0.3442823886871338,-0.6317390203475952,0.4524509608745575,0.5269380807876587,-0.33673369884490967,-0.6344121694564819,0.4488890767097473,0.531629741191864,-0.33673369884490967,-0.6344121694564819,0.4488890767097473,0.531629741191864,1.5113016823335046e-18,0.7193397879600525,1.5113016823335046e-18,0.6946583986282349
0.7395933270454407,-0.028519047424197193,0.1221744805574417,1.5113016823335046e-18,0.7193397879600525,1.5113016823335046e-18,0.6946583986282349,-0.08844070732593536,0.06457810401916503,-0.06381221264600755,0.7931287646293641,-0.16768853962421418,-0.14324734807014466,-0.22187707126140593,-0.15394370257854462,-0.04150609076023103,0.9994172096252442,-0.3709222316741943,0.13507575392723084,0.0,-0.8606260538101195,1.1644946575164796,0.5960181951522828,-2.1947999000549316,-0.2662415862083434,-0.6800000071525574,-0.95785071849823,-0.9341023087501529,-2.1947999000549316,-0.02369873076677324,0.0,0.0036510223988443806,0.056962102651595986,0.009391222894191378,-1.2824470574168041e-17,-0.10472055673599101,-2.0769828843420557e-24,0.10801313519477782,-0.1857615113258359,-0.16555542647838567,0.35827299803495494,-0.06121291816234675,-0.09552151337266016,0.12953326106071425,-0.13788644894957572,-0.17454020678997073,0.3852810546755801,0.2857564508914967,-0.0020634174346913503,0.0,1.3616976737976072,0.5903177142143242,0.674951022863389,0.0,1.3113784193992626,0.0,0.26210293956101033,-2.3435198843479244,0.0,-0.0990517020225537,0.0,0.0,0.0,1.5113016823335046e-18,0.7193397879600525,1.5113016823335046e-18,0.6946583986282349,1.5113016823335046e-18,0.7193397879600525,1.5113016823335046e-18,0.6946583986282349,0.008230208419263363,0.688974916934967,0.007947820238769054,0.7246949672698975,0.03162185847759247,0.6888725161552429,-0.01429849211126566,0.7240514159202576,0.0096299909055233,0.6895297169685364,-0.03738875314593315,0.7232275009155273,0.023325905203819275,0.9153655171394348,-0.030771657824516296,0.4007681608200073,0.02066652476787567,0.8785871863365173,-0.03261573612689972,0.47601863741874695,-0.013449643738567829,0.8786692023277283,0.030342765152454376,0.47627609968185425,-0.013449643738567829,0.8786692023277283,0.030342765152454376,0.47627609968185425,-0.02061205916106701,0.6406317949295044,-0.019904835149645805,0.7673133015632629,-0.07955384999513626,0.6402654647827148,0.029416529461741447,0.7634565830230713,-0.09282374382019043,0.6384755373001099,0.013567869551479816,0.7639034986495972,-0.08797220885753632,0.9264436960220337,-0.03257344290614128,0.36455729603767395,-0.09246845543384552,0.8433319330215454,-0.01579684391617775,0.5291420221328735,-0.05655045807361603,0.8403424024581909,-0.07267604768276215,0.5341768264770508,-0.05655045807361603,0.8403424024581909,-0.07267604768276215,0.5341768264770508,1.5113016823335046e-18,0.7193397879600525,1.5113016823335046e-18,0.6946583986282349,-0.01884203404188156,0.36455270648002625,-0.018195539712905884,0.9308143854141235,0.4961091876029968,0.2944638431072235,-0.21569159626960754,0.7878095507621765,0.5565582513809204,0.12155908346176147,0.015509621240198612,0.8217211961746216,0.2587309777736664,-0.6434138417243958,-0.5329365134239197,0.4848254919052124,0.3579092025756836,-0.615433394908905,-0.570456326007843,0.4095393419265747,0.3579092025756836,-0.615433394908905,-0.570456326007843,0.4095393419265747,0.015062914229929447,0.44695845246315,0.014546087943017483,0.8943095803260803,-0.39875268936157227,0.38996827602386475,0.21887947618961334,0.8006328344345093,-0.525122344493866,0.14640767872333527,-0.1530771255493164,0.8242444396018982,-0.36919915676116943,-0.6356812715530396,0.44307613372802734,0.5131130814552307,-0.36019396781921387,-0.6391594409942627,0.4390133023262024,0.5186548829078674,-0.36019396781921387,-0.6391594409942627,0.4390133023262024,0.5186548829078674,1.5113016823335046e-18,0.7193397879600525,1.5113016823335046e-18,0.6946583986282349
0.7396077394485474,-0.02837993949651718,0.12310172766447068,1.5113016823335046e-18,0.7193397879600525,1.5113016823335046e-18,0.6946583986282349,-0.09153217524290086,0.06387431621551513,-0.06674273759126664,0.8056146860122682,-0.1701595038175583,-0.1414357632398605,-0.22387796938419344,-0.15372239649295807,-0.043230485171079636,1.0080604553222656,-0.37953636646270755,0.1292883843183517,0.0,-0.8366194367408752,1.177790665626526,0.6101418733596802,-2.1947999000549316,-0.24339581131935115,-0.6800000071525574,-0.9535875916481018,-0.9516114234924317,-2.1947999000549316,-0.02299492470920085,0.0,0.002481579501181832,0.0244466006755828,0.020485951378941665,0.0,0.0,0.0,-0.068428105860949,-0.08751278221607182,-0.1466931253671646,0.5449279129505161,-0.1253229945898056,0.0021104514598850876,-0.022229965031147395,-0.05724209249019589,-0.13127331435680367,0.4445829093456268,-0.08541653752327139,-0.14279838949441986,0.0,1.2593017101287838,0.6137273073196414,0.7252549529075621,0.0,1.2440991401672359,0.0,0.2613082885742185,-1.7281754493713337,0.0,-0.05520469844341233,0.0,0.0,0.0,1.5113016823335046e-18,0.7193397879600525,1.5113016823335046e-18,0.6946583986282349,1.5113016823335046e-18,0.7193397879600525,1.5113016823335046e-18,0.6946583986282349,0.008517700247466564,0.6878888010978699,0.008225448429584503,0.7257195711135864,0.031687181442976,0.6878007650375366,-0.013743855059146881,0.7250773906707764,0.008722702041268349,0.6884753108024597,-0.037930186837911606,0.7242147922515869,0.022896908223628998,0.9172666072845459,-0.031474024057388306,0.3963676691055298,0.020138895139098167,0.8802664279937744,-0.03330601751804352,0.47288060188293457,-0.013328902423381805,0.8804197311401367,0.02897367626428604,0.4731214642524719,-0.013328902423381805,0.8804197311401367,0.02897367626428604,0.4731214642524719,-0.020797166973352432,0.6398847103118896,-0.02008359134197235,0.7679269313812256,-0.07970069348812103,0.6395373344421387,0.02911052480340004,0.7640630006790161,-0.09350448846817017,0.6376655101776123,0.012589357793331146,0.7645137310028076,-0.08795319497585297,0.9275962710380554,-0.03413274511694908,0.3614753484725952,-0.09282079339027405,0.8427577614784241,-0.016932480037212372,0.529959499835968,-0.05840849131345749,0.8399016261100769,-0.07134893536567688,0.534848690032959,-0.05840849131345749,0.8399016261100769,-0.07134893536567688,0.534848690032959,1.5113016823335046e-18,0.7193397879600525,1.5113016823335046e-18,0.6946583986282349,-0.018347948789596558,0.37569111585617065,-0.01771840825676918,0.9263937473297119,0.499283105134964,0.3025398850440979,-0.22345206141471863,0.7805479764938354,0.5627033114433289,0.12414746731519699,0.011407561600208282,0.8172038793563843,0.2577551305294037,-0.6378676891326904,-0.5400063395500183,0.4848507046699524,0.3480517864227295,-0.6130531430244446,-0.5748045444488525,0.4154823422431946,0.3480517864227295,-0.6130531430244446,-0.5748045444488525,0.4154823422431946,0.015062914229929447,0.44695845246315,0.014546087943017483,0.8943095803260803,-0.39704516530036926,0.3904339373111725,0.21804773807525635,0.8014810085296631,-0.5251576900482178,0.14250347018241882,-0.16114982962608337,0.8233668804168701,-0.3766019940376282,-0.6366602182388306,0.43936851620674133,0.5096960067749023,-0.3678704500198364,-0.6401158571243286,0.4354691207408905,0.5150628089904785,-0.3678704500198364,-0.6401158571243286,0.4354691207408905,0.5150628089904785,1.5113016823335046e-18,0.7193397879600525,1.5113016823335046e-18,0.6946583986282349
0.739578127861023,-0.028678111732006073,0.12467588484287262,1.5113016823335046e-18,0.7193397879600525,1.5113016823335046e-18,0.6946583986282349,-0.09677727520465851,0.06447861343622208,-0.06966909021139145,0.820084810256958,-0.1725860983133316,-0.13741245865821838,-0.22782424092292786,-0.15179340541362762,-0.04382853955030441,1.0163931846618652,-0.3967827558517456,0.11983676254749298,0.0,-0.8140870928764343,1.1923635005950928,0.6237887740135193,-2.1947999000549316,-0.22309529781341553,-0.6800000071525574,-0.9505282640457153,-0.9478025436401367,-2.1947999000549316,-0.020031243562698364,0.0,-0.0014805793762207031,-0.01490861177444458,0.0787078533321619,0.0,0.0,0.0,-0.2622549720108509,0.030214861035346985,-0.14631761610507965,0.7235061526298523,-0.12132971733808517,0.20116522908210754,-0.19731355458498,0.09644953906536102,-0.029902711510658264,0.4166364371776581,-0.8623193800449371,-0.47258106619119644,0.0,1.126617193222046,0.7286416888237,0.6823449730873108,0.0,1.0150256156921387,0.0,0.15296636521816254,0.1904439926147461,0.0,0.14818404614925385,0.0,0.0,0.0,1.5113016823335046e-18,0.7193397879600525,1.5113016823335046e-18,0.6946583986282349,1.5113016823335046e-18,0.7193397879600525,1.5113016823335046e-18,0.6946583986282349,0.00900542177259922,0.6860422492027283,0.008696435019373894,0.7274540066719055,0.03244929388165474,0.6859660744667053,-0.013421778567135334,0.7267857193946838,0.008539123460650444,0.686680018901825,-0.03872576728463173,0.7258773446083069,0.02326922118663788,0.9191266894340515,-0.03211144357919693,0.3919611871242523,0.020415080711245537,0.881925106048584,-0.033997442573308945,0.4697185754776001,-0.011880291625857353,0.8821783065795898,0.026628855615854263,0.4700118601322174,-0.011880291625857353,0.8821783065795898,0.026628855615854263,0.4700118601322174,-0.021162182092666626,0.6384092569351196,-0.020436083897948265,0.7691347002983093,-0.07942002266645432,0.6381209492683411,0.02802939899265766,0.7653159499168396,-0.0933837890625,0.6362274289131165,0.011252670548856258,0.7657463550567627,-0.08705785125494003,0.928437352180481,-0.03561019152402878,0.35938411951065063,-0.0923686996102333,0.8393940329551697,-0.017753243446350098,0.5353228449821472,-0.060146450996398926,0.8368245363235474,-0.06798642873764038,0.539893388748169,-0.060146450996398926,0.8368245363235474,-0.06798642873764038,0.539893388748169,1.5113016823335046e-18,0.7193397879600525,1.5113016823335046e-18,0.6946583986282349,-0.01788180135190487,0.38609641790390015,-0.017268255352973938,0.9221234321594238,0.5029634237289429,0.30979329347610474,-0.23107735812664032,0.7730842232704163,0.5691203474998474,0.12591251730918884,0.007140208967030048,0.8125251531600952,0.25680285692214966,-0.6325379610061646,-0.5473860502243042,0.4840624928474426,0.3391837477684021,-0.6104949116706848,-0.5796109437942505,0.41988274455070496,0.3391837477684021,-0.6104949116706848,-0.5796109437942505,0.41988274455070496,0.015062914229929447,0.44695845246315,0.014546087943017483,0.8943095803260803,-0.39581868052482605,0.39076700806617737,0.21745023131370544,0.8020873665809631,-0.5239452123641968,0.14443856477737427,-0.16049078106880188,0.823930561542511,-0.375357061624527,-0.6363480687141418,0.438628226518631,0.5116380453109741,-0.3677535951137543,-0.6393540501594543,0.43521326780319214,0.5163071751594543,-0.3677535951137543,-0.6393540501594543,0.43521326780319214,0.5163071751594543,1.5113016823335046e-18,0.7193397879600525,1.5113016823335046e-18,0.6946583986282349
0.739314591884613,-0.030095393210649496,0.12834907174110413,1.4206320372473062e-18,0.7186119556427002,1.4206320372473062e-18,0.6954112648963928,-0.10618559271097187,0.06834652423858645,-0.07384337633848193,0.8279260873794556,-0.17459684312343599,-0.13636078238487243,-0.23172641694545748,-0.15168461501598357,-0.04695391431450845,1.0170525074005128,-0.39323095679283143,0.11460273116827009,0.0,-0.7653220653533933,1.1978662490844727,0.6414003014564515,-2.1947999000549316,-0.21236327886581416,-0.6800000071525574,-0.921642231941223,-0.9357988715171813,-2.1947999000549316,-0.016428858600556834,0.0,-0.008498310367576808,-0.04848188813775793,0.14167873859405544,-7.69467857255737e-18,-0.06283036172390012,2.8977721458410224e-24,-0.3871515095233923,0.12812325768172783,-0.18375562131404893,0.5246407568454734,-0.10885422676801676,0.11201637387275656,-0.1959906965494156,0.04184353053569769,-0.10572232864797149,0.18643425703048605,-0.23837379217147547,-0.3460533559322352,0.0,1.9135976314544711,0.4565391302108753,0.8012837767601019,0.0,0.7279708147048938,0.0,0.9277674287557636,0.4362877100706112,0.0,0.16734515726566324,0.0,0.0,0.0,1.4206320372473062e-18,0.7186119556427002,1.4206320372473062e-18,0.6954112648963928,1.4206320372473062e-18,0.7186119556427002,1.4206320372473062e-18,0.6954112648963928,0.009869551286101341,0.6819528341293335,0.009552091360092163,0.7312670946121216,0.03485357388854027,0.6818823218345642,-0.013748260214924812,0.7305017113685608,0.009664840996265411,0.6827062368392944,-0.04070916771888733,0.7294940948486328,0.025226589292287827,0.9184728860855103,-0.03337778523564339,0.3932645320892334,0.0222194604575634,0.8806875944137573,-0.03545139729976654,0.471846342086792,-0.009977136738598347,0.8810567855834961,0.024630503728985786,0.4722635746002197,-0.009977136738598347,0.8810567855834961,0.024630503728985786,0.4722635746002197,-0.021501047536730766,0.6361408233642578,-0.02080736681818962,0.770992636680603,-0.0798569992184639,0.6358886957168579,0.027452677488327026,0.7671472430229187,-0.09476011246442795,0.6338391304016113,0.00943460501730442,0.7675804495811462,-0.08736251294612885,0.9273626208305359,-0.03789706528186798,0.3618428707122803,-0.09307970851659775,0.8388092517852783,-0.02010137401521206,0.536033034324646,-0.062229447066783905,0.8362827301025391,-0.06810805201530457,0.5404810905456543,-0.062229447066783905,0.8362827301025391,-0.06810805201530457,0.5404810905456543,1.4206320372473062e-18,0.7186119556427002,1.4206320372473062e-18,0.6954112648963928,-0.016848597675561905,0.4074903726577759,-0.016303256154060364,0.9129085540771484,0.5007316470146179,0.3273499310016632,-0.24322623014450073,0.7635122537612915,0.5733980536460876,0.13797660171985626,-0.0005618561990559101,0.8075747489929199,0.2512493133544922,-0.6223827600479126,-0.5543913841247559,0.4921015202999115,0.3289982080459595,-0.602297306060791,-0.5862624645233154,0.4304584264755249,0.3289982080459595,-0.602297306060791,-0.5862624645233154,0.4304584264755249,0.015047673135995865,0.4460217356681824,0.014561854302883148,0.8947771787643433,-0.38441067934036255,0.3930166959762573,0.21138954162597656,0.808134138584137,-0.5139808654785156,0.15482059121131897,-0.16419073939323425,0.8275842666625977,-0.3735293745994568,-0.6354081034660339,0.4283197224140167,0.5227566957473755,-0.3672858774662018,-0.6378786563873291,0.42543917894363403,0.5265108346939087,-0.3672858774662018,-0.6378786563873291,0.42543917894363403,0.5265108346939087,1.4206320372473062e-18,0.7186119556427002,1.4206320372473062e-18,0.6954112648963928
0.7390922546386719,-0.031550348550081264,0.1278589040040969,1.3601846766116514e-18,0.7181262969970703,1.3601846766116514e-18,0.695912778377533,-0.11294416040182115,0.07251680046319965,-0.07620515525341033,0.8330361485481262,-0.17908846139907844,-0.13560313284397124,-0.23268222808837888,-0.14964587092399592,-0.050145453214645405,1.0138260960578918,-0.39478994011878976,0.10946464985609052,0.0,-0.7279939770698547,1.2042981147766114,0.6754541754722599,-2.1947999000549316,-0.2024511188268661,-0.6800000071525574,-0.8953553915023802,-0.9437945842742923,-2.1947999000549316,-0.015375253930687931,0.0,-0.011940836068242764,-0.07199428826570513,0.058758702874181154,-1.0259717013864203e-17,-0.08377381563186603,-5.329070513371238e-15,-0.39092336893081503,0.20246648788452168,-0.15433907806873212,0.31012735366821126,-0.17496343106031564,0.04376300871372205,-0.10671784579753699,0.06333812428638455,-0.15825365483760837,-0.0836058855056786,0.024266478419300824,-0.2588230520486831,0.0,2.0951430797576838,0.3030109345912939,1.373846662044535,0.0,0.5120051741600031,0.0,1.3663257598876937,0.00020204782484767314,0.0,0.10365583002567139,0.0,0.0,0.0,1.3601846766116514e-18,0.7181262969970703,1.3601846766116514e-18,0.695912778377533,1.3601846766116514e-18,0.7181262969970703,1.3601846766116514e-18,0.695912778377533,0.010490587912499905,0.6790411472320557,0.010166087187826633,0.7339547872543335,0.03709039464592934,0.6789635419845581,-0.014455602504312992,0.7330920696258545,0.01119933556765318,0.6798831224441528,-0.04237095266580582,0.7320096492767334,0.027384217828512192,0.9179108738899231,-0.03421756997704506,0.3943590223789215,0.024214187636971474,0.8789678812026978,-0.036534711718559265,0.474862664937973,-0.00801303144544363,0.8794234991073608,0.023099083453416824,0.4754120111465454,-0.00801303144544363,0.8794234991073608,0.023099083453416824,0.4754120111465454,-0.02157495729625225,0.6352435350418091,-0.020907588303089142,0.7717273235321045,-0.07920555770397186,0.6350299119949341,0.026634979993104935,0.7679545879364014,-0.09510231018066406,0.6328461170196533,0.0073748440481722355,0.7683793902397156,-0.08672617375850677,0.9262968897819519,-0.03972936421632767,0.3645191788673401,-0.09283798187971115,0.8368203639984131,-0.021955661475658417,0.5391018390655518,-0.06321560591459274,0.8343642950057983,-0.06770618259906769,0.5433744788169861,-0.06321560591459274,0.8343642950057983,-0.06770618259906769,0.5433744788169861,1.3601846766116514e-18,0.7181262969970703,1.3601846766116514e-18,0.695912778377533,-0.016053199768066406,0.423811137676239,-0.015556631609797478,0.9054747819900513,0.499639630317688,0.3404534161090851,-0.2528836727142334,0.7553156614303589,0.5787285566329956,0.14022330939769745,0.0007355543784797192,0.8033742308616638,0.2547166347503662,-0.6173324584960938,-0.5582944750785828,0.4922674894332886,0.3283822536468506,-0.5981343984603882,-0.5889366865158081,0.433074951171875,0.3283822536468506,-0.5981343984603882,-0.5889366865158081,0.433074951171875,0.015037504024803638,0.44539695978164673,0.014572354964911938,0.8950883150100708,-0.37390413880348206,0.3951972424983978,0.2059367448091507,0.8133909702301025,-0.5065193176269531,0.15922361612319946,-0.1749388873577118,0.8291455507278442,-0.3794325590133667,-0.6351785063743591,0.41688966751098633,0.5279983282089233,-0.3735876977443695,-0.6375787258148193,0.41415250301361084,0.5314162373542786,-0.3735876977443695,-0.6375787258148193,0.41415250301361084,0.5314162373542786,1.3601846766116514e-18,0.7181262969970703,1.3601846766116514e-18,0.695912778377533
0.7389523148536682,-0.033080651611089716,0.11904202699661251,1.3601846766116514e-18,0.7181262969970703,1.3601846766116514e-18,0.695912778377533,-0.1144032284617424,0.0772918075323105,-0.07494191974401473,0.832683777809143,-0.18854182660579685,-0.1354335367679596,-0.22774530947208402,-0.1437472194433212,-0.05346932038664819,1.0028282165527342,-0.4065704882144929,0.10451846867799756,0.0,-0.7135397672653198,1.2125882148742677,0.7423927426338199,-2.1947999000549316,-0.19417867660522456,-0.6800000071525574,-0.8742669343948364,-0.9917890667915347,-2.1947999000549316,-0.019419209845364112,0.0,-0.008232950605452045,-0.07538493126630785,-0.31594317853450943,-2.565475192670314e-18,-0.020943453907966342,-2.1316282067973454e-14,-0.15244589447975054,0.22967937588691723,0.00878656208515241,0.06431793570518385,-0.39824202507734396,0.017300605028867606,0.1584549754858029,0.23703393889591176,-0.16420842707157138,-0.4333219528198258,-0.4357039004564306,-0.2501875460147857,0.0,1.0658185482025102,0.3866314649581913,2.8536577105522225,0.0,0.43821785449981654,0.0,1.1323985815048208,-1.7997424483299334,0.0,-0.1257343739271174,0.0,0.0,0.0,1.3601846766116514e-18,0.7181262969970703,1.3601846766116514e-18,0.695912778377533,1.3601846766116514e-18,0.7181262969970703,1.3601846766116514e-18,0.695912778377533,0.010625964030623436,0.6785217523574829,0.010297275148332119,0.7344311475753784,0.03899423032999039,0.6784132122993469,-0.01592542976140976,0.7334722280502319,0.013551874086260796,0.6793972849845886,-0.0433916375041008,0.7323611974716187,0.02994254231452942,0.917539119720459,-0.03420447185635567,0.3950386643409729,0.026589445769786835,0.8762794733047485,-0.03687653690576553,0.47965359687805176,-0.005927080288529396,0.8767663836479187,0.02250155806541443,0.48035335540771484,-0.005927080288529396,0.8767663836479187,0.02250155806541443,0.48035335540771484,-0.021119195967912674,0.6370954513549805,-0.020465925335884094,0.7702236175537109,-0.07637769728899002,0.6369211673736572,0.02533547393977642,0.766717791557312,-0.09337763488292694,0.6346534490585327,0.0048318593762815,0.7671195864677429,-0.08420860767364502,0.9252575635910034,-0.04065283387899399,0.3676338493824005,-0.0906863808631897,0.831983745098114,-0.022821184247732162,0.5468623042106628,-0.0620051771402359,0.8296539187431335,-0.06625424325466156,0.5508539080619812,-0.0620051771402359,0.8296539187431335,-0.06625424325466156,0.5508539080619812,1.3601846766116514e-18,0.7181262969970703,1.3601846766116514e-18,0.695912778377533,-0.015748251229524612,0.4303382635116577,-0.015261117368936539,0.902401328086853,0.5012653470039368,0.3449345529079437,-0.25776922702789307,0.7505386471748352,0.5861161947250366,0.1228247582912445,0.020029565319418907,0.8006126880645752,0.27620211243629456,-0.6224455833435059,-0.5559481382369995,0.4766503870487213,0.3469606935977936,-0.6021446585655212,-0.5837550163269043,0.41984549164772034,0.3469606935977936,-0.6021446585655212,-0.5837550163269043,0.41984549164772034,0.015037504024803638,0.44539695978164673,0.014572354964911938,0.8950883150100708,-0.36530694365501404,0.3973466753959656,0.20175832509994507,0.8172882199287415,-0.5040328502655029,0.15165655314922333,-0.19976475834846497,0.826465368270874,-0.4007672965526581,-0.6363265514373779,0.40319448709487915,0.5214483737945557,-0.3933925926685333,-0.6395747661590576,0.399810791015625,0.5256782174110413,-0.3933925926685333,-0.6395747661590576,0.399810791015625,0.5256782174110413,1.3601846766116514e-18,0.7181262969970703,1.3601846766116514e-18,0.695912778377533
0.7387685775756836,-0.03460190370678901,0.1171175569295883,3.2027231590059315e-16,0.7181262969970703,-3.0768717977962756e-16,0.695912778377533,-0.11833714693784711,0.08204139024019239,-0.07278024554252625,0.8359177470207214,-0.19682911634445188,-0.13586483299732208,-0.2237567722797394,-0.1388724744319916,-0.057802915573120096,0.9896472573280335,-0.41079109311103823,0.1002267584204674,0.0,-0.7025445342063904,1.2222495555877686,0.7772177815437316,-2.1947999000549316,-0.1865731865167618,-0.6800000071525574,-0.8522188663482667,-1.005851936340332,-2.1947999000549316,-0.024108907952904678,0.0,-0.008310913387686004,-0.07624361664056778,-0.23407163619995255,-4.368701393746004e-22,3.0749073760942527e-32,-1.5987211554602324e-14,-0.1471989080309863,0.23798760771751404,0.09011493623256665,0.08997166156768727,-0.43768596649169944,-0.00954696387052524,0.21839447319507618,0.2642153561115267,-0.19648518860340097,-0.6153863430023189,-0.36222907304763946,-0.22767491638660445,0.0,0.6189411401748665,0.4556422054767606,2.3835223197937077,0.0,0.3936135172843934,0.0,1.0832111835479734,-1.3817756652832098,0.0,-0.2215700507164,0.0,0.0,0.0,3.2027231590059315e-16,0.7181262969970703,-3.0768717977962756e-16,0.695912778377533,3.2027231590059315e-16,0.7181262969970703,-3.0768717977962756e-16,0.695912778377533,0.010990934446454048,0.6771197319030762,0.010650956071913242,0.7357137203216553,0.041155338287353516,0.6769877672195435,-0.017123255878686905,0.7346432209014893,0.01649632304906845,0.678035318851471,-0.043838486075401306,0.7335354089736938,0.03286807984113693,0.9174087047576904,-0.03336384892463684,0.3951806426048279,0.029433246701955795,0.8741406202316284,-0.03644012659788132,0.4834088385105133,-0.0034493571147322655,0.8745976090431213,0.02298026904463768,0.4842923879623413,-0.0034493571147322655,0.8745976090431213,0.02298026904463768,0.4842923879623413,-0.02075089141726494,0.6385887861251831,-0.020109010860323906,0.7690054774284363,-0.07405635714530945,0.6384457349777222,0.024243149906396866,0.7657120227813721,-0.09247703850269318,0.6360417008399963,0.00210739066824317,0.7660905122756958,-0.08239540457725525,0.9235471487045288,-0.04206860065460205,0.372158408164978,-0.08924391865730286,0.8282312154769897,-0.024379607290029526,0.5526973009109497,-0.06145209074020386,0.8259694576263428,-0.06584121286869049,0.5564736127853394,-0.06145209074020386,0.8259694576263428,-0.06584121286869049,0.5564736127853394,3.2027231590059315e-16,0.7181262969970703,-3.0768717977962756e-16,0.695912778377533,-0.015515726990997791,0.4352884590625763,-0.015035785734653473,0.9000318050384521,0.503714919090271,0.34786754846572876,-0.262090265750885,0.746035099029541,0.5914549827575684,0.1136721670627594,0.02756386622786522,0.797809362411499,0.2858469784259796,-0.6238480806350708,-0.5571209192276001,0.4676764905452728,0.35381466150283813,-0.6036278605461121,-0.5830346345901489,0.4129398465156555,0.35381466150283813,-0.6036278605461121,-0.5830346345901489,0.4129398465156555,0.015037504024803638,0.44539695978164673,0.014572354964911938,0.8950883150100708,-0.35627511143684387,0.39954668283462524,0.19736579060554504,0.8212655782699585,-0.49837809801101685,0.1538287103176117,-0.21135026216506958,0.8266118168830872,-0.408359169960022,-0.6357541680335999,0.39290300011634827,0.5241056680679321,-0.3992134928703308,-0.639890193939209,0.3886585235595703,0.5292575359344482,-0.3992134928703308,-0.639890193939209,0.3886585235595703,0.5292575359344482,3.2027231590059315e-16,0.7181262969970703,-3.0768717977962756e-16,0.695912778377533
0.7385629415512085,-0.036118630319833755,0.11863929033279419,3.2027231590059315e-16,0.7181262969970703,-3.0768717977962756e-16,0.695912778377533,-0.12350849062204361,0.08677826076745987,-0.0701693519949913,0.8409448862075806,-0.20453336834907532,-0.13659657537937164,-0.2202424257993698,-0.13450968265533447,-0.06264137476682663,0.9753747582435608,-0.41123172640800476,0.09626228362321854,0.0,-0.6932787895202637,1.232596516609192,0.7959860563278198,-2.1947999000549316,-0.1793011724948883,-0.6800000071525574,-0.8296909928321838,-1.0029489994049072,-2.1947999000549316,-0.029121477156877518,0.0,-0.010281800292432308,-0.07583632320165634,0.07608664035797119,0.0,0.0,0.0,-0.258567176759243,0.2368435114622116,0.13054467737674713,0.25135695934295654,-0.38521257042884827,-0.03658711537718773,0.1757173091173172,0.21813957393169403,-0.24192294478416443,-0.713624894618988,-0.022031664848327637,-0.19822372496128082,0.0,0.46328720450401306,0.517348051071167,0.9384136199951172,0.0,0.3636006712913513,0.0,1.1263936758041382,0.14514684677124023,0.0,-0.25062844157218933,0.0,0.0,0.0,3.2027231590059315e-16,0.7181262969970703,-3.0768717977962756e-16,0.695912778377533,3.2027231590059315e-16,0.7181262969970703,-3.0768717977962756e-16,0.695912778377533,0.011470640078186989,0.6752725839614868,0.01111582387238741,0.7373952865600586,0.04344474524259567,0.6751192212104797,-0.018184935674071312,0.7362037301063538,0.019736530259251595,0.6762276887893677,-0.04399791359901428,0.7351127862930298,0.035976991057395935,0.9173926711082458,-0.03210923820734024,0.39505109190940857,0.032511040568351746,0.8722693920135498,-0.035614315420389175,0.48664233088493347,-0.0007757614948786795,0.8726662993431091,0.02399691566824913,0.48772647976875305,-0.0007757614948786795,0.8726662993431091,0.02399691566824913,0.48772647976875305,-0.020426305010914803,0.6399024724960327,-0.019794465973973274,0.7679295539855957,-0.07198818027973175,0.6397860646247864,0.023254388943314552,0.7648206949234009,-0.09198813140392303,0.6372179388999939,-0.0007078101625666022,0.7651737928390503,-0.0809323862195015,0.9214786887168884,-0.043729472905397415,0.37737876176834106,-0.0881558284163475,0.8250186443328857,-0.02628435753285885,0.557567834854126,-0.06122772395610809,0.8227986097335815,-0.06594768166542053,0.5611635446548462,-0.06122772395610809,0.8227986097335815,-0.06594768166542053,0.5611635446548462,3.2027231590059315e-16,0.7181262969970703,-3.0768717977962756e-16,0.695912778377533,-0.015319413505494595,0.4394497871398926,-0.014845544472336769,0.8980138301849365,0.5065675377845764,0.35002046823501587,-0.2661243975162506,0.7416554689407349,0.5958862900733948,0.10866861045360565,0.02922092191874981,0.7951458096504211,0.2896253168582916,-0.6235195994377136,-0.5601648092269897,0.46212100982666016,0.35486575961112976,-0.603951632976532,-0.5846462249755859,0.4092694818973541,0.35486575961112976,-0.603951632976532,-0.5846462249755859,0.4092694818973541,0.015037504024803638,0.44539695978164673,0.014572354964911938,0.8950883150100708,-0.3470020294189453,0.40174439549446106,0.1928528994321823,0.8252264857292175,-0.49120116233825684,0.16088895499706268,-0.21633727848529816,0.8282719254493713,-0.4091263711452484,-0.634398877620697,0.3843642473220825,0.5314299464225769,-0.3980712890625,-0.6394148468971252,0.3791343569755554,0.537536084651947,-0.3980712890625,-0.6394148468971252,0.3791343569755554,0.537536084651947,3.2027231590059315e-16,0.7181262969970703,-3.0768717977962756e-16,0.695912778377533
0.7382682919502258,-0.03676084503531456,0.12286452949047087,3.2027231590059315e-16,0.7181262969970703,-3.0768717977962756e-16,0.695912778377533,-0.13352668881416319,0.08833433985710144,-0.07244806736707687,0.835261607170105,-0.2073512077331543,-0.13637958467006683,-0.22190982103347778,-0.13336017727851868,-0.06534337401390075,0.9502937436103821,-0.40482845306396487,0.09352580010890961,0.0,-0.6567592263221742,1.2143931150436402,0.7524285197257996,-2.1947999000549316,-0.17785165309906006,-0.6800000071525574,-0.7887628436088563,-0.994858992099762,-2.1947999000549316,-0.018460357934236553,0.0,-0.012952207587659352,-0.04960097074508672,0.15719183534383757,0.0,0.0,0.0,-0.40397279262542696,0.141419777274132,-0.016143581271171242,-0.06995558738708424,-0.238620209693909,-0.008125124871730869,0.02026507556438481,0.1217409908771517,-0.17782915532588972,-1.037880325317382,0.1832855183631177,-0.1613839954137803,0.0,1.280901688337324,-0.33916282653808405,-0.9313605189323384,0.0,0.18892585039138832,0.0,1.678401947021483,0.3007589429616925,0.0,0.21958218216895947,0.0,0.0,0.0,3.2027231590059315e-16,0.7181262969970703,-3.0768717977962756e-16,0.695912778377533,3.2027231590059315e-16,0.7181262969970703,-3.0768717977962756e-16,0.695912778377533,0.012399733066558838,0.6716814041137695,0.0120161771774292,0.7406389117240906,0.04509058594703674,0.6715575456619263,-0.017650321125984192,0.7393685579299927,0.02074243873357773,0.6727504730224609,-0.044418152421712875,0.7382436394691467,0.03697587177157402,0.9143577814102173,-0.03218981251120567,0.4019283950328827,0.033446069806814194,0.867852509021759,-0.03584478050470352,0.49439704418182373,-0.0003178080078214407,0.8682779669761658,0.023371677845716476,0.4955269694328308,-0.0003178080078214407,0.8682779669761658,0.023371677845716476,0.4955269694328308,-0.020580312237143517,0.6392794847488403,-0.019943710416555405,0.7684403657913208,-0.07173608988523483,0.6391875743865967,0.022696474567055702,0.7653614282608032,-0.09257692098617554,0.6365035772323608,-0.002317309146746993,0.7656940221786499,-0.08127637952566147,0.9162755012512207,-0.04441375657916069,0.38969308137893677,-0.08854198455810547,0.8192273378372192,-0.02716786041855812,0.565940797328949,-0.061997346580028534,0.8170613050460815,-0.0654389038681984,0.569460391998291,-0.061997346580028534,0.8170613050460815,-0.0654389038681984,0.569460391998291,3.2027231590059315e-16,0.7181262969970703,-3.0768717977962756e-16,0.695912778377533,-0.014542512595653534,0.45575839281082153,-0.014092674478888512,0.8898732662200928,0.4958333969116211,0.3663037419319153,-0.2715309262275696,0.7390817403793335,0.5890804529190063,0.14179465174674988,0.007023439276963472,0.7955056428909302,0.26495271921157837,-0.6090633273124695,-0.5641793012619019,0.49045252799987793,0.3290928602218628,-0.5917837023735046,-0.5913227796554565,0.43798089027404785,0.3290928602218628,-0.5917837023735046,-0.5913227796554565,0.43798089027404785,0.015037504024803638,0.44539695978164673,0.014572354964911938,0.8950883150100708,-0.33004307746887207,0.40560656785964966,0.18459177017211914,0.8321542739868164,-0.47764360904693604,0.17430952191352844,-0.22417593002319336,0.8313952684402466,-0.4091656804084778,-0.6317933797836304,0.36895495653152466,0.545245885848999,-0.40215539932250977,-0.6349892020225525,0.3655557334423065,0.5490253567695618,-0.40215539932250977,-0.6349892020225525,0.3655557334423065,0.5490253567695618,3.2027231590059315e-16,0.7181262969970703,-3.0768717977962756e-16,0.695912778377533
0.738069498538971,-0.03714698851108551,0.12525119930505754,3.2027231590059315e-16,0.7181262969970703,-3.0768717977962756e-16,0.695912778377533,-0.14022670388221742,0.08934254050254822,-0.07258456349372865,0.8295589804649354,-0.2094275802373886,-0.13691344559192656,-0.22024990618228915,-0.13351600468158722,-0.0706232964992523,0.9243744015693666,-0.405706125497818,0.08874180316925051,0.0,-0.6371139764785766,1.2006186246871948,0.7237673044204712,-2.1947999000549316,-0.17347401082515718,-0.6800000071525574,-0.761981725692749,-0.9889190554618835,-2.1947999000549316,-0.010216891951859005,0.0,-0.011856793612241763,-0.02442859858274465,0.15610486567020454,0.0,0.0,0.0,-0.40136438012123177,0.06136759519577037,-0.04966918677091642,-0.2847443759441376,-0.11864796280860915,-0.01167601291090235,0.016449542343615828,0.01831528171896961,-0.21243765652179666,-1.2792004346847532,0.10173528790474085,-0.1982495754957195,0.0,1.319748687744144,-0.7773026943206796,-1.7309871196746855,0.0,0.16031964272260607,0.0,1.6219965457916288,0.3399982213974003,0.0,0.4605263352394109,0.0,0.0,0.0,3.2027231590059315e-16,0.7181262969970703,-3.0768717977962756e-16,0.695912778377533,3.2027231590059315e-16,0.7181262969970703,-3.0768717977962756e-16,0.695912778377533,0.013018956407904625,0.6692779660224915,0.01261624600738287,0.742790937423706,0.04618716612458229,0.6691734194755554,-0.0172936599701643,0.7414678335189819,0.02186795324087143,0.6704010963439941,-0.04417417198419571,0.7403599619865417,0.03781786561012268,0.9119106531143188,-0.0316166952252388,0.4074175953865051,0.034306321293115616,0.8643314838409424,-0.03539644926786423,0.5005012154579163,-1.126819734054152e-05,0.8647279739379883,0.023808784782886505,0.501676082611084,-1.126819734054152e-05,0.8647279739379883,0.023808784782886505,0.501676082611084,-0.02042699232697487,0.6398996710777283,-0.0197951328009367,0.7679317593574524,-0.07160749286413193,0.6397943496704102,0.022937536239624023,0.7648592591285706,-0.09415695816278458,0.636864423751831,-0.00407372135668993,0.7651938199996948,-0.08248047530651093,0.9112495183944702,-0.04561644420027733,0.4009246230125427,-0.08998802304267883,0.8117931485176086,-0.028053725138306618,0.5762873291969299,-0.064365915954113,0.8097502589225769,-0.06405545026063919,0.579705536365509,-0.064365915954113,0.8097502589225769,-0.06405545026063919,0.579705536365509,3.2027231590059315e-16,0.7181262969970703,-3.0768717977962756e-16,0.695912778377533,-0.014122563414275646,0.4644688367843628,-0.013685716316103935,0.8853710293769836,0.4884876608848572,0.37552696466445923,-0.27367615699768066,0.7385531663894653,0.5834517478942871,0.16218292713165283,-0.005852625705301762,0.7957677841186523,0.2498088926076889,-0.6002842783927917,-0.5650151371955872,0.5079488754272461,0.31202900409698486,-0.5847318768501282,-0.593275249004364,0.45689260959625244,0.31202900409698486,-0.5847318768501282,-0.593275249004364,0.45689260959625244,0.015037504024803638,0.44539695978164673,0.014572354964911938,0.8950883150100708,-0.31887078285217285,0.40804189443588257,0.17914408445358276,0.836499035358429,-0.46859681606292725,0.183219775557518,-0.22899353504180908,0.8333122730255127,-0.40882718563079834,-0.6299278736114502,0.3588513135910034,0.5543258190155029,-0.4049636125564575,-0.6317372918128967,0.3569069504737854,0.5563540458679199,-0.4049636125564575,-0.6317372918128967,0.3569069504737854,0.5563540458679199,3.2027231590059315e-16,0.7181262969970703,-3.0768717977962756e-16,0.695912778377533
0.7380624175071716,-0.03702098950743675,0.12396073043346405,3.2027231590059315e-16,0.7181262969970703,-3.0768717977962756e-16,0.695912778377533,-0.1402903527021408,0.0892549842596054,-0.06843662112951278,0.8238176584243774,-0.2100210189819336,-0.13894900977611543,-0.21193537116050717,-0.13628249764442443,-0.08105906546115878,0.8967784047126769,-0.4211456894874573,0.07986277937889097,0.0,-0.6512173533439637,1.1957019567489624,0.7248987317085266,-2.1947999000549316,-0.16324012279510497,-0.6800000071525574,-0.7634946703910828,-0.9872792601585388,-2.1947999000549316,-0.006808735243976108,0.0,-0.0032297370955347814,-0.0013821870088576785,-0.009366366267204662,0.0,0.0,0.0,-0.10272792577743461,0.01205853968858707,0.1431305363774304,-0.2864856481552124,-0.05191594362258896,-0.07925265524536386,0.3159074321389205,-0.09916466847062136,-0.44445073902607013,-1.354649901390076,-0.5535497605800642,-0.3825257748365406,0.0,-0.19893937110901216,-0.37870072126388465,-0.3903183460235564,0.0,0.42385068386793195,0.0,0.3487637996673556,0.1464918792247768,0.0,0.24293745756149243,0.0,0.0,0.0,3.2027231590059315e-16,0.7181262969970703,-3.0768717977962756e-16,0.695912778377533,3.2027231590059315e-16,0.7181262969970703,-3.0768717977962756e-16,0.695912778377533,0.013018956407904625,0.6692779660224915,0.01261624600738287,0.742790937423706,0.04618716612458229,0.6691734194755554,-0.0172936599701643,0.7414678335189819,0.023233409970998764,0.670331597328186,-0.04260334372520447,0.7404733896255493,0.03834930434823036,0.9107190370559692,-0.029739007353782654,0.4101655185222626,0.03502114117145538,0.8627098798751831,-0.03359498456120491,0.5033655166625977,-7.605066457472276e-06,0.8629605174064636,0.026373419910669327,0.5045828223228455,-7.605066457472276e-06,0.8629605174064636,0.026373419910669327,0.5045828223228455,-0.019658811390399933,0.6429998278617859,-0.019050711765885353,0.7653768658638,-0.07172504812479019,0.6428042054176331,0.024776283651590347,0.7622628211975098,-0.09771816432476044,0.6393672227859497,-0.006123883184045553,0.7626423239707947,-0.08542253077030182,0.9067802429199219,-0.04786555841565132,0.41007518768310547,-0.09354918450117111,0.8010370135307312,-0.028942765668034554,0.5905511975288391,-0.06992766261100769,0.7992434501647949,-0.06091905012726784,0.5938088297843933,-0.06992766261100769,0.7992434501647949,-0.06091905012726784,0.5938088297843933,3.2027231590059315e-16,0.7181262969970703,-3.0768717977962756e-16,0.695912778377533,-0.014424186199903488,0.45822006464004517,-0.013978008180856705,0.8886117935180664,0.4882453680038452,0.37086915969848633,-0.2694765329360962,0.7426002025604248,0.5817617177963257,0.15746565163135529,-5.977426189929247e-05,0.7979709506034851,0.2544423043727875,-0.6045004725456238,-0.561007559299469,0.5050827860832214,0.3133011758327484,-0.5895514488220215,-0.5874109864234924,0.45740529894828796,0.3133011758327484,-0.5895514488220215,-0.5874109864234924,0.45740529894828796,0.015037504024803638,0.44539695978164673,0.014572354964911938,0.8950883150100708,-0.3195034861564636,0.40790629386901855,0.17945268750190735,0.8362575769424438,-0.4689187705516815,0.1832345724105835,-0.2279309183359146,0.8334192633628845,-0.4080295264720917,-0.630000650882721,0.35962778329849243,0.5543275475502014,-0.4054555296897888,-0.6312053203582764,0.35833290219306946,0.5556825995445251,-0.4054555296897888,-0.6312053203582764,0.35833290219306946,0.5556825995445251,3.2027231590059315e-16,0.7181262969970703,-3.0768717977962756e-16,0.695912778377533
0.738036572933197,-0.03599399477243423,0.12424890846014024,3.2027231590059315e-16,0.7181262969970703,-3.0768717977962756e-16,0.695912778377533,-0.14353755116462708,0.08607778549194335,-0.06731479167938233,0.8145817160606384,-0.21213383376598358,-0.1403804749250412,-0.2066389411687851,-0.13974362909793855,-0.08889599144458772,0.8684727549552916,-0.4287189543247223,0.07781895995140076,0.0,-0.6719441652297974,1.1849797010421752,0.7235052347183227,-2.1947999000549316,-0.15092347562313077,-0.6800000071525574,-0.763739824295044,-0.9897477269172669,-2.1947999000549316,-0.007989286817610271,0.0,-0.0009169577795546521,0.03332981867715726,-0.017164036631584008,2.912467595830666e-22,-2.0499382507294997e-32,1.0658141036401537e-14,-0.09868892407976122,-0.09706708192825349,0.11661372184753388,-0.39190469384193455,-0.07525321058928983,-0.08365523219108575,0.3251835763454434,-0.15916379690170296,-0.44382313489913916,-1.4010893106460571,-0.5359891891479485,-0.23889504075050286,0.0,-0.9038718104362494,-0.4200009912252432,-0.019176367670297872,0.0,0.5741771340370181,0.0,-0.03761350661516177,-0.04125809222459835,0.0,0.03274658918380691,0.0,0.0,0.0,3.2027231590059315e-16,0.7181262969970703,-3.0768717977962756e-16,0.695912778377533,3.2027231590059315e-16,0.7181262969970703,-3.0768717977962756e-16,0.695912778377533,0.013327835127711296,0.6680761575698853,0.012915571220219135,0.7438615560531616,0.04531817138195038,0.668012261390686,-0.01584348827600479,0.7425999641418457,0.022813420742750168,0.6691588163375854,-0.04082399979233742,0.7416465282440186,0.03712332248687744,0.908203125,-0.028440672904253006,0.4159088730812073,0.033905159682035446,0.8590675592422485,-0.032209355384111404,0.5097213387489319,-0.0019294045632705092,0.8592116236686707,0.028116846457123756,0.5108435153961182,-0.0019294045632705092,0.8592116236686707,0.028116846457123756,0.5108435153961182,-0.019169297069311142,0.6449688673019409,-0.01857633888721466,0.7637425661087036,-0.07244173437356949,0.644691526889801,0.026499226689338684,0.7605412602424622,-0.10101862996816635,0.6408325433731079,-0.007317708805203438,0.7609699964523315,-0.08858256787061691,0.9015125036239624,-0.04911372810602188,0.4207329750061035,-0.09700426459312439,0.7913806438446045,-0.02914261259138584,0.6028743982315063,-0.07347395271062851,0.7896479964256287,-0.05990081652998924,0.6061926484107971,-0.07347395271062851,0.7896479964256287,-0.05990081652998924,0.6061926484107971,3.2027231590059315e-16,0.7181262969970703,-3.0768717977962756e-16,0.695912778377533,-0.014866155572235584,0.4489954113960266,-0.014406304806470871,0.8932942748069763,0.48648691177368164,0.3643951416015625,-0.2627241909503937,0.7493481636047363,0.57787024974823,0.15231506526470184,0.008143712766468525,0.8017480373382568,0.2602337598800659,-0.6104411482810974,-0.554034411907196,0.5026788711547852,0.3150506317615509,-0.596238374710083,-0.5783060789108276,0.4591349959373474,0.3150506317615509,-0.596238374710083,-0.5783060789108276,0.4591349959373474,0.015037504024803638,0.44539695978164673,0.014572354964911938,0.8950883150100708,-0.31971433758735657,0.40786099433898926,0.17955555021762848,0.8361769914627075,-0.4692401885986328,0.18252548575401306,-0.22885540127754211,0.8331407308578491,-0.40903615951538086,-0.6300562620162964,0.35947445034980774,0.5536215305328369,-0.4060152769088745,-0.6314733028411865,0.35795843601226807,0.5552105903625488,-0.4060152769088745,-0.6314733028411865,0.35795843601226807,0.5552105903625488,3.2027231590059315e-16,0.7181262969970703,-3.0768717977962756e-16,0.695912778377533
0.7380013465881348,-0.03451650217175484,0.12532640993595123,1.3601846766116514e-18,0.7181262969970703,1.3601846766116514e-18,0.695912778377533,-0.14837652444839478,0.08135576546192169,-0.06770601868629456,0.8035984635353088,-0.21500633656978607,-0.14150989055633545,-0.2028515636920929,-0.14355207979679108,-0.09543349593877792,0.8398122787475586,-0.43235906958580017,0.07919274270534515,0.0,-0.6959826946258545,1.1713546514511108,0.7208492755889893,-2.1947999000549316,-0.13756544888019562,-0.6800000071525574,-0.7633510828018188,-0.9942703247070312,-2.1947999000549316,-0.011464192532002926,0.0,-0.0017613171075936407,0.073874622117728,0.05387507379055023,7.281168989576641e-22,-5.124845626823732e-32,2.6645352591003757e-14,-0.24194864905439317,-0.23610098659992218,-0.019561350345611572,-0.5491626262664795,-0.14362512342631817,-0.056470777839422226,0.1893688589334488,-0.19042252004146576,-0.3268752098083496,-1.4330236911773682,-0.18200576305389393,0.06868913769721985,0.0,-1.201926350593567,-0.6812524050474167,-0.1327979601919651,0.0,0.6679012775421143,0.0,0.019437074661254883,-0.22612986713647842,0.0,-0.1737452745437622,0.0,0.0,0.0,1.3601846766116514e-18,0.7181262969970703,1.3601846766116514e-18,0.695912778377533,1.3601846766116514e-18,0.7181262969970703,1.3601846766116514e-18,0.695912778377533,0.013776334002614021,0.6663273572921753,0.013350196182727814,0.7454125285148621,0.04407837986946106,0.6663190126419067,-0.013758158311247826,0.7442356944084167,0.02150052972137928,0.6674291491508484,-0.038940079510211945,0.7433435916900635,0.03501668944954872,0.9049773812294006,-0.02743053063750267,0.42312806844711304,0.03187135234475136,0.8543530106544495,-0.031029336154460907,0.5177860260009766,-0.004813755862414837,0.8544089794158936,0.02944757603108883,0.518743634223938,-0.004813755862414837,0.8544089794158936,0.02944757603108883,0.518743634223938,-0.018819168210029602,0.6463741064071655,-0.0182370413094759,0.7625705003738403,-0.07345801591873169,0.6460177302360535,0.02816426381468773,0.759257435798645,-0.10418857634067535,0.6417785286903381,-0.008083340711891651,0.7597365975379944,-0.09184204787015915,0.895750880241394,-0.049856167286634445,0.43209925293922424,-0.1003984659910202,0.7822163105010986,-0.028995631262660027,0.6141799688339233,-0.07600682973861694,0.7804553508758545,-0.0599377378821373,0.6176729798316956,-0.07600682973861694,0.7804553508758545,-0.0599377378821373,0.6176729798316956,1.3601846766116514e-18,0.7181262969970703,1.3601846766116514e-18,0.695912778377533,-0.015376735478639603,0.43823641538619995,-0.01490109320729971,0.898604691028595,0.483902245759964,0.3569622039794922,-0.25465893745422363,0.7573410272598267,0.5728117227554321,0.146930530667305,0.01755123771727085,0.8062196373939514,0.26657402515411377,-0.6171735525131226,-0.5455150604248047,0.5004481673240662,0.3169969916343689,-0.6037797927856445,-0.5675045847892761,0.4614124298095703,0.3169969916343689,-0.6037797927856445,-0.5675045847892761,0.4614124298095703,0.015037504024803638,0.44539695978164673,0.014572354964911938,0.8950883150100708,-0.3194434344768524,0.40791913866996765,0.17942340672016144,0.8362805247306824,-0.46955928206443787,0.18145370483398438,-0.23077252507209778,0.8326659798622131,-0.41094329953193665,-0.6301007270812988,0.358854740858078,0.5525594353675842,-0.406608521938324,-0.632140576839447,0.35668328404426575,0.5548376441001892,-0.406608521938324,-0.632140576839447,0.35668328404426575,0.5548376441001892,1.3601846766116514e-18,0.7181262969970703,1.3601846766116514e-18,0.695912778377533
0.7376556277275086,-0.03403308093547821,0.12981565892696384,1.3601846766116514e-18,0.7181262969970703,1.3601846766116514e-18,0.695912778377533,-0.15953028500080113,0.07922650724649428,-0.07164976000785829,0.7878741383552551,-0.21624616086483003,-0.14417865276336672,-0.20415247976779938,-0.14727047979831698,-0.10414839535951619,0.8134431242942809,-0.4294135391712189,0.07674185186624526,0.0,-0.708045518398285,1.1620726346969603,0.6597601413726804,-2.1947999000549316,-0.13084370791912076,-0.6800000071525574,-0.7671144723892213,-1.0004150867462158,-2.1947999000549316,-0.01609743870794775,0.0,-0.011076092603616458,0.044052486121654376,0.15622748658061072,2.912467595830637e-22,-2.0499382507294792e-32,1.0658141036401433e-14,-0.43139224946498955,-0.1583181411027905,-0.12613676898181486,-0.6913947701454168,-0.09464477896690346,-0.1026511751115324,0.03672005236148765,-0.18772099912166595,-0.39219704866409333,-1.364284038543701,0.015563604235650008,-0.04605106115341237,0.0,-0.8426552176475509,-0.5509614527225488,-1.8857930660247881,0.0,0.46881272196769624,0.0,-0.10512685067951735,-0.2747947931289675,0.0,-0.20849549174308793,0.0,0.0,0.0,1.3601846766116514e-18,0.7181262969970703,1.3601846766116514e-18,0.695912778377533,1.3601846766116514e-18,0.7181262969970703,1.3601846766116514e-18,0.695912778377533,0.014809809625148773,0.6622817516326904,0.014351703226566315,0.7489711046218872,0.04445713013410568,0.6623296737670898,-0.011890674941241741,0.7477978467941284,0.020710978657007217,0.6634960770606995,-0.03867174685001373,0.7468925714492798,0.03396853432059288,0.8993531465530396,-0.027756664901971817,0.4350169599056244,0.030774962157011032,0.8471574783325195,-0.0312599316239357,0.5295280814170837,-0.007455556653439999,0.8472098112106323,0.029832979664206505,0.530367910861969,-0.007455556653439999,0.8472098112106323,0.029832979664206505,0.530367910861969,-0.018939439207315445,0.6458916664123535,-0.018353594467043877,0.762973427772522,-0.07501957565546036,0.6454918384552002,0.02921297959983349,0.7595123052597046,-0.10851448029279709,0.6407080888748169,-0.010360642336308956,0.760006844997406,-0.09559760987758636,0.889100193977356,-0.05241724103689194,0.444538414478302,-0.10456755012273788,0.7739715576171875,-0.03084927797317505,0.6237643361091614,-0.08056995272636414,0.7722196578979492,-0.060524117201566696,0.6273134350776672,-0.08056995272636414,0.7722196578979492,-0.060524117201566696,0.6273134350776672,1.3601846766116514e-18,0.7181262969970703,1.3601846766116514e-18,0.695912778377533,-0.01563211902976036,0.43281349539756775,-0.015148578211665154,0.9012206792831421,0.4815974831581116,0.353462815284729,-0.25024425983428955,0.7619092464447021,0.5647932291030884,0.16312825679779053,-0.000292076263576746,0.8089485168457031,0.2461567223072052,-0.6126177310943604,-0.5466408133506775,0.5150633454322815,0.29412680864334106,-0.601198673248291,-0.5686845779418945,0.47817111015319824,0.29412680864334106,-0.601198673248291,-0.5686845779418945,0.47817111015319824,0.015037504024803638,0.44539695978164673,0.014572354964911938,0.8950883150100708,-0.3210165202617645,0.40758082270622253,0.18019068241119385,0.835677981376648,-0.4713510572910309,0.17881828546524048,-0.2322245091199875,0.8318197727203369,-0.4131951630115509,-0.6304469108581543,0.35973066091537476,0.5499094724655151,-0.4071044325828552,-0.6333200931549072,0.3567034602165222,0.5531134605407715,-0.4071044325828552,-0.6333200931549072,0.3567034602165222,0.5531134605407715,1.3601846766116514e-18,0.7181262969970703,1.3601846766116514e-18,0.695912778377533
0.7373760223388672,-0.033278209716081614,0.1333823084831238,1.3601846766116514e-18,0.7181262969970703,1.3601846766116514e-18,0.695912778377533,-0.16825371980667117,0.07647530585527418,-0.07371873855590819,0.766056430339813,-0.21601064801216124,-0.1472182780504227,-0.20509327054023743,-0.1505843311548233,-0.11276382058858878,0.7852489948272703,-0.42716261148452755,0.07632984369993212,0.0,-0.7185628056526184,1.1560147047042846,0.6164897322654723,-2.1947999000549316,-0.12365386486053462,-0.6800000071525574,-0.7707023382186889,-1.0049060821533202,-2.1947999000549316,-0.02088764719665054,0.0,-0.015302538871765097,0.032314559444785285,0.1967844516038889,-1.4562337979153573e-22,1.024969125364767e-32,-5.329070518200858e-15,-0.4847782254219041,-0.1251211971044544,-0.14094417393207437,-0.9690176725387609,-0.017731099575757095,-0.14456399977207207,-0.0542420446872709,-0.17378352880477882,-0.4327607154846191,-1.3732068538665783,0.12643842697143512,-0.06137805730104324,0.0,-0.5567750394344321,-0.36737821102142143,-2.5198947429656875,0.0,0.3501300811767581,0.0,-0.18290375173091877,-0.25762507915496724,0.0,-0.23637117147445688,0.0,0.0,0.0,1.3601846766116514e-18,0.7181262969970703,1.3601846766116514e-18,0.695912778377533,1.3601846766116514e-18,0.7181262969970703,1.3601846766116514e-18,0.695912778377533,0.015617777593433857,0.659103274345398,0.015134678222239017,0.7517380714416504,0.04434298723936081,0.6591997146606445,-0.010074044577777386,0.7505919337272644,0.02002015709877014,0.6603864431381226,-0.03772677853703499,0.7497102618217468,0.032684341073036194,0.8927223682403564,-0.027501381933689117,0.44857776165008545,0.029527852311730385,0.8391660451889038,-0.030865078791975975,0.5421953797340393,-0.010438775643706322,0.8391644358634949,0.030925076454877853,0.542897641658783,-0.010438775643706322,0.8391644358634949,0.030925076454877853,0.542897641658783,-0.01901961676776409,0.645569920539856,-0.018431290984153748,0.7632417678833008,-0.07638610899448395,0.6451007127761841,0.030172713100910187,0.7596708536148071,-0.11261714994907379,0.6397693157196045,-0.012684271670877934,0.7601655721664429,-0.09922049939632416,0.8819384574890137,-0.05479063093662262,0.45753446221351624,-0.10857892036437988,0.7649195790290833,-0.032515402883291245,0.6340752243995667,-0.08429655432701111,0.7631214261054993,-0.06166914105415344,0.6377592086791992,-0.08429655432701111,0.7631214261054993,-0.06166914105415344,0.6377592086791992,1.3601846766116514e-18,0.7181262969970703,1.3601846766116514e-18,0.695912778377533,-0.01585431769490242,0.4280725419521332,-0.01536390371620655,0.9034746885299683,0.4803401231765747,0.3501393795013428,-0.24674786627292633,0.7653699517250061,0.5590188503265381,0.17361140251159668,-0.01252660620957613,0.8106787204742432,0.23206646740436554,-0.6096684336662292,-0.5471608638763428,0.5244661569595337,0.27739232778549194,-0.599781334400177,-0.568723738193512,0.48976442217826843,0.27739232778549194,-0.599781334400177,-0.568723738193512,0.48976442217826843,0.015037504024803638,0.44539695978164673,0.014572354964911938,0.8950883150100708,-0.32251518964767456,0.40725693106651306,0.1809215545654297,0.8351007699966431,-0.4729210138320923,0.17665967345237732,-0.23305879533290863,0.8311563730239868,-0.4147709906101227,-0.6307519674301147,0.3607024550437927,0.5477323532104492,-0.40686529874801636,-0.634483814239502,0.35679131746292114,0.5518975257873535,-0.40686529874801636,-0.634483814239502,0.35679131746292114,0.5518975257873535,1.3601846766116514e-18,0.7181262969970703,1.3601846766116514e-18,0.695912778377533
0.7372286438941955,-0.03198043853044509,0.13510375916957856,1.3601846766116514e-18,0.7181262969970703,1.3601846766116514e-18,0.695912778377533,-0.17211650311946872,0.0724802181124687,-0.07203819155693053,0.7320519566535948,-0.21282446086406706,-0.1509996294975281,-0.2053138107061386,-0.1530890852212906,-0.12118029743433002,0.7534049153327941,-0.4263008892536163,0.07999560087919237,0.0,-0.7259890198707581,1.1564049482345582,0.6088567733764648,-2.1947999000549316,-0.11552781760692593,-0.6800000071525574,-0.7739391565322876,-1.0060895442962647,-2.1947999000549316,-0.02599178031086924,0.0,-0.009352326393127415,0.05674505792558204,0.1137505024671551,-5.824935191661332e-22,4.0998765014589994e-32,-2.1316282072803075e-14,-0.2660489082336416,-0.1810960784554484,0.02778445780277325,-1.5174220919609094,0.11504923477768958,-0.1779416680336,-0.021830767393112044,-0.1373741596937178,-0.42380803823471064,-1.5374546051025397,0.06392419040203066,0.12212137430906378,0.0,-0.4176767706871026,-0.07721042037010062,-0.9162095546722342,0.0,0.3922592699527742,0.0,-0.1671066135168075,-0.10878610014915399,0.0,-0.25049777626991276,0.0,0.0,0.0,1.3601846766116514e-18,0.7181262969970703,1.3601846766116514e-18,0.695912778377533,1.3601846766116514e-18,0.7181262969970703,1.3601846766116514e-18,0.695912778377533,0.015975456684827805,0.6576917767524719,0.015481293201446533,0.7529586553573608,0.04324522987008095,0.6578205823898315,-0.008359717205166817,0.7518858909606934,0.019527677446603775,0.6589516401290894,-0.0354301892220974,0.7510966062545776,0.03093012049794197,0.8841232657432556,-0.02608470618724823,0.46549850702285767,0.027983155101537704,0.8296810388565063,-0.02922302670776844,0.5567694902420044,-0.014104750007390976,0.8295226693153381,0.033433474600315094,0.5572930574417114,-0.014104750007390976,0.8295226693153381,0.033433474600315094,0.5572930574417114,-0.01901961676776409,0.645569920539856,-0.018431290984153748,0.7632417678833008,-0.07736297696828842,0.6449823379516602,0.030954638496041298,0.7596411108970642,-0.11627636849880219,0.6391124725341797,-0.015100806020200253,0.760123074054718,-0.10259415954351425,0.8739156126976013,-0.05679740011692047,0.47172021865844727,-0.11228671669960022,0.7543505430221558,-0.03380987048149109,0.6459131240844727,-0.08635900169610977,0.7523947954177856,-0.06393849104642868,0.6498894691467285,-0.08635900169610977,0.7523947954177856,-0.06393849104642868,0.6498894691467285,1.3601846766116514e-18,0.7181262969970703,1.3601846766116514e-18,0.695912778377533,-0.0160109493881464,0.42471781373023987,-0.015515689738094807,0.9050512313842773,0.48121991753578186,0.3471989035606384,-0.24510985612869263,0.7666821479797363,0.5583469867706299,0.17284053564071655,-0.013541709631681442,0.8112899661064148,0.23090007901191711,-0.6105978488922119,-0.547062873840332,0.5240017175674438,0.27332603931427,-0.6014957427978516,-0.567241370677948,0.49166345596313477,0.27332603931427,-0.6014957427978516,-0.567241370677948,0.49166345596313477,0.015037504024803638,0.44539695978164673,0.014572354964911938,0.8950883150100708,-0.3238663077354431,0.406963586807251,0.18158043920993805,0.8345776796340942,-0.47405654191970825,0.17545822262763977,-0.23266221582889557,0.830875039100647,-0.4150029122829437,-0.6309873461723328,0.3618733286857605,0.5465120077133179,-0.40515822172164917,-0.6356195211410522,0.3570164442062378,0.551701009273529,-0.40515822172164917,-0.6356195211410522,0.3570164442062378,0.551701009273529,1.3601846766116514e-18,0.7181262969970703,1.3601846766116514e-18,0.695912778377533
0.7370344161987304,-0.030385321378707874,0.13703584671020508,3.2027231590059315e-16,0.7181262969970703,-3.0768717977962756e-16,0.695912778377533,-0.17805871367454534,0.06714672595262523,-0.07494811415672306,0.7066802859306334,-0.21134524941444396,-0.1520150512456894,-0.20574548244476318,-0.15442143380641937,-0.124577434360981,0.7241910696029661,-0.42214297056198113,0.08368452638387683,0.0,-0.7375954747200013,1.1530244588851928,0.6072120308876038,-2.1947999000549316,-0.11070912182331083,-0.6800000071525574,-0.773216986656189,-1.0064873695373535,-2.1947999000549316,-0.030909718945622475,0.0,-0.008774399105459466,0.07380893677473077,0.09239163249731071,-1.4562337979152696e-22,1.0249691253647056e-32,-5.32907051820054e-15,-0.25552196204662386,-0.2399064987897877,-0.053686745464803176,-1.4412395238876317,0.10810007750987954,-0.10608967244625009,-0.017360954545438352,-0.09006553888320887,-0.27024362087249604,-1.5132968425750724,0.1419719897210608,0.18398289382457733,0.0,-0.4967178881168378,-0.09360981173813457,-0.20200143456458866,0.0,0.3070817947387685,0.0,-0.043071255087851285,-0.03560399785637832,0.0,-0.24962080717086788,0.0,0.0,0.0,3.2027231590059315e-16,0.7181262969970703,-3.0768717977962756e-16,0.695912778377533,3.2027231590059315e-16,0.7181262969970703,-3.0768717977962756e-16,0.695912778377533,0.01652556285262108,0.6555156707763672,0.01601438596844673,0.7548309564590454,0.04184935986995697,0.6556824445724487,-0.006003451067954302,0.7538523077964783,0.017259087413549423,0.6567860841751099,-0.034246619790792465,0.753101110458374,0.028040513396263123,0.8768098950386047,-0.02613704837858677,0.4793068766593933,0.02512728050351143,0.8213634490966797,-0.02894950658082962,0.5691156387329102,-0.01815935969352722,0.8211899995803833,0.03350472450256348,0.5693809986114502,-0.01815935969352722,0.8211899995803833,0.03350472450256348,0.5693809986114502,-0.019053595140576363,0.6454335451126099,-0.018464218825101852,0.7633554935455322,-0.07768858224153519,0.6449426412582397,0.03121527098119259,0.7596309185028076,-0.11790601909160614,0.6387038230895996,-0.01601877622306347,0.7601966261863708,-0.10458995401859283,0.8665763735771179,-0.05674181878566742,0.4846511483192444,-0.1141560897231102,0.7458062171936035,-0.03357125446200371,0.6554498672485352,-0.08662824332714081,0.7437506318092346,-0.06472977250814438,0.6596519947052002,-0.08662824332714081,0.7437506318092346,-0.06472977250814438,0.6596519947052002,3.2027231590059315e-16,0.7181262969970703,-3.0768717977962756e-16,0.695912778377533,-0.016255302354693413,0.41946297883987427,-0.015752485021948814,0.9074901938438416,0.48104339838027954,0.34307247400283813,-0.24186643958091736,0.7696747183799744,0.556864857673645,0.16940167546272278,-0.01018521748483181,0.8130811452865601,0.23339363932609558,-0.6138476133346558,-0.5443244576454163,0.5219476819038391,0.274201899766922,-0.6050054430961609,-0.5635455846786499,0.49111923575401306,0.274201899766922,-0.6050054430961609,-0.5635455846786499,0.49111923575401306,0.015037504024803638,0.44539695978164673,0.014572354964911938,0.8950883150100708,-0.3235648572444916,0.40702909231185913,0.18143346905708313,0.834694504737854,-0.47386646270751953,0.17555291950702667,-0.23301538825035095,0.830864429473877,-0.41522467136383057,-0.6309444904327393,0.36154311895370483,0.546611487865448,-0.4035111665725708,-0.6364479064941406,0.355756938457489,0.5527656078338623,-0.4035111665725708,-0.6364479064941406,0.355756938457489,0.5527656078338623,3.2027231590059315e-16,0.7181262969970703,-3.0768717977962756e-16,0.695912778377533
0.7368167638778687,-0.02864153124392032,0.13907325267791748,1.3601846766116514e-18,0.7181262969970703,1.3601846766116514e-18,0.695912778377533,-0.1850406378507615,0.06114403158426283,-0.08015327155590055,0.6856250166893002,-0.2107195258140564,-0.1516475081443787,-0.20628271996974945,-0.1551675796508789,-0.125464901328087,0.6962923407554623,-0.4163369536399841,0.0873850360512734,0.0,-0.7512920498847963,1.1477586030960083,0.6085613965988158,-2.1947999000549316,-0.10754410177469244,-0.6800000071525574,-0.7705153226852417,-1.0064923763275146,-2.1947999000549316,-0.03573456034064295,0.0,-0.010882615111768303,0.08718950301408727,0.10187029093503908,7.281168989576592e-22,-5.124845626823698e-32,2.664535259100358e-14,-0.3490961790084841,-0.3001346886157975,-0.260257869958875,-1.052763462066654,0.03128618001937812,0.018377153202890212,-0.026861874386668243,-0.03730728849768649,-0.04437334463000677,-1.3949363231658949,0.29030081629753085,0.1850254684686664,0.0,-0.6848286986351002,-0.2632927894592282,0.06746828556060544,0.0,0.15825098752975633,0.0,0.13508319854736317,-0.00025033950805532885,0.0,-0.24124205112457178,0.0,0.0,0.0,1.3601846766116514e-18,0.7181262969970703,1.3601846766116514e-18,0.695912778377533,1.3601846766116514e-18,0.7181262969970703,1.3601846766116514e-18,0.695912778377533,0.017171738669276237,0.6529513597488403,0.016640571877360344,0.7570222020149231,0.040303800255060196,0.6531549692153931,-0.0033261359203606844,0.7561435699462891,0.014102195389568806,0.6542453169822693,-0.033619046211242676,0.7554031610488892,0.02458224445581436,0.8700959086418152,-0.02692257985472679,0.4915322959423065,0.021614620462059975,0.8135790228843689,-0.029358480125665665,0.5803101658821106,-0.02240663394331932,0.813465416431427,0.032355401664972305,0.5802802443504333,-0.02240663394331932,0.813465416431427,0.032355401664972305,0.5802802443504333,-0.019136367365717888,0.6451011300086975,-0.018544429913163185,0.7636323571205139,-0.07826488465070724,0.6445980072021484,0.031510550528764725,0.7598521709442139,-0.11852162331342697,0.6384234428405762,-0.016187556087970734,0.7603328824043274,-0.10588863492012024,0.8595142364501953,-0.055650744587183,0.49691617488861084,-0.11510387063026428,0.7382615208625793,-0.032565485686063766,0.663822591304779,-0.08599916100502014,0.7361345291137695,-0.06478064507246017,0.6682166457176208,-0.08599916100502014,0.7361345291137695,-0.06478064507246017,0.6682166457176208,1.3601846766116514e-18,0.7181262969970703,1.3601846766116514e-18,0.695912778377533,-0.016542958095669746,0.41324371099472046,-0.016031241044402122,0.9103290438652039,0.4803193509578705,0.33833935856819153,-0.23781058192253113,0.7734765410423279,0.5549488067626953,0.16462013125419617,-0.00464243907481432,0.8154203295707703,0.23770515620708466,-0.6182260513305664,-0.5402378439903259,0.5190721154212952,0.2775381803512573,-0.6093891263008118,-0.5587212443351746,0.4893342852592468,0.2775381803512573,-0.6093891263008118,-0.5587212443351746,0.4893342852592468,0.015037504024803638,0.44539695978164673,0.014572354964911938,0.8950883150100708,-0.322437047958374,0.4072738587856293,0.1808834671974182,0.8351308703422546,-0.47301337122917175,0.17629560828208923,-0.2337433397769928,0.8309886455535889,-0.4154411554336548,-0.6307622194290161,0.3604622185230255,0.5473706126213074,-0.4018913507461548,-0.6371183395385742,0.3537527322769165,0.5544570684432983,-0.4018913507461548,-0.6371183395385742,0.3537527322769165,0.5544570684432983,1.3601846766116514e-18,0.7181262969970703,1.3601846766116514e-18,0.695912778377533
0.7364290595054627,-0.02812216840684414,0.13976919651031494,1.3601846766116514e-18,0.7181262969970703,1.3601846766116514e-18,0.695912778377533,-0.19263601899147031,0.05941861122846604,-0.07773519754409791,0.654004991054535,-0.21171688735485078,-0.1547009617090225,-0.20693395137786866,-0.15621826350688933,-0.13774998188018797,0.6646965622901917,-0.4113573253154755,0.09209660887718199,0.0,-0.761544132232666,1.1435486793518066,0.6024894833564759,-2.1947999000549316,-0.09932930022478105,-0.6800000071525574,-0.7681613445281983,-1.0025588989257812,-2.1947999000549316,-0.03761219382286071,0.0,-0.015984176099300373,0.05045668631792077,0.061626431345939724,2.912467595830666e-22,-2.0499382507294994e-32,1.065814103640154e-14,-0.36749988794326777,-0.17181648612022427,-0.031560927629471325,-1.3697060823440546,-0.0174063742160796,-0.0842527378350494,-0.030281691998243324,-0.046443428844213465,-0.3863017432391636,-1.5058478116989134,0.2655091673135758,0.21535736322402949,0.0,-0.5814939498901369,-0.23161481916904456,-0.15517006516456555,0.0,0.30974442362785304,0.0,0.12465261965990068,0.11790417730808231,0.0,-0.1528258204460146,0.0,0.0,0.0,1.3601846766116514e-18,0.7181262969970703,1.3601846766116514e-18,0.695912778377533,1.3601846766116514e-18,0.7181262969970703,1.3601846766116514e-18,0.695912778377533,0.017874451354146004,0.6501528024673462,0.017321545630693436,0.7593955993652344,0.04042300954461098,0.65038001537323,-0.002000444568693638,0.7585299611091614,0.015117915347218513,0.6514600515365601,-0.031471822410821915,0.7578791379928589,0.024451564997434616,0.8603731393814087,-0.02495194412767887,0.5084660649299622,0.021679040044546127,0.8018319010734558,-0.02739604376256466,0.5965274572372437,-0.024497879669070244,0.8015516996383667,0.03463398292660713,0.5964188575744629,-0.024497879669070244,0.8015516996383667,0.03463398292660713,0.5964188575744629,-0.019136367365717888,0.6451011300086975,-0.018544429913163185,0.7636323571205139,-0.07873984426259995,0.6443448066711426,0.03177206963300705,0.7600069046020508,-0.1228962168097496,0.6373966932296753,-0.02060806192457676,0.760392963886261,-0.10950702428817749,0.8506052494049072,-0.05954892188310623,0.5108156800270081,-0.11935238540172577,0.7283519506454468,-0.03593522310256958,0.6737707853317261,-0.08819516003131866,0.7259224057197571,-0.06940887868404388,0.6785577535629272,-0.08819516003131866,0.7259224057197571,-0.06940887868404388,0.6785577535629272,1.3601846766116514e-18,0.7181262969970703,1.3601846766116514e-18,0.695912778377533,-0.016757763922214508,0.4085758328437805,-0.016239404678344727,0.9124261140823364,0.4796416163444519,0.33479779958724976,-0.23475268483161926,0.7763669490814209,0.5528102517127991,0.1632164567708969,-0.0032223211601376534,0.8171602487564087,0.23806583881378174,-0.6205344796180725,-0.5377914309501648,0.518692672252655,0.2749778628349304,-0.6123937368392944,-0.5548814535140991,0.4913937449455261,0.2749778628349304,-0.6123937368392944,-0.5548814535140991,0.4913937449455261,0.015037504024803638,0.44539695978164673,0.014572354964911938,0.8950883150100708,-0.32145392894744873,0.4074864983558655,0.18040400743484497,0.8355098962783813,-0.4718908667564392,0.17797192931175232,-0.2328018844127655,0.831533670425415,-0.4140007495880127,-0.630547046661377,0.3599289059638977,0.549058198928833,-0.39973390102386475,-0.6372093558311462,0.35282963514328003,0.5564966201782227,-0.39973390102386475,-0.6372093558311462,0.35282963514328003,0.5564966201782227,1.3601846766116514e-18,0.7181262969970703,1.3601846766116514e-18,0.695912778377533
0.7361460208892823,-0.027162630856037144,0.139741188287735,1.3601846766116514e-18,0.7181262969970703,1.3601846766116514e-18,0.695912778377533,-0.1980906367301941,0.056365963071584715,-0.07611806094646453,0.6222652792930604,-0.21127356290817262,-0.15791400372982026,-0.20642577707767487,-0.15619441270828247,-0.1449528992176056,0.6347438335418701,-0.40503404140472415,0.09788486808538435,0.0,-0.7713385462760926,1.138562297821045,0.5982523441314698,-2.1947999000549316,-0.09139167517423631,-0.6800000071525574,-0.7656465768814087,-0.9995635271072387,-2.1947999000549316,-0.04066815301775931,0.0,-0.016245244443416615,0.03917338065803042,0.0130786314606668,0.0,0.0,0.0,-0.3155461311340336,-0.12608784288167926,0.09687557220459,-1.5845917463302612,-0.00664749667048483,-0.15746031701564786,0.0022206008434293364,-0.02029815241694472,-0.46178910732269385,-1.5304973125457766,0.2892910659313199,0.26787921786308266,0.0,-0.49887406229972847,-0.23378990292549118,-0.24855241775512732,0.0,0.4024247527122498,0.0,0.12252258658409115,0.1685306906700136,0.0,-0.12923143506050086,0.0,0.0,0.0,1.3601846766116514e-18,0.7181262969970703,1.3601846766116514e-18,0.695912778377533,1.3601846766116514e-18,0.7181262969970703,1.3601846766116514e-18,0.695912778377533,0.01837894693017006,0.6481373310089111,0.017810437828302383,0.7610933780670166,0.03981822729110718,0.6483817100524902,-0.00046120703336782753,0.7602733373641968,0.015118570998311043,0.6494272947311401,-0.02938915230333805,0.7597053050994873,0.023398814722895622,0.8508203625679016,-0.02333194389939308,0.5244166851043701,0.020807115361094475,0.7907829284667969,-0.02567080408334732,0.611204206943512,-0.02747565507888794,0.7903453707695007,0.03677496314048767,0.610939621925354,-0.02747565507888794,0.7903453707695007,0.03677496314048767,0.610939621925354,-0.01914959028363228,0.6450480818748474,-0.018557244911789894,0.7636765837669373,-0.07867203652858734,0.6445298790931702,0.031824078410863876,0.7598547339439392,-0.12513713538646698,0.6371404528617859,-0.02328336611390114,0.7601647973060608,-0.11161238700151443,0.842545747756958,-0.06118160858750343,0.523370087146759,-0.12163961678743362,0.7200589776039124,-0.037478312849998474,0.6821396350860596,-0.08811230957508087,0.7173677682876587,-0.07265257090330124,0.6872709393501282,-0.08811230957508087,0.7173677682876587,-0.07265257090330124,0.6872709393501282,1.3601846766116514e-18,0.7181262969970703,1.3601846766116514e-18,0.695912778377533,-0.01696256920695305,0.4041062593460083,-0.016437873244285583,0.9144070148468018,0.4786001443862915,0.3315107226371765,-0.23167464137077332,0.7793391346931458,0.5505584478378296,0.16160814464092255,-0.001038278453052044,0.819003701210022,0.23906463384628296,-0.6230363845825195,-0.5349023938179016,0.5182211995124817,0.273148775100708,-0.6155291199684143,-0.5506299734115601,0.49327510595321655,0.273148775100708,-0.6155291199684143,-0.5506299734115601,0.49327510595321655,0.015037504024803638,0.44539695978164673,0.014572354964911938,0.8950883150100708,-0.3204030394554138,0.4077129065990448,0.17989148199558258,0.8359133005142212,-0.4708046317100525,0.179445281624794,-0.23227770626544952,0.8319792747497559,-0.41295865178108215,-0.6303331851959229,0.35923150181770325,0.5505434274673462,-0.3975251615047455,-0.6375118494033813,0.35151809453964233,0.5585582256317139,-0.3975251615047455,-0.6375118494033813,0.35151809453964233,0.5585582256317139,1.3601846766116514e-18,0.7181262969970703,1.3601846766116514e-18,0.695912778377533
0.7360723137855529,-0.025322743877768512,0.1382652759552002,1.3601846766116514e-18,0.7181262969970703,1.3601846766116514e-18,0.695912778377533,-0.19926372766494752,0.05065885931253432,-0.0761027991771698,0.5902861952781676,-0.20794886648654937,-0.16144622266292574,-0.2035987913608551,-0.15402149260044098,-0.14199149012565612,0.6080772042274475,-0.3960234463214874,0.10582650005817415,0.0,-0.7802176237106323,1.132023000717163,0.5976847529411315,-2.1947999000549316,-0.08400840312242507,-0.6800000071525574,-0.762810230255127,-0.9984443664550782,-2.1947999000549316,-0.04608076363801957,0.0,-0.0068253275007009295,0.07878910265862951,-0.05207704901695266,0.0,0.0,0.0,-0.12287744283676105,-0.2455383405089381,0.024791209399700004,-1.5953634977340698,0.12301423326134711,-0.17182327806949618,0.10656711459159873,0.07640995755791685,-0.004394435882567382,-1.3826228380203243,0.41022005975246456,0.3647809922695162,0.0,-0.45768389701843254,-0.30367109477520005,-0.0834227740764614,0.0,0.3774788677692413,0.0,0.13699364513158802,0.08410119712352733,0.0,-0.23528074026107812,0.0,0.0,0.0,1.3601846766116514e-18,0.7181262969970703,1.3601846766116514e-18,0.695912778377533,1.3601846766116514e-18,0.7181262969970703,1.3601846766116514e-18,0.695912778377533,0.01848742738366127,0.6477032899856567,0.01791556365787983,0.7614577412605286,0.037766262888908386,0.6479490399360657,0.0015050689689815044,0.7607453465461731,0.013089505955576897,0.6489167213439941,-0.027436459437012672,0.7602519392967224,0.020513257011771202,0.8419974446296692,-0.022424932569265366,0.5386248826980591,0.018073931336402893,0.7815479636192322,-0.024434583261609077,0.6231045722961426,-0.0322384387254715,0.7809745073318481,0.03865822032094002,0.6225312948226929,-0.0322384387254715,0.7809745073318481,0.03865822032094002,0.6225312948226929,-0.01888825185596943,0.6460971236228943,-0.018303988501429558,0.7628019452095032,-0.07751858234405518,0.6455905437469482,0.03145701438188553,0.7590877413749695,-0.12311828136444092,0.6384648680686951,-0.022469498217105865,0.7594074010848999,-0.11073549091815948,0.8365297317504883,-0.05830703303217888,0.533437967300415,-0.1200442910194397,0.7152458429336548,-0.0353800505399704,0.6875763535499573,-0.08350197970867157,0.712378203868866,-0.07315059751272202,0.6929600834846497,-0.08350197970867157,0.712378203868866,-0.07315059751272202,0.6929600834846497,1.3601846766116514e-18,0.7181262969970703,1.3601846766116514e-18,0.695912778377533,-0.017147885635495186,0.4000459909439087,-0.016617456451058388,0.9161839485168457,0.4768458902835846,0.3287431001663208,-0.22856365144252777,0.7824990153312683,0.5480804443359375,0.1595907360315323,0.002673552604392171,0.8210550546646118,0.2413397878408432,-0.6259257197380066,-0.5311285853385925,0.5175658464431763,0.2727908194065094,-0.6189453601837158,-0.5455725789070129,0.4948156177997589,0.2727908194065094,-0.6189453601837158,-0.5455725789070129,0.4948156177997589,0.015037504024803638,0.44539695978164673,0.014572354964911938,0.8950883150100708,-0.3192172646522522,0.40796762704849243,0.1793130785226822,0.8363667726516724,-0.4697941541671753,0.18051397800445557,-0.2325897067785263,0.8322319984436035,-0.4127160310745239,-0.6301262378692627,0.35820841789245605,0.5516278743743896,-0.3952166438102722,-0.6382415294647217,0.349432110786438,0.5606679916381836,-0.3952166438102722,-0.6382415294647217,0.349432110786438,0.5606679916381836,1.3601846766116514e-18,0.7181262969970703,1.3601846766116514e-18,0.695912778377533
0.7360572576522827,-0.02454724833369255,0.13633281588554383,1.3601846766116514e-18,0.7181262969970703,1.3601846766116514e-18,0.695912778377533,-0.19819858074188232,0.0483195535838604,-0.07626549005508423,0.5633180499076843,-0.2031860053539276,-0.16398615539073944,-0.20171635448932648,-0.15359224677085875,-0.14200948476791384,0.5837981939315795,-0.3878301620483398,0.11107704490423204,0.0,-0.7902104735374451,1.1248408317565919,0.5993017435073853,-2.1947999000549316,-0.07621118277311323,-0.6800000071525574,-0.7583508253097534,-0.996159029006958,-2.1947999000549316,-0.05190310701727868,0.0,-0.0019258260261267367,0.06006260216236104,-0.08749204128980641,3.772383840735805e-23,-5.65303167897308e-33,2.93915248855606e-15,0.008492586761713244,-0.18432124257087673,-0.004575490637216735,-1.4486259222030635,0.20937975347042098,-0.14684234857559195,0.11301282048225393,0.05633577555417997,0.058688339591026,-1.2617027759552,0.42601040005683893,0.31634896993637057,0.0,-0.4773670256137849,-0.34625098109245306,0.03715789504349254,0.0,0.3815820217132569,0.0,0.190509080886841,0.09094332680106175,0.0,-0.2829224884510041,0.0,0.0,0.0,1.3601846766116514e-18,0.7181262969970703,1.3601846766116514e-18,0.695912778377533,1.3601846766116514e-18,0.7181262969970703,1.3601846766116514e-18,0.695912778377533,0.018388928845524788,0.6480973958969116,0.01782011054456234,0.7611268758773804,0.03677057474851608,0.648338794708252,0.0021587202791124582,0.7604604959487915,0.01202683337032795,0.6492693424224854,-0.026834215968847275,0.7599900364875793,0.01900944486260414,0.8349242806434631,-0.022429410368204117,0.5495789647102356,0.016637027263641357,0.774881899356842,-0.024242732673883438,0.6314219236373901,-0.03513751178979874,0.7742648124694824,0.0392988957464695,0.6306623816490173,-0.03513751178979874,0.7742648124694824,0.0392988957464695,0.6306623816490173,-0.018714208155870438,0.6467947959899902,-0.018135327845811844,0.7622185945510864,-0.07713690400123596,0.6462798118591309,0.031540725380182266,0.7585363388061523,-0.12279315292835236,0.6391787528991699,-0.02235296741127968,0.7588627338409424,-0.11116869747638702,0.8305202722549438,-0.05674018710851669,0.5428242087364197,-0.12001851201057434,0.710350751876831,-0.03425563871860504,0.6926934719085693,-0.08137553930282593,0.7073548436164856,-0.07362796366214752,0.6982879638671875,-0.08137553930282593,0.7073548436164856,-0.07362796366214752,0.6982879638671875,1.3601846766116514e-18,0.7181262969970703,1.3601846766116514e-18,0.695912778377533,-0.017356041818857193,0.3954671025276184,-0.016819173470139503,0.9181622266769409,0.4749092161655426,0.3255774974822998,-0.22511601448059082,0.7859920263290405,0.5454903841018677,0.1565915197134018,0.00766979344189167,0.8233230113983154,0.24475905299186707,-0.6294643878936768,-0.526684045791626,0.5162086486816406,0.27341222763061523,-0.6230214238166809,-0.5397461652755737,0.49574583768844604,0.27341222763061523,-0.6230214238166809,-0.5397461652755737,0.49574583768844604,0.015037504024803638,0.44539695978164673,0.014572354964911938,0.8950883150100708,-0.31735163927078247,0.40836644172668457,0.17840299010276794,0.8370765447616577,-0.4681485891342163,0.1823265552520752,-0.2328677773475647,0.8326864242553711,-0.4121125340461731,-0.629794716835022,0.3566496670246124,0.5534645318984985,-0.3923889696598053,-0.6389092206954956,0.34670040011405945,0.5635820031166077,-0.3923889696598053,-0.6389092206954956,0.34670040011405945,0.5635820031166077,1.3601846766116514e-18,0.7181262969970703,1.3601846766116514e-18,0.695912778377533
0.7360715270042419,-0.024303948506712914,0.13417208194732666,8.658492547819626e-17,-0.7181262969970703,-8.658492547819626e-17,-0.695912778377533,-0.19601431488990784,0.04766414687037468,-0.07651715725660324,0.5388553738594055,-0.19770406186580658,-0.1660299450159073,-0.20030619204044342,-0.1540348380804062,-0.14351718127727509,0.560712993144989,-0.3800455331802368,0.11498204618692398,0.0,-0.8007602095603943,1.1173372268676758,0.6020110249519348,-2.1947999000549316,-0.06820698827505112,-0.6800000071525574,-0.753079891204834,-0.9932906031608582,-2.1947999000549316,-0.057930316776037216,0.0,0.0007134673651307821,0.012164987623691559,-0.10803668946027756,9.43095960183948e-23,-1.4132579197432653e-32,7.347881221390126e-15,0.10921328142285347,-0.03277033567428589,-0.012583359202835709,-1.2231336832046509,0.27409717440605164,-0.10218947380781174,0.07050812244415283,-0.02212955802679062,-0.07538481056690216,-1.1542599201202393,0.389231413602829,0.19525004923343658,0.0,-0.5274868011474609,-0.3751802146434784,0.13546407409012318,0.0,0.4002096951007843,0.0,0.2635467052459717,0.14342127367854118,0.0,-0.30136045813560486,0.0,0.0,0.0,8.658492547819626e-17,-0.7181262969970703,-8.658492547819626e-17,-0.695912778377533,8.658492547819626e-17,-0.7181262969970703,-8.658492547819626e-17,-0.695912778377533,0.01818692311644554,0.6489050984382629,0.017624353989958763,0.7604477405548096,0.0363030880689621,0.6491408348083496,0.0021560590248554945,0.7597984075546265,0.011447376571595669,0.650054395198822,-0.026907235383987427,0.7593249082565308,0.018196556717157364,0.8287195563316345,-0.022889452055096626,0.5588996410369873,0.015848737210035324,0.7695153951644897,-0.024573547765612602,0.6379584670066833,-0.03710513561964035,0.7689030170440674,0.039319030940532684,0.6370756030082703,-0.03710513561964035,0.7689030170440674,0.039319030940532684,0.6370756030082703,-0.01858382113277912,0.6473172307014465,-0.018008975312113762,0.7617812752723694,-0.077141173183918,0.6467840075492859,0.03184984251856804,0.7580931782722473,-0.12331513315439224,0.6395886540412903,-0.022585149854421616,0.758425772190094,-0.11225125193595886,0.824472188949585,-0.055824436247348785,0.5518413782119751,-0.12077490985393524,0.7053991556167603,-0.03361743688583374,0.6976355314254761,-0.08048968017101288,0.702302098274231,-0.07409367710351944,0.7034225463867188,-0.08048968017101288,0.702302098274231,-0.07409367710351944,0.7034225463867188,8.658492547819626e-17,-0.7181262969970703,-8.658492547819626e-17,-0.695912778377533,-0.017575325444340706,0.39062219858169556,-0.017031675204634666,0.9202256798744202,0.47286951541900635,0.3222048580646515,-0.22149451076984406,0.7896319627761841,0.5428234934806824,0.15309546887874603,0.013307864777743816,0.8256677985191345,0.2487410604953766,-0.6333039402961731,-0.5218843221664429,0.5144810080528259,0.2745134234428406,-0.6274048686027527,-0.5335159301757812,0.4963529109954834,0.2745134234428406,-0.6274048686027527,-0.5335159301757812,0.4963529109954834,-0.015037504024803638,-0.44539695978164673,-0.014572354964911938,-0.8950883150100708,-0.31514444947242737,0.40883520245552063,0.17732614278793335,0.837909996509552,-0.4661821722984314,0.18450982868671417,-0.23312725126743317,0.8332358598709106,-0.4113258421421051,-0.6293966174125671,0.35482069849967957,0.5556736588478088,-0.38929376006126404,-0.639532744884491,0.3436388075351715,0.5668867230415344,-0.38929376006126404,-0.639532744884491,0.3436388075351715,0.5668867230415344,8.658492547819626e-17,-0.7181262969970703,-8.658492547819626e-17,-0.695912778377533
0.7361291408538818,-0.024009721353650093,0.13091274201869962,8.658492547819626e-17,-0.7181262969970703,-8.658492547819626e-17,-0.695912778377533,-0.191599228978157,0.047105239331722254,-0.0745654970407486,0.5020013213157652,-0.19262621104717254,-0.16804976463317872,-0.19965794682502747,-0.15463187098503112,-0.149981626868248,0.539625322818756,-0.3755460560321808,0.11905412226915361,0.0,-0.8039550065994263,1.116564106941223,0.6024351000785828,-2.1947999000549316,-0.06083582416176793,-0.6800000071525574,-0.7486273884773255,-0.9907028079032898,-2.1947999000549316,-0.06370206624269488,0.0,0.0020138023304753063,0.013692810200154788,-0.1409948647022249,-1.8861919203679468e-23,2.8265158394866045e-33,-1.4695762442780649e-15,0.1761378824710849,-0.029875359311699854,0.053516458906233605,-1.5948749780654925,0.2619743943214416,-0.10147037357091904,0.04765060544013967,-0.026762811467051527,-0.224087272584439,-1.0943340778350827,0.29067687094211536,0.20026229321956637,0.0,-0.30683863162994285,-0.17326568365096956,0.06690788269042938,0.0,0.38121879696846,0.0,0.2389937549829482,0.13500236868858334,0.0,-0.293696653842926,0.0,0.0,0.0,8.658492547819626e-17,-0.7181262969970703,-8.658492547819626e-17,-0.695912778377533,8.658492547819626e-17,-0.7181262969970703,-8.658492547819626e-17,-0.695912778377533,0.01777854561805725,0.6505354642868042,0.017228608950972557,0.7590723037719727,0.035650353878736496,0.6507608294487,0.0019037331221625209,0.7584429979324341,0.011370081454515457,0.6516376733779907,-0.0263687577098608,0.7579867839813232,0.017568808048963547,0.8194818496704102,-0.022715292870998383,0.5723854303359985,0.015302158892154694,0.7606408596038818,-0.02429986745119095,0.6485375165939331,-0.039188068360090256,0.7599973678588867,0.039617449045181274,0.6475330591201782,-0.039188068360090256,0.7599973678588867,0.039617449045181274,0.6475330591201782,-0.01858382113277912,0.6473172307014465,-0.018008975312113762,0.7617812752723694,-0.077141173183918,0.6467840075492859,0.03184984251856804,0.7580931782722473,-0.12554962933063507,0.6393995881080627,-0.02475077100098133,0.7581510543823242,-0.11442866921424866,0.8183525800704956,-0.05730951577425003,0.5602864623069763,-0.12311187386512756,0.6993781924247742,-0.03494465351104736,0.7032016515731812,-0.08105131983757019,0.6960593461990356,-0.07648182660341263,0.709283173084259,-0.08105131983757019,0.6960593461990356,-0.07648182660341263,0.709283173084259,8.658492547819626e-17,-0.7181262969970703,-8.658492547819626e-17,-0.695912778377533,-0.017641635611653328,0.3891528844833374,-0.017095934599637985,0.920845627784729,0.4728361964225769,0.3210099935531616,-0.2206464409828186,0.7903756499290466,0.5424861907958984,0.15182462334632874,0.014506150037050247,0.8261038064956665,0.2497216761112213,-0.6342923641204834,-0.521065890789032,0.5136171579360962,0.2727431058883667,-0.6290344595909119,-0.5314382910728455,0.4974938631057739,0.2727431058883667,-0.6290344595909119,-0.5314382910728455,0.4974938631057739,-0.015037504024803638,-0.44539695978164673,-0.014572354964911938,-0.8950883150100708,-0.31327828764915466,0.40922898054122925,0.1764155477285385,0.8386095762252808,-0.46449559926986694,0.1863890290260315,-0.23327741026878357,0.833717405796051,-0.4105864465236664,-0.6290615200996399,0.3532855808734894,0.5575749278068542,-0.38634324073791504,-0.6401714086532593,0.34090912342071533,0.5698249340057373,-0.38634324073791504,-0.6401714086532593,0.34090912342071533,0.5698249340057373,8.658492547819626e-17,-0.7181262969970703,-8.658492547819626e-17,-0.695912778377533
0.7362093925476074,-0.023469021916389457,0.12777741551399227,1.3601846766116514e-18,0.7181262969970703,1.3601846766116514e-18,0.695912778377533,-0.1870286107063293,0.04571304395794866,-0.07366489171981813,0.4679770946502683,-0.18891645967960358,-0.17019919753074647,-0.19781883656978602,-0.15533850193023682,-0.1563284039497376,0.518893402814865,-0.3699236690998077,0.12405014038085943,0.0,-0.8079183816909791,1.1159229516983031,0.6017660975456237,-2.1947999000549316,-0.053777296841144503,-0.6800000071525574,-0.7452108263969421,-0.9882472157478333,-2.1947999000549316,-0.06992394328117377,0.0,0.0035598275251686753,0.022105524502694804,-0.15924657881259907,-7.544767681471533e-23,1.1306063357946047e-32,-5.8783049771120615e-15,0.22542025148868572,-0.05294400863349504,0.06605135947465812,-1.7578077316284157,0.21284955739974865,-0.10487937182188044,0.06813820898532963,-0.03313958421349534,-0.3196921944618224,-1.0437109947204588,0.2586611330509195,0.23132205009460524,0.0,-0.18279718160629335,-0.03469705246388902,-0.01158857531845657,0.0,0.359179091453552,0.0,0.19154690504074012,0.12542366832494725,0.0,-0.30209127664566077,0.0,0.0,0.0,1.3601846766116514e-18,0.7181262969970703,1.3601846766116514e-18,0.695912778377533,1.3601846766116514e-18,0.7181262969970703,1.3601846766116514e-18,0.695912778377533,0.01735568605363369,0.6522198915481567,0.016818832606077194,0.7576444745063782,0.03466779738664627,0.652434229850769,0.0019094716990366578,0.7570496797561646,0.010618510656058788,0.6532679796218872,-0.02596912533044815,0.7566066980361938,0.0163478534668684,0.8108924031257629,-0.022786064073443413,0.5845227837562561,0.014125884510576725,0.7521467208862305,-0.024226849898695946,0.6583987474441528,-0.04189160093665123,0.7514851093292236,0.03978699445724487,0.6572155952453613,-0.04189160093665123,0.7514851093292236,0.03978699445724487,0.6572155952453613,-0.018353808671236038,0.6482378244400024,-0.01778607815504074,0.7610087394714355,-0.07734578847885132,0.6476634740829468,0.0325653962790966,0.7572906017303467,-0.1276841014623642,0.6396457552909851,-0.026665065437555313,0.7575216293334961,-0.11657728999853134,0.8125776052474976,-0.05852224677801132,0.5680692195892334,-0.12534932792186737,0.694244384765625,-0.0360877588391304,0.7078205347061157,-0.0812293142080307,0.6906711459159851,-0.07904620468616486,0.7142316699028015,-0.0812293142080307,0.6906711459159851,-0.07904620468616486,0.7142316699028015,1.3601846766116514e-18,0.7181262969970703,1.3601846766116514e-18,0.695912778377533,-0.01772383414208889,0.3873286843299866,-0.017175590619444847,0.9216112494468689,0.4729185402393341,0.31949108839035034,-0.21964511275291443,0.7912202477455139,0.542083740234375,0.1505318284034729,0.01544591411948204,0.8265875577926636,0.2504439949989319,-0.63533616065979,-0.52031010389328,0.5127407908439636,0.2708283066749573,-0.6306948661804199,-0.5294740796089172,0.4985310435295105,0.2708283066749573,-0.6306948661804199,-0.5294740796089172,0.4985310435295105,0.015037504024803638,0.44539695978164673,0.014572354964911938,0.8950883150100708,-0.31184524297714233,0.40952974557876587,0.17571620643138885,0.8391435146331787,-0.46315136551856995,0.18795055150985718,-0.23320272564888,0.8341354131698608,-0.4098209738731384,-0.6287962794303894,0.3521527349948883,0.5591516494750977,-0.3831876814365387,-0.64094078540802,0.33849382400512695,0.5725241899490356,-0.3831876814365387,-0.64094078540802,0.33849382400512695,0.5725241899490356,1.3601846766116514e-18,0.7181262969970703,1.3601846766116514e-18,0.695912778377533
0.7363349199295044,-0.02243537791073321,0.12489011585712428,1.3601846766116514e-18,0.7181262969970703,1.3601846766116514e-18,0.695912778377533,-0.18214692771434776,0.042654272913932756,-0.07486639618873597,0.43961251974105797,-0.18794290721416473,-0.1726078569889069,-0.19359799623489374,-0.15626432895660403,-0.16243984401226053,0.49887298345565767,-0.36205546259880056,0.13089404255151757,0.0,-0.8134189128875733,1.1155457258224488,0.5989109396934509,-2.1947999000549316,-0.047344043105840596,-0.6800000071525574,-0.7438661456108093,-0.9860560297966003,-2.1947999000549316,-0.07704607546329507,0.0,0.0055972333531827,0.04428802784532338,-0.14808537065982805,-1.8861919203678198e-23,2.8265158394864184e-33,-1.4695762442779663e-15,0.2394181638956072,-0.12793990932405094,-0.028543572127820327,-1.5031234025955167,0.0897206068038924,-0.1165445670485498,0.1753160536289229,-0.04300340674817575,-0.309102028608322,-1.011693429946899,0.35972300469875473,0.3144768327474605,0.0,-0.25196921527385807,-0.022820232063531717,-0.10996556468308102,0.0,0.3310417711734768,0.0,0.09831225574016446,0.11352538466453536,0.0,-0.3426027536392217,0.0,0.0,0.0,1.3601846766116514e-18,0.7181262969970703,1.3601846766116514e-18,0.695912778377533,1.3601846766116514e-18,0.7181262969970703,1.3601846766116514e-18,0.695912778377533,0.01690395176410675,0.6540151834487915,0.016381068155169487,0.7561151385307312,0.03302568942308426,0.6542161107063293,0.0024313433095812798,0.7555823922157288,0.008518414571881294,0.6549934148788452,-0.025847237557172775,0.7551442980766296,0.01394680142402649,0.803886353969574,-0.023354586213827133,0.5941604971885681,0.011693872511386871,0.7445876598358154,-0.024560682475566864,0.6669703722000122,-0.04584486037492752,0.7439344525337219,0.03970782458782196,0.6654946804046631,-0.04584486037492752,0.7439344525337219,0.03970782458782196,0.6654946804046631,-0.017963433638215065,0.6497977375984192,-0.017407778650522232,0.7596954107284546,-0.0772046446800232,0.6491739749908447,0.03336410969495773,0.7559757828712463,-0.12961995601654053,0.6407696008682251,-0.028076961636543274,0.7561908960342407,-0.11868469417095184,0.8076109886169434,-0.059198491275310516,0.5746077299118042,-0.12740111351013184,0.6909609436988831,-0.03686638921499252,0.7106213569641113,-0.0806490108370781,0.6870693564414978,-0.08197140693664551,0.7174344062805176,-0.0806490108370781,0.6870693564414978,-0.08197140693664551,0.7174344062805176,1.3601846766116514e-18,0.7181262969970703,1.3601846766116514e-18,0.695912778377533,-0.017837800085544586,0.3847945034503937,-0.01728603057563305,0.9226678609848022,0.4732319116592407,0.3173239529132843,-0.21833719313144684,0.792266309261322,0.5415530204772949,0.14919579029083252,0.01586868241429329,0.8271694183349609,0.2506508231163025,-0.636492908000946,-0.5196816325187683,0.5118416547775269,0.2686275541782379,-0.6324239373207092,-0.527742862701416,0.49936628341674805,0.2686275541782379,-0.6324239373207092,-0.527742862701416,0.49936628341674805,0.015037504024803638,0.44539695978164673,0.014572354964911938,0.8950883150100708,-0.3112809956073761,0.4096478223800659,0.17544081807136536,0.8393529653549194,-0.46249639987945557,0.18887855112552643,-0.23268066346645355,0.834434986114502,-0.40900754928588867,-0.6286770105361938,0.3518279492855072,0.5600849390029907,-0.37963274121284485,-0.6419893503189087,0.3367167115211487,0.5747612118721008,-0.37963274121284485,-0.6419893503189087,0.3367167115211487,0.5747612118721008,1.3601846766116514e-18,0.7181262969970703,1.3601846766116514e-18,0.695912778377533
0.7363987684249877,-0.022085800766944885,0.12340269982814787,1.3601846766116514e-18,0.7181262969970703,1.3601846766116514e-18,0.695912778377533,-0.17882238626480101,0.04158621802926064,-0.07681833803653719,0.4193776965141295,-0.18212646543979638,-0.17394025921821596,-0.19197341501712797,-0.15736298561096193,-0.16713516116142277,0.4851453721523284,-0.35402191281318657,0.1344065070152283,0.0,-0.8197712182998658,1.115911602973938,0.5988395094871521,-2.1947999000549316,-0.04266427159309384,-0.6800000071525574,-0.7454738974571228,-0.9868526577949525,-2.1947999000549316,-0.08228461444377903,0.0,0.004426002223044609,0.031160192191600527,-0.10236846506595555,0.0,0.0,0.0,0.1973698943853372,-0.09321706295013348,-0.08258833959698707,-1.1743360996246306,0.19396428689360812,-0.08814524859189944,0.13315423429012196,-0.051476236432790826,-0.26308829188346805,-0.8122366905212377,0.3983705937862397,0.2422519683837877,0.0,-0.30057977437973055,0.0034317959100010967,-0.059246063232420765,0.0,0.2690582036972039,0.0,-0.021338933706284743,0.019924877583979372,0.0,-0.29959878921508715,0.0,0.0,0.0,1.3601846766116514e-18,0.7181262969970703,1.3601846766116514e-18,0.695912778377533,1.3601846766116514e-18,0.7181262969970703,1.3601846766116514e-18,0.695912778377533,0.016596252098679543,0.6552355289459229,0.01608288660645485,0.7550710439682007,0.03229182958602905,0.6554283499717712,0.002456029411405325,0.7545627355575562,0.007099032402038574,0.6561849117279053,-0.026520170271396637,0.7541005611419678,0.0124569246545434,0.7987821102142334,-0.02445691078901291,0.6009941101074219,0.010184560902416706,0.7408194541931152,-0.025491058826446533,0.671143114566803,-0.04815027862787247,0.7402340173721313,0.03895280137658119,0.6694907546043396,-0.04815027862787247,0.7402340173721313,0.03895280137658119,0.6694907546043396,-0.017833290621638298,0.6503170728683472,-0.017281660810112953,0.759256899356842,-0.07743052393198013,0.6497420072555542,0.03391275554895401,0.7554401755332947,-0.13139456510543823,0.6410108804702759,-0.029262296855449677,0.7556350231170654,-0.12052401900291443,0.8037484884262085,-0.05996176227927208,0.5795402526855469,-0.1291961520910263,0.6891390681266785,-0.03780638426542282,0.7120158672332764,-0.08109022676944733,0.6850439310073853,-0.08399784564971924,0.7190853357315063,-0.08109022676944733,0.6850439310073853,-0.08399784564971924,0.7190853357315063,1.3601846766116514e-18,0.7181262969970703,1.3601846766116514e-18,0.695912778377533,-0.017969246953725815,0.3818642795085907,-0.017413411289453506,0.9238796830177307,0.4739072322845459,0.3147312104701996,-0.21695104241371155,0.7932770252227783,0.5414543151855469,0.1465226411819458,0.017450574785470963,0.8276798725128174,0.25215914845466614,-0.6381744146347046,-0.5189078450202942,0.5097881555557251,0.2683885395526886,-0.634491503238678,-0.5261341333389282,0.4985691010951996,0.2683885395526886,-0.634491503238678,-0.5261341333389282,0.4985691010951996,0.015037504024803638,0.44539695978164673,0.014572354964911938,0.8950883150100708,-0.31195563077926636,0.4095066487789154,0.1757700890302658,0.8391025066375732,-0.46309441328048706,0.18823747336864471,-0.23257224261760712,0.834278404712677,-0.40921932458877563,-0.6287971138954163,0.3523982763290405,0.559436559677124,-0.3778241276741028,-0.6429810523986816,0.3362707495689392,0.5751053094863892,-0.3778241276741028,-0.6429810523986816,0.3362707495689392,0.5751053094863892,1.3601846766116514e-18,0.7181262969970703,1.3601846766116514e-18,0.695912778377533
0.7364317774772644,-0.0220782570540905,0.12261522561311722,1.3601846766116514e-18,0.7181262969970703,1.3601846766116514e-18,0.695912778377533,-0.17627641558647156,0.04151352122426033,-0.07914549857378006,0.4032077491283417,-0.17388857901096344,-0.17473453283309937,-0.19164696335792542,-0.15854805707931519,-0.17112241685390472,0.47456416487693787,-0.34590569138526917,0.1362532526254654,0.0,-0.8265494108200073,1.1166490316390991,0.6001599431037903,-2.1947999000549316,-0.038861241191625595,-0.6800000071525574,-0.7485578656196594,-0.9891431927680969,-2.1947999000549316,-0.08658135682344437,0.0,0.0016504526138305664,0.0003771856427192688,-0.03937371075153351,0.0,0.0,0.0,0.1272985339164734,-0.003634840250015259,-0.11635801941156387,-0.8084973096847534,0.4118942879140377,-0.039713673293590546,0.016322582960128784,-0.059253569692373276,-0.19936276972293854,-0.5290603637695312,0.40581104159355164,0.09233728051185608,0.0,-0.3389095962047577,0.03687142767012119,0.06602168083190918,0.0,0.19015151262283325,0.0,-0.15419839322566986,-0.11452674120664597,0.0,-0.21483710408210754,0.0,0.0,0.0,1.3601846766116514e-18,0.7181262969970703,1.3601846766116514e-18,0.695912778377533,1.3601846766116514e-18,0.7181262969970703,1.3601846766116514e-18,0.695912778377533,0.016360580921173096,0.6561689376831055,0.015854503959417343,0.7542700171470642,0.03201213479042053,0.656356692314148,0.0022321257274597883,0.7537679672241211,0.006020012777298689,0.657109260559082,-0.02759050764143467,0.7532661557197571,0.0114228380843997,0.7946354150772095,-0.02582625485956669,0.6064298152923584,0.009137073531746864,0.7389746308326721,-0.026720602065324783,0.6731411814689636,-0.04963349178433418,0.7384876608848572,0.037861403077840805,0.6713709831237793,-0.04963349178433418,0.7384876608848572,0.037861403077840805,0.6713709831237793,-0.01778296008706093,0.6505178213119507,-0.01723288558423519,0.7590872049331665,-0.07784000039100647,0.6498395204544067,0.034336406737565994,0.7552949786186218,-0.13308849930763245,0.6408103704452515,-0.03033433109521866,0.7554662823677063,-0.12222897261381149,0.8004363775253296,-0.06076838821172714,0.5836684703826904,-0.13086317479610443,0.6880499720573425,-0.038827165961265564,0.7127092480659485,-0.08204267919063568,0.6838107705116272,-0.08557537198066711,0.719964325428009,-0.08204267919063568,0.6838107705116272,-0.08557537198066711,0.719964325428009,1.3601846766116514e-18,0.7181262969970703,1.3601846766116514e-18,0.695912778377533,-0.018109304830431938,0.3787333071231842,-0.01754913665354252,0.9251622557640076,0.47476011514663696,0.31192341446876526,-0.21552418172359467,0.7942644357681274,0.5415648818016052,0.14317907392978668,0.01961180754005909,0.8281440734863281,0.2543150782585144,-0.640110194683075,-0.5180547833442688,0.5071508884429932,0.26912903785705566,-0.6367250084877014,-0.5245839953422546,0.49695318937301636,0.26912903785705566,-0.6367250084877014,-0.5245839953422546,0.49695318937301636,0.015037504024803638,0.44539695978164673,0.014572354964911938,0.8950883150100708,-0.3132491111755371,0.4092350900173187,0.1764013171195984,0.8386204242706299,-0.4643177390098572,0.1868114024400711,-0.23267000913619995,0.8338916301727295,-0.4099426567554474,-0.6290351152420044,0.35341525077819824,0.5579959750175476,-0.3768908381462097,-0.6439478397369385,0.3364922106266022,0.5745062828063965,-0.3768908381462097,-0.6439478397369385,0.3364922106266022,0.5745062828063965,1.3601846766116514e-18,0.7181262969970703,1.3601846766116514e-18,0.695912778377533
0.7365089893341065,-0.021764639765024185,0.1209786534309387,1.3601846766116514e-18,0.7181262969970703,1.3601846766116514e-18,0.695912778377533,-0.17278466224670408,0.04070150032639503,-0.07894917875528336,0.387485122680664,-0.16931351721286772,-0.17621461153030396,-0.19077437818050383,-0.15952976346015932,-0.17175985276699066,0.4680422484874725,-0.34343276619911195,0.13819809556007387,0.0,-0.8313904404640198,1.1180943489074706,0.5983794927597046,-2.1947999000549316,-0.03466256931424139,-0.6800000071525574,-0.7533704280853272,-0.9880312204360961,-2.1947999000549316,-0.09099369794130327,0.0,0.0029765366343781413,0.009559392899973358,-0.06484664380550395,0.0,0.0,0.0,0.15567200481891644,-0.02581456056796024,-0.040653617680072446,-0.7950776815414428,0.3020095616579051,-0.060287827253341766,0.0327065862715245,-0.05315261706709859,-0.09886818528175309,-0.4072816193103785,0.2365121722221367,0.09528019279241563,0.0,-0.28079471886157964,0.05810808539390573,-0.027004837989807545,0.0,0.2020207524299622,0.0,-0.2060562223196032,-0.012451530992984322,0.0,-0.21830506622791293,0.0,0.0,0.0,1.3601846766116514e-18,0.7181262969970703,1.3601846766116514e-18,0.695912778377533,1.3601846766116514e-18,0.7181262969970703,1.3601846766116514e-18,0.695912778377533,0.016037318855524063,0.657447338104248,0.015541242435574532,0.7531694769859314,0.031360797584056854,0.6576275825500488,0.0021597451996058226,0.7526870965957642,0.005383615382015705,0.6583529710769653,-0.027546308934688568,0.7521859407424927,0.010585948824882507,0.7908560633659363,-0.025990869849920273,0.6113585829734802,0.008350423537194729,0.7363299131393433,-0.026793930679559708,0.676040530204773,-0.05117043852806091,0.7358317375183105,0.03810085356235504,0.6741525530815125,-0.05117043852806091,0.7358317375183105,0.03810085356235504,0.6741525530815125,-0.01778296008706093,0.6505178213119507,-0.01723288558423519,0.7590872049331665,-0.07810848206281662,0.6501371264457703,0.034759100526571274,0.7549917101860046,-0.13358581066131592,0.6410413980484009,-0.030127905309200287,0.7551908493041992,-0.12295784056186676,0.7986897230148315,-0.060282811522483826,0.585953950881958,-0.13145041465759277,0.6868191957473755,-0.03838639333844185,0.7138113975524902,-0.0818515196442604,0.6825299263000488,-0.08571477979421616,0.7211840152740479,-0.0818515196442604,0.6825299263000488,-0.08571477979421616,0.7211840152740479,1.3601846766116514e-18,0.7181262969970703,1.3601846766116514e-18,0.695912778377533,-0.01820920966565609,0.37649452686309814,-0.017645951360464096,0.92607182264328,0.47573208808898926,0.3098188042640686,-0.21464326977729797,0.7947450876235962,0.5417629480361938,0.1414005607366562,0.019871357828378677,0.828313946723938,0.25473496317863464,-0.641061544418335,-0.5181262493133545,0.5056635141372681,0.2679625153541565,-0.6380478739738464,-0.5239320397377014,0.49657464027404785,0.2679625153541565,-0.6380478739738464,-0.5239320397377014,0.49657464027404785,0.015037504024803638,0.44539695978164673,0.014572354964911938,0.8950883150100708,-0.3152661919593811,0.4088094234466553,0.17738553881645203,0.8378642201423645,-0.4657515287399292,0.18579192459583282,-0.230939120054245,0.8338009119033813,-0.40911561250686646,-0.6293434500694275,0.3554704487323761,0.5569488406181335,-0.3743510842323303,-0.644921600818634,0.33771395683288574,0.5743575096130371,-0.3743510842323303,-0.644921600818634,0.33771395683288574,0.5743575096130371,1.3601846766116514e-18,0.7181262969970703,1.3601846766116514e-18,0.695912778377533
0.7365793347358703,-0.021338225528597828,0.11924537569284438,1.3601846766116514e-18,0.7181262969970703,1.3601846766116514e-18,0.695912778377533,-0.16975703835487363,0.03958325833082198,-0.07784607708454129,0.37350563406944265,-0.16656720638275146,-0.17683867812156676,-0.19018666744232177,-0.16036778390407563,-0.17233748137950897,0.4626773178577423,-0.34141274094581603,0.14005340337753297,0.0,-0.8359241366386414,1.1184409141540528,0.596930468082428,-2.1947999000549316,-0.031336725503206236,-0.6800000071525574,-0.7565871715545655,-0.9878403186798096,-2.1947999000549316,-0.09452270418405534,0.0,0.0036545989569276515,0.019064772874116988,-0.08472976833581933,0.0,0.0,0.0,0.160663770139217,-0.04978767335414911,0.037019442580641035,-0.7338371396064745,0.17389055192470404,-0.048323567211627276,0.03508302271366097,-0.04477473758161057,-0.03007757626473899,-0.2913862198591223,0.11005925387144053,0.09455608576536172,0.0,-0.23283146321773504,0.03930329829454334,-0.0790797404944894,0.0,0.18374873995780874,0.0,-0.1927535414695727,0.027966498583554482,0.0,-0.19411699473857807,0.0,0.0,0.0,1.3601846766116514e-18,0.7181262969970703,1.3601846766116514e-18,0.695912778377533,1.3601846766116514e-18,0.7181262969970703,1.3601846766116514e-18,0.695912778377533,0.015756985172629356,0.658554196357727,0.015269581228494644,0.7522133588790894,0.03064071014523506,0.6587274670600891,0.0022338745184242725,0.7517541646957397,0.004984771367162466,0.6594213247299194,-0.02702138014137745,0.7512713074684143,0.009918552823364735,0.7874432802200317,-0.025625504553318024,0.6157742738723755,0.007752755656838417,0.7334893345832825,-0.02636176347732544,0.6791452765464783,-0.0522480346262455,0.7329519987106323,0.03851218521595001,0.6771767735481262,-0.0522480346262455,0.7329519987106323,0.03851218521595001,0.6771767735481262,-0.017648423090577126,0.6510541439056396,-0.01710251159965992,0.7586333155632019,-0.07828745990991592,0.650335431098938,0.03504088893532753,0.754789412021637,-0.13391730189323425,0.6411951780319214,-0.02999028190970421,0.7550069689750671,-0.1235884577035904,0.7972044348716736,-0.05991941690444946,0.5878781676292419,-0.13197112083435059,0.6857491135597229,-0.03805354982614517,0.7147611975669861,-0.08163595199584961,0.6814059019088745,-0.08594152331352234,0.7222435474395752,-0.08163595199584961,0.6814059019088745,-0.08594152331352234,0.7222435474395752,1.3601846766116514e-18,0.7181262969970703,1.3601846766116514e-18,0.695912778377533,-0.01830267161130905,0.37439578771591187,-0.01773652248084545,0.926918625831604,0.4762392044067383,0.30795368552207947,-0.21366192400455475,0.7954303622245789,0.5416144728660583,0.13988560438156128,0.020426765084266663,0.8286545872688293,0.2552444636821747,-0.6420643329620361,-0.5177637934684753,0.5045038461685181,0.2672180235385895,-0.6393409967422485,-0.5229966044425964,0.49629855155944824,0.2672180235385895,-0.6393409967422485,-0.5229966044425964,0.49629855155944824,0.015037504024803638,0.44539695978164673,0.014572354964911938,0.8950883150100708,-0.31660985946655273,0.40852436423301697,0.17804111540317535,0.8373574018478394,-0.46676328778266907,0.18496674299240112,-0.23000310361385345,0.8336772918701172,-0.40879127383232117,-0.6295555233955383,0.35678696632385254,0.5561047792434692,-0.37265822291374207,-0.6456829309463501,0.3383650779724121,0.5742201209068298,-0.37265822291374207,-0.6456829309463501,0.3383650779724121,0.5742201209068298,1.3601846766116514e-18,0.7181262969970703,1.3601846766116514e-18,0.695912778377533
0.736635947227478,-0.02068621739745139,0.11731868684291837,1.3601846766116514e-18,0.7181262969970703,1.3601846766116514e-18,0.695912778377533,-0.1676576733589172,0.03785257413983343,-0.07492941170930859,0.3630124211311339,-0.16747839748859406,-0.17575072050094603,-0.19016870558261872,-0.16091843247413637,-0.17279549539089203,0.45962635874748226,-0.3402985155582428,0.14172964096069338,0.0,-0.8398431658744813,1.1165899753570556,0.5961442947387695,-2.1947999000549316,-0.029756537824869134,-0.6800000071525574,-0.7566122770309448,-0.9894915580749511,-2.1947999000549316,-0.0962850406765938,0.0,0.003036617999896399,0.02921649813652052,-0.09343326836824428,0.0,0.0,0.0,0.11889212429523413,-0.07734756991267241,0.11862980034202446,-0.5769547700881937,0.009302982687947964,0.028717513382435875,0.009444325417279853,-0.03184300437569601,-0.02469491809606545,-0.18725751042365887,0.06929825991392081,0.0864979252219199,0.0,-0.2051714509725567,-0.059584374725819955,-0.049251432716846066,0.0,0.10519422292709246,0.0,-0.04912984073161886,-0.054929844290019195,0.0,-0.1146168559789647,0.0,0.0,0.0,1.3601846766116514e-18,0.7181262969970703,1.3601846766116514e-18,0.695912778377533,1.3601846766116514e-18,0.7181262969970703,1.3601846766116514e-18,0.695912778377533,0.015562580898404121,0.6593208312988281,0.015081189572811127,0.7515493631362915,0.029783237725496292,0.6594882011413574,0.002601032145321369,0.7511202096939087,0.0050610569305717945,0.6601414084434509,-0.02553510293364525,0.7506901621818542,0.009590710513293743,0.7848051190376282,-0.024201547726988792,0.6191955804824829,0.007533153519034386,0.7302647233009338,-0.024918904528021812,0.6826680898666382,-0.052407585084438324,0.7296340465545654,0.03926776349544525,0.6806949973106384,-0.052407585084438324,0.7296340465545654,0.03926776349544525,0.6806949973106384,-0.017648423090577126,0.6510541439056396,-0.01710251159965992,0.7586333155632019,-0.07828745990991592,0.650335431098938,0.03504088893532753,0.754789412021637,-0.13391730189323425,0.6411951780319214,-0.02999028190970421,0.7550069689750671,-0.12402422726154327,0.7962523102760315,-0.05980119854211807,0.5890876650810242,-0.1323593556880951,0.6850040555000305,-0.03793676197528839,0.7154098749160767,-0.08137193322181702,0.6805986166000366,-0.08634333312511444,0.7229861617088318,-0.08137193322181702,0.6805986166000366,-0.08634333312511444,0.7229861617088318,1.3601846766116514e-18,0.7181262969970703,1.3601846766116514e-18,0.695912778377533,-0.018383389338850975,0.3725801110267639,-0.017814742401242256,0.927646815776825,0.4758201539516449,0.3065698444843292,-0.2124813199043274,0.7965312004089355,0.5407746434211731,0.13889822363853455,0.021573958918452263,0.8293398022651672,0.25593411922454834,-0.6431728601455688,-0.5165354609489441,0.504001259803772,0.2673187255859375,-0.640576958656311,-0.5214961171150208,0.496229350566864,0.2673187255859375,-0.640576958656311,-0.5214961171150208,0.496229350566864,0.015037504024803638,0.44539695978164673,0.014572354964911938,0.8950883150100708,-0.31660985946655273,0.40852436423301697,0.17804111540317535,0.8373574018478394,-0.46693551540374756,0.184532031416893,-0.23065905272960663,0.8334959745407104,-0.40947631001472473,-0.6295813918113708,0.35662969946861267,0.5556721687316895,-0.37266433238983154,-0.6460283398628235,0.3378797769546509,0.5741133093833923,-0.37266433238983154,-0.6460283398628235,0.3378797769546509,0.5741133093833923,1.3601846766116514e-18,0.7181262969970703,1.3601846766116514e-18,0.695912778377533
0.73668133020401,-0.01989297904074191,0.11524423509836194,1.3601846766116514e-18,0.7181262969970703,1.3601846766116514e-18,0.695912778377533,-0.16622236371040344,0.03546761125326154,-0.07478380799293519,0.3550836861133575,-0.16772921085357667,-0.1751106798648834,-0.19089428186416627,-0.16130575835704802,-0.1723310500383377,0.4580546796321869,-0.34055495858192447,0.14248971939086913,0.0,-0.8408710598945618,1.1150303840637208,0.5936577200889587,-2.1947999000549316,-0.029548567533493046,-0.6800000071525574,-0.7583521127700806,-0.9902028322219849,-2.1947999000549316,-0.09761421233415604,0.0,0.002493738988414402,0.03683731183409696,-0.10076732188463217,0.0,0.0,0.0,0.08504658341407749,-0.10616256594657925,0.06270141005515942,-0.44772629737853903,-0.02574822083115551,0.040960367769002734,-0.02140804982045695,-0.02263274639844888,0.004773079231381781,-0.10816954672336519,0.01459121629595702,0.056327100098132715,0.0,-0.109217396378516,-0.08380651026964175,-0.09032069668173859,0.0,0.03784285932779257,0.0,-0.05269718158524552,-0.05436300784349404,0.0,-0.07512187361717207,0.0,0.0,0.0,1.3601846766116514e-18,0.7181262969970703,1.3601846766116514e-18,0.695912778377533,1.3601846766116514e-18,0.7181262969970703,1.3601846766116514e-18,0.695912778377533,0.015429658815264702,0.6598445177078247,0.014952379278838634,0.7510950565338135,0.028746621683239937,0.6600059866905212,0.003249449422582984,0.7507032155990601,0.004053251817822456,0.6606189012527466,-0.024816390126943588,0.7503003478050232,0.008372492156922817,0.7827454805374146,-0.023706914857029915,0.6218339800834656,0.006357220467180014,0.7279057502746582,-0.024324972182512283,0.6852162480354309,-0.053584568202495575,0.7272443771362305,0.03941909968852997,0.6831474304199219,-0.053584568202495575,0.7272443771362305,0.03941909968852997,0.6831474304199219,-0.01764565333724022,0.6510652303695679,-0.017099827527999878,0.7586239576339722,-0.07879308611154556,0.6500629186630249,0.03532199189066887,0.7549585103988647,-0.13444459438323975,0.6408703923225403,-0.029779881238937378,0.7551973462104797,-0.12417294085025787,0.795588493347168,-0.059525273740291595,0.5899803638458252,-0.1324639469385147,0.6841068863868713,-0.037622611969709396,0.7162649631500244,-0.08114078640937805,0.679693341255188,-0.08622495830059052,0.7238774299621582,-0.08114078640937805,0.679693341255188,-0.08622495830059052,0.7238774299621582,1.3601846766116514e-18,0.7181262969970703,1.3601846766116514e-18,0.695912778377533,-0.018410278484225273,0.37197455763816833,-0.017840800806879997,0.927888810634613,0.4752819836139679,0.3063206970691681,-0.21200677752494812,0.797074556350708,0.5400211215019226,0.13954244554042816,0.021209262311458588,0.8297320604324341,0.255229651927948,-0.6432688236236572,-0.5160528421401978,0.5047301650047302,0.26653844118118286,-0.6406992673873901,-0.5209898948669434,0.49702244997024536,0.26653844118118286,-0.6406992673873901,-0.5209898948669434,0.49702244997024536,0.015037504024803638,0.44539695978164673,0.014572354964911938,0.8950883150100708,-0.31735217571258545,0.408366322517395,0.17840325832366943,0.8370763063430786,-0.46756279468536377,0.18387407064437866,-0.23047932982444763,0.8333394527435303,-0.40963903069496155,-0.6297078132629395,0.35725855827331543,0.5550048351287842,-0.372311532497406,-0.6463699340820312,0.33827710151672363,0.5737236738204956,-0.372311532497406,-0.6463699340820312,0.33827710151672363,0.5737236738204956,1.3601846766116514e-18,0.7181262969970703,1.3601846766116514e-18,0.695912778377533
