base_x,base_y,base_z,base_qx,base_qy,base_qz,base_qw,J00_HIP_PITCH_L,J01_HIP_ROLL_L,J02_HIP_YAW_L,J03_KNEE_PITCH_L,J04_ANKLE_PITCH_L,J05_ANKLE_ROLL_L,J06_HIP_PITCH_R,J07_HIP_ROLL_R,J08_HIP_YAW_R,J09_KNEE_PITCH_R,J10_ANKLE_PITCH_R,J11_ANKLE_ROLL_R,J12_WAIST_YAW,J13_SHOULDER_PITCH_L,J14_SHOULDER_ROLL_L,J15_SHOULDER_YAW_L,J16_ELBOW_PITCH_L,J17_ELBOW_YAW_L,J18_SHOULDER_PITCH_R,J19_SHOULDER_ROLL_R,J20_SHOULDER_YAW_R,J21_ELBOW_PITCH_R,J22_ELBOW_YAW_R,J23_HEAD_YAW,base_vx,base_vy,base_vz,base_wx,base_wy,base_wz,dJ00_HIP_PITCH_L,dJ01_HIP_ROLL_L,dJ02_HIP_YAW_L,dJ03_KNEE_PITCH_L,dJ04_ANKLE_PITCH_L,dJ05_ANKLE_ROLL_L,dJ06_HIP_PITCH_R,dJ07_HIP_ROLL_R,dJ08_HIP_YAW_R,dJ09_KNEE_PITCH_R,dJ10_ANKLE_PITCH_R,dJ11_ANKLE_ROLL_R,dJ12_WAIST_YAW,dJ13_SHOULDER_PITCH_L,dJ14_SHOULDER_ROLL_L,dJ15_SHOULDER_YAW_L,dJ16_ELBOW_PITCH_L,dJ17_ELBOW_YAW_L,dJ18_SHOULDER_PITCH_R,dJ19_SHOULDER_ROLL_R,dJ20_SHOULDER_YAW_R,dJ21_ELBOW_PITCH_R,dJ22_ELBOW_YAW_R,dJ23_HEAD_YAW,left_foot_contact,right_foot_contact,base_quat_x,base_quat_y,base_quat_z,base_quat_w,LINK_BASE_qx,LINK_BASE_qy,LINK_BASE_qz,LINK_BASE_qw,LINK_HIP_PITCH_L_qx,LINK_HIP_PITCH_L_qy,LINK_HIP_PITCH_L_qz,LINK_HIP_PITCH_L_qw,LINK_HIP_ROLL_L_qx,LINK_HIP_ROLL_L_qy,LINK_HIP_ROLL_L_qz,LINK_HIP_ROLL_L_qw,LINK_HIP_YAW_L_qx,LINK_HIP_YAW_L_qy,LINK_HIP_YAW_L_qz,LINK_HIP_YAW_L_qw,LINK_KNEE_PITCH_L_qx,LINK_KNEE_PITCH_L_qy,LINK_KNEE_PITCH_L_qz,LINK_KNEE_PITCH_L_qw,LINK_ANKLE_PITCH_L_qx,LINK_ANKLE_PITCH_L_qy,LINK_ANKLE_PITCH_L_qz,LINK_ANKLE_PITCH_L_qw,LINK_ANKLE_ROLL_L_qx,LINK_ANKLE_ROLL_L_qy,LINK_ANKLE_ROLL_L_qz,LINK_ANKLE_ROLL_L_qw,LINK_FOOT_L_qx,LINK_FOOT_L_qy,LINK_FOOT_L_qz,LINK_FOOT_L_qw,LINK_HIP_PITCH_R_qx,LINK_HIP_PITCH_R_qy,LINK_HIP_PITCH_R_qz,LINK_HIP_PITCH_R_qw,LINK_HIP_ROLL_R_qx,LINK_HIP_ROLL_R_qy,LINK_HIP_ROLL_R_qz,LINK_HIP_ROLL_R_qw,LINK_HIP_YAW_R_qx,LINK_HIP_YAW_R_qy,LINK_HIP_YAW_R_qz,LINK_HIP_YAW_R_qw,LINK_KNEE_PITCH_R_qx,LINK_KNEE_PITCH_R_qy,LINK_KNEE_PITCH_R_qz,LINK_KNEE_PITCH_R_qw,LINK_ANKLE_PITCH_R_qx,LINK_ANKLE_PITCH_R_qy,LINK_ANKLE_PITCH_R_qz,LINK_ANKLE_PITCH_R_qw,LINK_ANKLE_ROLL_R_qx,LINK_ANKLE_ROLL_R_qy,LINK_ANKLE_ROLL_R_qz,LINK_ANKLE_ROLL_R_qw,LINK_FOOT_R_qx,LINK_FOOT_R_qy,LINK_FOOT_R_qz,LINK_FOOT_R_qw,LINK_TORSO_YAW_qx,LINK_TORSO_YAW_qy,LINK_TORSO_YAW_qz,LINK_TORSO_YAW_qw,LINK_SHOULDER_PITCH_L_qx,LINK_SHOULDER_PITCH_L_qy,LINK_SHOULDER_PITCH_L_qz,LINK_SHOULDER_PITCH_L_qw,LINK_SHOULDER_ROLL_L_qx,LINK_SHOULDER_ROLL_L_qy,LINK_SHOULDER_ROLL_L_qz,LINK_SHOULDER_ROLL_L_qw,LINK_SHOULDER_YAW_L_qx,LINK_SHOULDER_YAW_L_qy,LINK_SHOULDER_YAW_L_qz,LINK_SHOULDER_YAW_L_qw,LINK_ELBOW_PITCH_L_qx,LINK_ELBOW_PITCH_L_qy,LINK_ELBOW_PITCH_L_qz,LINK_ELBOW_PITCH_L_qw,LINK_ELBOW_YAW_L_qx,LINK_ELBOW_YAW_L_qy,LINK_ELBOW_YAW_L_qz,LINK_ELBOW_YAW_L_qw,LINK_ELBOW_END_L_qx,LINK_ELBOW_END_L_qy,LINK_ELBOW_END_L_qz,LINK_ELBOW_END_L_qw,LINK_SHOULDER_PITCH_R_qx,LINK_SHOULDER_PITCH_R_qy,LINK_SHOULDER_PITCH_R_qz,LINK_SHOULDER_PITCH_R_qw,LINK_SHOULDER_ROLL_R_qx,LINK_SHOULDER_ROLL_R_qy,LINK_SHOULDER_ROLL_R_qz,LINK_SHOULDER_ROLL_R_qw,LINK_SHOULDER_YAW_R_qx,LINK_SHOULDER_YAW_R_qy,LINK_SHOULDER_YAW_R_qz,LINK_SHOULDER_YAW_R_qw,LINK_ELBOW_PITCH_R_qx,LINK_ELBOW_PITCH_R_qy,LINK_ELBOW_PITCH_R_qz,LINK_ELBOW_PITCH_R_qw,LINK_ELBOW_YAW_R_qx,LINK_ELBOW_YAW_R_qy,LINK_ELBOW_YAW_R_qz,LINK_ELBOW_YAW_R_qw,LINK_ELBOW_END_R_qx,LINK_ELBOW_END_R_qy,LINK_ELBOW_END_R_qz,LINK_ELBOW_END_R_qw,LINK_HEAD_YAW_qx,LINK_HEAD_YAW_qy,LINK_HEAD_YAW_qz,LINK_HEAD_YAW_qw
0.005561737809330225,-0.004787697922438383,0.8194971680641174,0.00299934484064579,0.03126634284853935,0.032567840069532394,0.9989758729934692,-0.11561696231365204,-0.013483652845025063,0.05407677963376045,0.14076849818229675,-0.2338014394044876,0.037365611642599106,-0.1278168112039566,-0.06851650774478912,-0.07976657897233963,0.16870632767677307,-0.22400905191898346,0.07009793072938919,0.0,-0.009363490156829357,0.18587960302829742,-0.4565410017967224,-0.5820549726486206,-0.05874117836356163,0.039140164852142334,-0.25680607557296753,0.3241559863090515,-0.7026135921478271,0.049552809447050095,0.0,-0.10694331675767899,0.13415540754795074,-0.011050700210034847,-0.05460762232542038,0.10731799155473709,-0.18995970487594604,-0.6032122373580933,-0.14205631613731384,-0.17793963849544525,0.7321549654006958,-0.25033190846443176,0.14752338826656342,-0.6841192841529846,-0.11506631225347519,0.5350096821784973,0.618044376373291,-0.006596445571631193,-0.07018312811851501,0.0,0.042711660265922546,0.009641199372708797,0.6768240928649902,-0.43358978629112244,-0.14270547032356262,-0.17075757682323456,0.10267137736082077,-1.2155448198318481,-1.054598093032837,-0.028783230111002922,0.0,0.0,0.0,0.00299934484064579,0.03126634284853935,0.032567840069532394,0.9989758729934692,0.00299934484064579,0.03126634284853935,0.032567840069532394,0.9989758729934692,0.005279412027448416,-0.024581193923950195,0.047284334897994995,0.9985650181770325,-0.0014528087340295315,-0.02489941567182541,0.04711753875017166,0.998577892780304,-0.0021254357416182756,-0.024851037189364433,0.07409696280956268,0.9969390630722046,-0.007331127766519785,0.04532138258218765,0.07376403361558914,0.9962183833122253,0.0013223497662693262,-0.071181520819664,0.07411564886569977,0.9947051405906677,0.01990492083132267,-0.0697844922542572,0.07543250918388367,0.9945068359375,0.01990492083132267,-0.0697844922542572,0.07543250918388367,0.9945068359375,0.004485476296395063,-0.030373498797416687,0.015803806483745575,0.9994035959243774,-0.029748281463980675,-0.030896982178092003,0.01475419383496046,0.9989708065986633,-0.028492677956819534,-0.032058555632829666,-0.025089219212532043,0.99876469373703,-0.02627752348780632,0.052204519510269165,-0.027400610968470573,0.9979144930839539,-0.029175449162721634,-0.059659987688064575,-0.024291867390275,0.9974965453147888,0.005796534474939108,-0.06047457829117775,-0.02218635566532612,0.9979063272476196,0.005796534474939108,-0.06047457829117775,-0.02218635566532612,0.9979063272476196,0.00299934484064579,0.03126634284853935,0.032567840069532394,0.9989758729934692,0.00314229354262352,0.026599176228046417,0.03225979954004288,0.9991205930709839,0.09585317224264145,0.0294782854616642,0.029652008786797523,0.9945169687271118,0.08628769218921661,0.06449560075998306,-0.19436313211917877,0.9749962687492371,0.02507524937391281,-0.21571844816207886,-0.2284197211265564,0.9490317106246948,0.037640441209077835,-0.21462273597717285,-0.25407934188842773,0.9423183798789978,0.037640441209077835,-0.21462273597717285,-0.25407934188842773,0.9423183798789978,0.0023242952302098274,0.05077425763010979,0.031392697244882584,0.9982139468193054,-0.1255166232585907,0.04633641615509987,0.0376359298825264,0.9902939200401306,-0.11679044365882874,0.0759778544306755,0.19535858929157257,0.9707844257354736,-0.04183084890246391,-0.2597329914569855,0.2445855289697647,0.9332560896873474,-0.053430911153554916,-0.25851330161094666,0.2655995488166809,0.9272394180297852,-0.053430911153554916,-0.25851330161094666,0.2655995488166809,0.9272394180297852,0.00299934484064579,0.03126634284853935,0.032567840069532394,0.9989758729934692
0.0034228714182972905,-0.0021045895293354986,0.8192761540412903,0.0025481651537120342,0.03235042840242386,0.030649812892079353,0.9990032911300659,-0.12768120765686036,-0.016324779391288756,0.05051798671483994,0.15541159808635713,-0.23880807757377626,0.04031607955694198,-0.14149919748306275,-0.07081783413887024,-0.0690663844347,0.18106721639633178,-0.2241409808397293,0.06869426816701889,0.0,-0.0085092568770051,0.18607242703437804,-0.4430045187473297,-0.5907267689704895,-0.06159528791904449,0.03572501316666603,-0.2547526478767395,0.29984508752822875,-0.7237055540084839,0.04897714480757713,0.0,-0.10694331675767899,0.13415540754795074,-0.011050700210034847,-0.05460762232542038,0.10731799155473709,-0.18995970487594604,-0.6032122373580933,-0.14205631613731384,-0.17793963849544525,0.7321549654006958,-0.25033190846443176,0.14752338826656342,-0.6841192841529846,-0.11506631225347519,0.5350096821784973,0.618044376373291,-0.006596445571631193,-0.07018312811851501,0.0,0.042711660265922546,0.009641199372708797,0.6768240928649902,-0.43358978629112244,-0.14270547032356262,-0.17075757682323456,0.10267137736082077,-1.2155448198318481,-1.054598093032837,-0.028783230111002922,0.0,0.0,0.0,0.0025481651537120342,0.03235042840242386,0.030649812892079353,0.9990032911300659,0.0025481651537120342,0.03235042840242386,0.030649812892079353,0.9990032911300659,0.0049596624448895454,-0.029319263994693756,0.0469278022646904,0.9984556436538696,-0.003190083662047982,-0.02970096468925476,0.04668246582150459,0.9984630346298218,-0.003933562897145748,-0.02961314097046852,0.07188523560762405,0.9969654679298401,-0.009490319527685642,0.04786907136440277,0.07135338336229324,0.9962566494941711,-0.0009266590350307524,-0.07114660739898682,0.07197955250740051,0.9948650598526001,0.019126851111650467,-0.06968322396278381,0.07339884340763092,0.9946814775466919,0.019126851111650467,-0.06968322396278381,0.07339884340763092,0.9946814775466919,0.004033159464597702,-0.035898592323064804,0.01212384831160307,0.9992738962173462,-0.03134506940841675,-0.036302339285612106,0.010841254144906998,0.9987902641296387,-0.0300920307636261,-0.0373573824763298,-0.023650629445910454,0.9985686540603638,-0.027835238724946976,0.05307612195611,-0.026280902326107025,0.9978563785552979,-0.030599715188145638,-0.0588531494140625,-0.0230029858648777,0.9975323677062988,0.0036739392671734095,-0.059609003365039825,-0.020967993885278702,0.9979947805404663,0.0036739392671734095,-0.059609003365039825,-0.020967993885278702,0.9979947805404663,0.0025481651537120342,0.03235042840242386,0.030649812892079353,0.9990032911300659,0.002670210087671876,0.028108850121498108,0.030371706932783127,0.9991397261619568,0.09548079967498779,0.03080875240266323,0.027628902345895767,0.9945706725120544,0.0860157310962677,0.06471619009971619,-0.18979981541633606,0.9759043455123901,0.02520759031176567,-0.2198772430419922,-0.22436149418354034,0.9490418434143066,0.038503121584653854,-0.2186889350414276,-0.25123530626296997,0.9421111941337585,0.038503121584653854,-0.2186889350414276,-0.25123530626296997,0.9421111941337585,0.0019629900343716145,0.05015663057565689,0.029570361599326134,0.99830162525177,-0.12486927211284637,0.04599260166287422,0.03570256009697914,0.990463376045227,-0.11694670468568802,0.07338546216487885,0.1817750334739685,0.9735994338989258,-0.044548843055963516,-0.27293452620506287,0.2330702543258667,0.9323092103004456,-0.056303970515728,-0.27160346508026123,0.2537495493888855,0.9266459941864014,-0.056303970515728,-0.27160346508026123,0.2537495493888855,0.9266459941864014,0.0025481651537120342,0.03235042840242386,0.030649812892079353,0.9990032911300659
0.0006863069720566271,0.0006235253415070476,0.8189703583717346,0.0021942935418337584,0.033510807901620865,0.028838714584708214,0.9990198612213135,-0.14145007431507112,-0.01980688124895096,0.04563410729169846,0.17232095897197724,-0.24398226141929627,0.04329727962613106,-0.15710261464118958,-0.07319494932889939,-0.05702714696526527,0.19492316246032715,-0.22445569336414337,0.06721361726522446,0.0,-0.007659590803086758,0.18882597088813782,-0.4273566842079163,-0.6002126336097717,-0.06479124426841736,0.03422796875238419,-0.25310049653053285,0.2739680588245392,-0.7464555025100708,0.048081585019826886,0.0,-0.12487425804138184,0.1355056047439575,-0.013594149425625802,-0.048695554956793785,0.11206929087638855,-0.18371370136737825,-0.6543508768081665,-0.1612855762243271,-0.217692232131958,0.800142788887024,-0.2553582787513733,0.14844535291194916,-0.7417502045631409,-0.11733997762203216,0.5751809716224671,0.6628960967063904,-0.01207995368167758,-0.0724927768111229,0.0,0.04257464408874512,0.08646278884261847,0.7401646375656128,-0.4580118417739868,-0.1529608726501465,-0.1132143586874008,0.09063308760523796,-1.2625287294387817,-1.1043376684188844,-0.03838008306920529,0.0,0.0,0.0,0.0021942935418337584,0.033510807901620865,0.028838714584708214,0.9990198612213135,0.0021942935418337584,0.033510807901620865,0.028838714584708214,0.9990198612213135,0.004765624646097422,-0.03480437770485878,0.046889372169971466,0.9982821345329285,-0.005120573099702597,-0.03526759147644043,0.046535007655620575,0.9982807636260986,-0.005912071093916893,-0.03514568880200386,0.06929920613765717,0.9969590902328491,-0.011836381629109383,0.05077798292040825,0.06852159649133682,0.9962862730026245,-0.003414141945540905,-0.07083648443222046,0.06945624947547913,0.9950609803199768,0.01812688447535038,-0.06931845843791962,0.07097269594669342,0.9949015974998474,0.01812688447535038,-0.06931845843791962,0.07097269594669342,0.9949015974998474,0.0036847495939582586,-0.042270880192518234,0.00829490926116705,0.9990650415420532,-0.032872628420591354,-0.04254360496997833,0.0067382496781647205,0.9985309839248657,-0.03167186677455902,-0.04345892742276192,-0.021733630448579788,0.9983165860176086,-0.02941596508026123,0.05389087647199631,-0.0247185118496418,0.9978073835372925,-0.03199879825115204,-0.058194998651742935,-0.021268438547849655,0.9975656270980835,0.0015379301039502025,-0.058877743780612946,-0.01930089481174946,0.9980774521827698,0.0015379301039502025,-0.058877743780612946,-0.01930089481174946,0.9980774521827698,0.0021942935418337584,0.033510807901620865,0.028838714584708214,0.9990198612213135,0.0022967609111219645,0.029692616313695908,0.028589852154254913,0.9991475939750671,0.09647894650697708,0.03225259482860565,0.02566055953502655,0.9944813251495361,0.08712656050920486,0.06516679376363754,-0.1841103434562683,0.9768651723861694,0.026931941509246826,-0.2241925448179245,-0.21968474984169006,0.9490789771080017,0.04104233160614967,-0.22284354269504547,-0.24791693687438965,0.9419094324111938,0.04104233160614967,-0.22284354269504547,-0.24791693687438965,0.9419094324111938,0.001666204072535038,0.05057091638445854,0.027798425406217575,0.9983320832252502,-0.12434938549995422,0.0466577410697937,0.0339583195745945,0.9905589818954468,-0.11713492125272751,0.0716656967997551,0.16757377982139587,0.9762492179870605,-0.047500766813755035,-0.2860206365585327,0.221116840839386,0.9311514496803284,-0.05932164192199707,-0.284584105014801,0.24132469296455383,0.9258808493614197,-0.05932164192199707,-0.284584105014801,0.24132469296455383,0.9258808493614197,0.0021942935418337584,0.033510807901620865,0.028838714584708214,0.9990198612213135
-0.003245653584599495,0.0034416533424519,0.818494999408722,0.0020350534468889236,0.034823931753635406,0.027241641655564308,0.9990200400352478,-0.15862818360328673,-0.02457093372941017,0.03810005486011505,0.19376284182071685,-0.24949153661727905,0.04633994400501251,-0.1765480935573578,-0.07572364211082458,-0.0423098236322403,0.2117692232131958,-0.22513597309589387,0.06557898968458176,0.0,-0.006819059140980244,0.19670095443725585,-0.4074861466884613,-0.6113266348838806,-0.06867089420557022,0.036567138880491255,-0.2522508978843689,0.24495877027511598,-0.7725214242935181,0.04654623493552208,0.0,-0.17866708189249036,0.13955619633197786,-0.021224497072398662,-0.030959352850914,0.12632318884134291,-0.1649756908416748,-0.8077667951583862,-0.2189733564853668,-0.3369500130414963,1.0041062593460084,-0.2704373896121979,0.15121124684810638,-0.9146429657936096,-0.1241609737277031,0.6956948399543762,0.7974512577056885,-0.02853047801181674,-0.07942172288894653,0.0,0.04216359555721283,0.31692755725234745,0.9301862716674805,-0.53127800822258,-0.18372707962989807,0.059415295720100375,0.054518218338489535,-1.4034804582595826,-1.2535563945770263,-0.06717064194381236,0.0,0.0,0.0,0.0020350534468889236,0.034823931753635406,0.027241641655564308,0.9990200400352478,0.0020350534468889236,0.034823931753635406,0.027241641655564308,0.9990200400352478,0.004823045805096626,-0.04178348183631897,0.04748738184571266,0.9979858994483948,-0.007437413092702627,-0.04236427694559097,0.046963103115558624,0.9979701042175293,-0.008231249637901783,-0.042219001799821854,0.06596528738737106,0.996894359588623,-0.01455617044121027,0.05440954491496086,0.06484805792570114,0.996304452419281,-0.006378529593348503,-0.06997615098953247,0.06615880131721497,0.9953319430351257,0.016683122143149376,-0.0684267058968544,0.06776156276464462,0.9952124357223511,0.016683122143149376,-0.0684267058968544,0.06776156276464462,0.9952124357223511,0.0035442556254565716,-0.05033775046467781,0.004168529994785786,0.9987173676490784,-0.03426230698823929,-0.05045698583126068,0.002255677245557308,0.9981358647346497,-0.03321279212832451,-0.05116578936576843,-0.018860112875699997,0.9979596734046936,-0.03104272484779358,0.05459199473261833,-0.0222708061337471,0.9977775812149048,-0.03334754332900047,-0.057834282517433167,-0.0186426043510437,0.997594952583313,-0.0006248718127608299,-0.05841534212231636,-0.016736412420868874,0.9981518983840942,-0.0006248718127608299,-0.05841534212231636,-0.016736412420868874,0.9981518983840942,0.0020350534468889236,0.034823931753635406,0.027241641655564308,0.9990200400352478,0.0021205975208431482,0.031424716114997864,0.027020659297704697,0.9991386532783508,0.10021776705980301,0.033923037350177765,0.023801669478416443,0.9941021800041199,0.09100140631198883,0.06607629358768463,-0.17616592347621918,0.9779152870178223,0.031840234994888306,-0.22882118821144104,-0.21377190947532654,0.9491725564002991,0.046934209764003754,-0.2271735668182373,-0.24364881217479706,0.9417135715484619,0.046934209764003754,-0.2271735668182373,-0.24364881217479706,0.9417135715484619,0.0014984605368226767,0.05304906517267227,0.026127323508262634,0.9982489347457886,-0.12408452481031418,0.04934084042906761,0.032592397183179855,0.9905080795288086,-0.11740683019161224,0.0717039629817009,0.15217122435569763,0.9787329435348511,-0.05093276873230934,-0.29895251989364624,0.20836031436920166,0.9298489093780518,-0.06264407932758331,-0.29742130637168884,0.22782939672470093,0.9250460863113403,-0.06264407932758331,-0.29742130637168884,0.22782939672470093,0.9250460863113403,0.0020350534468889236,0.034823931753635406,0.027241641655564308,0.9990200400352478
-0.008818946685642004,0.006608537118881941,0.8176390290260315,0.0016914720181375742,0.03601200133562088,0.02704201638698578,0.9989840388298035,-0.17964769899845123,-0.0314556360244751,0.02558682784438133,0.2233347326517105,-0.25665863156318663,0.04825651571154595,-0.2003007173538208,-0.07801694720983506,-0.025853656232357025,0.23352094888687133,-0.22690506875514985,0.0644713208079338,0.0,-0.0028456633910536764,0.20662939548492432,-0.3836778998374939,-0.6247594714164734,-0.07354838550090789,0.04191453605890274,-0.25208103060722353,0.2124643623828888,-0.8016525506973267,0.04511578902602196,0.0,-0.24583799242973328,0.15136906504631042,-0.03518628813326359,-0.03293558992445469,0.12319337725639343,-0.0745318204164505,-0.9741475820541382,-0.301822105050087,-0.5260778307914734,1.3159943342208862,-0.3251983404159546,0.1183504343032837,-1.1014882445335388,-0.11937300562858581,0.7880314469337464,0.9894729256629944,-0.06667846143245697,-0.065922611951828,0.0,0.1360124945640564,0.45535287261009216,1.1116580724716187,-0.625265097618103,-0.22391772270202637,0.2072053074836731,0.0220879890024662,-1.555017924308777,-1.3952521085739136,-0.0736203745007515,0.0,0.0,0.0,0.0016914720181375742,0.03601200133562088,0.02704201638698578,0.9989840388298035,0.0016914720181375742,0.03601200133562088,0.02704201638698578,0.9989840388298035,0.004869992379099131,-0.05073011294007301,0.04998209327459335,0.9974490404129028,-0.010815843008458614,-0.05151864141225815,0.04915166646242142,0.9974031448364258,-0.011423171497881413,-0.05139538273215294,0.06191036477684975,0.9966921806335449,-0.018195126205682755,0.059994328767061234,0.060210373252630234,0.9962151050567627,-0.010351879522204399,-0.06799253821372986,0.06205528602004051,0.9957002401351929,0.013673517853021622,-0.06647752225399017,0.0636763721704483,0.995660126209259,0.013673517853021622,-0.06647752225399017,0.0636763721704483,0.995660126209259,0.0033646957017481327,-0.06060359627008438,0.0008952372591011226,0.9981558918952942,-0.03556402772665024,-0.060590047389268875,-0.0014770525740459561,0.9975279569625854,-0.03484209626913071,-0.06103689968585968,-0.014375702477991581,0.9974237084388733,-0.03296796977519989,0.05557394027709961,-0.018353581428527832,0.9977413415908813,-0.03483004495501518,-0.05773696303367615,-0.014502114616334438,0.9976186752319336,-0.0026586425956338644,-0.058175768703222275,-0.01263368409126997,0.9982228875160217,-0.0026586425956338644,-0.058175768703222275,-0.01263368409126997,0.9982228875160217,0.0016914720181375742,0.03601200133562088,0.02704201638698578,0.9989840388298035,0.0017258666921406984,0.03459356725215912,0.02694958820939064,0.9990366101264954,0.10474777221679688,0.03718937188386917,0.02322380617260933,0.9935318827629089,0.09551334381103516,0.06830144673585892,-0.16501283645629883,0.9792767763137817,0.038190506398677826,-0.23338595032691956,-0.20520256459712982,0.9497180581092834,0.05450122058391571,-0.23129898309707642,-0.2371644675731659,0.9419572353363037,0.05450122058391571,-0.23129898309707642,-0.2371644675731659,0.9419572353363037,0.0010768729262053967,0.05689935386180878,0.025756018236279488,0.9980469942092896,-0.12439322471618652,0.053210239857435226,0.032704614102840424,0.9902653694152832,-0.11832725256681442,0.07266446202993393,0.1364879608154297,0.9808616638183594,-0.055201780050992966,-0.3123052418231964,0.1959228217601776,0.9279183745384216,-0.06681780517101288,-0.3106701672077179,0.2146865278482437,0.9235416054725647,-0.06681780517101288,-0.3106701672077179,0.2146865278482437,0.9235416054725647,0.0016914720181375742,0.03601200133562088,0.02704201638698578,0.9989840388298035
-0.015212906058877707,0.009949798695743084,0.8165927529335022,0.0012557206209748983,0.03713753819465637,0.027541110292077065,0.9989297986030579,-0.20258791744709015,-0.03940066322684288,0.010584013536572456,0.2569716274738312,-0.26465463638305664,0.049610041081905365,-0.2262069135904312,-0.08019255846738815,-0.008528066799044613,0.2577255070209503,-0.22921857237815857,0.06362713128328323,0.0,0.002694164402782917,0.21758456528186798,-0.35790079832077026,-0.6393517255783081,-0.07892479747533798,0.04876604676246643,-0.2522510290145874,0.17822739481925964,-0.8323162794113159,0.04373779520392418,0.0,-0.31969794631004333,0.16706307232379913,-0.052313800901174545,-0.04476804658770561,0.111371710896492,0.05176497995853424,-1.1470108032226562,-0.39725133776664734,-0.7501406669616699,1.681844711303711,-0.39980021119117737,0.06767626851797104,-1.2953097820281982,-0.10878055542707443,0.8662794232368469,1.2102278470993042,-0.1156751736998558,-0.04220947250723839,0.0,0.2769913673400879,0.5477584600448608,1.288854956626892,-0.7296126484870911,-0.268820583820343,0.3425755202770233,-0.00849992036819458,-1.711848258972168,-1.5331863164901733,-0.06889969110488892,0.0,0.0,0.0,0.0012557206209748983,0.03713753819465637,0.027541110292077065,0.9989297986030579,0.0012557206209748983,0.03713753819465637,0.027541110292077065,0.9989297986030579,0.004911330994218588,-0.06065637618303299,0.0534212626516819,0.9967160224914551,-0.014723988249897957,-0.06169695407152176,0.052216023206710815,0.9966194033622742,-0.015050280839204788,-0.061618171632289886,0.05748938396573067,0.9963290691375732,-0.022292485460639,0.06655196845531464,0.055087070912122726,0.9960116744041443,-0.014829324558377266,-0.06544511020183563,0.05754677578806877,0.9960850477218628,0.00988061260432005,-0.06399767100811005,0.0591522715985775,0.9961464405059814,0.00988061260432005,-0.06399767100811005,0.0591522715985775,0.9961464405059814,0.0031653176993131638,-0.07196316868066788,-0.0019514396553859115,0.9974003434181213,-0.03681855648756027,-0.07182710617780685,-0.004834553226828575,0.9967255592346191,-0.036511946469545364,-0.0719834491610527,-0.009084567427635193,0.9966959357261658,-0.03504179045557976,0.05669520050287247,-0.013701263815164566,0.9976823329925537,-0.036378756165504456,-0.057770244777202606,-0.009604048915207386,0.9976206421852112,-0.0046278322115540504,-0.058046501129865646,-0.007761621847748756,0.9982729554176331,-0.0046278322115540504,-0.058046501129865646,-0.007761621847748756,0.9982729554176331,0.0012557206209748983,0.03713753819465637,0.027541110292077065,0.9989297986030579,0.0012218337506055832,0.03848038241267204,0.027627266943454742,0.9988766312599182,0.10967043787240982,0.04125259444117546,0.023285817354917526,0.9928385615348816,0.10033047944307327,0.07117491215467453,-0.1522333174943924,0.9806594252586365,0.045257095247507095,-0.23789189755916595,-0.19528193771839142,0.9503811001777649,0.06290019303560257,-0.2352994978427887,-0.22954928874969482,0.942329466342926,0.06290019303560257,-0.2352994978427887,-0.22954928874969482,0.942329466342926,0.0005283503560349345,0.061434876173734665,0.026034239679574966,0.9977713823318481,-0.12498688697814941,0.05767199769616127,0.033555418252944946,0.9899122714996338,-0.1195560172200203,0.07407625764608383,0.12064801901578903,0.9826815724372864,-0.059878237545490265,-0.3258076310157776,0.18361036479473114,0.9255005121231079,-0.0714036151766777,-0.32406294345855713,0.20168110728263855,0.9215255975723267,-0.0714036151766777,-0.32406294345855713,0.20168110728263855,0.9215255975723267,0.0012557206209748983,0.03713753819465637,0.027541110292077065,0.9989297986030579
-0.018649541586637494,0.012169203162193297,0.8147491812705994,0.00171411014162004,0.03814084455370903,0.027778804302215576,0.9988846778869629,-0.22473271787166593,-0.04816050752997398,-0.0025279786437749814,0.29842132329940796,-0.26369149088859556,0.050782202184200285,-0.2524618864059448,-0.08055410236120224,0.015681641176342957,0.2908275961875916,-0.2382788598537445,0.06348831355571746,0.0,0.010327467834576963,0.22863401472568512,-0.33210515379905703,-0.6515841722488404,-0.08203574866056443,0.05796003341674805,-0.2532914221286774,0.14431717842817307,-0.8635419487953186,0.03721652925014496,0.0,-0.23097822368144993,0.13340735733509065,-0.07623266577720642,0.008441830426454529,0.10552271157503128,0.03408106565475465,-1.12314829826355,-0.4216958463191986,-0.6934160232543946,1.916228723526001,-0.1310257196426392,0.062235338240861894,-1.3057730436325072,-0.0543585389852524,1.072802972793579,1.4771537780761719,-0.3180786713957786,-0.021048320829868322,0.0,0.33979564905166626,0.5505868673324585,1.2894112825393678,-0.6588184237480164,-0.2008567601442337,0.41284978985786436,-0.03461175933480262,-1.702045750617981,-1.5500445365905762,-0.22319784164428708,0.0,0.0,0.0,0.00171411014162004,0.03814084455370903,0.027778804302215576,0.9988846778869629,0.00171411014162004,0.03814084455370903,0.027778804302215576,0.9988846778869629,0.005822079721838236,-0.07033886015415192,0.056403085589408875,0.9959102869033813,-0.01815662905573845,-0.07168446481227875,0.05466456711292267,0.995762825012207,-0.01802215725183487,-0.07172153890132904,0.05340922623872757,0.9958306550979614,-0.025696322321891785,0.07711577415466309,0.05009738728404045,0.995431125164032,-0.018885917961597443,-0.054416924715042114,0.053039632737636566,0.9969298839569092,0.0064309341832995415,-0.05305458605289459,0.05439974367618561,0.9970880746841431,0.0064309341832995415,-0.05305458605289459,0.05439974367618561,0.9970880746841431,0.0038349602837115526,-0.0835762694478035,-0.005202549044042826,0.996480405330658,-0.036292482167482376,-0.08329855650663376,-0.008565007708966732,0.9958268404006958,-0.03703580051660538,-0.08301232755184174,-0.0007641848642379045,0.9958598017692566,-0.03661968559026718,0.06216547638177872,-0.006140631623566151,0.9973750710487366,-0.03706613928079605,-0.05682101100683212,-0.0017425015103071928,0.9976945519447327,-0.005381813272833824,-0.05684804916381836,6.186380051076412e-05,0.9983683824539185,-0.005381813272833824,-0.05684804916381836,6.186380051076412e-05,0.9983683824539185,0.00171411014162004,0.03814084455370903,0.027778804302215576,0.9988846778869629,0.0015828502364456654,0.04328746348619461,0.028112363070249557,0.9986658096313477,0.11548775434494019,0.046211495995521545,0.022973399609327316,0.9919674396514893,0.10608679801225662,0.07488232105970383,-0.13979291915893555,0.9816293716430664,0.05352996289730072,-0.2403612732887268,-0.1860261857509613,0.9511862993240356,0.07194334268569946,-0.23723110556602478,-0.2216334342956543,0.9430928230285645,0.07194334268569946,-0.23723110556602478,-0.2216334342956543,0.9430928230285645,0.000839709653519094,0.06701453775167465,0.02600078471004963,0.997412919998169,-0.12514755129814148,0.06319350004196167,0.034258898347616196,0.9895306825637817,-0.12048934400081635,0.0765150636434555,0.10480666905641556,0.9841967821121216,-0.06491106748580933,-0.33851733803749084,0.1715281903743744,0.9229142069816589,-0.0749029740691185,-0.33692604303359985,0.18682415783405304,0.9197647571563721,-0.0749029740691185,-0.33692604303359985,0.18682415783405304,0.9197647571563721,0.00171411014162004,0.03814084455370903,0.027778804302215576,0.9988846778869629
-0.023032341152429588,0.01491370759904385,0.8125085234642029,0.002317664911970496,0.03903632611036301,0.02840004861354828,0.9988313913345337,-0.24992518424987795,-0.05872959047555924,-0.017844897136092202,0.34404044151306157,-0.2603877782821655,0.049981264770030974,-0.2819931447505951,-0.08117879629135132,0.042086587846279166,0.3278993308544159,-0.24710643887519837,0.06436352580785752,0.0,0.01703032068908215,0.23882727622985842,-0.30630976557731626,-0.6636716842651367,-0.08607341498136521,0.0674740642309189,-0.2548134744167328,0.1104770705103874,-0.8939832210540771,0.03166387937963008,0.0,-0.20021667480468758,0.12672321200370792,-0.10409115850925449,0.053689862787723565,0.0953771188855171,0.04494110047817236,-1.1986699342727662,-0.4922693490982057,-0.7217473745346071,2.1975673675537113,0.1183742783963682,-0.0005848981440068762,-1.411037111282349,-0.02597169391810896,1.276342558860779,1.7741937637329104,-0.4460330903530121,0.02348001049831517,0.0,0.3537516385316848,0.5267868280410766,1.2897744655609131,-0.6072742342948914,-0.18334899544715888,0.46930062770843506,-0.06646942719817166,-1.6934074878692627,-1.5377514362335205,-0.2970047950744628,0.0,0.0,0.0,0.002317664911970496,0.03903632611036301,0.02840004861354828,0.9988313913345337,0.002317664911970496,0.03903632611036301,0.02840004861354828,0.9988313913345337,0.006987588945776224,-0.08159443736076355,0.06011301279067993,0.9948266744613647,-0.022219186648726463,-0.08333871513605118,0.05764530226588249,0.9946045875549316,-0.02140830084681511,-0.08355452120304108,0.04877517744898796,0.9950785040855408,-0.02935902215540409,0.08801181614398956,0.044345904141664505,0.9946986436843872,-0.023341979831457138,-0.041870906949043274,0.047774117439985275,0.997707188129425,0.0015951204113662243,-0.0406566858291626,0.04882195591926575,0.9979784488677979,0.0015951204113662243,-0.0406566858291626,0.04882195591926575,0.9979784488677979,0.004738057963550091,-0.09684716165065765,-0.008533934131264687,0.9952513575553894,-0.035650964826345444,-0.09642001986503601,-0.012460995465517044,0.9946240186691284,-0.037783183157444,-0.09564812481403351,0.008459022268652916,0.9946619272232056,-0.03875730559229851,0.06797732412815094,0.0021472391672432423,0.9969314336776733,-0.038178082555532455,-0.0554015152156353,0.0069109234027564526,0.997710108757019,-0.006055767647922039,-0.05514385551214218,0.008688208647072315,0.9984222650527954,-0.006055767647922039,-0.05514385551214218,0.008688208647072315,0.9984222650527954,0.002317664911970496,0.03903632611036301,0.02840004861354828,0.9988313913345337,0.0020956494845449924,0.04752189666032791,0.02895372360944748,0.9984483122825623,0.12102555483579636,0.050635021179914474,0.02308015152812004,0.9910883903503418,0.11170224845409393,0.0779399424791336,-0.12693530321121216,0.9825147986412048,0.06189875677227974,-0.2433639019727707,-0.17638477683067322,0.9517515897750854,0.08131518959999084,-0.23962147533893585,-0.21371661126613617,0.9435543417930603,0.08131518959999084,-0.23962147533893585,-0.21371661126613617,0.9435543417930603,0.0012743163388222456,0.07264375686645508,0.026348356157541275,0.9970089197158813,-0.1254180371761322,0.06870605051517487,0.03536812961101532,0.9890899062156677,-0.12160123884677887,0.07893772423267365,0.08938277512788773,0.9853896498680115,-0.07018866389989853,-0.3507191836833954,0.15994229912757874,0.9200478196144104,-0.07886961847543716,-0.34924232959747314,0.17286314070224762,0.917566180229187,-0.07886961847543716,-0.34924232959747314,0.17286314070224762,0.917566180229187,0.002317664911970496,0.03903632611036301,0.02840004861354828,0.9988313913345337
-0.02930746972560883,0.018708411976695063,0.8094736933708191,0.003211548086255789,0.039716146886348724,0.029788389801979065,0.9987616539001465,-0.28121298253536225,-0.07291715070605279,-0.03757166825234891,0.39799840450286866,-0.2524029314517975,0.04523413032293319,-0.3180769741535187,-0.08232979029417038,0.072882017493248,0.3729103565216065,-0.2554686009883881,0.06726679801940919,0.0,0.02187227122485638,0.24730816185474397,-0.2805148899555206,-0.6754693269729615,-0.09196451157331467,0.07762818336486817,-0.2572988450527191,0.07677717953920363,-0.9228556990623474,0.02804846167564392,0.0,-0.28537147343158725,0.17398220598697667,-0.13982890695333483,0.08301420584321023,0.07663833945989608,0.11288904100656513,-1.472959852218628,-0.655100840330124,-0.920190715789795,2.572815275192261,0.32902530059218416,-0.1781637467443944,-1.7059027910232545,-0.049655197188258185,1.4739142179489138,2.1314618587493896,-0.4250893294811249,0.11474269973114137,0.0,0.27001104354858396,0.4497298955917358,1.289751362800598,-0.5942301154136658,-0.2667533487081528,0.49810460209846497,-0.10981875285506251,-1.687097716331482,-1.4671556949615479,-0.20982935428619381,0.0,0.0,0.0,0.003211548086255789,0.039716146886348724,0.029788389801979065,0.9987616539001465,0.003211548086255789,0.039716146886348724,0.029788389801979065,0.9987616539001465,0.008662435226142406,-0.09599463641643524,0.06527910381555557,0.9932011961936951,-0.027540836483240128,-0.09832465648651123,0.06169051676988602,0.9928586483001709,-0.02562248706817627,-0.09884520620107651,0.04303578659892082,0.9938415288925171,-0.03354155644774437,0.09957872331142426,0.037077490240335464,0.9937728643417358,-0.028596702963113785,-0.026295896619558334,0.040996305644512177,0.998403787612915,-0.006011177785694599,-0.025354653596878052,0.04159699007868767,0.998794674873352,-0.006011177785694599,-0.025354653596878052,0.04159699007868767,0.998794674873352,0.00610800227150321,-0.11343421041965485,-0.012025241740047932,0.9934539794921875,-0.034780584275722504,-0.1128421425819397,-0.016687441617250443,0.9928637742996216,-0.03897986561059952,-0.11149894446134567,0.019484592601656914,0.9928085803985596,-0.04201594740152359,0.07447469234466553,0.011888116598129272,0.9962664842605591,-0.04014008492231369,-0.05304330959916115,0.01714712753891945,0.9976378679275513,-0.006569766439497471,-0.052430104464292526,0.018919365480542183,0.9984237551689148,-0.006569766439497471,-0.052430104464292526,0.018919365480542183,0.9984237551689148,0.003211548086255789,0.039716146886348724,0.029788389801979065,0.9987616539001465,0.002912055468186736,0.05061229318380356,0.030508454889059067,0.9982480406761169,0.12601257860660553,0.05399101600050926,0.02402692846953869,0.9902669191360474,0.11705508083105087,0.07971170544624329,-0.11327283084392548,0.9834191799163818,0.070465087890625,-0.24746519327163696,-0.16599923372268677,0.951966404914856,0.09135229140520096,-0.2429601103067398,-0.20582833886146545,0.9435359239578247,0.09135229140520096,-0.2429601103067398,-0.20582833886146545,0.9435359239578247,0.0019554276950657368,0.07837387919425964,0.027458731085062027,0.996543824672699,-0.1259119212627411,0.07420235872268677,0.037289828062057495,0.9885594248771667,-0.12310445308685303,0.08134946972131729,0.07482728362083435,0.9862192869186401,-0.07597880810499191,-0.3620298504829407,0.1494171917438507,0.9169711470603943,-0.08380435407161713,-0.3606176972389221,0.16078539192676544,0.9149206280708313,-0.08380435407161713,-0.3606176972389221,0.16078539192676544,0.9149206280708313,0.003211548086255789,0.039716146886348724,0.029788389801979065,0.9987616539001465
-0.037274853140115735,0.024088503792881966,0.805311095714569,0.004452207125723362,0.040165577083826065,0.03066623955965042,0.998712420463562,-0.3133116841316223,-0.08762697428464888,-0.06113088056445121,0.45623581409454345,-0.25203155279159545,0.041540670394897464,-0.35723715424537655,-0.08383622467517853,0.1087647035717964,0.41913693547248837,-0.26337178349494933,0.07175115793943405,0.0,0.026590751484036446,0.2557073712348938,-0.2572261571884155,-0.6866027116775513,-0.09715685993432999,0.08745017349720001,-0.2603169620037079,0.0468862071633339,-0.9484441041946411,0.023962169513106348,0.0,-0.3645240545272827,0.2372968256473541,-0.1855745166540146,0.11275966316461562,0.057273721694946295,0.10403058230876924,-1.5887169122695923,-0.725045895576477,-1.1013118028640747,2.8262813568115233,0.17083829045295726,-0.2057464748620987,-1.8964818477630614,-0.06821290627121925,1.6923891305923462,2.287017822265625,-0.40433868765830994,0.19259623289108274,0.0,0.2383934050798416,0.42159396409988403,1.2145594120025636,-0.5699543595314026,-0.273592358827591,0.49774205684661865,-0.1402509108185768,-1.5707269191741944,-1.3451015949249268,-0.19489710927009582,0.0,0.0,0.0,0.004452207125723362,0.040165577083826065,0.03066623955965042,0.998712420463562,0.004452207125723362,0.040165577083826065,0.03066623955965042,0.998712420463562,0.010645894333720207,-0.11101573705673218,0.06993178278207779,0.9912980794906616,-0.03277250751852989,-0.11398975551128387,0.06492434442043304,0.9908164739608765,-0.029135629534721375,-0.114974744617939,0.03463130071759224,0.9923369884490967,-0.035995274782180786,0.11242110282182693,0.027119876816868782,0.992638111114502,-0.03231344744563103,-0.0132278548553586,0.03143175691366196,0.9988958835601807,-0.011561064049601555,-0.012560410425066948,0.03171202167868614,0.9993512630462646,-0.011561064049601555,-0.012560410425066948,0.03171202167868614,0.9993512630462646,0.007800580468028784,-0.131658673286438,-0.016530467197299004,0.9911266565322876,-0.03373877704143524,-0.13084693253040314,-0.022043753415346146,0.9905831217765808,-0.04103868454694748,-0.12880921363830566,0.03180045634508133,0.990309476852417,-0.046932220458984375,0.08002202212810516,0.022479627281427383,0.9954338073730469,-0.043543778359889984,-0.051375553011894226,0.028457950800657272,0.997323751449585,-0.007744377478957176,-0.050300728529691696,0.030279099941253662,0.9982450008392334,-0.007744377478957176,-0.050300728529691696,0.030279099941253662,0.9982450008392334,0.004452207125723362,0.040165577083826065,0.03066623955965042,0.998712420463562,0.004077482502907515,0.05340979993343353,0.03155852481722832,0.9980655908584595,0.13130275905132294,0.05699923634529114,0.024483375251293182,0.9893995523452759,0.12275062501430511,0.0812690481543541,-0.10131867974996567,0.9839015007019043,0.07896050065755844,-0.25130710005760193,-0.1573980450630188,0.951754093170166,0.10116565227508545,-0.2460358440876007,-0.19939768314361572,0.9431185722351074,0.10116565227508545,-0.2460358440876007,-0.19939768314361572,0.9431185722351074,0.0029976358637213707,0.08370832353830338,0.028094515204429626,0.9960897564888,-0.12631097435951233,0.07935255765914917,0.038726940751075745,0.9880530834197998,-0.12452009320259094,0.08373643457889557,0.06164946407079697,0.9867533445358276,-0.08158862590789795,-0.3717136085033417,0.1400432288646698,0.9140897989273071,-0.08836951851844788,-0.3704293370246887,0.14969848096370697,0.912449061870575,-0.08836951851844788,-0.3704293370246887,0.14969848096370697,0.912449061870575,0.004452207125723362,0.040165577083826065,0.03066623955965042,0.998712420463562
-0.046088363975286484,0.030261289328336716,0.800584614276886,0.0058662486262619495,0.040499769151210785,0.031288810074329376,0.9986723065376282,-0.34581583738327026,-0.1025979295372963,-0.08660631626844406,0.5166129469871521,-0.25546690821647644,0.038374047726392746,-0.39793550968170166,-0.08552037924528122,0.14719101786613464,0.46597129106521606,-0.2710454761981964,0.07702606171369553,0.0,0.031247496604919434,0.2640657424926758,-0.2351904958486557,-0.6974039673805237,-0.10199983417987823,0.09710609912872314,-0.2636014521121979,0.018899694085121155,-0.9723904728889465,0.019640440121293068,0.0,-0.4406755268573761,0.308639258146286,-0.23632405698299408,0.1427156776189804,0.03759618476033211,0.05676892399787903,-1.625207543373108,-0.7485477328300476,-1.2737717628479004,3.0188565254211426,-0.17176774144172668,-0.15833112597465515,-2.0349175930023193,-0.08420772105455399,1.9213156700134277,2.3417177200317383,-0.38368460536003113,0.26374518871307373,0.0,0.2328372448682785,0.41791853308677673,1.101783037185669,-0.5400627851486206,-0.24214869737625122,0.48279625177383423,-0.16422449052333832,-1.3993256092071533,-1.1973183155059814,-0.2160864621400833,0.0,0.0,0.0,0.0058662486262619495,0.040499769151210785,0.031288810074329376,0.9986723065376282,0.0058662486262619495,0.040499769151210785,0.031288810074329376,0.9986723065376282,0.01278193574398756,-0.12632997334003448,0.07431743294000626,0.9891179203987122,-0.03795335441827774,-0.12997451424598694,0.06774191558361053,0.9884721636772156,-0.0322912260890007,-0.1314956545829773,0.024887820705771446,0.9904780387878418,-0.03757736459374428,0.12587809562683105,0.01581355556845665,0.9912076592445374,-0.03525679558515549,-0.0014137693215161562,0.020471571013331413,0.9991675615310669,-0.016080431640148163,-0.001020744675770402,0.02049492672085762,0.9996601343154907,-0.016080431640148163,-0.001020744675770402,0.02049492672085762,0.9996601343154907,0.009652385488152504,-0.150668203830719,-0.021538082510232925,0.9883025884628296,-0.032603565603494644,-0.1496097892522812,-0.027959033846855164,0.987811803817749,-0.04351598396897316,-0.1468074917793274,0.04474955424666405,0.9871937036514282,-0.05267217755317688,0.08508580178022385,0.03349336236715317,0.9944165349006653,-0.047663986682891846,-0.050048261880874634,0.04030270129442215,0.9967943429946899,-0.009248560294508934,-0.04845935478806496,0.04219985008239746,0.9978904128074646,-0.009248560294508934,-0.04845935478806496,0.04219985008239746,0.9978904128074646,0.0058662486262619495,0.040499769151210785,0.031288810074329376,0.9986723065376282,0.005417398177087307,0.05606065317988396,0.0323561429977417,0.9978882670402527,0.13674183189868927,0.059832390397787094,0.024694165214896202,0.9884897470474243,0.1286095380783081,0.08271413296461105,-0.09021386504173279,0.9841135144233704,0.08741532266139984,-0.25500521063804626,-0.14968125522136688,0.9512761831283569,0.11086077243089676,-0.24896633625030518,-0.1936853975057602,0.9424498081207275,0.11086077243089676,-0.24896633625030518,-0.1936853975057602,0.9424498081207275,0.0042203390039503574,0.08884380757808685,0.028492648154497147,0.9956290125846863,-0.1266613006591797,0.08432877063751221,0.03992133215069771,0.9875484108924866,-0.125884011387825,0.08610551804304123,0.04915802180767059,0.9870777726173401,-0.0871019959449768,-0.3805572986602783,0.13123658299446106,0.9112443923950195,-0.09274214506149292,-0.37942805886268616,0.13909664750099182,0.909991979598999,-0.09274214506149292,-0.37942805886268616,0.13909664750099182,0.909991979598999,0.0058662486262619495,0.040499769151210785,0.031288810074329376,0.9986723065376282
-0.055335757881402964,0.038139728456735605,0.7938013434410095,0.006571320816874504,0.0391329750418663,0.032125070691108704,0.9986958503723145,-0.37885092496871947,-0.11096403449773788,-0.10573260337114333,0.5844188332557678,-0.26796557307243346,0.04066745936870575,-0.4347675502300262,-0.08777027428150178,0.18046785295009612,0.5119705677032471,-0.28221383690834045,0.08207326382398605,0.0,0.03177005797624588,0.27037474513053894,-0.2153726726770401,-0.7007563352584839,-0.10574439018964768,0.10740484297275543,-0.2683882832527161,-0.002709789201617234,-0.9903152465820313,0.016868163645267487,0.0,-0.4536920189857483,0.3598088681697845,-0.2980277299880981,0.10392419397830964,-0.06588848158717152,0.07057786881923675,-1.641135573387146,-0.5504022240638733,-1.0832973003387452,3.241719055175781,-0.4436670035123824,0.0054698944091796375,-1.9189282178878784,-0.10117993503808975,1.7668313026428224,2.3166653156280517,-0.4885246634483337,0.2569141387939453,0.0,0.10881173908710483,0.35643747448921204,1.0352478742599487,-0.3165961503982545,-0.20919615030288696,0.5020807981491089,-0.20929472148418427,-1.2080147981643679,-1.0166705012321473,-0.1696028769016266,0.0,0.0,0.0,0.006571320816874504,0.0391329750418663,0.032125070691108704,0.9986958503723145,0.006571320816874504,0.0391329750418663,0.032125070691108704,0.9986958503723145,0.014207462780177593,-0.14353060722351074,0.0790182501077652,0.9863839149475098,-0.040505070239305496,-0.1477017104625702,0.07088866829872131,0.9856563806533813,-0.03252945467829704,-0.14964327216148376,0.018723241984844208,0.9880273342132568,-0.036393970251083374,0.14132314920425415,0.00858960673213005,0.9892571568489075,-0.034948572516441345,0.007908875122666359,0.013372380286455154,0.9992685317993164,-0.01462386641651392,0.0081735635176301,0.013201795518398285,0.9997724890708923,-0.01462386641651392,0.0081735635176301,0.013201795518398285,0.9997724890708923,0.01093696616590023,-0.1694730520248413,-0.02575891837477684,0.9851374626159668,-0.03229011222720146,-0.16817587614059448,-0.033182982355356216,0.9846689701080322,-0.047515466809272766,-0.16455668210983276,0.055647242814302444,0.983649730682373,-0.06018657237291336,0.08985212445259094,0.04169049113988876,0.993260383605957,-0.05369000881910324,-0.050729312002658844,0.0497632771730423,0.996025800704956,-0.012783581390976906,-0.048628658056259155,0.05180257558822632,0.9973907470703125,-0.012783581390976906,-0.048628658056259155,0.05180257558822632,0.9973907470703125,0.006571320816874504,0.0391329750418663,0.032125070691108704,0.9986958503723145,0.0061000799760222435,0.054953813552856445,0.03322139382362366,0.9979174733161926,0.14053978025913239,0.05893205851316452,0.02551392838358879,0.9879902601242065,0.1332302838563919,0.08031004667282104,-0.07966810464859009,0.9846080541610718,0.0952008068561554,-0.2589232623577118,-0.14162831008434296,0.950703501701355,0.11966283619403839,-0.2521412670612335,-0.1871480792760849,0.9418500661849976,0.11966283619403839,-0.2521412670612335,-0.1871480792760849,0.9418500661849976,0.004706272855401039,0.09259955585002899,0.029066897928714752,0.9952679872512817,-0.12849409878253937,0.0878763496875763,0.04120040684938431,0.9869496822357178,-0.1286325603723526,0.08760452270507812,0.039881378412246704,0.9870100021362305,-0.0929725170135498,-0.3871966600418091,0.1256929486989975,0.9086452722549438,-0.09785890579223633,-0.3861786723136902,0.13241226971149445,0.9076104760169983,-0.09785890579223633,-0.3861786723136902,0.13241226971149445,0.9076104760169983,0.006571320816874504,0.0391329750418663,0.032125070691108704,0.9986958503723145
-0.06399762779474258,0.046075059473514555,0.7862501740455627,0.007253669667989016,0.03826220706105232,0.03348785266280174,0.9986801743507385,-0.41342782378196713,-0.11785127818584441,-0.12542909085750578,0.6533637285232543,-0.2825607895851135,0.042803575098514554,-0.4727212071418762,-0.09035907238721848,0.21174502372741696,0.5597511887550354,-0.29469393491744994,0.08603404462337494,0.0,0.03198393881320953,0.2780596077442169,-0.19570103287696838,-0.7036486029624939,-0.10905009657144546,0.11748710572719573,-0.2739571869373322,-0.023069249093532553,-1.0038377046585083,0.0134258383885026,0.0,-0.4448039591312409,0.39562869668006895,-0.3622004687786102,0.07695282101631165,-0.10533141493797307,0.11167314797639841,-1.6980086088180542,-0.3739393830299378,-0.9734203338623046,3.4244643688201903,-0.6878297328948973,0.10995169728994371,-1.8752504348754881,-0.12266183495521543,1.6038517951965332,2.3534040451049805,-0.5977701425552367,0.21976746320724494,0.0,0.016867651417851466,0.35672590732574455,0.9865056037902832,-0.15381537526845934,-0.17406229823827746,0.5084427297115326,-0.26280371546745296,-1.0429734945297242,-0.7641691684722902,-0.15871528089046474,0.0,0.0,0.0,0.007253669667989016,0.03826220706105232,0.03348785266280174,0.9986801743507385,0.007253669667989016,0.03826220706105232,0.03348785266280174,0.9986801743507385,0.015789084136486053,-0.16092893481254578,0.08437889814376831,0.9832258224487305,-0.04213885962963104,-0.1656235009431839,0.07473908364772797,0.9824495315551758,-0.031590379774570465,-0.16792865097522736,0.013033508323132992,0.9852067232131958,-0.03403906524181366,0.15711036324501038,0.002280393149703741,0.9869915843009949,-0.033397872000932693,0.01656520366668701,0.007033690810203552,0.9992800951004028,-0.012005521915853024,0.0167099516838789,0.006674668751657009,0.9997660517692566,-0.012005521915853024,0.0167099516838789,0.006674668751657009,0.9997660517692566,0.012326071970164776,-0.1882471740245819,-0.02962062507867813,0.9815975427627563,-0.03201677277684212,-0.18671418726444244,-0.03810590133070946,0.9811528325080872,-0.05167877674102783,-0.18226827681064606,0.06576839834451675,0.9796846508979797,-0.06790019571781158,0.09543859958648682,0.04884593188762665,0.9919148683547974,-0.0599706806242466,-0.0512201227247715,0.05830827355384827,0.9951784610748291,-0.01711896061897278,-0.048662472516298294,0.060456763952970505,0.9968369603157043,-0.01711896061897278,-0.048662472516298294,0.060456763952970505,0.9968369603157043,0.007253669667989016,0.03826220706105232,0.03348785266280174,0.9986801743507385,0.006756920367479324,0.05418870598077774,0.03460206091403961,0.9979081153869629,0.1449839472770691,0.058466702699661255,0.026758017018437386,0.9873425960540771,0.13843168318271637,0.07835765182971954,-0.06875325739383698,0.9848703742027283,0.10368911921977997,-0.26210683584213257,-0.13339842855930328,0.9501333236694336,0.1290299892425537,-0.25455808639526367,-0.18025153875350952,0.9413080811500549,0.1290299892425537,-0.25455808639526367,-0.18025153875350952,0.9413080811500549,0.005132661201059818,0.09673939645290375,0.030174601823091507,0.9948390126228333,-0.13076046109199524,0.09170836210250854,0.043108999729156494,0.9862214922904968,-0.13179077208042145,0.08946897834539413,0.031851865351200104,0.9867178201675415,-0.09883491694927216,-0.3914053440093994,0.12113447487354279,0.9068405032157898,-0.1027522012591362,-0.390553742647171,0.12645991146564484,0.9060450792312622,-0.1027522012591362,-0.390553742647171,0.12645991146564484,0.9060450792312622,0.007253669667989016,0.03826220706105232,0.03348785266280174,0.9986801743507385
-0.07148844972252846,0.05412417426705361,0.7771632075309753,0.007890571840107441,0.038383547216653824,0.035903703421354294,0.9985867738723755,-0.4510883450508118,-0.12178079932928086,-0.14626597911119463,0.7245866417884828,-0.30134910941123966,0.044625099003314975,-0.512918096780777,-0.09362567663192749,0.2390228658914566,0.6110944986343384,-0.30979750752449037,0.08782198280096054,0.0,0.031580458581447604,0.28849619030952456,-0.17632175981998444,-0.7056206703186035,-0.11147810369729996,0.1271364063024521,-0.281090235710144,-0.04092865847051144,-1.00855553150177,0.008643415570259091,0.0,-0.3921067953109741,0.4007489621639252,-0.4313113391399384,0.07362166941165924,-0.016690871119499157,0.20734108835458762,-1.8367716550827027,-0.24084187746047966,-1.024738359451294,3.5269752502441407,-0.8765193819999696,0.09579506516456604,-1.9761958360671998,-0.15316310673952105,1.423882007598877,2.5137250423431396,-0.7158264636993409,0.12198953628540035,0.0,-0.010913594439625751,0.4805533230304719,0.9733491182327271,-0.11240636408329008,-0.13456583619117735,0.4889594316482544,-0.33319023549556737,-0.9304712057113647,-0.3679607987403868,-0.21901966333389286,0.0,0.0,0.0,0.007890571840107441,0.038383547216653824,0.035903703421354294,0.9985867738723755,0.007890571840107441,0.038383547216653824,0.035903703421354294,0.9985867738723755,0.017686448991298676,-0.1787581741809845,0.09108026325702667,0.979508638381958,-0.04194889962673187,-0.183974027633667,0.08001753687858582,0.9787701368331909,-0.028308900073170662,-0.18653668463230133,0.008302424103021622,0.9820049405097961,-0.029352104291319847,0.1736164391040802,-0.002194989938288927,0.9843733906745911,-0.02936823107302189,0.02388935163617134,0.0022188923321664333,0.9992806315422058,-0.007066326215863228,0.023930933326482773,0.0016824364429339767,0.9996872544288635,-0.007066326215863228,0.023930933326482773,0.0016824364429339767,0.9996872544288635,0.013927912339568138,-0.20701807737350464,-0.032772548496723175,0.9776888489723206,-0.03183615952730179,-0.20525455474853516,-0.04243766516447067,0.9772698283195496,-0.05619102716445923,-0.19997701048851013,0.07435919344425201,0.9753575921058655,-0.07602010667324066,0.10267794132232666,0.05392317846417427,0.9903385639190674,-0.06676807999610901,-0.05133800953626633,0.06502873450517654,0.9943227171897888,-0.02305622771382332,-0.048431169241666794,0.06721939146518707,0.9962953329086304,-0.02305622771382332,-0.048431169241666794,0.06721939146518707,0.9962953329086304,0.007890571840107441,0.038383547216653824,0.035903703421354294,0.9985867738723755,0.007362074218690395,0.05410709232091904,0.03701355308294296,0.9978217482566833,0.15072062611579895,0.05887141823768616,0.02885075844824314,0.9864000082015991,0.14480851590633392,0.07731804996728897,-0.05711111053824425,0.9847795963287354,0.11359301954507828,-0.26385170221328735,-0.12483297288417816,0.9496817588806152,0.13953842222690582,-0.2554849088191986,-0.17265741527080536,0.940981388092041,0.13953842222690582,-0.2554849088191986,-0.17265741527080536,0.940981388092041,0.0054399725049734116,0.10164780169725418,0.032349325716495514,0.9942795038223267,-0.13389433920383453,0.09610941261053085,0.046276677399873734,0.9852379560470581,-0.1357840597629547,0.09207510203123093,0.026322051882743835,0.9860994219779968,-0.10469621419906616,-0.39081695675849915,0.11856746673583984,0.9067757725715637,-0.10721560567617416,-0.39024585485458374,0.12199533730745316,0.9062726497650146,-0.10721560567617416,-0.39024585485458374,0.12199533730745316,0.9062726497650146,0.007890571840107441,0.038383547216653824,0.035903703421354294,0.9985867738723755
-0.07786384075880051,0.06339384466409685,0.7664291024208069,0.0077048297971487045,0.03875305503606796,0.03866991400718689,0.998470664024353,-0.49356358647346504,-0.12405913174152375,-0.16702232062816624,0.8020183801651002,-0.3223841905593872,0.046123653650283813,-0.556756603717804,-0.09684099704027177,0.26476856470108034,0.6705306172370912,-0.32682704925537115,0.09003270566463471,0.0,0.028912350535392754,0.30180539488792424,-0.15877649784088133,-0.7055798649787903,-0.11112475842237472,0.13743246495723727,-0.2913775503635407,-0.056646665930748005,-1.0136656999588012,0.004928863607347006,0.0,-0.3410781443119048,0.43907238841056834,-0.5037624418735506,0.023495993018150203,0.025794475898146662,0.2622886538505555,-2.0274675607681276,-0.14694038331508624,-1.0394279479980468,3.7474102497100836,-1.006818771362305,0.08138711303472516,-2.1190928459167484,-0.16179168224334717,1.3179277420043944,2.8099495887756354,-0.8129576444625856,0.10208044201135638,0.0,-0.08811283819377438,0.6080077648162844,0.9139432907104491,-0.038217185437679144,-0.03795978277921655,0.5018677532672883,-0.4512803733348849,-0.8287283897399901,-0.2476615816354752,-0.2070850044488906,0.0,0.0,0.0,0.0077048297971487045,0.03875305503606796,0.03866991400718689,0.998470664024353,0.0077048297971487045,0.03875305503606796,0.03866991400718689,0.998470664024353,0.01909148134291172,-0.19850647449493408,0.09880644083023071,0.9749195575714111,-0.04137783497571945,-0.2042529582977295,0.08630076050758362,0.9742282629013062,-0.02404949814081192,-0.20696628093719482,0.004766392521560192,0.9780408143997192,-0.023966336622834206,0.19123241305351257,-0.00484809372574091,0.9812402725219727,-0.02445002645254135,0.03126836568117142,-0.0009783341083675623,0.9992114901542664,-0.0014020329108461738,0.031236428767442703,-0.0017023959662765265,0.9995096921920776,-0.0014020329108461738,0.031236428767442703,-0.0017023959662765265,0.9995096921920776,0.014958184212446213,-0.2272162139415741,-0.03588051348924637,0.973068118095398,-0.032152023166418076,-0.22520868480205536,-0.04685807228088379,0.9726518392562866,-0.06176483631134033,-0.21895712614059448,0.08189959079027176,0.9703274369239807,-0.08533269166946411,0.11247099936008453,0.05682244896888733,0.9883521795272827,-0.07492586970329285,-0.04981374740600586,0.06999990344047546,0.9934811592102051,-0.030142324045300484,-0.04660966992378235,0.07216811925172806,0.9958467483520508,-0.030142324045300484,-0.04660966992378235,0.07216811925172806,0.9958467483520508,0.0077048297971487045,0.03875305503606796,0.03866991400718689,0.998470664024353,0.00718496460467577,0.05314716696739197,0.03968410938978195,0.9977719783782959,0.157098650932312,0.05852334946393967,0.031248081475496292,0.9853519797325134,0.15181860327720642,0.07564515620470047,-0.04606498032808304,0.9844323396682739,0.12401296198368073,-0.26514214277267456,-0.1168670505285263,0.9490324258804321,0.149895578622818,-0.25615817308425903,-0.16446825861930847,0.9406724572181702,0.149895578622818,-0.25615817308425903,-0.16446825861930847,0.9406724572181702,0.004859323613345623,0.10711611807346344,0.03479912877082825,0.9936255216598511,-0.13943792879581451,0.10091641545295715,0.05000215768814087,0.983805239200592,-0.14216452836990356,0.0951504334807396,0.022433334961533546,0.9850038290023804,-0.11182419955730438,-0.38969117403030396,0.118646040558815,0.906399130821228,-0.11325860023498535,-0.38935112953186035,0.12059957534074783,0.9061092734336853,-0.11325860023498535,-0.38935112953186035,0.12059957534074783,0.9061092734336853,0.0077048297971487045,0.03875305503606796,0.03866991400718689,0.998470664024353
-0.08368151634931564,0.07327379286289215,0.7548714280128479,0.007107721175998449,0.03924642130732536,0.04161107912659645,0.99833744764328,-0.5384461879730225,-0.12551186978816986,-0.18773838877677917,0.8825545310974121,-0.34454265236854553,0.04746072366833687,-0.602415919303894,-0.10003067553043365,0.2897481918334961,0.7340131402015686,-0.344819575548172,0.09245482087135315,0.0,0.025111928582191467,0.3165509104728699,-0.1421482414007187,-0.7045326232910156,-0.10938073694705963,0.1480519026517868,-0.3032419979572296,-0.07129397243261337,-1.0189720392227173,0.0017482470721006393,0.0,-0.29088374972343445,0.49399739503860474,-0.5778836607933044,-0.050026945769786835,0.045202216133475304,0.29687604308128357,-2.2441298961639404,-0.07263689488172531,-1.0358033180236816,4.0268073081970215,-1.1079230308532715,0.06685350090265274,-2.282965660095215,-0.1594839096069336,1.248981237411499,3.174125909805298,-0.8996262550354004,0.12110575288534164,0.0,-0.19002108089625835,0.7372757196426392,0.8314127922058105,0.05236207693815231,0.0872010663151741,0.530971884727478,-0.5932223200798035,-0.7323653101921082,-0.2653169631958008,-0.15903082489967346,0.0,0.0,0.0,0.007107721175998449,0.03924642130732536,0.04161107912659645,0.99833744764328,0.007107721175998449,0.03924642130732536,0.04161107912659645,0.99833744764328,0.020244158804416656,-0.21914894878864288,0.10701293498277664,0.9695938229560852,-0.040603525936603546,-0.22542884945869446,0.09305840730667114,0.9689547419548035,-0.01929500885307789,-0.22824223339557648,0.0018272326560691,0.9734114408493042,-0.01822707988321781,0.20936070382595062,-0.006588599644601345,0.9776464104652405,-0.019086703658103943,0.03867310658097267,-0.00336657976731658,0.9990639686584473,0.004624594002962112,0.03858233615756035,-0.004283272661268711,0.9992355704307556,0.004624594002962112,0.03858233615756035,-0.004283272661268711,0.9992355704307556,0.015698475763201714,-0.24806340038776398,-0.03895632177591324,0.9678329229354858,-0.032707467675209045,-0.24580559134483337,-0.051309410482645035,0.9674074649810791,-0.0678512454032898,-0.23850864171981812,0.08889063447713852,0.9646804332733154,-0.09522873908281326,0.12352416664361954,0.05862443149089813,0.9860205054283142,-0.08375947177410126,-0.04746580496430397,0.07409242540597916,0.9925934076309204,-0.037801310420036316,-0.04399121552705765,0.07620671391487122,0.9954036474227905,-0.037801310420036316,-0.04399121552705765,0.07620671391487122,0.9954036474227905,0.007107721175998449,0.03924642130732536,0.04161107912659645,0.99833744764328,0.006616679485887289,0.051747750490903854,0.04248393326997757,0.9977341890335083,0.16379229724407196,0.057797059416770935,0.03379666432738304,0.9842202067375183,0.1591317355632782,0.07364928722381592,-0.03531390056014061,0.9838728308677673,0.1346791684627533,-0.2661820948123932,-0.10919137299060822,0.9482013583183289,0.16016240417957306,-0.25668099522590637,-0.15596707165241241,0.9402856826782227,0.16016240417957306,-0.25668099522590637,-0.15596707165241241,0.9402856826782227,0.0038345844950526953,0.11286165565252304,0.03738557547330856,0.9928997159004211,-0.14617770910263062,0.10592010617256165,0.05400338023900986,0.9820879101753235,-0.14973147213459015,0.09845566004514694,0.01936419866979122,0.9836218953132629,-0.11958087235689163,-0.3882810175418854,0.12004262953996658,0.9058300256729126,-0.12008821219205856,-0.38815250992774963,0.12073498219251633,0.9057259559631348,-0.12008821219205856,-0.38815250992774963,0.12073498219251633,0.9057259559631348,0.007107721175998449,0.03924642130732536,0.04161107912659645,0.99833744764328
-0.08910651654005051,0.08585207462310793,0.7411447405815125,0.005350214429199696,0.04165058583021164,0.044082045555114746,0.9981451034545898,-0.5865448474884034,-0.1313221424818039,-0.22460636198520664,0.9549411296844483,-0.3728586256504059,0.0468422956764698,-0.6551484346389771,-0.1010012149810791,0.32116864323616034,0.8025791287422182,-0.3697810709476471,0.09277897030115127,0.0,0.02238863483071327,0.33631498217582706,-0.12547600120306013,-0.7078602075576782,-0.10948447585105896,0.1587324768304825,-0.3191770374774933,-0.08419407457113268,-1.0242870330810547,0.002272841567173601,0.0,-0.27910350561141967,0.5749473929405213,-0.6429540514945985,-0.12538786381483086,0.157102955132723,0.2724067687988281,-2.3406116008758544,-0.20336291640996948,-1.5203604698181157,3.7823207378387447,-1.2926483392715455,0.00818856060504907,-2.495161581039429,-0.09290974736213677,1.4422060012817384,3.326629877090454,-1.1086952924728395,0.05816678404808037,0.0,-0.15770724117755885,0.8878324031829836,0.8327322959899902,-0.07888268902897849,0.031768259406089724,0.5328059792518616,-0.7153400778770448,-0.6799491524696349,-0.2655766010284424,-0.04787449538707722,0.0,0.0,0.0,0.005350214429199696,0.04165058583021164,0.044082045555114746,0.9981451034545898,0.005350214429199696,0.04165058583021164,0.044082045555114746,0.9981451034545898,0.020601121708750725,-0.23924046754837036,0.11539880931377411,0.9638582468032837,-0.04267434775829315,-0.2463102638721466,0.09941279888153076,0.9631341099739075,-0.01454372238367796,-0.24951887130737305,-0.00908372551202774,0.9682181477546692,-0.008555777370929718,0.22331734001636505,-0.014521750621497631,0.9746001958847046,-0.011187881231307983,0.038804445415735245,-0.012758689001202583,0.9991027116775513,0.012213204987347126,0.03849688172340393,-0.013663949444890022,0.9990906715393066,0.012213204987347126,0.03849688172340393,-0.013663949444890022,0.9990906715393066,0.015335723757743835,-0.27032965421676636,-0.043026991188526154,0.9616837501525879,-0.03322674334049225,-0.2678113877773285,-0.05662526190280914,0.9612318277359009,-0.07584240287542343,-0.258994996547699,0.09773612767457962,0.957923412322998,-0.10805720090866089,0.1357187181711197,0.060071952641010284,0.9830032587051392,-0.095130555331707,-0.04729636386036873,0.07900740206241608,0.991196870803833,-0.049063634127378464,-0.043581102043390274,0.08111553639173508,0.9945420026779175,-0.049063634127378464,-0.043581102043390274,0.08111553639173508,0.9945420026779175,0.005350214429199696,0.04165058583021164,0.044082045555114746,0.9981451034545898,0.004888741299510002,0.052795469760894775,0.04484216496348381,0.9975861310958862,0.1717807650566101,0.059569306671619415,0.035363681614398956,0.9826964735984802,0.16759082674980164,0.07402801513671875,-0.02553091198205948,0.9827417135238647,0.1458391547203064,-0.26681777834892273,-0.10325167328119278,0.9470366835594177,0.17132969200611115,-0.2566449046134949,-0.14997297525405884,0.9393017292022705,0.17132969200611115,-0.2566449046134949,-0.14997297525405884,0.9393017292022705,0.0016291887732222676,0.1205250695347786,0.03939107805490494,0.9919271469116211,-0.15601526200771332,0.1127181276679039,0.05808255076408386,0.9795818328857422,-0.16048108041286469,0.10343215614557266,0.017312007024884224,0.9814519882202148,-0.1295434981584549,-0.3849261999130249,0.12393297255039215,0.9053678512573242,-0.1301991492509842,-0.38474810123443604,0.12483279407024384,0.9052258133888245,-0.1301991492509842,-0.38474810123443604,0.12483279407024384,0.9052258133888245,0.005350214429199696,0.04165058583021164,0.044082045555114746,0.9981451034545898
-0.09529285430908205,0.09861078709363941,0.7268485307693481,0.0033818944357335567,0.04441414400935173,0.046265482902526855,0.9979356527328491,-0.6389124155044557,-0.13914628326892856,-0.2640289247035981,1.0288078069686892,-0.39995753765106207,0.04363819435238836,-0.7131735920906068,-0.10004674494266509,0.3548529624938966,0.8758746266365053,-0.39252435564994814,0.09336506873369217,0.0,0.01784207969903944,0.3593334674835206,-0.10853979289531704,-0.7104101419448853,-0.11320165395736696,0.16936845779418946,-0.3380851686000825,-0.09694504141807558,-1.030378556251526,0.005766914878040573,0.0,-0.29409013390541094,0.634326982498169,-0.7034199833869935,-0.18997902870178232,0.2527599394321443,0.23955831825733173,-2.5329999923706064,-0.3509296417236332,-1.9200362682342536,3.6637320518493657,-1.37928671836853,-0.10849159173667482,-2.7954048156738294,0.009223309904337312,1.6389385461807255,3.570184516906739,-1.1815283417701716,0.024065940827131323,0.0,-0.19086251556873357,1.0858359336853034,0.8415310025215149,-0.14304970502853379,-0.11359012676402999,0.5326909065246582,-0.8859446525573736,-0.6405309915542602,-0.28904556632041944,0.11531408689916194,0.0,0.0,0.0,0.0033818944357335567,0.04441414400935173,0.046265482902526855,0.9979356527328491,0.0033818944357335567,0.04441414400935173,0.046265482902526855,0.9979356527328491,0.02089652046561241,-0.26082414388656616,0.12402965873479843,0.957157552242279,-0.04567136615514755,-0.26883500814437866,0.10553143173456192,0.9562975168228149,-0.009625648148357868,-0.2725016474723816,-0.021189138293266296,0.9618736505508423,0.002211254555732012,0.23601661622524261,-0.02296878583729267,0.9714750051498413,-0.0024608587846159935,0.038332678377628326,-0.023007674142718315,0.9989970326423645,0.019335677847266197,0.03784303739666939,-0.02384152263402939,0.9988120794296265,0.019335677847266197,0.03784303739666939,-0.02384152263402939,0.9988120794296265,0.014777918346226215,-0.29456827044487,-0.04791884124279022,0.9543138742446899,-0.032968658953905106,-0.2918117344379425,-0.0625581294298172,0.9538581967353821,-0.08418583869934082,-0.28136128187179565,0.10670207440853119,0.9499281048774719,-0.12150660157203674,0.1479984074831009,0.06067625433206558,0.9796178340911865,-0.10732787847518921,-0.04586532711982727,0.08326059579849243,0.9896689653396606,-0.06102750077843666,-0.04192914068698883,0.08530893921852112,0.9935994744300842,-0.06102750077843666,-0.04192914068698883,0.08530893921852112,0.9935994744300842,0.0033818944357335567,0.04441414400935173,0.046265482902526855,0.9979356527328491,0.002997199771925807,0.053295254707336426,0.046856820583343506,0.9974743723869324,0.18119901418685913,0.06081913039088249,0.03658031299710274,0.9808822274208069,0.17751939594745636,0.07383397221565247,-0.015969546511769295,0.9812138080596924,0.15835332870483398,-0.2674559950828552,-0.09795356541872025,0.9454081058502197,0.18467694520950317,-0.25613933801651,-0.146114781498909,0.9375166893005371,0.18467694520950317,-0.25613933801651,-0.146114781498909,0.9375166893005371,-0.0007754540420137346,0.12851430475711823,0.0410795733332634,0.9908561110496521,-0.1674579679965973,0.11975906789302826,0.06216207146644592,0.9766020178794861,-0.1728794127702713,0.10850708186626434,0.015384377911686897,0.9788269996643066,-0.14081895351409912,-0.3815576732158661,0.1288469135761261,0.9044237732887268,-0.14247138798236847,-0.3810650110244751,0.1311267614364624,0.9040449857711792,-0.14247138798236847,-0.3810650110244751,0.1311267614364624,0.9040449857711792,0.0033818944357335567,0.04441414400935173,0.046265482902526855,0.9979356527328491
-0.10300186723470689,0.11173036098480225,0.7114132761955261,0.0009920491138473153,0.04789689555764198,0.04787431284785271,0.9977038502693176,-0.6998178005218506,-0.15099816024303436,-0.30856066644191743,1.1056346416473388,-0.4246223270893097,0.035262746363878245,-0.7817840337753297,-0.0952422559261322,0.39306501746177674,0.9586291432380677,-0.41083121895790103,0.0944750651717186,0.0,0.009649001806974407,0.3888607800006867,-0.09107564836740492,-0.7114047765731811,-0.12414571046829224,0.17991525232791902,-0.3629394829273224,-0.1093977376818657,-1.0380231380462646,0.015199945587664849,0.0,-0.3626105070114136,0.650565755367279,-0.7546769976615906,-0.23303070962429048,0.3159294217824936,0.18995151519775388,-2.9172017574310303,-0.5321777522563935,-2.149949359893799,3.7969391345977783,-1.269751238822937,-0.34120217375457296,-3.2717426776885987,0.18247414603829393,1.842686653137207,3.9958405017852785,-0.9818894147872923,0.04764134883880616,0.0,-0.35495602190494546,1.3787331581115725,0.8652881145477295,-0.07306122481822963,-0.4387996728532018,0.528677499294281,-1.153522861003876,-0.6271088242530822,-0.35893318653106693,0.3825671579688789,0.0,0.0,0.0,0.0009920491138473153,0.04789689555764198,0.04787431284785271,0.9977038502693176,0.0009920491138473153,0.04789689555764198,0.04787431284785271,0.9977038502693176,0.021075565367937088,-0.28545764088630676,0.13318338990211487,0.9488582015037537,-0.050532303750514984,-0.29470962285995483,0.11120634526014328,0.9477477073669434,-0.004383939318358898,-0.2989659607410431,-0.03567524626851082,0.9535865187644958,0.015162697061896324,0.24627560377120972,-0.03244558349251747,0.9685378670692444,0.007919557392597198,0.03665803745388985,-0.03496900945901871,0.9986844658851624,0.025526147335767746,0.036057278513908386,-0.03561277687549591,0.9983887076377869,0.025526147335767746,0.036057278513908386,-0.03561277687549591,0.9983887076377869,0.01383506041020155,-0.32281044125556946,-0.05446144938468933,0.9447941780090332,-0.031166095286607742,-0.31985992193222046,-0.06973665952682495,0.9443808197975159,-0.09325475245714188,-0.30756425857543945,0.11593753099441528,0.9398225545883179,-0.1362232267856598,0.16048194468021393,0.05961085855960846,0.9757742881774902,-0.12118590623140335,-0.041916798800230026,0.08619831502437592,0.9879913330078125,-0.07439784705638885,-0.03779895231127739,0.08808018267154694,0.9926117062568665,-0.07439784705638885,-0.03779895231127739,0.08808018267154694,0.9926117062568665,0.0009920491138473153,0.04789689555764198,0.04787431284785271,0.9977038502693176,0.0007785218767821789,0.05269978567957878,0.0481848381459713,0.9974470138549805,0.19347795844078064,0.06102485954761505,0.03709656745195389,0.9785020351409912,0.19040299952030182,0.07250268757343292,-0.006856526248157024,0.9790011048316956,0.17358742654323578,-0.26812589168548584,-0.09395016729831696,0.9429471492767334,0.20238888263702393,-0.2547082304954529,-0.14653706550598145,0.9341784119606018,0.20238888263702393,-0.2547082304954529,-0.14653706550598145,0.9341784119606018,-0.003578297095373273,0.1371615082025528,0.042136214673519135,0.9896455407142639,-0.18211932480335236,0.12729230523109436,0.06624548137187958,0.9727490544319153,-0.18858084082603455,0.1137833520770073,0.013707341626286507,0.9753475189208984,-0.15472231805324554,-0.3781772255897522,0.1358116716146469,0.9025510549545288,-0.1590539515018463,-0.37680357694625854,0.14180323481559753,0.9014504551887512,-0.1590539515018463,-0.37680357694625854,0.14180323481559753,0.9014504551887512,0.0009920491138473153,0.04789689555764198,0.04787431284785271,0.9977038502693176
-0.11170538067817688,0.1237796500325203,0.6953338384628296,-0.0009176910971291363,0.05229198932647705,0.049231015145778656,0.9974172115325928,-0.7638410806655884,-0.16373883783817292,-0.34730930924415593,1.1754915475845338,-0.4467501759529114,0.026531333476305003,-0.8556606411933899,-0.08809499442577362,0.43237253427505495,1.041192090511322,-0.423196142911911,0.10025513023138047,0.0,-6.612120196223831e-05,0.42400190830230716,-0.07649709284305573,-0.7152844905853272,-0.13098052144050598,0.1871996521949768,-0.39129531979560855,-0.11875908374786377,-1.0459848165512085,0.025097510591149334,0.0,-0.41528564095497134,0.6238701343536377,-0.7910881638526917,-0.222033953666687,0.3931542813777924,0.15708027184009551,-3.138805866241455,-0.6192578077316284,-2.0530940532684325,3.6322436332702637,-1.1571311950683594,-0.4294513165950775,-3.588506889343262,0.31050760447978976,1.9434665441513062,4.131978607177734,-0.7370849370956419,0.19560187086462985,0.0,-0.455315238237381,1.6447800159454347,0.7866394877433777,-0.1362841092050076,-0.4239254474639892,0.42946786880493154,-1.3477612972259523,-0.5298942685127257,-0.39174196124076843,0.4855875551700592,0.0,0.0,0.0,-0.0009176910971291363,0.05229198932647705,0.049231015145778656,0.9974172115325928,-0.0009176910971291363,0.05229198932647705,0.049231015145778656,0.9974172115325928,0.021977093070745468,-0.310455322265625,0.14223475754261017,0.9396296739578247,-0.054894957691431046,-0.32107651233673096,0.1162562295794487,0.9382861852645874,0.0017284889472648501,-0.32570376992225647,-0.04750112444162369,0.9442763328552246,0.02787076309323311,0.25253087282180786,-0.03829772770404816,0.9664288759231567,0.018646974116563797,0.03217504173517227,-0.043597765266895294,0.9983567595481873,0.031889140605926514,0.03161328285932541,-0.044036976993083954,0.9980202913284302,0.031889140605926514,0.03161328285932541,-0.044036976993083954,0.9980202913284302,0.013294139876961708,-0.3522537350654602,-0.061910271644592285,0.9337599873542786,-0.02786833606660366,-0.34921038150787354,-0.07727877050638199,0.933436393737793,-0.10251311957836151,-0.3350234627723694,0.12459920346736908,0.9282916188240051,-0.15085259079933167,0.17103926837444305,0.056719377636909485,0.9719938039779663,-0.1355728656053543,-0.036909669637680054,0.08718083798885345,0.9862339496612549,-0.08598536252975464,-0.032494500279426575,0.08890236914157867,0.9917898178100586,-0.08598536252975464,-0.032494500279426575,0.08890236914157867,0.9917898178100586,-0.0009176910971291363,0.05229198932647705,0.049231015145778656,0.9974172115325928,-0.0009129286045208573,0.05225890874862671,0.049233999103307724,0.9974187612533569,0.20898038148880005,0.06145963445305824,0.037136953324079514,0.9752799272537231,0.20639875531196594,0.07165902853012085,0.0003703460097312927,0.9758403897285461,0.19096119701862335,-0.26926231384277344,-0.09318163245916367,0.9393341541290283,0.22131100296974182,-0.25398340821266174,-0.14833420515060425,0.9297908544540405,0.22131100296974182,-0.25398340821266174,-0.14833420515060425,0.9297908544540405,-0.005815401207655668,0.14509525895118713,0.04307353124022484,0.9884625673294067,-0.19785156846046448,0.13393235206604004,0.07053263485431671,0.9684740304946899,-0.20518314838409424,0.11832554638385773,0.013798837549984455,0.9714466333389282,-0.16846033930778503,-0.37531769275665283,0.14489935338497162,0.8998678922653198,-0.1755761206150055,-0.37290340662002563,0.154748797416687,0.8978691697120667,-0.1755761206150055,-0.37290340662002563,0.154748797416687,0.8978691697120667,-0.0009176910971291363,0.05229198932647705,0.049231015145778656,0.9974172115325928
-0.12090614438056946,0.13529379665851593,0.6789323091506958,-0.0025873424019664526,0.05714235082268715,0.0504608191549778,0.9970866441726685,-0.8294233083724976,-0.17692391574382782,-0.3831664025783539,1.241863489151001,-0.46760955452919006,0.01762193813920021,-0.9321703314781189,-0.0797763466835022,0.4722277820110321,1.1236592531204224,-0.4325900971889496,0.10837022960186005,0.0,-0.010542267467826605,0.4619499444961548,-0.06336133182048798,-0.7206067442893982,-0.13576070964336395,0.19285285472869873,-0.4214019179344177,-0.12657475471496582,-1.0541050434112549,0.03522734344005585,0.0,-0.4600381553173065,0.5757073163986206,-0.8200764060020447,-0.1840129792690277,0.4774068295955658,0.1325768083333969,-3.27911114692688,-0.6592538356781006,-1.7928545475006104,3.318596839904785,-1.0429688692092896,-0.4454697370529175,-3.825484275817871,0.4159323573112488,1.9927623271942139,4.123357772827148,-0.4696976840496063,0.4057549498975277,0.0,-0.5238072872161865,1.8974016904830933,0.6567879915237427,-0.26611268147826195,-0.23900938034057623,0.2826601266860962,-1.5053298473358154,-0.39078351855278015,-0.40601131319999695,0.5064916014671326,0.0,0.0,0.0,-0.0025873424019664526,0.05714235082268715,0.0504608191549778,0.9970866441726685,-0.0025873424019664526,0.05714235082268715,0.0504608191549778,0.9970866441726685,0.02323024719953537,-0.3354944586753845,0.15117144584655762,0.9295434355735779,-0.05898261442780495,-0.3475380837917328,0.12094053626060486,0.9279610514640808,0.008272428065538406,-0.35241061449050903,-0.0579683855175972,0.9340117573738098,0.04045388475060463,0.2567732334136963,-0.04233497381210327,0.9646961688995361,0.029545025900006294,0.026285696774721146,-0.05055549368262291,0.9979380369186401,0.03833656758069992,0.025839239358901978,-0.050785131752491,0.9976389408111572,0.03833656758069992,0.025839239358901978,-0.050785131752491,0.9976389408111572,0.012946359813213348,-0.3820689022541046,-0.0697709396481514,0.9214053153991699,-0.02380736730992794,-0.37898269295692444,-0.08495143055915833,0.9211886525154114,-0.11180076748132706,-0.36289840936660767,0.13289569318294525,0.9155020713806152,-0.16541320085525513,0.18060611188411713,0.05290697515010834,0.9681016206741333,-0.15020446479320526,-0.031368840485811234,0.0871739387512207,0.9843044877052307,-0.09667545557022095,-0.026601580902934074,0.08874489367008209,0.9909947514533997,-0.09667545557022095,-0.026601580902934074,0.08874489367008209,0.9909947514533997,-0.0025873424019664526,0.05714235082268715,0.0504608191549778,0.9970866441726685,-0.002340759616345167,0.05189531669020653,0.05014371499419212,0.99739009141922,0.22605064511299133,0.06199640408158302,0.03693185746669769,0.9714389443397522,0.2239038646221161,0.07104387879371643,0.006653066258877516,0.9719956517219543,0.20936131477355957,-0.27057385444641113,-0.09401057660579681,0.934943675994873,0.24078311026096344,-0.25355231761932373,-0.1507837325334549,0.9246615767478943,0.24078311026096344,-0.25355231761932373,-0.1507837325334549,0.9246615767478943,-0.00776939932256937,0.15266840159893036,0.043950095772743225,0.9872691631317139,-0.21408037841320038,0.1401001214981079,0.07490801811218262,0.9638103246688843,-0.222197487950325,0.12247931957244873,0.01477217860519886,0.9671654105186462,-0.18208535015583038,-0.37265545129776,0.1550227701663971,0.8966274261474609,-0.19201551377773285,-0.3690805733203888,0.16878290474414825,0.8935445547103882,-0.19201551377773285,-0.3690805733203888,0.16878290474414825,0.8935445547103882,-0.0025873424019664526,0.05714235082268715,0.0504608191549778,0.9970866441726685
-0.12791069746017455,0.1419860780239105,0.661760413646698,-0.004036099649965763,0.06728025525808334,0.051407959312200546,0.9964007139205933,-0.913569140434265,-0.18026669919490815,-0.3898288130760193,1.3105253934860228,-0.49005737304687497,0.016126892715692523,-1.0195008754730224,-0.07342266738414766,0.4960919857025146,1.1990881919860839,-0.44804359078407285,0.10805921852588654,0.0,-0.023506420105695702,0.4967419147491455,-0.050851994007825876,-0.727931535243988,-0.14202238023281097,0.18798906207084656,-0.4525734961032867,-0.1319963663816452,-1.064399290084839,0.037452846020460125,0.0,-0.39415183663368236,0.4310513496398928,-0.8431873917579651,-0.1878325968980789,0.7955881297588343,0.11516480594873431,-3.8360194206237783,-0.3639850378036504,-0.917014098167421,3.387295722961426,-1.090622067451477,-0.22303925752639808,-4.150109958648681,0.3569833040237428,1.5130310058593759,3.9122111320495607,-0.6514838457107541,0.15297164916992229,0.0,-0.5984474420547484,1.8027197122573855,0.6379953265190125,-0.3261887848377227,-0.2834538578987121,-0.03284972906112621,-1.5372792482376099,-0.31896175742149363,-0.4712319254875182,0.2693617224693302,0.0,0.0,0.0,-0.004036099649965763,0.06728025525808334,0.051407959312200546,0.9964007139205933,-0.004036099649965763,0.06728025525808334,0.051407959312200546,0.9964007139205933,0.026059817522764206,-0.3636587858200073,0.16157753765583038,0.9170419573783875,-0.05657599866390228,-0.37673419713974,0.12815578281879425,0.9156673550605774,0.017524205148220062,-0.38053572177886963,-0.05159454420208931,0.9231595396995544,0.045059822499752045,0.2608293294906616,-0.03012915700674057,0.9638620018959045,0.03648409992456436,0.019219383597373962,-0.040213994681835175,0.9983398914337158,0.044532597064971924,0.01888924650847912,-0.04037099331617355,0.9980131387710571,0.044532597064971924,0.01888924650847912,-0.04037099331617355,0.9980131387710571,0.012183437123894691,-0.41143351793289185,-0.07901386171579361,0.9079267978668213,-0.02117784135043621,-0.4082762897014618,-0.09400003403425217,0.9077588319778442,-0.12098482251167297,-0.3905104994773865,0.13164007663726807,0.9030698537826538,-0.17388439178466797,0.1871567964553833,0.04021180793642998,0.965981125831604,-0.16065272688865662,-0.032109975814819336,0.07788904756307602,0.9834088683128357,-0.10731102526187897,-0.027855925261974335,0.07950939238071442,0.9906497001647949,-0.10731102526187897,-0.027855925261974335,0.07950939238071442,0.9906497001647949,-0.004036099649965763,0.06728025525808334,0.051407959312200546,0.9964007139205933,-0.0034809261560440063,0.05558491498231888,0.050720587372779846,0.9971587657928467,0.24175050854682922,0.06634293496608734,0.035456474870443344,0.9674183130264282,0.23995032906532288,0.07393596321344376,0.011263127438724041,0.9679001569747925,0.22563543915748596,-0.26941606402397156,-0.09633030742406845,0.931248664855957,0.25831297039985657,-0.2504838705062866,-0.15538574755191803,0.9199933409690857,0.25831297039985657,-0.2504838705062866,-0.15538574755191803,0.9199933409690857,-0.009227743372321129,0.1602935492992401,0.044932544231414795,0.986003041267395,-0.2301991581916809,0.14610031247138977,0.07982656359672546,0.9587965607643127,-0.23899011313915253,0.12662991881370544,0.01750827021896839,0.9625705480575562,-0.19432474672794342,-0.37074998021125793,0.16700345277786255,0.8926881551742554,-0.20484234392642975,-0.3667731285095215,0.18154962360858917,0.8891326189041138,-0.20484234392642975,-0.3667731285095215,0.18154962360858917,0.8891326189041138,-0.004036099649965763,0.06728025525808334,0.051407959312200546,0.9964007139205933
-0.13238518834114074,0.14935521483421324,0.6444387555122375,-0.004935646429657936,0.07842149585485458,0.050546206533908844,0.995625913143158,-1.005987524986267,-0.1845081239938736,-0.39439751505851744,1.3827491998672485,-0.5039283514022828,0.013139419071376328,-1.1120249032974243,-0.06185879409313203,0.5215902686119079,1.277424144744873,-0.45583427548408506,0.10951020270586014,0.0,-0.03894458711147307,0.5342213630676269,-0.03587196245789529,-0.7381971955299378,-0.14991135001182557,0.18024273812770844,-0.49031180143356323,-0.13889175057411193,-1.0743674278259276,0.03932769373059273,0.0,-0.2743257641792299,0.35491970181465143,-0.8630875945091248,-0.1687484204769135,1.0691855907440184,-0.006998451054096036,-4.455468082427978,-0.1940983951091766,-0.27030924558639535,3.539952039718628,-0.8650856733322148,-0.11952510923147194,-4.5223315238952635,0.47398974895477264,1.2422324895858763,3.858657169342041,-0.5427903771400455,0.037309301830828104,0.0,-0.7224279880523681,1.820222759246826,0.6995876908302305,-0.4544655919075011,-0.36190247535705555,-0.3296655505895613,-1.7555806636810298,-0.31529375314712516,-0.5049290597438812,0.10075547620654107,0.0,0.0,0.0,-0.004935646429657936,0.07842149585485458,0.050546206533908844,0.995625913143158,-0.004935646429657936,0.07842149585485458,0.050546206533908844,0.995625913143158,0.02896365150809288,-0.3942699730396271,0.17078912258148193,0.9025206565856934,-0.05427941679954529,-0.40833187103271484,0.1336926966905594,0.9013574123382568,0.02677723951637745,-0.41105183959007263,-0.045493725687265396,0.9100822806358337,0.04942060261964798,0.26360583305358887,-0.017902886494994164,0.9631972312927246,0.04338889941573143,0.015150928869843483,-0.029653532430529594,0.9985033273696899,0.04994747042655945,0.014941084198653698,-0.0297495536506176,0.9981969594955444,0.04994747042655945,0.014941084198653698,-0.0297495536506176,0.9981969594955444,0.010710826143622398,-0.4416804909706116,-0.090477854013443,0.8925341963768005,-0.016984477639198303,-0.4387393593788147,-0.10393364727497101,0.892422080039978,-0.12974204123020172,-0.41946882009506226,0.12958526611328125,0.8890560269355774,-0.18116001784801483,0.19324344396591187,0.026599427685141563,0.963914155960083,-0.1704440414905548,-0.029550574719905853,0.06683146208524704,0.9826542139053345,-0.11640889942646027,-0.025865212082862854,0.06833875179290771,0.9905099868774414,-0.11640889942646027,-0.025865212082862854,0.06833875179290771,0.9905099868774414,-0.004935646429657936,0.07842149585485458,0.050546206533908844,0.995625913143158,-0.004072105977684259,0.05905208736658096,0.049412306398153305,0.9970229268074036,0.25923389196395874,0.06994640827178955,0.03205913305282593,0.9627447724342346,0.2579059600830078,0.07556633651256561,0.015080934390425682,0.9630922675132751,0.24328714609146118,-0.2704405188560486,-0.1006183996796608,0.9260395169258118,0.27772265672683716,-0.24921317398548126,-0.16242961585521698,0.9134438633918762,0.27772265672683716,-0.24921317398548126,-0.16242961585521698,0.9134438633918762,-0.009909388609230518,0.1675034761428833,0.04426766559481621,0.9848272800445557,-0.24862533807754517,0.15177302062511444,0.08367787301540375,0.9529683589935303,-0.2581791281700134,0.1299867182970047,0.018581951037049294,0.95713210105896,-0.20945972204208374,-0.3688496947288513,0.17879608273506165,0.8877547979354858,-0.22045572102069855,-0.3644360899925232,0.19396178424358368,0.8837220668792725,-0.22045572102069855,-0.3644360899925232,0.19396178424358368,0.8837220668792725,-0.004935646429657936,0.07842149585485458,0.050546206533908844,0.995625913143158
-0.1317995548248291,0.1580780625343323,0.6268175721168519,-0.0047368248924613,0.09157060831785202,0.04606933146715164,0.9947211146354675,-1.1149510145187378,-0.19054683148860932,-0.39477880001068116,1.4620968103408813,-0.5006456494331359,0.007167088985443113,-1.2149358987808228,-0.03987453281879424,0.5503567099571228,1.361574125289917,-0.44829934239387514,0.11448517739772797,0.0,-0.05933078378438951,0.5770757675170899,-0.015950543433427798,-0.7543445944786071,-0.16105491816997528,0.1667313516139984,-0.5411835610866547,-0.1487346798181534,-1.0836833477020265,0.04050123170018196,0.0,-0.04662018418312064,0.41583669185638433,-0.8765662312507629,-0.1038566559553146,1.2536152839660646,-0.3386642172932627,-5.199997520446778,-0.27497610747814183,-0.08187549710273734,3.860523223876953,-0.09317009449005087,-0.25384364575147633,-4.989744853973389,0.9429071903228762,1.3892995834350588,4.120288562774658,0.14686235189437902,0.19588886592537175,0.0,-0.9450893163681031,2.062095856666565,0.9219501137733461,-0.7191438138484956,-0.5083594024181367,-0.5890933483839036,-2.346586108207703,-0.4479332625865937,-0.4755792379379272,0.06919654011726378,0.0,0.0,0.0,-0.0047368248924613,0.09157060831785202,0.04606933146715164,0.9947211146354675,-0.0047368248924613,0.09157060831785202,0.04606933146715164,0.9947211146354675,0.03202906996011734,-0.42997196316719055,0.177706778049469,0.8846008777618408,-0.05224379524588585,-0.44493186473846436,0.1359494924545288,0.8836424946784973,0.03602930158376694,-0.4465368092060089,-0.03998013585805893,0.8931451439857483,0.0532994382083416,0.2638753354549408,-0.005643853452056646,0.963066577911377,0.05023223161697388,0.017083249986171722,-0.018666168674826622,0.9984170794487,0.053809504956007004,0.01700153388082981,-0.018724441528320312,0.9982309937477112,0.053809504956007004,0.01700153388082981,-0.018724441528320312,0.9982309937477112,0.007830891758203506,-0.4739682972431183,-0.10642766952514648,0.8740513920783997,-0.009687144309282303,-0.4718192219734192,-0.11569666862487793,0.8740177750587463,-0.1377263367176056,-0.45137879252433777,0.12603506445884705,0.8725846409797668,-0.18608979880809784,0.1984512060880661,0.01116754487156868,0.9622177481651306,-0.1789313107728958,-0.02039382979273796,0.05223871022462845,0.982262134552002,-0.12244057655334473,-0.017388280481100082,0.053310174494981766,0.990890622138977,-0.12244057655334473,-0.017388280481100082,0.053310174494981766,0.990890622138977,-0.0047368248924613,0.09157060831785202,0.04606933146715164,0.9947211146354675,-0.003565304446965456,0.062074415385723114,0.04433388635516167,0.9970800876617432,0.2803036570549011,0.07206973433494568,0.02482386864721775,0.9568800926208496,0.279710054397583,0.07468460500240326,0.017314305528998375,0.9570186138153076,0.2637045085430145,-0.2758524417877197,-0.10884926468133926,0.9178873300552368,0.30089685320854187,-0.25155696272850037,-0.17436321079730988,0.903204083442688,0.30089685320854187,-0.25155696272850037,-0.17436321079730988,0.903204083442688,-0.009038212709128857,0.17389315366744995,0.04031115025281906,0.9838976860046387,-0.2716938257217407,0.15681180357933044,0.08540591597557068,0.9456735849380493,-0.2821791470050812,0.13176974654197693,0.01633257418870926,0.9501289129257202,-0.23039798438549042,-0.36700087785720825,0.19022399187088013,0.8809325695037842,-0.24166467785835266,-0.3620988130569458,0.20568592846393585,0.8764565587043762,-0.24166467785835266,-0.3620988130569458,0.20568592846393585,0.8764565587043762,-0.0047368248924613,0.09157060831785202,0.04606933146715164,0.9947211146354675
-0.13066415190696717,0.1604117453098297,0.6085323929786682,-0.002504821866750717,0.10754190385341644,0.04216909036040306,0.9933027029037476,-1.2426285505294798,-0.19021667540073395,-0.37790481448173524,1.5443612337112427,-0.4964215636253357,0.013959195278584942,-1.3233841657638548,-0.008560922741889992,0.5724276661872864,1.4473788738250732,-0.4486603677272797,0.11873306483030319,0.0,-0.0783916890621185,0.6242527246475219,-0.0011325888335704942,-0.7737766861915588,-0.16969742774963378,0.14488773941993716,-0.6012788891792297,-0.1524660885334015,-1.0985375881195067,0.04367327019572258,0.0,0.04577475599944589,0.24446741938591035,-0.9009789824485779,0.03471228480339031,1.4919865131378172,-0.4259219646453858,-6.009595394134521,-0.11086946129798919,0.49859379716217433,4.054884767532348,0.1923765987157821,0.08431659340858394,-5.311667537689209,1.379093432426452,1.2374574184417728,4.257141971588135,0.13986789584159892,0.22693610191345218,0.0,-0.9795510292053223,2.2723967552185056,0.8429669976234438,-0.9059106945991514,-0.48214662075042736,-0.9255360603332515,-2.8202949047088617,-0.30880082845687895,-0.6319455683231351,0.1186319075524806,0.0,0.0,0.0,-0.002504821866750717,0.10754190385341644,0.04216909036040306,0.9933027029037476,-0.002504821866750717,0.10754190385341644,0.04216909036040306,0.9933027029037476,0.03779471665620804,-0.4707370698451996,0.1851624995470047,0.8617963790893555,-0.044246017932891846,-0.48619112372398376,0.1396736055612564,0.8614823818206787,0.04751862958073616,-0.48600876331329346,-0.024825826287269592,0.8723080158233643,0.05065430328249931,0.2604418098926544,0.01520459819585085,0.9640400409698486,0.05279647558927536,0.015624304302036762,0.00229503121227026,0.9984803795814514,0.05976364016532898,0.015754014253616333,0.0021989168599247932,0.9980858564376831,0.05976364016532898,0.015754014253616333,0.0021989168599247932,0.9980858564376831,0.005638669710606337,-0.5051185488700867,-0.12313208729028702,0.8542026281356812,0.0017338483594357967,-0.504753589630127,-0.12491840124130249,0.8541758060455322,-0.14104539155960083,-0.48468324542045593,0.12119365483522415,0.8546931743621826,-0.18560752272605896,0.20276084542274475,-0.00248540542088449,0.9614737033843994,-0.1815270185470581,-0.01620347611606121,0.038865186274051666,0.982483983039856,-0.1229141354560852,-0.013885625638067722,0.0397568941116333,0.9915234446525574,-0.1229141354560852,-0.013885625638067722,0.0397568941116333,0.9915234446525574,-0.002504821866750717,0.10754190385341644,0.04216909036040306,0.9933027029037476,-0.0011478528613224626,0.06860700249671936,0.03976821154356003,0.9968501925468445,0.30501997470855713,0.07739973068237305,0.016672082245349884,0.9490490555763245,0.30499109625816345,0.07749749720096588,0.01610237918794155,0.9490602016448975,0.28560003638267517,-0.2783352732658386,-0.12250546365976334,0.908820390701294,0.3247649371623993,-0.2511749863624573,-0.1905517876148224,0.891700029373169,0.3247649371623993,-0.2511749863624573,-0.1905517876148224,0.891700029373169,-0.0060521322302520275,0.17899921536445618,0.03732631355524063,0.9831222295761108,-0.2968958020210266,0.15992388129234314,0.08875855803489685,0.9372295141220093,-0.30776458978652954,0.13240492343902588,0.018685081973671913,0.9420194625854492,-0.2496539205312729,-0.3677785098552704,0.2074742615222931,0.8714162111282349,-0.2617996633052826,-0.362168550491333,0.223899245262146,0.8661201000213623,-0.2617996633052826,-0.362168550491333,0.223899245262146,0.8661201000213623,-0.002504821866750717,0.10754190385341644,0.04216909036040306,0.9933027029037476
-0.12925386428833008,0.15955084562301636,0.5899152159690857,0.0007440499030053616,0.12490006536245346,0.03854877129197121,0.9914199113845825,-1.379663109779358,-0.18670208752155304,-0.3524031937122345,1.6280840635299683,-0.4917267858982086,0.027133519761264324,-1.434601068496704,0.027417361736297607,0.5911508798599243,1.5340110063552856,-0.45296937227249146,0.12261740863323212,0.0,-0.09678994864225388,0.6735909581184387,0.011133633553981781,-0.7948511242866516,-0.1770894080400467,0.11887801438570023,-0.6659860014915466,-0.15314173698425293,-1.1161609888076782,0.04784455895423889,0.0,0.0705143790692091,-0.043044984340667725,-0.9308587908744812,0.2101198136806488,1.7573285102844238,-0.3909757137298584,-6.851727485656738,0.17572936415672302,1.2750808615237474,4.186141490936279,0.23473887145519257,0.658716231584549,-5.560844898223877,1.7989140748977661,0.9361606240272522,4.331606388092041,-0.2154501974582672,0.19421717524528503,0.0,-0.9199129343032837,2.466911554336548,0.6133111119270325,-1.0537219047546387,-0.36959898471832275,-1.3004862070083618,-3.2353553771972656,-0.03378242254257202,-0.8811699748039246,0.2085644267499447,0.0,0.0,0.0,0.0007440499030053616,0.12490006536245346,0.03854877129197121,0.9914199113845825,0.0007440499030053616,0.12490006536245346,0.03854877129197121,0.9914199113845825,0.044843532145023346,-0.5132283568382263,0.19257833063602448,0.8351642489433289,-0.03320198506116867,-0.5289450287818909,0.14389899373054504,0.8357080221176147,0.060031525790691376,-0.5265751481056213,-0.004821356851607561,0.8479926586151123,0.04472101479768753,0.2550203204154968,0.040336839854717255,0.9650583267211914,0.05319388210773468,0.01246198546141386,0.028238991275429726,0.9981070160865784,0.06672964990139008,0.012843938544392586,0.0280673298984766,0.9972935318946838,0.06672964990139008,0.012843938544392586,0.0280673298984766,0.9972935318946838,0.0037874835543334484,-0.5352569222450256,-0.14009833335876465,0.8329814672470093,0.015205848030745983,-0.5371271371841431,-0.13274772465229034,0.8328512907028198,-0.1419135332107544,-0.5182637572288513,0.11561048775911331,0.8354025483131409,-0.18240824341773987,0.2066088318824768,-0.015246855095028877,0.9611490964889526,-0.18117360770702362,-0.014496858231723309,0.026102911680936813,0.9829977750778198,-0.12060464173555374,-0.012870288453996181,0.026942096650600433,0.992251455783844,-0.12060464173555374,-0.012870288453996181,0.026942096650600433,0.992251455783844,0.0007440499030053616,0.12490006536245346,0.03854877129197121,0.9914199113845825,0.002224944531917572,0.07688971608877182,0.035456202924251556,0.9964064955711365,0.33137673139572144,0.08428694307804108,0.008054914884269238,0.9396916031837463,0.33184269070625305,0.08211605250835419,0.01315967459231615,0.9396617412567139,0.308075487613678,-0.27920445799827576,-0.13880470395088196,0.8988145589828491,0.34876537322998047,-0.24927206337451935,-0.20874103903770447,0.8790070414543152,0.34876537322998047,-0.24927206337451935,-0.20874103903770447,0.8790070414543152,-0.0020085773430764675,0.18346036970615387,0.03482678532600403,0.9824079275131226,-0.32302093505859375,0.16199862957000732,0.0928819477558136,0.9277859926223755,-0.33399611711502075,0.13240650296211243,0.023329410701990128,0.9329366683959961,-0.26793333888053894,-0.3696792423725128,0.22752287983894348,0.8601059913635254,-0.2812316119670868,-0.3632219433784485,0.2452148199081421,0.8537261486053467,-0.2812316119670868,-0.3632219433784485,0.2452148199081421,0.8537261486053467,0.0007440499030053616,0.12490006536245346,0.03854877129197121,0.9914199113845825
-0.12623319625854493,0.16988159716129303,0.570066511631012,0.0047018094919621944,0.14508752524852753,0.03326035290956497,0.9888485670089722,-1.5139609575271609,-0.20956685543060305,-0.333384758234024,1.6936830997467043,-0.5066429257392884,0.03858132287859918,-1.5441680908203126,0.07653365321457392,0.5917837381362915,1.6151663541793824,-0.47186726927757267,0.11701743900775909,0.0,-0.11698402762413027,0.7284350514411927,0.027109589241445083,-0.8214052081108093,-0.17182860374450684,0.0889549687504768,-0.7407052636146546,-0.13667105138301847,-1.1266346216201781,0.044960433244705195,0.0,0.11882578432559973,0.2927045382559303,-0.9678046107292175,0.23327867686748507,1.9325399875640872,-0.4938092827796937,-6.769626140594482,-0.6156512409448632,1.0805853962898253,3.642427539825439,-0.35358861982822487,0.6069205284118652,-5.5113483428955075,2.193054246902466,0.3934499979019159,4.167302989959716,-0.6531169503927235,-0.09031221866607697,0.0,-0.9737874984741212,2.632087278366089,0.7246031165122987,-1.2181112051010135,0.009984517097473555,-1.4178857803344729,-3.5357198715209965,0.48060758113861146,-0.6666769742965696,-0.0030979812145235375,0.0,0.0,0.0,0.0047018094919621944,0.14508752524852753,0.03326035290956497,0.9888485670089722,0.0047018094919621944,0.14508752524852753,0.03326035290956497,0.9888485670089722,0.051103875041007996,-0.5513570308685303,0.19664600491523743,0.809150218963623,-0.033608898520469666,-0.5688954591751099,0.13761001825332642,0.8101184368133545,0.06100073084235191,-0.5666162371635437,0.0011151343351230025,0.8217199444770813,0.039425648748874664,0.24032793939113617,0.046308763325214386,0.9687846899032593,0.049812301993370056,-0.010139305144548416,0.034970544278621674,0.9980947375297546,0.0690540224313736,-0.009435480460524559,0.03524484485387802,0.9969455003738403,0.0690540224313736,-0.009435480460524559,0.03524484485387802,0.9969455003738403,-0.0007878266042098403,-0.5615866184234619,-0.15772868692874908,0.8122447729110718,0.02993839979171753,-0.5673941373825073,-0.13567115366458893,0.8116408586502075,-0.13681744039058685,-0.5514661073684692,0.10688915848731995,0.8159295320510864,-0.17157641053199768,0.20846155285835266,-0.024687612429261208,0.9625465869903564,-0.17266392707824707,-0.02231995016336441,0.016049474477767944,0.9845970869064331,-0.11479392647743225,-0.021325062960386276,0.01731121353805065,0.9930095672607422,-0.11479392647743225,-0.021325062960386276,0.01731121353805065,0.9930095672607422,0.0047018094919621944,0.14508752524852753,0.03326035290956497,0.9888485670089722,0.006055413745343685,0.08716478198766708,0.02927207574248314,0.9957454204559326,0.3603541851043701,0.09170982241630554,-0.003833691356703639,0.9282885193824768,0.3615701198577881,0.0858815610408783,0.008345205336809158,0.9283435344696045,0.331512451171875,-0.2820119261741638,-0.15981918573379517,0.8860173225402832,0.37103819847106934,-0.25150066614151,-0.22639231383800507,0.8647684454917908,0.37103819847106934,-0.25150066614151,-0.22639231383800507,0.8647684454917908,0.002777485642582178,0.18883316218852997,0.030625533312559128,0.9815276265144348,-0.35264140367507935,0.16497215628623962,0.0970449149608612,0.9159752130508423,-0.36264437437057495,0.13678741455078125,0.035833925008773804,0.9211374521255493,-0.28417572379112244,-0.3631150424480438,0.2547057867050171,0.8500099182128906,-0.29651564359664917,-0.35684114694595337,0.2711173892021179,0.8433493375778198,-0.29651564359664917,-0.35684114694595337,0.2711173892021179,0.8433493375778198,0.0047018094919621944,0.14508752524852753,0.03326035290956497,0.9888485670089722
-0.12528284788131713,0.17812709510326385,0.5497924089431763,0.009380367584526539,0.1647786796092987,0.02805701084434986,0.9858866930007935,-1.6427108287811283,-0.23460358381271368,-0.3121942520141601,1.7571140527725222,-0.5204018831253052,0.04359487891197203,-1.6499207973480228,0.12236623764038095,0.5881792187690734,1.6991279840469362,-0.4954494237899781,0.10949646383523938,0.0,-0.13434048593044284,0.7851113915443422,0.0405894033610821,-0.853075933456421,-0.164137926697731,0.05861531496047967,-0.8191669344902041,-0.11899017691612239,-1.132987093925476,0.04246621206402778,0.0,0.0889238029718395,0.4539799451827999,-1.0051971197128298,0.29321949481964144,2.0245462179183957,-0.5636019825935363,-6.54845266342163,-1.2083971261978155,1.0160838365554814,3.2149090766906734,-0.7110914587974546,0.37936270236968866,-5.363921165466308,2.3573032617568965,-0.09547840356826867,4.141955852508546,-1.0854225158691415,-0.3376286387443546,0.0,-0.92457525730133,2.797171831130982,0.7239134907722469,-1.4812033176422128,0.33593639135360764,-1.5086504220962524,-3.8482351303100595,0.8598399162292483,-0.4000468254089347,-0.13250913619995108,0.0,0.0,0.0,0.009380367584526539,0.1647786796092987,0.02805701084434986,0.9858866930007935,0.009380367584526539,0.1647786796092987,0.02805701084434986,0.9858866930007935,0.057302266359329224,-0.5867102146148682,0.19915969669818878,0.7828301191329956,-0.03455386683344841,-0.605961263179779,0.12892362475395203,0.784216582775116,0.059882715344429016,-0.6039575934410095,0.005291772074997425,0.7947461605072021,0.03417585790157318,0.2263312190771103,0.049400411546230316,0.9721963405609131,0.04573321342468262,-0.03140975534915924,0.03896054998040199,0.9976993799209595,0.06746912002563477,-0.030551619827747345,0.039603788405656815,0.9964667558670044,0.06746912002563477,-0.030551619827747345,0.039603788405656815,0.9964667558670044,-0.005292215850204229,-0.5858953595161438,-0.1749660074710846,0.7912556529045105,0.04292374476790428,-0.5955797433853149,-0.13860711455345154,0.7900826334953308,-0.13149039447307587,-0.5824623703956604,0.09641677886247635,0.7963363528251648,-0.15904255211353302,0.21348461508750916,-0.034779537469148636,0.9632861018180847,-0.16280969977378845,-0.029243450611829758,0.005187168717384338,0.9862104058265686,-0.1085992082953453,-0.02888406254351139,0.006764946971088648,0.9936429262161255,-0.1085992082953453,-0.02888406254351139,0.006764946971088648,0.9936429262161255,0.009380367584526539,0.1647786796092987,0.02805701084434986,0.9858866930007935,0.010526511818170547,0.09840571135282516,0.02319493144750595,0.9948203563690186,0.3902844786643982,0.0996612086892128,-0.016348356381058693,0.9151384830474854,0.39220568537712097,0.09050827473402023,0.0016596559435129166,0.9154126048088074,0.3541390597820282,-0.2852611243724823,-0.1843380331993103,0.8713386654853821,0.39197486639022827,-0.2548375725746155,-0.24655377864837646,0.8488962650299072,0.39197486639022827,-0.2548375725746155,-0.24655377864837646,0.8488962650299072,0.008225753903388977,0.19355501234531403,0.02645743079483509,0.9806981682777405,-0.382980614900589,0.16702969372272491,0.10142512619495392,0.9028509259223938,-0.3918457329273224,0.14077593386173248,0.04902485013008118,0.9078742265701294,-0.30097195506095886,-0.35435914993286133,0.2820374667644501,0.8392261266708374,-0.31243574619293213,-0.3482331931591034,0.2973288893699646,0.8322938680648804,-0.31243574619293213,-0.3482331931591034,0.2973288893699646,0.8322938680648804,0.009380367584526539,0.1647786796092987,0.02805701084434986,0.9858866930007935
-0.1284731388092041,0.18220208585262299,0.5286675095558165,0.015500734560191631,0.18353846669197083,0.023042017593979836,0.982620120048523,-1.7603647470474246,-0.26398423314094555,-0.2866596043109893,1.8162088394165041,-0.5318464756011964,0.03573994264006612,-1.748044872283936,0.16163141727447522,0.576099944114685,1.788702178001404,-0.528400093317032,0.09813347756862636,0.0,-0.1460217028856278,0.8454522252082827,0.0490769296884537,-0.8949799418449403,-0.15158750414848324,0.027442444860935104,-0.9051134228706362,-0.09888892471790307,-1.1310972452163697,0.04075179994106292,0.0,-0.09740494787693085,0.26630713939666684,-1.0434830069541932,0.4267242223024373,1.950141954421997,-0.5673129439353943,-6.049134922027586,-1.4038735866546637,1.2115702033042914,3.0197815895080558,-0.6069450378417965,-0.19971942901611528,-5.020632743835448,2.06176996231079,-0.4768423557281507,4.394521236419679,-1.5070056915283216,-0.5105191111564642,0.0,-0.6691894054412832,2.9620740413665776,0.49926060438156056,-1.9417010545730604,0.5546249210834511,-1.5461452007293703,-4.185051918029786,0.9687569141387943,-0.029142379760740966,-0.09741773307323444,0.0,0.0,0.0,0.015500734560191631,0.18353846669197083,0.023042017593979836,0.982620120048523,0.015500734560191631,0.18353846669197083,0.023042017593979836,0.982620120048523,0.06349688023328781,-0.617863118648529,0.19906458258628845,0.7580149173736572,-0.03666014224290848,-0.6386607885360718,0.1158159151673317,0.7598388195037842,0.05475526675581932,-0.6373388767242432,0.005943858064711094,0.7686128616333008,0.029032403603196144,0.21381452679634094,0.0467473566532135,0.9753230810165405,0.040295399725437164,-0.05001676082611084,0.037490107119083405,0.9972307085990906,0.05810990184545517,-0.04933737963438034,0.03834576532244682,0.9963527321815491,0.05810990184545517,-0.04933737963438034,0.03834576532244682,0.9963527321815491,-0.009650638327002525,-0.6070641875267029,-0.19165799021720886,0.7711336612701416,0.05245498567819595,-0.6206347942352295,-0.14181964099407196,0.7693817019462585,-0.12594997882843018,-0.6099767684936523,0.0826452299952507,0.7779682874679565,-0.143112450838089,0.22484803199768066,-0.046169381588697433,0.9627203941345215,-0.15029853582382202,-0.0343693271279335,-0.007286635227501392,0.9880162477493286,-0.10165794938802719,-0.03465354070067406,-0.005606632214039564,0.9941998720169067,-0.10165794938802719,-0.03465354070067406,-0.005606632214039564,0.9941998720169067,0.015500734560191631,0.18353846669197083,0.023042017593979836,0.982620120048523,0.016278445720672607,0.11158474534749985,0.01733614131808281,0.9934704303741455,0.4224034249782562,0.10874102264642715,-0.030099937692284584,0.8993580341339111,0.42489609122276306,0.09691762179136276,-0.0087518859654665,0.8999965190887451,0.3753558397293091,-0.2895994484424591,-0.21594330668449402,0.8535857796669006,0.4105040431022644,-0.2605842351913452,-0.27188700437545776,0.8304575681686401,0.4105040431022644,-0.2605842351913452,-0.27188700437545776,0.8304575681686401,0.01499821338802576,0.1969873160123825,0.022358005866408348,0.9800363779067993,-0.4150334894657135,0.16739964485168457,0.10632068663835526,0.8879303932189941,-0.4224628210067749,0.14410603046417236,0.0636051669716835,0.8925877809524536,-0.3191322386264801,-0.3415888547897339,0.30987995862960815,0.8279167413711548,-0.32986417412757874,-0.3354913294315338,0.32435914874076843,0.8206255435943604,-0.32986417412757874,-0.3354913294315338,0.32435914874076843,0.8206255435943604,0.015500734560191631,0.18353846669197083,0.023042017593979836,0.982620120048523
-0.13481043577194213,0.18761176168918609,0.5070625305175781,0.019773319363594055,0.19944223761558533,0.01949818804860115,0.9795160889625549,-1.878701639175415,-0.2891780257225036,-0.2593736290931702,1.874658179283142,-0.5344535827636718,0.029684286564588554,-1.845875310897827,0.19994931817054745,0.5629740595817566,1.8712851762771605,-0.5401076316833496,0.08822517842054368,0.0,-0.14994029104709625,0.9063858628273009,0.05756840780377387,-0.9378032445907593,-0.14537294209003448,0.004736341908574124,-0.9910030007362365,-0.07440870106220249,-1.131644034385681,0.04165674969553947,0.0,-0.25392470657825456,0.2437900692224502,-1.0706473588943481,0.3826143920421602,1.7512151002883913,-0.4640394330024721,-5.903184795379639,-1.3434266805648805,1.3292721509933472,2.935375690460205,-0.30710502862930344,-0.33876839876174936,-4.897394180297852,1.9348405122756958,-0.6353619694709778,4.268973731994629,-1.0102395057678235,-0.5245086669921876,0.0,-0.3511819362640385,3.034825563430786,0.4244948625564575,-2.122779130935669,0.43744529485702544,-1.3046405076980596,-4.295616912841797,1.1364316940307615,0.021393297612667214,-0.007139748334884774,0.0,0.0,0.0,0.019773319363594055,0.19944223761558533,0.01949818804860115,0.9795160889625549,0.019773319363594055,0.19944223761558533,0.01949818804860115,0.9795160889625549,0.06841673702001572,-0.6501344442367554,0.20060613751411438,0.7296584844589233,-0.03720381110906601,-0.6722350716590881,0.10458669066429138,0.731968104839325,0.04972752928733826,-0.6714069843292236,0.008756744675338268,0.7393667101860046,0.022392679005861282,0.19848553836345673,0.04510492458939552,0.9788092970848083,0.03350735083222389,-0.06702134013175964,0.037586186081171036,0.9964801669120789,0.0482950322329998,-0.06645896285772324,0.038549456745386124,0.9958738684654236,0.0482950322329998,-0.06645896285772324,0.038549456745386124,0.9958738684654236,-0.014416542835533619,-0.6300157308578491,-0.20549531280994415,0.7487616539001465,0.06009233370423317,-0.6474474668502808,-0.141262486577034,0.7464889287948608,-0.12199705839157104,-0.638676643371582,0.07177028059959412,0.7563451528549194,-0.1299532800912857,0.22995278239250183,-0.055319733917713165,0.9628986120223999,-0.14000548422336578,-0.035267122089862823,-0.018648695200681686,0.9893468022346497,-0.09624038636684418,-0.03602101653814316,-0.017072563990950584,0.994559645652771,-0.09624038636684418,-0.03602101653814316,-0.017072563990950584,0.994559645652771,0.019773319363594055,0.19944223761558533,0.01949818804860115,0.9795160889625549,0.02023727260529995,0.12575407326221466,0.013358593918383121,0.9917650818824768,0.4523986577987671,0.11872990429401398,-0.043294500559568405,0.8828160762786865,0.4555501937866211,0.10400710999965668,-0.018788104876875877,0.8839138746261597,0.39351916313171387,-0.2927197515964508,-0.24746528267860413,0.835594892501831,0.42733234167099,-0.26419326663017273,-0.2996346354484558,0.8110537528991699,0.42733234167099,-0.26419326663017273,-0.2996346354484558,0.8110537528991699,0.019684068858623505,0.20175844430923462,0.019375719130039215,0.9790457487106323,-0.44815999269485474,0.16824638843536377,0.11313241720199585,0.8706588745117188,-0.4538530707359314,0.14975237846374512,0.08160102367401123,0.874604344367981,-0.33567479252815247,-0.3263764977455139,0.3413861393928528,0.8150193691253662,-0.3463113307952881,-0.31997254490852356,0.3559664785861969,0.8068295121192932,-0.3463113307952881,-0.31997254490852356,0.3559664785861969,0.8068295121192932,0.019773319363594055,0.19944223761558533,0.01949818804860115,0.9795160889625549
-0.1427212357521057,0.1936887800693512,0.48521751165390015,0.02312002144753933,0.213903546333313,0.016689561307430267,0.9764385223388672,-1.997380018234253,-0.3122783899307251,-0.23121199011802673,1.9327847957611084,-0.5326419472694397,0.024528270587325096,-1.943558931350708,0.23779357969760895,0.5493248701095581,1.950372576713562,-0.5411936044692993,0.07904422283172607,0.0,-0.14997756481170654,0.9676159024238586,0.06606186181306839,-0.9810861945152283,-0.14232631027698517,-0.013736380264163017,-1.0768641233444214,-0.04773899167776108,-1.1334091424942017,0.043871380388736725,0.0,-0.3955399692058563,0.3038508892059326,-1.092250943183899,0.24969728291034698,1.4900269508361816,-0.3072736859321594,-5.933918476104736,-1.1550180912017822,1.4080818891525269,2.9063305854797363,0.09058177471160889,-0.25780078768730164,-4.884180545806885,1.892212986946106,-0.6824594140052795,3.9543697834014893,-0.054298639297485574,-0.45904776453971863,0.0,-0.0018636584281921387,3.0615017414093018,0.4246726930141449,-2.16414737701416,0.15233159065246582,-0.9236360788345337,-4.293056011199951,1.3334853649139404,-0.0882553979754448,0.1107315272092819,0.0,0.0,0.0,0.02312002144753933,0.213903546333313,0.016689561307430267,0.9764385223388672,0.02312002144753933,0.213903546333313,0.016689561307430267,0.9764385223388672,0.07261764258146286,-0.6822023391723633,0.20273786783218384,0.6987302303314209,-0.03692217171192169,-0.705430269241333,0.09418532252311707,0.7015226483345032,0.04469471424818039,-0.7049804925918579,0.0126369409263134,0.7077041864395142,0.015000549145042896,0.18170756101608276,0.04395785927772522,0.9822551012039185,0.026040716096758842,-0.08321214467287064,0.038460250943899155,0.995448887348175,0.038246773183345795,-0.08273421972990036,0.03947785869240761,0.9950546622276306,0.038246773183345795,-0.08273421972990036,0.03947785869240761,0.9950546622276306,-0.019373325631022453,-0.6534052491188049,-0.2177535444498062,0.7247548699378967,0.06673159450292587,-0.6746215224266052,-0.1387113630771637,0.7219362258911133,-0.11874193698167801,-0.6674336194992065,0.06229299679398537,0.7324973344802856,-0.11818241328001022,0.23192645609378815,-0.06334809958934784,0.9634469747543335,-0.1308152973651886,-0.03404868766665459,-0.02945202775299549,0.9903841018676758,-0.09158127009868622,-0.0351858027279377,-0.02808370254933834,0.9947794675827026,-0.09158127009868622,-0.0351858027279377,-0.02808370254933834,0.9947794675827026,0.02312002144753933,0.213903546333313,0.016689561307430267,0.9764385223388672,0.023296693339943886,0.1404021829366684,0.010320602916181087,0.9897665977478027,0.4810163080692291,0.12908890843391418,-0.0561724528670311,0.8653346300125122,0.4848921597003937,0.11136956512928009,-0.02861827053129673,0.8669818043708801,0.4098489284515381,-0.2950119376182556,-0.2787351906299591,0.816883385181427,0.44295984506607056,-0.26652148365974426,-0.32833296060562134,0.7905380129814148,0.44295984506607056,-0.26652148365974426,-0.32833296060562134,0.7905380129814148,0.023326123133301735,0.207195445895195,0.016951784491539,0.9778745174407959,-0.48141899704933167,0.16918742656707764,0.12080120295286179,0.8514801263809204,-0.4851308763027191,0.15639570355415344,0.10120590031147003,0.8543686270713806,-0.35104480385780334,-0.30961257219314575,0.374343603849411,0.8004838824272156,-0.3618590533733368,-0.3027097284793854,0.3894316852092743,0.7910548448562622,-0.3618590533733368,-0.3027097284793854,0.3894316852092743,0.7910548448562622,0.02312002144753933,0.213903546333313,0.016689561307430267,0.9764385223388672
-0.14943157732486725,0.20055470764636993,0.4635835289955139,0.024102896451950073,0.22519254684448242,0.011524788103997707,0.9739479422569275,-2.1021754264831545,-0.3211513876914978,-0.20462039113044736,1.992427682876587,-0.5256484627723694,0.025539762899279596,-2.0235072135925294,0.2648474395275116,0.5581655025482177,2.009310293197632,-0.548346483707428,0.07534190267324448,0.0,-0.13941935300827024,1.035667371749878,0.08832619041204455,-1.01560218334198,-0.1328603297472,-0.022307588532567035,-1.1502419948577882,-0.04300968945026397,-1.128916621208191,0.04582596868276596,0.0,-0.3595262169837951,0.32751816511154175,-1.0859198570251465,0.08332604467868787,1.2975244522094724,-0.41996278166770945,-5.517429351806641,-0.7281971693038936,1.3609806537628173,2.9518187046051025,0.24603721946477908,-0.07277555465698221,-4.352120542526245,1.568500971794128,-0.007764828205107932,3.349879264831542,-0.23630581125617048,-0.29468870162963845,0.0,0.3160008610459048,3.2661447048187258,0.8377988994121556,-1.9011385440826414,0.34491203725338004,-0.6265906393527981,-3.918558406829834,0.6752732038497917,0.09947346597909948,0.10293025523424147,0.0,0.0,0.0,0.024102896451950073,0.22519254684448242,0.011524788103997707,0.9739479422569275,0.024102896451950073,0.22519254684448242,0.011524788103997707,0.9739479422569275,0.07212376594543457,-0.7101221084594727,0.20434889197349548,0.6699002385139465,-0.035826675593853,-0.7336567640304565,0.0881008505821228,0.6728317737579346,0.039045341312885284,-0.7334927916526794,0.01865950971841812,0.6783182621002197,0.005581306293606758,0.1707552671432495,0.042720112949609756,0.9843711853027344,0.016485348343849182,-0.09085660427808762,0.03978008031845093,0.9949325919151306,0.029188577085733414,-0.09034045785665512,0.04093946889042854,0.9946409463882446,0.029188577085733414,-0.09034045785665512,0.04093946889042854,0.9946409463882446,-0.027318043634295464,-0.6728594303131104,-0.22715479135513306,0.7035017013549805,0.06562145054340363,-0.6969712972640991,-0.13613103330135345,0.7009943723678589,-0.12897716462612152,-0.6880627870559692,0.06217982620000839,0.7113847732543945,-0.12142098695039749,0.23131045699119568,-0.07556583732366562,0.9623108506202698,-0.13737104833126068,-0.037872668355703354,-0.039853163063526154,0.9889928102493286,-0.10002544522285461,-0.039334431290626526,-0.03840404376387596,0.9934650659561157,-0.10002544522285461,-0.039334431290626526,-0.03840404376387596,0.9934650659561157,0.024102896451950073,0.22519254684448242,0.011524788103997707,0.9739479422569275,0.023882370442152023,0.15704596042633057,0.005563461687415838,0.9872868061065674,0.5094163417816162,0.13893522322177887,-0.07318134605884552,0.8460712432861328,0.5148288607597351,0.11379186809062958,-0.03739268705248833,0.8488843441009521,0.426862895488739,-0.29656124114990234,-0.30852726101875305,0.7966496348381042,0.4576924741268158,-0.26941028237342834,-0.3534429967403412,0.7700738906860352,0.4576924741268158,-0.26941028237342834,-0.3534429967403412,0.7700738906860352,0.024373847991228104,0.21431970596313477,0.011934347450733185,0.976386547088623,-0.510594367980957,0.17334958910942078,0.12679673731327057,0.8325659036636353,-0.5140244364738464,0.16127264499664307,0.10955710709095001,0.8353246450424194,-0.37163272500038147,-0.2926434874534607,0.39526933431625366,0.7874077558517456,-0.38250237703323364,-0.28509336709976196,0.4107843339443207,0.7769621014595032,-0.38250237703323364,-0.28509336709976196,0.4107843339443207,0.7769621014595032,0.024102896451950073,0.22519254684448242,0.011524788103997707,0.9739479422569275
-0.15622970163822175,0.2086090534925461,0.44224606752395623,0.022610826417803764,0.23330871760845184,0.007337628863751888,0.9721121191978455,-2.2035705089569095,-0.3282557427883148,-0.17720429003238672,2.05098876953125,-0.5172150135040283,0.02692510932683945,-2.097146558761597,0.29111030697822576,0.5665518164634705,2.064476490020752,-0.546759295463562,0.07509644925594332,0.0,-0.1258036613464355,1.1021835565567017,0.11532188057899484,-1.0457794427871705,-0.1209532260894775,-0.028644428029656416,-1.2156968593597413,-0.04392009824514392,-1.122135591506958,0.050400839745998405,0.0,-0.3381505310535431,0.3789489030838015,-1.0728034973144531,-0.1577396251261243,0.9722407698631274,-0.40850572586059514,-5.137760162353515,-0.3905905783176419,1.3543148994445802,2.949690103530884,0.3928731441497806,0.06179023534059532,-3.808145761489867,1.3289631843566894,0.4284020364284514,2.83373999595642,-0.095441931486128,-0.08140999078750541,0.0,0.6196349740028387,3.35651478767395,1.2551572322845468,-1.5956374645233145,0.5465326905250554,-0.36152931451797443,-3.431203126907347,0.06727377176284677,0.2932813018560414,0.17633788436651282,0.0,0.0,0.0,0.022610826417803764,0.23330871760845184,0.007337628863751888,0.9721121191978455,0.022610826417803764,0.23330871760845184,0.007337628863751888,0.9721121191978455,0.07050879299640656,-0.7373296022415161,0.20835331082344055,0.6387194991111755,-0.03477272763848305,-0.7614669799804688,0.08505721390247345,0.6416574716567993,0.032562438398599625,-0.7615946531295776,0.027723278850317,0.6466411352157593,-0.006816096603870392,0.15783655643463135,0.04198070615530014,0.9865490198135376,0.0041342079639434814,-0.09970754384994507,0.042281586676836014,0.9941095113754272,0.01751602441072464,-0.09912605583667755,0.04362495243549347,0.9939638376235962,0.01751602441072464,-0.09912605583667755,0.04362495243549347,0.9939638376235962,-0.03485574573278427,-0.6924074292182922,-0.2332642674446106,0.6818686127662659,0.06430069357156754,-0.718899130821228,-0.13025829195976257,0.6797664165496826,-0.13923202455043793,-0.7082164287567139,0.06489117443561554,0.6890813112258911,-0.12702465057373047,0.22827719151973724,-0.08634442090988159,0.9614047408103943,-0.14559407532215118,-0.039775874465703964,-0.0488925464451313,0.9873347282409668,-0.10842780023813248,-0.04159197211265564,-0.04736652970314026,0.9921038150787354,-0.10842780023813248,-0.04159197211265564,-0.04736652970314026,0.9921038150787354,0.022610826417803764,0.23330871760845184,0.007337628863751888,0.9721121191978455,0.022114261984825134,0.1719520092010498,0.0020388567354530096,0.9848548769950867,0.5345067381858826,0.14745084941387177,-0.08842141181230545,0.8274917602539062,0.5417605042457581,0.11330463737249374,-0.042739138007164,0.8317638635635376,0.44334208965301514,-0.29926085472106934,-0.333065390586853,0.7765037417411804,0.4714421331882477,-0.27403533458709717,-0.37270236015319824,0.7508262395858765,0.4714421331882477,-0.27403533458709717,-0.37270236015319824,0.7508262395858765,0.022922342643141747,0.21936967968940735,0.007890548557043076,0.9753405451774597,-0.5381965637207031,0.1755937933921814,0.13178998231887817,0.8137215375900269,-0.5417275428771973,0.16256970167160034,0.11471854895353317,0.8166651725769043,-0.3935404419898987,-0.27814981341362,0.41227656602859497,0.7731665968894958,-0.40507376194000244,-0.2693915069103241,0.429010272026062,0.7611134052276611,-0.40507376194000244,-0.2693915069103241,0.429010272026062,0.7611134052276611,0.022610826417803764,0.23330871760845184,0.007337628863751888,0.9721121191978455
-0.16320339143276216,0.21904023587703708,0.42150164842605586,0.01617462746798992,0.2351316213607788,0.005108726676553488,0.9718155264854431,-2.2981649398803716,-0.33182281255722046,-0.14813918471336357,2.1073862552642826,-0.5059016346931458,0.029058163985610015,-2.1581680297851564,0.31579118967056286,0.5740294933319092,2.1120996475219727,-0.5276919722557067,0.08176472932100298,0.0,-0.10607300996780389,1.1656291723251344,0.1517802938818933,-1.0672792434692384,-0.10416387617588038,-0.03051253184676171,-1.2653057098388674,-0.05610992908477787,-1.1107775449752808,0.06021627634763721,0.0,-0.3460509777069092,0.4859065651893619,-1.046116590499878,-0.5481941916048539,0.38139472007751263,-0.14875636696815403,-4.831730842590331,-0.23141273856162972,1.4285201072692875,2.8523280620574947,0.5224699914455418,0.09543710574507724,-3.240341424942015,1.2577738523483273,0.387513369321823,2.4943032264709464,0.6911640703678157,0.22970801591873274,0.0,0.8948081254959116,3.218339109420776,1.6809797286987318,-1.2051518917083728,0.7662337720394141,-0.16043621897697385,-2.7181324958801247,-0.4403002023696917,0.49924705922603674,0.41216331571340636,0.0,0.0,0.0,0.01617462746798992,0.2351316213607788,0.005108726676553488,0.9718155264854431,0.01617462746798992,0.2351316213607788,0.005108726676553488,0.9718155264854431,0.06675152480602264,-0.7640089988708496,0.2174091637134552,0.6037944555282593,-0.033854518085718155,-0.7894261479377747,0.08822476118803024,0.6065284609794617,0.024479957297444344,-0.7898038029670715,0.04287336766719818,0.6113694310188293,-0.025162899866700172,0.14098230004310608,0.04223577678203583,0.98879075050354,-0.013804083690047264,-0.11096184700727463,0.04714273288846016,0.992609977722168,0.0006178976036608219,-0.110261932015419,0.048754774034023285,0.9927058815956116,0.0006178976036608219,-0.110261932015419,0.048754774034023285,0.9927058815956116,-0.041600096970796585,-0.7128080129623413,-0.23301544785499573,0.6602104902267456,0.06261664628982544,-0.7405601739883423,-0.11792460829019547,0.6585922241210938,-0.149625763297081,-0.7279894351959229,0.07330163568258286,0.6650341153144836,-0.1373710334300995,0.22043663263320923,-0.09425105154514313,0.9610691070556641,-0.15717190504074097,-0.0378432460129261,-0.05521313101053238,0.9853002429008484,-0.11677072197198868,-0.040076978504657745,-0.05362187325954437,0.9909001588821411,-0.11677072197198868,-0.040076978504657745,-0.05362187325954437,0.9909001588821411,0.01617462746798992,0.2351316213607788,0.005108726676553488,0.9718155264854431,0.01564827561378479,0.18344110250473022,0.000982219004072249,0.9829056262969971,0.5540114641189575,0.15358537435531616,-0.10026130080223083,0.8120533227920532,0.5635403394699097,0.10719321668148041,-0.041289132088422775,0.8180630207061768,0.45962557196617126,-0.30487674474716187,-0.34771454334259033,0.7582143545150757,0.4840250313282013,-0.2826058864593506,-0.3808712363243103,0.7353848814964294,0.4840250313282013,-0.2826058864593506,-0.3808712363243103,0.7353848814964294,0.01647491194307804,0.22029238939285278,0.005795448087155819,0.9752775430679321,-0.5633752346038818,0.1742546707391739,0.13496004045009613,0.7962597012519836,-0.567788302898407,0.15694662928581238,0.11365879327058792,0.8000411987304688,-0.4186232089996338,-0.26906320452690125,0.4220236539840698,0.757796585559845,-0.43201401829719543,-0.25794485211372375,0.4415421187877655,0.742878794670105,-0.43201401829719543,-0.25794485211372375,0.4415421187877655,0.742878794670105,0.01617462746798992,0.2351316213607788,0.005108726676553488,0.9718155264854431
-0.16822027266025544,0.2282046884298325,0.4021161913871764,0.009014517068862915,0.23422405123710632,0.0020947998855262995,0.9721387028694153,-2.3844712734222417,-0.329669576883316,-0.12264522910118092,2.1609969139099126,-0.49295234680175776,0.03296255320310595,-2.2092092990875245,0.3397323668003083,0.5836688160896302,2.153890895843506,-0.5030000448226928,0.09100227057933812,0.0,-0.08496514260768881,1.2307579755783085,0.19260626435279865,-1.0815135717391968,-0.08564443290233603,-0.028825298324227318,-1.3059741497039796,-0.06830366402864461,-1.1053166389465332,0.06629266291856768,0.0,-0.28998020887374837,0.48355721235275245,-0.9964520692825315,-0.7314552903175358,0.016955545544623196,-0.10016323179006602,-4.481078338623045,-0.006744310259817865,1.3461206912994377,2.7362692356109615,0.614746189117432,0.15979276150465047,-2.7516672611236555,1.2118528842926024,0.4387332022190098,2.206200408935546,1.1221042037010205,0.4104918181896215,0.0,1.0278489947319034,3.2227761745452885,1.9539473056793222,-0.8570258617401109,0.891370260715485,0.013254928588867898,-2.2122300148010234,-0.6096086382865906,0.39098811149597046,0.37860030531883165,0.0,0.0,0.0,0.009014517068862915,0.23422405123710632,0.0020947998855262995,0.9721387028694153,0.009014517068862915,0.23422405123710632,0.0020947998855262995,0.9721387028694153,0.061695896089076996,-0.7880816459655762,0.2266441285610199,0.568993330001831,-0.032565124332904816,-0.8145818114280701,0.09429632127285004,0.5714054107666016,0.017232131212949753,-0.8151056170463562,0.05882956460118294,0.5760598182678223,-0.04377938061952591,0.12435830384492874,0.04256611317396164,0.9903566837310791,-0.03209075331687927,-0.12103980779647827,0.05187451094388962,0.9907716512680054,-0.01576022058725357,-0.12015721946954727,0.053875695914030075,0.9911665916442871,-0.01576022058725357,-0.12015721946954727,0.053875695914030075,0.9911665916442871,-0.048211030662059784,-0.7314702272415161,-0.23151174187660217,0.6395540833473206,0.060452573001384735,-0.7600423097610474,-0.10439004004001617,0.6385795474052429,-0.1608409881591797,-0.7452981472015381,0.08367109298706055,0.6416072249412537,-0.1497965157032013,0.21162152290344238,-0.1021236702799797,0.9603895545005798,-0.17044483125209808,-0.03406231850385666,-0.061765145510435104,0.9828394055366516,-0.12556424736976624,-0.0368586927652359,-0.060164131224155426,0.9895733594894409,-0.12556424736976624,-0.0368586927652359,-0.060164131224155426,0.9895733594894409,0.009014517068862915,0.23422405123710632,0.0020947998855262995,0.9721387028694153,0.008491802960634232,0.19283512234687805,-0.000936809228733182,0.9811939001083374,0.5733257532119751,0.15674719214439392,-0.1121847927570343,0.7963306307792664,0.5849424600601196,0.09591956436634064,-0.03892961144447327,0.8044415712356567,0.4772363305091858,-0.31203243136405945,-0.35984712839126587,0.7385060787200928,0.4974745810031891,-0.2932378649711609,-0.38629552721977234,0.7192401885986328,0.4974745810031891,-0.2932378649711609,-0.38629552721977234,0.7192401885986328,0.009259621612727642,0.22020822763442993,0.0028358809649944305,0.9754049181938171,-0.585257351398468,0.17323309183120728,0.13607275485992432,0.7803515195846558,-0.590525209903717,0.15143755078315735,0.1107226312160492,0.7849122285842896,-0.4407440423965454,-0.26304081082344055,0.4296976327896118,0.74290931224823,-0.4551718235015869,-0.2501771152019501,0.4506756365299225,0.7260314226150513,-0.4551718235015869,-0.2501771152019501,0.4506756365299225,0.7260314226150513,0.009014517068862915,0.23422405123710632,0.0020947998855262995,0.9721387028694153
-0.1722587496042252,0.23673577606678015,0.3834102153778075,0.001492240815423429,0.23194074630737305,-0.0013116521295160055,0.97272789478302,-2.466633558273316,-0.3246561884880066,-0.09893684834241857,2.213214159011841,-0.4791851043701171,0.03775260969996453,-2.255260467529297,0.36330369114875805,0.5943889617919922,2.1927661895751953,-0.4754958152770995,0.10152444243431095,0.0,-0.06316866725683201,1.2967283725738528,0.23561601340770746,-1.0921151638031006,-0.06625994294881812,-0.025360396131873058,-1.342172384262085,-0.08049935102462782,-1.1028043031692505,0.07049952447414401,0.0,-0.20192383229732497,0.42655435204505915,-0.9352987408637996,-0.8111196160316475,-0.23428019881248532,-0.15714819729328164,-4.108114242553707,0.25066941976547186,1.185418963432311,2.6108620166778542,0.6883620619773867,0.23950281739234863,-2.3025581836700413,1.1785660982131951,0.5360072851181016,1.9437645673751813,1.3752113580703718,0.5261085629463191,0.0,1.0898237228393552,3.2985196113586412,2.1504874229431157,-0.5300796031951889,0.9692244529724113,0.17324510216713113,-1.8099116086959808,-0.6097843050956748,0.12561678886413236,0.21034306287765497,0.0,0.0,0.0,0.001492240815423429,0.23194074630737305,-0.0013116521295160055,0.97272789478302,0.001492240815423429,0.23194074630737305,-0.0013116521295160055,0.97272789478302,0.055943068116903305,-0.8101497888565063,0.23576480150222778,0.5338003039360046,-0.031063104048371315,-0.8376026153564453,0.10173207521438599,0.5358239412307739,0.01039288192987442,-0.8381140828132629,0.07511206716299057,0.5401990413665771,-0.06251119822263718,0.10781577974557877,0.04292067885398865,0.9912749528884888,-0.05054017901420593,-0.13050033152103424,0.0565289743244648,0.9885442852973938,-0.0318722128868103,-0.129410058259964,0.05898211896419525,0.9893221259117126,-0.0318722128868103,-0.129410058259964,0.05898211896419525,0.9893221259117126,-0.05473630502820015,-0.7490124106407166,-0.22930458188056946,0.6191960573196411,0.05802483484148979,-0.7781134843826294,-0.09021930396556854,0.6188965439796448,-0.172380730509758,-0.7609943747520447,0.09497268497943878,0.6181849241256714,-0.16323035955429077,0.20227833092212677,-0.10995806753635406,0.9593479037284851,-0.18453554809093475,-0.029351932927966118,-0.06842192262411118,0.9800018072128296,-0.1345721334218979,-0.03278588131070137,-0.06684445589780807,0.9881028532981873,-0.1345721334218979,-0.03278588131070137,-0.06684445589780807,0.9881028532981873,0.001492240815423429,0.23194074630737305,-0.0013116521295160055,0.97272789478302,0.000990247935988009,0.20117075741291046,-0.0032868264243006706,0.9795501828193665,0.592323362827301,0.15836286544799805,-0.12410351634025574,0.780174732208252,0.6058782339096069,0.08202458918094635,-0.03609822690486908,0.7904938459396362,0.4952673316001892,-0.3198007643222809,-0.3705384135246277,0.7177318334579468,0.5111870169639587,-0.30479931831359863,-0.3902164399623871,0.7025071382522583,0.5111870169639587,-0.30479931831359863,-0.3902164399623871,0.7025071382522583,0.0016601883107796311,0.21961119771003723,-0.0005559658748097718,0.9755859375,-0.6053553223609924,0.1723334938287735,0.13612696528434753,0.7650592923164368,-0.6114418506622314,0.14595019817352295,0.10682188719511032,0.7703418135643005,-0.46126753091812134,-0.2584906816482544,0.436228483915329,0.7280930876731873,-0.47632354497909546,-0.24419879913330078,0.4580049216747284,0.7097283601760864,-0.47632354497909546,-0.24419879913330078,0.4580049216747284,0.7097283601760864,0.001492240815423429,0.23194074630737305,-0.0013116521295160055,0.97272789478302
-0.17523290812969208,0.24490334391593935,0.36710048913955684,-0.008310043253004551,0.2279147207736969,-0.005523177795112133,0.9736300110816956,-2.5298532962799074,-0.322942328453064,-0.08199913650751112,2.2513415813446045,-0.4641520023345947,0.03893339857459068,-2.285714054107666,0.38340817093849183,0.5963701128959655,2.2203235626220703,-0.45902392268180847,0.10957988053560258,0.0,-0.042547466605901696,1.3536833286285401,0.28128876686096194,-1.0932438373565674,-0.05138538628816603,-0.01219561584293841,-1.3596013069152832,-0.1061053588986397,-1.1206849813461304,0.07441571950912476,0.0,-0.16999427974224088,0.41564875841140747,-0.863411247730255,-0.9555659055709841,-0.3400957763195039,-0.17253830134868622,-3.53983769416809,0.15168356895446766,0.9822989225387571,2.1881674051284787,0.7263378500938416,0.1312247931957244,-1.8346307992935176,1.0745608329772949,0.2738374471664426,1.604226946830749,1.0442412853240963,0.4521065592765807,0.0,1.0545654773712159,3.028056383132934,2.23037748336792,-0.24589204788207975,0.8339264631271361,0.464241445064545,-1.2468322873115532,-1.0120939493179326,-0.48617362976074285,0.2016230672597885,0.0,0.0,0.0,-0.008310043253004551,0.2279147207736969,-0.005523177795112133,0.9736300110816956,-0.008310043253004551,0.2279147207736969,-0.005523177795112133,0.9736300110816956,0.04882747679948807,-0.8260712623596191,0.24644780158996582,0.5044658184051514,-0.032928258180618286,-0.8549438714981079,0.11044403910636902,0.5057557225227356,0.002046173205599189,-0.8556107878684998,0.08945654332637787,0.5098270177841187,-0.07980765402317047,0.09173193573951721,0.04013684019446373,0.9917687177658081,-0.06843802332878113,-0.13883936405181885,0.057324618101119995,0.9862828254699707,-0.049227070063352585,-0.13769583404064178,0.06001916527748108,0.9874280691146851,-0.049227070063352585,-0.13769583404064178,0.06001916527748108,0.9874280691146851,-0.06189756840467453,-0.7630404233932495,-0.2241937816143036,0.6030547618865967,0.054040245711803436,-0.7917360067367554,-0.07461927831172943,0.6038756370544434,-0.1809544712305069,-0.7726750373840332,0.10607191920280457,0.5991473197937012,-0.17539215087890625,0.19320669770240784,-0.11504493653774261,0.9584745168685913,-0.19694432616233826,-0.029929939657449722,-0.07219379395246506,0.977294921875,-0.14313040673732758,-0.03384740278124809,-0.07044193148612976,0.986613392829895,-0.14313040673732758,-0.03384740278124809,-0.07044193148612976,0.986613392829895,-0.008310043253004551,0.2279147207736969,-0.005523177795112133,0.9736300110816956,-0.008703974075615406,0.20718476176261902,-0.006713289767503738,0.9782401323318481,0.6059131622314453,0.1571587771177292,-0.13502630591392517,0.7680743932723999,0.6206064820289612,0.0638793557882309,-0.031741052865982056,0.7808710336685181,0.5105180740356445,-0.3302154541015625,-0.37447988986968994,0.7000670433044434,0.5230128169059753,-0.31832027435302734,-0.3893287479877472,0.6881518363952637,0.5230128169059753,-0.31832027435302734,-0.3893287479877472,0.6881518363952637,-0.008236856199800968,0.22198569774627686,-0.0051429299637675285,0.9750015735626221,-0.6193209886550903,0.17589181661605835,0.13558323681354523,0.7530743479728699,-0.6273236870765686,0.14024557173252106,0.09770888090133667,0.7597693204879761,-0.4759650230407715,-0.2633242905139923,0.4411643147468567,0.7137869000434875,-0.4919135272502899,-0.2477540671825409,0.46352720260620117,0.694104790687561,-0.4919135272502899,-0.2477540671825409,0.46352720260620117,0.694104790687561,-0.008310043253004551,0.2279147207736969,-0.005523177795112133,0.9736300110816956
-0.17756993770599366,0.2544654488563538,0.3519160389900207,-0.020138058811426163,0.22261083126068115,-0.011009549722075462,0.9746372103691101,-2.5861002445220946,-0.31960307359695433,-0.06563054546713826,2.2878995418548587,-0.44912653565406796,0.039568633586168286,-2.306339740753174,0.4012439906597138,0.5997719049453736,2.246723222732544,-0.43760630488395685,0.12113429903984074,0.0,-0.026964612305164323,1.4031696319580078,0.32851572036743176,-1.0932792663574218,-0.04167343080043793,-0.0005923517979681305,-1.371015977859497,-0.13199486732482915,-1.141416311264038,0.07979021072387697,0.0,-0.12959404587745654,0.4502144694328311,-0.7817279696464536,-1.187985634803773,-0.486853420734406,-0.22873952984809906,-2.951803016662596,0.13445483297109637,0.829811930656433,1.8592871427536009,0.7514259815216064,0.04267282560467709,-1.2278422355651837,0.9371641755104061,0.14167677015066177,1.3431371450424192,0.9719663143157968,0.507741296291352,0.0,0.8799095988273611,2.6236880064010606,2.3302635192871097,-0.023636340349912424,0.5888497710227956,0.6113935291767117,-0.6910185337066639,-1.288805389404297,-0.979553389549256,0.23955861926078825,0.0,0.0,0.0,-0.020138058811426163,0.22261083126068115,-0.011009549722075462,0.9746372103691101,-0.020138058811426163,0.22261083126068115,-0.011009549722075462,0.9746372103691101,0.03978011757135391,-0.839256763458252,0.2583986222743988,0.4767554700374603,-0.036626558750867844,-0.869667649269104,0.12157933413982391,0.47702744603157043,-0.008111776784062386,-0.8704268932342529,0.10578565299510956,0.48072922229766846,-0.09960014373064041,0.07721984386444092,0.03622446209192276,0.9913651943206787,-0.08902794122695923,-0.14548583328723907,0.05740683525800705,0.9836728572845459,-0.06955044716596603,-0.14432191848754883,0.06027356535196304,0.9852414727210999,-0.06955044716596603,-0.14432191848754883,0.06027356535196304,0.9852414727210999,-0.0705498680472374,-0.7749912738800049,-0.2172572910785675,0.5892457962036133,0.04827143996953964,-0.8027124404907227,-0.05844280868768692,0.5915294289588928,-0.191022589802742,-0.7811515927314758,0.11889730393886566,0.582388162612915,-0.18980063498020172,0.18706345558166504,-0.12087826430797577,0.9562277793884277,-0.21149098873138428,-0.024989629164338112,-0.07693733274936676,0.9740265011787415,-0.15214532613754272,-0.029630420729517937,-0.07534100115299225,0.9850368499755859,-0.15214532613754272,-0.029630420729517937,-0.07534100115299225,0.9850368499755859,-0.020138058811426163,0.22261083126068115,-0.011009549722075462,0.9746372103691101,-0.020463578402996063,0.20945996046066284,-0.011581921018660069,0.9775344729423523,0.615315854549408,0.15247930586338043,-0.1439536213874817,0.7598776817321777,0.6303364038467407,0.04221322014927864,-0.024315759539604187,0.7747921347618103,0.5233820080757141,-0.34528565406799316,-0.3730142116546631,0.6838929653167725,0.5338243842124939,-0.33536702394485474,-0.38459843397140503,0.6742733716964722,0.5338243842124939,-0.33536702394485474,-0.38459843397140503,0.6742733716964722,-0.020120752975344658,0.2223205864429474,-0.011015277355909348,0.9747037291526794,-0.6326277256011963,0.17906969785690308,0.1322162002325058,0.7417783737182617,-0.6425222158432007,0.1339038610458374,0.08579157292842865,0.7495831847190857,-0.4910163879394531,-0.2697060704231262,0.4443398118019104,0.6990877389907837,-0.508216917514801,-0.2524607181549072,0.46761706471443176,0.6777265667915344,-0.508216917514801,-0.2524607181549072,0.46761706471443176,0.6777265667915344,-0.020138058811426163,0.22261083126068115,-0.011009549722075462,0.9746372103691101
-0.17863270938396456,0.26681662797927863,0.3389821410179138,-0.036013126373291016,0.21474508941173553,-0.01904348097741604,0.9758200645446777,-2.6284016132354737,-0.3130130290985107,-0.05040019601583476,2.321318578720093,-0.4341163396835327,0.039112760871648784,-2.307309627532959,0.41454249024391177,0.6060149788856507,2.270807456970215,-0.4062972366809844,0.13968667834997184,0.0,-0.021458450704812986,1.4377186298370364,0.3788510739803316,-1.0911282062530518,-0.0422866776585579,0.007887881156057147,-1.3704021453857422,-0.15845137685537347,-1.1678489446640015,0.08808129429817202,0.0,-0.07225244939327222,0.5757227897644047,-0.6804531216621396,-1.5963522434234632,-0.7154951989650733,-0.3665630072355275,-2.3242520809173564,0.28074034899473244,0.7785910367965696,1.7180355787277217,0.750738799571991,-0.0064270175993444145,-0.34333131313323695,0.7329847335815423,0.2695344373583798,1.238942980766296,1.4170815467834488,0.8226495146751414,0.0,0.4264584541320786,1.9515093326568582,2.470141506195069,0.07475566044449838,0.1242156744003281,0.4708570957183833,-0.1497359156608563,-1.3143204212188722,-1.2361120104789742,0.3708052664995198,0.0,0.0,0.0,-0.036013126373291016,0.21474508941173553,-0.01904348097741604,0.9758200645446777,-0.036013126373291016,0.21474508941173553,-0.01904348097741604,0.9758200645446777,0.02694975957274437,-0.8481525182723999,0.2732289433479309,0.4530530571937561,-0.04403392970561981,-0.880361020565033,0.13770633935928345,0.4517328143119812,-0.02187444642186165,-0.8812169432640076,0.1262025535106659,0.455028772354126,-0.124403215944767,0.06590040028095245,0.03007492609322071,0.9895841479301453,-0.11500179767608643,-0.148770272731781,0.056073419749736786,0.9805599451065063,-0.09580477327108383,-0.14764554798603058,0.05897173658013344,0.9826211333274841,-0.09580477327108383,-0.14764554798603058,0.05897173658013344,0.9826211333274841,-0.08221964538097382,-0.7832639217376709,-0.2068137675523758,0.5804874897003174,0.038980744779109955,-0.8090298175811768,-0.04118185117840767,0.58502596616745,-0.20421245694160461,-0.7838088870048523,0.13524872064590454,0.570656418800354,-0.20872069895267487,0.1868058741092682,-0.128217875957489,0.9513672590255737,-0.2302739918231964,-0.00901182834059,-0.08361008018255234,0.9694854021072388,-0.16205599904060364,-0.014854845590889454,-0.0828344076871872,0.9831864833831787,-0.16205599904060364,-0.014854845590889454,-0.0828344076871872,0.9831864833831787,-0.036013126373291016,0.21474508941173553,-0.01904348097741604,0.9758200645446777,-0.03635033592581749,0.20425984263420105,-0.019333388656377792,0.9780505895614624,0.6167336702346802,0.1409514993429184,-0.14897520840168,0.7599861025810242,0.6303251385688782,0.013553479686379433,-0.010775270871818066,0.7761382460594177,0.5316954255104065,-0.369803786277771,-0.36090874671936035,0.6710366010665894,0.542718768119812,-0.3595232367515564,-0.37227773666381836,0.6615199446678162,0.542718768119812,-0.3595232367515564,-0.37227773666381836,0.6615199446678162,-0.03597453236579895,0.21857276558876038,-0.019456464797258377,0.9749631285667419,-0.6448397040367126,0.18155017495155334,0.12325357645750046,0.7321406602859497,-0.6565772891044617,0.12634387612342834,0.068309485912323,0.7404576539993286,-0.5069558620452881,-0.2792849540710449,0.44416776299476624,0.6838937401771545,-0.5261470675468445,-0.2595731317996979,0.46903812885284424,0.6601471304893494,-0.5261470675468445,-0.2595731317996979,0.46903812885284424,0.6601471304893494,-0.036013126373291016,0.21474508941173553,-0.01904348097741604,0.9758200645446777
-0.17864764332771302,0.2817184686660767,0.32883869409561156,-0.053299419581890106,0.20907849073410034,-0.025874033570289612,0.9761024713516235,-2.653643560409546,-0.29755110740661617,-0.026452416926622327,2.3438400745391847,-0.4236537992954254,0.04243646934628488,-2.298260974884033,0.42268097996711734,0.6170122861862183,2.2817747592926025,-0.3729472339153289,0.15800215601921086,0.0,-0.02389016523957254,1.4663755893707275,0.4167116165161133,-1.0947911739349365,-0.05403179824352268,0.01592267211526634,-1.3615629196166992,-0.1827762663364411,-1.2040354251861574,0.1002930194139481,0.0,-0.021703451126813787,0.6940787434577944,-0.56298131942749,-1.7990490198135378,-0.6465619683265681,-0.3306550681591031,-1.6032857894897443,0.5956584870815287,1.0230402708053599,1.3440255165100088,0.6140800833702083,0.09059379585087336,0.2520618237555037,0.5101246476173396,0.45478065609931995,0.8107036828994738,1.6266813278198244,0.9205118775367737,0.0,0.03717178106307906,1.5506886243820184,2.1425231933593736,-0.06686782389879284,-0.3646185349673044,0.41064837574958796,0.2774533968418845,-1.2588768005371092,-1.6142470121383676,0.5321733891963962,0.0,0.0,0.0,-0.053299419581890106,0.20907849073410034,-0.025874033570289612,0.9761024713516235,-0.053299419581890106,0.20907849073410034,-0.025874033570289612,0.9761024713516235,0.015471354126930237,-0.8510063886642456,0.28892049193382263,0.43826234340667725,-0.04974300414323807,-0.8843793869018555,0.15961173176765442,0.43580156564712524,-0.03805544599890709,-0.8850548267364502,0.15375563502311707,0.43770861625671387,-0.1564335823059082,0.05957574397325516,0.024445222690701485,0.985586941242218,-0.14780285954475403,-0.14898790419101715,0.056690070778131485,0.9760857820510864,-0.1270604133605957,-0.1477397382259369,0.05983215942978859,0.9790040850639343,-0.1270604133605957,-0.1477397382259369,0.05983215942978859,0.9790040850639343,-0.09405577927827835,-0.7872573137283325,-0.19417494535446167,0.5776464939117432,0.029215315356850624,-0.8104544878005981,-0.024713311344385147,0.5845505595207214,-0.21824608743190765,-0.7810821533203125,0.15394502878189087,0.5644291639328003,-0.23089122772216797,0.18751253187656403,-0.13425908982753754,0.9452527761459351,-0.25177016854286194,0.008941952139139175,-0.08940494060516357,0.963607132434845,-0.17494064569473267,0.001816281583160162,-0.08992978930473328,0.9804617166519165,-0.17494064569473267,0.001816281583160162,-0.08992978930473328,0.9804617166519165,-0.053299419581890106,0.20907849073410034,-0.025874033570289612,0.9761024713516235,-0.0537736713886261,0.19738760590553284,-0.02593069151043892,0.9785061478614807,0.6149212121963501,0.1293020397424698,-0.15126271545886993,0.7630678415298462,0.6262856721878052,-0.01029643788933754,0.001601874828338623,0.779524028301239,0.5348784923553467,-0.3932269811630249,-0.349450945854187,0.6611819267272949,0.549530029296875,-0.37987542152404785,-0.36345452070236206,0.6493167281150818,0.549530029296875,-0.37987542152404785,-0.36345452070236206,0.6493167281150818,-0.05317877605557442,0.21679529547691345,-0.026830948889255524,0.9743982553482056,-0.6546177864074707,0.1853169947862625,0.11557744443416595,0.7237230539321899,-0.668145477771759,0.12070997059345245,0.05299912765622139,0.7322582006454468,-0.5175875425338745,-0.29053348302841187,0.44770264625549316,0.6687718629837036,-0.5397845506668091,-0.2676072120666504,0.4750153422355652,0.6413887739181519,-0.5397845506668091,-0.2676072120666504,0.4750153422355652,0.6413887739181519,-0.053299419581890106,0.20907849073410034,-0.025874033570289612,0.9761024713516235
-0.17813865840435028,0.2978956401348114,0.32009047269821167,-0.07127777487039566,0.20447225868701935,-0.03209659457206726,0.9757460355758667,-2.670355796813965,-0.2776532471179962,0.0018540769815444946,2.360912799835205,-0.4154650866985321,0.047649968415498734,-2.284203052520752,0.42823946475982666,0.6303867101669312,2.2861835956573486,-0.3385767638683319,0.17619918286800385,0.0,-0.030290817841887474,1.4920865297317505,0.4483347535133362,-1.1013611555099487,-0.07134285569190979,0.023734742775559425,-1.3486109972000122,-0.20603534579277039,-1.2450988292694092,0.11446506530046463,0.0,0.025449242442846284,0.8088585138320923,-0.43741104006767273,-1.8989108800888062,-0.428841233253479,-0.20788142085075376,-0.8356118202209473,0.9948929250240326,1.4153245687484741,0.8536362051963806,0.40943560004234314,0.2606749404221773,0.702896062284708,0.27792423963546753,0.6687211394309998,0.2204418182373047,1.718523383140564,0.9098513126373291,0.0,-0.32003265619277954,1.285546898841858,1.5811567306518555,-0.32849905639886856,-0.8655528258532286,0.39060351252555847,0.6475960593670607,-1.1629538536071777,-2.0531702041625977,0.708602249622345,0.0,0.0,0.0,-0.07127777487039566,0.20447225868701935,-0.03209659457206726,0.9757460355758667,-0.07127777487039566,0.20447225868701935,-0.03209659457206726,0.9757460355758667,0.004673370625823736,-0.850786030292511,0.30501788854599,0.42790812253952026,-0.05458599701523781,-0.8848093748092651,0.18435059487819672,0.424437940120697,-0.055406227707862854,-0.8847584128379822,0.1847439855337143,0.42426687479019165,-0.19192972779273987,0.05570036545395851,0.019057046622037888,0.9796413779258728,-0.18387308716773987,-0.14754006266593933,0.058231256902217865,0.9700679183006287,-0.16071124374866486,-0.14611096680164337,0.061729539185762405,0.9741729497909546,-0.16071124374866486,-0.14611096680164337,0.061729539185762405,0.9741729497909546,-0.10595888644456863,-0.7889935970306396,-0.18041206896305084,0.5776792168617249,0.019210340455174446,-0.8093112707138062,-0.00864099245518446,0.587002158164978,-0.23262277245521545,-0.7753969430923462,0.17375554144382477,0.5607630610466003,-0.254591703414917,0.18862806260585785,-0.13959729671478271,0.9381445050239563,-0.27447178959846497,0.027872135862708092,-0.09470788389444351,0.9565138816833496,-0.18924780189990997,0.01943110302090645,-0.09679292887449265,0.9769538640975952,-0.18924780189990997,0.01943110302090645,-0.09679292887449265,0.9769538640975952,-0.07127777487039566,0.20447225868701935,-0.03209659457206726,0.9757460355758667,-0.07194918394088745,0.18963268399238586,-0.03194344416260719,0.9786942005157471,0.6114392280578613,0.11758124828338623,-0.1521696001291275,0.7675683498382568,0.6201024055480957,-0.03172784298658371,0.013391135260462761,0.783764660358429,0.5353504419326782,-0.4159855544567108,-0.3382280170917511,0.6526543498039246,0.5552165508270264,-0.3982609808444977,-0.3563312888145447,0.6372995972633362,0.5552165508270264,-0.3982609808444977,-0.3563312888145447,0.6372995972633362,-0.07104497402906418,0.21596117317676544,-0.033665597438812256,0.9732317328453064,-0.663138210773468,0.18971535563468933,0.10853885859251022,0.715873658657074,-0.6783925890922546,0.11602745205163956,0.038773395121097565,0.7244430184364319,-0.5254607200622559,-0.30255675315856934,0.4530022442340851,0.6535590291023254,-0.5511030554771423,-0.27601614594459534,0.4831209182739258,0.6218478083610535,-0.5511030554771423,-0.27601614594459534,0.4831209182739258,0.6218478083610535,-0.07127777487039566,0.20447225868701935,-0.03209659457206726,0.9757460355758667
-0.1760129898786545,0.31436456441879274,0.3149513602256775,-0.09158504009246826,0.20139160752296448,-0.03540373593568802,0.9745768308639526,-2.662961483001709,-0.25039874911308285,0.028610707214102176,2.3679062843322756,-0.422361296415329,0.059478901326656355,-2.250863552093506,0.4201615989208221,0.6416851401329041,2.2819969177246096,-0.32747921347618103,0.18620359003543854,0.0,-0.027662035077810284,1.5122739791870117,0.46323941349983216,-1.1181997060775757,-0.08314668536186219,0.04022635743021967,-1.3253353595733641,-0.22269242703914643,-1.2881033658981325,0.11681903451681137,0.0,0.0739497479051352,0.8176110982894897,-0.32913779020309436,-2.0000439643859864,-0.31259439289569846,-0.016703969240188382,-0.11241532564163126,1.2155920505523685,1.3688286542892456,0.5512589812278744,-0.04311203360557603,0.45913796424865744,1.281343364715577,-0.13116627931594893,0.6064413547515869,-0.03742360770702391,1.0203358650207512,0.6640727400779721,0.0,-0.04914957880973786,1.1198422431945798,1.079602456092834,-0.6365561187267307,-0.7003359913825987,0.6509898066520694,0.9573074817657474,-0.9648939609527586,-2.1114041805267334,0.3540599584579464,0.0,0.0,0.0,-0.09158504009246826,0.20139160752296448,-0.03540373593568802,0.9745768308639526,-0.09158504009246826,0.20139160752296448,-0.03540373593568802,0.9745768308639526,-0.004339692648500204,-0.8437836170196533,0.32258141040802,0.42889586091041565,-0.05787206068634987,-0.8774001598358154,0.21467217803001404,0.4251302182674408,-0.07035759091377258,-0.876579999923706,0.2207639515399933,0.4218064844608307,-0.2309945821762085,0.059911467134952545,0.018037859350442886,0.9709411859512329,-0.22206266224384308,-0.14492204785346985,0.06614413857460022,0.9619308710098267,-0.19336357712745667,-0.14283938705921173,0.07040237635374069,0.9681171178817749,-0.19336357712745667,-0.14283938705921173,0.07040237635374069,0.9681171178817749,-0.11754050850868225,-0.7841451168060303,-0.1631695032119751,0.5870915651321411,0.007444033864885569,-0.800959587097168,0.00396559527143836,0.5986590385437012,-0.24550262093544006,-0.7624508142471313,0.19259850680828094,0.5668361186981201,-0.27738097310066223,0.19758950173854828,-0.14288759231567383,0.9293016195297241,-0.2969731390476227,0.043435607105493546,-0.095848448574543,0.9490697383880615,-0.20745620131492615,0.03432551026344299,-0.09951448440551758,0.9725640416145325,-0.20745620131492615,0.03432551026344299,-0.09951448440551758,0.9725640416145325,-0.09158504009246826,0.20139160752296448,-0.03540373593568802,0.9745768308639526,-0.09223710000514984,0.18783977627754211,-0.035000279545784,0.9772325754165649,0.603400468826294,0.1126163974404335,-0.1542993038892746,0.7742204666137695,0.6108535528182983,-0.039750050753355026,0.018533853814005852,0.7905279994010925,0.5278947353363037,-0.43187665939331055,-0.33402740955352783,0.6505655646324158,0.5516311526298523,-0.4114280343055725,-0.3548413813114166,0.6328647136688232,0.5516311526298523,-0.4114280343055725,-0.3548413813114166,0.6328647136688232,-0.09108757227659225,0.22077983617782593,-0.03857557475566864,0.9702944755554199,-0.6687730550765991,0.1977493017911911,0.1053493320941925,0.7089000940322876,-0.6858555674552917,0.11737827211618423,0.03079007938504219,0.7175489664077759,-0.5267230272293091,-0.31021401286125183,0.4629649817943573,0.6418672800064087,-0.5532050132751465,-0.28320297598838806,0.49289649724960327,0.6089444160461426,-0.5532050132751465,-0.28320297598838806,0.49289649724960327,0.6089444160461426,-0.09158504009246826,0.20139160752296448,-0.03540373593568802,0.9745768308639526
-0.1736343264579773,0.330736494064331,0.3112138628959656,-0.11178144812583923,0.19682258367538452,-0.03728533163666725,0.9733322262763977,-2.645825004577637,-0.22627484798431402,0.05373592674732201,2.372544193267822,-0.4250826179981232,0.06620366871356965,-2.2096556663513187,0.4068316698074342,0.6533745050430297,2.2737647533416747,-0.3167088925838471,0.19683224856853482,0.0,-0.021333778277039573,1.529541254043579,0.47404463291168214,-1.1362872600555418,-0.10170602202415456,0.06054021418094625,-1.2970806121826173,-0.2388075470924377,-1.3313814878463743,0.12105233073234556,0.0,0.11387326419353477,0.8205363154411316,-0.21490716934204143,-2.047419595718384,-0.31235629022121353,0.20189088881015688,0.6619805753231018,1.2688068866729745,1.2888891458511358,0.2790069341659553,-0.21956381201744204,0.43832167387008825,1.903026437759397,-0.5614551603794082,0.576649534702301,-0.3306984633207309,0.5450606346130372,0.5189478874206541,0.0,0.24242334067821392,0.921767234802247,0.6222497344017042,-0.8793975830078121,-0.7928566098213176,0.9392479419708241,1.31315505504608,-0.8165951967239381,-2.1584343910217285,0.1740782603621477,0.0,0.0,0.0,-0.11178144812583923,0.19682258367538452,-0.03728533163666725,0.9733322262763977,-0.11178144812583923,0.19682258367538452,-0.03728533163666725,0.9733322262763977,-0.013110360130667686,-0.8351176381111145,0.3396906554698944,0.43245455622673035,-0.0618211030960083,-0.8681071996688843,0.24321280419826508,0.4282703995704651,-0.08506734669208527,-0.8661680221557617,0.25468629598617554,0.4214872419834137,-0.2679986357688904,0.06579378247261047,0.016682522371411324,0.9610252976417542,-0.2584589719772339,-0.1384219229221344,0.07279974967241287,0.9532778859138489,-0.2267686426639557,-0.13594293594360352,0.07735391706228256,0.9613074660301208,-0.2267686426639557,-0.13594293594360352,0.07735391706228256,0.9613074660301208,-0.1281350553035736,-0.777323305606842,-0.14543716609477997,0.5984963774681091,-0.004677505232393742,-0.7907223701477051,0.014665559865534306,0.6119815111160278,-0.25814178586006165,-0.7474081516265869,0.2103259563446045,0.5748973488807678,-0.2993597090244293,0.20741868019104004,-0.14571252465248108,0.9198529124259949,-0.31860241293907166,0.05975238233804703,-0.09673097729682922,0.9410447478294373,-0.2245984822511673,0.049949370324611664,-0.10217445343732834,0.9677917957305908,-0.2245984822511673,0.049949370324611664,-0.10217445343732834,0.9677917957305908,-0.11178144812583923,0.19682258367538452,-0.03728533163666725,0.9733322262763977,-0.11230571568012238,0.18637102842330933,-0.03680530935525894,0.9753453731536865,0.5942695140838623,0.10898855328559875,-0.15558668971061707,0.7815102338790894,0.6009025573730469,-0.04484166204929352,0.023148585110902786,0.7977277040481567,0.519311249256134,-0.4459373950958252,-0.330160528421402,0.6499614119529724,0.548895001411438,-0.4212121069431305,-0.3554052710533142,0.6284757852554321,0.548895001411438,-0.4212121069431305,-0.3554052710533142,0.6284757852554321,-0.1109711080789566,0.22589755058288574,-0.04261622577905655,0.9668710231781006,-0.6724701523780823,0.20575401186943054,0.1024157851934433,0.7035340666770935,-0.6913939714431763,0.11907558143138885,0.023083891719579697,0.7122236490249634,-0.5261322259902954,-0.31855273246765137,0.47216129302978516,0.6314847469329834,-0.5539399981498718,-0.2907297909259796,0.5024035573005676,0.5968393683433533,-0.5539399981498718,-0.2907297909259796,0.5024035573005676,0.5968393683433533,-0.11178144812583923,0.19682258367538452,-0.03728533163666725,0.9733322262763977
-0.17074967324733734,0.34691443443298337,0.3102795958518982,-0.1317852884531021,0.18936319649219513,-0.03632986173033714,0.9723448157310486,-2.6092041969299316,-0.2084121406078339,0.07559833303093905,2.3724709510803224,-0.419454163312912,0.06272010505199434,-2.152711009979248,0.382997614145279,0.6658457398414611,2.2574416160583497,-0.30659303069114685,0.20870940983295438,0.0,-0.0076065734028816535,1.5409681797027588,0.4766509711742401,-1.156872820854187,-0.13377637267112724,0.08849855512380594,-1.258867645263672,-0.2538387447595596,-1.3752067804336547,0.12904428094625472,0.0,0.13664280027151102,0.8118067979812622,-0.08876180648803739,-1.987280321121216,-0.5441356629133219,0.4753206044435495,1.5387753188610056,0.9870532035827643,1.1420624494552616,0.06700515151023911,0.15617612004280002,-0.021053218841551646,2.611181044578551,-1.0341408550739277,0.611833643913269,-0.6947922080755226,0.5156099796295167,0.5751304745674132,0.0,0.5753759592771523,0.6589515209198004,0.2533001184463509,-0.9918079257011411,-1.4008521676063523,1.2832497596740715,1.7612749338150016,-0.7678186893463136,-2.1830570697784424,0.3432176813483234,0.0,0.0,0.0,-0.1317852884531021,0.18936319649219513,-0.03632986173033714,0.9723448157310486,-0.1317852884531021,0.18936319649219513,-0.03632986173033714,0.9723448157310486,-0.02139320969581604,-0.8234386444091797,0.3560006022453308,0.4413103759288788,-0.06715358048677444,-0.8559811115264893,0.2683924734592438,0.43675193190574646,-0.0993993729352951,-0.8528668880462646,0.2847612500190735,0.4262029826641083,-0.301253080368042,0.07511984556913376,0.014689745381474495,0.9504672288894653,-0.2916036546230316,-0.12441925704479218,0.07704652100801468,0.9452783465385437,-0.26182183623313904,-0.12194836884737015,0.08092273026704788,0.9539546370506287,-0.26182183623313904,-0.12194836884737015,0.08092273026704788,0.9539546370506287,-0.13679355382919312,-0.7668653726577759,-0.12680183351039886,0.6141061782836914,-0.017498739063739777,-0.777026891708374,0.021547043696045876,0.6288551688194275,-0.2704383432865143,-0.7286502122879028,0.225924551486969,0.5872734189033508,-0.3198985457420349,0.21911627054214478,-0.1477057784795761,0.9098550081253052,-0.33871179819107056,0.07759803533554077,-0.09717465937137604,0.9326359629631042,-0.2397233545780182,0.06704394519329071,-0.10476939380168915,0.9628401398658752,-0.2397233545780182,0.06704394519329071,-0.10476939380168915,0.9628401398658752,-0.1317852884531021,0.18936319649219513,-0.03632986173033714,0.9723448157310486,-0.13196906447410583,0.18563537299633026,-0.03612173721194267,0.9730461239814758,0.583013653755188,0.10804608464241028,-0.15520398318767548,0.7901474237442017,0.5896915197372437,-0.04408031702041626,0.026710687205195427,0.8059821724891663,0.5086801052093506,-0.4565020501613617,-0.32709240913391113,0.6525802612304688,0.548030436038971,-0.4243584871292114,-0.36018797755241394,0.6243774890899658,0.548030436038971,-0.4243584871292114,-0.36018797755241394,0.6243774890899658,-0.13057059049606323,0.23171496391296387,-0.04493464156985283,0.9629332423210144,-0.6724317073822021,0.21374091506004333,0.1000165268778801,0.7015320062637329,-0.6932465434074402,0.12149374186992645,0.015939965844154358,0.7102072238922119,-0.5220141410827637,-0.32835763692855835,0.47997957468032837,0.6239410042762756,-0.5521377921104431,-0.29903537034988403,0.5115461349487305,0.5865510702133179,-0.5521377921104431,-0.29903537034988403,0.5115461349487305,0.5865510702133179,-0.1317852884531021,0.18936319649219513,-0.03632986173033714,0.9723448157310486
-0.16856072545051576,0.36349744796752925,0.31243454217910765,-0.1548481583595276,0.18020208179950714,-0.03230532631278038,0.9708273410797119,-2.5634791374206545,-0.19733657240867616,0.09166758954524992,2.36692361831665,-0.3983738958835602,0.04987738728523256,-2.0781845569610597,0.3590169906616211,0.6747496843338012,2.229954195022583,-0.28478358387947084,0.23081205189228055,0.0,0.005235539749264703,1.5527786254882812,0.4737728595733643,-1.1782680511474608,-0.17042343616485592,0.1176290541887283,-1.2126121997833252,-0.2651398420333862,-1.408248782157898,0.13544187545776368,0.0,0.12336148619651797,0.821049153804779,0.0459630466997622,-2.1191353321075437,-0.6825366735458372,0.7926875352859493,2.104167771339416,0.6895211458206181,0.9193257570266726,-0.1678848145063964,0.7449770689010613,-0.45495276153087566,3.3746864795684806,-1.1960997343063355,0.5165429830551149,-1.1510852932929987,0.8566006183624262,0.900622415542602,0.0,0.6598074316978455,0.5828518629074096,-0.03421658277511572,-1.0535681247711182,-1.7408188104629514,1.4330817699432372,2.151922535896301,-0.6396568417549136,-1.8677658557891852,0.3517668306827546,0.0,0.0,0.0,-0.1548481583595276,0.18020208179950714,-0.03230532631278038,0.9708273410797119,-0.1548481583595276,0.18020208179950714,-0.03230532631278038,0.9708273410797119,-0.02974671870470047,-0.8091205358505249,0.3749130368232727,0.4515301287174225,-0.0740596279501915,-0.8421022295951843,0.2933635115623474,0.44644924998283386,-0.11250606924295425,-0.8378514647483826,0.31357234716415405,0.43245798349380493,-0.3328285813331604,0.08397679030895233,0.014355991035699844,0.9391309022903442,-0.32349908351898193,-0.10361562669277191,0.07964876294136047,0.9371597170829773,-0.30003756284713745,-0.10162140429019928,0.08236385881900787,0.9449162483215332,-0.30003756284713745,-0.10162140429019928,0.08236385881900787,0.9449162483215332,-0.14626136422157288,-0.7514179944992065,-0.1042163074016571,0.6349153518676758,-0.030742548406124115,-0.7580363750457764,0.03179650753736496,0.650711178779602,-0.2798801064491272,-0.7051442861557007,0.24545171856880188,0.6034834980964661,-0.3434748947620392,0.23157396912574768,-0.14296884834766388,0.8988651037216187,-0.3604204058647156,0.10158880054950714,-0.0930035412311554,0.9225655198097229,-0.25180307030677795,0.09021023660898209,-0.10430698096752167,0.957902729511261,-0.25180307030677795,0.09021023660898209,-0.10430698096752167,0.957902729511261,-0.1548481583595276,0.18020208179950714,-0.03230532631278038,0.9708273410797119,-0.15475164353847504,0.18275341391563416,-0.032650645822286606,0.9703541994094849,0.569530725479126,0.1075209304690361,-0.1513386368751526,0.8007313013076782,0.5765663385391235,-0.04070034623146057,0.03201582655310631,0.8154078125953674,0.49737250804901123,-0.4660019278526306,-0.3215519189834595,0.6573183536529541,0.547951340675354,-0.4254852533340454,-0.36375778913497925,0.621604323387146,0.547951340675354,-0.4254852533340454,-0.36375778913497925,0.621604323387146,-0.1533673256635666,0.2362179160118103,-0.04515642300248146,0.9584574103355408,-0.6722176671028137,0.21980319917201996,0.09741321206092834,0.7002291083335876,-0.6945194005966187,0.12338122725486755,0.009766686707735062,0.708748459815979,-0.5192797183990479,-0.33564484119415283,0.4852069616317749,0.618276059627533,-0.5512574315071106,-0.30509310960769653,0.5178102254867554,0.578710675239563,-0.5512574315071106,-0.30509310960769653,0.5178102254867554,0.578710675239563,-0.1548481583595276,0.18020208179950714,-0.03230532631278038,0.9708273410797119
-0.16671963036060333,0.380282998085022,0.31613409519195557,-0.1793629229068756,0.17010900378227234,-0.026732312515378,0.9685955047607422,-2.513201951980591,-0.18965457379817963,0.10484027117490768,2.3586392402648926,-0.36956772208213806,0.03235509246587753,-1.994867205619812,0.3349630832672119,0.6818699836730957,2.1968846321105957,-0.2571273446083069,0.25802743434906006,0.0,0.017635107040405273,1.564780831336975,0.4681525230407715,-1.2000681161880493,-0.20935885608196259,0.147345632314682,-1.1623355150222778,-0.2745758891105652,-1.4358991384506226,0.1410422921180725,0.0,0.09205474704504013,0.839277446269989,0.18497763946652412,-2.34698748588562,-0.774248480796814,1.1320230960845947,2.5138590335845947,0.38409990072250366,0.6586340665817261,-0.4142188725527376,1.4403085708618164,-0.8761146515607834,4.165867328643799,-1.2026952505111694,0.3560149371623993,-1.6534780263900757,1.3828119039535522,1.3607690334320068,0.0,0.6199783086776733,0.6001102328300476,-0.28101682662963867,-1.090003252029419,-1.9467709064483643,1.4858288764953613,2.513833999633789,-0.47180232405662537,-1.382517695426941,0.2800208330154419,0.0,0.0,0.0,-0.1793629229068756,0.17010900378227234,-0.026732312515378,0.9685955047607422,-0.1793629229068756,0.17010900378227234,-0.026732312515378,0.9685955047607422,-0.03811760991811752,-0.7930675745010376,0.3949265778064728,0.46219465136528015,-0.0817093700170517,-0.8268982172012329,0.3180604875087738,0.45650896430015564,-0.12492340058088303,-0.8214811086654663,0.34154289960861206,0.4392167329788208,-0.36336901783943176,0.09254925698041916,0.014844474382698536,0.9269181489944458,-0.3544555902481079,-0.07933275401592255,0.0813550353050232,0.9281427264213562,-0.33939477801322937,-0.0780063048005104,0.08262774348258972,0.9337552189826965,-0.33939477801322937,-0.0780063048005104,0.08262774348258972,0.9337552189826965,-0.15597596764564514,-0.7326945066452026,-0.07955679297447205,0.6576480865478516,-0.04416380077600479,-0.7357045412063599,0.043696314096450806,0.674447238445282,-0.2876181900501251,-0.6785922050476074,0.266695111989975,0.6210170388221741,-0.36835354566574097,0.2442670315504074,-0.13478197157382965,0.8868388533592224,-0.38259389996528625,0.12854968011379242,-0.08644309639930725,0.9108372330665588,-0.2622295022010803,0.1163599044084549,-0.10226339101791382,0.9524905681610107,-0.2622295022010803,0.1163599044084549,-0.10226339101791382,0.9524905681610107,-0.1793629229068756,0.17010900378227234,-0.026732312515378,0.9685955047607422,-0.1790265291929245,0.17872537672519684,-0.027773408219218254,0.9670757055282593,0.5547948479652405,0.10717786103487015,-0.14569498598575592,0.8120890259742737,0.5623530149459839,-0.03600209578871727,0.03818448632955551,0.8252301812171936,0.4856454133987427,-0.47489070892333984,-0.3147224485874176,0.6630061268806458,0.5482680201530457,-0.42560461163520813,-0.36672306060791016,0.6194974184036255,0.5482680201530457,-0.42560461163520813,-0.36672306060791016,0.6194974184036255,-0.17769880592823029,0.2399725317955017,-0.04431261122226715,0.9533481597900391,-0.6719130873680115,0.2249019891023636,0.09470754116773605,0.6992727518081665,-0.6954957246780396,0.12500213086605072,0.004078820813447237,0.7075616717338562,-0.5172437429428101,-0.3416764438152313,0.4891442060470581,0.6135585308074951,-0.5508440732955933,-0.3100295066833496,0.5226399302482605,0.5721014142036438,-0.5508440732955933,-0.3100295066833496,0.5226399302482605,0.5721014142036438,-0.1793629229068756,0.17010900378227234,-0.026732312515378,0.9685955047607422
-0.16660862267017365,0.39646753668785095,0.32590491771698,-0.210693359375,0.1536543369293213,-0.011474698781967163,0.965332567691803,-2.4448941707611085,-0.1947227507829666,0.09930563122034072,2.3426249504089354,-0.31935639381408687,0.00347134917974469,-1.8826101779937743,0.29449956417083734,0.6549360990524292,2.1425131797790526,-0.23313845396041868,0.2601440727710724,0.0,0.03476701974868776,1.5713642597198487,0.4632781445980072,-1.2287952899932861,-0.2318156957626343,0.18779878020286564,-1.0843521833419798,-0.2816729962825775,-1.4500653505325318,0.13684754073619843,0.0,0.04015212953090662,0.8212471008300781,0.36711572110652946,-2.6657958507537844,-1.0183972358703617,1.8314835548400885,3.054776906967164,0.001594650745391446,0.0974144458770746,-0.6461162090301515,2.082463169097901,-1.2169580936431887,5.034057617187501,-1.6949836730957037,-0.6656105101108563,-2.2925346374511726,1.2727914094924926,0.6078067302703849,0.0,0.7619486689567567,0.4375469267368315,-0.2586380749940872,-1.2978164434432986,-1.4524135351181025,1.8079259872436526,3.3450334072113046,-0.4016341269016265,-0.9779934048652645,-0.013834190368652688,0.0,0.0,0.0,-0.210693359375,0.1536543369293213,-0.011474698781967163,0.965332567691803,-0.210693359375,0.1536543369293213,-0.011474698781967163,0.965332567691803,-0.045686911791563034,-0.7728220224380493,0.42212581634521484,0.4716659188270569,-0.09133032709360123,-0.8102083206176758,0.3450174927711487,0.4649561047554016,-0.1314581334590912,-0.8046647310256958,0.3676437735557556,0.44729357957839966,-0.38977712392807007,0.0991671085357666,0.022024717181921005,0.9152892827987671,-0.38153788447380066,-0.047809988260269165,0.08331158012151718,0.9193487763404846,-0.3799439072608948,-0.04769515246152878,0.08371911942958832,0.9199776649475098,-0.3799439072608948,-0.04769515246152878,0.08371911942958832,0.9199776649475098,-0.16640986502170563,-0.7072978019714355,-0.04439343884587288,0.6856142282485962,-0.06438326835632324,-0.7063707113265991,0.060263801366090775,0.7023270726203918,-0.2884094715118408,-0.6480569243431091,0.28271281719207764,0.6456902027130127,-0.38597506284713745,0.2564956247806549,-0.11741597950458527,0.8783203959465027,-0.39717960357666016,0.15254798531532288,-0.07185320556163788,0.9021167755126953,-0.27681592106819153,0.14194558560848236,-0.09104928374290466,0.9460097551345825,-0.27681592106819153,0.14194558560848236,-0.09104928374290466,0.9460097551345825,-0.210693359375,0.1536543369293213,-0.011474698781967163,0.965332567691803,-0.21036288142204285,0.17058077454566956,-0.014253598637878895,0.962520956993103,0.5320931077003479,0.1105286180973053,-0.13072757422924042,0.8291988372802734,0.5412970781326294,-0.026324663311243057,0.055054329335689545,0.8386141061782837,0.4737718403339386,-0.4845539331436157,-0.2967166006565094,0.672835111618042,0.5440365076065063,-0.43041616678237915,-0.3551497459411621,0.6266058087348938,0.5440365076065063,-0.43041616678237915,-0.3551497459411621,0.6266058087348938,-0.2096944898366928,0.2419491708278656,-0.03724755346775055,0.9466264247894287,-0.668089747428894,0.22645607590675354,0.09291331470012665,0.7026669383049011,-0.6923856735229492,0.12443279474973679,-0.0005656421417370439,0.7107166051864624,-0.5147322416305542,-0.34842556715011597,0.48764848709106445,0.6130656003952026,-0.5478084683418274,-0.3178742229938507,0.5200725793838501,0.5730500221252441,-0.5478084683418274,-0.3178742229938507,0.5200725793838501,0.5730500221252441,-0.210693359375,0.1536543369293213,-0.011474698781967163,0.965332567691803
-0.1660507619380951,0.4131952285766602,0.3352450966835022,-0.23854601383209229,0.14027675986289978,0.0038654340896755457,0.9609387516975403,-2.3729716777801513,-0.19752433896064758,0.09721193164587022,2.3218014240264893,-0.2754148304462432,-0.019941474497318295,-1.7794301986694334,0.24997701942920672,0.6354051351547241,2.084663152694702,-0.21004683673381802,0.2616041302680969,0.0,0.048472397029399886,1.5742056369781494,0.4575369477272034,-1.2500728607177733,-0.2489536464214325,0.22684484124183663,-1.0119333028793334,-0.2853957235813141,-1.4561000108718871,0.13558068573474885,0.0,0.018955973815173,0.825521469116211,0.4756217896938323,-2.690550065040587,-0.9922255396842944,2.2286154985427853,3.523830175399781,-0.18541118502616838,-0.17350378632545402,-0.9449915170669565,2.322473311424254,-1.2800594687461841,5.340539741516111,-2.144946718215943,-1.1246065139770494,-2.8229296207427987,1.1725262165069579,0.08613448739051806,0.0,0.7537995219230645,0.21690986752509994,-0.2697234570980074,-1.2128705024719224,-0.9632752895355214,1.980444765090942,3.7322328090667716,-0.25362394452094966,-0.46436399221420127,-0.12190066874027193,0.0,0.0,0.0,-0.23854601383209229,0.14027675986289978,0.0038654340896755457,0.9609387516975403,-0.23854601383209229,0.14027675986289978,0.0038654340896755457,0.9609387516975403,-0.0527404323220253,-0.7506850957870483,0.44565150141716003,0.4848557114601135,-0.10028395801782608,-0.7909682989120483,0.36945536732673645,0.47729992866516113,-0.13857249915599823,-0.7851630449295044,0.39223477244377136,0.45876839756965637,-0.41488391160964966,0.10794486105442047,0.029370542615652084,0.9029709100723267,-0.4070301651954651,-0.01710641384124756,0.08589984476566315,0.9092057943344116,-0.4160716235637665,-0.0179747324436903,0.0858105719089508,0.9050954580307007,-0.4160716235637665,-0.0179747324436903,0.0858105719089508,0.9050954580307007,-0.17599162459373474,-0.6807538270950317,-0.011815594509243965,0.7109582424163818,-0.08624391257762909,-0.6770703792572021,0.07346922904253006,0.7271450161933899,-0.29346269369125366,-0.6162474155426025,0.2969159483909607,0.667802095413208,-0.40426766872406006,0.2661246359348297,-0.10342894494533539,0.8689348697662354,-0.41292938590049744,0.17352350056171417,-0.06057102978229523,0.8920258283615112,-0.2930556535720825,0.16414092481136322,-0.08268663287162781,0.9382639527320862,-0.2930556535720825,0.16414092481136322,-0.08268663287162781,0.9382639527320862,-0.23854601383209229,0.14027675986289978,0.0038654340896755457,0.9609387516975403,-0.23837600648403168,0.1638329029083252,-0.000476449029520154,0.95725417137146,0.5097644329071045,0.11530213057994843,-0.11637605726718903,0.8445721864700317,0.520895779132843,-0.015135209076106548,0.07052934169769287,0.8505669832229614,0.4628191292285919,-0.48996031284332275,-0.27825507521629333,0.6843327879905701,0.5389041304588318,-0.43231430649757385,-0.3423088788986206,0.6367979645729065,0.5389041304588318,-0.43231430649757385,-0.3423088788986206,0.6367979645729065,-0.23852607607841492,0.24616259336471558,-0.030114056542515755,0.9389368891716003,-0.6637158393859863,0.22997945547103882,0.09286825358867645,0.7056673169136047,-0.6887809038162231,0.12713496387004852,-0.0023046245332807302,0.7137313485145569,-0.5116732716560364,-0.3502865433692932,0.48576685786247253,0.6160522699356079,-0.544617235660553,-0.3201849162578583,0.5180925130844116,0.5765882134437561,-0.544617235660553,-0.3201849162578583,0.5180925130844116,0.5765882134437561,-0.23854601383209229,0.14027675986289978,0.0038654340896755457,0.9609387516975403
-0.1645991951227188,0.4310092270374298,0.34372398853302,-0.2598361372947693,0.13337048888206482,0.019334057345986366,0.9562027454376221,-2.293819761276245,-0.19579274952411652,0.10200011283159255,2.2913594245910645,-0.24401279687881477,-0.03241245895624158,-1.6944043159484865,0.1973364233970643,0.6306800127029419,2.0198559761047363,-0.1887497663497925,0.2617510259151459,0.0,0.0553247034549713,1.5695629119873047,0.4500621140003205,-1.2564512252807618,-0.25545381903648373,0.2630767285823821,-0.9506433248519899,-0.28236969113349913,-1.4458715677261353,0.14016962349414824,0.0,0.05917274309322229,0.874405264854431,0.43686386942863475,-2.127195978164674,-0.42541294097900517,2.021090412139893,3.8491542339324942,0.01858180761337236,0.13618084788322382,-1.3778227686882007,1.7581945419311535,-0.787676739692689,4.523605537414553,-2.510259008407592,-0.4583437204360977,-3.1360013484954825,1.0917716264724733,0.02704220861196531,0.0,0.44541136026382516,-0.11987469792365951,-0.3477371066808699,-0.542406296730043,-0.48457529544830436,1.8538068771362308,3.2314321994781503,0.05007020831108028,0.26747566461562944,0.14160998761653842,0.0,0.0,0.0,-0.2598361372947693,0.13337048888206482,0.019334057345986366,0.9562027454376221,-0.2598361372947693,0.13337048888206482,0.019334057345986366,0.9562027454376221,-0.058809369802474976,-0.725752592086792,0.46232080459594727,0.5060474872589111,-0.10798195004463196,-0.7674642205238342,0.38916632533073425,0.49788373708724976,-0.14694127440452576,-0.7609630823135376,0.41406649351119995,0.47738057374954224,-0.437729150056839,0.12112665921449661,0.03706131875514984,0.8901392817497253,-0.4300699234008789,0.011814846657216549,0.08991494029760361,0.89822918176651,-0.4445653557777405,0.01034403033554554,0.09018023312091827,0.8911353349685669,-0.4445653557777405,0.01034403033554554,0.09018023312091827,0.8911353349685669,-0.18439486622810364,-0.6542938947677612,0.015375737100839615,0.733254075050354,-0.11151409149169922,-0.6497551798820496,0.0800841748714447,0.7476425170898438,-0.3075588047504425,-0.5831333994865417,0.3079835772514343,0.6859366297721863,-0.4242790639400482,0.27080637216567993,-0.096326544880867,0.8587039113044739,-0.43151476979255676,0.1886366456747055,-0.05600731447339058,0.8803831338882446,-0.3129326105117798,0.17971430718898773,-0.08014628291130066,0.9291676878929138,-0.3129326105117798,0.17971430718898773,-0.08014628291130066,0.9291676878929138,-0.2598361372947693,0.13337048888206482,0.019334057345986366,0.9562027454376221,-0.2600586414337158,0.16015872359275818,0.013781223446130753,0.9521180391311646,0.48883166909217834,0.1230478584766388,-0.10342365503311157,0.857441782951355,0.5024334788322449,-0.0009609926491975784,0.08326402306556702,0.860596776008606,0.45401638746261597,-0.48715758323669434,-0.25908324122428894,0.699587345123291,0.5319712162017822,-0.4283839166164398,-0.3269384801387787,0.6531503200531006,0.5319712162017822,-0.4283839166164398,-0.3269384801387787,0.6531503200531006,-0.261298269033432,0.25518277287483215,-0.022901155054569244,0.9306344985961914,-0.6582307815551758,0.23743751645088196,0.0963200181722641,0.707868754863739,-0.6841744184494019,0.13637743890285492,0.0017674737609922886,0.7164521813392639,-0.5075027346611023,-0.3423597514629364,0.4830976128578186,0.6259772777557373,-0.5411259531974792,-0.31143370270729065,0.5172975063323975,0.5853163599967957,-0.5411259531974792,-0.31143370270729065,0.5172975063323975,0.5853163599967957,-0.2598361372947693,0.13337048888206482,0.019334057345986366,0.9562027454376221
-0.1640378475189209,0.44920629262924194,0.3529229283332825,-0.28377068042755127,0.12302376329898834,0.04011467844247818,0.9501211643218994,-2.2074305057525634,-0.19990044236183166,0.10439098924398423,2.260132074356079,-0.21728723645210268,-0.026127754896879213,-1.6002552032470705,0.1401314646005631,0.6233156204223633,1.9430355548858644,-0.17617407143115998,0.26179999113082886,0.0,0.0673841133713722,1.5576624393463134,0.4493739366531372,-1.2733797550201416,-0.2647619068622589,0.30412797331809993,-0.8905978918075562,-0.28138492703437806,-1.4318748712539673,0.15284835398197172,0.0,0.0458717599511147,0.9021918773651123,0.44554600119590754,-2.0653309583663937,-0.341725894808769,2.333761286735534,4.174715852737426,-0.08859899193048448,0.16748990714550033,-1.545660376548767,1.4298074007034305,-0.060878551006318116,4.524990844726562,-2.7689606189727782,-0.3154341965913771,-3.6007560253143307,0.8032121896743779,0.004406869132071738,0.0,0.4988283991813657,-0.4498686403036114,-0.17014196515083346,-0.6354231536388392,-0.4092460691928862,1.9561749935150143,3.0271623134613037,0.09006356298923503,0.6244697332382201,0.47214063107967336,0.0,0.0,0.0,-0.28377068042755127,0.12302376329898834,0.04011467844247818,0.9501211643218994,-0.28377068042755127,0.12302376329898834,0.04011467844247818,0.9501211643218994,-0.06564810872077942,-0.6985611915588379,0.48240384459495544,0.524394154548645,-0.11767669767141342,-0.7432225942611694,0.4103270471096039,0.5151738524436951,-0.15628264844417572,-0.7360719442367554,0.43665429949760437,0.4930589199066162,-0.46147242188453674,0.13207854330539703,0.045179255306720734,0.876103401184082,-0.4539700746536255,0.036195747554302216,0.09476856887340546,0.8852230310440063,-0.4655071496963501,0.03497845306992531,0.09510531276464462,0.8792239427566528,-0.4655071496963501,0.03497845306992531,0.09510531276464462,0.8792239427566528,-0.19383439421653748,-0.6254803538322449,0.04809840768575668,0.7542474269866943,-0.14090541005134583,-0.6209938526153564,0.09237860143184662,0.76549232006073,-0.3246151804924011,-0.5478786826133728,0.3225937783718109,0.7002767324447632,-0.4492299556732178,0.2696130871772766,-0.08535539358854294,0.8474760055541992,-0.4550284147262573,0.19397443532943726,-0.0455746129155159,0.8678975105285645,-0.33785194158554077,0.1863662749528885,-0.07050351798534393,0.9198657274246216,-0.33785194158554077,0.1863662749528885,-0.07050351798534393,0.9198657274246216,-0.28377068042755127,0.12302376329898834,0.04011467844247818,0.9501211643218994,-0.2847902774810791,0.15546010434627533,0.03243004530668259,0.9453438520431519,0.4613657295703888,0.13335207104682922,-0.08607794344425201,0.8728972673416138,0.4782376289367676,0.015220248140394688,0.10374157130718231,0.8719488978385925,0.44427141547203064,-0.4875011146068573,-0.23278364539146423,0.7146871089935303,0.5252301692962646,-0.4268016815185547,-0.30527758598327637,0.6699098944664001,0.5252301692962646,-0.4268016815185547,-0.30527758598327637,0.6699098944664001,-0.28792569041252136,0.26238131523132324,-0.01268808450549841,0.9209201335906982,-0.656523585319519,0.2423660159111023,0.10148632526397705,0.7070616483688354,-0.6830625534057617,0.1418636441230774,0.007309580221772194,0.7164124846458435,-0.5060256123542786,-0.3340901732444763,0.48273181915283203,0.6318956017494202,-0.542019784450531,-0.3003939986228943,0.5205126404762268,0.5874050855636597,-0.542019784450531,-0.3003939986228943,0.5205126404762268,0.5874050855636597,-0.28377068042755127,0.12302376329898834,0.04011467844247818,0.9501211643218994
-0.16392160952091217,0.4675948917865753,0.36248189210891724,-0.3087632656097412,0.11085135489702225,0.06350628286600113,0.9425201416015625,-2.117422580718994,-0.20692777633666992,0.10558321326971054,2.2285120487213135,-0.1928999125957489,-0.010465206578373909,-1.50154447555542,0.08064432442188264,0.6146315932273865,1.860208511352539,-0.167959064245224,0.26179999113082886,0.0,0.08204707503318787,1.542133092880249,0.45207908749580383,-1.2955833673477173,-0.275473952293396,0.3475888967514038,-0.8311747312545776,-0.2814207971096039,-1.4159940481185913,0.16957198083400726,0.0,0.005811899900436401,0.9194298982620239,0.4779481589794159,-2.2542104721069336,-0.49960164725780487,2.9065301418304443,4.500396251678467,-0.35136667639017105,0.05961120128631592,-1.5810011625289917,1.2193660736083984,0.7831273674964905,4.935535907745361,-2.9743568897247314,-0.43420132994651794,-4.14135217666626,0.4107503294944763,0.0,0.0,0.7331480383872986,-0.7764672487974167,0.1352575719356537,-1.1101805865764618,-0.5356022715568542,2.173046112060547,2.9711577892303467,-0.001793503761291504,0.794041097164154,0.8361812680959702,0.0,0.0,0.0,-0.3087632656097412,0.11085135489702225,0.06350628286600113,0.9425201416015625,-0.3087632656097412,0.11085135489702225,0.06350628286600113,0.9425201416015625,-0.07280891388654709,-0.6696426272392273,0.5037534236907959,0.5408419966697693,-0.12827739119529724,-0.7180889844894409,0.4318992793560028,0.5304301381111145,-0.16599014401435852,-0.7103197574615479,0.4592868387699127,0.5069010853767395,-0.48542407155036926,0.14184461534023285,0.053484536707401276,0.8610360026359558,-0.4780173897743225,0.05826718732714653,0.09998252987861633,0.8706938624382019,-0.48256680369377136,0.057743221521377563,0.10028605163097382,0.8681806921958923,-0.48256680369377136,0.057743221521377563,0.10028605163097382,0.8681806921958923,-0.2034807801246643,-0.5945484042167664,0.08347728103399277,0.7733946442604065,-0.17213888466358185,-0.590700089931488,0.10737641155719757,0.7809686064720154,-0.3427615463733673,-0.5109529495239258,0.33858972787857056,0.7118979096412659,-0.47632721066474915,0.2652936279773712,-0.07239370048046112,0.835159182548523,-0.48072099685668945,0.19430479407310486,-0.03218383714556694,0.8544689416885376,-0.36507749557495117,0.18844164907932281,-0.05727042257785797,0.9099056124687195,-0.36507749557495117,0.18844164907932281,-0.05727042257785797,0.9099056124687195,-0.3087632656097412,0.11085135489702225,0.06350628286600113,0.9425201416015625,-0.3108173906803131,0.15013159811496735,0.05324198678135872,0.93702632188797,0.43010589480400085,0.1447739154100418,-0.06644335389137268,0.8886139392852783,0.4506121277809143,0.03237871825695038,0.1279556155204773,0.8829086422920227,0.43370702862739563,-0.48903122544288635,-0.20274600386619568,0.7291370034217834,0.5182719826698303,-0.4261379539966583,-0.28029516339302063,0.6864657402038574,0.5182719826698303,-0.4261379539966583,-0.28029516339302063,0.6864657402038574,-0.3162754476070404,0.26848873496055603,-0.0009703797404654324,0.9098805785179138,-0.6566975712776184,0.24602657556533813,0.10750847309827805,0.704741895198822,-0.6836967468261719,0.14547109603881836,0.013586362823843956,0.7149911522865295,-0.5058898329734802,-0.32564619183540344,0.4835124909877777,0.6358031630516052,-0.5450516939163208,-0.2881808578968048,0.5256803631782532,0.5861148238182068,-0.5450516939163208,-0.2881808578968048,0.5256803631782532,0.5861148238182068,-0.3087632656097412,0.11085135489702225,0.06350628286600113,0.9425201416015625
-0.16537669897079468,0.48967174291610727,0.36675075292587284,-0.3267436921596527,0.10128770768642426,0.0772002562880516,0.9364932775497437,-2.037871122360229,-0.19597207903861993,0.12602988481521615,2.1962504386901855,-0.1752239137887954,0.012859108671546087,-1.4446737766265867,0.00378342568874325,0.6290456771850587,1.7597445487976069,-0.17460811734199527,0.26179999113082886,0.0,0.08834372162818911,1.521444535255432,0.4550704836845398,-1.30108540058136,-0.2705578565597534,0.3844897627830507,-0.7947821617126464,-0.2793762922286987,-1.3926578998565673,0.16864120960235596,0.0,-0.0413279195316138,1.030077457427979,0.3192450702190392,-1.9027363777160629,-0.5154453516006471,2.256867289543149,4.1867021083831775,0.1881242692470575,0.6372445784509208,-1.6002486944198608,1.0180263757705679,1.012980341911317,3.680335187911982,-3.4955696105957053,0.25874193310737914,-4.67045946121216,-0.03517142534256179,0.0,0.0,0.48215859532356153,-0.9312436342239387,0.1438448935747147,-0.6091332435607888,-0.0667580366134623,1.976244354248046,2.2802401304244966,0.06061774056870518,1.0177008152008067,0.3065493941307045,0.0,0.0,0.0,-0.3267436921596527,0.10128770768642426,0.0772002562880516,0.9364932775497437,-0.3267436921596527,0.10128770768642426,0.0772002562880516,0.9364932775497437,-0.086003378033638,-0.6453197598457336,0.5155457258224487,0.5571160316467285,-0.14004680514335632,-0.6926450729370117,0.4498794972896576,0.5461118817329407,-0.18322424590587616,-0.6824500560760498,0.48352178931236267,0.5166212320327759,-0.5138324499130249,0.14946621656417847,0.057293929159641266,0.8428248167037964,-0.5069113969802856,0.07504432648420334,0.10187634080648422,0.8526606559753418,-0.5014365315437317,0.07569294422864914,0.10123613476753235,0.8559107780456543,-0.5014365315437317,0.07569294422864914,0.10123613476753235,0.8559107780456543,-0.21358653903007507,-0.5780172348022461,0.10622066259384155,0.7803807258605957,-0.2122378945350647,-0.5782681703567505,0.10772323608398438,0.7803568840026855,-0.3806503415107727,-0.48413974046707153,0.34388959407806396,0.7088398337364197,-0.507976233959198,0.2383083552122116,-0.07321016490459442,0.8245056867599487,-0.5124450922012329,0.16554759442806244,-0.028571370989084244,0.8421269655227661,-0.398141086101532,0.16040197014808655,-0.04993528500199318,0.9018099904060364,-0.398141086101532,0.16040197014808655,-0.04993528500199318,0.9018099904060364,-0.3267436921596527,0.10128770768642426,0.0772002562880516,0.9364932775497437,-0.3295671045780182,0.14335331320762634,0.06528082489967346,0.9308995008468628,0.4030890464782715,0.14877350628376007,-0.05153346806764603,0.9015154242515564,0.42547744512557983,0.04144423454999924,0.14705558121204376,0.8919788599014282,0.4244506359100342,-0.49021753668785095,-0.17398330569267273,0.7411196231842041,0.5079524517059326,-0.4288088083267212,-0.25205719470977783,0.7032598853111267,0.5079524517059326,-0.4288088083267212,-0.25205719470977783,0.7032598853111267,-0.3367273211479187,0.27397096157073975,0.0019944091327488422,0.9008610844612122,-0.65915447473526,0.2518404722213745,0.10779382288455963,0.700337290763855,-0.6867855787277222,0.15167123079299927,0.015185033902525902,0.710697591304779,-0.5123579502105713,-0.31095337867736816,0.48017972707748413,0.640487790107727,-0.5501571297645569,-0.27313756942749023,0.5227515697479248,0.5911463499069214,-0.5501571297645569,-0.27313756942749023,0.5227515697479248,0.5911463499069214,-0.3267436921596527,0.10128770768642426,0.0772002562880516,0.9364932775497437
-0.16442911028861995,0.5122412204742434,0.3670844256877899,-0.34391820430755615,0.08865875005722046,0.09047675132751465,0.9304158687591553,-1.9537919044494623,-0.1869325369596481,0.14691880941391006,2.161796998977661,-0.15874135792255392,0.041465262696147226,-1.3855962038040157,-0.07200591564178516,0.6325062751770019,1.6586017131805413,-0.1727852106094359,0.2614900767803192,0.0,0.09259278625249863,1.493323993682861,0.4590098381042481,-1.3126809597015383,-0.2641626894474029,0.4191631257534029,-0.7658937811851501,-0.2736973047256469,-1.368775701522827,0.17168418169021613,0.0,-0.0006741270422921108,1.1186212778091433,0.09538739621639014,-1.6104528427124012,-0.7013355493545568,1.8578968763351447,4.113405418395999,0.49030020833015325,1.0356010913848879,-1.6788352727890028,0.8479966163635246,1.3246708154678377,2.9097409248352064,-3.810897827148437,0.39209958314894977,-5.0435638427734375,-0.07829384207725021,-0.009297429770231432,0.0,0.2534048438072192,-1.2573873996734664,0.17800853848457393,-0.457907414436344,0.29017691016197295,1.7782181024551378,1.594502711296077,0.2112597033381484,1.1831887960433962,0.07267373576760529,0.0,0.0,0.0,-0.34391820430755615,0.08865875005722046,0.09047675132751465,0.9304158687591553,-0.34391820430755615,0.08865875005722046,0.09047675132751465,0.9304158687591553,-0.10131803900003433,-0.6216095685958862,0.5253475904464722,0.5721418261528015,-0.15426170825958252,-0.6679214239120483,0.4650183618068695,0.5602160692214966,-0.20276980102062225,-0.6547650098800659,0.5049747228622437,0.5245644450187683,-0.5409834384918213,0.15491381287574768,0.05890451371669769,0.8245416283607483,-0.5346190333366394,0.0889991968870163,0.10153430700302124,0.8342376947402954,-0.5172201991081238,0.09101805090904236,0.09956963360309601,0.8451539278030396,-0.5172201991081238,0.09101805090904236,0.09956963360309601,0.8451539278030396,-0.22373777627944946,-0.5626718997955322,0.12788304686546326,0.7854856252670288,-0.25187480449676514,-0.5671958923339844,0.10772287845611572,0.7766876220703125,-0.41582030057907104,-0.4608299136161804,0.3439333140850067,0.7045843601226807,-0.5348540544509888,0.20857466757297516,-0.07399460673332214,0.815446138381958,-0.5391822457313538,0.13739214837551117,-0.027642307803034782,0.8304468393325806,-0.4263131022453308,0.13261637091636658,-0.04532430320978165,0.8936530351638794,-0.4263131022453308,0.13261637091636658,-0.04532430320978165,0.8936530351638794,-0.34391820430755615,0.08865875005722046,0.09047675132751465,0.9304158687591553,-0.34747129678726196,0.13253749907016754,0.0771978497505188,0.9250611066818237,0.3732607960700989,0.1495337188243866,-0.03342049568891525,0.9149858355522156,0.3969622254371643,0.047838471829891205,0.16988661885261536,0.9007058143615723,0.4148145020008087,-0.4957103133201599,-0.14154744148254395,0.7497763633728027,0.4972066283226013,-0.4360700845718384,-0.21915961802005768,0.7173545956611633,0.4972066283226013,-0.4360700845718384,-0.21915961802005768,0.7173545956611633,-0.35634031891822815,0.27536478638648987,0.004811454564332962,0.8928453326225281,-0.6641436815261841,0.2536066174507141,0.10737007856369019,0.6950312852859497,-0.6915509700775146,0.1548786610364914,0.017401816323399544,0.7053133249282837,-0.5199389457702637,-0.29763340950012207,0.4780522286891937,0.6422957181930542,-0.5572493076324463,-0.2584683299064636,0.5217359066009521,0.5919957160949707,-0.5572493076324463,-0.2584683299064636,0.5217359066009521,0.5919957160949707,-0.34391820430755615,0.08865875005722046,0.09047675132751465,0.9304158687591553
-0.1586761653423309,0.5357959508895875,0.3595477223396301,-0.35964512825012207,0.06996399164199829,0.10295011103153229,0.924749493598938,-1.860657167434692,-0.18172530531883238,0.1686922401189805,2.1229598999023436,-0.14464568793773644,0.08063509427011031,-1.3221048831939695,-0.14565211981534992,0.6140599012374877,1.5561011314392086,-0.15401838421821587,0.2605603337287903,0.0,0.0927466869354248,1.4503394842147825,0.4648451089859009,-1.3364635705947876,-0.25480937957763666,0.4493814826011659,-0.7520137786865234,-0.26074935197830196,-1.3438014030456542,0.18267464041709905,0.0,0.2155668869614611,1.1629576206207277,-0.25877949297428293,-1.4365504264831535,-1.2273187041282676,1.960311341285706,4.520903635025026,0.3178462386131279,1.0754038572311404,-1.876099944114686,0.7405867338180537,1.8000362873077413,3.1083595752716073,-3.714457035064697,-0.5937140822410627,-5.1046624183654785,0.6841825067997012,-0.03718971908092511,0.0,0.06912247538566507,-1.9262659549713164,0.26332477033138313,-1.0063246726989772,0.42329332530498565,1.5777428627014152,0.9191257715225191,0.5383631035685554,1.232333302497864,0.43031061664223824,0.0,0.0,0.0,-0.35964512825012207,0.06996399164199829,0.10295011103153229,0.924749493598938,-0.35964512825012207,0.06996399164199829,0.10295011103153229,0.924749493598938,-0.12096235156059265,-0.5999471545219421,0.5317946076393127,0.5853428244590759,-0.17356403172016144,-0.6457204818725586,0.4751415252685547,0.5719798803329468,-0.22724881768226624,-0.6287696361541748,0.5217331647872925,0.5299069881439209,-0.5663056373596191,0.15621547400951385,0.05619547516107559,0.8073021173477173,-0.5607736110687256,0.0974196344614029,0.09689231216907501,0.8164891004562378,-0.5274189710617065,0.10117726773023605,0.09279029071331024,0.8384405374526978,-0.5274189710617065,0.10117726773023605,0.09279029071331024,0.8384405374526978,-0.23421531915664673,-0.5503653287887573,0.1474888026714325,0.7877108454704285,-0.29091209173202515,-0.5599254369735718,0.10722647607326508,0.7683463096618652,-0.44656720757484436,-0.4459162950515747,0.3344272971153259,0.6999247670173645,-0.5531803965568542,0.1738772690296173,-0.07486274838447571,0.8112667202949524,-0.5572377443313599,0.11090466380119324,-0.03215528279542923,0.8222848176956177,-0.44569122791290283,0.10578808188438416,-0.04629634693264961,0.8877075910568237,-0.44569122791290283,0.10578808188438416,-0.04629634693264961,0.8877075910568237,-0.35964512825012207,0.06996399164199829,0.10295011103153229,0.924749493598938,-0.36381804943084717,0.11371918022632599,0.08889147639274597,0.920218825340271,0.33806729316711426,0.14388859272003174,-0.008962877094745636,0.9300140738487244,0.3619394898414612,0.048897355794906616,0.20019912719726562,0.9091364145278931,0.4046505093574524,-0.5100528597831726,-0.10191075503826141,0.7521424293518066,0.48587745428085327,-0.4527038037776947,-0.17713509500026703,0.7263647317886353,0.48587745428085327,-0.4527038037776947,-0.17713509500026703,0.7263647317886353,-0.3744775056838989,0.26875266432762146,0.007333043497055769,0.8874034881591797,-0.674176037311554,0.24726952612400055,0.10552491247653961,0.6879017949104309,-0.699682891368866,0.15210343897342682,0.020854830741882324,0.6977630853652954,-0.5299157500267029,-0.2871665954589844,0.4784969091415405,0.6385650038719177,-0.5684357285499573,-0.24461372196674347,0.5246639251708984,0.5846132636070251,-0.5684357285499573,-0.24461372196674347,0.5246639251708984,0.5846132636070251,-0.35964512825012207,0.06996399164199829,0.10295011103153229,0.924749493598938
-0.15929023027420045,0.55726318359375,0.34982559084892273,-0.3767690658569336,0.05000631511211395,0.1118588075041771,0.918167769908905,-1.7738715171813964,-0.16632629334926602,0.18774325251579288,2.08178973197937,-0.13535230457782743,0.10373914837837223,-1.2567567110061644,-0.19887370467185983,0.5819914817810058,1.4766652584075926,-0.13688693046569822,0.2527439773082733,0.0,0.0917269840836525,1.40157732963562,0.47801500558853155,-1.3728022098541262,-0.24488384723663328,0.4750082910060883,-0.7402531743049622,-0.25338870882987974,-1.3266320705413819,0.19314228892326357,0.0,0.09663693308830199,1.1151115179061888,-0.4423979938030245,-1.4812668800354007,-1.555861878395081,1.8356503248214717,4.4662639617919915,0.5661150038242351,1.0069989204406735,-2.011846947669983,0.5607148528099055,1.4765180826187119,3.230271339416504,-3.0695714950561506,-1.3309800028800978,-4.433087444305418,0.889280080795288,-0.253085549920798,0.0,-0.02751306938007486,-2.322554731369019,0.5118022620677956,-1.565811324119569,0.4848321378231049,1.3731713056564328,0.6304181456565855,0.47977830171585023,1.0145658493041985,0.5338386178016662,0.0,0.0,0.0,-0.3767690658569336,0.05000631511211395,0.1118588075041771,0.918167769908905,-0.3767690658569336,0.05000631511211395,0.1118588075041771,0.918167769908905,-0.14458999037742615,-0.5806286334991455,0.5365804433822632,0.5950172543525696,-0.19347496330738068,-0.6231487989425659,0.48636603355407715,0.5811206698417664,-0.25091785192489624,-0.6022351980209351,0.5387982130050659,0.5329630374908447,-0.5916929244995117,0.15573422610759735,0.05618419125676155,0.78898024559021,-0.5865494012832642,0.10198023915290833,0.0960111916065216,0.7977104187011719,-0.5444059371948242,0.10680820047855377,0.09056699275970459,0.8270501494407654,-0.5444059371948242,0.10680820047855377,0.09056699275970459,0.8270501494407654,-0.24923694133758545,-0.5382901430130005,0.164411723613739,0.7880948781967163,-0.3262246251106262,-0.5522191524505615,0.11031582951545715,0.7592508792877197,-0.4710085391998291,-0.4356479346752167,0.32353997230529785,0.6954737901687622,-0.5664268732070923,0.14603029191493988,-0.07751575112342834,0.8073581457138062,-0.5703307390213013,0.09043589234352112,-0.03865239396691322,0.8155061602592468,-0.4630012810230255,0.08486618101596832,-0.049812834709882736,0.880878210067749,-0.4630012810230255,0.08486618101596832,-0.049812834709882736,0.880878210067749,-0.3767690658569336,0.05000631511211395,0.1118588075041771,0.918167769908905,-0.3813471794128418,0.09305457770824432,0.09715551137924194,0.9145906567573547,0.29826050996780396,0.13349649310112,0.014049241319298744,0.9449985027313232,0.32156091928482056,0.045428164303302765,0.23258066177368164,0.916755735874176,0.3931196331977844,-0.5322377681732178,-0.05970877408981323,0.7474052906036377,0.47359174489974976,-0.47743913531303406,-0.13134734332561493,0.7283616065979004,0.47359174489974976,-0.47743913531303406,-0.13134734332561493,0.7283616065979004,-0.39314955472946167,0.2585717737674713,0.0065393028780817986,0.8823442459106445,-0.6856961250305176,0.23865729570388794,0.09966090321540833,0.6803906559944153,-0.7095068097114563,0.14488832652568817,0.018486062064766884,0.6893952488899231,-0.5432611107826233,-0.2821369767189026,0.4774152636528015,0.6303496956825256,-0.5831544399261475,-0.23585286736488342,0.525333046913147,0.5730005502700806,-0.5831544399261475,-0.23585286736488342,0.525333046913147,0.5730005502700806,-0.3767690658569336,0.05000631511211395,0.1118588075041771,0.918167769908905
-0.16308780014514923,0.5776866674423218,0.33901074528694153,-0.3944190442562103,0.029403094202280045,0.11893237382173538,0.9107272624969482,-1.690260410308838,-0.1458313912153244,0.20543305575847626,2.0394530296325684,-0.12846006453037262,0.11881031095981598,-1.19048011302948,-0.24188297986984253,0.54311203956604,1.408761739730835,-0.12057316303253174,0.24148431420326233,0.0,0.09012047946453094,1.3499263525009155,0.494852215051651,-1.4154188632965088,-0.2346722036600113,0.49833932518959045,-0.7295522689819336,-0.24882172048091888,-1.3133652210235596,0.2033485323190689,0.0,-0.18987849354743958,1.0211741924285889,-0.5407422780990601,-1.6352927684783936,-1.7856850624084473,1.5974515676498413,4.18055534362793,1.024745136499405,0.8844901323318481,-2.116835117340088,0.3446119725704193,0.7535580396652222,3.3138296604156494,-2.150463581085205,-1.9439720511436462,-3.3951756954193115,0.8156883120536804,-0.562983151525259,0.0,-0.08032522397115828,-2.5825486183166504,0.8418603837490082,-2.1308326721191406,0.5105821490287781,1.1665515899658203,0.5350452661514282,0.22834938764572144,0.6633424162864685,0.5103121399879456,0.0,0.0,0.0,-0.3944190442562103,0.029403094202280045,0.11893237382173538,0.9107272624969482,-0.3944190442562103,0.029403094202280045,0.11893237382173538,0.9107272624969482,-0.17012032866477966,-0.562185525894165,0.5402494072914124,0.6026085615158081,-0.21356898546218872,-0.6000494956970215,0.49785804748535156,0.5886138677597046,-0.27397000789642334,-0.5749883055686951,0.5555881261825562,0.5344630479812622,-0.6167919635772705,0.15428048372268677,0.05749254673719406,0.7697141170501709,-0.6118298768997192,0.1045575737953186,0.0969633236527443,0.7780295610427856,-0.5645588636398315,0.11012987047433853,0.09058468043804169,0.8129816055297852,-0.5645588636398315,0.11012987047433853,0.09058468043804169,0.8129816055297852,-0.26643750071525574,-0.5261442065238953,0.1799294352531433,0.7872793078422546,-0.3594740927219391,-0.5440089106559753,0.1151374876499176,0.7493837475776672,-0.4922209680080414,-0.4276515543460846,0.311926007270813,0.691038966178894,-0.5770700573921204,0.12161479890346527,-0.08105211704969406,0.803511381149292,-0.5809051394462585,0.07298224419355392,-0.04613636061549187,0.8093789219856262,-0.4791869819164276,0.06689382344484329,-0.0545911006629467,0.8734557032585144,-0.4791869819164276,0.06689382344484329,-0.0545911006629467,0.8734557032585144,-0.3944190442562103,0.029403094202280045,0.11893237382173538,0.9107272624969482,-0.3992822766304016,0.07143157720565796,0.10365601629018784,0.9081445932388306,0.25573939085006714,0.12054016441106796,0.03629201278090477,0.9585146307945251,0.27797242999076843,0.03961705043911934,0.2655389606952667,0.9223073720932007,0.38025137782096863,-0.5574196577072144,-0.01616630330681801,0.7378556132316589,0.4599113464355469,-0.5052562355995178,-0.08347541838884354,0.7254168391227722,0.4599113464355469,-0.5052562355995178,-0.08347541838884354,0.7254168391227722,-0.411964476108551,0.24652938544750214,0.004086043685674667,0.8772068619728088,-0.6977936029434204,0.22885099053382874,0.09176412969827652,0.6725255846977234,-0.7200274467468262,0.13542360067367554,0.013202761299908161,0.6804752945899963,-0.5581737756729126,-0.27976667881011963,0.47546929121017456,0.6197593212127686,-0.5994677543640137,-0.22957251965999603,0.5247205495834351,0.5591093301773071,-0.5994677543640137,-0.22957251965999603,0.5247205495834351,0.5591093301773071,-0.3944190442562103,0.029403094202280045,0.11893237382173538,0.9107272624969482
-0.1594808995723724,0.5993629217147828,0.3217846512794494,-0.4165779650211334,0.009808827191591263,0.11805245280265808,0.9013491868972778,-1.616331577301025,-0.132750092446804,0.21973519325256355,1.9951722621917722,-0.1151318952441215,0.1256857514381409,-1.127419304847717,-0.2733848810195924,0.5097814083099363,1.3543523788452145,-0.07710339725017529,0.2325723439455032,0.0,0.08007792681455608,1.3186325550079345,0.4787578880786895,-1.4357357025146484,-0.2268349766731262,0.5016765832901001,-0.7183513283729552,-0.2513265013694763,-1.3037749290466307,0.1990503907203674,0.0,0.03225561678409675,1.058757305145264,-0.7330796957015999,-1.9488322734832777,-1.9475777626037605,1.1606972098350505,3.890086984634398,0.8023369789123526,0.782860159873962,-2.1751570701599126,0.5376898407936105,0.5076864361762989,3.2173559665679927,-1.8052423954009995,-1.7775076627731317,-2.990350961685179,1.6303681731224096,-0.4925523519515988,0.0,-0.3334066465497028,-1.9718333005905124,-0.1460855722427412,-1.4618382453918426,0.4393496513366696,0.5667383790016147,0.5500463247299195,0.01619632542133237,0.5530457079410548,0.07518062591552538,0.0,0.0,0.0,-0.4165779650211334,0.009808827191591263,0.11805245280265808,0.9013491868972778,-0.4165779650211334,0.009808827191591263,0.11805245280265808,0.9013491868972778,-0.2037346214056015,-0.5452020764350891,0.5406618714332581,0.6073975563049316,-0.2435523271560669,-0.5798306465148926,0.5032128095626831,0.5926682949066162,-0.30558133125305176,-0.5495607256889343,0.5652410387992859,0.5339528918266296,-0.6406722664833069,0.15082842111587524,0.05015433952212334,0.7511820197105408,-0.6367160081863403,0.10727845132350922,0.08682739734649658,0.7586468458175659,-0.5878165364265442,0.11248822510242462,0.07990854978561401,0.7971404194831848,-0.5878165364265442,0.11248822510242462,0.07990854978561401,0.7971404194831848,-0.29277604818344116,-0.5146334171295166,0.18964391946792603,0.7832431793212891,-0.3967536389827728,-0.5358746647834778,0.11787349730730057,0.7358877658843994,-0.5190919637680054,-0.41877281665802,0.29967954754829407,0.6821768283843994,-0.5926284790039062,0.10128050297498703,-0.0914440006017685,0.7938336133956909,-0.595481812953949,0.07044239342212677,-0.06875349581241608,0.7973155975341797,-0.4989458918571472,0.062058545649051666,-0.07648132741451263,0.861018180847168,-0.4989458918571472,0.062058545649051666,-0.07648132741451263,0.861018180847168,-0.4165779650211334,0.009808827191591263,0.11805245280265808,0.9013491868972778,-0.42095863819122314,0.046883903443813324,0.1036619246006012,0.8999167084693909,0.2185300886631012,0.10042868554592133,0.05302654206752777,0.9691991209983826,0.23688247799873352,0.031201913952827454,0.27753549814224243,0.9305305480957031,0.35789233446121216,-0.5780723094940186,0.01530410535633564,0.7331516742706299,0.43707358837127686,-0.529392421245575,-0.04912591353058815,0.7254633903503418,0.43707358837127686,-0.529392421245575,-0.04912591353058815,0.7254633903503418,-0.43292346596717834,0.22628697752952576,-0.002910230541601777,0.8725612163543701,-0.7120000123977661,0.21280372142791748,0.076872318983078,0.6647264957427979,-0.7323997020721436,0.11682648956775665,-0.0012692902237176895,0.6707760691642761,-0.5796261429786682,-0.28543901443481445,0.46814024448394775,0.602829098701477,-0.6201368570327759,-0.23420125246047974,0.514565646648407,0.5438771843910217,-0.6201368570327759,-0.23420125246047974,0.514565646648407,0.5438771843910217,-0.4165779650211334,0.009808827191591263,0.11805245280265808,0.9013491868972778
-0.16096709370613105,0.6194968938827515,0.3045850872993468,-0.4360429048538208,-0.01606951653957367,0.11438246071338654,0.8924825191497803,-1.5395592689514155,-0.11419522762298565,0.23285207748413092,1.9354740381240838,-0.09621752575039844,0.12942246496677398,-1.0662560582160945,-0.3017346024513246,0.47067621946334803,1.3098769187927244,-0.04365554898977271,0.22042011618614185,0.0,0.06953002363443367,1.2785564899444577,0.4637678325176238,-1.4536356687545777,-0.22066546976566312,0.5069613218307496,-0.7107230186462402,-0.2512777030467987,-1.2925421476364134,0.19665723741054536,0.0,0.027552190423008716,1.0375442385673515,-0.8605087399482727,-1.954379391670223,-2.445138549804695,0.8789122581481935,3.7817457199096696,0.8182718753814731,0.6795492529869073,-2.676562023162851,0.8339944124221835,0.24961019158363154,3.096113348007201,-1.480529570579527,-1.8397681713104284,-2.4224508047103823,1.8728305339813174,-0.5428062081336995,0.0,-0.5172881007194522,-1.8281577587127738,-0.7715881466865533,-0.9433357596397385,0.3418297231197347,0.22528730332851526,0.45286810398101596,-0.048631668090818786,0.5287892460823069,-0.15775741636752968,0.0,0.0,0.0,-0.4360429048538208,-0.01606951653957367,0.11438246071338654,0.8924825191497803,-0.4360429048538208,-0.01606951653957367,0.11438246071338654,0.8924825191497803,-0.23893626034259796,-0.5333900451660156,0.535548210144043,0.6095840334892273,-0.273301362991333,-0.5630657076835632,0.5041223764419556,0.5950831174850464,-0.3368417024612427,-0.5274568796157837,0.5698589086532593,0.5325297713279724,-0.6606000661849976,0.13962724804878235,0.0460515171289444,0.7362005710601807,-0.6575542688369751,0.10399436950683594,0.07767222076654434,0.7421417832374573,-0.6081875562667847,0.1088038757443428,0.07077661156654358,0.7831093072891235,-0.6081875562667847,0.1088038757443428,0.07077661156654358,0.7831093072891235,-0.3172270655632019,-0.5093858242034912,0.194854736328125,0.7758381366729736,-0.43020039796829224,-0.5329249501228333,0.11606045812368393,0.7193390130996704,-0.542546272277832,-0.41821253299713135,0.2807794511318207,0.6722385287284851,-0.6014861464500427,0.07778247445821762,-0.10781615972518921,0.7877435684204102,-0.6036005020141602,0.060572549700737,-0.09464961290359497,0.7893280982971191,-0.5131058096885681,0.049916308373212814,-0.10084900259971619,0.8509172201156616,-0.5131058096885681,0.049916308373212814,-0.10084900259971619,0.8509172201156616,-0.4360429048538208,-0.01606951653957367,0.11438246071338654,0.8924825191497803,-0.4398353695869446,0.01586456410586834,0.10117990523576736,0.8922196626663208,0.17933213710784912,0.07285681366920471,0.07124340534210205,0.9784970283508301,0.1923428773880005,0.015508737415075302,0.29113566875457764,0.9370184540748596,0.3346170485019684,-0.6022972464561462,0.051007650792598724,0.7229576110839844,0.41397029161453247,-0.5565996170043945,-0.010378917679190636,0.720220685005188,0.41397029161453247,-0.5565996170043945,-0.010378917679190636,0.720220685005188,-0.4504285156726837,0.20094172656536102,-0.012480475008487701,0.8698165416717529,-0.7249206304550171,0.1927265077829361,0.05821580812335014,0.6587546467781067,-0.7428489923477173,0.09536869078874588,-0.0189294945448637,0.662360668182373,-0.6018524169921875,-0.29390764236450195,0.4564998149871826,0.5856618285179138,-0.6421945095062256,-0.24095670878887177,0.5004738569259644,0.5282536745071411,-0.6421945095062256,-0.24095670878887177,0.5004738569259644,0.5282536745071411,-0.4360429048538208,-0.01606951653957367,0.11438246071338654,0.8924825191497803
-0.17263947725296014,0.6365463018417358,0.28743858337402356,-0.45025306940078735,-0.05446695536375046,0.10518603771924973,0.8850094079971313,-1.4571000099182134,-0.08469323068857212,0.2435984551906585,1.844940900802613,-0.06613075584173222,0.12688172459602357,-1.0088879346847537,-0.32377996444702134,0.42002191543579137,1.2852692604064944,-0.030251546949148268,0.20178737342357647,0.0,0.057971419394016344,1.2209158897399905,0.4509863197803498,-1.4667018890380858,-0.2178314030170441,0.5161410212516784,-0.7102399706840515,-0.24612174630165104,-1.2780243873596193,0.19807406067848204,0.0,-0.4308262795209854,0.8987388134002695,-0.8581210374832153,-1.3439417362213175,-3.614035511016838,0.9070661187171934,4.037658643722533,1.310892820358273,0.5728764772415168,-4.064132976531973,1.3367523908615078,-0.032875216007230756,2.9253328800201426,-1.1968334674835224,-2.359478354454037,-1.5283998012542785,0.9708577156066955,-0.8344293832778911,0.0,-0.5627696394920346,-2.6185617685317943,-0.672203719615937,-0.7258171558380142,0.1917349338531504,0.40056054294109233,0.13133132457733365,0.18119046092033236,0.6766132771968831,0.013691529631613547,0.0,0.0,0.0,-0.45025306940078735,-0.05446695536375046,0.10518603771924973,0.8850094079971313,-0.45025306940078735,-0.05446695536375046,0.10518603771924973,0.8850094079971313,-0.2775071859359741,-0.532619297504425,0.5200665593147278,0.607319712638855,-0.3029351830482483,-0.5541438460350037,0.49693700671195984,0.5951541066169739,-0.3680013418197632,-0.5131832361221313,0.5655879378318787,0.5304041504859924,-0.6732571125030518,0.11309263110160828,0.04847407713532448,0.729098916053772,-0.6712186336517334,0.08886001259088516,0.07061218470335007,0.7325184345245361,-0.6234288215637207,0.09316232055425644,0.06482840329408646,0.773598313331604,-0.6234288215637207,0.09316232055425644,0.06482840329408646,0.773598313331604,-0.3382074236869812,-0.5172348022460938,0.19126328825950623,0.7625630497932434,-0.4566694498062134,-0.541339635848999,0.10537038743495941,0.6980698704719543,-0.559429407119751,-0.434528112411499,0.24877630174160004,0.6605561375617981,-0.5971022248268127,0.04802383854985237,-0.13614782691001892,0.7890668511390686,-0.5989977717399597,0.03608448803424835,-0.12708675861358643,0.7897774577140808,-0.5163845419883728,0.023222357034683228,-0.1301857829093933,0.846084713935852,-0.5163845419883728,0.023222357034683228,-0.1301857829093933,0.846084713935852,-0.45025306940078735,-0.05446695536375046,0.10518603771924973,0.8850094079971313,-0.4532589018344879,-0.028012804687023163,0.09377311170101166,0.8859900236129761,0.13649994134902954,0.03056320920586586,0.09240217506885529,0.9858476519584656,0.1412355601787567,-0.014657394960522652,0.30809837579727173,0.9406981468200684,0.3097994923591614,-0.6339088082313538,0.09505406767129898,0.7022454142570496,0.3908800482749939,-0.5903955698013306,0.03696108236908913,0.7051806449890137,0.3908800482749939,-0.5903955698013306,0.03696108236908913,0.7051806449890137,-0.46120619773864746,0.16553673148155212,-0.02718525193631649,0.8712905645370483,-0.7353793382644653,0.16465753316879272,0.03207157552242279,0.6565643548965454,-0.749740481376648,0.06826574355363846,-0.042943067848682404,0.6567988991737366,-0.6258289217948914,-0.3080710768699646,0.4364416003227234,0.5682860612869263,-0.6671953201293945,-0.25203001499176025,0.4786915183067322,0.5120408535003662,-0.6671953201293945,-0.25203001499176025,0.4786915183067322,0.5120408535003662,-0.45025306940078735,-0.05446695536375046,0.10518603771924973,0.8850094079971313
-0.18540081381797785,0.6494625806808472,0.27553031444549564,-0.4605252146720886,-0.09648735821247101,0.09221410751342773,0.8775551915168762,-1.3735725402832035,-0.03064250648021727,0.2444387435913086,1.7887523889541628,-0.03396951779723182,0.11072084605693827,-0.9507593274116519,-0.33530203104019163,0.3733057737350466,1.2702466011047364,-0.018737974017858552,0.18341314792633065,0.0,0.04443217068910605,1.1608671188354496,0.4224466979503633,-1.416199851036072,-0.23106844127178183,0.5144819259643555,-0.7020793914794923,-0.24184683561325074,-1.2605818510055542,0.1976248174905777,0.0,-0.6162877082824705,0.7284764885902413,-0.7001780986785899,-0.8936427831649796,-4.27290630340576,0.8309181928634649,4.1550092697143555,2.2115615367889356,0.24013620615005693,-3.496317958831794,1.5665724515914914,-0.5356411159038517,2.8912205219268796,-0.7865692377090475,-2.41457018852234,-0.9428328752517718,0.6134871840476993,-0.9238815903663635,0.0,-0.6373494982719418,-2.9542748928070064,-1.1118188023567168,1.2537366986274592,-0.3404298126697508,0.13382112383842687,0.25447830967604956,0.23136644959449787,0.8136312365531916,0.014859169721603761,0.0,0.0,0.0,-0.4605252146720886,-0.09648735821247101,0.09221410751342773,0.8775551915168762,-0.4605252146720886,-0.09648735821247101,0.09221410751342773,0.8775551915168762,-0.3148603141307831,-0.5371439456939697,0.4966700077056885,0.6046969294548035,-0.32386624813079834,-0.5448037385940552,0.4880838394165039,0.6000614762306213,-0.3878844976425171,-0.501274585723877,0.5575859546661377,0.5360665321350098,-0.6776617765426636,0.10423276573419571,0.04657670110464096,0.7264577150344849,-0.6767492294311523,0.09188036620616913,0.05807511508464813,0.7281454801559448,-0.6354105472564697,0.09507492184638977,0.0529884472489357,0.7644647359848022,-0.6354105472564697,0.09507492184638977,0.0529884472489357,0.7644647359848022,-0.357014000415802,-0.5283737182617188,0.181188702583313,0.7486875057220459,-0.4769316613674164,-0.5512000322341919,0.09046395868062973,0.6786245107650757,-0.5708727836608887,-0.4534388780593872,0.2150682657957077,0.6498025059700012,-0.587251603603363,0.020482873544096947,-0.16560009121894836,0.7920182347297668,-0.5886685848236084,0.013073463924229145,-0.16004632413387299,0.7922648191452026,-0.5136020183563232,-0.001449109986424446,-0.16070771217346191,0.8428428173065186,-0.5136020183563232,-0.001449109986424446,-0.16070771217346191,0.8428428173065186,-0.4605252146720886,-0.09648735821247101,0.09221410751342773,0.8775551915168762,-0.46272537112236023,-0.07634806632995605,0.083258718252182,0.879274845123291,0.0953136757016182,-0.018549203872680664,0.11052578687667847,0.9891184568405151,0.09125147759914398,-0.05169830843806267,0.3136901259422302,0.9437155723571777,0.27228251099586487,-0.6488774418830872,0.13928663730621338,0.6967206001281738,0.3595465421676636,-0.6055107116699219,0.07799139618873596,0.7056914567947388,0.3595465421676636,-0.6055107116699219,0.07799139618873596,0.7056914567947388,-0.467322438955307,0.12215264141559601,-0.04176604002714157,0.8746107816696167,-0.7395772933959961,0.12894713878631592,0.00294454675167799,0.6605979204177856,-0.749678373336792,0.03395684063434601,-0.07099656760692596,0.6571062803268433,-0.6470155715942383,-0.3313567340373993,0.40789955854415894,0.5524414777755737,-0.6899133920669556,-0.27280986309051514,0.44806861877441406,0.4988275170326233,-0.6899133920669556,-0.27280986309051514,0.44806861877441406,0.4988275170326233,-0.4605252146720886,-0.09648735821247101,0.09221410751342773,0.8775551915168762
-0.19870662689208984,0.660312294960022,0.2662411630153656,-0.46822887659072876,-0.14015591144561768,0.07724857330322266,0.8689940571784973,-1.28951096534729,0.035682581365108504,0.24032598733901978,1.7497361898422241,-0.0007710456848144531,0.0877498984336853,-0.8922504782676697,-0.3415624499320984,0.32855871319770813,1.2600164413452148,-0.008169615641236305,0.1651681810617447,0.0,0.02990259975194931,1.0996142625808716,0.3860280215740204,-1.3339136838912964,-0.25234103202819824,0.5074034333229065,-0.6900800466537476,-0.23801244795322418,-1.241676926612854,0.1962425410747528,0.0,-0.6652905941009521,0.5424857139587402,-0.46445754170417786,-0.5234131813049315,-4.676764011383057,0.7026193737983704,4.203078746795654,3.316254138946533,-0.20563781261444092,-1.9508099555969238,1.6599235534667969,-1.1485472619533539,2.9254422187805176,-0.3130209445953369,-2.2373528480529785,-0.5115079879760742,0.5284178853034973,-0.9122483134269714,0.0,-0.7264785170555115,-3.0626425743103027,-1.8209336400032043,4.114308178424835,-1.063629537820816,-0.35392460227012634,0.5999671798199415,0.19171936810016632,0.945246160030365,-0.0691138207912445,0.0,0.0,0.0,-0.46822887659072876,-0.14015591144561768,0.07724857330322266,0.8689940571784973,-0.46822887659072876,-0.14015591144561768,0.07724857330322266,0.8689940571784973,-0.3511871099472046,-0.5436578989028931,0.4687318205833435,0.6011606454849243,-0.3404063284397125,-0.535209059715271,0.478356271982193,0.6073302626609802,-0.4021093547344208,-0.49054384231567383,0.5477100014686584,0.545608401298523,-0.6781364679336548,0.10424532741308212,0.04253343492746353,0.726260781288147,-0.6781200170516968,0.10396532714366913,0.04279486835002899,0.7263008952140808,-0.6456112861633301,0.10574229806661606,0.03819367289543152,0.7553448677062988,-0.6456112861633301,0.10574229806661606,0.03819367289543152,0.7553448677062988,-0.3745546340942383,-0.5408986806869507,0.16778865456581116,0.7341555953025818,-0.4938771426677704,-0.5615459084510803,0.07342076301574707,0.6598188877105713,-0.5790638327598572,-0.47321614623069763,0.1803399920463562,0.6389280557632446,-0.5741442441940308,-0.005944001954048872,-0.1954374760389328,0.7950643301010132,-0.5749377608299255,-0.00919162854552269,-0.19309057295322418,0.7950333952903748,-0.5073958039283752,-0.025088392198085785,-0.19167427718639374,0.8397505879402161,-0.5073958039283752,-0.025088392198085785,-0.19167427718639374,0.8397505879402161,-0.46822887659072876,-0.14015591144561768,0.07724857330322266,0.8689940571784973,-0.46946075558662415,-0.12673422694206238,0.07106916606426239,0.8709157109260559,0.05479918047785759,-0.07092154026031494,0.12681689858436584,0.9878687262535095,0.04173215478658676,-0.09199581295251846,0.3129185736179352,0.9443925023078918,0.22795967757701874,-0.654231607913971,0.18325364589691162,0.6974478363990784,0.32381319999694824,-0.6106840372085571,0.11571263521909714,0.7133166193962097,0.32381319999694824,-0.6106840372085571,0.11571263521909714,0.7133166193962097,-0.47038230299949646,0.07462876290082932,-0.05620766803622246,0.8775030970573425,-0.7394605875015259,0.08924165368080139,-0.027652883902192116,0.6666853427886963,-0.7450109720230103,-0.003979193978011608,-0.10094108432531357,0.659358561038971,-0.6657785773277283,-0.358666330575943,0.3745019733905792,0.5365124344825745,-0.7103837728500366,-0.29799550771713257,0.4123447835445404,0.48633870482444763,-0.7103837728500366,-0.29799550771713257,0.4123447835445404,0.48633870482444763,-0.46822887659072876,-0.14015591144561768,0.07724857330322266,0.8689940571784973
-0.23385617136955253,0.6766071796417236,0.2492574512958527,-0.4692898392677307,-0.18817676603794098,0.05564194172620773,0.8609648942947388,-1.2150084257125857,0.04263868704438208,0.2511259734630584,1.7116045475006105,0.006912383204326016,0.07157001122832302,-0.8543983936309816,-0.3378986954689026,0.2986083090305329,1.27833993434906,-0.009636491723358629,0.14557273089885717,0.0,-0.11425932198762861,1.0341285943984986,0.3576542556285859,-1.2608336448669435,-0.25409786105155946,0.4880196809768677,-0.6727912425994873,-0.2444020867347717,-1.2308201313018798,0.19451023638248444,0.0,-1.3206025362014757,0.7058407902717587,-0.695294332504272,-0.0859238266944895,-5.055451297760009,0.5319820642471318,3.9163075447082525,1.53518481254578,0.24174447357654472,-1.924273133277893,0.8944723129272478,-0.9448154926300053,2.305739355087282,-0.015295749902725864,-1.7934531927108774,0.34510159492492487,0.1673608660697945,-0.9527627944946289,0.0,-4.615448701381675,-3.1896269321441646,-1.5795863866806035,3.8381243705749517,-0.478156673908235,-0.7230823934078208,0.7586509585380551,-0.11500138938426901,0.7038023233413702,-0.07961466461420057,0.0,0.0,0.0,-0.4692898392677307,-0.18817676603794098,0.05564194172620773,0.8609648942947388,-0.4692898392677307,-0.18817676603794098,0.05564194172620773,0.8609648942947388,-0.38157522678375244,-0.5604541301727295,0.4311354160308838,0.5953267216682434,-0.3687697649002075,-0.5511614084243774,0.4429740905761719,0.6033275127410889,-0.43491771817207336,-0.5005151629447937,0.5150247812271118,0.5432133078575134,-0.6744087934494019,0.0819404125213623,0.009198707528412342,0.7337397336959839,-0.6743605732917786,0.0844951942563057,0.006878867745399475,0.7335196137428284,-0.6476840972900391,0.08487211167812347,0.0037385858595371246,0.7571579217910767,-0.6476840972900391,0.08487211167812347,0.0037385858595371246,0.7571579217910767,-0.3843684196472168,-0.5662027597427368,0.1459030658006668,0.7144142985343933,-0.4990297853946686,-0.5826840400695801,0.04864415526390076,0.6395953893661499,-0.5800840854644775,-0.5021618604660034,0.14344200491905212,0.6251083612442017,-0.5509423017501831,-0.030101515352725983,-0.23077458143234253,0.8014359474182129,-0.5520634651184082,-0.03396526724100113,-0.22812822461128235,0.8012675642967224,-0.4922716021537781,-0.050242044031620026,-0.2251942902803421,0.8393044471740723,-0.4922716021537781,-0.050242044031620026,-0.2251942902803421,0.8393044471740723,-0.4692898392677307,-0.18817676603794098,0.05564194172620773,0.8609648942947388,-0.46636271476745605,-0.2384549081325531,0.0794445127248764,0.8481353521347046,0.014443634077906609,-0.16942037642002106,0.18497560918331146,0.9679216146469116,-0.012983499094843864,-0.1805347353219986,0.3537617623806,0.917655348777771,0.20085424184799194,-0.687502384185791,0.2582029402256012,0.6483280658721924,0.299757719039917,-0.6450181007385254,0.19635705649852753,0.6749376058578491,0.299757719039917,-0.6450181007385254,0.19635705649852753,0.6749376058578491,-0.4661959111690521,0.01785946451127529,-0.07226964831352234,0.8815439939498901,-0.7310693860054016,0.04052094370126724,-0.06204836070537567,0.6782668232917786,-0.7310171127319336,-0.05388687923550606,-0.13853709399700165,0.6659712791442871,-0.6795711517333984,-0.4010714292526245,0.3320784866809845,0.5167675018310547,-0.7270857095718384,-0.33869680762290955,0.3669888973236084,0.4711155891418457,-0.7270857095718384,-0.33869680762290955,0.3669888973236084,0.4711155891418457,-0.4692898392677307,-0.18817676603794098,0.05564194172620773,0.8609648942947388
-0.26422300338745114,0.6862669229507447,0.24188570380210875,-0.4675561785697937,-0.2388927936553955,0.0327107273042202,0.8504419922828674,-1.1430761098861695,0.08689573928713773,0.2615264594554901,1.66005654335022,0.014966652914881686,0.05956616699695588,-0.8166558027267456,-0.3287792325019837,0.2743076860904694,1.301796007156372,-0.010518154501914978,0.1267780274152756,0.0,-0.1719038754701617,0.9733515739440919,0.3275002360343934,-1.1601625442504886,-0.25618696808815,0.4744935393333435,-0.6587512850761413,-0.24873921871185303,-1.2210181474685669,0.1922134727239609,0.0,-1.6139957904815683,0.6156899452209486,-0.5608266234397907,0.30266867876052794,-5.503361606597899,0.46877590417861903,3.6480200290679936,1.4668335437774584,0.5280142962932588,-2.3090728044509863,0.3952966392040252,-0.6837130188941964,1.8893193006515503,0.34685896337032207,-1.3280266642570506,1.0701519727706899,-0.055787400901317716,-0.9557500481605531,0.0,-4.612574768066423,-3.133023738861085,-1.4720957994461057,4.481733512878413,-0.09780978560447687,-0.7934592485427868,0.7669747531414038,-0.2579067111015324,0.5111954152584078,-0.1035489946603774,0.0,0.0,0.0,-0.4675561785697937,-0.2388927936553955,0.0327107273042202,0.8504419922828674,-0.4675561785697937,-0.2388927936553955,0.0327107273042202,0.8504419922828674,-0.4089036285877228,-0.5801809430122375,0.3906446695327759,0.5861610174179077,-0.38284051418304443,-0.5629798769950867,0.41565945744514465,0.6030870676040649,-0.4529765546321869,-0.5082599520683289,0.49075067043304443,0.543735146522522,-0.6677939891815186,0.058084335178136826,-0.0032770801335573196,0.7420691251754761,-0.667756199836731,0.06365419179201126,-0.008253093808889389,0.7416074275970459,-0.6453775763511658,0.06335752457380295,-0.010163303464651108,0.7611638307571411,-0.6453775763511658,0.06335752457380295,-0.010163303464651108,0.7611638307571411,-0.3917568624019623,-0.5935239791870117,0.12183808535337448,0.6923954486846924,-0.4998277723789215,-0.6055182218551636,0.023184197023510933,0.6188557147979736,-0.5778990983963013,-0.5315366387367249,0.10763761401176453,0.6098489761352539,-0.5247576832771301,-0.05329889804124832,-0.2643067240715027,0.8074221014976501,-0.5261386632919312,-0.05754399299621582,-0.2615415155887604,0.8071324229240417,-0.47391656041145325,-0.07387381047010422,-0.2574262320995331,0.8388548493385315,-0.47391656041145325,-0.07387381047010422,-0.2574262320995331,0.8388548493385315,-0.4675561785697937,-0.2388927936553955,0.0327107273042202,0.8504419922828674,-0.46066850423812866,-0.3134920299053192,0.0680980309844017,0.827568769454956,-0.020147643983364105,-0.24481990933418274,0.20651790499687195,0.947104811668396,-0.0573769211769104,-0.24824322760105133,0.3580833971500397,0.8982535600662231,0.15636023879051208,-0.7012497186660767,0.29765158891677856,0.6286523342132568,0.2572857737541199,-0.6629331111907959,0.23738159239292145,0.6617956757545471,0.2572857737541199,-0.6629331111907959,0.23738159239292145,0.6617956757545471,-0.4586239755153656,-0.03961955010890961,-0.09043418616056442,0.8831285834312439,-0.719632089138031,-0.008306866511702538,-0.09830983728170395,0.6873105764389038,-0.7138109803199768,-0.10268926620483398,-0.1770380139350891,0.6697657704353333,-0.6908262968063354,-0.4414217472076416,0.28729042410850525,0.49534866213798523,-0.7408347129821777,-0.3777742385864258,0.3191186785697937,0.45454806089401245,-0.7408347129821777,-0.3777742385864258,0.3191186785697937,0.45454806089401245,-0.4675561785697937,-0.2388927936553955,0.0327107273042202,0.8504419922828674
-0.28502441048622135,0.6826563835144043,0.253737884759903,-0.4611964821815491,-0.29518651962280273,0.007332001347094774,0.8367252349853516,-1.0762842416763303,0.20575468465685873,0.2711279451847077,1.5816758155822752,0.02376260310411455,0.05591440871357917,-0.7791321992874145,-0.30874835252761834,0.26130662560462947,1.3355172395706179,-0.010229390673339367,0.10958481729030606,0.0,-0.05651371479034398,0.9219918489456176,0.29378570914268487,-1.0043093204498288,-0.25894063115119936,0.47268261909484866,-0.651209020614624,-0.24897133708000183,-1.2133257865905762,0.18878779113292693,0.0,-1.1835516691207877,0.018527257442473077,0.30425008535385323,0.5934674859046942,-6.089717960357667,0.6204320430755619,3.416699886322021,4.823918390274056,0.49205926656723015,-3.516545224189761,0.42867227792739876,-0.30786919593810946,1.879464864730835,0.8378727287054073,-0.8195463895797719,1.5320841193199168,-0.003118208050727725,-0.88368284702301,0.0,3.17398757934572,-2.7092454433441153,-1.6323186635971072,6.964928913116461,-0.12771481126546866,-0.266274321079253,0.4745785832405084,-0.07318111658096274,0.41626236438751196,-0.15435029715299617,0.0,0.0,0.0,-0.4611964821815491,-0.29518651962280273,0.007332001347094774,0.8367252349853516,-0.4611964821815491,-0.29518651962280273,0.007332001347094774,0.8367252349853516,-0.4308329224586487,-0.6068903207778931,0.34541451930999756,0.571625828742981,-0.36964643001556396,-0.5685167908668518,0.40610724687576294,0.6125578284263611,-0.4430866539478302,-0.5133488178253174,0.4851706624031067,0.5520477294921875,-0.656482458114624,0.03129860386252403,0.025997169315814972,0.7532431483268738,-0.6567507982254028,0.04026388004422188,0.018216833472251892,0.7528116703033447,-0.6354517340660095,0.04073479771614075,0.017065728083252907,0.7708765268325806,-0.6354517340660095,0.04073479771614075,0.017065728083252907,0.7708765268325806,-0.3946697413921356,-0.6253917217254639,0.09361966699361801,0.6666007041931152,-0.4925183653831482,-0.6324050426483154,-0.003536471165716648,0.5978938341140747,-0.5706884860992432,-0.5628918409347534,0.07444720715284348,0.5932328701019287,-0.4940125346183777,-0.07459435611963272,-0.2947115898132324,0.8145749568939209,-0.4955117106437683,-0.07875926792621613,-0.2921792268753052,0.8141845464706421,-0.4501417279243469,-0.09451962262392044,-0.2874808609485626,0.840114951133728,-0.4501417279243469,-0.09451962262392044,-0.2874808609485626,0.840114951133728,-0.4611964821815491,-0.29518651962280273,0.007332001347094774,0.8367252349853516,-0.4592114984989166,-0.31957805156707764,0.018927445635199547,0.8286353349685669,-0.04266854375600815,-0.2773703634738922,0.15882611274719238,0.9465830326080322,-0.08105127513408661,-0.27713271975517273,0.2958160936832428,0.9105607271194458,0.07959003001451492,-0.6829258799552917,0.26842427253723145,0.6747044324874878,0.1814267933368683,-0.6543939709663391,0.20081250369548798,0.7060644626617432,0.1814267933368683,-0.6543939709663391,0.20081250369548798,0.7060644626617432,-0.44576647877693176,-0.09823210537433624,-0.11295528709888458,0.8825439810752869,-0.7046676278114319,-0.057006705552339554,-0.1383652538061142,0.6935768127441406,-0.693229079246521,-0.14929425716400146,-0.21774902939796448,0.670619010925293,-0.6997367739677429,-0.4791298806667328,0.23932358622550964,0.47278669476509094,-0.751600980758667,-0.41482308506965637,0.2679354250431061,0.4372968375682831,-0.751600980758667,-0.41482308506965637,0.2679354250431061,0.4372968375682831,-0.4611964821815491,-0.29518651962280273,0.007332001347094774,0.8367252349853516
-0.30016411542892457,0.6843560934066772,0.24494276046752925,-0.46055394411087036,-0.3282506465911865,-0.00497129512950778,0.8246920108795166,-1.0209902763366698,0.2213291555643081,0.2653902113437652,1.5090727329254148,0.038979733362793964,0.02711340188980093,-0.7361101388931274,-0.29027214050292965,0.25459806323051454,1.3700961589813234,-0.0021366760134696704,0.09891505539417265,0.0,-0.16203298307955313,0.8948760032653809,0.25349302291870107,-0.8707834243774412,-0.26239933371543883,0.4612350344657898,-0.6372075200080871,-0.25124584436416625,-1.2121864080429077,0.18272749483585357,0.0,-0.8702192306518549,-0.02121948897838541,-0.026810109615328037,0.20637398958206016,-4.728685474395747,0.5758591413497922,2.9946561336517323,2.8444127082824604,0.019897693395613092,-3.7457067966461177,0.6324328720569617,-0.9370653122663523,2.0411337137222296,0.9549039363861083,-0.4612780451774591,1.7117921113967896,0.24855669979006131,-0.6639570116996758,0.0,-0.8577748298645238,-1.8406697273254369,-1.8830710172653204,7.1228408813476545,-0.158834332227707,-0.37964591234922507,0.570890265703202,-0.07287757899612209,0.18802855610847408,-0.2503224998712542,0.0,0.0,0.0,-0.46055394411087036,-0.3282506465911865,-0.00497129512950778,0.8246920108795166,-0.46055394411087036,-0.3282506465911865,-0.00497129512950778,0.8246920108795166,-0.445445716381073,-0.6175600290298462,0.31719672679901123,0.5653175711631775,-0.3803754448890686,-0.5786644816398621,0.3834875226020813,0.6110639572143555,-0.4535655975341797,-0.5233740210533142,0.460992693901062,0.554836630821228,-0.6468503475189209,-0.0014730477705597878,0.025004588067531586,0.7622054815292358,-0.6470492482185364,0.013432602398097515,0.012449117377400398,0.76222825050354,-0.6366628408432007,0.013895902782678604,0.01186708826571703,0.7709258794784546,-0.6366628408432007,0.013895902782678604,0.01186708826571703,0.7709258794784546,-0.40075328946113586,-0.6358106136322021,0.07849285006523132,0.6549660563468933,-0.49126046895980835,-0.6404815912246704,-0.014293028973042965,0.5901205539703369,-0.5685994625091553,-0.5729330778121948,0.06074218451976776,0.5871566534042358,-0.47871923446655273,-0.07217886298894882,-0.31270813941955566,0.8172097206115723,-0.4790428578853607,-0.07305394858121872,-0.31219226121902466,0.8171396255493164,-0.43806084990501404,-0.08835945278406143,-0.3081527352333069,0.8398436307907104,-0.43806084990501404,-0.08835945278406143,-0.3081527352333069,0.8398436307907104,-0.46055394411087036,-0.3282506465911865,-0.00497129512950778,0.8246920108795166,-0.4587181806564331,-0.3958260118961334,0.028378039598464966,0.7950434684753418,-0.06932360678911209,-0.3450126349925995,0.19644419848918915,0.9151885509490967,-0.10950502753257751,-0.3408992290496826,0.3113241493701935,0.8802690505981445,0.03697628527879715,-0.6839345693588257,0.3032850921154022,0.6624835133552551,0.14001674950122833,-0.6594099998474121,0.23574033379554749,0.7000002264976501,0.14001674950122833,-0.6594099998474121,0.23574033379554749,0.7000002264976501,-0.44259917736053467,-0.1380208134651184,-0.12174926698207855,0.8776295185089111,-0.6952673196792603,-0.09300290048122406,-0.15869225561618805,0.6948169469833374,-0.6793984770774841,-0.18467184901237488,-0.23886168003082275,0.6687743663787842,-0.7018444538116455,-0.5073170065879822,0.2135809361934662,0.45213592052459717,-0.7540801167488098,-0.44444307684898376,0.23905515670776367,0.42034053802490234,-0.7540801167488098,-0.44444307684898376,0.23905515670776367,0.42034053802490234,-0.46055394411087036,-0.3282506465911865,-0.00497129512950778,0.8246920108795166
-0.31247296929359436,0.6887109279632568,0.22582398355007172,-0.4631558954715729,-0.3499104380607605,-0.010716496035456657,0.8142078518867493,-0.9714452624320984,0.18526138365268707,0.2519828677177429,1.4393584728240967,0.057407453656196594,-0.01426222920417787,-0.6903388500213623,-0.2725732624530792,0.25103574991226196,1.4051039218902588,0.009858014062047005,0.09150701761245728,0.0,-0.37800697423517704,0.8798820972442627,0.2099112570285797,-0.7484211921691895,-0.26621055603027344,0.444969117641449,-0.6199764013290405,-0.2545415461063385,-1.2143235206604004,0.1753498911857605,0.0,-0.6154426336288452,0.2177417129278183,-0.9559387564659119,-0.5196656584739685,-2.393958568572998,0.43317171931266785,2.477250576019287,-1.8033885955810547,-0.6703671514987946,-3.485712766647339,0.9213859438896179,-2.0687814205884933,2.2885642051696777,0.8849438428878784,-0.17811566591262817,1.7503880262374878,0.5997344637289643,-0.37040185928344727,0.0,-10.798698902130127,-0.7496953010559082,-2.1790881156921387,6.1181111335754395,-0.19056110084056854,-0.8132957741618156,0.8615558743476868,-0.1647850712761283,-0.10685563087463379,-0.36888015270233154,0.0,0.0,0.0,-0.4631558954715729,-0.3499104380607605,-0.010716496035456657,0.8142078518867493,-0.4631558954715729,-0.3499104380607605,-0.010716496035456657,0.8142078518867493,-0.45669811964035034,-0.6206353306770325,0.2977584898471832,0.5635409951210022,-0.4026136100292206,-0.5904324650764465,0.3538896441459656,0.6033688187599182,-0.4736150801181793,-0.5351606607437134,0.4269029200077057,0.5541170835494995,-0.6375569701194763,-0.037207361310720444,0.008858029730618,0.769453227519989,-0.637548565864563,-0.015108891762793064,-0.009443366900086403,0.7702041268348694,-0.643024742603302,-0.015041166916489601,-0.009550868533551693,0.7656381130218506,-0.643024742603302,-0.015041166916489601,-0.009550868533551693,0.7656381130218506,-0.40869784355163574,-0.6359370350837708,0.0699847936630249,0.6508857607841492,-0.49334079027175903,-0.6395487189292908,-0.01706582121551037,0.5893225073814392,-0.5695238709449768,-0.5727567672729492,0.05684486776590347,0.5868227481842041,-0.47138944268226624,-0.05793973430991173,-0.3246240019798279,0.81795734167099,-0.4697836637496948,-0.053907331079244614,-0.3269435465335846,0.8182330131530762,-0.4318680465221405,-0.06880450993776321,-0.32413581013679504,0.8388634324073792,-0.4318680465221405,-0.06880450993776321,-0.32413581013679504,0.8388634324073792,-0.4631558954715729,-0.3499104380607605,-0.010716496035456657,0.8142078518867493,-0.4527894854545593,-0.5018148422241211,0.06671513617038727,0.7339704632759094,-0.09708558022975922,-0.4256173372268677,0.27407827973365784,0.8569161891937256,-0.1392490118741989,-0.41876235604286194,0.3628047704696655,0.8207438588142395,0.011540263891220093,-0.692760169506073,0.3692387640476227,0.6193649172782898,0.1156705841422081,-0.6695246696472168,0.3056972026824951,0.6670129299163818,0.1156705841422081,-0.6695246696472168,0.3056972026824951,0.6670129299163818,-0.4445321559906006,-0.16839957237243652,-0.12372858077287674,0.8710476160049438,-0.689055323600769,-0.12263008207082748,-0.16920118033885956,0.6939276456832886,-0.6692963242530823,-0.2144562304019928,-0.2502456605434418,0.6659039258956909,-0.7008838057518005,-0.5309335589408875,0.1991073489189148,0.43269819021224976,-0.7527226209640503,-0.4704749882221222,0.2214871197938919,0.4037392735481262,-0.7527226209640503,-0.4704749882221222,0.2214871197938919,0.4037392735481262,-0.4631558954715729,-0.3499104380607605,-0.010716496035456657,0.8142078518867493
-0.3280711948871613,0.6759753704071044,0.2085869908332824,-0.4534236192703247,-0.38926252722740173,-0.03198768198490143,0.8011607527732849,-0.9388162255287169,0.12410563677549336,0.2399114161729812,1.43758385181427,0.06418252140283588,-0.035872670076787565,-0.6719519138336181,-0.25947127938270564,0.2494333803653717,1.418359398841858,0.024459813535213537,0.08227724581956859,0.0,-0.41079228520393385,0.8234117984771726,0.16818583011627178,-0.7495074510574341,-0.26055356264114377,0.43956732749938965,-0.6113662958145141,-0.24378525316715235,-1.221670913696289,0.17630481123924255,0.0,-0.7141237854957585,-0.2949700146913552,-0.8994852900505064,0.3264877438545264,-3.752374839782721,0.4237183272838592,1.9697712659835793,-2.556027698516849,-0.630290377140045,-1.4475237369537264,0.5718064188957199,-1.4758257865905735,1.4670337677001917,0.7470369935035699,-0.11931734234094593,1.0978194475173921,0.6779477715492253,-0.4250538885593417,0.0,-5.303039360046363,-1.9939868807792718,-2.1233980178833005,2.414656829833968,0.09348537027835968,-0.48737201690673687,0.6029254972934711,0.25677475035190767,-0.2631640180945403,-0.11890445947646983,0.0,0.0,0.0,-0.4534236192703247,-0.38926252722740173,-0.03198768198490143,0.8011607527732849,-0.4534236192703247,-0.38926252722740173,-0.03198768198490143,0.8011607527732849,-0.4635050594806671,-0.6443219184875488,0.2633713483810425,0.5483134984970093,-0.4286406636238098,-0.6265738606452942,0.30254918336868286,0.576312780380249,-0.5004554986953735,-0.5709412097930908,0.36946046352386475,0.5357887744903564,-0.6199572086334229,-0.0768917053937912,-0.05149230733513832,0.779159426689148,-0.617862343788147,-0.05183214321732521,-0.0713115781545639,0.781328558921814,-0.6317476034164429,-0.05008767917752266,-0.07247627526521683,0.7701516151428223,-0.6317476034164429,-0.05008767917752266,-0.07247627526521683,0.7701516151428223,-0.4048730731010437,-0.6613506078720093,0.045815691351890564,0.629757285118103,-0.4829852879047394,-0.6617720127105713,-0.0400313064455986,0.5719972848892212,-0.5615511536598206,-0.5965573191642761,0.03144083172082901,0.5725303888320923,-0.44655609130859375,-0.07986566424369812,-0.3417150378227234,0.8230674266815186,-0.44225943088531494,-0.06976950168609619,-0.3470250368118286,0.8240827322006226,-0.4079691171646118,-0.08391601592302322,-0.34388238191604614,0.8415844440460205,-0.4079691171646118,-0.08391601592302322,-0.34388238191604614,0.8415844440460205,-0.4534236192703247,-0.38926252722740173,-0.03198768198490143,0.8011607527732849,-0.4457840621471405,-0.5498982667922974,0.05068473517894745,0.7044994831085205,-0.12607449293136597,-0.48392269015312195,0.2656627297401428,0.8242254257202148,-0.1639997810125351,-0.4764108955860138,0.3348671793937683,0.7962417006492615,-0.02013179287314415,-0.7383298277854919,0.35277771949768066,0.5744665265083313,0.08665402233600616,-0.7201542258262634,0.29740893840789795,0.6208195686340332,0.08665402233600616,-0.7201542258262634,0.29740893840789795,0.6208195686340332,-0.430283784866333,-0.2117839753627777,-0.14087910950183868,0.8661158084869385,-0.671017050743103,-0.15965884923934937,-0.19798699021339417,0.6964526772499084,-0.6481810808181763,-0.2452612817287445,-0.2758656144142151,0.6660377979278564,-0.6988309621810913,-0.5583407878875732,0.16864323616027832,0.414065420627594,-0.7527793645858765,-0.4971327781677246,0.1891445815563202,0.38782280683517456,-0.7527793645858765,-0.4971327781677246,0.1891445815563202,0.38782280683517456,-0.4534236192703247,-0.38926252722740173,-0.03198768198490143,0.8011607527732849
-0.3326819360256194,0.6743350982666017,0.18562839627265906,-0.4443812370300293,-0.4247102737426758,-0.05355538800358772,0.7869424819946289,-0.9127735614776611,0.0857031181454659,0.22982747554779048,1.4408143997192384,0.06852800250053405,-0.056904646754264966,-0.6546505212783812,-0.24820913076400752,0.24339337944984427,1.4265379190444947,0.037599625438451835,0.0745990306138992,0.0,-0.4674512743949897,0.7606076359748836,0.13237061947584136,-0.7357226133346555,-0.25460020005702966,0.4335587084293365,-0.6012314915657042,-0.2334133476018905,-1.2296079397201538,0.17655318975448608,0.0,-0.450286710262292,-0.30391925573348333,-1.0334976434707677,0.8438422083854666,-4.503538608551023,0.27796720862388336,1.4338605523109396,-2.375190353393541,-0.5439472198486316,0.06142401248216928,0.2658657789230332,-1.0631680727005002,0.8867804408073419,0.5999040663242329,-0.21324739903211862,0.5104650974273651,0.6862303376197806,-0.4149418771266928,0.0,-2.3554758787155294,-3.013530635833744,-1.9089648008346523,0.3918199576437562,0.2917407393455507,-0.2882943689823154,0.4762462019920358,0.5262829959392545,-0.38505861163139377,0.026549754291772417,0.0,0.0,0.0,-0.4443812370300293,-0.4247102737426758,-0.05355538800358772,0.7869424819946289,-0.4443812370300293,-0.4247102737426758,-0.05355538800358772,0.7869424819946289,-0.47004663944244385,-0.6655976176261902,0.23084774613380432,0.5317381024360657,-0.44683897495269775,-0.6551038026809692,0.2591656744480133,0.5513684153556824,-0.5189926624298096,-0.599570631980896,0.3207002580165863,0.5179893374443054,-0.6015300750732422,-0.10887567698955536,-0.101315438747406,0.7848840355873108,-0.597709059715271,-0.08192428201436996,-0.12186446040868759,0.7881506681442261,-0.6198722124099731,-0.0782906711101532,-0.12420886754989624,0.7708445191383362,-0.6198722124099731,-0.0782906711101532,-0.12420886754989624,0.7708445191383362,-0.40199023485183716,-0.6835469603538513,0.02179201878607273,0.6088452935218811,-0.4742777645587921,-0.6810024976730347,-0.06296252459287643,0.5543753504753113,-0.5534353852272034,-0.6184301376342773,0.0048493812792003155,0.5578799843788147,-0.42170384526252747,-0.10264839977025986,-0.35846197605133057,0.8265193104743958,-0.4148499667644501,-0.08708730340003967,-0.36626675724983215,0.8283500671386719,-0.3836621344089508,-0.10066433995962143,-0.3627749979496002,0.8432464003562927,-0.3836621344089508,-0.10066433995962143,-0.3627749979496002,0.8432464003562927,-0.4443812370300293,-0.4247102737426758,-0.05355538800358772,0.7869424819946289,-0.4392043948173523,-0.601327121257782,0.03919904679059982,0.6663097143173218,-0.1596904695034027,-0.5443659424781799,0.2587735950946808,0.7817934155464172,-0.19382432103157043,-0.5360614061355591,0.31071868538856506,0.7606077194213867,-0.05797164887189865,-0.7780831456184387,0.3411388397216797,0.5242616534233093,0.05036161467432976,-0.7655428051948547,0.2942085266113281,0.569955587387085,0.05036161467432976,-0.7655428051948547,0.2942085266113281,0.569955587387085,-0.4167947471141815,-0.2518409490585327,-0.15834440290927887,0.8589444160461426,-0.6524713635444641,-0.19374467432498932,-0.2257404327392578,0.6969832181930542,-0.6271670460700989,-0.2733672559261322,-0.3004120886325836,0.6645932793617249,-0.6962580680847168,-0.5826647281646729,0.1392650157213211,0.3953881859779358,-0.7518627643585205,-0.5210481286048889,0.15787075459957123,0.37187105417251587,-0.7518627643585205,-0.5210481286048889,0.15787075459957123,0.37187105417251587,-0.4443812370300293,-0.4247102737426758,-0.05355538800358772,0.7869424819946289
-0.3153177082538604,0.6948853969573976,0.15122659802436814,-0.4379744529724121,-0.4533546566963196,-0.0757671520113945,0.7725978493690491,-0.899903643131256,0.09280705600976948,0.2237185567617416,1.4540552854537965,0.06801431030035018,-0.0767796903848649,-0.6395202159881591,-0.24062665104866024,0.22847811579704277,1.4245625257492065,0.047815462201833775,0.07002392858266829,0.0,-0.5718576014041905,0.685135746002197,0.10837584137916555,-0.6921955823898314,-0.24805409908294676,0.42633643150329587,-0.5880472898483275,-0.22381021678447718,-1.2387242317199707,0.17538848519325256,0.0,0.5385868191719099,0.6946564316749617,-1.5484417557716392,0.7035986185073846,-4.040197372436522,-0.14037936329841805,0.8410870313644383,-0.3273998737335111,-0.365071237087249,0.5118891790509243,0.04720299839973352,-1.0111061096191405,0.7890815138816829,0.43431898355483933,-0.6126341864466686,0.05353902578353675,0.5546514630317683,-0.2753017842769616,0.0,-4.504105830192575,-3.583578443527224,-1.377045345306394,1.7302186526358185,0.31841394901275644,-0.3429089546203616,0.6134690701961524,0.4916881322860716,-0.43812558054924033,-0.03703897967934637,0.0,0.0,0.0,-0.4379744529724121,-0.4533546566963196,-0.0757671520113945,0.7725978493690491,-0.4379744529724121,-0.4533546566963196,-0.0757671520113945,0.7725978493690491,-0.47714969515800476,-0.6835504770278931,0.2027292549610138,0.5137975215911865,-0.45280560851097107,-0.6734169125556946,0.23423543572425842,0.5353602170944214,-0.5251327753067017,-0.6186854839324951,0.2925553321838379,0.5058408975601196,-0.5867272615432739,-0.12603458762168884,-0.13040482997894287,0.7892156839370728,-0.5819569230079651,-0.09912838786840439,-0.1502802073955536,0.7930419445037842,-0.6119476556777954,-0.09315364807844162,-0.15403592586517334,0.7701399326324463,-0.6119476556777954,-0.09315364807844162,-0.15403592586517334,0.7701399326324463,-0.4018077850341797,-0.7006077170372009,-0.001817493699491024,0.589657723903656,-0.46968889236450195,-0.6953397989273071,-0.08586692810058594,0.5371423959732056,-0.5458841919898987,-0.6373069882392883,-0.024030879139900208,0.5433902144432068,-0.3974672257900238,-0.12722179293632507,-0.37496891617774963,0.8277878165245056,-0.388349711894989,-0.1073920875787735,-0.38430339097976685,0.830639660358429,-0.359025776386261,-0.12075792998075485,-0.3803189992904663,0.843727171421051,-0.359025776386261,-0.12075792998075485,-0.3803189992904663,0.843727171421051,-0.4379744529724121,-0.4533546566963196,-0.0757671520113945,0.7725978493690491,-0.4341951608657837,-0.659980058670044,0.03694199398159981,0.6119936108589172,-0.20257146656513214,-0.609764039516449,0.25566473603248596,0.7223490476608276,-0.2339978814125061,-0.6005492210388184,0.2952834665775299,0.7052611112594604,-0.10798094421625137,-0.8091883063316345,0.3407634496688843,0.46629899740219116,0.00016759522259235382,-0.8033729195594788,0.3025357723236084,0.5128977298736572,0.00016759522259235382,-0.8033729195594788,0.3025357723236084,0.5128977298736572,-0.40608739852905273,-0.2857797145843506,-0.17681288719177246,0.849800169467926,-0.6349657773971558,-0.22235870361328125,-0.2519707977771759,0.6956191658973694,-0.6079781651496887,-0.2966328561306,-0.3234500288963318,0.6616278886795044,-0.6943552494049072,-0.6021484136581421,0.11251518130302429,0.37766164541244507,-0.75080406665802,-0.5406326055526733,0.1292354315519333,0.3568023443222046,-0.75080406665802,-0.5406326055526733,0.1292354315519333,0.3568023443222046,-0.4379744529724121,-0.4533546566963196,-0.0757671520113945,0.7725978493690491
-0.3086975395679474,0.7020290613174438,0.13634404540061948,-0.4322672188282013,-0.4751425087451935,-0.09604322910308838,0.7603685855865479,-0.9026159048080445,0.10192994922399527,0.21517753005027765,1.4718142986297609,0.06724656224250793,-0.08851312100887304,-0.6272334337234496,-0.23504509329795834,0.21931242346763608,1.407004141807556,0.05755764320492751,0.06380867958068843,0.0,-0.6300232052803042,0.7014932274818425,0.08760035485029208,-0.6874460697174073,-0.23647397458553304,0.42535666823387147,-0.5798075079917907,-0.20519720613956435,-1.2456421613693238,0.16940901279449458,0.0,0.5458895802497832,0.6253159046173056,-1.134512495994562,0.6601752161979676,-3.455841255187984,-0.3787066102027903,0.1760304570198012,0.41576551795005856,-0.37840914726257396,0.7975880742073073,-0.03330628313124187,-0.7495037317275977,0.6712095379829398,0.31909630298614444,-0.5732759952545149,-0.5662593290209817,0.4965821504592894,-0.2779594957828527,0.0,-3.8330944061279157,-1.018713474273654,-1.1031601190567006,1.013026046752918,0.47832571268081814,-0.17383841872215083,0.5108774423599228,0.7504528939723996,-0.38986369967460566,-0.20267824754119065,0.0,0.0,0.0,-0.4322672188282013,-0.4751425087451935,-0.09604322910308838,0.7603685855865479,-0.4322672188282013,-0.4751425087451935,-0.09604322910308838,0.7603685855865479,-0.4831712245941162,-0.6990545988082886,0.18151754140853882,0.49489349126815796,-0.4573550224304199,-0.6888941526412964,0.2169254869222641,0.5188398361206055,-0.5286527276039124,-0.6358318328857422,0.2714405357837677,0.49250805377960205,-0.5739328861236572,-0.1406809389591217,-0.15359088778495789,0.7919721007347107,-0.5684506297111511,-0.11397839337587357,-0.17280149459838867,0.7962490320205688,-0.6031121015548706,-0.1061670333147049,-0.177702397108078,0.77032870054245,-0.6031121015548706,-0.1061670333147049,-0.177702397108078,0.77032870054245,-0.4017863869667053,-0.7130817174911499,-0.023272257298231125,0.5740562081336975,-0.4663310647010803,-0.7054456472396851,-0.10670695453882217,0.522968053817749,-0.5407339930534363,-0.6501947641372681,-0.048814333975315094,0.5314797163009644,-0.38090062141418457,-0.1520024836063385,-0.3871694505214691,0.8257783651351929,-0.3695570230484009,-0.12818178534507751,-0.39791274070739746,0.8298569321632385,-0.3428763151168823,-0.14077812433242798,-0.3936544954776764,0.8412214517593384,-0.3428763151168823,-0.14077812433242798,-0.3936544954776764,0.8412214517593384,-0.4322672188282013,-0.4751425087451935,-0.09604322910308838,0.7603685855865479,-0.431732177734375,-0.6951945424079895,0.02757738158106804,0.5740658044815063,-0.20866988599300385,-0.6431764364242554,0.2652137577533722,0.6873445510864258,-0.23571841418743134,-0.6352391242980957,0.2956976294517517,0.6734026670455933,-0.10965009033679962,-0.8298376202583313,0.342812716960907,0.4264102578163147,-0.005204562563449144,-0.824931263923645,0.31144899129867554,0.4716576337814331,-0.005204562563449144,-0.824931263923645,0.31144899129867554,0.4716576337814331,-0.3959818482398987,-0.30998820066452026,-0.19501107931137085,0.8420668840408325,-0.6201829314231873,-0.2413526177406311,-0.27546292543411255,0.693716287612915,-0.5939851403236389,-0.30798599123954773,-0.3408891558647156,0.6603944301605225,-0.6932668685913086,-0.6123079061508179,0.09261758625507355,0.3686221241950989,-0.7484605312347412,-0.5527153015136719,0.10793887078762054,0.3502313792705536,-0.7484605312347412,-0.5527153015136719,0.10793887078762054,0.3502313792705536,-0.4322672188282013,-0.4751425087451935,-0.09604322910308838,0.7603685855865479
-0.3074494004249572,0.7024694085121155,0.1312211155891418,-0.4268283545970917,-0.49339181184768677,-0.11531777679920197,0.7490552663803101,-0.9131192564964297,0.11206232011318204,0.205420449376106,1.4918323755264284,0.06635178625583649,-0.0961757451295854,-0.6163684129714964,-0.23046399652957913,0.21302151679992662,1.3816542625427235,0.06706299632787713,0.05677335709333413,0.0,-0.6650684475898733,0.7637653946876526,0.06843451410531984,-0.7020853161811824,-0.2223768383264541,0.42749816179275524,-0.5740399360656738,-0.18207925558090182,-1.2514609098434448,0.16102215647697443,0.0,0.06240695342421657,0.022017357870936245,-0.25614649057388295,0.6651619076728855,-2.8109776973724343,-0.5270241498947132,-0.525167584419254,0.506618499755855,-0.4878540039062544,1.0009038448333751,-0.04473879560828183,-0.3831311762332933,0.5432510375976584,0.22905482351779843,-0.3145453035831472,-1.2674938440323138,0.47526761889457614,-0.35176610946655246,0.0,-1.7522619962691859,3.1136081218719287,-0.958292007446287,-0.7319622635841201,0.7048567533493014,0.10707467049360483,0.2883785665035216,1.1558974981307988,-0.2909373939037279,-0.4193427860736838,0.0,0.0,0.0,-0.4268283545970917,-0.49339181184768677,-0.11531777679920197,0.7490552663803101,-0.4268283545970917,-0.49339181184768677,-0.11531777679920197,0.7490552663803101,-0.48851504921913147,-0.7131315469741821,0.16372451186180115,0.4753848612308502,-0.4611259996891022,-0.7028434872627258,0.2034042626619339,0.5019965767860413,-0.5307581424713135,-0.6518603563308716,0.2538018524646759,0.4784959852695465,-0.5620654821395874,-0.1540406346321106,-0.1737874299287796,0.7938210368156433,-0.5559916496276855,-0.127624973654747,-0.19233539700508118,0.7984936833381653,-0.5937319993972778,-0.11823199689388275,-0.19824789464473724,0.7708445191383362,-0.5937319993972778,-0.11823199689388275,-0.19824789464473724,0.7708445191383362,-0.40177121758461,-0.7231233716011047,-0.043633174151182175,0.5601506233215332,-0.46351125836372375,-0.7133108973503113,-0.12648646533489227,0.5102412104606628,-0.5367162823677063,-0.6599929928779602,-0.07152619957923889,0.5207964181900024,-0.36808285117149353,-0.17683090269565582,-0.3971087336540222,0.8219187259674072,-0.35456278920173645,-0.14917650818824768,-0.40922555327415466,0.8273850679397583,-0.33093637228012085,-0.16073140501976013,-0.40482664108276367,0.8371152281761169,-0.33093637228012085,-0.16073140501976013,-0.40482664108276367,0.8371152281761169,-0.4268283545970917,-0.49339181184768677,-0.11531777679920197,0.7490552663803101,-0.4309026002883911,-0.7191504836082458,0.014704536646604538,0.5449122190475464,-0.1967909336090088,-0.661866307258606,0.28164979815483093,0.6662428975105286,-0.21866877377033234,-0.6561912894248962,0.3046553134918213,0.6548146605491638,-0.08721838146448135,-0.8459115624427795,0.3463658094406128,0.3960523307323456,0.011866262182593346,-0.8391447067260742,0.32095447182655334,0.4389573931694031,0.011866262182593346,-0.8391447067260742,0.32095447182655334,0.4389573931694031,-0.3861295282840729,-0.3292686641216278,-0.21303284168243408,0.8349270224571228,-0.6066976189613342,-0.2554902732372284,-0.29753243923187256,0.6914600729942322,-0.5827018022537231,-0.3134278655052185,-0.3555762469768524,0.6601417064666748,-0.6927258968353271,-0.6179215908050537,0.07617741823196411,0.36400654911994934,-0.7455874681472778,-0.5611213445663452,0.09034163504838943,0.3479662835597992,-0.7455874681472778,-0.5611213445663452,0.09034163504838943,0.3479662835597992,-0.4268283545970917,-0.49339181184768677,-0.11531777679920197,0.7490552663803101
-0.3024311661720276,0.7024622917175293,0.1264501452445984,-0.4167433977127075,-0.5090213418006897,-0.13450413942337036,0.741033673286438,-0.9343594908714294,0.10920193195343018,0.18245836198329932,1.5152340412139893,0.06623228937387467,-0.10879715234041211,-0.5991512417793274,-0.22872031033039095,0.2005369246006012,1.2777483463287356,0.07396673858165739,0.05065260976552965,0.0,-0.5791257858276369,0.7678071975708007,0.05546190962195399,-0.6659230589866639,-0.21662456393241883,0.4358854830265045,-0.577759301662445,-0.15766241848468787,-1.2441208124160767,0.15528890788555147,0.0,0.17550980672240232,0.008593439310789139,-0.24558769762516025,0.9738178968429558,-2.625632190704346,-0.42982128858566304,-0.8472740650176995,0.11683577299118131,-0.8840041875839224,1.1024114370346068,-0.02148042470216756,-0.5318946599960324,0.7338155150413509,0.1439325064420702,-0.5003558516502377,-3.6241748094558663,0.39721930623054524,-0.3243288457393647,0.0,1.8773750543594279,1.3666972637176553,-0.7724949240684513,0.7920827746391261,0.45451091527938897,0.2944494828581806,0.0037704765796667816,1.1948640584945678,0.1038279473781577,-0.33973455429077165,0.0,0.0,0.0,-0.4167433977127075,-0.5090213418006897,-0.13450413942337036,0.741033673286438,-0.4167433977127075,-0.5090213418006897,-0.13450413942337036,0.741033673286438,-0.4901040196418762,-0.7281783223152161,0.1475646197795868,0.4558280110359192,-0.4644894599914551,-0.7190419435501099,0.18707364797592163,0.48190444707870483,-0.5279824733734131,-0.6738184094429016,0.230357825756073,0.4627508521080017,-0.5417107343673706,-0.1714768260717392,-0.1953190714120865,0.7993719577789307,-0.534947395324707,-0.14491575956344604,-0.21314889192581177,0.8046106100082397,-0.5778822302818298,-0.1330096274614334,-0.2207614630460739,0.7743545770645142,-0.5778822302818298,-0.1330096274614334,-0.2207614630460739,0.7743545770645142,-0.3975176215171814,-0.7294498682022095,-0.06630361080169678,0.5527083277702332,-0.457990825176239,-0.7171257138252258,-0.14910535514354706,0.5037289261817932,-0.527497410774231,-0.667707085609436,-0.09792204946279526,0.5160669088363647,-0.36550474166870117,-0.2282477468252182,-0.39385542273521423,0.8119033575057983,-0.35066503286361694,-0.19807273149490356,-0.4070526957511902,0.8198229074478149,-0.32976034283638,-0.2083163559436798,-0.40198832750320435,0.8284128904342651,-0.32976034283638,-0.2083163559436798,-0.40198832750320435,0.8284128904342651,-0.4167433977127075,-0.5090213418006897,-0.13450413942337036,0.741033673286438,-0.4279165267944336,-0.7066838145256042,-0.023320592939853668,0.5629757642745972,-0.1858849823474884,-0.6640167832374573,0.2430572360754013,0.6822401881217957,-0.2037806659936905,-0.6598641872406006,0.2621428370475769,0.6740429997444153,-0.09360291063785553,-0.8478472232818604,0.299854576587677,0.42717790603637695,0.0041694422252476215,-0.8428654670715332,0.2721858024597168,0.4641934633255005,0.0041694422252476215,-0.8428654670715332,0.2721858024597168,0.4641934633255005,-0.3708954155445099,-0.34273386001586914,-0.2312704622745514,0.8315552473068237,-0.5924140810966492,-0.2626192569732666,-0.31933116912841797,0.6914508938789368,-0.5714460015296936,-0.31184834241867065,-0.3696960508823395,0.6629668474197388,-0.6918461918830872,-0.6175050139427185,0.055651161819696426,0.37005317211151123,-0.7428880929946899,-0.5625012516975403,0.06983693689107895,0.3561355471611023,-0.7428880929946899,-0.5625012516975403,0.06983693689107895,0.3561355471611023,-0.4167433977127075,-0.5090213418006897,-0.13450413942337036,0.741033673286438
-0.2975706696510315,0.7027841329574585,0.12198666483163835,-0.4054758846759796,-0.523223340511322,-0.15242686867713928,0.7338888645172119,-0.9547261357307434,0.10949696600437163,0.16094338297843938,1.5392048120498656,0.06407066285610201,-0.11513628065586091,-0.5829279780387878,-0.22692708373069764,0.18831079900264744,1.1709085226058962,0.07823814302682877,0.0417880576103926,0.0,-0.49212961196899435,0.7722241640090942,0.04443800821900369,-0.6439972519874573,-0.21078945100307467,0.4441300272941589,-0.5791633248329162,-0.13552026301622394,-1.2340723276138306,0.14448023438453678,0.0,0.24617957770824436,0.00951290059019805,-0.22932380437850958,1.2262032747268674,-2.390362119674683,-0.29966818094253583,-1.0358040213584903,-0.04835673868656222,-1.1046910643577579,1.1871563196182249,-0.06723873270675498,-0.44260195493698246,0.8310412764549258,0.08867051452398299,-0.6164755582809449,-5.283312606811523,0.2662169694900518,-0.3883514761924738,0.0,4.3287383079528805,0.21334503889083856,-0.5901691079139714,1.3810192823410063,0.2900988459587097,0.41508272290229803,-0.1165079981088643,1.1526013255119327,0.4482564568519587,-0.4389251470565786,0.0,0.0,0.0,-0.4054758846759796,-0.523223340511322,-0.15242686867713928,0.7338888645172119,-0.4054758846759796,-0.523223340511322,-0.15242686867713928,0.7338888645172119,-0.49009382724761963,-0.7421668767929077,0.13180097937583923,0.43774980306625366,-0.46541428565979004,-0.7338429689407349,0.17223094403743744,0.46389713883399963,-0.5228683948516846,-0.6940798759460449,0.2090243548154831,0.44852036237716675,-0.5209108591079712,-0.18633884191513062,-0.21360847353935242,0.805171549320221,-0.5138146877288818,-0.16046375036239624,-0.23021158576011658,0.8107086420059204,-0.5596134662628174,-0.14697156846523285,-0.23905374109745026,0.7797983884811401,-0.5596134662628174,-0.14697156846523285,-0.23905374109745026,0.7797983884811401,-0.3917100429534912,-0.7350269556045532,-0.08801059424877167,0.5463997721672058,-0.4510539472103119,-0.7203413844108582,-0.17066282033920288,0.49853086471557617,-0.5167950987815857,-0.6747522354125977,-0.12304197996854782,0.5123406648635864,-0.3629571497440338,-0.2792646586894989,-0.3886125683784485,0.7995333671569824,-0.3474830090999603,-0.24778196215629578,-0.40251460671424866,0.8098405599594116,-0.33042702078819275,-0.25614994764328003,-0.3973904848098755,0.8168758749961853,-0.33042702078819275,-0.25614994764328003,-0.3973904848098755,0.8168758749961853,-0.4054758846759796,-0.523223340511322,-0.15242686867713928,0.7338888645172119,-0.4219356179237366,-0.692179799079895,-0.06030159443616867,0.5824268460273743,-0.17151515185832977,-0.6639684438705444,0.2048005610704422,0.6984162330627441,-0.1859222948551178,-0.6609869003295898,0.22046244144439697,0.692766547203064,-0.09425997734069824,-0.8497109413146973,0.25349411368370056,0.4526003301143646,0.0019524279050529003,-0.8459579944610596,0.22426918148994446,0.4837919771671295,0.0019524279050529003,-0.8459579944610596,0.22426918148994446,0.4837919771671295,-0.35475489497184753,-0.3546680212020874,-0.24793082475662231,0.8287882804870605,-0.5766473412513733,-0.26911747455596924,-0.33888304233551025,0.6929730772972107,-0.5585574507713318,-0.3104642331600189,-0.3824361562728882,0.6673591136932373,-0.688713550567627,-0.6177079677581787,0.03442162275314331,0.3780554234981537,-0.7364147305488586,-0.5665154457092285,0.04821470007300377,0.36664584279060364,-0.7364147305488586,-0.5665154457092285,0.04821470007300377,0.36664584279060364,-0.4054758846759796,-0.523223340511322,-0.15242686867713928,0.7338888645172119
-0.29302564859390257,0.7037638902664185,0.11813816428184508,-0.39223042130470276,-0.5350261330604553,-0.1679341197013855,0.7291780710220337,-0.9733456015586853,0.11610284447669984,0.14232262074947352,1.5643137931823732,0.0578247770667076,-0.10891085118055342,-0.5686925292015075,-0.2250347763299942,0.1766016066074371,1.0582008838653563,0.0772448718547821,0.027435895800590485,0.0,-0.4030264139175413,0.7773914575576782,0.03731151297688483,-0.6505443453788757,-0.20478866100311277,0.45208901762962345,-0.5759366631507874,-0.11792747080326077,-1.2186070680618286,0.12352071106433864,0.0,0.23198317289352413,0.03911912146140828,-0.20164971053600306,1.3660474300384524,-2.0552429199218745,-0.10361458063125567,-0.9571809291839598,0.23563122451305452,-0.9744513273239133,1.2383757829666138,-0.2510303999297325,0.12280312776565672,0.7415896058082578,0.09312915056943895,-0.5932135820388793,-5.54736442565918,0.029306584596633378,-0.6352938950061804,0.0,4.42355432510376,0.24710976779460914,-0.41478582620620685,0.09973890781402295,0.2975543141365051,0.40223279595375055,0.09187280237674761,0.9478800058364865,0.69201130270958,-0.8957133889198313,0.0,0.0,0.0,-0.39223042130470276,-0.5350261330604553,-0.1679341197013855,0.7291780710220337,-0.39223042130470276,-0.5350261330604553,-0.1679341197013855,0.7291780710220337,-0.487402081489563,-0.7547978162765503,0.1169956624507904,0.4231211245059967,-0.4620411694049835,-0.7467387914657593,0.16060620546340942,0.45067164301872253,-0.5139366388320923,-0.7120208740234375,0.19230370223522186,0.438080757856369,-0.5000666975975037,-0.196302592754364,-0.22569715976715088,0.812686562538147,-0.49334612488746643,-0.17273682355880737,-0.24008709192276,0.8180035352706909,-0.5371423363685608,-0.15943238139152527,-0.2491241842508316,0.7899345755577087,-0.5371423363685608,-0.15943238139152527,-0.2491241842508316,0.7899345755577087,-0.38308048248291016,-0.739621102809906,-0.10782650858163834,0.5427552461624146,-0.4415978789329529,-0.7228426933288574,-0.19018764793872833,0.4963048994541168,-0.503637433052063,-0.6810915470123291,-0.14568467438220978,0.5111161470413208,-0.36146289110183716,-0.3299521505832672,-0.3804677724838257,0.7846785187721252,-0.3465041518211365,-0.2994074523448944,-0.3941456079483032,0.7968308329582214,-0.3354778289794922,-0.30479833483695984,-0.3901412785053253,0.8014627695083618,-0.3354778289794922,-0.30479833483695984,-0.3901412785053253,0.8014627695083618,-0.39223042130470276,-0.5350261330604553,-0.1679341197013855,0.7291780710220337,-0.41073864698410034,-0.6748878955841064,-0.0951572060585022,0.6056113243103027,-0.15056250989437103,-0.6606448292732239,0.1677059829235077,0.7160684466362,-0.16265273094177246,-0.6585763692855835,0.1811717450618744,0.7120379209518433,-0.08380791544914246,-0.8545671105384827,0.20866358280181885,0.46813538670539856,0.010715083219110966,-0.8508695363998413,0.17916688323020935,0.4937666654586792,0.010715083219110966,-0.8508695363998413,0.17916688323020935,0.4937666654586792,-0.33713555335998535,-0.36383238434791565,-0.26162850856781006,0.8279591202735901,-0.5583993196487427,-0.2745605409145355,-0.35418495535850525,0.6981114745140076,-0.542570173740387,-0.30955982208251953,-0.39251649379730225,0.6750713586807251,-0.6812771558761597,-0.6193280220031738,0.011815814301371574,0.39007022976875305,-0.7224799394607544,-0.5758534669876099,0.024386122822761536,0.38186532258987427,-0.7224799394607544,-0.5758534669876099,0.024386122822761536,0.38186532258987427,-0.39223042130470276,-0.5350261330604553,-0.1679341197013855,0.7291780710220337
-0.2869063854217529,0.7024542808532714,0.11388281434774397,-0.3782627284526825,-0.5471364259719849,-0.18547895550727844,0.7232956886291504,-1.003831422328949,0.11489862203598021,0.11437721848487847,1.5933738470077516,0.050340141355991345,-0.10053998231887815,-0.5465342879295348,-0.22897441387176515,0.15875202715396877,0.9636778831481931,0.08856822997331623,0.026970394328236592,0.0,-0.31454446911811806,0.7830551862716675,0.028565380722284296,-0.6330409407615661,-0.18740458190441125,0.4640097260475159,-0.5878228545188904,-0.09420800954103464,-1.210087037086487,0.1135294884443283,0.0,0.27447829544544233,-0.019693133980036012,-0.20463049411773684,1.4794672250747682,-2.049539613723755,-0.10886256396770501,-1.2869638562202466,0.09599089622497478,-1.210777246952058,1.37398111820221,-0.3494567692279817,0.3756346404552462,0.9494561314582832,-0.08034297376871166,-0.7696711778640754,-5.089842605590818,0.31983529403805855,-0.30100823640823227,0.0,4.436522006988525,0.2732577204704285,-0.40491384267807023,0.39416025280952693,0.6415381073951733,0.5168010175228123,-0.2920524746179596,1.0634396195411688,0.5649060845375053,-0.7189271211624135,0.0,0.0,0.0,-0.3782627284526825,-0.5471364259719849,-0.18547895550727844,0.7232956886291504,-0.3782627284526825,-0.5471364259719849,-0.18547895550727844,0.7232956886291504,-0.4862145185470581,-0.7685372233390808,0.10318279266357422,0.4028637409210205,-0.4622594118118286,-0.7613531351089478,0.14712053537368774,0.430131733417511,-0.5049015283584595,-0.7337825298309326,0.17173577845096588,0.42088544368743896,-0.47559624910354614,-0.2119637429714203,-0.24069702625274658,0.8191120028495789,-0.46943002939224243,-0.19129788875579834,-0.25266265869140625,0.8241372108459473,-0.5102708339691162,-0.17842227220535278,-0.26191216707229614,0.7994945049285889,-0.5102708339691162,-0.17842227220535278,-0.26191216707229614,0.7994945049285889,-0.374172180891037,-0.7418574094772339,-0.13044193387031555,0.5409507155418396,-0.43353259563446045,-0.7220665216445923,-0.21433818340301514,0.49470067024230957,-0.48949575424194336,-0.685448169708252,-0.17446383833885193,0.510016679763794,-0.3533690869808197,-0.3709023594856262,-0.38205575942993164,0.7691522240638733,-0.3360216021537781,-0.3365170955657959,-0.39719444513320923,0.7849091291427612,-0.32544293999671936,-0.3418735861778259,-0.39256995916366577,0.7893655300140381,-0.32544293999671936,-0.3418735861778259,-0.39256995916366577,0.7893655300140381,-0.3782627284526825,-0.5471364259719849,-0.18547895550727844,0.7232956886291504,-0.3965755105018616,-0.6573518514633179,-0.13083475828170776,0.6272947192192078,-0.12716147303581238,-0.6576037406921387,0.1299045830965042,0.7311034202575684,-0.13642621040344238,-0.6563953161239624,0.14040684700012207,0.7285734415054321,-0.0733514055609703,-0.8528581857681274,0.16117003560066223,0.49119943380355835,0.01366560161113739,-0.8495296239852905,0.13251915574073792,0.5104424953460693,0.01366560161113739,-0.8495296239852905,0.13251915574073792,0.5104424953460693,-0.3175930082798004,-0.3719704747200012,-0.277666300535202,0.8268460035324097,-0.5434967875480652,-0.2754376232624054,-0.37350326776504517,0.6994575262069702,-0.5309444665908813,-0.30281344056129456,-0.4042976200580597,0.6804009079933167,-0.6780637502670288,-0.6157171130180359,-0.0072910417802631855,0.4013340473175049,-0.7158934473991394,-0.5757365226745605,0.005009775049984455,0.39496713876724243,-0.7158934473991394,-0.5757365226745605,0.005009775049984455,0.39496713876724243,-0.3782627284526825,-0.5471364259719849,-0.18547895550727844,0.7232956886291504
-0.2800000011920929,0.699999988079071,0.10942403972148895,-0.3637771010398865,-0.5591639280319214,-0.20395828783512115,0.7165213823318481,-1.0402504205703735,0.10978934913873672,0.08176949620246887,1.6244094371795654,0.04223613068461418,-0.09109639376401901,-0.5204146504402161,-0.23583002388477325,0.13783225417137146,0.8782472014427185,0.10604990273714066,0.033448223024606705,0.0,-0.22637315094470978,0.7889671325683594,0.019009429961442947,-0.6035122871398926,-0.16432885825634003,0.4779112935066223,-0.6072654724121094,-0.0674252137541771,-1.205039620399475,0.10902241617441177,0.0,0.3453191816806793,-0.12271462753415108,-0.22293871641159058,1.5796748399734497,-2.2085442543029785,-0.21476136147975922,-1.8209497928619385,-0.2554636001586914,-1.6303859949111938,1.5517793893814087,-0.4052005112171173,0.4721794128417969,1.3059817552566528,-0.3427804782986641,-1.0459885597229004,-4.271533966064453,0.8740835674107075,0.32389146089553833,0.0,4.408565521240234,0.29559728503227234,-0.4777975082397461,1.476432591676712,1.153786063194275,0.6950783133506775,-0.9721307903528214,1.339139699935913,0.25237083435058594,-0.22535359859466553,0.0,0.0,0.0,-0.3637771010398865,-0.5591639280319214,-0.20395828783512115,0.7165213823318481,-0.3637771010398865,-0.5591639280319214,-0.20395828783512115,0.7165213823318481,-0.48550650477409363,-0.7823948860168457,0.08981278538703918,0.3795725405216217,-0.4639491140842438,-0.7762885689735413,0.13260523974895477,0.405639111995697,-0.49529093503952026,-0.7566767334938049,0.1490742564201355,0.3998801112174988,-0.4489095211029053,-0.23028261959552765,-0.2569367587566376,0.8242776393890381,-0.4433838129043579,-0.21282541751861572,-0.2663588523864746,0.8289566040039062,-0.48066839575767517,-0.2004767209291458,-0.2757730782032013,0.8079085350036621,-0.48066839575767517,-0.2004767209291458,-0.2757730782032013,0.8079085350036621,-0.3649834394454956,-0.7426300048828125,-0.15440113842487335,0.5398592352867126,-0.42595911026000977,-0.7193092107772827,-0.24069343507289886,0.49317315220832825,-0.4744807481765747,-0.6882694959640503,-0.20616139471530914,0.5085769891738892,-0.34181544184684753,-0.40674999356269836,-0.3883255422115326,0.752940833568573,-0.32075372338294983,-0.36627236008644104,-0.40589600801467896,0.7734403610229492,-0.3077743649482727,-0.3730090856552124,-0.399713933467865,0.7786962985992432,-0.3077743649482727,-0.3730090856552124,-0.399713933467865,0.7786962985992432,-0.3637771010398865,-0.5591639280319214,-0.20395828783512115,0.7165213823318481,-0.3804744780063629,-0.6389337182044983,-0.16672897338867188,0.6474599242210388,-0.10241296887397766,-0.6539397239685059,0.0916389599442482,0.7439602017402649,-0.10855679214000702,-0.6533827781677246,0.09875301271677017,0.7426669597625732,-0.06276663392782211,-0.8462486863136292,0.11209911853075027,0.5170660018920898,0.01368621550500393,-0.84381103515625,0.08495695143938065,0.5296961069107056,0.01368621550500393,-0.84381103515625,0.08495695143938065,0.5296961069107056,-0.29695120453834534,-0.37942466139793396,-0.2947435677051544,0.8252170085906982,-0.5300982594490051,-0.2739434838294983,-0.3947047293186188,0.6986837387084961,-0.5214170217514038,-0.29309889674186707,-0.41686204075813293,0.6844292283058167,-0.6768644452095032,-0.6094023585319519,-0.0246408861130476,0.4121602773666382,-0.7129619717597961,-0.5708733201026917,-0.01213098131120205,0.4069910943508148,-0.7129619717597961,-0.5708733201026917,-0.01213098131120205,0.4069910943508148,-0.3637771010398865,-0.5591639280319214,-0.20395828783512115,0.7165213823318481
-0.2800000011920929,0.699999988079071,0.10631852895021437,-0.3495909571647644,-0.5699516534805298,-0.21097151935100555,0.7130445241928101,-1.0782792806625368,0.0838285520672797,0.044980236887931666,1.6608280420303347,0.04925936535000804,-0.11162920892238626,-0.4868560314178465,-0.23034791946411132,0.1471397072076798,0.807267618179321,0.10803315043449403,0.04464496150612836,0.0,-0.14525226950645412,0.78450847864151,0.01737969629466533,-0.6254795432090761,-0.1383919060230254,0.49263780117034917,-0.6201303482055665,-0.053880326449871,-1.1950547218322753,0.09228548109531395,0.0,0.1381276726722708,-0.04908585250377623,-0.18234080076217635,1.269178748130797,-1.7905817031860334,0.2814640432596229,-1.8692456483840945,-0.8810093462467221,-1.7558321237564092,1.7132698297500617,0.04861680865287987,-0.4271126270294229,1.5291512012481698,0.027350926399232645,-0.13917188644408773,-3.8380010128021222,0.4091308712959269,0.4654587268829352,0.0,4.197052383422851,-0.015520685911179943,-0.24001100659370317,-0.06844458580017765,1.2396229743957523,0.7198265194892884,-0.7747985720634452,0.9420024633407575,0.40049527287483283,-0.5922494649887101,0.0,0.0,0.0,-0.3495909571647644,-0.5699516534805298,-0.21097151935100555,0.7130445241928101,-0.3495909571647644,-0.5699516534805298,-0.21097151935100555,0.7130445241928101,-0.48055005073547363,-0.7961817979812622,0.08695042133331299,0.3572195768356323,-0.4650137722492218,-0.7919044494628906,0.12013037502765656,0.37711840867996216,-0.48256367444992065,-0.7813352942466736,0.1289413422346115,0.3741947412490845,-0.4205505847930908,-0.2507641911506653,-0.2688962519168854,0.829427182674408,-0.4137718081474304,-0.23024789988994598,-0.279102087020874,0.8353925943374634,-0.4596896767616272,-0.21418416500091553,-0.2915673553943634,0.811048150062561,-0.4596896767616272,-0.21418416500091553,-0.2915673553943634,0.811048150062561,-0.35273057222366333,-0.741001307964325,-0.16770628094673157,0.5462352633476257,-0.4131518006324768,-0.716841459274292,-0.25175610184669495,0.5020586252212524,-0.46470290422439575,-0.6845502853393555,-0.21413463354110718,0.519219160079956,-0.3432137966156006,-0.4256536066532135,-0.37959766387939453,0.7462766766548157,-0.3222200274467468,-0.3847397267818451,-0.39757001399993896,0.7681717276573181,-0.3050224781036377,-0.3934963047504425,-0.38882654905319214,0.7752004265785217,-0.3050224781036377,-0.3934963047504425,-0.38882654905319214,0.7752004265785217,-0.3495909571647644,-0.5699516534805298,-0.21097151935100555,0.7130445241928101,-0.3610990643501282,-0.6217330694198608,-0.18795768916606903,0.6691246032714844,-0.07790312170982361,-0.6463199853897095,0.06400085985660553,0.7563765048980713,-0.08347558230161667,-0.6460322737693787,0.07059643417596817,0.7554404735565186,-0.046151772141456604,-0.8483491539955139,0.07754151523113251,0.5216906666755676,0.018511265516281128,-0.8459218740463257,0.05458910018205643,0.5301826000213623,0.018511265516281128,-0.8459218740463257,0.05458910018205643,0.5301826000213623,-0.27894821763038635,-0.3845725655555725,-0.3005136549472809,0.8270329236984253,-0.5179887413978577,-0.27449339628219604,-0.40351223945617676,0.7025089859962463,-0.5110846757888794,-0.289551317691803,-0.42134207487106323,0.6909583806991577,-0.670388400554657,-0.6086412072181702,-0.037385545670986176,0.42277392745018005,-0.701145350933075,-0.5762832760810852,-0.026347680017352104,0.4190448522567749,-0.701145350933075,-0.5762832760810852,-0.026347680017352104,0.4190448522567749,-0.3495909571647644,-0.5699516534805298,-0.21097151935100555,0.7130445241928101
-0.2800000011920929,0.699999988079071,0.10327395647764204,-0.33597075939178467,-0.579196572303772,-0.21997128427028656,0.7094136476516724,-1.1171477317810061,0.06588025093078612,0.009885672852396754,1.6915314197540285,0.05599282383918766,-0.12083248347043982,-0.45335938334465004,-0.22653072774410246,0.15379973351955414,0.7304143667221064,0.1138250172138215,0.055596213042736126,0.0,-0.06448267996311134,0.783518397808075,0.016209540143609046,-0.6311331152915953,-0.11993037760257719,0.5067693829536439,-0.6358734011650087,-0.03547960668802243,-1.1918567895889283,0.08072786331176757,0.0,0.0,0.0,-0.1534473747014999,1.1234886169433607,-1.4844713211059566,0.47443051338195524,-1.9266306400299078,-1.0576649188995313,-1.788621973991393,1.6494733214378323,0.34246843457221965,-0.6867544651031425,1.6760717153549194,0.22415784001350303,0.385949826240538,-3.725189113616947,0.213420940935614,0.5524723052978514,0.0,4.04550495147705,-0.11887550055980474,-0.06769935488700839,-0.608952307701101,1.0725848674774126,0.7184775471687314,-0.7295890569686907,0.8229192733764678,0.29563590884208274,-0.6814671993255584,0.0,0.0,0.0,-0.33597075939178467,-0.579196572303772,-0.21997128427028656,0.7094136476516724,-0.33597075939178467,-0.579196572303772,-0.21997128427028656,0.7094136476516724,-0.4771066904067993,-0.8081701397895813,0.08272185176610947,0.3352425694465637,-0.4658012390136719,-0.8050100803375244,0.10929013043642044,0.35077589750289917,-0.4697205424308777,-0.8027268648147583,0.11117576062679291,0.35018885135650635,-0.3946855664253235,-0.2702072858810425,-0.2777542471885681,0.8331049084663391,-0.38674837350845337,-0.24677403271198273,-0.28866326808929443,0.8403580784797668,-0.43679744005203247,-0.22892403602600098,-0.30301254987716675,0.8154661655426025,-0.43679744005203247,-0.22892403602600098,-0.30301254987716675,0.8154661655426025,-0.3413270115852356,-0.7379595041275024,-0.1826101392507553,0.5527796149253845,-0.4016157388687134,-0.7125930786132812,-0.2648472785949707,0.5106582641601562,-0.455169677734375,-0.679634153842926,-0.22483012080192566,0.5294991731643677,-0.3449593186378479,-0.4456597566604614,-0.37269335985183716,0.7372177839279175,-0.32318639755249023,-0.40301021933555603,-0.3916914761066437,0.7613877058029175,-0.3019239604473114,-0.4137425422668457,-0.38030046224594116,0.7700848579406738,-0.3019239604473114,-0.4137425422668457,-0.38030046224594116,0.7700848579406738,-0.33597075939178467,-0.579196572303772,-0.21997128427028656,0.7094136476516724,-0.34146714210510254,-0.602471113204956,-0.2102704495191574,0.6900834441184998,-0.052097711712121964,-0.6371539235115051,0.03567766025662422,0.7681457996368408,-0.057232193648815155,-0.6371023654937744,0.04191580042243004,0.767507791519165,-0.029431374743580818,-0.8445150852203369,0.042188916355371475,0.5330555438995361,0.026662107557058334,-0.8421821594238281,0.021756388247013092,0.5380940437316895,0.026662107557058334,-0.8421821594238281,0.021756388247013092,0.5380940437316895,-0.26106488704681396,-0.3885096609592438,-0.3081267774105072,0.8282290101051331,-0.5068936347961426,-0.2726476788520813,-0.414104163646698,0.7051523327827454,-0.5023759603500366,-0.28240540623664856,-0.4259318709373474,0.6974579691886902,-0.6653825044631958,-0.6060726642608643,-0.04695107042789459,0.43328696489334106,-0.6923174262046814,-0.577918529510498,-0.036789268255233765,0.43052685260772705,-0.6923174262046814,-0.577918529510498,-0.036789268255233765,0.43052685260772705,-0.33597075939178467,-0.579196572303772,-0.21997128427028656,0.7094136476516724
-0.2800000011920929,0.699999988079071,0.1003512606024742,-0.32362043857574463,-0.5855692028999329,-0.2330208718776703,0.7057477831840515,-1.1576953649520876,0.06395694166421889,-0.02181949503719821,1.7108043432235718,0.06214672997593883,-0.10737667679786676,-0.41998667716979965,-0.22604336142539977,0.15516490638256072,0.6418137788772579,0.12723412215709692,0.0660564906895161,0.0,0.015584325790405626,0.7894654631614685,0.015958539023995397,-0.6041593194007873,-0.11641969680786131,0.5197111129760743,-0.657372808456421,-0.007367222011089199,-1.202232789993286,0.07952888011932373,0.0,0.0,0.0,-0.1479629278182983,1.307410407066346,-1.402065277099609,0.060879158973692005,-2.002193903923035,-0.3365402936935393,-1.6360992670059198,1.1351029157638526,0.31638858318328844,0.3329041004180955,1.6704943656921387,0.0743156969547265,0.14768143892288105,-4.253819322586062,0.5561966314911857,0.5303784489631652,0.0,4.013888931274414,0.1932960420846953,-0.026337380707263755,0.8592791795730657,0.3997967243194551,0.6649342179298399,-0.9886250376701367,1.259944176673891,-0.3151910603046444,-0.21532866954803254,0.0,0.0,0.0,-0.32362043857574463,-0.5855692028999329,-0.2330208718776703,0.7057477831840515,-0.32362043857574463,-0.5855692028999329,-0.2330208718776703,0.7057477831840515,-0.47708842158317566,-0.8172117471694946,0.07583530992269516,0.3143257796764374,-0.4667888283729553,-0.8143720626831055,0.10192207247018814,0.3294210731983185,-0.45782363414764404,-0.8194441795349121,0.09847594797611237,0.33047133684158325,-0.3746013045310974,-0.2880161702632904,-0.28089410066604614,0.8353556394577026,-0.3656863570213318,-0.26191771030426025,-0.2923661470413208,0.8439162373542786,-0.41046053171157837,-0.2458808720111847,-0.30597609281539917,0.8230694532394409,-0.41046053171157837,-0.2458808720111847,-0.30597609281539917,0.8230694532394409,-0.3317273259162903,-0.7323024868965149,-0.20075152814388275,0.5598115921020508,-0.3927459120750427,-0.7049905061721802,-0.28206127882003784,0.5188259482383728,-0.4462010860443115,-0.6724311709403992,-0.24099783599376678,0.5391297340393066,-0.34751227498054504,-0.46799930930137634,-0.36956700682640076,0.7236242890357971,-0.32329967617988586,-0.42105501890182495,-0.3908916711807251,0.7519266605377197,-0.29831811785697937,-0.4337345361709595,-0.37673622369766235,0.7622010707855225,-0.29831811785697937,-0.4337345361709595,-0.37673622369766235,0.7622010707855225,-0.32362043857574463,-0.5855692028999329,-0.2330208718776703,0.7057477831840515,-0.32185474038124084,-0.5799770355224609,-0.23496775329113007,0.7105112671852112,-0.023854035884141922,-0.625778317451477,0.006123055703938007,0.779612123966217,-0.02883416973054409,-0.625959038734436,0.012342714704573154,0.7792250514030457,-0.012576766312122345,-0.829524576663971,0.005392584949731827,0.5583025813102722,0.04144517332315445,-0.8267412185668945,-0.015935620293021202,0.5608274936676025,0.04144517332315445,-0.8267412185668945,-0.015935620293021202,0.5608274936676025,-0.24352677166461945,-0.3901587724685669,-0.31952810287475586,0.828476071357727,-0.4979242980480194,-0.26606109738349915,-0.428334504365921,0.7055583000183105,-0.4969698190689087,-0.2680950164794922,-0.43078383803367615,0.7039682865142822,-0.6636022329330444,-0.6001479029655457,-0.05017233267426491,0.44377607107162476,-0.6899987459182739,-0.5724391937255859,-0.039698027074337006,0.44117921590805054,-0.6899987459182739,-0.5724391937255859,-0.039698027074337006,0.44117921590805054,-0.32362043857574463,-0.5855692028999329,-0.2330208718776703,0.7057477831840515
-0.2800000011920929,0.699999988079071,0.0979462906718254,-0.31020358204841614,-0.590689480304718,-0.24322806298732758,0.7040594816207886,-1.1888740062713623,0.03060048222541798,-0.055320667475462035,1.729168462753296,0.0655229240655899,-0.11690900474786763,-0.4053174674510956,-0.22763746082782746,0.15629852712154388,0.5567274093627927,0.14144012928009037,0.07919501215219502,0.0,0.0878278680145742,0.7932765364646912,0.017103335633873944,-0.5823097109794616,-0.09949883222579951,0.529748260974884,-0.6717746138572693,0.008118458231911083,-1.2053166627883911,0.07266033887863158,0.0,0.0,0.0,-0.13060300350189202,1.3692155838012696,-1.2125287055969234,0.08494344502687509,-1.7463118553161612,-1.0391599550843271,-1.639138436317444,0.9363819956779479,0.22436394095420809,-0.016853713989260055,1.1075303792953473,-0.03807565756142161,0.06131207793951032,-4.324602794647216,0.6943622827529908,0.6033611536026003,0.0,3.7686461448669424,0.23327348828315714,0.029323873855173724,1.1949640750885004,0.5778395324945463,0.5599489927291867,-0.8620423078536981,1.026817989349364,-0.30003619194030684,-0.23003588542342243,0.0,0.0,0.0,-0.31020358204841614,-0.590689480304718,-0.24322806298732758,0.7040594816207886,-0.31020358204841614,-0.590689480304718,-0.24322806298732758,0.7040594816207886,-0.47430121898651123,-0.8252197504043579,0.06829481571912766,0.2989756762981415,-0.46955549716949463,-0.8241094350814819,0.08080235123634338,0.3063207268714905,-0.4465152621269226,-0.8368964195251465,0.07259207963943481,0.3081541061401367,-0.3449007272720337,-0.3086497485637665,-0.29239925742149353,0.8368282318115234,-0.33512789011001587,-0.2810719609260559,-0.3035159707069397,0.8465021848678589,-0.38394731283187866,-0.26268768310546875,-0.3194848299026489,0.8255356550216675,-0.38394731283187866,-0.26268768310546875,-0.3194848299026489,0.8255356550216675,-0.3203528821468353,-0.7316480875015259,-0.21459820866584778,0.562150239944458,-0.38212689757347107,-0.7025316953659058,-0.2963060140609741,0.5221406817436218,-0.4358053207397461,-0.670555591583252,-0.25463640689849854,0.5436812043190002,-0.34921908378601074,-0.49528300762176514,-0.3648834526538849,0.7068244218826294,-0.32253873348236084,-0.44410941004753113,-0.38859373331069946,0.7400881052017212,-0.29306304454803467,-0.4591423273086548,-0.37060022354125977,0.7523017525672913,-0.29306304454803467,-0.4591423273086548,-0.37060022354125977,0.7523017525672913,-0.31020358204841614,-0.590689480304718,-0.24322806298732758,0.7040594816207886,-0.3007086515426636,-0.5584683418273926,-0.25432735681533813,0.730072021484375,0.004686582833528519,-0.61338871717453,-0.018847282975912094,0.7895424365997314,-0.0005519483238458633,-0.6138346791267395,-0.012105693109333515,0.7893416881561279,0.006644359789788723,-0.8141431212425232,-0.026014473289251328,0.5800431966781616,0.052440155297517776,-0.8112195730209351,-0.04521048814058304,0.580627977848053,0.052440155297517776,-0.8112195730209351,-0.04521048814058304,0.580627977848053,-0.22611498832702637,-0.3912382125854492,-0.3273242712020874,0.829857587814331,-0.4870111346244812,-0.2614533305168152,-0.43796294927597046,0.7089787721633911,-0.4879370331764221,-0.25932997465133667,-0.43518900871276855,0.7108275890350342,-0.6584979891777039,-0.5977303981781006,-0.05758969485759735,0.4536322355270386,-0.6826471090316772,-0.5725541114807129,-0.047669775784015656,0.4515555500984192,-0.6826471090316772,-0.5725541114807129,-0.047669775784015656,0.4515555500984192,-0.31020358204841614,-0.590689480304718,-0.24322806298732758,0.7040594816207886
-0.2800000011920929,0.699999988079071,0.09580018371343613,-0.29621925950050354,-0.5951130390167236,-0.2519834637641907,0.7032772898674011,-1.2153681516647339,-0.01847255229949951,-0.08971983939409256,1.7470781803131104,0.06751026213169098,-0.13793540000915527,-0.4000000059604645,-0.2302722930908203,0.15731637179851532,0.4733981490135193,0.1560445874929428,0.09367265552282333,0.0,0.1561596728861332,0.7960196137428284,0.018946031108498573,-0.5630221962928772,-0.07587287575006485,0.5383331179618835,-0.6826276183128357,0.017290783813223243,-1.2047544717788696,0.06295701861381531,0.0,0.0,0.0,-0.10730534046888351,1.369962453842163,-0.9694268703460693,0.32781554013490677,-1.3247071504592896,-2.453651703894139,-1.7199585437774658,0.8954858183860779,0.09936690330505371,-1.0513197183609009,0.2658730745315552,-0.1317416150122881,0.05089223012328148,-4.1664628982543945,0.7302228808403015,0.7238821387290955,0.0,3.4165899753570557,0.13715386390686035,0.09213476721197367,0.9643756747245789,1.1812977939844131,0.4292428195476532,-0.5426502227783203,0.4586162567138672,0.02810955047607422,-0.4851659797132015,0.0,0.0,0.0,-0.29621925950050354,-0.5951130390167236,-0.2519834637641907,0.7032772898674011,-0.29621925950050354,-0.5951130390167236,-0.2519834637641907,0.7032772898674011,-0.47010406851768494,-0.8326631784439087,0.060425497591495514,0.2863965332508087,-0.4727292060852051,-0.8331857323646545,0.05273232236504555,0.28204235434532166,-0.4348895251750946,-0.8535470366477966,0.04003111645579338,0.28412339091300964,-0.3099382817745209,-0.33026671409606934,-0.3076843321323395,0.8367750644683838,-0.29937776923179626,-0.3018384873867035,-0.31796908378601074,0.847444474697113,-0.35706600546836853,-0.2792086899280548,-0.33801376819610596,0.8247988224029541,-0.35706600546836853,-0.2792086899280548,-0.33801376819610596,0.8247988224029541,-0.3080698251724243,-0.733440637588501,-0.22627823054790497,0.5620996356010437,-0.3706052303314209,-0.7025893330574036,-0.3090391457080841,0.5229864120483398,-0.42466679215431213,-0.6712958812713623,-0.2669888734817505,0.5456527471542358,-0.35021838545799255,-0.5246254801750183,-0.3591267466545105,0.6878540515899658,-0.3211614787578583,-0.46941596269607544,-0.38533133268356323,0.7266523838043213,-0.2867879867553711,-0.4869421124458313,-0.36293110251426697,0.7408920526504517,-0.2867879867553711,-0.4869421124458313,-0.36293110251426697,0.7408920526504517,-0.29621925950050354,-0.5951130390167236,-0.2519834637641907,0.7032772898674011,-0.27861541509628296,-0.5371013879776001,-0.2708309590816498,0.7486963272094727,0.03334585949778557,-0.6000882983207703,-0.04148908331990242,0.7981608510017395,0.027646340429782867,-0.6008514761924744,-0.033961109817028046,0.7981603145599365,0.02702118642628193,-0.7979883551597595,-0.054669853299856186,0.5995795130729675,0.06151425838470459,-0.7954525947570801,-0.0702313706278801,0.5987810492515564,0.06151425838470459,-0.7954525947570801,-0.0702313706278801,0.5987810492515564,-0.20873890817165375,-0.39197880029678345,-0.3332710564136505,0.8316916823387146,-0.4750863015651703,-0.2578134834766388,-0.44525182247161865,0.71384596824646,-0.477051317691803,-0.2533172070980072,-0.43933385610580444,0.7178009748458862,-0.6516419649124146,-0.59698486328125,-0.06709659099578857,0.4631088674068451,-0.6726327538490295,-0.5753428339958191,-0.05816200003027916,0.4616957902908325,-0.6726327538490295,-0.5753428339958191,-0.05816200003027916,0.4616957902908325,-0.29621925950050354,-0.5951130390167236,-0.2519834637641907,0.7032772898674011
-0.2800000011920929,0.699999988079071,0.094351527094841,-0.2888384163379669,-0.5958662033081055,-0.2625860869884491,0.7018293738365173,-1.2338975667953491,-0.034865473955869745,-0.11687119305133832,1.8117988109588625,0.06396382078528402,-0.12925128340721126,-0.4000000059604645,-0.22859738767147064,0.17203654050827033,0.4027172565460202,0.15298762023448942,0.10388805419206623,0.0,0.21882447600364713,0.8047870397567749,0.029752904921770143,-0.5935306787490846,-0.06537010073661799,0.5417148113250733,-0.6889478325843811,0.020577932894229902,-1.2008556127548218,0.04528990685939781,0.0,0.0,0.0,-0.08638183027505865,1.2009146213531487,-0.7712967038154593,-0.061233019828798085,-1.085765278339385,-1.4732483386993365,-1.5025240182876578,2.2998130679130617,-0.06664648205041959,-0.16000442504882417,0.10634922981262135,-0.0024494826793664826,0.46196193322539514,-3.7870118618011457,0.20038013458251724,0.59601479768753,0.0,3.2465801239013663,0.3178843080997475,0.3610600873827946,-0.5295041680336066,0.7876023530960066,0.2731479108333581,-0.4066664993762964,0.28206095695495526,0.12820958010852382,-0.724079728126527,0.0,0.0,0.0,-0.2888384163379669,-0.5958662033081055,-0.2625860869884491,0.7018293738365173,-0.2888384163379669,-0.5958662033081055,-0.2625860869884491,0.7018293738365173,-0.47161680459976196,-0.8349387049674988,0.052324630320072174,0.27877771854400635,-0.4763913154602051,-0.8357293009757996,0.03775303065776825,0.27052298188209534,-0.4267526865005493,-0.8621701002120972,0.022001981735229492,0.2721409797668457,-0.2804788053035736,-0.3177533745765686,-0.32181990146636963,0.8466383218765259,-0.2700513005256653,-0.290519654750824,-0.3306489586830139,0.8563538789749146,-0.3247804641723633,-0.2686093747615814,-0.34877637028694153,0.8370912671089172,-0.3247804641723633,-0.2686093747615814,-0.34877637028694153,0.8370912671089172,-0.3028320074081421,-0.7335213422775269,-0.2380114197731018,0.5599908232688904,-0.3647225499153137,-0.7015939950942993,-0.3201161324977875,0.5217940807342529,-0.4236263632774353,-0.6676626205444336,-0.2740921378135681,0.5473945736885071,-0.3603527545928955,-0.5446336269378662,-0.35328444838523865,0.6698583364486694,-0.33230578899383545,-0.4918484091758728,-0.3797898292541504,0.7095195055007935,-0.2950736880302429,-0.5108765959739685,-0.35366290807724,0.7258505821228027,-0.2950736880302429,-0.5108765959739685,-0.35366290807724,0.7258505821228027,-0.2888384163379669,-0.5958662033081055,-0.2625860869884491,0.7018293738365173,-0.2623938322067261,-0.5139079093933105,-0.287523090839386,0.7644466161727905,0.05796131119132042,-0.5855340361595154,-0.06334443390369415,0.8060880303382874,0.04924418777227402,-0.5871029496192932,-0.0513954721391201,0.8063768148422241,0.04198409244418144,-0.7958223819732666,-0.07894929498434067,0.59889155626297,0.0716734379529953,-0.7933686971664429,-0.0923120379447937,0.5974174737930298,0.0716734379529953,-0.7933686971664429,-0.0923120379447937,0.5974174737930298,-0.19817066192626953,-0.39158815145492554,-0.3419223725795746,0.830949068069458,-0.4671424329280853,-0.2530962824821472,-0.4540635645389557,0.7152248024940491,-0.46941518783569336,-0.24783140420913696,-0.4469926357269287,0.7200185656547546,-0.649258017539978,-0.5931482315063477,-0.07895451784133911,0.46947354078292847,-0.6643834114074707,-0.5776365399360657,-0.07241269946098328,0.4687078893184662,-0.6643834114074707,-0.5776365399360657,-0.07241269946098328,0.4687078893184662,-0.2888384163379669,-0.5958662033081055,-0.2625860869884491,0.7018293738365173
-0.2800000011920929,0.699999988079071,0.09295948296785354,-0.2811489403247833,-0.5963088870048523,-0.27308863401412964,0.7005665302276611,-1.2523441314697268,-0.047020955383777645,-0.14049824178218853,1.844105005264282,0.061649356782436375,-0.11897223591804496,-0.3900000035762785,-0.22705400884151458,0.18122062385082244,0.3411852180957791,0.14861705601215358,0.11163247376680376,0.0,0.26154502630233767,0.8121857523918152,0.0363272190093994,-0.6070728063583373,-0.05009960755705817,0.5443954706192017,-0.6967084169387818,0.029494635015726224,-1.2013862371444703,0.027975599095225224,0.0,0.0,0.0,-0.07073445022106167,1.1057162284851079,-0.6227731704711911,-0.3076210737228391,-0.9239851832389832,-0.6925228595733617,-1.2518385171890238,2.26359829902647,-0.1403627425432198,0.4820537209510813,0.3000000476837218,0.0797994673252105,0.5699258565902676,-3.259578895568842,-0.1922562539577492,0.43664053678512427,0.0,2.5349125385284306,0.39730987250804817,0.41336686611175283,-1.0164333820342915,0.6681702613830595,0.1480536341667171,-0.3592217922210702,0.3332440286874805,0.062058445811269014,-0.8727714300155638,0.0,0.0,0.0,-0.2811489403247833,-0.5963088870048523,-0.27308863401412964,0.7005665302276611,-0.2811489403247833,-0.5963088870048523,-0.27308863401412964,0.7005665302276611,-0.47288376092910767,-0.8370842933654785,0.04413361847400665,0.2715197503566742,-0.4791349172592163,-0.8378908634185791,0.024441678076982498,0.2603296637535095,-0.41913682222366333,-0.8694664835929871,0.006138353142887354,0.26137077808380127,-0.25814974308013916,-0.3170517683029175,-0.3303796947002411,0.8506974577903748,-0.24784475564956665,-0.2906827926635742,-0.3381783664226532,0.8600649833679199,-0.2985645830631256,-0.2700725495815277,-0.35480523109436035,0.8438205718994141,-0.2985645830631256,-0.2700725495815277,-0.35480523109436035,0.8438205718994141,-0.29695454239845276,-0.7302535772323608,-0.25039026141166687,0.5620075464248657,-0.3587053120136261,-0.6971901655197144,-0.3315066695213318,0.5247472524642944,-0.42032498121261597,-0.6618698835372925,-0.2826697826385498,0.5525875091552734,-0.36625999212265015,-0.5584388971328735,-0.34994667768478394,0.6569147706031799,-0.3392728269100189,-0.508126437664032,-0.3761760890483856,0.6965579986572266,-0.2998877763748169,-0.5283215641975403,-0.34724053740501404,0.7144002914428711,-0.2998877763748169,-0.5283215641975403,-0.34724053740501404,0.7144002914428711,-0.2811489403247833,-0.5963088870048523,-0.27308863401412964,0.7005665302276611,-0.24808523058891296,-0.4977436363697052,-0.3016050159931183,0.7744286060333252,0.07800453901290894,-0.5764147043228149,-0.08045298606157303,0.8094373345375061,0.0674532875418663,-0.5786553621292114,-0.06585463136434555,0.8101056814193726,0.05497772991657257,-0.7925465703010559,-0.09860435128211975,0.5992700457572937,0.07769852131605148,-0.7905386686325073,-0.10882831364870071,0.5976353883743286,0.07769852131605148,-0.7905386686325073,-0.10882831364870071,0.5976353883743286,-0.1874546855688095,-0.3911261558532715,-0.3502955734729767,0.8301651477813721,-0.45957455039024353,-0.2480391412973404,-0.4627528786659241,0.7163292765617371,-0.4627108573913574,-0.2406109869480133,-0.4525713622570038,0.7233148813247681,-0.6466492414474487,-0.5894003510475159,-0.08703601360321045,0.4763159155845642,-0.6559829711914062,-0.5798444151878357,-0.08289629966020584,0.47602030634880066,-0.6559829711914062,-0.5798444151878357,-0.08289629966020584,0.47602030634880066,-0.2811489403247833,-0.5963088870048523,-0.27308863401412964,0.7005665302276611
-0.2800000011920929,0.699999988079071,0.09168066382408141,-0.27289143204689026,-0.596229076385498,-0.2834327220916748,0.6997906565666199,-1.2706249952316284,-0.05070155635476114,-0.15707668066024788,1.8115823268890379,0.06179884746670723,-0.10550332665443414,-0.35999999642372116,-0.22577368319034577,0.1793325364589691,0.2979508876800535,0.14161929786205288,0.11443493515253068,0.0,0.26437706351280216,0.816847038269043,0.03443641364574432,-0.5866822242736816,-0.025293678045272716,0.5456740617752075,-0.7073497414588928,0.04967044368386278,-1.2107758283615113,0.011366899311542437,0.0,0.0,0.0,-0.0656393304467201,1.158216714859009,-0.573462903499603,-0.26868813037872297,-0.9165286421775818,-0.3111532568931563,-0.9346510648727403,-0.6537006855011116,-0.029484790563582886,0.6255974829196936,1.2000001907348672,0.06796207875013346,0.0716782093048074,-2.4361820697784387,-0.31047997176647235,0.21425243616104023,0.0,0.7399294853210372,0.2741256773471827,0.032436537742613125,0.5105384826660222,1.097264838218691,0.08496057689189883,-0.48885511755943356,0.8399037986993813,-0.3365950256586093,-0.84101904630661,0.0,0.0,0.0,-0.27289143204689026,-0.596229076385498,-0.2834327220916748,0.6997906565666199,-0.27289143204689026,-0.596229076385498,-0.2834327220916748,0.6997906565666199,-0.4737253487110138,-0.8390871286392212,0.03577064722776413,0.26502346992492676,-0.4802898168563843,-0.8397246599197388,0.014488620683550835,0.25293195247650146,-0.41292300820350647,-0.8748295307159424,-0.005370516330003738,0.2532566785812378,-0.2505955398082733,-0.34053725004196167,-0.3283507525920868,0.8446431756019592,-0.24033157527446747,-0.31427985429763794,-0.3359355628490448,0.8547608852386475,-0.2850932776927948,-0.2961386442184448,-0.35198307037353516,0.8409111499786377,-0.2850932776927948,-0.2961386442184448,-0.35198307037353516,0.8409111499786377,-0.2897963523864746,-0.7202810049057007,-0.2640523910522461,0.5722671747207642,-0.35241246223449707,-0.6859541535377502,-0.3435121178627014,0.5359774231910706,-0.412426233291626,-0.6516390442848206,-0.29414287209510803,0.5645805597305298,-0.3642243444919586,-0.5606103539466858,-0.35212185978889465,0.6550319194793701,-0.3384024500846863,-0.5128597617149353,-0.3770124912261963,0.6930513381958008,-0.2982180714607239,-0.533581018447876,-0.34706422686576843,0.7112691402435303,-0.2982180714607239,-0.533581018447876,-0.34706422686576843,0.7112691402435303,-0.27289143204689026,-0.596229076385498,-0.2834327220916748,0.6997906565666199,-0.23815616965293884,-0.49671801924705505,-0.31106048822402954,0.7744638919830322,0.08901721984148026,-0.5794147253036499,-0.08819451183080673,0.8053423762321472,0.07895427942276001,-0.5817277431488037,-0.07443760335445404,0.8061129450798035,0.06407930701971054,-0.7880192995071411,-0.1090996041893959,0.6025087237358093,0.07552234828472137,-0.7869729995727539,-0.11430053412914276,0.6015858054161072,0.07552234828472137,-0.7869729995727539,-0.11430053412914276,0.6015858054161072,-0.17648285627365112,-0.39059609174728394,-0.35817602276802063,0.8294567465782166,-0.4528411626815796,-0.2423468977212906,-0.4712752401828766,0.717009425163269,-0.45793718099594116,-0.22995734214782715,-0.45405179262161255,0.7288691401481628,-0.6437731981277466,-0.5859964489936829,-0.08758591115474701,0.484244704246521,-0.6475752592086792,-0.5821350812911987,-0.08587570488452911,0.484139084815979,-0.6475752592086792,-0.5821350812911987,-0.08587570488452911,0.484139084815979,-0.27289143204689026,-0.596229076385498,-0.2834327220916748,0.6997906565666199
-0.2800000011920929,0.699999988079071,0.08938163369894028,-0.2549654245376587,-0.6035498380661011,-0.2847297191619873,0.6997494697570801,-1.2785576820373534,-0.06019174605607981,-0.17074792683124537,1.8170029163360595,0.05641062259674076,-0.09774883687496187,-0.3499999940395355,-0.22872759997844694,0.1765845447778702,0.2496376156806948,0.1343151062726975,0.11802651435136793,0.0,0.2677091360092163,0.8252839207649231,0.028365268558263816,-0.5736787796020508,-0.008729571849107798,0.5492816925048828,-0.7173946619033813,0.06145742461085316,-1.2179889440536498,-0.004535467270761659,0.0,0.0,0.0,-0.09454728662967661,1.1423881053924563,-0.8611310005187969,0.6024867296218814,-0.6035978436470053,-0.3583176940679539,-0.7417061328887945,-0.487835860252388,-0.15865692691877373,0.5020128369331371,0.9000001430511514,-0.06301099061965856,-0.12020148783922179,-2.314084720611571,-0.3590808808803558,0.16379659771919236,0.0,0.15660291314125052,0.3463321775197975,-0.21995044797658836,0.7979149818420425,0.9930417060852067,0.13380073904991102,-0.5141740918159486,0.7571255445480363,-0.4041852653026585,-0.8092449188232423,0.0,0.0,0.0,-0.2549654245376587,-0.6035498380661011,-0.2847297191619873,0.6997494697570801,-0.2549654245376587,-0.6035498380661011,-0.2847297191619873,0.6997494697570801,-0.46191173791885376,-0.8482478857040405,0.026464611291885376,0.25770679116249084,-0.4694419503211975,-0.848644495010376,0.0008771899156272411,0.24377447366714478,-0.3953626751899719,-0.8855962753295898,-0.019868407398462296,0.24292583763599396,-0.22751004993915558,-0.35296523571014404,-0.3237571120262146,0.8478419780731201,-0.2182673215866089,-0.3289305567741394,-0.3301231265068054,0.8574280738830566,-0.25989705324172974,-0.3124144971370697,-0.3458000123500824,0.8457381725311279,-0.25989705324172974,-0.3124144971370697,-0.3458000123500824,0.8457381725311279,-0.2717583477497101,-0.7235016822814941,-0.26903441548347473,0.5747288465499878,-0.33556151390075684,-0.688054084777832,-0.3498463034629822,0.5399887561798096,-0.3949224352836609,-0.6557761430740356,-0.3008756637573242,0.5687423348426819,-0.35440611839294434,-0.5798733830451965,-0.348073273897171,0.6457462310791016,-0.33024755120277405,-0.535234808921814,-0.3711264729499817,0.6831731796264648,-0.28940635919570923,-0.5561918020248413,-0.33888164162635803,0.7014654874801636,-0.28940635919570923,-0.5561918020248413,-0.33888164162635803,0.7014654874801636,-0.2549654245376587,-0.6035498380661011,-0.2847297191619873,0.6997494697570801,-0.21982628107070923,-0.5028116106987,-0.3102509081363678,0.7762739658355713,0.1099209189414978,-0.5850445032119751,-0.08255178481340408,0.7992656230926514,0.10157402604818344,-0.5871922969818115,-0.0713045597076416,0.7998772859573364,0.08710180222988129,-0.7872129082679749,-0.1116444319486618,0.6002038717269897,0.09103481471538544,-0.7868108749389648,-0.11345243453979492,0.5998081564903259,0.09103481471538544,-0.7868108749389648,-0.11345243453979492,0.5998081564903259,-0.1580791175365448,-0.3958660066127777,-0.3549513518810272,0.8320521116256714,-0.44011539220809937,-0.24606099724769592,-0.4713268280029297,0.7236044406890869,-0.4465665817260742,-0.23109124600887299,-0.44973933696746826,0.7381799817085266,-0.6325020790100098,-0.5942526459693909,-0.08781415224075317,0.48897209763526917,-0.6309522986412048,-0.5957444906234741,-0.08853045105934143,0.48902982473373413,-0.6309522986412048,-0.5957444906234741,-0.08853045105934143,0.48902982473373413,-0.2549654245376587,-0.6035498380661011,-0.2847297191619873,0.6997494697570801
-0.2800000011920929,0.699999988079071,0.08657249808311462,-0.23208452761173248,-0.6142781376838684,-0.2813655734062195,0.6997374892234802,-1.2813162803649902,-0.07258673012256622,-0.18296557664871216,1.8413951396942139,0.04825353994965553,-0.09285155683755875,-0.3499999940395355,-0.23379863798618317,0.17340660095214844,0.19878487288951874,0.1268576979637146,0.1220126524567604,0.0,0.27129122614860535,0.8356086015701294,0.020203953608870506,-0.5643689036369324,0.0037136226892471313,0.5540538430213928,-0.7271413803100586,0.06904999166727066,-1.2241138219833374,-0.020084666553884745,0.0,0.0,0.0,-0.14045678079128265,1.0923949480056763,-1.3172882795333862,1.8897825479507446,-0.13792991638183594,-0.6197491735219955,-0.6108824610710144,1.2196110486984253,-0.4078541179187596,0.24486398696899414,-2.220446049250313e-16,-0.2535519003868103,-0.15889717638492584,-2.5426371097564697,-0.37287038564682007,0.1993068903684616,0.0,0.1791044920682907,0.5162340253591537,-0.4080657288432121,0.4654937982559204,0.6221597194671631,0.2386075109243393,-0.4873358905315399,0.3796283006668091,-0.3062438666820526,-0.7774599194526672,0.0,0.0,0.0,-0.23208452761173248,-0.6142781376838684,-0.2813655734062195,0.6997374892234802,-0.23208452761173248,-0.6142781376838684,-0.2813655734062195,0.6997374892234802,-0.4435410499572754,-0.8605622053146362,0.016674824059009552,0.24985182285308838,-0.45231494307518005,-0.8606005907058716,-0.014562000520527363,0.23359322547912598,-0.3718031644821167,-0.8983231782913208,-0.035841070115566254,0.23128610849380493,-0.19650909304618835,-0.3596143126487732,-0.31765758991241455,0.855076253414154,-0.18878859281539917,-0.3388814330101013,-0.322305828332901,0.8635028600692749,-0.22865957021713257,-0.32355836033821106,-0.3376857340335846,0.8538109660148621,-0.22865957021713257,-0.32355836033821106,-0.3376857340335846,0.8538109660148621,-0.24817770719528198,-0.7330330014228821,-0.26956912875175476,0.5730645060539246,-0.3133222758769989,-0.6965894103050232,-0.35322535037994385,0.54020756483078,-0.3724662661552429,-0.666840672492981,-0.3051193952560425,0.5687658190727234,-0.3403513729572296,-0.6071115732192993,-0.34057292342185974,0.6321285963058472,-0.31807929277420044,-0.565822422504425,-0.36146166920661926,0.6693399548530579,-0.2766789197921753,-0.5868076086044312,-0.32629188895225525,0.6874876022338867,-0.2766789197921753,-0.5868076086044312,-0.32629188895225525,0.6874876022338867,-0.23208452761173248,-0.6142781376838684,-0.2813655734062195,0.6997374892234802,-0.19719462096691132,-0.5122260451316833,-0.30416226387023926,0.7786039113998413,0.13568978011608124,-0.5915806889533997,-0.07016077637672424,0.7916426658630371,0.12967410683631897,-0.5934207439422607,-0.062262050807476044,0.7919343113899231,0.11701944470405579,-0.7877171039581299,-0.11013581603765488,0.5947086215019226,0.11534376442432404,-0.7879519462585449,-0.10938692092895508,0.5948629975318909,0.11534376442432404,-0.7879519462585449,-0.10938692092895508,0.5948629975318909,-0.13588590919971466,-0.4038445055484772,-0.34600377082824707,0.8358983397483826,-0.4242604374885559,-0.25440269708633423,-0.46699920296669006,0.7329352498054504,-0.4317595958709717,-0.23804672062397003,-0.4423907995223999,0.7491380572319031,-0.6168159246444702,-0.6081328392028809,-0.08785121887922287,0.4919295907020569,-0.6098259091377258,-0.6146349310874939,-0.09096664190292358,0.49199724197387695,-0.6098259091377258,-0.6146349310874939,-0.09096664190292358,0.49199724197387695,-0.23208452761173248,-0.6142781376838684,-0.2813655734062195,0.6997374892234802
-0.2800000011920929,0.699999988079071,0.08522074520587922,-0.23046736419200897,-0.6163877844810486,-0.2889244258403778,0.6953227519989014,-1.2709176063537597,-0.07330229431390763,-0.1818788081407547,1.7995957374572755,0.021618759632110657,-0.07792050391435626,-0.3499999940395355,-0.2350253462791443,0.16398544013500216,0.17244608104228978,0.12690628170967103,0.11819296777248384,0.0,0.2740702986717224,0.8534469723701477,0.021985833346843717,-0.5597402691841126,0.013342286599799968,0.5563274979591369,-0.7407867789268493,0.0680740162730217,-1.22525315284729,-0.030124678462743738,0.0,0.0,0.0,-0.09673529863357554,0.6863610744476327,-0.9107632756233224,0.45300731658935867,0.25678825378417885,-0.2693666100502022,-0.2117499470710763,-0.7661377191543535,-0.9621850311756122,0.5458771467208856,0.0,-0.138222008943558,-0.34619368612766227,-1.807218527793886,-0.14769064188003592,-0.03486776649951884,0.0,0.1550139725208283,0.7416447043418879,-0.1097699046134955,0.3250565320253376,0.5377237617969515,0.16365264803171176,-0.604296278953552,0.12257207036018425,-0.15667747259140047,-0.612184309959412,0.0,0.0,0.0,-0.23046736419200897,-0.6163877844810486,-0.2889244258403778,0.6953227519989014,-0.23046736419200897,-0.6163877844810486,-0.2889244258403778,0.6953227519989014,-0.4457920789718628,-0.8593233823776245,0.0064141699112951756,0.25058266520500183,-0.4546758532524109,-0.8589807152748108,-0.025077931582927704,0.23407918214797974,-0.3747890293598175,-0.8967214822769165,-0.046232182532548904,0.230838343501091,-0.19693481922149658,-0.3767186999320984,-0.32235217094421387,0.8458065986633301,-0.19350966811180115,-0.36752820014953613,-0.32450851798057556,0.8498066067695618,-0.22653594613075256,-0.35462868213653564,-0.33843931555747986,0.8416523933410645,-0.22653594613075256,-0.35462868213653564,-0.33843931555747986,0.8416523933410645,-0.24776138365268707,-0.734295129776001,-0.277085542678833,0.5680217742919922,-0.31264764070510864,-0.6967434883117676,-0.36126619577407837,0.5350579023361206,-0.3686683177947998,-0.6688084602355957,-0.31622326374053955,0.5628337860107422,-0.34016016125679016,-0.6178027987480164,-0.3468381464481354,0.618315577507019,-0.31748223304748535,-0.5773518681526184,-0.36770981550216675,0.656246542930603,-0.2781530022621155,-0.5980570316314697,-0.3329846262931824,0.6738544702529907,-0.2781530022621155,-0.5980570316314697,-0.3329846262931824,0.6738544702529907,-0.23046736419200897,-0.6163877844810486,-0.2889244258403778,0.6953227519989014,-0.19419580698013306,-0.5138368606567383,-0.3116699755191803,0.7753202319145203,0.1440892070531845,-0.5967873930931091,-0.07102162390947342,0.7861545085906982,0.13748055696487427,-0.5988779067993164,-0.062495313584804535,0.7864723205566406,0.12470170855522156,-0.7899647355079651,-0.11204726994037628,0.589788556098938,0.11866393685340881,-0.7908429503440857,-0.10940897464752197,0.590352475643158,0.11866393685340881,-0.7908429503440857,-0.10940897464752197,0.590352475643158,-0.13179616630077362,-0.40611833333969116,-0.35296303033828735,0.8325352668762207,-0.4242118299007416,-0.25077682733535767,-0.47603052854537964,0.728388786315918,-0.43146848678588867,-0.23466788232326508,-0.4519224166870117,0.7446690797805786,-0.6219927072525024,-0.6030547618865967,-0.0956030860543251,0.490214467048645,-0.6115821599960327,-0.6128969788551331,-0.10025304555892944,0.4901773929595947,-0.6115821599960327,-0.6128969788551331,-0.10025304555892944,0.4901773929595947,-0.23046736419200897,-0.6163877844810486,-0.2889244258403778,0.6953227519989014
-0.2800000011920929,0.699999988079071,0.08404254317283631,-0.22942055761814117,-0.6182066202163696,-0.2955896258354187,0.691240668296814,-1.2556062698364259,-0.07826411724090573,-0.18001900911331178,1.7514765024185182,0.0038028572220355277,-0.07116505354642866,-0.3399999976158143,-0.23652204573154448,0.1548947244882584,0.15046685039997104,0.1280072569847107,0.1146764099597931,0.0,0.27529025077819824,0.8693538069725036,0.023860669508576387,-0.5537750959396363,0.021657859906554208,0.558128011226654,-0.75250723361969,0.06678052544593811,-1.2242114305496217,-0.03932602927088736,0.0,0.0,0.0,-0.06238111779093746,0.3685461133718494,-0.5929590940475467,-0.4869794785976411,0.66731355190277,-0.16316595599055206,0.07752933427691444,-2.2795650482177723,-1.06717257499695,0.5012845277786271,0.29999988079070844,-0.06943514496088023,-0.4611446559429169,-1.186152648925782,0.03400092995725551,-0.18189041316509252,0.0,0.09218001365661652,0.8339723944664006,0.09188267588615416,0.27152786850929234,0.4420404493808749,0.09948848932981501,-0.6245215594768528,-0.05832422822713845,0.008465055376290845,-0.47684072852134723,0.0,0.0,0.0,-0.22942055761814117,-0.6182066202163696,-0.2955896258354187,0.691240668296814,-0.22942055761814117,-0.6182066202163696,-0.2955896258354187,0.691240668296814,-0.447335422039032,-0.8576442003250122,-0.003992662765085697,0.25361698865890503,-0.4569457173347473,-0.8568145036697388,-0.0375344455242157,0.23592479526996613,-0.3780762255191803,-0.8944180011749268,-0.058586955070495605,0.23160840570926666,-0.19729262590408325,-0.39487117528915405,-0.32797983288764954,0.8352136015892029,-0.1966690868139267,-0.3932821750640869,-0.3283545970916748,0.8359627723693848,-0.22625592350959778,-0.3813334107398987,-0.342180073261261,0.8284357786178589,-0.22625592350959778,-0.3813334107398987,-0.342180073261261,0.8284357786178589,-0.24731436371803284,-0.7323094606399536,-0.2841111123561859,0.567308783531189,-0.3125254511833191,-0.6936727166175842,-0.36852526664733887,0.5341677069664001,-0.3652735650539398,-0.6674095392227173,-0.3261050581932068,0.5610661506652832,-0.3397384583950043,-0.6233455538749695,-0.35263344645500183,0.6096456050872803,-0.3164861798286438,-0.5830774903297424,-0.37364187836647034,0.6482659578323364,-0.278818279504776,-0.6035290956497192,-0.3396109342575073,0.6653400659561157,-0.278818279504776,-0.6035290956497192,-0.3396109342575073,0.6653400659561157,-0.22942055761814117,-0.6182066202163696,-0.2955896258354187,0.691240668296814,-0.19210098683834076,-0.5157235264778137,-0.31825581192970276,0.7719066143035889,0.15081661939620972,-0.6017927527427673,-0.07146793603897095,0.7810200452804565,0.14358486235141754,-0.6041318774223328,-0.06227865815162659,0.781363844871521,0.1309119462966919,-0.7917846441268921,-0.11293765902519226,0.5858192443847656,0.1211077943444252,-0.7932516932487488,-0.10867992043495178,0.5867480635643005,0.1211077943444252,-0.7932516932487488,-0.10867992043495178,0.5867480635643005,-0.12859033048152924,-0.40822833776474,-0.3591803014278412,0.829339325428009,-0.42432326078414917,-0.24768635630607605,-0.48405399918556213,0.7240807414054871,-0.4313265383243561,-0.2318933755159378,-0.46054813265800476,0.7403231859207153,-0.6266403794288635,-0.5980563759803772,-0.10324231535196304,0.48886749148368835,-0.6131241321563721,-0.6109862327575684,-0.10930224508047104,0.4886997938156128,-0.6131241321563721,-0.6109862327575684,-0.10930224508047104,0.4886997938156128,-0.22942055761814117,-0.6182066202163696,-0.2955896258354187,0.691240668296814
-0.2800000011920929,0.699999988079071,0.0832114428281784,-0.22954107820987701,-0.6195148229598999,-0.3005004823207855,0.6879040002822876,-1.2304696083068847,-0.0917184576392174,-0.17661314904689787,1.690717601776123,0.0036247148178517813,-0.08076080828905108,-0.3100000083446502,-0.2385587275028229,0.1464648991823196,0.1372067421674728,0.13121301531791688,0.11176610589027404,0.0,0.2733919620513916,0.8813975691795349,0.02592141851782799,-0.5451368451118469,0.027347255498170867,0.5589822411537171,-0.7603778004646301,0.06485200375318527,-1.2188076019287108,-0.046850056946277634,0.0,0.0,0.0,-0.046761539578437775,0.2271689772605893,-0.45259655714035,-0.43338981866836535,1.1094531059265147,-0.5453292064368733,0.14710207208991066,-2.8483498573303234,-0.2734734535217267,-0.23451964855194252,1.1999995231628438,-0.09373434707522398,-0.4314045906066894,-0.7937921762466421,0.1287161586340519,-0.15460899472236628,0.0,-0.048140823841095276,0.660134136676788,0.10024875402450563,0.3918163508176806,0.3238624274730679,0.05690573900938024,-0.4512766242027279,-0.08690061494708068,0.20475983992219016,-0.4013612031936644,0.0,0.0,0.0,-0.22954107820987701,-0.6195148229598999,-0.3005004823207855,0.6879040002822876,-0.22954107820987701,-0.6195148229598999,-0.3005004823207855,0.6879040002822876,-0.4474935233592987,-0.8551428318023682,-0.014689672738313675,0.2612748146057129,-0.45903146266937256,-0.8535534739494324,-0.05386856943368912,0.24048829078674316,-0.38196396827697754,-0.8907084465026855,-0.0748654305934906,0.23481304943561554,-0.19756174087524414,-0.41519948840141296,-0.33554762601852417,0.8221840858459473,-0.19695374369621277,-0.41370850801467896,-0.33590540289878845,0.8229351043701172,-0.22998617589473724,-0.3997924327850342,-0.3523748219013214,0.8143121600151062,-0.22998617589473724,-0.3997924327850342,-0.3523748219013214,0.8143121600151062,-0.24681229889392853,-0.7238473296165466,-0.2901609241962433,0.5752697587013245,-0.31351807713508606,-0.6841751337051392,-0.37423133850097656,0.5418133735656738,-0.36275240778923035,-0.6593983769416809,-0.3335983157157898,0.5677293539047241,-0.339040070772171,-0.6189247369766235,-0.35767602920532227,0.6115978360176086,-0.31485939025878906,-0.5774984359741211,-0.3791346549987793,0.6508579254150391,-0.2780171036720276,-0.5977706909179688,-0.3462846279144287,0.6674306392669678,-0.2780171036720276,-0.5977706909179688,-0.3462846279144287,0.6674306392669678,-0.22954107820987701,-0.6195148229598999,-0.3005004823207855,0.6879040002822876,-0.19183433055877686,-0.5182147026062012,-0.32302966713905334,0.7683131098747253,0.15422534942626953,-0.6065018177032471,-0.07109785079956055,0.7767337560653687,0.1463073492050171,-0.6090790033340454,-0.06117257475852966,0.7770938277244568,0.13419558107852936,-0.7928609848022461,-0.11180171370506287,0.5838351249694824,0.12180598080158234,-0.7947428226470947,-0.10645516961812973,0.584990918636322,0.12180598080158234,-0.7947428226470947,-0.10645516961812973,0.584990918636322,-0.12716737389564514,-0.4100564122200012,-0.36395299434661865,0.826571524143219,-0.42482098937034607,-0.2457059621810913,-0.4901352524757385,0.7203631401062012,-0.4315520226955414,-0.2303653061389923,-0.4674336314201355,0.7363427877426147,-0.6303117275238037,-0.5932973623275757,-0.11066815257072449,0.48832157254219055,-0.6143025755882263,-0.6087948679924011,-0.11788690090179443,0.48795875906944275,-0.6143025755882263,-0.6087948679924011,-0.11788690090179443,0.48795875906944275,-0.22954107820987701,-0.6195148229598999,-0.3005004823207855,0.6879040002822876
-0.2800000011920929,0.699999988079071,0.08254237473011017,-0.23206397891044617,-0.6197901964187622,-0.3068433403968811,0.6839984655380249,-1.197901725769043,-0.09357694089412688,-0.16868786811828612,1.644651961326599,0.015878878766670865,-0.09027571231126788,-0.30000001192092896,-0.24061290323734283,0.13050058484077448,0.13009001314640045,0.13985139131546023,0.1057908773422241,0.0,0.2755789399147034,0.897669541835785,0.025107297673821444,-0.5469976663589478,0.030657448247075086,0.5615918517112732,-0.7677873134613037,0.06701814830303193,-1.2131257772445678,-0.053373529762029664,0.0,0.0,0.0,-0.03669404685497282,0.1452005624771117,-0.36057727336883527,-0.5884346306324011,1.4797695875167853,-0.32484128475189095,0.30587562620639847,-2.5971470355987534,0.36406205464154606,-0.4773621916770935,0.8999996423721294,-0.10235890001058578,-0.6475258767604836,-0.4787039995193475,0.32326643168926295,-0.2374629169702533,0.0,0.027643556892872262,0.7290343642234807,0.01679135560989352,0.11694037318229572,0.21309368014335608,0.09537290558218973,-0.3796966969966888,0.02641389816999476,0.27853130102157597,-0.3461847126483916,0.0,0.0,0.0,-0.23206397891044617,-0.6197901964187622,-0.3068433403968811,0.6839984655380249,-0.23206397891044617,-0.6197901964187622,-0.3068433403968811,0.6839984655380249,-0.44915470480918884,-0.8505615592002869,-0.027322549372911453,0.27213749289512634,-0.4613710939884186,-0.8483626246452332,-0.06708231568336487,0.2508336901664734,-0.3882451057434082,-0.8842133283615112,-0.08793453127145767,0.2443363070487976,-0.19990310072898865,-0.42263489961624146,-0.34428727626800537,0.814177393913269,-0.19710253179073334,-0.41618436574935913,-0.34587883949279785,0.8175017833709717,-0.2337900996208191,-0.40012824535369873,-0.36429229378700256,0.8077938556671143,-0.2337900996208191,-0.40012824535369873,-0.36429229378700256,0.8077938556671143,-0.2497778832912445,-0.7205387353897095,-0.2963555157184601,0.5749855637550354,-0.31697869300842285,-0.6797627806663513,-0.38069117069244385,0.5408523082733154,-0.36064612865448,-0.6576863527297974,-0.3445880711078644,0.5644840598106384,-0.33750292658805847,-0.619594395160675,-0.3673052191734314,0.6060374975204468,-0.3109671473503113,-0.5757652521133423,-0.38997340202331543,0.6478539705276489,-0.27626869082450867,-0.5955538153648376,-0.35899460315704346,0.6634110808372498,-0.27626869082450867,-0.5955538153648376,-0.35899460315704346,0.6634110808372498,-0.23206397891044617,-0.6197901964187622,-0.3068433403968811,0.6839984655380249,-0.19313576817512512,-0.5181539058685303,-0.32985103130340576,0.765123188495636,0.15797537565231323,-0.6099820137023926,-0.07232869416475296,0.7731329202651978,0.1502663940191269,-0.6125214099884033,-0.06275886297225952,0.7734978199005127,0.13757693767547607,-0.7956687211990356,-0.11451426148414612,0.5786800384521484,0.1236572340130806,-0.7978012561798096,-0.10861026495695114,0.5800221562385559,0.1236572340130806,-0.7978012561798096,-0.10861026495695114,0.5800221562385559,-0.1273164302110672,-0.4103825092315674,-0.37091147899627686,0.8232870101928711,-0.42639413475990295,-0.2415785789489746,-0.49761345982551575,0.7156875729560852,-0.43317416310310364,-0.2256762683391571,-0.4743043780326843,0.732438325881958,-0.6349570155143738,-0.5858818292617798,-0.11739910393953323,0.48968327045440674,-0.6168879270553589,-0.6036736965179443,-0.12569177150726318,0.4891102612018585,-0.6168879270553589,-0.6036736965179443,-0.12569177150726318,0.4891102612018585,-0.23206397891044617,-0.6197901964187622,-0.3068433403968811,0.6839984655380249
-0.2800000011920929,0.699999988079071,0.08195432275533676,-0.23577512800693512,-0.6195145845413208,-0.313884973526001,0.6797705888748169,-1.1616182327270508,-0.08963749557733536,-0.15850287675857544,1.6059329509735107,0.03434919589199126,-0.09975019097328186,-0.30000001192092896,-0.24267582595348358,0.11076902598142624,0.12604497373104095,0.15120607614517212,0.09828318655490875,0.0,0.27980855107307434,0.9160556197166443,0.022855741903185844,-0.5541080236434937,0.03277803957462311,0.5650791525840759,-0.774966299533844,0.07123162597417831,-1.2073049545288086,-0.05939672514796257,0.0,0.0,0.0,-0.0294025968760252,0.09293650835752487,-0.29272961616516113,-0.8477966785430908,1.8141745328903198,0.19697225093841553,0.5092495828866959,-1.9359503984451294,0.9235158162191511,-0.4737239181995392,0.0,-0.10314612835645676,-0.9865778386592865,-0.20225197076797485,0.5677342265844345,-0.37538450956344604,0.0,0.2114805355668068,0.919303834438324,-0.11257778108119965,-0.35551783442497253,0.10602957010269165,0.17436502501368523,-0.3589492738246918,0.21067386120557785,0.2910411059856415,-0.30115973949432373,0.0,0.0,0.0,-0.23577512800693512,-0.6195145845413208,-0.313884973526001,0.6797705888748169,-0.23577512800693512,-0.6195145845413208,-0.313884973526001,0.6797705888748169,-0.4514525830745697,-0.8447237014770508,-0.040915004909038544,0.28453195095062256,-0.4637473225593567,-0.8420422673225403,-0.07872070372104645,0.2640194594860077,-0.39562851190567017,-0.8761134743690491,-0.0993756428360939,0.25695857405662537,-0.20330113172531128,-0.4236660301685333,-0.353646844625473,0.808770477771759,-0.19719770550727844,-0.4097139239311218,-0.3570861220359802,0.8159271478652954,-0.23763006925582886,-0.39140212535858154,-0.3770681321620941,0.805081307888031,-0.23763006925582886,-0.39140212535858154,-0.3770681321620941,0.805081307888031,-0.2544744908809662,-0.7197995185852051,-0.30261892080307007,0.5705726742744446,-0.32166582345962524,-0.6778781414031982,-0.3875187635421753,0.5355758666992188,-0.3586973547935486,-0.6590325236320496,-0.3572770953178406,0.556206226348877,-0.3354836702346802,-0.6226938962936401,-0.3791588544845581,0.5966084003448486,-0.3058870732784271,-0.5758526921272278,-0.4034152030944824,0.6419368982315063,-0.2739847004413605,-0.5949739813804626,-0.3746412694454193,0.6561876535415649,-0.2739847004413605,-0.5949739813804626,-0.3746412694454193,0.6561876535415649,-0.23577512800693512,-0.6195145845413208,-0.313884973526001,0.6797705888748169,-0.19521158933639526,-0.5167912244796753,-0.33767956495285034,0.7620969414710999,0.16189366579055786,-0.6128388047218323,-0.07435889542102814,0.769863486289978,0.15484026074409485,-0.6151977181434631,-0.06568989157676697,0.770221471786499,0.14099730551242828,-0.799285352230072,-0.11914283782243729,0.5718982815742493,0.12607692182064056,-0.8015912175178528,-0.11294815689325333,0.5734098553657532,0.12607692182064056,-0.8015912175178528,-0.11294815689325333,0.5734098553657532,-0.12824465334415436,-0.4099355936050415,-0.3789428174495697,0.8197002410888672,-0.42846837639808655,-0.23635712265968323,-0.5057471394538879,0.7104716897010803,-0.435465544462204,-0.21939179301261902,-0.48113566637039185,0.7285228371620178,-0.6400294303894043,-0.5770835280418396,-0.12377125769853592,0.4919528365135193,-0.6201347708702087,-0.597046971321106,-0.13309790194034576,0.4911748468875885,-0.6201347708702087,-0.597046971321106,-0.13309790194034576,0.4911748468875885,-0.23577512800693512,-0.6195145845413208,-0.313884973526001,0.6797705888748169
-0.2800000011920929,0.699999988079071,0.08172433227300643,-0.2393299639225006,-0.6186382174491882,-0.3188297152519226,0.6770196557044983,-1.1038634061813353,-0.08015540838241574,-0.1484255045652389,1.5376750230789182,0.05782023668289195,-0.10521021634340288,-0.30000001192092896,-0.236178907752037,0.11388008892536165,0.12575454413890838,0.16552293896675116,0.10735643357038502,0.0,0.280341362953186,0.9247532010078431,0.02550986036658288,-0.5565041661262512,0.04331411197781568,0.568428909778595,-0.7787312626838684,0.07503641098737718,-1.1910677194595336,-0.06880294829607014,0.0,0.0,0.0,-0.01866075210273261,0.053575059771537606,-0.18660615682601883,-0.7371426463127131,2.4583144664764434,0.36325150728225786,0.506020975112915,-2.8221178531646767,1.0735375404357916,-0.35329031944274847,0.0,0.1536490812897694,-0.30129928588866883,-0.08961367011070201,0.6565995454788212,0.12204359769821388,0.0,0.1005765736103053,0.6286489546298968,0.034592434763909025,-0.21409140825271544,0.35849398821592443,0.17023871839046475,-0.256528595089912,0.19841308891773218,0.6035334765911116,-0.40265057682991073,0.0,0.0,0.0,-0.2393299639225006,-0.6186382174491882,-0.3188297152519226,0.6770196557044983,-0.2393299639225006,-0.6186382174491882,-0.3188297152519226,0.6770196557044983,-0.4491800367832184,-0.8372286558151245,-0.05849243700504303,0.3063727617263794,-0.46101897954940796,-0.8342548608779907,-0.09201616048812866,0.2881203889846802,-0.3978663682937622,-0.8661473393440247,-0.11304823309183121,0.28055500984191895,-0.20747363567352295,-0.4273909330368042,-0.35783761739730835,0.8038928508758545,-0.1970008760690689,-0.40399444103240967,-0.36370086669921875,0.815904974937439,-0.2396312803030014,-0.3843036890029907,-0.38443228602409363,0.8044248819351196,-0.2396312803030014,-0.3843036890029907,-0.38443228602409363,0.8044248819351196,-0.25873708724975586,-0.7186734080314636,-0.306888610124588,0.5677878856658936,-0.3238316774368286,-0.6775113940238953,-0.3894199728965759,0.5333512425422668,-0.3618628978729248,-0.6579818725585938,-0.35843828320503235,0.5546504259109497,-0.3386252224445343,-0.621829628944397,-0.3804676830768585,0.5948994159698486,-0.30600470304489136,-0.5705276727676392,-0.40717047452926636,0.6442605257034302,-0.27098777890205383,-0.5915572047233582,-0.37598514556884766,0.659743070602417,-0.27098777890205383,-0.5915572047233582,-0.37598514556884766,0.659743070602417,-0.2393299639225006,-0.6186382174491882,-0.3188297152519226,0.6770196557044983,-0.1979522705078125,-0.5160703659057617,-0.3431352376937866,0.7594370245933533,0.16159462928771973,-0.6149498224258423,-0.07689107209444046,0.7679920196533203,0.15368974208831787,-0.6175708174705505,-0.06723970174789429,0.7684169411659241,0.13942375779151917,-0.8017637729644775,-0.12050145864486694,0.5685204267501831,0.1196562647819519,-0.8047157526016235,-0.11240281164646149,0.5705090165138245,0.1196562647819519,-0.8047157526016235,-0.11240281164646149,0.5705090165138245,-0.12960535287857056,-0.40857261419296265,-0.3849373459815979,0.8173702955245972,-0.4301784634590149,-0.2318631261587143,-0.5112179517745972,0.7069951891899109,-0.43734365701675415,-0.2139284312725067,-0.48540711402893066,0.7261853218078613,-0.6424544453620911,-0.5675116777420044,-0.13177359104156494,0.4978139400482178,-0.6196674108505249,-0.5907514691352844,-0.14284437894821167,0.49660906195640564,-0.6196674108505249,-0.5907514691352844,-0.14284437894821167,0.49660906195640564,-0.2393299639225006,-0.6186382174491882,-0.3188297152519226,0.6770196557044983
-0.2800000011920929,0.699999988079071,0.08142939060926437,-0.2421434223651886,-0.6181820034980774,-0.32320696115493774,0.6743552088737488,-1.0450683236122127,-0.07273544967174528,-0.14208128154277802,1.460561275482177,0.07984610348939908,-0.11440006792545329,-0.30000001192092896,-0.23113181889057158,0.11674847155809404,0.12520403563976287,0.18205458223819745,0.11726819872856148,0.0,0.279701954126358,0.9311558365821838,0.023367222771048468,-0.5584280848503113,0.054798607528209774,0.5670694231986999,-0.7825198411941529,0.08350647687912,-1.172107934951782,-0.0789681404829026,0.0,0.0,0.0,-0.013448058441281358,0.029456412047147794,-0.13576947152614632,-0.6051133513450611,2.9189487934112557,0.41224049329757567,0.3918741106986977,-3.6785707473754936,1.130196797847747,-0.3848960399627708,0.0,0.2813510060310355,0.1482727244496344,-0.022323845140636123,0.7822865009307874,0.4788178801536565,0.0,-0.008526026085019817,0.36603066921233995,-0.011196759343150148,-0.10564040392637225,0.5552563071250921,0.026210531592366276,-0.18895660340785983,0.33019765317440314,0.8935381650924699,-0.49308019876480147,0.0,0.0,0.0,-0.2421434223651886,-0.6181820034980774,-0.32320696115493774,0.6743552088737488,-0.2421434223651886,-0.6181820034980774,-0.32320696115493774,0.6743552088737488,-0.4454568028450012,-0.8295257687568665,-0.07626837491989136,0.3280828893184662,-0.4570738673210144,-0.8262149095535278,-0.1063847541809082,0.3116644024848938,-0.39727795124053955,-0.8565739989280701,-0.12824413180351257,0.30332279205322266,-0.21050158143043518,-0.43575936555862427,-0.3606839179992676,0.7973142862319946,-0.19592192769050598,-0.40359652042388916,-0.36877188086509705,0.814083456993103,-0.24211867153644562,-0.38183853030204773,-0.3912732005119324,0.8015505075454712,-0.24211867153644562,-0.38183853030204773,-0.3912732005119324,0.8015505075454712,-0.26216840744018555,-0.7179465889930725,-0.31070753931999207,0.5650498270988464,-0.32557564973831177,-0.6773304343223572,-0.39142000675201416,0.5310502052307129,-0.3645370900630951,-0.6571813821792603,-0.3597722053527832,0.5529823303222656,-0.34131571650505066,-0.6212984919548035,-0.3818729817867279,0.5930132865905762,-0.305179238319397,-0.5648264288902283,-0.4113227128982544,0.6470320224761963,-0.2667275667190552,-0.5879693031311035,-0.37752994894981384,0.6637917757034302,-0.2667275667190552,-0.5879693031311035,-0.37752994894981384,0.6637917757034302,-0.2421434223651886,-0.6181820034980774,-0.32320696115493774,0.6743552088737488,-0.20022785663604736,-0.516209602355957,-0.3478357195854187,0.7566021680831909,0.1607513129711151,-0.6174226999282837,-0.07906478643417358,0.7659615278244019,0.15349124372005463,-0.619821310043335,-0.07024014741182327,0.7663733959197998,0.13837862014770508,-0.8039026856422424,-0.12346875667572021,0.5651081800460815,0.11332161724567413,-0.8075175881385803,-0.11330732703208923,0.567657470703125,0.11332161724567413,-0.8075175881385803,-0.11330732703208923,0.567657470703125,-0.13138623535633087,-0.4094695746898651,-0.3897545635700226,0.8143486976623535,-0.4320082366466522,-0.22988802194595337,-0.5164573192596436,0.7027034759521484,-0.43985259532928467,-0.209835484623909,-0.487874299287796,0.7242081761360168,-0.644142210483551,-0.5585587620735168,-0.13884902000427246,0.5037994980812073,-0.6182276010513306,-0.5853149890899658,-0.1518326997756958,0.5021433234214783,-0.6182276010513306,-0.5853149890899658,-0.1518326997756958,0.5021433234214783,-0.2421434223651886,-0.6181820034980774,-0.32320696115493774,0.6743552088737488
-0.2800000011920929,0.699999988079071,0.08100454658269882,-0.2434891015291214,-0.618605375289917,-0.3264692425727844,0.6719064712524414,-0.9841927289962766,-0.06943974792957304,-0.14320335686206817,1.3657358884811397,0.09898162186145791,-0.13104957193136224,-0.30000001192092896,-0.2289843887090683,0.11913149356842043,0.12413336932659148,0.20301578640937815,0.12885700017213828,0.0,0.2767181038856506,0.9329685807228089,0.011631073057651466,-0.5594075560569763,0.06817994937300688,0.5562914490699767,-0.7863556504249573,0.10130710452795036,-1.1477030515670776,-0.0906512707471848,0.0,0.0,0.0,-0.019293664209544686,0.03582336045801642,-0.19550631195306806,-0.43033353090286175,3.0125719070434576,0.22664893865585242,0.05589070320129247,-4.475594520568851,1.0001310825347896,-0.7205803990364089,0.0,0.1508663833141321,0.12643150091171254,-0.04573094453662645,0.9816167593002328,0.5542845129966739,0.0,-0.11402588076889564,0.1594855725765219,-0.44290477335453227,-0.06314026564359645,0.6406143903732303,-0.39762140810489843,-0.19108198583126068,0.7500729054212589,1.138567578792573,-0.5613873898983005,0.0,0.0,0.0,-0.2434891015291214,-0.618605375289917,-0.3264692425727844,0.6719064712524414,-0.2434891015291214,-0.618605375289917,-0.3264692425727844,0.6719064712524414,-0.4392019212245941,-0.822096586227417,-0.09447318315505981,0.3497622311115265,-0.4510611593723297,-0.8183324933052063,-0.12295927107334137,0.3343004584312439,-0.3913639783859253,-0.848504364490509,-0.14656570553779602,0.3246431350708008,-0.2112075537443161,-0.45334550738334656,-0.3607853055000305,0.7872122526168823,-0.19308482110500336,-0.4138536751270294,-0.37076568603515625,0.8086879849433899,-0.24559849500656128,-0.3886728286743164,-0.39709949493408203,0.7943090200424194,-0.24559849500656128,-0.3886728286743164,-0.39709949493408203,0.7943090200424194,-0.26395347714424133,-0.7180637717247009,-0.3136442005634308,0.5624414682388306,-0.3264806568622589,-0.6775312423706055,-0.39362335205078125,0.5286041498184204,-0.36623525619506836,-0.6568931341171265,-0.3614581227302551,0.5511001348495483,-0.34311044216156006,-0.6214448809623718,-0.38347822427749634,0.5907841324806213,-0.3024744987487793,-0.5583857893943787,-0.4162774085998535,0.6507132053375244,-0.2599406838417053,-0.5840386748313904,-0.379475861787796,0.668825626373291,-0.2599406838417053,-0.5840386748313904,-0.379475861787796,0.668825626373291,-0.2434891015291214,-0.618605375289917,-0.3264692425727844,0.6719064712524414,-0.20158466696739197,-0.5180990099906921,-0.3510456681251526,0.7534613609313965,0.15882112085819244,-0.6206253170967102,-0.08052230626344681,0.7636206150054932,0.15519513189792633,-0.6218198537826538,-0.07614099234342575,0.7638435363769531,0.13839060068130493,-0.8053642511367798,-0.1296534538269043,0.5616284608840942,0.10716617852449417,-0.8097193241119385,-0.11711781471967697,0.564936637878418,0.10716617852449417,-0.8097193241119385,-0.11711781471967697,0.564936637878418,-0.13401181995868683,-0.4149002730846405,-0.39223021268844604,0.8099717497825623,-0.43410342931747437,-0.23296493291854858,-0.5212646722793579,0.6968247294425964,-0.4436591863632202,-0.2085011750459671,-0.4867728054523468,0.7230117321014404,-0.6445115208625793,-0.5509830713272095,-0.14410175383090973,0.510154128074646,-0.6149657368659973,-0.5817143321037292,-0.15933185815811157,0.5079753398895264,-0.6149657368659973,-0.5817143321037292,-0.15933185815811157,0.5079753398895264,-0.2434891015291214,-0.618605375289917,-0.3264692425727844,0.6719064712524414
-0.2800000011920929,0.699999988079071,0.08102204352617264,-0.24768079817295074,-0.6168869137763977,-0.3309728503227234,0.6697475910186768,-0.9179360032081599,-0.053598120808601234,-0.1271697759628294,1.2724843025207513,0.1074936553835869,-0.12551197111606588,-0.30000001192092896,-0.22125203907489768,0.11608191877603527,0.12317241132259368,0.21180988848209384,0.1357615947723389,0.0,0.27231768965721126,0.9414297938346864,0.009545447397977132,-0.5635500073432923,0.08134737461805353,0.5483147740364074,-0.7871862649917603,0.11663169264793405,-1.1195415019989012,-0.09284123480319975,0.0,0.0,0.0,-0.007971971854567396,0.015769877284765022,-0.08065835535526142,-0.5533676028251666,3.2052134990692154,0.5411628216505089,0.4585658945143274,-4.694054985046386,0.6380713343620268,-0.16686205863951975,0.0,0.27491908520460295,-0.043826793134214115,-0.05024206265807148,0.6830471277236903,0.4389138579368577,0.0,-0.1916894227266316,0.2900912448763867,-0.29729171991347975,-0.14386294707656,0.6626495718955993,-0.45485972166061317,-0.10163461267948061,0.8157501459121697,1.3329440355300914,-0.2993615031242342,0.0,0.0,0.0,-0.24768079817295074,-0.6168869137763977,-0.3309728503227234,0.6697475910186768,-0.24768079817295074,-0.6168869137763977,-0.3309728503227234,0.6697475910186768,-0.4343845844268799,-0.8112916350364685,-0.1140887662768364,0.3742993175983429,-0.4440500736236572,-0.808059811592102,-0.13587933778762817,0.36248522996902466,-0.39170482754707336,-0.8346938490867615,-0.15838968753814697,0.3532226085662842,-0.22097879648208618,-0.4614797830581665,-0.35981738567352295,0.7802154421806335,-0.20132845640182495,-0.41890034079551697,-0.3711801767349243,0.8038748502731323,-0.2513616383075714,-0.394771933555603,-0.3966831564903259,0.7896929383277893,-0.2513616383075714,-0.394771933555603,-0.3966831564903259,0.7896929383277893,-0.26881468296051025,-0.7162151336669922,-0.3174087405204773,0.5603806376457214,-0.32903730869293213,-0.676789402961731,-0.3945395052433014,0.5272846221923828,-0.3677437901496887,-0.6565663814544678,-0.3632851839065552,0.5492804050445557,-0.3446881175041199,-0.6215145587921143,-0.38522982597351074,0.5886492133140564,-0.3020332455635071,-0.5558091998100281,-0.4195081293582916,0.6510490775108337,-0.2571788430213928,-0.5829854011535645,-0.3808414936065674,0.6700350046157837,-0.2571788430213928,-0.5829854011535645,-0.3808414936065674,0.6700350046157837,-0.24768079817295074,-0.6168869137763977,-0.3309728503227234,0.6697475910186768,-0.2058192789554596,-0.51833176612854,-0.3557462692260742,0.7499434947967529,0.1566738784313202,-0.6232998967170715,-0.08197098970413208,0.7617291808128357,0.15367643535137177,-0.6242656707763672,-0.07839012145996094,0.7619258165359497,0.13618828356266022,-0.8083475828170776,-0.13171876966953278,0.5573842525482178,0.09882858395576477,-0.8133245706558228,-0.11694539338350296,0.5613020658493042,0.09882858395576477,-0.8133245706558228,-0.11694539338350296,0.5613020658493042,-0.13852819800376892,-0.41708528995513916,-0.39691299200057983,0.8057976961135864,-0.43696749210357666,-0.2329748123884201,-0.5265194773674011,0.6910568475723267,-0.4478285312652588,-0.20461416244506836,-0.48704034090042114,0.7213698625564575,-0.6454759836196899,-0.5400331020355225,-0.15167146921157837,0.5183828473091125,-0.6156184673309326,-0.5716468095779419,-0.16770905256271362,0.5158562660217285,-0.6156184673309326,-0.5716468095779419,-0.16770905256271362,0.5158562660217285,-0.24768079817295074,-0.6168869137763977,-0.3309728503227234,0.6697475910186768
-0.2800000011920929,0.699999988079071,0.08126071095466614,-0.2532825469970703,-0.6140655875205994,-0.3360799551010132,0.6676988005638123,-0.8489887118339531,-0.03148353099822985,-0.10255836695432642,1.1800196170806871,0.11069394648075101,-0.10888081789016726,-0.30000001192092896,-0.2107272297143935,0.11031604558229446,0.12226630747318257,0.21452043950557712,0.14032408595085152,0.0,0.26720899343490595,0.9532152414321899,0.012285084463655843,-0.5692739486694336,0.0944078415632249,0.5417387485504149,-0.7865142822265624,0.13071826100349448,-1.089501619338989,-0.09028461575508127,0.0,0.0,0.0,0.011933370493352321,-0.017493821680545675,0.12148199975490477,-0.8253086209297158,3.4473643302917494,1.105729460716244,1.2305704355239848,-4.623233795166025,0.16001453995704465,0.8315576314926085,0.0,0.5262404680252073,-0.2882936298847178,-0.04530518874526308,0.13552755117416374,0.2281245440244686,0.0,-0.2554348111152644,0.5892723202705349,0.1369818449020345,-0.2861970365047445,0.6530233025550832,-0.3288012444973004,0.033599138259889874,0.7043283581733721,1.5019940137863135,0.12783095240592574,0.0,0.0,0.0,-0.2532825469970703,-0.6140655875205994,-0.3360799551010132,0.6676988005638123,-0.2532825469970703,-0.6140655875205994,-0.3360799551010132,0.6676988005638123,-0.4299620985984802,-0.798194408416748,-0.1343146115541458,0.3999723494052887,-0.43620482087135315,-0.795981228351593,-0.1468624323606491,0.39315471053123474,-0.394832044839859,-0.8172932863235474,-0.1668212115764618,0.3851102292537689,-0.23526568710803986,-0.4648543894290924,-0.3582899868488312,0.7747184634208679,-0.21508529782295227,-0.42128613591194153,-0.37075597047805786,0.7992473244667053,-0.2582565248012543,-0.40048786997795105,-0.3931303918361664,0.7863597273826599,-0.2582565248012543,-0.40048786997795105,-0.3931303918361664,0.7863597273826599,-0.275199830532074,-0.7133463621139526,-0.32157063484191895,0.5585645437240601,-0.33241721987724304,-0.6755712628364563,-0.3948090970516205,0.526524543762207,-0.36915597319602966,-0.6562175750732422,-0.3651813268661499,0.5474896430969238,-0.34615558385849,-0.6215428709983826,-0.3870527744293213,0.5865585803985596,-0.3027304410934448,-0.5551770925521851,-0.42188596725463867,0.6497266888618469,-0.25643688440322876,-0.5833872556686401,-0.38192760944366455,0.6693509817123413,-0.25643688440322876,-0.5833872556686401,-0.38192760944366455,0.6693509817123413,-0.2532825469970703,-0.6140655875205994,-0.3360799551010132,0.6676988005638123,-0.211481511592865,-0.5177077651023865,-0.3611726462841034,0.7461960911750793,0.1544172614812851,-0.6257067918777466,-0.08341474831104279,0.7600581049919128,0.1505463570356369,-0.626934826374054,-0.07881329208612442,0.7603136897087097,0.1328759789466858,-0.8120746612548828,-0.13172157108783722,0.5527459979057312,0.08939171582460403,-0.8175613880157471,-0.11477146297693253,0.5571624040603638,0.08939171582460403,-0.8175613880157471,-0.11477146297693253,0.5571624040603638,-0.14398348331451416,-0.4176281988620758,-0.40268081426620483,0.8016879558563232,-0.4401986002922058,-0.23144200444221497,-0.5319771766662598,0.6853175163269043,-0.45216330885887146,-0.19944354891777039,-0.48797503113746643,0.7194796204566956,-0.6465920805931091,-0.5272747278213501,-0.1603647768497467,0.5274307727813721,-0.6180768013000488,-0.5582059025764465,-0.17648331820964813,0.5246340036392212,-0.6180768013000488,-0.5582059025764465,-0.17648331820964813,0.5246340036392212,-0.2532825469970703,-0.6140655875205994,-0.3360799551010132,0.6676988005638123
-0.2800000011920929,0.699999988079071,0.08122561424970627,-0.2562539577484131,-0.6129112243652344,-0.33945316076278687,0.6659170389175415,-0.775795090198517,-0.019710095226764705,-0.0838201150298119,1.0576580643653872,0.10828591734170914,-0.11085141003131865,-0.30000001192092896,-0.2009576499462128,0.11078914701938629,0.1128457456827164,0.21699321269989014,0.1483179360628128,0.0,0.2635691821575165,0.9547510027885437,0.0028159769251942853,-0.5719271183013916,0.10432405769824979,0.5314266920089722,-0.7792904853820801,0.1502467185258865,-1.0665029287338257,-0.09924335032701491,0.0,0.0,0.0,0.0037204470485449025,-0.0055559977889061245,0.03784675300121326,-0.6282116234302525,3.5747542381286617,0.7954948306083687,1.0543756961822512,-5.520139884948728,-0.008235049247741322,0.2735053062438977,0.0,0.5035835623741151,-0.10112441778183023,-0.3007389090955252,0.12839421182870867,0.33106530308723425,0.0,-0.21136825382709512,0.2817817687988288,-0.2292804479598991,-0.19407390356063864,0.5586957871913912,-0.4408821940422055,0.23015354275703387,0.8675850510597225,1.2907582521438603,-0.21762962937354968,0.0,0.0,0.0,-0.2562539577484131,-0.6129112243652344,-0.33945316076278687,0.6659170389175415,-0.2562539577484131,-0.6129112243652344,-0.33945316076278687,0.6659170389175415,-0.4211968779563904,-0.7856257557868958,-0.15550409257411957,0.4256805181503296,-0.42526423931121826,-0.7841249704360962,-0.16328807175159454,0.4214681386947632,-0.3919438123703003,-0.8012911081314087,-0.18062570691108704,0.4143511652946472,-0.24732954800128937,-0.4827547073364258,-0.35357025265693665,0.7620788812637329,-0.22783434391021729,-0.4408055543899536,-0.3664343059062958,0.78708815574646,-0.2710791826248169,-0.4198324680328369,-0.3903049826622009,0.7732522487640381,-0.2710791826248169,-0.4198324680328369,-0.3903049826622009,0.7732522487640381,-0.27866941690444946,-0.7120627164840698,-0.3244081139564514,0.5568389296531677,-0.33312177658081055,-0.6759279370307922,-0.39419764280319214,0.5260794162750244,-0.37003448605537415,-0.6564474105834961,-0.3644660711288452,0.5470976829528809,-0.3488912582397461,-0.624550998210907,-0.38475167751312256,0.5832470059394836,-0.30517762899398804,-0.5577222108840942,-0.4202691316604614,0.6474460363388062,-0.2563742995262146,-0.5873221755027771,-0.3777850568294525,0.6682838201522827,-0.2563742995262146,-0.5873221755027771,-0.3777850568294525,0.6682838201522827,-0.2562539577484131,-0.6129112243652344,-0.33945316076278687,0.6659170389175415,-0.21457645297050476,-0.5181493163108826,-0.36461856961250305,0.7433245778083801,0.1509316861629486,-0.6277461051940918,-0.08579082787036896,0.7588111162185669,0.15004833042621613,-0.6280344128608704,-0.08473436534404755,0.758866548538208,0.1306385099887848,-0.8134466409683228,-0.1374603509902954,0.5498571395874023,0.082517609000206,-0.8192025423049927,-0.1188703328371048,0.5549485087394714,0.082517609000206,-0.8192025423049927,-0.1188703328371048,0.5549485087394714,-0.14820481836795807,-0.4210965037345886,-0.4056733548641205,0.7975852489471436,-0.44007590413093567,-0.235441192984581,-0.5352135896682739,0.6815035939216614,-0.4539545178413391,-0.19859424233436584,-0.4847339391708374,0.7207764983177185,-0.6442047953605652,-0.5215147137641907,-0.1643940657377243,0.5347871780395508,-0.6130163669586182,-0.5554065704345703,-0.18253639340400696,0.531427264213562,-0.6130163669586182,-0.5554065704345703,-0.18253639340400696,0.531427264213562,-0.2562539577484131,-0.6129112243652344,-0.33945316076278687,0.6659170389175415
-0.2800000011920929,0.699999988079071,0.0813591867685318,-0.26012349128723145,-0.6109843254089355,-0.34309616684913635,0.6643184423446655,-0.7009189963340761,-0.0097018886357546,-0.06867432668805123,0.9275467753410342,0.10843107551336287,-0.11206449121236801,-0.29400001168251044,-0.1905723482370377,0.10684770047664645,0.10130974352359776,0.22188269495964047,0.15343756079673768,0.0,0.2595371127128601,0.955560278892517,-0.0046198751311749145,-0.5691411256790161,0.10915464609861375,0.5203651905059815,-0.7718180775642395,0.16547499895095824,-1.0453887701034545,-0.10565498918294906,0.0,0.0,0.0,0.0033052412094548003,-0.004830670310184311,0.033861379697918546,-0.548771512508392,3.7101550102233882,0.5357148468494419,0.829138636589051,-6.350569343566893,-0.043805833160877744,-0.07580427229404464,0.1799999952316272,0.5069506168365477,-0.10878136046230705,-0.5344912648200985,0.19613991826772642,0.31346572041511594,0.0,-0.1937582939863204,0.054993504285812525,-0.4124576628208165,0.030516374111174444,0.34324195981025796,-0.53808616399765,0.3686481416225433,0.8474175333976754,1.093398463726044,-0.37152384519577075,0.0,0.0,0.0,-0.26012349128723145,-0.6109843254089355,-0.34309616684913635,0.6643184423446655,-0.26012349128723145,-0.6109843254089355,-0.34309616684913635,0.6643184423446655,-0.4123689830303192,-0.7710680365562439,-0.17705467343330383,0.4517274498939514,-0.41451287269592285,-0.7702264189720154,-0.1808166801929474,0.44970637559890747,-0.38779300451278687,-0.7840130925178528,-0.19609762728214264,0.44326725602149963,-0.2592485547065735,-0.5028469562530518,-0.34885191917419434,0.7471528053283691,-0.2399587631225586,-0.4616231322288513,-0.36238765716552734,0.7733040452003479,-0.28289055824279785,-0.44060367345809937,-0.38766950368881226,0.7586525082588196,-0.28289055824279785,-0.44060367345809937,-0.38766950368881226,0.7586525082588196,-0.2826820909976959,-0.7082436084747314,-0.3278041481971741,0.5576974153518677,-0.3344397246837616,-0.6738395690917969,-0.3937174677848816,0.5282770991325378,-0.3699573874473572,-0.6550127267837524,-0.36496031284332275,0.5485380291938782,-0.3510039448738098,-0.6263982057571411,-0.3832213282585144,0.5810015797615051,-0.3064178228378296,-0.5582225322723389,-0.41972824931144714,0.6467797160148621,-0.2559454143047333,-0.5887498259544373,-0.37570905685424805,0.6683624982833862,-0.2559454143047333,-0.5887498259544373,-0.37570905685424805,0.6683624982833862,-0.26012349128723145,-0.6109843254089355,-0.34309616684913635,0.6643184423446655,-0.218595489859581,-0.5179353952407837,-0.36840251088142395,0.7404314279556274,0.1463405191898346,-0.6293307542800903,-0.08899679034948349,0.7580283880233765,0.14780452847480774,-0.628886342048645,-0.09072323143482208,0.7579083442687988,0.12696130573749542,-0.8132717609405518,-0.14235317707061768,0.5497321486473083,0.07660578191280365,-0.8190032243728638,-0.122876837849617,0.5552177429199219,0.07660578191280365,-0.8190032243728638,-0.122876837849617,0.5552177429199219,-0.15342378616333008,-0.4240514934062958,-0.40905332565307617,0.7932949066162109,-0.4407444894313812,-0.23890206217765808,-0.5385763049125671,0.6772043704986572,-0.4561454951763153,-0.1982131451368332,-0.483168363571167,0.7205491662025452,-0.6431574821472168,-0.5158002376556396,-0.16908423602581024,0.5401008725166321,-0.6101419925689697,-0.551865816116333,-0.18869367241859436,0.536251425743103,-0.6101419925689697,-0.551865816116333,-0.18869367241859436,0.536251425743103,-0.26012349128723145,-0.6109843254089355,-0.34309616684913635,0.6643184423446655
-0.2800000011920929,0.699999988079071,0.08183009773492814,-0.2657889127731323,-0.6075121164321899,-0.34727850556373596,0.6630858778953552,-0.6226779580116271,-0.003224143199622616,-0.06071346551179884,0.7819360136985776,0.11368260830640795,-0.11176255047321319,-0.27600001096725457,-0.17895560264587398,0.09407715797424314,0.08554286062717434,0.23160559535026554,0.15280873477458953,0.0,0.25472052693367003,0.9549165844917298,-0.007989214127883323,-0.5554768085479737,0.10381397902965545,0.507804799079895,-0.7638484477996826,0.17210292518138887,-1.0280436754226685,-0.106972436606884,0.0,0.0,0.0,0.018485470232553813,-0.026530333561822817,0.1891757477074865,-0.7046451747417454,3.8615775108337407,0.37684415578842123,0.5058169364929193,-7.048045539855958,0.18598101586103488,-0.007628290355205389,0.7199999809265148,0.5623655915260316,-0.5060906518250713,-0.7248808801174168,0.41364371627569246,0.05478545427322329,0.0,-0.2290615290403367,-0.01039016395807281,-0.22946463227271993,0.5200409412384044,-0.11446449160575967,-0.6055361747741701,0.3910231292247773,0.4604015946388237,0.9237906217575069,-0.1422852396965022,0.0,0.0,0.0,-0.2657889127731323,-0.6075121164321899,-0.34727850556373596,0.6630858778953552,-0.2657889127731323,-0.6075121164321899,-0.34727850556373596,0.6630858778953552,-0.40391793847084045,-0.7534661293029785,-0.19947367906570435,0.4789043962955475,-0.4046472907066345,-0.7531698942184448,-0.20071229338645935,0.47823676466941833,-0.3815665543079376,-0.76511549949646,-0.21508455276489258,0.47195756435394287,-0.2709456980228424,-0.5274583697319031,-0.3442560136318207,0.7279175519943237,-0.2509457468986511,-0.4852554202079773,-0.35909250378608704,0.7567073106765747,-0.29281890392303467,-0.4644416570663452,-0.3856329321861267,0.741510808467865,-0.29281890392303467,-0.4644416570663452,-0.3856329321861267,0.741510808467865,-0.28776177763938904,-0.6993069648742676,-0.33229514956474304,0.5636868476867676,-0.3369603157043457,-0.6668128967285156,-0.39347153902053833,0.5357223153114319,-0.3679548501968384,-0.6502240896224976,-0.3678596615791321,0.5536219477653503,-0.3518894612789154,-0.6259573698043823,-0.38325339555740356,0.5809199213981628,-0.3052496314048767,-0.5546432137489319,-0.42134708166122437,0.6493537425994873,-0.25479426980018616,-0.5851864218711853,-0.3777814507484436,0.6707593202590942,-0.25479426980018616,-0.5851864218711853,-0.3777814507484436,0.6707593202590942,-0.2657889127731323,-0.6075121164321899,-0.34727850556373596,0.6630858778953552,-0.22446367144584656,-0.5164136290550232,-0.3728644847869873,0.7374993562698364,0.1395372599363327,-0.6300008296966553,-0.09386160969734192,0.7581678628921509,0.14207196235656738,-0.6292538642883301,-0.09684879332780838,0.757941484451294,0.12040741741657257,-0.8100182414054871,-0.1455562263727188,0.5551449060440063,0.07262477278709412,-0.8151807188987732,-0.1267067790031433,0.5604922771453857,0.07262477278709412,-0.8151807188987732,-0.1267067790031433,0.5604922771453857,-0.16064195334911346,-0.4259922206401825,-0.4132198989391327,0.7886533141136169,-0.4430106282234192,-0.2412942349910736,-0.5422097444534302,0.671957790851593,-0.4591413736343384,-0.19877071678638458,-0.48495978116989136,0.7172819972038269,-0.6448768973350525,-0.5102477073669434,-0.17511793971061707,0.541400671005249,-0.611730694770813,-0.5469245314598083,-0.19508583843708038,0.5372157096862793,-0.611730694770813,-0.5469245314598083,-0.19508583843708038,0.5372157096862793,-0.2657889127731323,-0.6075121164321899,-0.34727850556373596,0.6630858778953552
-0.2800000011920929,0.699999988079071,0.08227719366550446,-0.2692188322544098,-0.6050777435302734,-0.3490321934223175,0.663007378578186,-0.5470333456993102,0.0008816367248073286,-0.05030573680996892,0.646670305728912,0.1254979804158211,-0.11560944169759751,-0.2620000064373016,-0.17096385061740874,0.0886779487133026,0.07869170010089874,0.2421760380268097,0.16285365223884585,0.0,0.25254909992218016,0.9511094808578491,-0.02519325371831661,-0.5416413307189941,0.09262356013059612,0.4953381419181824,-0.7639499545097351,0.18456777930259707,-1.0091883659362793,-0.10789199322462083,0.0,0.0,0.0,0.022831095382571217,-0.0364114098250866,0.23390235900878903,-0.5378916382789605,3.834158897399902,0.25272830724716167,0.4714490652084353,-6.9701860427856435,0.4594918131828315,-0.10936790499836249,0.7800000905990596,0.47208744287490806,-0.41738711595535205,-0.5208724379539481,0.5115712702274323,0.28877096772194016,0.0,-0.16147451698780035,-0.12708699703216586,-0.5835079580545439,0.6883506178855896,-0.4425258874893194,-0.6252074837684631,0.1563473880290977,0.506504118442536,0.9125611186027528,-0.05393564552068707,0.0,0.0,0.0,-0.2692188322544098,-0.6050777435302734,-0.3490321934223175,0.663007378578186,-0.2692188322544098,-0.6050777435302734,-0.3490321934223175,0.663007378578186,-0.3925997018814087,-0.7367500066757202,-0.2195248305797577,0.5048505067825317,-0.39235204458236694,-0.7368640899658203,-0.21921569108963013,0.5050104260444641,-0.37362223863601685,-0.7465295791625977,-0.23174268007278442,0.49939507246017456,-0.28069591522216797,-0.549140214920044,-0.33847537636756897,0.7106964588165283,-0.25891098380088806,-0.5034967660903931,-0.35540711879730225,0.7437351942062378,-0.3014235496520996,-0.4821290075778961,-0.3839331269264221,0.7275237441062927,-0.3014235496520996,-0.4821290075778961,-0.3839331269264221,0.7275237441062927,-0.2904931306838989,-0.6926482915878296,-0.33449864387512207,0.5691774487495422,-0.33801567554473877,-0.6615588665008545,-0.39242398738861084,0.5422993302345276,-0.3670082092285156,-0.6459246277809143,-0.36800360679626465,0.5591598153114319,-0.35224586725234985,-0.6234314441680908,-0.3821538984775543,0.5841357111930847,-0.3035164773464203,-0.5483004450798035,-0.4219123125076294,0.6551599502563477,-0.24918556213378906,-0.5808049440383911,-0.3759574294090271,0.6776636838912964,-0.24918556213378906,-0.5808049440383911,-0.3759574294090271,0.6776636838912964,-0.2692188322544098,-0.6050777435302734,-0.3490321934223175,0.663007378578186,-0.22799023985862732,-0.5147972702980042,-0.3748478293418884,0.7365415692329407,0.13451853394508362,-0.6292924880981445,-0.09756224602460861,0.7591952085494995,0.14248690009117126,-0.6269829273223877,-0.107005774974823,0.7583798170089722,0.11876523494720459,-0.8041383624076843,-0.15434741973876953,0.5616344809532166,0.076304130256176,-0.8087337613105774,-0.13722023367881775,0.5668315887451172,0.076304130256176,-0.8087337613105774,-0.13722023367881775,0.5668315887451172,-0.16629907488822937,-0.4285447597503662,-0.4144447445869446,0.7854487895965576,-0.44708913564682007,-0.24317359924316406,-0.5443235039710999,0.6668508052825928,-0.46439921855926514,-0.19713294506072998,-0.4832814931869507,0.7154796123504639,-0.6466566324234009,-0.5030361413955688,-0.17754152417182922,0.5452235341072083,-0.6135575771331787,-0.5401657223701477,-0.19795453548431396,0.5409088134765625,-0.6135575771331787,-0.5401657223701477,-0.19795453548431396,0.5409088134765625,-0.2692188322544098,-0.6050777435302734,-0.3490321934223175,0.663007378578186
-0.2800000011920929,0.699999988079071,0.08271238207817078,-0.27153438329696655,-0.6031701564788818,-0.34957605600357056,0.6635144352912903,-0.4726869463920593,0.003801434417255223,-0.038674574345350266,0.5165771245956421,0.14059527218341827,-0.12153074890375137,-0.25,-0.16478459537029266,0.08696440607309341,0.07629840075969696,0.2531702518463135,0.17823544144630432,0.0,0.2517002522945404,0.9457206726074219,-0.04931464325636625,-0.5277202725410461,0.07850826531648636,0.4829183518886566,-0.7680870294570923,0.19995109736919403,-0.9895779490470886,-0.10861260443925858,0.0,0.0,0.0,0.02175941877067089,-0.040383193641901016,0.22333507239818573,-0.20982450246810913,3.7173197269439697,0.14598987996578217,0.581558108329773,-6.5046586990356445,0.7548645734786987,-0.2960653165355325,0.600000262260437,0.30896273255348206,-0.0856771469116212,-0.11966496706008911,0.5497106909751892,0.7690893709659576,0.0,-0.042442381381988525,-0.2694404125213623,-1.2060694843530655,0.6960528492927551,-0.7057647109031677,-0.6209894418716431,-0.2068537175655365,0.7691658735275269,0.9805207848548889,-0.03603055700659752,0.0,0.0,0.0,-0.27153438329696655,-0.6031701564788818,-0.34957605600357056,0.6635144352912903,-0.27153438329696655,-0.6031701564788818,-0.34957605600357056,0.6635144352912903,-0.3796033263206482,-0.7200144529342651,-0.23823440074920654,0.5298347473144531,-0.3785955607891083,-0.7204659581184387,-0.23686543107032776,0.5305553078651428,-0.3645938038825989,-0.727651834487915,-0.2470800131559372,0.5258760452270508,-0.2893889546394348,-0.5691919922828674,-0.33201083540916443,0.6942933797836304,-0.26535385847091675,-0.5190191864967346,-0.3515174388885498,0.7325584888458252,-0.3093509078025818,-0.496714323759079,-0.382387638092041,0.7150920033454895,-0.3093509078025818,-0.496714323759079,-0.382387638092041,0.7150920033454895,-0.2920508086681366,-0.6871306896209717,-0.33555901050567627,0.5744196176528931,-0.3383342921733856,-0.6571835279464722,-0.390970915555954,0.5484354496002197,-0.3665812909603119,-0.6418554782867432,-0.366761714220047,0.5649120211601257,-0.35232630372047424,-0.6198427677154541,-0.3804762661457062,0.5889813303947449,-0.30147314071655273,-0.5405259132385254,-0.4219122529029846,0.6625222563743591,-0.2413124442100525,-0.5759310722351074,-0.37213122844696045,0.6867241859436035,-0.2413124442100525,-0.5759310722351074,-0.37213122844696045,0.6867241859436035,-0.27153438329696655,-0.6031701564788818,-0.34957605600357056,0.6635144352912903,-0.23034915328025818,-0.5131410360336304,-0.375597208738327,0.7365815043449402,0.1303919404745102,-0.6278936266899109,-0.10068045556545258,0.7606648206710815,0.14595824480056763,-0.6233165264129639,-0.11916498839855194,0.7589284777641296,0.11955930292606354,-0.7968122959136963,-0.16590651869773865,0.568569004535675,0.08379259705543518,-0.8007549047470093,-0.15103738009929657,0.5735486745834351,0.08379259705543518,-0.8007549047470093,-0.15103738009929657,0.5735486745834351,-0.1711753010749817,-0.43140289187431335,-0.4141983389854431,0.7829625010490417,-0.4520609378814697,-0.24478958547115326,-0.5456618070602417,0.6617946624755859,-0.47076791524887085,-0.1943889707326889,-0.47984740138053894,0.7143787145614624,-0.6484313607215881,-0.49496790766716003,-0.17815028131008148,0.5502781867980957,-0.6154717206954956,-0.5324703454971313,-0.19905109703540802,0.54593825340271,-0.6154717206954956,-0.5324703454971313,-0.19905109703540802,0.54593825340271,-0.27153438329696655,-0.6031701564788818,-0.34957605600357056,0.6635144352912903
-0.2800000011920929,0.699999988079071,0.083637373149395,-0.2765442430973053,-0.5992882251739502,-0.3503097891807556,0.6645750403404236,-0.4153744518756864,0.006222433596849452,-0.038532175868749616,0.4124488711357112,0.15551992356777197,-0.12977532744407658,-0.25,-0.15580657124519345,0.0708956561982631,0.06616950556635852,0.26163120865821843,0.17962759733200073,0.0,0.24729473292827603,0.9453290700912476,-0.054637099057436016,-0.5222826838493347,0.07168789058923718,0.47680486440658565,-0.766966187953949,0.2111247062683106,-0.9822730422019958,-0.10564632713794707,0.0,0.0,0.0,0.03645349740982062,-0.090344647318125,0.375387820601464,-0.33545129895210324,3.206302690505979,0.13102592527866358,0.23689517974853364,-5.725710868835446,0.7496853351593017,-0.36576347947120696,0.24000010490417323,0.39292579889297524,-0.516333319246771,-0.35173283070325956,0.47371296286582915,0.3494004368782025,0.0,-0.14914252087473917,-0.11952424049377375,-0.642101407051084,0.4415488004684437,-0.486917108297347,-0.43180038332939064,-0.04911625683307577,0.6428745985031122,0.6113554835319503,0.07457608953118373,0.0,0.0,0.0,-0.2765442430973053,-0.5992882251739502,-0.3503097891807556,0.6645750403404236,-0.2765442430973053,-0.5992882251739502,-0.3503097891807556,0.6645750403404236,-0.3723856806755066,-0.7040131092071533,-0.252336323261261,0.5495643019676208,-0.37065747380256653,-0.704804539680481,-0.25015732645988464,0.550713062286377,-0.3570099472999573,-0.7118147611618042,-0.260719358921051,0.5457921624183655,-0.29615819454193115,-0.5849238634109497,-0.3283204436302185,0.6799707412719727,-0.269744873046875,-0.5303419828414917,-0.35033005475997925,0.7233561277389526,-0.31605589389801025,-0.5065125226974487,-0.3840135335922241,0.7043347358703613,-0.31605589389801025,-0.5065125226974487,-0.3840135335922241,0.7043347358703613,-0.2972352206707001,-0.6835684776306152,-0.33571797609329224,0.5759156942367554,-0.34114694595336914,-0.655360221862793,-0.3879043459892273,0.5510462522506714,-0.36415913701057434,-0.6428550481796265,-0.3681344985961914,0.5644489526748657,-0.35178613662719727,-0.6238293647766113,-0.37998661398887634,0.585400402545929,-0.29921162128448486,-0.5421395897865295,-0.4226211607456207,0.661776602268219,-0.23864947259426117,-0.5778614282608032,-0.37229108810424805,0.685945987701416,-0.23864947259426117,-0.5778614282608032,-0.37229108810424805,0.685945987701416,-0.2765442430973053,-0.5992882251739502,-0.3503097891807556,0.6645750403404236,-0.23595625162124634,-0.5107691287994385,-0.3765202760696411,0.7359837293624878,0.12497837841510773,-0.6261825561523438,-0.10270493477582932,0.762710690498352,0.14217543601989746,-0.6212409734725952,-0.1232483759522438,0.7606942653656006,0.11514148116111755,-0.7937942743301392,-0.16848471760749817,0.5729275941848755,0.08255167305469513,-0.7972849011421204,-0.15474075078964233,0.5775615572929382,0.08255167305469513,-0.7972849011421204,-0.15474075078964233,0.5775615572929382,-0.1772765815258026,-0.4298071563243866,-0.41542255878448486,0.7818331718444824,-0.45692574977874756,-0.24315708875656128,-0.5460622310638428,0.6587182283401489,-0.4763312339782715,-0.18937912583351135,-0.4767879247665405,0.7140851616859436,-0.6509875655174255,-0.48838698863983154,-0.17532774806022644,0.5540338754653931,-0.6192352771759033,-0.5250080227851868,-0.19592523574829102,0.5500249862670898,-0.6192352771759033,-0.5250080227851868,-0.19592523574829102,0.5500249862670898,-0.2765442430973053,-0.5992882251739502,-0.3503097891807556,0.6645750403404236
-0.2800000011920929,0.699999988079071,0.08445928096771241,-0.2807615101337433,-0.5959903001785278,-0.3505522906780243,0.6656436920166016,-0.3639603555202481,0.007468612212687721,-0.040576347708702144,0.31716637909412315,0.16611848771572116,-0.13802746832370766,-0.25,-0.14750866293907158,0.058858447521924935,0.06041297316551211,0.26737440228462217,0.18014821410179138,0.0,0.2441021591424942,0.9434954524040222,-0.06027825772762304,-0.5167327761650085,0.0655945517122745,0.4700651824474334,-0.7654587268829346,0.22246663868427288,-0.9745491504669189,-0.10288518220186231,0.0,0.0,0.0,0.0431570526212453,-0.12175868749618525,0.44529050588607705,-0.3612314999103531,2.6886727094650222,0.0858053386211386,-0.05847718166187581,-4.941039514541619,0.61644990444183,-0.41245577931404115,0.0,0.4284977018833155,-0.6824912309646575,-0.37527387142181046,0.3415149211883523,0.04346162080764701,0.0,-0.18388758897781277,-0.06284057609737034,-0.2756838440895083,0.27524899840354927,-0.31920763552188813,-0.3244601786136632,0.06764065772295029,0.5637301206588746,0.37781485915184054,0.14215988069772703,0.0,0.0,0.0,-0.2807615101337433,-0.5959903001785278,-0.3505522906780243,0.6656436920166016,-0.2807615101337433,-0.5959903001785278,-0.3505522906780243,0.6656436920166016,-0.36533722281455994,-0.6893535852432251,-0.26452845335006714,0.5668729543685913,-0.363221138715744,-0.6903346180915833,-0.261949747800827,0.5682349801063538,-0.34915870428085327,-0.6975547075271606,-0.2734423875808716,0.5627919435501099,-0.3016623258590698,-0.5998934507369995,-0.3252010941505432,0.6658620238304138,-0.27364084124565125,-0.5425836443901062,-0.3491055965423584,0.7133364677429199,-0.3221587538719177,-0.5172181725502014,-0.3857164978981018,0.6927641034126282,-0.3221587538719177,-0.5172181725502014,-0.3857164978981018,0.6927641034126282,-0.30155521631240845,-0.6805610656738281,-0.33548516035079956,0.5773653984069824,-0.34327760338783264,-0.6539870500564575,-0.38472408056259155,0.5535781979560852,-0.3623718321323395,-0.6436017155647278,-0.3682693839073181,0.5646603107452393,-0.35108569264411926,-0.6262533068656921,-0.37904542684555054,0.5838409066200256,-0.29743045568466187,-0.5428454279899597,-0.42245927453041077,0.6621042490005493,-0.23666740953922272,-0.5786463022232056,-0.37191587686538696,0.6861746907234192,-0.23666740953922272,-0.5786463022232056,-0.37191587686538696,0.6861746907234192,-0.2807615101337433,-0.5959903001785278,-0.3505522906780243,0.6656436920166016,-0.24063408374786377,-0.5085294842720032,-0.37697023153305054,0.7357897162437439,0.1200224757194519,-0.6242984533309937,-0.10469592362642288,0.7647776007652283,0.13893908262252808,-0.6189627051353455,-0.12742510437965393,0.7624593377113342,0.11124114692211151,-0.7905234098434448,-0.17129452526569366,0.5773703455924988,0.08149782568216324,-0.7936214208602905,-0.15854792296886444,0.5817093253135681,0.08149782568216324,-0.7936214208602905,-0.15854792296886444,0.5817093253135681,-0.18285340070724487,-0.42900457978248596,-0.4158955216407776,0.7807372808456421,-0.46119359135627747,-0.242647185921669,-0.5460169315338135,0.655963659286499,-0.4814220666885376,-0.18547362089157104,-0.47319120168685913,0.7140885591506958,-0.6528811454772949,-0.4828135669231415,-0.17239665985107422,0.5575990676879883,-0.6222098469734192,-0.5185765027999878,-0.19270238280296326,0.5538944005966187,-0.6222098469734192,-0.5185765027999878,-0.19270238280296326,0.5538944005966187,-0.2807615101337433,-0.5959903001785278,-0.3505522906780243,0.6656436920166016
-0.2800000011920929,0.699999988079071,0.08507502228021623,-0.28341037034988403,-0.5938972234725952,-0.349833607673645,0.6667689681053162,-0.3243430554866785,0.006365149468183503,-0.04699366018176088,0.23957540988922016,0.16806487739086154,-0.1462947338819505,-0.25,-0.14057098627090445,0.054884321242570824,0.06340116634964947,0.2676820695400238,0.17892575263977048,0.0,0.24333547651767728,0.9387778043746947,-0.06655682399868973,-0.5109582304954529,0.06095528453588479,0.46207311153411856,-0.763178026676178,0.23414521813392655,-0.9659872889518737,-0.10053430199623105,0.0,0.0,0.0,0.03387956097722041,-0.11607788950204842,0.35089311003684875,-0.1873185694217659,2.1578168392181327,-0.01992851197719714,-0.255268496740612,-4.144921112060536,0.22710208892821748,-0.4131363809108734,0.0,0.3672872781753532,-0.31965250968932624,0.018238770961766737,0.0969162523746458,-0.03497689962387189,0.0,-0.07472249567508552,-0.1926219325512665,-0.3043671905994419,0.28535768985748305,-0.2537744224071494,-0.3808176815509804,0.1024364165961747,0.578879237174988,0.4155234992504125,0.12369797229766821,0.0,0.0,0.0,-0.28341037034988403,-0.5938972234725952,-0.349833607673645,0.6667689681053162,-0.28341037034988403,-0.5938972234725952,-0.349833607673645,0.6667689681053162,-0.3590853810310364,-0.6782446503639221,-0.27320289611816406,0.580001711845398,-0.3572409451007843,-0.6791086792945862,-0.27104029059410095,0.581143319606781,-0.34120404720306396,-0.6873080730438232,-0.28463801741600037,0.5746030807495117,-0.304811954498291,-0.6136837005615234,-0.323422372341156,0.652595043182373,-0.2765887677669525,-0.5567442774772644,-0.34786367416381836,0.7018014788627625,-0.32711654901504517,-0.5298330187797546,-0.3876473605632782,0.6797069311141968,-0.32711654901504517,-0.5298330187797546,-0.3876473605632782,0.6797069311141968,-0.3041643798351288,-0.6787053346633911,-0.3344894349575043,0.5787572264671326,-0.34405577182769775,-0.6535364389419556,-0.38132959604263306,0.5559708476066589,-0.3618577718734741,-0.6438486576080322,-0.36593180894851685,0.5662260055541992,-0.3500792384147644,-0.6255775094032288,-0.3772168755531311,0.5863486528396606,-0.296612024307251,-0.5417392253875732,-0.42055851221084595,0.6645829081535339,-0.23605015873908997,-0.5771471858024597,-0.370475172996521,0.6884254813194275,-0.23605015873908997,-0.5771471858024597,-0.370475172996521,0.6884254813194275,-0.28341037034988403,-0.5938972234725952,-0.349833607673645,0.6667689681053162,-0.24346643686294556,-0.5065826773643494,-0.37649473547935486,0.7364441156387329,0.11598815023899078,-0.6220983266830444,-0.10662482678890228,0.7669233679771423,0.13680163025856018,-0.6163046956062317,-0.13179345428943634,0.7642542719841003,0.10838223993778229,-0.7867897748947144,-0.17457647621631622,0.5820122957229614,0.08082124590873718,-0.7896009683609009,-0.1625683307647705,0.5861483216285706,0.08082124590873718,-0.7896009683609009,-0.1625683307647705,0.5861483216285706,-0.18739105761051178,-0.4298124611377716,-0.41488897800445557,0.7797518968582153,-0.4642896056175232,-0.2443942129611969,-0.5451065897941589,0.6538848280906677,-0.48560643196105957,-0.18379247188568115,-0.4685590863227844,0.7147441506385803,-0.653512716293335,-0.47930318117141724,-0.16926570236682892,0.5608375072479248,-0.6236875057220459,-0.5142756104469299,-0.18931135535240173,0.5574008822441101,-0.6236875057220459,-0.5142756104469299,-0.18931135535240173,0.5574008822441101,-0.28341037034988403,-0.5938972234725952,-0.349833607673645,0.6667689681053162
-0.2800000011920929,0.699999988079071,0.08594087958335878,-0.28627222776412964,-0.5916389226913452,-0.347242534160614,0.6689052581787109,-0.2873518407344815,0.0072623818181455305,-0.05059543102979662,0.16912436783313692,0.1705183655023575,-0.15494801104068764,-0.25,-0.1350228667259216,0.05033132955431934,0.06559214890003207,0.2734551846981049,0.18267976641654973,0.0,0.24132162034511564,0.9319868922233581,-0.07547919750213632,-0.5080126643180847,0.0584977589547634,0.4535157144069671,-0.7575841665267944,0.24586627185344706,-0.9569763183593749,-0.10136151164770128,0.0,0.0,0.0,0.03829054273664961,-0.1686424195766456,0.3984306931495677,-0.04359356760978585,1.902082324028014,0.004847713559866747,-0.23639935851096994,-3.6653504848480196,0.11253243237733862,-0.4249435961246492,0.0,0.3051970958709711,-0.2160722613334658,0.12549333274364438,0.17934678699821452,0.0881711758673211,0.0,-0.07574933394789746,-0.29808030426502313,-0.39324251413345446,0.20385788083076364,-0.16651110947132025,-0.4165633022785189,0.21342978924512995,0.5852031707763672,0.4415663182735445,0.0222013130784022,0.0,0.0,0.0,-0.28627222776412964,-0.5916389226913452,-0.347242534160614,0.6689052581787109,-0.28627222776412964,-0.5916389226913452,-0.347242534160614,0.6689052581787109,-0.3533230125904083,-0.6674177050590515,-0.2793182134628296,0.593041181564331,-0.35115939378738403,-0.6684313416481018,-0.27689990401268005,0.5943173170089722,-0.3341466188430786,-0.6770954132080078,-0.29185405373573303,0.5871193408966064,-0.30827993154525757,-0.6250979900360107,-0.3190595805644989,0.6421970129013062,-0.2799912989139557,-0.5681400299072266,-0.3441515564918518,0.6930955648422241,-0.33277076482772827,-0.5398092269897461,-0.38711997866630554,0.6693338751792908,-0.33277076482772827,-0.5398092269897461,-0.38711997866630554,0.6693338751792908,-0.30676475167274475,-0.6768141984939575,-0.33164283633232117,0.5812323689460754,-0.34527212381362915,-0.6528947949409485,-0.3765488266944885,0.5592195987701416,-0.36158961057662964,-0.6439964771270752,-0.3623603582382202,0.5685214996337891,-0.34951579570770264,-0.6250066757202148,-0.37402212619781494,0.5893325209617615,-0.2952858805656433,-0.5388393402099609,-0.41817301511764526,0.669021487236023,-0.23302188515663147,-0.5747342109680176,-0.36729106307029724,0.6931658387184143,-0.23302188515663147,-0.5747342109680176,-0.36729106307029724,0.6931658387184143,-0.28627222776412964,-0.5916389226913452,-0.347242534160614,0.6689052581787109,-0.24694499373435974,-0.5048190951347351,-0.37404903769493103,0.7377418875694275,0.11085271835327148,-0.6190654635429382,-0.10733819007873535,0.7700312733650208,0.13432729244232178,-0.6126381158828735,-0.1360074132680893,0.7668981552124023,0.10505367815494537,-0.783095121383667,-0.17785516381263733,0.5865947604179382,0.0786789208650589,-0.7857006788253784,-0.1661699414253235,0.590653657913208,0.0786789208650589,-0.7857006788253784,-0.1661699414253235,0.590653657913208,-0.19266998767852783,-0.43045270442962646,-0.4120163321495056,0.7796354293823242,-0.4673215448856354,-0.24756619334220886,-0.5419821739196777,0.6531285643577576,-0.48993632197380066,-0.18346485495567322,-0.4615646302700043,0.7164225578308105,-0.6532326340675354,-0.4773184657096863,-0.16410329937934875,0.5643795728683472,-0.6231974363327026,-0.5125133991241455,-0.18452061712741852,0.5611661076545715,-0.6231974363327026,-0.5125133991241455,-0.18452061712741852,0.5611661076545715,-0.28627222776412964,-0.5916389226913452,-0.347242534160614,0.6689052581787109
-0.2800000011920929,0.699999988079071,0.08693179488182068,-0.2892337739467621,-0.58928382396698,-0.34370699524879456,0.6715310215950012,-0.2516736686229706,0.009159961715340614,-0.05278943106532097,0.10224328935146332,0.17322540283203125,-0.16379429399967194,-0.25,-0.13016952574253082,0.045488905161619186,0.06738452613353729,0.28196102380752563,0.18892201781272888,0.0,0.23868417739868164,0.9241593480110168,-0.08572347462177277,-0.5064815878868103,0.05713110417127609,0.44467565417289734,-0.7503337264060974,0.257608562707901,-0.9477407932281494,-0.10377776622772217,0.0,0.0,0.0,0.049545761197805405,-0.2503296136856079,0.5169357657432556,0.0850374698638916,1.783908486366272,0.09487898275256154,-0.10969999432563782,-3.3440537452697754,0.13535186648368835,-0.44231411814689636,0.0,0.2426670342683792,-0.24212120473384857,0.08961885422468185,0.42529192473739386,0.31211254373192787,0.0,-0.13187214359641075,-0.39137718081474304,-0.5122138261795044,0.0765538215637207,-0.0683327466249466,-0.4420029819011688,0.3625219687819481,0.5871145129203796,0.4617762267589569,-0.12081272155046463,0.0,0.0,0.0,-0.2892337739467621,-0.58928382396698,-0.34370699524879456,0.6715310215950012,-0.2892337739467621,-0.58928382396698,-0.34370699524879456,0.6715310215950012,-0.34775564074516296,-0.6566378474235535,-0.28411251306533813,0.6059478521347046,-0.3449767827987671,-0.6579322218894958,-0.28110218048095703,0.6075342297554016,-0.32749268412590027,-0.6668075323104858,-0.29703807830810547,0.5999038815498352,-0.31188637018203735,-0.6352816820144653,-0.3133847117424011,0.6331935524940491,-0.283608078956604,-0.5781262516975403,-0.3391895294189453,0.6857747435569763,-0.3387577533721924,-0.5484409332275391,-0.3853466510772705,0.6602754592895508,-0.3387577533721924,-0.5484409332275391,-0.3853466510772705,0.6602754592895508,-0.30935341119766235,-0.6748892664909363,-0.327862948179245,0.5842353105545044,-0.3466964066028595,-0.652136504650116,-0.3710627555847168,0.5628783106803894,-0.36143791675567627,-0.6440830826759338,-0.35816553235054016,0.5711716413497925,-0.34916767477989197,-0.6244771480560303,-0.37013763189315796,0.5925440192222595,-0.29369398951530457,-0.5350207686424255,-0.4155283272266388,0.6744129657745361,-0.22877362370491028,-0.5718284845352173,-0.36321234703063965,0.6991077065467834,-0.22877362370491028,-0.5718284845352173,-0.36321234703063965,0.6991077065467834,-0.2892337739467621,-0.58928382396698,-0.34370699524879456,0.6715310215950012,-0.25074121356010437,-0.5031360387802124,-0.37060996890068054,0.739345133304596,0.1051626205444336,-0.6155926585197449,-0.10743968933820724,0.7735911011695862,0.13168038427829742,-0.6084483861923218,-0.1401398926973343,0.7699426412582397,0.10148724168539047,-0.7793965935707092,-0.18112675845623016,0.591129720211029,0.07580151408910751,-0.7818382382392883,-0.16955731809139252,0.5951751470565796,0.07580151408910751,-0.7818382382392883,-0.16955731809139252,0.5951751470565796,-0.19831348955631256,-0.4309956729412079,-0.4081977605819702,0.7799289226531982,-0.47030770778656006,-0.25144338607788086,-0.5377349853515625,0.6530145406723022,-0.4943085014820099,-0.18380260467529297,-0.45336052775382996,0.718567967414856,-0.6524745225906372,-0.47608044743537903,-0.15791970491409302,0.5680543184280396,-0.6217077970504761,-0.5120075941085815,-0.17902545630931854,0.5650464296340942,-0.6217077970504761,-0.5120075941085815,-0.17902545630931854,0.5650464296340942,-0.2892337739467621,-0.58928382396698,-0.34370699524879456,0.6715310215950012
-0.2800000011920929,0.699999988079071,0.08801245242357254,-0.29103630781173706,-0.5881931185722351,-0.33655938506126404,0.6753181219100952,-0.23250470757484426,0.009554702416062356,-0.052330194413661955,0.06677591875195488,0.17956677079200747,-0.16959084272384647,-0.25,-0.12765281796455383,0.05218351557850841,0.07304808199405673,0.2936440646648408,0.20208830237388617,0.0,0.23348746001720427,0.9098721504211426,-0.09923072606325156,-0.5043748021125793,0.05556317195296287,0.4428711175918579,-0.7439761042594909,0.2646332144737244,-0.9367250680923461,-0.1136359348893166,0.0,0.0,0.0,0.052238028496503844,-0.3372664630413059,0.5458383202552797,0.317447941005231,1.2886321902275064,0.049793815612792766,-0.030102902650832777,-2.401642584800716,0.24438176751136828,-0.3508220911025997,0.0,0.17256804704666107,0.10398983061313782,0.20575421303510716,0.520607960224152,0.5198335170745859,0.0,-0.20865038037300143,-0.5851667642593392,-0.6101030468940739,0.09382509440183648,-0.07437105774879459,-0.23093729019164946,0.3357374370098113,0.44558534026145874,0.5151822447776797,-0.3440701439976702,0.0,0.0,0.0,-0.29103630781173706,-0.5881931185722351,-0.33655938506126404,0.6753181219100952,-0.29103630781173706,-0.5881931185722351,-0.33655938506126404,0.6753181219100952,-0.3444806933403015,-0.6511194705963135,-0.28141582012176514,0.6149646043777466,-0.3415379822254181,-0.6524566411972046,-0.278302937746048,0.6166033744812012,-0.3243507742881775,-0.6611695289611816,-0.2943381071090698,0.6091112494468689,-0.3142755329608917,-0.6405014991760254,-0.3050030469894409,0.6308422088623047,-0.2856745719909668,-0.5813526511192322,-0.3319542407989502,0.6857300996780396,-0.34272223711013794,-0.5511586666107178,-0.3800030052661896,0.6590625047683716,-0.34272223711013794,-0.5511586666107178,-0.3800030052661896,0.6590625047683716,-0.3103163242340088,-0.6743212938308716,-0.3206762373447418,0.5883548259735107,-0.34720975160598755,-0.6524913907051086,-0.36303529143333435,0.5673674941062927,-0.36412015557289124,-0.6432190537452698,-0.348105251789093,0.5766355395317078,-0.3511843681335449,-0.6217228174209595,-0.3611745834350586,0.5997359752655029,-0.29460397362709045,-0.5272738933563232,-0.40868163108825684,0.6842296123504639,-0.2240411341190338,-0.5657892227172852,-0.35345107316970825,0.7104649543762207,-0.2240411341190338,-0.5657892227172852,-0.35345107316970825,0.7104649543762207,-0.29103630781173706,-0.5881931185722351,-0.33655938506126404,0.6753181219100952,-0.2542204260826111,-0.5035616159439087,-0.36315739154815674,0.7415621280670166,0.09746505320072174,-0.6119443774223328,-0.1049380674958229,0.7778257131576538,0.12794223427772522,-0.6039610505104065,-0.14302293956279755,0.7735673189163208,0.09721889346837997,-0.7753949761390686,-0.18289680778980255,0.5965399146080017,0.07231210917234421,-0.7776635885238647,-0.17147144675254822,0.6005064845085144,0.07231210917234421,-0.7776635885238647,-0.17147144675254822,0.6005064845085144,-0.20204174518585205,-0.4298192858695984,-0.40144699811935425,0.783118724822998,-0.4728590250015259,-0.2544950842857361,-0.5302137136459351,0.6561328768730164,-0.497856467962265,-0.18456855416297913,-0.44310393929481506,0.7223104238510132,-0.6500169038772583,-0.47543758153915405,-0.15082883834838867,0.5733128786087036,-0.6161827445030212,-0.5144890546798706,-0.17425209283828735,0.5703123211860657,-0.6161827445030212,-0.5144890546798706,-0.17425209283828735,0.5703123211860657,-0.29103630781173706,-0.5881931185722351,-0.33655938506126404,0.6753181219100952
-0.2800000011920929,0.699999988079071,0.08894779980182649,-0.29309946298599243,-0.587141752243042,-0.3305777907371521,0.6782886981964111,-0.21451576054096208,0.00941039454191922,-0.05264181792736055,0.03506416007876375,0.18721875250339517,-0.17540565133094793,-0.25,-0.12413786798715587,0.05775472819805148,0.07844811379909519,0.3001888871192932,0.21065905690193176,0.0,0.22931880354881284,0.8993246555328369,-0.11033601313829428,-0.5022084891796111,0.05304575935006138,0.4410383701324463,-0.738467812538147,0.27174010872840887,-0.9269738793373107,-0.12216189503669744,0.0,0.0,0.0,0.04967356920242298,-0.37981393933296165,0.519455450773238,0.4002022743225078,0.9230475783348074,0.003565576300024558,-0.00016397275030674563,-1.6607001066207856,0.3563867807388316,-0.2903752028942108,0.0,0.1557826519012459,0.30102857351303014,0.2752720683813093,0.4300054430961568,0.5204482793807946,0.0,-0.22899404168128884,-0.6021687507629365,-0.603303599357603,0.10712509602308277,-0.10688101351261214,-0.09107314795255664,0.2924011677503579,0.3536998331546784,0.512850159406661,-0.45294216275215043,0.0,0.0,0.0,-0.29309946298599243,-0.587141752243042,-0.3305777907371521,0.6782886981964111,-0.29309946298599243,-0.587141752243042,-0.3305777907371521,0.6782886981964111,-0.3418782651424408,-0.6457784175872803,-0.27958378195762634,0.6228340864181519,-0.3389453589916229,-0.647086501121521,-0.2765407860279083,0.6244359016418457,-0.3217998147010803,-0.6557818055152893,-0.2928808033466339,0.6169408559799194,-0.3166095018386841,-0.6448683738708496,-0.298473060131073,0.6283447742462158,-0.28732672333717346,-0.5833107233047485,-0.32676267623901367,0.6858702898025513,-0.3462987244129181,-0.5524489879608154,-0.37659868597984314,0.6580660343170166,-0.3462987244129181,-0.5524489879608154,-0.37659868597984314,0.6580660343170166,-0.3116769790649414,-0.6737024188041687,-0.3145886957645416,0.5916218757629395,-0.3477734327316284,-0.6528880000114441,-0.35577327013015747,0.5711535215377808,-0.36648109555244446,-0.6425759792327881,-0.33913323283195496,0.5811854004859924,-0.3529071807861328,-0.6192872524261475,-0.353245347738266,0.6059353947639465,-0.2961132228374481,-0.5217208862304688,-0.4020423889160156,0.6917269229888916,-0.22174793481826782,-0.5610988736152649,-0.3449628949165344,0.719024658203125,-0.22174793481826782,-0.5610988736152649,-0.3449628949165344,0.719024658203125,-0.29309946298599243,-0.587141752243042,-0.3305777907371521,0.6782886981964111,-0.2576451301574707,-0.5037329196929932,-0.3569999933242798,0.7432518005371094,0.09102786332368851,-0.6088352203369141,-0.10255758464336395,0.7813549041748047,0.1247461810708046,-0.6001959443092346,-0.14508803188800812,0.7766290307044983,0.09369515627622604,-0.7719181776046753,-0.18399953842163086,0.6012553572654724,0.06998036801815033,-0.7740076184272766,-0.17294743657112122,0.6050653457641602,0.06998036801815033,-0.7740076184272766,-0.17294743657112122,0.6050653457641602,-0.20576977729797363,-0.4288761615753174,-0.39587223529815674,0.7854993343353271,-0.47538912296295166,-0.25709792971611023,-0.5239726305007935,0.6582996845245361,-0.5013115406036377,-0.18486016988754272,-0.4341965615749359,0.7252495288848877,-0.6482346057891846,-0.4743465185165405,-0.14457601308822632,0.5778278708457947,-0.6117718815803528,-0.5161066055297852,-0.17002128064632416,0.5748580694198608,-0.6117718815803528,-0.5161066055297852,-0.17002128064632416,0.5748580694198608,-0.29309946298599243,-0.587141752243042,-0.3305777907371521,0.6782886981964111
-0.2800000011920929,0.699999988079071,0.08959252685308457,-0.2957134246826172,-0.5862287282943726,-0.32696259021759033,0.6796947121620178,-0.19888684153556802,0.008187989518046362,-0.05449516177177432,0.010863625258207,0.19749196171760572,-0.18125697970390328,-0.25,-0.11862643361091607,0.061079145222902344,0.08332109749317175,0.2964572727680206,0.21003875136375427,0.0,0.2272062689065933,0.8962565660476685,-0.11663737148046502,-0.49992312192916866,0.048629385977983414,0.4391492009162903,-0.7346581816673279,0.27901148796081554,-0.9197517633438109,-0.12802343815565118,0.0,0.0,0.0,0.036595656722783865,-0.33358266949653564,0.38250173330306825,0.18364429473876664,0.8168463349342332,-0.04494879432022636,-0.06954138316214177,-1.3226949930190994,0.47434201836586154,-0.2920185923576355,0.0,0.24562444090843322,0.19992277622222765,0.25155489444732637,-0.03243417739868781,0.1068506121635382,0.0,-0.13646855950355405,-0.2655955433845475,-0.3871268153190584,0.11248254030942924,-0.1923342436552059,-0.09361212700605395,0.21596143841743365,0.361101657152176,0.39904186725616303,-0.3330433964729293,0.0,0.0,0.0,-0.2957134246826172,-0.5862287282943726,-0.32696259021759033,0.6796947121620178,-0.2957134246826172,-0.5862287282943726,-0.32696259021759033,0.6796947121620178,-0.34068232774734497,-0.6409081220626831,-0.2795313000679016,0.628517746925354,-0.33810773491859436,-0.6420468688011169,-0.2769036889076233,0.6299073696136475,-0.3204919695854187,-0.6510190963745117,-0.2939642071723938,0.6221286654472351,-0.31888413429260254,-0.6476333141326904,-0.295696496963501,0.6256577968597412,-0.28818178176879883,-0.5827963352203369,-0.3256954550743103,0.6864562034606934,-0.3491271436214447,-0.5509291887283325,-0.3771039545536041,0.6575561165809631,-0.3491271436214447,-0.5509291887283325,-0.3771039545536041,0.6575561165809631,-0.3138646185398102,-0.6730502247810364,-0.31073230504989624,0.5932434797286987,-0.3484780788421631,-0.653443455696106,-0.35008445382118225,0.5735987424850464,-0.36826997995376587,-0.6424996256828308,-0.3324059247970581,0.5840187072753906,-0.35411298274993896,-0.61761474609375,-0.3474571704864502,0.6102701425552368,-0.2989102303981781,-0.5207163095474243,-0.3959425687789917,0.6947925090789795,-0.22443117201328278,-0.5593534111976624,-0.3391759991645813,0.7222977876663208,-0.22443117201328278,-0.5593534111976624,-0.3391759991645813,0.7222977876663208,-0.2957134246826172,-0.5862287282943726,-0.32696259021759033,0.6796947121620178,-0.2609874904155731,-0.5034484267234802,-0.3534713387489319,0.7439645528793335,0.08712560683488846,-0.606891930103302,-0.10043443739414215,0.7835841774940491,0.12264511734247208,-0.5979258418083191,-0.1455291211605072,0.7786296010017395,0.09167013317346573,-0.7695659399032593,-0.18378524482250214,0.6046386957168579,0.06997069716453552,-0.7714611291885376,-0.1735628843307495,0.6081345081329346,0.06997069716453552,-0.7714611291885376,-0.1735628843307495,0.6081345081329346,-0.20951786637306213,-0.4284433126449585,-0.39269059896469116,0.7863414287567139,-0.47793474793434143,-0.25883418321609497,-0.5203570127487183,0.6586439609527588,-0.5046733617782593,-0.18423748016357422,-0.428070604801178,0.7267166376113892,-0.6478795409202576,-0.4724150002002716,-0.1400173008441925,0.5809229016304016,-0.6096693277359009,-0.5160632133483887,-0.16689833998680115,0.5780370235443115,-0.6096693277359009,-0.5160632133483887,-0.16689833998680115,0.5780370235443115,-0.2957134246826172,-0.5862287282943726,-0.32696259021759033,0.6796947121620178
