base_x,base_y,base_z,base_qx,base_qy,base_qz,base_qw,J00_HIP_PITCH_L,J01_HIP_ROLL_L,J02_HIP_YAW_L,J03_KNEE_PITCH_L,J04_ANKLE_PITCH_L,J05_ANKLE_ROLL_L,J06_HIP_PITCH_R,J07_HIP_ROLL_R,J08_HIP_YAW_R,J09_KNEE_PITCH_R,J10_ANKLE_PITCH_R,J11_ANKLE_ROLL_R,J12_WAIST_YAW,J13_SHOULDER_PITCH_L,J14_SHOULDER_ROLL_L,J15_SHOULDER_YAW_L,J16_ELBOW_PITCH_L,J17_ELBOW_YAW_L,J18_SHOULDER_PITCH_R,J19_SHOULDER_ROLL_R,J20_SHOULDER_YAW_R,J21_ELBOW_PITCH_R,J22_ELBOW_YAW_R,J23_HEAD_YAW,base_vx,base_vy,base_vz,base_wx,base_wy,base_wz,dJ00_HIP_PITCH_L,dJ01_HIP_ROLL_L,dJ02_HIP_YAW_L,dJ03_KNEE_PITCH_L,dJ04_ANKLE_PITCH_L,dJ05_ANKLE_ROLL_L,dJ06_HIP_PITCH_R,dJ07_HIP_ROLL_R,dJ08_HIP_YAW_R,dJ09_KNEE_PITCH_R,dJ10_ANKLE_PITCH_R,dJ11_ANKLE_ROLL_R,dJ12_WAIST_YAW,dJ13_SHOULDER_PITCH_L,dJ14_SHOULDER_ROLL_L,dJ15_SHOULDER_YAW_L,dJ16_ELBOW_PITCH_L,dJ17_ELBOW_YAW_L,dJ18_SHOULDER_PITCH_R,dJ19_SHOULDER_ROLL_R,dJ20_SHOULDER_YAW_R,dJ21_ELBOW_PITCH_R,dJ22_ELBOW_YAW_R,dJ23_HEAD_YAW,left_foot_contact,right_foot_contact,base_quat_x,base_quat_y,base_quat_z,base_quat_w,LINK_BASE_qx,LINK_BASE_qy,LINK_BASE_qz,LINK_BASE_qw,LINK_HIP_PITCH_L_qx,LINK_HIP_PITCH_L_qy,LINK_HIP_PITCH_L_qz,LINK_HIP_PITCH_L_qw,LINK_HIP_ROLL_L_qx,LINK_HIP_ROLL_L_qy,LINK_HIP_ROLL_L_qz,LINK_HIP_ROLL_L_qw,LINK_HIP_YAW_L_qx,LINK_HIP_YAW_L_qy,LINK_HIP_YAW_L_qz,LINK_HIP_YAW_L_qw,LINK_KNEE_PITCH_L_qx,LINK_KNEE_PITCH_L_qy,LINK_KNEE_PITCH_L_qz,LINK_KNEE_PITCH_L_qw,LINK_ANKLE_PITCH_L_qx,LINK_ANKLE_PITCH_L_qy,LINK_ANKLE_PITCH_L_qz,LINK_ANKLE_PITCH_L_qw,LINK_ANKLE_ROLL_L_qx,LINK_ANKLE_ROLL_L_qy,LINK_ANKLE_ROLL_L_qz,LINK_ANKLE_ROLL_L_qw,LINK_FOOT_L_qx,LINK_FOOT_L_qy,LINK_FOOT_L_qz,LINK_FOOT_L_qw,LINK_HIP_PITCH_R_qx,LINK_HIP_PITCH_R_qy,LINK_HIP_PITCH_R_qz,LINK_HIP_PITCH_R_qw,LINK_HIP_ROLL_R_qx,LINK_HIP_ROLL_R_qy,LINK_HIP_ROLL_R_qz,LINK_HIP_ROLL_R_qw,LINK_HIP_YAW_R_qx,LINK_HIP_YAW_R_qy,LINK_HIP_YAW_R_qz,LINK_HIP_YAW_R_qw,LINK_KNEE_PITCH_R_qx,LINK_KNEE_PITCH_R_qy,LINK_KNEE_PITCH_R_qz,LINK_KNEE_PITCH_R_qw,LINK_ANKLE_PITCH_R_qx,LINK_ANKLE_PITCH_R_qy,LINK_ANKLE_PITCH_R_qz,LINK_ANKLE_PITCH_R_qw,LINK_ANKLE_ROLL_R_qx,LINK_ANKLE_ROLL_R_qy,LINK_ANKLE_ROLL_R_qz,LINK_ANKLE_ROLL_R_qw,LINK_FOOT_R_qx,LINK_FOOT_R_qy,LINK_FOOT_R_qz,LINK_FOOT_R_qw,LINK_TORSO_YAW_qx,LINK_TORSO_YAW_qy,LINK_TORSO_YAW_qz,LINK_TORSO_YAW_qw,LINK_SHOULDER_PITCH_L_qx,LINK_SHOULDER_PITCH_L_qy,LINK_SHOULDER_PITCH_L_qz,LINK_SHOULDER_PITCH_L_qw,LINK_SHOULDER_ROLL_L_qx,LINK_SHOULDER_ROLL_L_qy,LINK_SHOULDER_ROLL_L_qz,LINK_SHOULDER_ROLL_L_qw,LINK_SHOULDER_YAW_L_qx,LINK_SHOULDER_YAW_L_qy,LINK_SHOULDER_YAW_L_qz,LINK_SHOULDER_YAW_L_qw,LINK_ELBOW_PITCH_L_qx,LINK_ELBOW_PITCH_L_qy,LINK_ELBOW_PITCH_L_qz,LINK_ELBOW_PITCH_L_qw,LINK_ELBOW_YAW_L_qx,LINK_ELBOW_YAW_L_qy,LINK_ELBOW_YAW_L_qz,LINK_ELBOW_YAW_L_qw,LINK_ELBOW_END_L_qx,LINK_ELBOW_END_L_qy,LINK_ELBOW_END_L_qz,LINK_ELBOW_END_L_qw,LINK_SHOULDER_PITCH_R_qx,LINK_SHOULDER_PITCH_R_qy,LINK_SHOULDER_PITCH_R_qz,LINK_SHOULDER_PITCH_R_qw,LINK_SHOULDER_ROLL_R_qx,LINK_SHOULDER_ROLL_R_qy,LINK_SHOULDER_ROLL_R_qz,LINK_SHOULDER_ROLL_R_qw,LINK_SHOULDER_YAW_R_qx,LINK_SHOULDER_YAW_R_qy,LINK_SHOULDER_YAW_R_qz,LINK_SHOULDER_YAW_R_qw,LINK_ELBOW_PITCH_R_qx,LINK_ELBOW_PITCH_R_qy,LINK_ELBOW_PITCH_R_qz,LINK_ELBOW_PITCH_R_qw,LINK_ELBOW_YAW_R_qx,LINK_ELBOW_YAW_R_qy,LINK_ELBOW_YAW_R_qz,LINK_ELBOW_YAW_R_qw,LINK_ELBOW_END_R_qx,LINK_ELBOW_END_R_qy,LINK_ELBOW_END_R_qz,LINK_ELBOW_END_R_qw,LINK_HEAD_YAW_qx,LINK_HEAD_YAW_qy,LINK_HEAD_YAW_qz,LINK_HEAD_YAW_qw
0.00025204793200828135,-0.00016484051593579352,0.8246051669120789,0.010178467258810997,0.08580972999334335,-0.0035949270240962505,0.9962530732154846,-0.2133142352104187,0.0557723194360733,0.17740829288959503,0.11085950583219528,-0.20929841697216034,-0.034245774149894714,-0.21194468438625336,-0.10384727269411087,-0.21787463128566742,0.11884186416864395,-0.15313564240932465,0.14141042530536652,0.0,0.008243069984018803,0.2955608069896698,-0.48490941524505615,-0.5844786167144775,0.0015636051539331675,0.05151931941509247,-0.368869423866272,0.4671218991279602,-0.6583388447761536,0.05217356979846954,0.0,-0.015384156256914139,0.010070542804896832,-0.0012266634730622172,-0.03594542294740677,-0.09414790570735931,-0.08894047141075134,0.1407364010810852,0.021911969408392906,0.24389727413654327,-0.058549489825963974,0.050805505365133286,-0.048121172934770584,0.10270356386899948,0.0355781614780426,0.07177679985761642,-0.07369189709424973,0.13098478317260742,0.05835100635886192,0.0,0.13175487518310547,0.08852630108594894,-0.21078048646450043,-0.06641685962677002,-0.13157868385314941,0.18039195239543915,-0.23819176852703094,0.044990476220846176,-0.3403061330318451,0.1388382911682129,0.0,0.0,0.0,0.010178467258810997,0.08580972999334335,-0.0035949270240962505,0.9962530732154846,0.010178467258810997,0.08580972999334335,-0.0035949270240962505,0.9962530732154846,0.012115249410271645,-0.01740068756043911,0.02282821200788021,0.9995145201683044,0.03997954726219177,-0.016757413744926453,0.023304512724280357,0.9987881183624268,0.03833786025643349,-0.020233232527971268,0.11169339716434479,0.992796778678894,0.032091010361909866,0.03480014577507973,0.11364582180976868,0.9923929572105408,0.04378670081496239,-0.06905391812324524,0.10967192053794861,0.9905989766120911,0.026819195598363876,-0.07092160731554031,0.10847350209951401,0.9912034869194031,0.026819195598363876,-0.07092160731554031,0.10847350209951401,0.9912034869194031,0.007404917851090431,-0.016180116683244705,-0.031888458877801895,0.9993330240249634,-0.04447075352072716,-0.014503289945423603,-0.032685235142707825,0.9983705282211304,-0.04263031482696533,-0.019252264872193336,-0.14103630185127258,0.988898754119873,-0.03417949751019478,0.03950842469930649,-0.1433190256357193,0.9882967472076416,-0.045042261481285095,-0.036205142736434937,-0.14028462767601013,0.9884232878684998,0.024898743256926537,-0.04602527245879173,-0.1373763531446457,0.9891357421875,0.024898743256926537,-0.04602527245879173,-0.1373763531446457,0.9891357421875,0.010178467258810997,0.08580972999334335,-0.0035949270240962505,0.9962530732154846,0.010215374641120434,0.08990434557199478,-0.003295204369351268,0.9958925843238831,0.15674233436584473,0.0884392186999321,-0.016497081145644188,0.983533501625061,0.13121548295021057,0.13823968172073364,-0.2493179440498352,0.9494802951812744,0.05071988329291344,-0.13805341720581055,-0.29354605078697205,0.944563090801239,0.050441842526197433,-0.13808844983577728,-0.2928518056869507,0.9447883367538452,0.050441842526197433,-0.13808844983577728,-0.2928518056869507,0.9447883367538452,0.01012872252613306,0.11140739172697067,-0.0049433172680437565,0.9937109351158142,-0.17228056490421295,0.11042448878288269,0.01557161845266819,0.978715181350708,-0.1423225849866867,0.16144396364688873,0.23871518671512604,0.9469398856163025,-0.05522465705871582,-0.15004517138004303,0.29117727279663086,0.943213939666748,-0.06477516144514084,-0.14869830012321472,0.31412848830223083,0.9354230761528015,-0.06477516144514084,-0.14869830012321472,0.31412848830223083,0.9354230761528015,0.010178467258810997,0.08580972999334335,-0.0035949270240962505,0.9962530732154846
-5.5635214084759365e-05,3.6570348311215655e-05,0.8245806336402893,0.009900055825710297,0.08486136049032211,-0.00450225779786706,0.9963334798812866,-0.210499507188797,0.056210558861494064,0.18228623867034913,0.1096885159611702,-0.20828230679035187,-0.03520819768309593,-0.20989061295986175,-0.10313570946455002,-0.2164390951395035,0.11736802607774735,-0.1505159467458725,0.14257744550704957,0.0,0.010878167673945427,0.2973313331604004,-0.4891250252723694,-0.585806953907013,-0.0010679687839001417,0.055127158761024475,-0.37363325953483584,0.4680217087268829,-0.665144968032837,0.0549503356218338,0.0,-0.015384156256914139,0.010070542804896832,-0.0012266634730622172,-0.03594542294740677,-0.09414790570735931,-0.08894047141075134,0.1407364010810852,0.021911969408392906,0.24389727413654327,-0.058549489825963974,0.050805505365133286,-0.048121172934770584,0.10270356386899948,0.0355781614780426,0.07177679985761642,-0.07369189709424973,0.13098478317260742,0.05835100635886192,0.0,0.13175487518310547,0.08852630108594894,-0.21078048646450043,-0.06641685962677002,-0.13157868385314941,0.18039195239543915,-0.23819176852703094,0.044990476220846176,-0.3403061330318451,0.1388382911682129,0.0,0.0,0.0,0.009900055825710297,0.08486136049032211,-0.00450225779786706,0.9963334798812866,0.009900055825710297,0.08486136049032211,-0.00450225779786706,0.9963334798812866,0.011696824803948402,-0.016981296241283417,0.02160833775997162,0.999553918838501,0.039781250059604645,-0.016367539763450623,0.02207694761455059,0.9988304376602173,0.03812699392437935,-0.019920069724321365,0.11289586126804352,0.992675244808197,0.03188154101371765,0.034525174647569656,0.11481620371341705,0.9922745823860168,0.04364389926195145,-0.06881184875965118,0.11087993532419205,0.9904876947402954,0.026201430708169937,-0.07075342535972595,0.10965152084827423,0.9911025166511536,0.026201430708169937,-0.07075342535972595,0.10965152084827423,0.9911025166511536,0.007089676335453987,-0.016149483621120453,-0.0324920117855072,0.9993162751197815,-0.04442951828241348,-0.014453360810875893,-0.03328125923871994,0.9983534812927246,-0.04263031482696533,-0.019252264872193336,-0.14103630185127258,0.988898754119873,-0.034270234405994415,0.038865797221660614,-0.14317356050014496,0.9883400797843933,-0.04493812471628189,-0.03555448353290558,-0.14019162952899933,0.988464891910553,0.025582754984498024,-0.04544977843761444,-0.13730332255363464,0.9891549348831177,0.025582754984498024,-0.04544977843761444,-0.13730332255363464,0.9891549348831177,0.009900055825710297,0.08486136049032211,-0.00450225779786706,0.9963334798812866,0.009954065084457397,0.09026514738798141,-0.004108411725610495,0.9958595037460327,0.1573496311903,0.08866043388843536,-0.017433185130357742,0.9834004640579224,0.13150714337825775,0.13900139927864075,-0.2521640360355377,0.948576807975769,0.049974068999290466,-0.13767936825752258,-0.2964108884334564,0.9437625408172607,0.05016355961561203,-0.13765765726566315,-0.2968846559524536,0.9436067342758179,0.05016355961561203,-0.13765765726566315,-0.2968846559524536,0.9436067342758179,0.009874437004327774,0.11225110292434692,-0.0059527186676859856,0.9936131238937378,-0.17484277486801147,0.11140494048595428,0.015001079067587852,0.9781584739685059,-0.14451350271701813,0.1630738079547882,0.23841498792171478,0.946404218673706,-0.05640951544046402,-0.1514774113893509,0.29198724031448364,0.9426642656326294,-0.06650445610284805,-0.15002873539924622,0.3161281645298004,0.9344152212142944,-0.06650445610284805,-0.15002873539924622,0.3161281645298004,0.9344152212142944,0.009900055825710297,0.08486136049032211,-0.00450225779786706,0.9963334798812866
-0.00025079944462049755,0.00028151071164757014,0.8245352149009705,0.00960314366966486,0.08415487408638,-0.005470172502100468,0.9963914155960083,-0.2083769828081131,0.05672753155231476,0.1868940681219101,0.10911425352096557,-0.208166766166687,-0.03599200546741486,-0.20840925872325897,-0.10243219584226608,-0.21473224759101867,0.11616599708795547,-0.1486226111650467,0.14355678260326385,0.0,0.01283993385732174,0.29881367087364197,-0.4934637188911438,-0.586155641078949,-0.0036885123234242203,0.057391457259655,-0.3777306258678436,0.46970453262329104,-0.6703104615211487,0.057006727904081345,0.0,-0.01200858913362026,0.011376427859067917,-0.0018532274989411235,-0.03727032095193863,-0.07953261882066727,-0.09233471006155014,0.11997029185295105,0.02427396774291992,0.23579378426074982,-0.040647668391466135,0.02378842160105705,-0.0427627008408308,0.08552204966545104,0.03533667325973511,0.07991614192724228,-0.06553762555122375,0.10919398069381714,0.05272051356732845,0.0,0.11155493110418319,0.07988064810633659,-0.21447299420833588,-0.037027359008789056,-0.13124777376651764,0.14008572995662688,-0.21819769144058226,0.0684809021651745,-0.2910872459411621,0.11722708493471146,0.0,0.0,0.0,0.00960314366966486,0.08415487408638,-0.005470172502100468,0.9963914155960083,0.00960314366966486,0.08415487408638,-0.005470172502100468,0.9963914155960083,0.011266943998634815,-0.016653848811984062,0.02041478455066681,0.9995893836021423,0.03961073234677315,-0.016068359836935997,0.020878857001662254,0.9988678097724915,0.03793863207101822,-0.019694261252880096,0.11399322003126144,0.9925615787506104,0.03166601061820984,0.03445947542786598,0.11589237302541733,0.9921586513519287,0.04353567212820053,-0.06880784034729004,0.11197526752948761,0.990369439125061,0.025706907734274864,-0.07081179320812225,0.11071889847517014,0.990992546081543,0.025706907734274864,-0.07081179320812225,0.11071889847517014,0.990992546081543,0.006735961884260178,-0.01615239679813385,-0.03322957456111908,0.9992945194244385,-0.04443047195672989,-0.01443022582679987,-0.03401290252804756,0.9983290433883667,-0.042593926191329956,-0.01911112479865551,-0.14083771407604218,0.9889313578605652,-0.03433071821928024,0.038437370210886,-0.1430765688419342,0.9883688688278198,-0.04486868903040886,-0.035120703279972076,-0.14012959599494934,0.9884923100471497,0.026038752868771553,-0.045066095888614655,-0.13725456595420837,0.9891674518585205,0.026038752868771553,-0.045066095888614655,-0.13725456595420837,0.9891674518585205,0.00960314366966486,0.08415487408638,-0.005470172502100468,0.9963914155960083,0.009672064334154129,0.09053340554237366,-0.00500691682100296,0.9958338141441345,0.15779578685760498,0.08877931535243988,-0.0184271652251482,0.9833001494407654,0.13165968656539917,0.13963688910007477,-0.2551320195198059,0.9476683139801025,0.049205366522073746,-0.1369680017232895,-0.29929906129837036,0.9429945349693298,0.049858540296554565,-0.13689126074314117,-0.3009340763092041,0.9424509406089783,0.049858540296554565,-0.13689126074314117,-0.3009340763092041,0.9424509406089783,0.009604114107787609,0.11266937106847763,-0.0069879828952252865,0.9935616254806519,-0.17710240185260773,0.11197854578495026,0.01428920030593872,0.9776968955993652,-0.14644330739974976,0.1643214225769043,0.238369420170784,0.9459031820297241,-0.05750013515353203,-0.1525178849697113,0.2928617000579834,0.9421591758728027,-0.06799755990505219,-0.15098904073238373,0.3178793489933014,0.9335585236549377,-0.06799755990505219,-0.15098904073238373,0.3178793489933014,0.9335585236549377,0.00960314366966486,0.08415487408638,-0.005470172502100468,0.9963914155960083
-0.00022092584404163063,0.0006135100731626153,0.824448025226593,0.009269257076084614,0.08393236249685287,-0.006559263914823532,0.9964067339897156,-0.20763886570930482,0.057401970773935315,0.19096166491508484,0.10973344594240189,-0.2098523646593094,-0.03641858175396919,-0.20807333886623383,-0.10174478143453598,-0.21248277723789216,0.11550758630037308,-0.14818199574947358,0.14416075348854065,0.0,0.013455037027597427,0.2997196316719055,-0.49804857969284055,-0.5845450282096862,-0.006286995066329837,0.056968674063682556,-0.3804950535297394,0.4729533851146698,-0.6721946954727173,0.05762237310409546,0.0,-0.0018818877637386336,0.015294083021581173,-0.0037329195765778422,-0.04124501496553421,-0.03568675816059113,-0.10251742601394653,0.057671964168548584,0.03135996274650097,0.21148331463336945,0.013057795912027353,-0.057262829691171635,-0.02668728455901146,0.03397750705480576,0.03461220860481262,0.10433416813611984,-0.04107481092214585,0.04382157325744629,0.035829035192728044,0.0,0.05095509886741639,0.053943689167499545,-0.22555051743984222,0.051141142845153795,-0.13025504350662231,0.019167062640190136,-0.15821546018123628,0.1389521799981594,-0.14343058466911318,0.05239346623420715,0.0,0.0,0.0,0.009269257076084614,0.08393236249685287,-0.006559263914823532,0.9964067339897156,0.009269257076084614,0.08393236249685287,-0.006559263914823532,0.9964067339897156,0.010814178735017776,-0.016510330140590668,0.019273925572633743,0.9996194243431091,0.03949585556983948,-0.01595059596002102,0.019739767536520958,0.9988974332809448,0.03779537230730057,-0.019643200561404228,0.11488056927919388,0.9924657344818115,0.03143841400742531,0.03481236845254898,0.1167803406715393,0.9920494556427002,0.043496690690517426,-0.06928011029958725,0.11284545063972473,0.9902393817901611,0.0254589281976223,-0.0713234394788742,0.1115652322769165,0.9908673763275146,0.0254589281976223,-0.0713234394788742,0.1115652322769165,0.9908673763275146,0.006305302493274212,-0.016222389414906502,-0.034235164523124695,0.9992622137069702,-0.04451579600572586,-0.01446068286895752,-0.03501579165458679,0.9982901215553284,-0.042593926191329956,-0.01911112479865551,-0.14083771407604218,0.9889313578605652,-0.03433071821928024,0.038437370210886,-0.1430765688419342,0.9883688688278198,-0.04486868903040886,-0.035120703279972076,-0.14012959599494934,0.9884923100471497,0.026038752868771553,-0.045066095888614655,-0.13725456595420837,0.9891674518585205,0.026038752868771553,-0.045066095888614655,-0.13725456595420837,0.9891674518585205,0.009269257076084614,0.08393236249685287,-0.006559263914823532,0.9964067339897156,0.009348688647150993,0.0906166136264801,-0.006076019257307053,0.9958234429359436,0.15791986882686615,0.08869361877441406,-0.019536921754479408,0.9832664728164673,0.1315350979566574,0.14002113044261932,-0.25834590196609497,0.9467576742172241,0.04839133471250534,-0.13558316230773926,-0.3022363781929016,0.9422996640205383,0.04950089380145073,-0.1354559361934662,-0.30502140522003174,0.9413625597953796,0.04950089380145073,-0.1354559361934662,-0.30502140522003174,0.9413625597953796,0.009301737882196903,0.11223704367876053,-0.008074989542365074,0.9936051368713379,-0.17875878512859344,0.11173971742391586,0.013294816017150879,0.977436900138855,-0.14785251021385193,0.16480639576911926,0.23883578181266785,0.9454818964004517,-0.05840262398123741,-0.15277576446533203,0.2938668131828308,0.941748857498169,-0.06901924312114716,-0.1512112319469452,0.3191381096839905,0.933017909526825,-0.06901924312114716,-0.1512112319469452,0.3191381096839905,0.933017909526825,0.009269257076084614,0.08393236249685287,-0.006559263914823532,0.9964067339897156
0.00011031249014195057,0.0007620110409334302,0.8243701815605163,0.009090390056371689,0.08392882347106934,-0.007555740885436535,0.9964016675949097,-0.2070133775472641,0.05802786350250244,0.194381645321846,0.11045010685920716,-0.21203531622886657,-0.036547614634037016,-0.20804029405117036,-0.1012270286679268,-0.21030721068382263,0.11540472656488418,-0.14886211454868317,0.14416171610355377,0.0,0.014111892879009246,0.3009531557559967,-0.5026699423789978,-0.5820294737815856,-0.007994485087692738,0.05667115598917007,-0.38284153342247007,0.4765030384063721,-0.674492871761322,0.05715817138552666,0.0,0.010534621984697878,0.011095016077160836,-0.004079103376716376,-0.03273391649127007,-0.007993140444159509,-0.10104279965162277,0.03352698385715484,0.03226556554436684,0.18395133316516876,0.03388367332518101,-0.09920050948858261,-0.0124025110155344,0.0077097415924072266,0.029280870407819747,0.11025639623403549,-0.016254007816314697,-0.011591254547238347,0.012108295783400534,0.0,0.0320077370852232,0.055124936252832414,-0.23033808171749115,0.10767887979745865,-0.10319434404373169,-0.017381204664707182,-0.1256829470396042,0.1714666336774826,-0.1066299632191658,-0.0016131464391946765,0.0,0.0,0.0,0.009090390056371689,0.08392882347106934,-0.007555740885436535,0.9964016675949097,0.009090390056371689,0.08392882347106934,-0.007555740885436535,0.9964016675949097,0.010532230138778687,-0.01620570756494999,0.018222887068986893,0.9996471405029297,0.03952743113040924,-0.015670448541641235,0.018685271963477135,0.9989209175109863,0.03782057762145996,-0.019432274624705315,0.11553026735782623,0.9923934936523438,0.031385865062475204,0.035374462604522705,0.11744174361228943,0.9919531345367432,0.04363764822483063,-0.0697917565703392,0.11346099525690079,0.9901270866394043,0.025537976995110512,-0.07185335457324982,0.11216676235198975,0.9907591342926025,0.025537976995110512,-0.07185335457324982,0.11216676235198975,0.9907591342926025,0.006027925759553909,-0.01621429994702339,-0.03520376980304718,0.9992305040359497,-0.04453277587890625,-0.014412647113204002,-0.0359790176153183,0.9982558488845825,-0.042765725404024124,-0.019096750766038895,-0.14063891768455505,0.9889525175094604,-0.03459218516945839,0.037910640239715576,-0.14286914467811584,0.9884101152420044,-0.04506264254450798,-0.035286083817481995,-0.13991987705230713,0.9885072708129883,0.026344239711761475,-0.045284997671842575,-0.13701075315475464,0.9891831278800964,0.026344239711761475,-0.045284997671842575,-0.13701075315475464,0.9891831278800964,0.009090390056371689,0.08392882347106934,-0.007555740885436535,0.9964016675949097,0.009180772118270397,0.09093933552503586,-0.007050110027194023,0.9957892894744873,0.15835511684417725,0.0888543501496315,-0.020603232085704803,0.9831602573394775,0.1316470354795456,0.14072421193122864,-0.26150885224342346,0.9457688927650452,0.047954827547073364,-0.13344445824623108,-0.30514466762542725,0.9416897892951965,0.04935742914676666,-0.1332859992980957,-0.3086850643157959,0.9404851198196411,0.04935742914676666,-0.1332859992980957,-0.3086850643157959,0.9404851198196411,0.009151005186140537,0.11208543926477432,-0.009068237617611885,0.9936151504516602,-0.18005527555942535,0.11176411062479019,0.01242220588028431,0.9772075414657593,-0.14882773160934448,0.16549912095069885,0.2395724356174469,0.945021390914917,-0.05874117091298103,-0.15302690863609314,0.2950091063976288,0.9413298964500427,-0.06927864253520966,-0.15147362649440765,0.32006359100341797,0.9326390027999878,-0.06927864253520966,-0.15147362649440765,0.32006359100341797,0.9326390027999878,0.009090390056371689,0.08392882347106934,-0.007555740885436535,0.9964016675949097
0.0005922331911278889,0.00081876281183213,0.8242970108985901,0.008989029563963413,0.08403472602367401,-0.008505905978381634,0.9963859915733337,-0.20644420385360718,0.05862948298454285,0.1974778175354004,0.1112155020236969,-0.21446694433689117,-0.03652787581086159,-0.2081586867570877,-0.10079410672187805,-0.20816859602928162,0.11557964235544205,-0.15010260045528412,0.14386117458343506,0.0,0.014789625070989132,0.3023504614830017,-0.5073095560073853,-0.5790614485740662,-0.009256478399038315,0.05643627047538757,-0.3849790394306183,0.4802030920982361,-0.6769980192184448,0.0561540462076664,0.0,0.024096035049296916,0.0028375880792737007,-0.003658532863482833,-0.017979921773076057,0.011624353006482124,-0.09373950213193893,0.02845868282020092,0.030080972239375114,0.15480859577655792,0.038269754499197006,-0.12158139795064926,0.000986941158771515,-0.00591963529586792,0.02164609543979168,0.10693072527647018,0.008745789527893066,-0.06202428974211216,-0.01502707414329052,0.0,0.033886607736349106,0.06986528635025024,-0.23198066651821136,0.14840124547481537,-0.06309965997934341,-0.011744274757802486,-0.10687529295682907,0.1850026696920395,-0.12525737285614014,-0.05020625330507755,0.0,0.0,0.0,0.008989029563963413,0.08403472602367401,-0.008505905978381634,0.9963859915733337,0.008989029563963413,0.08403472602367401,-0.008505905978381634,0.9963859915733337,0.010335681959986687,-0.015820525586605072,0.017216749489307404,0.9996731877326965,0.03963220492005348,-0.015309096314013004,0.017673060297966003,0.9989407062530518,0.037930019199848175,-0.019141415134072304,0.11606110632419586,0.9923329949378967,0.03142081946134567,0.03604114055633545,0.11798982322216034,0.991862952709198,0.04386856034398079,-0.07032306492328644,0.11394917964935303,0.990023136138916,0.025780528783798218,-0.07239238172769547,0.11264587193727493,0.9906591773033142,0.025780528783798218,-0.07239238172769547,0.11264587193727493,0.9906591773033142,0.0058271875604987144,-0.016167160123586655,-0.03615386039018631,0.9991984367370605,-0.04451555386185646,-0.014325357042253017,-0.0369223915040493,0.9982233643531799,-0.042786289006471634,-0.018872838467359543,-0.14043445885181427,0.988985002040863,-0.03460369631648064,0.038280125707387924,-0.14267125725746155,0.9884240627288818,-0.04520390182733536,-0.03594052419066429,-0.13967500627040863,0.9885119199752808,0.025955934077501297,-0.045885827392339706,-0.1367308348417282,0.989204466342926,0.025955934077501297,-0.045885827392339706,-0.1367308348417282,0.989204466342926,0.008989029563963413,0.08403472602367401,-0.008505905978381634,0.9963859915733337,0.009090577252209187,0.09138173609972,-0.007976689375936985,0.9957424998283386,0.15894578397274017,0.0891382172703743,-0.021647807210683823,0.9830167889595032,0.13187646865844727,0.14158588647842407,-0.2646448016166687,0.9447354674339294,0.04770665988326073,-0.1309276670217514,-0.3080357611179352,0.9411142468452454,0.049320612102746964,-0.13074755668640137,-0.3121340870857239,0.9397046566009521,0.049320612102746964,-0.13074755668640137,-0.3121340870857239,0.9397046566009521,0.009076089598238468,0.11207414418458939,-0.010014601051807404,0.9936079382896423,-0.1811717450618744,0.1119200736284256,0.011610480956733227,0.9769933223724365,-0.1495857685804367,0.16629555821418762,0.24044398963451385,0.9445403814315796,-0.05879770219326019,-0.1532745510339737,0.29621970653533936,0.940905749797821,-0.06915691494941711,-0.1517561376094818,0.32082250714302063,0.9323412775993347,-0.06915691494941711,-0.1517561376094818,0.32082250714302063,0.9323412775993347,0.008989029563963413,0.08403472602367401,-0.008505905978381634,0.9963859915733337
0.0006476789014413952,0.0008862061891704798,0.8242538809776306,0.009005232714116573,0.08359771966934204,-0.009932920336723328,0.9964094161987305,-0.20598990917205812,0.05941093787550926,0.1999722898006439,0.1136632189154625,-0.2173418253660202,-0.03596032485365867,-0.208392870426178,-0.10055501908063888,-0.2046414464712143,0.11656919419765473,-0.1519063949584961,0.1426852226257324,0.0,0.016370102763175964,0.3036389410495758,-0.5105344295501709,-0.577638840675354,-0.010371206142008305,0.05543050467967987,-0.38726526498794556,0.48509554862976073,-0.6815734028816223,0.05684256926178932,0.0,0.01130178458988667,0.003158336505293846,-0.002757310774177313,-0.013654132746160032,-0.020832678675651542,-0.12311267256736755,0.025012312456965446,0.035476033389568326,0.13675760179758073,0.08873940631747244,-0.13487898111343383,0.017421304062008855,-0.009393363445997237,0.015831066854298116,0.148586767911911,0.03318486884236335,-0.07892354726791381,-0.04128938596695661,0.0,0.06096897274255751,0.066600501537323,-0.18953846395015717,0.10203873515129092,-0.05868169516324997,-0.034870680980384344,-0.11133687943220139,0.22077475488185883,-0.18736445009708402,0.0005731917917728285,0.0,0.0,0.0,0.009005232714116573,0.08359771966934204,-0.009932920336723328,0.9964094161987305,0.009005232714116573,0.08359771966934204,-0.009932920336723328,0.9964094161987305,0.010195830836892128,-0.016038034111261368,0.015739787369966507,0.9996955394744873,0.039883390069007874,-0.015563851222395897,0.016209255903959274,0.9989515542984009,0.037930019199848175,-0.019141415134072304,0.11606110632419586,0.9923329949378967,0.03148892521858215,0.03693018853664398,0.11782222986221313,0.9918479919433594,0.044081635773181915,-0.07086068391799927,0.11371186375617981,0.9900026321411133,0.026275061070919037,-0.07289373129606247,0.11241957545280457,0.9906352162361145,0.026275061070919037,-0.07289373129606247,0.11241957545280457,0.9906352162361145,0.005708005279302597,-0.016716549172997475,-0.03760632872581482,0.9991365671157837,-0.04451214522123337,-0.014805587939918041,-0.03839888423681259,0.9981608390808105,-0.042786289006471634,-0.018872838467359543,-0.14043445885181427,0.988985002040863,-0.03460369631648064,0.038280125707387924,-0.14267125725746155,0.9884240627288818,-0.045236967504024506,-0.036745406687259674,-0.1393750011920929,0.9885231256484985,0.025342106819152832,-0.0465870127081871,-0.1364014744758606,0.9892330169677734,0.025342106819152832,-0.0465870127081871,-0.1364014744758606,0.9892330169677734,0.009005232714116573,0.08359771966934204,-0.009932920336723328,0.9964094161987305,0.009129766374826431,0.09172975271940231,-0.009346912615001202,0.9956981539726257,0.1596110761165619,0.08926044404506683,-0.023112386465072632,0.9828645586967468,0.1323114037513733,0.14217796921730042,-0.26751944422721863,0.9437756538391113,0.04751262068748474,-0.12941226363182068,-0.3108213245868683,0.9404175877571106,0.04931282997131348,-0.1292150467634201,-0.31541118025779724,0.9388225078582764,0.04931282997131348,-0.1292150467634201,-0.31541118025779724,0.9388225078582764,0.009130539372563362,0.11113899946212769,-0.011413859203457832,0.9936974048614502,-0.18225225806236267,0.11125947535037994,0.010184861719608307,0.9768836498260498,-0.15040206909179688,0.16642293334007263,0.24129945039749146,0.9441701173782349,-0.05862843617796898,-0.15515530109405518,0.2975589334964752,0.9401853084564209,-0.06916489452123642,-0.1536310464143753,0.3224300146102905,0.9314788579940796,-0.06916489452123642,-0.1536310464143753,0.3224300146102905,0.9314788579940796,0.009005232714116573,0.08359771966934204,-0.009932920336723328,0.9964094161987305
0.0010164308361709127,0.0009369801846332848,0.8242011904716492,0.009109260514378548,0.08326602727174759,-0.011555386707186699,0.996418833732605,-0.20524317622184754,0.060093920677900314,0.2025151789188385,0.1161528155207634,-0.22044708132743837,-0.03511209934949875,-0.2086425930261612,-0.10046773105859756,-0.2007290780544281,0.1177920252084732,-0.15435882210731508,0.1411306232213974,0.0,0.01874318309128285,0.3056367516517639,-0.515018880367279,-0.5762413144111633,-0.010761187411844729,0.055082276463508606,-0.3896537125110626,0.4901107847690582,-0.6867742896080017,0.05632538646459579,0.0,0.012171470746397996,0.0028720872011035667,-0.0024433135520666844,-0.0064201081171631705,-0.03605566024780272,-0.1547710925340653,0.031487880274653456,0.0361185785382986,0.12617611289024352,0.12364223003387452,-0.15065528452396396,0.03679778240621092,-0.012175350449979307,0.0074003929272293935,0.18791402876377108,0.05647596269845964,-0.10964869558811192,-0.07015701681375507,0.0,0.10280196070671088,0.08570390641689306,-0.19903097748756418,0.07037794589996338,-0.03399399220943446,-0.030562160164117766,-0.1173779308795929,0.2483062028884888,-0.24753425717353825,-0.00174502134323129,0.0,0.0,0.0,0.009109260514378548,0.08326602727174759,-0.011555386707186699,0.996418833732605,0.009109260514378548,0.08326602727174759,-0.011555386707186699,0.996418833732605,0.010126210749149323,-0.01601012982428074,0.014022923074662685,0.9997222423553467,0.04015573859214783,-0.015581860207021236,0.014497526921331882,0.9989667534828186,0.038375165313482285,-0.019561361521482468,0.11540346592664719,0.9923844337463379,0.03161250799894333,0.03807339072227478,0.11743657290935516,0.9918466210365295,0.044338028877973557,-0.07126133143901825,0.11324626952409744,0.9900156855583191,0.02695135399699211,-0.07323871552944183,0.11197786033153534,0.9906415939331055,0.02695135399699211,-0.07323871552944183,0.11197786033153534,0.9906415939331055,0.0056531960144639015,-0.017164889723062515,-0.03926368057727814,0.9990654587745667,-0.04451974853873253,-0.015171598643064499,-0.04007605090737343,0.998089075088501,-0.04275504872202873,-0.019542688503861427,-0.13996446132659912,0.989039957523346,-0.03446799889206886,0.03869550675153732,-0.14215439558029175,0.988487184047699,-0.04532568156719208,-0.037634845823049545,-0.13907359540462494,0.9885280132293701,0.0244850292801857,-0.04734701290726662,-0.1360745131969452,0.989263653755188,0.0244850292801857,-0.04734701290726662,-0.1360745131969452,0.989263653755188,0.009109260514378548,0.08326602727174759,-0.011555386707186699,0.996418833732605,0.009267688728868961,0.09257641434669495,-0.010883082635700703,0.9956029653549194,0.16071449220180511,0.08983928710222244,-0.02484980598092079,0.982589602470398,0.13297593593597412,0.14344438910484314,-0.27120402455329895,0.9424378871917725,0.04729647561907768,-0.12715087831020355,-0.31444302201271057,0.939532458782196,0.04915397986769676,-0.12695086002349854,-0.31920284032821655,0.9378576278686523,0.04915397986769676,-0.12695086002349854,-0.31920284032821655,0.9378576278686523,0.009279840625822544,0.11063509434461594,-0.013023498468101025,0.9937324523925781,-0.18327894806861877,0.1110643744468689,0.008641902357339859,0.976728618144989,-0.15104128420352936,0.16700346767902374,0.24208801984786987,0.943763792514801,-0.05821264907717705,-0.15689168870449066,0.2988104820251465,0.9395256042480469,-0.06869813799858093,-0.1554003655910492,0.3234286308288574,0.9308733344078064,-0.06869813799858093,-0.1554003655910492,0.3234286308288574,0.9308733344078064,0.009109260514378548,0.08326602727174759,-0.011555386707186699,0.996418833732605
0.0020117952488362795,0.0009544154163450003,0.8241293787956238,0.009388947859406471,0.08314503729343414,-0.013568761758506298,0.9964008331298828,-0.20391156673431396,0.06057995930314064,0.2051549017429352,0.11872617155313492,-0.22401308715343476,-0.03370252475142479,-0.2089233934879303,-0.10068404227495194,-0.19604627192020416,0.1194814145565033,-0.15810851454734803,0.1388187289237976,0.0,0.022701468691229822,0.30905322432518006,-0.5220224857330322,-0.5748939514160156,-0.009701675735414028,0.05604912340641022,-0.3922466039657593,0.49537158012390137,-0.6932261824607849,0.05339679196476936,0.0,0.040369028970599186,0.0013718429021537296,-0.0033037660643458373,0.006630387715995317,-0.016810537874698626,-0.1910000115633011,0.05780732445418836,0.027256091684103007,0.13053363412618638,0.12741140872240067,-0.17138902842998505,0.06205849163234235,-0.013573854230344296,-0.006261571682989603,0.22258372604846957,0.07747108563780786,-0.16802562922239306,-0.10423528477549554,0.0,0.1741361945867539,0.14954369068145756,-0.3123929232358933,0.06812059879302979,0.031233187019825026,0.02861621752381327,-0.1265779122710228,0.25935637652873994,-0.3038295239210129,-0.11025854349136358,0.0,0.0,0.0,0.009388947859406471,0.08314503729343414,-0.013568761758506298,0.9964008331298828,0.009388947859406471,0.08314503729343414,-0.013568761758506298,0.9964008331298828,0.010197061114013195,-0.015491411089897156,0.011826271191239357,0.9997581243515015,0.04047041013836861,-0.015126381069421768,0.012289958074688911,0.9989906549453735,0.038708966225385666,-0.019191129133105278,0.11451965570449829,0.9924811124801636,0.031847033649683,0.03972486034035683,0.1166146993637085,0.9918712377548218,0.044681061059236526,-0.07138806581497192,0.11232408881187439,0.9900962114334106,0.027991170063614845,-0.07327094674110413,0.11110527813434601,0.990708589553833,0.027991170063614845,-0.07327094674110413,0.11110527813434601,0.990708589553833,0.0057271383702754974,-0.01741115003824234,-0.041330836713314056,0.9989774227142334,-0.04454941675066948,-0.01530919224023819,-0.042154621332883835,0.9979999661445618,-0.04275504872202873,-0.019542688503861427,-0.13996446132659912,0.989039957523346,-0.034424830228090286,0.039492860436439514,-0.14193134009838104,0.9884891510009766,-0.0455256924033165,-0.038693416863679886,-0.13876941800117493,0.9885207414627075,0.023141440004110336,-0.048224613070487976,-0.13575227558612823,0.9892978668212891,0.023141440004110336,-0.048224613070487976,-0.13575227558612823,0.9892978668212891,0.009388947859406471,0.08314503729343414,-0.013568761758506298,0.9964008331298828,0.009603064507246017,0.09442026168107986,-0.012751121073961258,0.9954044818878174,0.162693589925766,0.09133105725049973,-0.027132807299494743,0.9820658564567566,0.13409832119941711,0.14605799317359924,-0.2765055298805237,0.9403346180915833,0.04703559726476669,-0.12339616566896439,-0.31973332166671753,0.9382598996162415,0.04869287088513374,-0.12322314083576202,-0.32402271032333374,0.936725378036499,0.04869287088513374,-0.12322314083576202,-0.32402271032333374,0.936725378036499,0.009618861600756645,0.1109938696026802,-0.015053914859890938,0.993660569190979,-0.1841985434293747,0.11180063337087631,0.006864302791655064,0.9764856696128845,-0.15132632851600647,0.16849033534526825,0.2427428811788559,0.9432854056358337,-0.057304270565509796,-0.15834051370620728,0.2998890280723572,0.9389947056770325,-0.06728255748748779,-0.1569599062204361,0.32321232557296753,0.9307901859283447,-0.06728255748748779,-0.1569599062204361,0.32321232557296753,0.9307901859283447,0.009388947859406471,0.08314503729343414,-0.013568761758506298,0.9964008331298828
0.0028038777410984038,0.0012982470798306167,0.8240116477012634,0.009579949080944061,0.08256131410598755,-0.015361646190285683,0.9964216351509094,-0.20200225710868835,0.0607480950653553,0.2073940396308899,0.12132783085107804,-0.22763969302177428,-0.03169423639774323,-0.20869790613651276,-0.10131709128618241,-0.19157297611236573,0.1218017965555191,-0.16143298149108887,0.136840358376503,0.0,0.02398778162896633,0.31383419036865234,-0.5271430373191833,-0.5744158625602722,-0.009081396646797657,0.05788563638925552,-0.39636215567588806,0.500173419713974,-0.7025310158729553,0.05112884044647217,0.0,0.04366976022720337,0.010663654294330622,-0.004968166025355458,0.006360625103116037,-0.03830164279788731,-0.1896824985742569,0.08391147553920744,0.014764844253659253,0.11996859014034272,0.12951689958572388,-0.18011827766895294,0.08844013959169386,0.0011486107483506137,-0.023317692242562766,0.22785498201847076,0.10339924246072768,-0.17472784221172333,-0.10558899492025375,0.0,0.11775509715080264,0.21175842583179472,-0.2936886310577393,0.04128992557525636,0.03979860246181489,0.07443232163786886,-0.17532437443733212,0.24927108883857726,-0.4081828415393829,-0.1266104280948639,0.0,0.0,0.0,0.009579949080944061,0.08256131410598755,-0.015361646190285683,0.9964216351509094,0.009579949080944061,0.08256131410598755,-0.015361646190285683,0.9964216351509094,0.010190913453698158,-0.015154740773141384,0.00978678185492754,0.999785304069519,0.04054906964302063,-0.014850538223981857,0.010242506861686707,0.9990147352218628,0.038794130086898804,-0.0189680103212595,0.11359676718711853,0.9925880432128906,0.03183659538626671,0.041244328022003174,0.11573980748653412,0.9919122457504272,0.044774506241083145,-0.07167835533618927,0.11137518286705017,0.9901783466339111,0.029078133404254913,-0.07343500107526779,0.1102256178855896,0.9907635450363159,0.029078133404254913,-0.07343500107526779,0.1102256178855896,0.9907635450363159,0.005756792612373829,-0.017880022525787354,-0.043103963136672974,0.9988940954208374,-0.04483145475387573,-0.01567397266626358,-0.04395419359207153,0.9979040622711182,-0.043127529323101044,-0.019889231771230698,-0.1391923725605011,0.9891259670257568,-0.034576285630464554,0.04034911096096039,-0.14155952632427216,0.9885026216506958,-0.04587697237730026,-0.039484165608882904,-0.13831044733524323,0.9885375499725342,0.021813493221998215,-0.0488479882478714,-0.1352878361940384,0.9893611073493958,0.021813493221998215,-0.0488479882478714,-0.1352878361940384,0.9893611073493958,0.009579949080944061,0.08256131410598755,-0.015361646190285683,0.9964216351509094,0.009825287386775017,0.09447526186704636,-0.014495478942990303,0.9953731894493103,0.1652556210756302,0.0910465270280838,-0.029079435393214226,0.9816087484359741,0.13635176420211792,0.14693696796894073,-0.2806043326854706,0.9386580586433411,0.04809700697660446,-0.12181253731250763,-0.32424497604370117,0.9368636608123779,0.04964054375886917,-0.12165126204490662,-0.32825565338134766,0.9354063272476196,0.04964054375886917,-0.12165126204490662,-0.32825565338134766,0.9354063272476196,0.00987088680267334,0.11132246255874634,-0.01688895933330059,0.993591845035553,-0.18594683706760406,0.11247127503156662,0.005360545590519905,0.9760867357254028,-0.1524629294872284,0.17007207870483398,0.2433963119983673,0.9426498413085938,-0.05677381902933121,-0.16095693409442902,0.30141863226890564,0.9380919933319092,-0.06639092415571213,-0.15965956449508667,0.3237197995185852,0.930218517780304,-0.06639092415571213,-0.15965956449508667,0.3237197995185852,0.930218517780304,0.009579949080944061,0.08256131410598755,-0.015361646190285683,0.9964216351509094
0.003494319273158908,0.0018052769592031837,0.8238709568977356,0.009726590476930141,0.08174609392881393,-0.01704425737261772,0.9964599609375,-0.19980409741401672,0.06075727939605713,0.20943288505077362,0.12394364178180695,-0.2312965989112854,-0.02938659116625786,-0.2082192748785019,-0.10215850919485092,-0.18720443546772003,0.12443767488002777,-0.16454483568668365,0.13502874970436096,0.0,0.02393810823559761,0.3192974030971527,-0.5313220620155334,-0.574372410774231,-0.008680733852088451,0.06015698239207268,-0.4012390375137329,0.5047457814216614,-0.7132623195648193,0.04919121041893959,0.0,0.034522075206041336,0.0253514934447594,-0.007034539710730314,-0.0005692681297659874,-0.08016086276620626,-0.1695917695760727,0.10990797728300095,0.00045921653509140015,0.1019422635436058,0.13079054653644562,-0.18284527957439423,0.11538225412368774,0.02393156010657549,-0.04207089077681303,0.21842701733112335,0.13179391622543335,-0.15559269487857819,-0.09058042615652084,0.0,-0.002483665943145752,0.2731606364250183,-0.2089512199163437,0.0021725893020629883,0.020033136010169983,0.1135672889649868,-0.24384407699108124,0.2286180704832077,-0.5365651845932007,-0.09688149392604828,0.0,0.0,0.0,0.009726590476930141,0.08174609392881393,-0.01704425737261772,0.9964599609375,0.009726590476930141,0.08174609392881393,-0.01704425737261772,0.9964599609375,0.01014624908566475,-0.014909072779119015,0.007825865410268307,0.9998067617416382,0.0405096635222435,-0.014664490707218647,0.008275102823972702,0.9990372657775879,0.03875495493412018,-0.018818441778421402,0.11265431344509125,0.9926998019218445,0.031703632324934006,0.0426977276802063,0.11483823508024216,0.9919596314430237,0.044743120670318604,-0.07205038517713547,0.1104128286242485,0.9902604818344116,0.030188625678420067,-0.07366488128900528,0.1093422919511795,0.9908109903335571,0.030188625678420067,-0.07366488128900528,0.1093422919511795,0.9908109903335571,0.005764296278357506,-0.01846018061041832,-0.044730015099048615,0.9988119006156921,-0.045239608734846115,-0.01615232229232788,-0.045614197850227356,0.9978035092353821,-0.043531883507966995,-0.020309962332248688,-0.13867482542991638,0.9891722798347473,-0.03482503071427345,0.041234783828258514,-0.1411132514476776,0.9885210990905762,-0.046303872019052505,-0.040140993893146515,-0.1377740204334259,0.9885661005973816,0.02049334906041622,-0.04934420809149742,-0.13475210964679718,0.9894377589225769,0.02049334906041622,-0.04934420809149742,-0.13475210964679718,0.9894377589225769,0.009726590476930141,0.08174609392881393,-0.01704425737261772,0.9964599609375,0.009990924969315529,0.09363579005002975,-0.016177983954548836,0.9954249262809753,0.16810795664787292,0.08987320959568024,-0.030857661738991737,0.9811780452728271,0.13917000591754913,0.14694784581661224,-0.2841002643108368,0.9371899962425232,0.049819353967905045,-0.12131401151418686,-0.3283660113811493,0.9354019165039062,0.05129239335656166,-0.12115683406591415,-0.33219367265701294,0.9339900612831116,0.05129239335656166,-0.12115683406591415,-0.33219367265701294,0.9339900612831116,0.010079400613904,0.11163584142923355,-0.018626291304826736,0.9935234785079956,-0.18810860812664032,0.11310858279466629,0.0039936876855790615,0.9756052494049072,-0.15402469038963318,0.1717005968093872,0.244048073887825,0.941931962966919,-0.05643170699477196,-0.16415536403656006,0.30317050218582153,0.9369931221008301,-0.06576067209243774,-0.16292783617973328,0.32458624243736267,0.9293943047523499,-0.06576067209243774,-0.16292783617973328,0.32458624243736267,0.9293943047523499,0.009726590476930141,0.08174609392881393,-0.01704425737261772,0.9964599609375
0.005111819691956043,0.001981768338009715,0.8237099170684814,0.010302283801138401,0.08071319013834,-0.019272327423095703,0.9964978694915771,-0.19580489695072173,0.06042428761720657,0.2110854297876358,0.126886186003685,-0.23538333773612977,-0.02676379419863224,-0.20719636976718903,-0.10370832532644272,-0.18226681053638458,0.12896359860897064,-0.16959815323352814,0.13245955109596252,0.0,0.016632164269685747,0.3249073326587677,-0.536492109298706,-0.57790048122406,-0.011737561970949172,0.06380428820848465,-0.40607447028160093,0.5108092188835144,-0.7230488419532776,0.048990024626255034,0.0,0.06233384013175963,0.01543533802032471,-0.007645010761916637,0.02218503117328509,-0.09329364746809005,-0.2044354349374771,0.16393919587135314,-0.00980606678058393,0.09035324305295944,0.1405925363302231,-0.19574026763439178,0.12483680844306945,0.04025977551937103,-0.06332283616065978,0.2354995459318161,0.18849526941776273,-0.2138366043567657,-0.11330812871456146,0.0,-0.2201717709656804,0.27756214141845703,-0.2386819064617157,-0.1049730688333511,-0.08369158618152138,0.15484608709812164,-0.24260060489177704,0.27335033416748045,-0.5082217276096344,-0.04478817135095598,0.0,0.0,0.0,0.010302283801138401,0.08071319013834,-0.019272327423095703,0.9964978694915771,0.010302283801138401,0.08071319013834,-0.019272327423095703,0.9964978694915771,0.010478549636900425,-0.01401868648827076,0.005057648755609989,0.9998341798782349,0.0406762957572937,-0.013859197497367859,0.005478899925947189,0.9990612268447876,0.03899030387401581,-0.018067307770252228,0.11069639772176743,0.9929248094558716,0.03189557418227196,0.04492121562361717,0.11294613778591156,0.9920726418495178,0.044934362173080444,-0.07187915593385696,0.10841934382915497,0.9904844760894775,0.03167637065052986,-0.0733252763748169,0.10744762420654297,0.9909970760345459,0.03167637065052986,-0.0733252763748169,0.10744762420654297,0.9909970760345459,0.006162297911942005,-0.01898331195116043,-0.04686944559216499,0.9987015724182129,-0.04560956358909607,-0.016527388244867325,-0.04779057577252388,0.9976786375045776,-0.043916694819927216,-0.02060898393392563,-0.13838836550712585,0.9891892671585083,-0.03490844741463661,0.0431743860244751,-0.1409311294555664,0.9884613752365112,-0.046719059348106384,-0.04070098698139191,-0.13746750354766846,0.9885663986206055,0.018808024004101753,-0.04970984905958176,-0.13447299599647522,0.9894908666610718,0.018808024004101753,-0.04970984905958176,-0.13447299599647522,0.9894908666610718,0.010302283801138401,0.08071319013834,-0.019272327423095703,0.9964978694915771,0.01049880962818861,0.08897575736045837,-0.018667321652173996,0.9958035945892334,0.17142266035079956,0.08478192985057831,-0.03280317410826683,0.980994462966919,0.14341910183429718,0.14343100786209106,-0.2882654666900635,0.9358214139938354,0.052196845412254333,-0.12585341930389404,-0.33374089002609253,0.9327666163444519,0.054217517375946045,-0.12563414871692657,-0.33889150619506836,0.9308216571807861,0.054217517375946045,-0.12563414871692657,-0.33889150619506836,0.9308216571807861,0.01075164508074522,0.11241506040096283,-0.02092956379055977,0.9933828115463257,-0.18977966904640198,0.11432944983243942,0.0021702793892472982,0.9751449823379517,-0.1548270732164383,0.17394249141216278,0.24495986104011536,0.9411522150039673,-0.055386982858181,-0.1663256287574768,0.3048481345176697,0.9361280202865601,-0.06472785025835037,-0.1651376634836197,0.3261457681655884,0.9285305142402649,-0.06472785025835037,-0.1651376634836197,0.3261457681655884,0.9285305142402649,0.010302283801138401,0.08071319013834,-0.019272327423095703,0.9964978694915771
0.007191005535423754,0.0022813086863607166,0.8234650254249573,0.010923808440566063,0.07982610166072845,-0.02176758646965027,0.9965112209320068,-0.19238029718399047,0.060024148970842364,0.21248652637004853,0.1315485417842865,-0.24071601629257203,-0.023571433126926424,-0.20679620802402496,-0.10565114766359329,-0.1767646074295044,0.134925976395607,-0.17551705837249756,0.1302166074514389,0.0,0.00850523710250855,0.33089170455932615,-0.5406165003776551,-0.5845876455307006,-0.014658156782388685,0.06849085390567779,-0.4120046854019165,0.5174431800842285,-0.7345331072807312,0.04842858985066414,0.0,0.09472557902336118,0.012516037002205842,-0.010567545518279072,0.039009205996990204,-0.0930985674262047,-0.24379668235778806,0.18272198885679247,-0.018663994595408438,0.07508378550410272,0.19872153699398032,-0.24171511530876152,0.14822676479816432,0.032462952286005056,-0.08928098678588865,0.26381857395172115,0.2693897902965545,-0.2786334991455078,-0.11867228001356127,0.0,-0.389926666021347,0.29172974228858944,-0.22713267803192144,-0.27117631137371045,-0.14875440299510956,0.2135430753231048,-0.2746150910854339,0.3202875554561615,-0.5402583718299865,-0.020866758190095407,0.0,0.0,0.0,0.010923808440566063,0.07982610166072845,-0.02176758646965027,0.9965112209320068,0.010923808440566063,0.07982610166072845,-0.02176758646965027,0.9965112209320068,0.010839805006980896,-0.013260097242891788,0.0020905870478600264,0.9998511075973511,0.04083802551031113,-0.013190990313887596,0.0024875954259186983,0.9990755319595337,0.03920898959040642,-0.017447248101234436,0.10841904580593109,0.9931784868240356,0.03200339153409004,0.047869518399238586,0.11076241731643677,0.9921773672103882,0.04506576061248779,-0.07160572707653046,0.10611848533153534,0.9907475709915161,0.033386554569005966,-0.07285419851541519,0.10526669025421143,0.9912097454071045,0.033386554569005966,-0.07285419851541519,0.10526669025421143,0.9912097454071045,0.0065623195841908455,-0.019657598808407784,-0.04936101660132408,0.9985660314559937,-0.046172019094228745,-0.017021894454956055,-0.05033057555556297,0.9975196123123169,-0.04449031129479408,-0.021029535681009293,-0.13818258047103882,0.9891836643218994,-0.035073865205049515,0.045700885355472565,-0.14086903631687164,0.9883507490158081,-0.04728544503450394,-0.041099850088357925,-0.13725142180919647,0.988552987575531,0.017132284119725227,-0.04994268715381622,-0.13428661227226257,0.989534854888916,0.017132284119725227,-0.04994268715381622,-0.13428661227226257,0.989534854888916,0.010923808440566063,0.07982610166072845,-0.02176758646965027,0.9965112209320068,0.011030951514840126,0.08405216038227081,-0.021456532180309296,0.9961693286895752,0.17494221031665802,0.07936717569828033,-0.03499744459986687,0.9807504415512085,0.14802753925323486,0.1395573616027832,-0.2921636998653412,0.9344795346260071,0.054457101970911026,-0.13218404352664948,-0.33915770053863525,0.9298032522201538,0.057023148983716965,-0.1319035291671753,-0.34555578231811523,0.9273301959037781,0.057023148983716965,-0.1319035291671753,-0.34555578231811523,0.9273301959037781,0.011494164355099201,0.11385472118854523,-0.023522671312093735,0.9931524395942688,-0.19189581274986267,0.11626327037811279,0.0002695355215109885,0.9745044708251953,-0.15581920742988586,0.17705054581165314,0.24600611627101898,0.9401353597640991,-0.05419069528579712,-0.16838526725769043,0.3068060278892517,0.9351896047592163,-0.06347134709358215,-0.1672501564025879,0.3278292417526245,0.9276458024978638,-0.06347134709358215,-0.1672501564025879,0.3278292417526245,0.9276458024978638,0.010923808440566063,0.07982610166072845,-0.02176758646965027,0.9965112209320068
0.010193562228232624,0.0028269469738006594,0.8230524301528931,0.011637034825980663,0.07923097163438797,-0.024797284975647926,0.996479868888855,-0.19010489881038667,0.05948971658945083,0.2133847266435623,0.1396505206823349,-0.24854057431221008,-0.019239943847060202,-0.2076415330171585,-0.10837998241186142,-0.17013324797153473,0.1437612622976303,-0.18316713869571685,0.12862617373466492,0.0,-0.0012636564671993315,0.33762496113777163,-0.5426495790481567,-0.5975929975509644,-0.017306284978985786,0.0752559393644333,-0.4201244652271271,0.5252181887626648,-0.7494128584861756,0.04714665710926056,0.0,0.1362772658467293,0.02359044328331948,-0.01811420768499375,0.04397313669323921,-0.0662477597594261,-0.2921930938959122,0.13100793063640592,-0.02470721155405045,0.052453453838825215,0.35350455939769754,-0.35384968221187596,0.1994875252246857,-0.023583946377038978,-0.12465154975652697,0.314630600810051,0.3986706465482712,-0.3565363645553589,-0.08930932879447936,0.0,-0.4638151586055756,0.3254295349121094,-0.13302361965179438,-0.555494722723961,-0.13649339973926544,0.3070764511823655,-0.37314549386501317,0.37163469195365906,-0.6930552184581757,-0.053289166651666185,0.0,0.0,0.0,0.011637034825980663,0.07923097163438797,-0.024797284975647926,0.996479868888855,0.011637034825980663,0.07923097163438797,-0.024797284975647926,0.996479868888855,0.011259043589234352,-0.01276521198451519,-0.0012740958482027054,0.9998542666435242,0.040990199893713,-0.012797054834663868,-0.0008938418468460441,0.9990771412849426,0.03939441591501236,-0.017089365050196648,0.10550302267074585,0.9934914112091064,0.03194285184144974,0.052267249673604965,0.1079951673746109,0.9922624826431274,0.045077502727508545,-0.07112797349691391,0.1032029390335083,0.9910893440246582,0.035541631281375885,-0.07212027162313461,0.10251341760158539,0.9914770126342773,0.035541631281375885,-0.07212027162313461,0.10251341760158539,0.9914770126342773,0.006966384127736092,-0.020634202286601067,-0.05255687236785889,0.9983805418014526,-0.04711948335170746,-0.017755279317498207,-0.053597815334796906,0.9972922801971436,-0.04544152319431305,-0.021693140268325806,-0.13813811540603638,0.989132285118103,-0.03540316969156265,0.049401022493839264,-0.14104658365249634,0.988135576248169,-0.048154257237911224,-0.041176486760377884,-0.1372162252664566,0.9885126948356628,0.015475785359740257,-0.04991009831428528,-0.13428625464439392,0.9895638823509216,0.015475785359740257,-0.04991009831428528,-0.13428625464439392,0.9895638823509216,0.011637034825980663,0.07923097163438797,-0.024797284975647926,0.996479868888855,0.01161179132759571,0.0786033645272255,-0.02484574168920517,0.996528685092926,0.17887598276138306,0.07330811023712158,-0.037690021097660065,0.9804126620292664,0.15336039662361145,0.13497622311115265,-0.29553964734077454,0.9332299828529358,0.056482940912246704,-0.14209695160388947,-0.3446597456932068,0.9261900782585144,0.059590984135866165,-0.1417597085237503,-0.35216188430786133,0.9232200384140015,0.059590984135866165,-0.1417597085237503,-0.35216188430786133,0.9232200384140015,0.012377206236124039,0.11661504209041595,-0.026695385575294495,0.9927411675453186,-0.1949012279510498,0.11962246149778366,-0.0017858461942523718,0.9734992384910583,-0.15718971192836761,0.18188956379890442,0.24731943011283875,0.9386376142501831,-0.05269171670079231,-0.1702248603105545,0.3093266487121582,0.9341113567352295,-0.061768047511577606,-0.16916929185390472,0.32976314425468445,0.9267268776893616,-0.061768047511577606,-0.16916929185390472,0.32976314425468445,0.9267268776893616,0.011637034825980663,0.07923097163438797,-0.024797284975647926,0.996479868888855
0.014397372491657743,0.0031146280001848937,0.8224504113197326,0.01266532763838768,0.0791383907198906,-0.02836207114160061,0.996379554271698,-0.1878757119178772,0.05873284116387367,0.21364029943943025,0.14862064719200135,-0.25712156295776367,-0.013645090907812109,-0.21041280925273895,-0.11164456754922868,-0.16147310137748716,0.15655573904514314,-0.1938555121421814,0.1255627393722534,0.0,-0.012446439824998398,0.34415905475616454,-0.5444998621940613,-0.6125265121459961,-0.020627141743898396,0.08181103467941285,-0.42868252992630007,0.5333259582519532,-0.7681346058845521,0.046129945665597916,0.0,0.18616543412208567,0.019543195143341997,-0.026312469318509116,0.06275490373373036,-0.02703086584806435,-0.3415591001510621,0.11238356679677963,-0.033394907787442224,0.02563118711113925,0.43114334344863897,-0.41392078995704656,0.25447535216808326,-0.10004477724432959,-0.15251424312591558,0.3924315571784975,0.5605399787425998,-0.473652768135071,-0.123711694777012,0.0,-0.530861383676529,0.33068791031837463,-0.0961700603365898,-0.7081124186515809,-0.15258825719356542,0.3319545447826385,-0.4191375076770783,0.3987332284450531,-0.859247410297394,-0.056139996647834756,0.0,0.0,0.0,0.01266532763838768,0.0791383907198906,-0.02836207114160061,0.996379554271698,0.01266532763838768,0.0791383907198906,-0.02836207114160061,0.996379554271698,0.011963807977735996,-0.011793466284871101,-0.005194689612835646,0.9998453855514526,0.04131631553173065,-0.011939682066440582,-0.00484585203230381,0.9990630745887756,0.039807818830013275,-0.016276642680168152,0.10169897973537445,0.9938850998878479,0.03216087445616722,0.05755750089883804,0.1043766587972641,0.9923499822616577,0.04526441544294357,-0.07014492154121399,0.099390909075737,0.9915404319763184,0.0384996235370636,-0.07083021104335785,0.09890741109848022,0.9918256998062134,0.0384996235370636,-0.07083021104335785,0.09890741109848022,0.9918256998062134,0.007562716491520405,-0.022021431475877762,-0.05657169967889786,0.9981271028518677,-0.04813752323389053,-0.018825484439730644,-0.05771375447511673,0.9969942569732666,-0.046466030180454254,-0.02264299988746643,-0.1379324495792389,0.9890919923782349,-0.03553848713636398,0.05477122217416763,-0.14114809036254883,0.9878332614898682,-0.04903043434023857,-0.041084446012973785,-0.13704267144203186,0.9884974956512451,0.01308458112180233,-0.049601927399635315,-0.13419494032859802,0.9896262884140015,0.01308458112180233,-0.049601927399635315,-0.13419494032859802,0.9896262884140015,0.01266532763838768,0.0791383907198906,-0.02836207114160061,0.996379554271698,0.012442780658602715,0.07295425981283188,-0.028834089636802673,0.99684077501297,0.18295040726661682,0.06693273782730103,-0.04088670015335083,0.9799885749816895,0.15894316136837006,0.1301186978816986,-0.29928839206695557,0.9317901134490967,0.058235254138708115,-0.15304303169250488,-0.35075297951698303,0.922040581703186,0.06205056607723236,-0.15263894200325012,-0.35962149500846863,0.9184353351593018,0.06205056607723236,-0.15263894200325012,-0.35962149500846863,0.9184353351593018,0.013617179356515408,0.11977032572031021,-0.030377035960555077,0.9922434687614441,-0.1977466493844986,0.12349939346313477,-0.004194242879748344,0.9724332094192505,-0.15819427371025085,0.18723392486572266,0.24842332303524017,0.9371254444122314,-0.05030961334705353,-0.17337766289710999,0.3117120862007141,0.9328690767288208,-0.05925874784588814,-0.17241176962852478,0.33166927099227905,0.9256123304367065,-0.05925874784588814,-0.17241176962852478,0.33166927099227905,0.9256123304367065,0.01266532763838768,0.0791383907198906,-0.02836207114160061,0.996379554271698
0.01920180954039097,0.003273330396041274,0.8217536807060242,0.013851022347807884,0.0792962908744812,-0.032194092869758606,0.9962348341941833,-0.18566963076591492,0.05786474421620369,0.21357455849647522,0.1580248475074768,-0.266080766916275,-0.0074185561388731,-0.21414706110954285,-0.11517702788114548,-0.1517985612154007,0.1713298112154007,-0.20606303215026855,0.12176280468702316,0.0,-0.024336169473826885,0.35059356689453125,-0.5462587475776672,-0.6284241080284119,-0.02428436279296875,0.08826113492250443,-0.4374597370624542,0.5416001081466675,-0.7887773513793945,0.04524584487080574,0.0,0.24022184312343597,0.007935119792819023,-0.034836530685424805,0.08844558894634247,0.018369071185588837,-0.39140990376472473,0.11030405014753342,-0.04340484365820885,-0.0032870471477508545,0.4702099859714508,-0.44796016812324524,0.3113267123699188,-0.1867125742137432,-0.17662300169467926,0.48372697830200195,0.7387035489082336,-0.6103759407997131,-0.18999671936035156,0.0,-0.5944864749908447,0.3217255771160126,-0.08794426172971725,-0.7948797345161438,-0.18286104500293732,0.32250499725341797,-0.43886032700538635,0.4137074649333954,-1.0321372747421265,-0.044205036014318466,0.0,0.0,0.0,0.013851022347807884,0.0792962908744812,-0.032194092869758606,0.9962348341941833,0.013851022347807884,0.0792962908744812,-0.032194092869758606,0.9962348341941833,0.012811178341507912,-0.01058314647525549,-0.009393147192895412,0.9998177886009216,0.04172888025641441,-0.010850445367395878,-0.009083063341677189,0.999028742313385,0.04033469036221504,-0.015236287377774715,0.09744959324598312,0.9943060874938965,0.03251713141798973,0.06329206377267838,0.10032919049263,0.9924065470695496,0.045538280159235,-0.06890825182199478,0.09512925893068314,0.9920324087142944,0.0418582484126091,-0.06926063448190689,0.09487300366163254,0.9921945333480835,0.0418582484126091,-0.06926063448190689,0.09487300366163254,0.9921945333480835,0.00825506541877985,-0.02361362613737583,-0.06099512055516243,0.9978245496749878,-0.04919009655714035,-0.02006380259990692,-0.06225312501192093,0.9966455101966858,-0.04752711206674576,-0.023735949769616127,-0.13764597475528717,0.9890558123588562,-0.03557581827044487,0.06097486987709999,-0.14120765030384064,0.9874597787857056,-0.04991026967763901,-0.040908053517341614,-0.1367998719215393,0.9884944558143616,0.010325958020985126,-0.04915568605065346,-0.13405741751194,0.9896997809410095,0.010325958020985126,-0.04915568605065346,-0.13405741751194,0.9896997809410095,0.013851022347807884,0.0792962908744812,-0.032194092869758606,0.9962348341941833,0.013398454524576664,0.06720294803380966,-0.03312106058001518,0.9970993995666504,0.18708764016628265,0.06039672717452049,-0.04433369264006615,0.9794819951057434,0.1646440029144287,0.12511764466762543,-0.3032107949256897,0.9302156567573547,0.05984407290816307,-0.16448751091957092,-0.35710158944129944,0.9175189137458801,0.06444762647151947,-0.16400863230228424,-0.36745980381965637,0.9131927490234375,0.06444762647151947,-0.16400863230228424,-0.36745980381965637,0.9131927490234375,0.015035358257591724,0.12312086671590805,-0.03431256115436554,0.9916843175888062,-0.20050838589668274,0.12763285636901855,-0.006779037415981293,0.9713188409805298,-0.15901271998882294,0.19282713532447815,0.24941755831241608,0.9355872869491577,-0.047484949231147766,-0.17718349397182465,0.31402358412742615,0.9315258264541626,-0.05634526163339615,-0.1763123869895935,0.3335546851158142,0.9243811368942261,-0.05634526163339615,-0.1763123869895935,0.3335546851158142,0.9243811368942261,0.013851022347807884,0.0792962908744812,-0.032194092869758606,0.9962348341941833
0.027934966981410993,0.0021940509788691987,0.8200612425804138,0.015942726284265518,0.08073274791240692,-0.03795390948653221,0.9958853721618652,-0.18756402134895325,0.0578254833817482,0.21116345822811128,0.1802218168973923,-0.27788175344467164,0.0010259191505611037,-0.22594481110572817,-0.119694721698761,-0.1339478254318237,0.20358423292636874,-0.22579752802848818,0.11541909426450729,0.0,-0.03939372450113298,0.35918248295784,-0.5489790081977844,-0.6390867829322815,-0.028286620974540714,0.09074926823377609,-0.4477892994880676,0.5573363780975342,-0.8094752073287964,0.04614640772342682,0.0,0.35808344483375565,-0.0292043332010508,-0.06470775157213214,0.1360697656869889,0.09562056399881848,-0.5102871417999268,-0.012710092961788322,-0.018539762496948217,-0.07364782220684,0.8539930403232578,-0.5332136273384095,0.3778649508953095,-0.4286175042390826,-0.2061800062656403,0.7290128469467165,1.2631139993667608,-0.8361852169036867,-0.26630998253822336,0.0,-0.6895212531089784,0.3863576948642731,-0.11678552329540255,-0.6378321409225463,-0.19321215450763704,0.2036459982395171,-0.4854310035705567,0.6375710487365724,-1.0337905883789062,0.009334868937730847,0.0,0.0,0.0,0.015942726284265518,0.08073274791240692,-0.03795390948653221,0.9958853721618652,0.015942726284265518,0.08073274791240692,-0.03795390948653221,0.9958853721618652,0.01439290214329958,-0.010090157389640808,-0.015092899091541767,0.9997317790985107,0.043287839740514755,-0.010522179305553436,-0.014794891700148582,0.9988976716995239,0.04193796217441559,-0.015024300664663315,0.0905570536851883,0.9948945045471191,0.03366838023066521,0.07457016408443451,0.09397979080677032,0.9922064542770386,0.0463322252035141,-0.0635657012462616,0.08840639889240265,0.992973804473877,0.0468442402780056,-0.06353941559791565,0.08842416107654572,0.9929499626159668,0.0468442402780056,-0.06353941559791565,0.08842416107654572,0.9929499626159668,0.009328586980700493,-0.027756813913583755,-0.06851017475128174,0.9972206354141235,-0.05033257231116295,-0.023597707971930504,-0.07005313783884048,0.9959931373596191,-0.048659615218639374,-0.026906650513410568,-0.13655249774456024,0.9890711307525635,-0.03454100713133812,0.07373940944671631,-0.14079850912094116,0.9866839051246643,-0.05017715319991112,-0.03788960725069046,-0.1360064297914505,0.9887107610702515,0.006932294927537441,-0.04567240923643112,-0.13358832895755768,0.989959716796875,0.006932294927537441,-0.04567240923643112,-0.13358832895755768,0.989959716796875,0.015942726284265518,0.08073274791240692,-0.03795390948653221,0.9958853721618652,0.015064163133502007,0.06116297468543053,-0.03950114548206329,0.9972320795059204,0.19295555353164673,0.05310875549912453,-0.0497712641954422,0.9785041213035583,0.1722179651260376,0.11998327821493149,-0.3093271255493164,0.9275028705596924,0.06333445012569427,-0.17319659888744354,-0.3658791780471802,0.9122083783149719,0.06881844252347946,-0.17261943221092224,-0.37783104181289673,0.9070338010787964,0.06881844252347946,-0.17261943221092224,-0.37783104181289673,0.9070338010787964,0.01741916872560978,0.12577828764915466,-0.04002762585878372,0.9910974502563477,-0.20306545495986938,0.13154199719429016,-0.011088768020272255,0.970225989818573,-0.15890002250671387,0.1989767849445343,0.25218555331230164,0.9335744380950928,-0.04301358014345169,-0.180332213640213,0.3175337314605713,0.9299476146697998,-0.052120089530944824,-0.17956382036209106,0.3374057412147522,0.9226037263870239,-0.052120089530944824,-0.17956382036209106,0.3374057412147522,0.9226037263870239,0.015942726284265518,0.08073274791240692,-0.03795390948653221,0.9958853721618652
0.036444351077079794,0.0012797987903468298,0.8181267619132996,0.017792221158742905,0.08177739381790161,-0.04430106654763222,0.9955065250396729,-0.1907919228076935,0.057775570452213286,0.20608748495578763,0.20450459122657783,-0.28815655708312987,0.009282031189650316,-0.23823981285095217,-0.1233664333820343,-0.11350387632846827,0.23700708746910104,-0.24389971494674687,0.10902570635080336,0.0,-0.05427424907684329,0.36915346384048464,-0.551746952533722,-0.6516622543334961,-0.03292970210313798,0.09263966977596283,-0.4598507463932038,0.5735669255256653,-0.8319395065307618,0.047951640933752065,0.0,0.42994464635848995,-0.049013150483369794,-0.09188317507505422,0.14951686561107624,0.12507489919662462,-0.6239101052284243,-0.13472484201192883,-0.0022826045285910387,-0.20050119608640724,1.1724225282669072,-0.544263786077499,0.4165728628635406,-0.6048049926757814,-0.2005052149295805,0.9703331470489507,1.6477739572525028,-0.937755465507507,-0.31867581605911255,0.0,-0.7475668311119079,0.47090771198272735,-0.13744353950023652,-0.590517628192902,-0.21933758258819594,0.10647470653057087,-0.5684346437454227,0.8016417622566224,-1.0878860712051395,0.07216824963688868,0.0,0.0,0.0,0.017792221158742905,0.08177739381790161,-0.04430106654763222,0.9955065250396729,0.017792221158742905,0.08177739381790161,-0.04430106654763222,0.9955065250396729,0.015641815960407257,-0.010625313967466354,-0.021195396780967712,0.9995965361595154,0.044507406651973724,-0.01123297680169344,-0.020879698917269707,0.9987277388572693,0.043123096227645874,-0.015751153230667114,0.08196176588535309,0.9955774545669556,0.034606195986270905,0.08595941960811615,0.08594410866498947,0.9919813275337219,0.04656847193837166,-0.05736175552010536,0.08008530735969543,0.9940459132194519,0.051183637231588364,-0.05700961500406265,0.08033677935600281,0.9938188791275024,0.051183637231588364,-0.05700961500406265,0.08033677935600281,0.9938188791275024,0.010043639689683914,-0.03252623975276947,-0.07665018737316132,0.9964767694473267,-0.051401957869529724,-0.027735058218240738,-0.07851184159517288,0.9952007532119751,-0.04977383837103844,-0.03060048446059227,-0.13483570516109467,0.9891438484191895,-0.03350461274385452,0.08655962347984314,-0.13978058099746704,0.9858226776123047,-0.05025085061788559,-0.03400756046175957,-0.13466528058052063,0.9890317916870117,0.00371130695566535,-0.041297491639852524,-0.13260410726070404,0.9903014302253723,0.00371130695566535,-0.041297491639852524,-0.13260410726070404,0.9903014302253723,0.017792221158742905,0.08177739381790161,-0.04430106654763222,0.9955065250396729,0.01642226055264473,0.05482061952352524,-0.04646631330251694,0.9972792267799377,0.19917479157447815,0.04534265398979187,-0.055714961141347885,0.9773277044296265,0.180275097489357,0.11449858546257019,-0.31588584184646606,0.9244496822357178,0.06673410534858704,-0.1829349249601364,-0.37536847591400146,0.9061899185180664,0.07326312363147736,-0.1822451949119568,-0.3891381025314331,0.899994969367981,0.07326312363147736,-0.1822451949119568,-0.3891381025314331,0.899994969367981,0.01958376169204712,0.1277456283569336,-0.046325430274009705,0.9905308485031128,-0.20667628943920135,0.1349649429321289,-0.015984365716576576,0.9689241051673889,-0.15982915461063385,0.205022394657135,0.2545281946659088,0.9314695596694946,-0.03935912996530533,-0.18432173132896423,0.3211379945278168,0.9280877709388733,-0.04891480877995491,-0.1836279183626175,0.3417227268218994,0.9203878045082092,-0.04891480877995491,-0.1836279183626175,0.3417227268218994,0.9203878045082092,0.017792221158742905,0.08177739381790161,-0.04430106654763222,0.9955065250396729
0.044506188482046134,0.0006956010591238733,0.8157081961631775,0.019157636910676956,0.08204054832458496,-0.05182360112667084,0.9950962066650391,-0.19668684601783754,0.05770435333251953,0.19568176567554474,0.2329589754343033,-0.29537899494171144,0.017161415796726948,-0.25152931809425355,-0.12534618079662324,-0.08787350058555601,0.27276680767536166,-0.2587372839450836,0.10253296345472336,0.0,-0.06880071088671685,0.3818885743618011,-0.5546102643013,-0.6680633187294006,-0.03885442912578583,0.0933346077799797,-0.47537596225738527,0.5907860279083252,-0.857936692237854,0.05156621485948563,0.0,0.40980504751205443,-0.03416070193052291,-0.11366700381040575,0.09460981190204618,0.05893490612506862,-0.727024519443512,-0.2547408029437066,-0.003241292946040631,-0.44033976644277584,1.3601449728012085,-0.40690734386444083,0.399620121717453,-0.6495576500892639,-0.12436683177947994,1.2037223100662233,1.752932929992676,-0.7908476591110228,-0.323146790266037,0.0,-0.73163400888443,0.5952935278415681,-0.1417350649833679,-0.7626692771911622,-0.2770116478204727,0.05267885178327558,-0.724304211139679,0.8461267352104187,-1.2468658924102785,0.1535885818302632,0.0,0.0,0.0,0.019157636910676956,0.08204054832458496,-0.05182360112667084,0.9950962066650391,0.019157636910676956,0.08204054832458496,-0.05182360112667084,0.9950962066650391,0.01622537523508072,-0.013216959312558174,-0.028103411197662354,0.9993859529495239,0.04504908621311188,-0.014022083953022957,-0.027710476890206337,0.9985019564628601,0.04347109794616699,-0.018355300650000572,0.06996068358421326,0.9964330792427063,0.035120464861392975,0.09757602214813232,0.07454776763916016,0.9918105006217957,0.04568903148174286,-0.04943573847413063,0.06856869906187057,0.9953727722167969,0.05423043295741081,-0.04886574298143387,0.0689765065908432,0.9949438571929932,0.05423043295741081,-0.04886574298143387,0.0689765065908432,0.9949438571929932,0.010042070411145687,-0.038548730313777924,-0.08604199439287186,0.9954948425292969,-0.05232710391283035,-0.03307976946234703,-0.08828984200954437,0.9941692352294922,-0.05085141956806183,-0.03534046187996864,-0.13187220692634583,0.9893305897712708,-0.0324706956744194,0.0995006412267685,-0.13756757974624634,0.9849470257759094,-0.04993773251771927,-0.02839811146259308,-0.13222764432430267,0.9895533323287964,0.0008358571794815361,-0.0351397842168808,-0.1305904984474182,0.990813136100769,0.0008358571794815361,-0.0351397842168808,-0.1305904984474182,0.990813136100769,0.019157636910676956,0.08204054832458496,-0.05182360112667084,0.9950962066650391,0.01716584712266922,0.04787765443325043,-0.05460313335061073,0.9972119331359863,0.20611107349395752,0.036625828593969345,-0.0626738965511322,0.9758324027061462,0.18931232392787933,0.10832478106021881,-0.32335543632507324,0.9207974076271057,0.06995800882577896,-0.19474709033966064,-0.38631710410118103,0.89885413646698,0.07786252349615097,-0.1939188838005066,-0.40236008167266846,0.8913133144378662,0.07786252349615097,-0.1939188838005066,-0.40236008167266846,0.8913133144378662,0.021310433745384216,0.1283373087644577,-0.05378982424736023,0.9900414943695068,-0.21239793300628662,0.13741758465766907,-0.022051535546779633,0.9672213792800903,-0.1628495752811432,0.21086940169334412,0.25603222846984863,0.929226279258728,-0.03734031319618225,-0.18999934196472168,0.32494211196899414,0.9256990551948547,-0.04775106906890869,-0.18932248651981354,0.34698134660720825,0.9173226356506348,-0.04775106906890869,-0.18932248651981354,0.34698134660720825,0.9173226356506348,0.019157636910676956,0.08204054832458496,-0.05182360112667084,0.9950962066650391
0.050989337265491486,-0.00016261782729998285,0.8125649094581604,0.020504869520664215,0.08280668407678604,-0.05784638598561287,0.9946740865707397,-0.21095548272132875,0.05533180981874466,0.17040176689624784,0.2682376205921173,-0.3033411383628845,0.020560582727193834,-0.27276235818862915,-0.12593827843666078,-0.06007257401943205,0.3178797543048859,-0.27457674741745,0.09794623702764511,0.0,-0.08179543912410736,0.3974910378456116,-0.5572681546211242,-0.6870972633361816,-0.049223332107067114,0.09622284173965455,-0.49048392176628114,0.6045336604118348,-0.8811548471450806,0.05537829473614693,0.0,0.355731189250946,-0.03743051961064339,-0.14266990572214128,0.08426467180252076,0.06526701077818872,-0.6712133049964903,-0.545957535505295,-0.07260064161382622,-0.966514325141907,1.6274469614028932,-0.38331303000450134,0.25956266522407523,-0.9027812480926516,-0.057357873022556266,1.3466352462768556,2.0685827016830447,-0.771935224533081,-0.2674566268920898,0.0,-0.6803710579872131,0.7227760553359986,-0.13700293600559235,-0.8990395903587342,-0.4295616030693056,0.10054577291011815,-0.7637430429458618,0.756810963153839,-1.2164882898330687,0.18665386736392975,0.0,0.0,0.0,0.020504869520664215,0.08280668407678604,-0.05784638598561287,0.9946740865707397,0.020504869520664215,0.08280668407678604,-0.05784638598561287,0.9946740865707397,0.01673397421836853,-0.019365500658750534,-0.032510872930288315,0.9991436004638672,0.04436655342578888,-0.020253952592611313,-0.03197212144732475,0.998298168182373,0.04256851226091385,-0.023977983742952347,0.05309786647558212,0.9973933696746826,0.03533191606402397,0.10961834341287613,0.05832169950008392,0.9916321039199829,0.04368550702929497,-0.041468486189842224,0.0523199662566185,0.9968122243881226,0.053931016474962234,-0.04093562066555023,0.0527404360473156,0.9963103532791138,0.053931016474962234,-0.04093562066555023,0.0527404360473156,0.9963103532791138,0.009757772088050842,-0.04786239564418793,-0.09500741958618164,0.9942774176597595,-0.052829042077064514,-0.04178927093744278,-0.0978306382894516,0.9929208755493164,-0.05164530128240585,-0.04335276037454605,-0.1276095062494278,0.9895298480987549,-0.030871190130710602,0.11381760239601135,-0.13417690992355347,0.9839150905609131,-0.048919759690761566,-0.02191277965903282,-0.1286921203136444,0.9902350306510925,-0.00038641507853753865,-0.02819095551967621,-0.127456396818161,0.991443395614624,-0.00038641507853753865,-0.02819095551967621,-0.127456396818161,0.991443395614624,0.020504869520664215,0.08280668407678604,-0.05784638598561287,0.9946740865707397,0.017892705276608467,0.042203545570373535,-0.06119260936975479,0.9970729351043701,0.21440207958221436,0.029264427721500397,-0.06828658282756805,0.9739159345626831,0.19928359985351562,0.10382097214460373,-0.3292865753173828,0.9171029329299927,0.07385149598121643,-0.20598992705345154,-0.39639735221862793,0.8916183710098267,0.08413168042898178,-0.20489521324634552,-0.416442334651947,0.8817685842514038,0.08413168042898178,-0.20489521324634552,-0.416442334651947,0.8817685842514038,0.02301444485783577,0.13051483035087585,-0.05979692190885544,0.9893738031387329,-0.21788130700588226,0.14114807546138763,-0.026298895478248596,0.9653565287590027,-0.16555143892765045,0.21753773093223572,0.25761836767196655,0.9267702102661133,-0.03532320261001587,-0.19354665279388428,0.32854166626930237,0.9237707853317261,-0.0465921089053154,-0.1928938925266266,0.352130651473999,0.9146721363067627,-0.0465921089053154,-0.1928938925266266,0.352130651473999,0.9146721363067627,0.020504869520664215,0.08280668407678604,-0.05784638598561287,0.9946740865707397
0.056683141738176346,-0.0011578472913242877,0.8090592622756958,0.021842841058969498,0.08382376283407211,-0.06311876326799393,0.9942396283149719,-0.22941097617149353,0.05180860310792923,0.137684628367424,0.3069283962249756,-0.3116731345653534,0.021719640120863914,-0.29796716570854187,-0.1258365511894226,-0.03118637204170227,0.36766931414604187,-0.29091715812683105,0.09431251883506775,0.0,-0.09402430057525635,0.41452717781066895,-0.5598233342170715,-0.7074476480484009,-0.0618143230676651,0.10020772367715836,-0.5053832530975342,0.616545557975769,-0.9029834866523743,0.059289127588272095,0.0,0.2846902012825012,-0.04976147040724754,-0.1752823442220688,0.09620048850774765,0.10783516988158226,-0.5359392762184143,-0.9227746427059174,-0.17616032040677965,-1.6358568668365479,1.934538722038269,-0.4165997803211212,0.05795285105705261,-1.2602403163909912,0.005086362361907959,1.4443100690841675,2.4894778728485107,-0.8170204758644104,-0.1816858947277069,0.0,-0.611443042755127,0.8518069386482239,-0.12775897979736328,-1.017519235610962,-0.629549503326416,0.19924408197402954,-0.7449665069580078,0.6005948185920715,-1.091431975364685,0.1955416351556778,0.0,0.0,0.0,0.021842841058969498,0.08382376283407211,-0.06311876326799393,0.9942396283149719,0.021842841058969498,0.08382376283407211,-0.06311876326799393,0.9942396283149719,0.01720436103641987,-0.027291487902402878,-0.03566654399037361,0.9988428950309753,0.04307002201676369,-0.028206145390868187,-0.03494768962264061,0.9980621337890625,0.04102775827050209,-0.031102031469345093,0.0337897427380085,0.9981020092964172,0.035380393266677856,0.12183589488267899,0.03966423124074936,0.9911261200904846,0.04110780730843544,-0.03346980735659599,0.033692311495542526,0.9980254173278809,0.051943544298410416,-0.03310194984078407,0.03405379503965378,0.9975201487541199,0.051943544298410416,-0.03310194984078407,0.03405379503965378,0.9975201487541199,0.009330921806395054,-0.058815084397792816,-0.10374727845191956,0.9928193092346191,-0.05311281606554985,-0.052175410091876984,-0.10724009573459625,0.991441547870636,-0.05229280889034271,-0.05299723148345947,-0.12268616259098053,0.9896488785743713,-0.02898452617228031,0.1288045197725296,-0.1301780790090561,0.9826611876487732,-0.04754725098609924,-0.014988692477345467,-0.12460213899612427,0.9909535050392151,-0.0007820495520718396,-0.020845623686909676,-0.12375707179307938,0.9920932650566101,-0.0007820495520718396,-0.020845623686909676,-0.12375707179307938,0.9920932650566101,0.021842841058969498,0.08382376283407211,-0.06311876326799393,0.9942396283149719,0.01861095428466797,0.03716367855668068,-0.06700734794139862,0.9968864321708679,0.2233547419309616,0.02257932722568512,-0.0732208788394928,0.9717209339141846,0.20970647037029266,0.10014499723911285,-0.33442389965057373,0.913320779800415,0.07806974649429321,-0.21692003309726715,-0.40599119663238525,0.884320080280304,0.09121265262365341,-0.21546755731105804,-0.4308440685272217,0.8715660572052002,0.09121265262365341,-0.21546755731105804,-0.4308440685272217,0.8715660572052002,0.024706758558750153,0.1334834098815918,-0.0650743916630745,0.9886035919189453,-0.22323964536190033,0.14551368355751038,-0.02963550016283989,0.9633854627609253,-0.1680876463651657,0.22460824251174927,0.2592356503009796,0.9241723418235779,-0.03330691531300545,-0.19602824747562408,0.3320380449295044,0.9220706820487976,-0.04543513432145119,-0.19540177285671234,0.3572218716144562,0.9122205376625061,-0.04543513432145119,-0.19540177285671234,0.3572218716144562,0.9122205376625061,0.021842841058969498,0.08382376283407211,-0.06311876326799393,0.9942396283149719
0.06307856738567351,-0.0015230732969939702,0.8091158390045166,0.023278266191482544,0.08570440113544464,-0.06748413294553757,0.9937598705291748,-0.2627536058425903,0.045388807356357586,0.09632577896118172,0.3722107172012328,-0.31252477169036863,0.01759094092994929,-0.3338502407073974,-0.12504637688398362,0.0012665778398513253,0.4354334294795989,-0.30251431465148926,0.09289436340332032,0.0,-0.1035022661089897,0.43018364310264584,-0.5503040313720703,-0.7264308571815491,-0.06734422892332076,0.1096918761730194,-0.5227333903312683,0.6245875358581543,-0.9215279221534729,0.06475419998168945,0.0,0.30573883652687067,-0.030861369520425827,-0.06841563582420368,0.10990541875362395,0.15802093148231497,-0.4813616156578065,-1.3693886995315543,-0.2630579829216002,-1.8951081752777095,2.7322849750518783,-0.19218902587890663,-0.1006798237562177,-1.580588340759277,0.025739771407097545,1.551312470436096,3.0287144660949696,-0.6747228503227236,-0.11521902084350596,0.0,-0.5289161741733552,0.8104166984558107,0.2344754934310907,-0.9765039324760437,-0.4177169680595402,0.3642221987247464,-0.8184906840324401,0.481497246026993,-0.9929058194160463,0.2421688258647918,0.0,0.0,0.0,0.023278266191482544,0.08570440113544464,-0.06748413294553757,0.9937598705291748,0.023278266191482544,0.08570440113544464,-0.06748413294553757,0.9937598705291748,0.017400603741407394,-0.041569605469703674,-0.03616383671760559,0.9983294010162354,0.04005188122391701,-0.04237912595272064,-0.03524171561002731,0.9976762533187866,0.03815794736146927,-0.04430948570370674,0.012837699614465237,0.9982062578201294,0.035572879016399384,0.1411636620759964,0.019690994173288345,0.9891510605812073,0.03819809854030609,-0.014495257288217545,0.013915717601776123,0.9990682601928711,0.04698290675878525,-0.014344904571771622,0.014068616554141045,0.9986937046051025,0.04698290675878525,-0.014344904571771622,0.014068616554141045,0.9986937046051025,0.008380276151001453,-0.07396700233221054,-0.11302204430103302,0.9908000230789185,-0.0535443052649498,-0.0667632594704628,-0.11741901934146881,0.9893879890441895,-0.053737904876470566,-0.06671711802482605,-0.11680203676223755,0.9894535541534424,-0.02735447697341442,0.14859363436698914,-0.1256721168756485,0.9804990291595459,-0.04595867171883583,-0.000847961287945509,-0.12011507898569107,0.9916951656341553,0.00013550723087973893,-0.006425861269235611,-0.1199394091963768,0.992760419845581,0.00013550723087973893,-0.006425861269235611,-0.1199394091963768,0.992760419845581,0.023278266191482544,0.08570440113544464,-0.06748413294553757,0.9937598705291748,0.019470345228910446,0.034362807869911194,-0.07182668149471283,0.9966349601745605,0.23173974454402924,0.018219154328107834,-0.07748671621084213,0.9695155620574951,0.21939566731452942,0.0968848317861557,-0.33351776003837585,0.9117262959480286,0.08376408368349075,-0.22747525572776794,-0.4098580479621887,0.8793492317199707,0.09841221570968628,-0.22572246193885803,-0.43665266036987305,0.8652738332748413,0.09841221570968628,-0.22572246193885803,-0.43665266036987305,0.8652738332748413,0.026653651148080826,0.14002391695976257,-0.06952482461929321,0.9873445630073547,-0.22937536239624023,0.1532469242811203,-0.030937734991312027,0.9607003927230835,-0.17066799104213715,0.23471194505691528,0.26071202754974365,0.920767068862915,-0.03171943873167038,-0.19390544295310974,0.3352363109588623,0.9214179515838623,-0.044896092265844345,-0.19329240918159485,0.3627229332923889,0.9105243682861328,-0.044896092265844345,-0.19329240918159485,0.3627229332923889,0.9105243682861328,0.023278266191482544,0.08570440113544464,-0.06748413294553757,0.9937598705291748
0.06921312510967255,-0.0018057203385978937,0.8062764048576355,0.02470487169921398,0.08676157891750336,-0.07112301886081696,0.9933799505233765,-0.29817182421684263,0.03889912404119969,0.05576600283384325,0.4436123847961425,-0.31145448088645933,0.010850519128143794,-0.36995986104011536,-0.12521483302116393,0.03014113977551459,0.5072839498519897,-0.3132124304771423,0.09231264740228654,0.0,-0.11173038482666016,0.4480534255504608,-0.5435198783874512,-0.748429000377655,-0.07417993396520614,0.12171787321567534,-0.5412543773651123,0.6308503746986389,-0.9382938385009766,0.07039679437875747,0.0,0.3119452238082886,-0.015783931687474256,-0.08405148410238311,0.11868268698453903,0.14085323214530954,-0.402400016784668,-1.7293990850448608,-0.3230863869190216,-2.0439701795578005,3.447696208953857,0.015075979381799602,-0.2847866266965865,-1.800950050354004,0.010749801248312044,1.5152957677841188,3.5107976913452146,-0.5528865516185761,-0.04581458866596226,0.0,-0.43640285730361944,0.8492227315902708,0.39391062259674087,-1.0396084070205687,-0.3156692504882812,0.5504629373550414,-0.9026323080062866,0.34872469902038583,-0.8738661408424379,0.27857927680015565,0.0,0.0,0.0,0.02470487169921398,0.08676157891750336,-0.07112301886081696,0.9933799505233765,0.02470487169921398,0.08676157891750336,-0.07112301886081696,0.9933799505233765,0.017540397122502327,-0.057675011456012726,-0.03569873794913292,0.9975427985191345,0.036939334124326706,-0.058362338691949844,-0.03459930792450905,0.997011661529541,0.03546597808599472,-0.05939972773194313,-0.006779661402106285,0.9975810050964355,0.036391254514455795,0.16151097416877747,0.0012218861375004053,0.9861989617347717,0.036158282309770584,0.006598312873393297,-0.004437697120010853,0.9993144869804382,0.041580669581890106,0.006615554913878441,-0.004406283143907785,0.9991035461425781,0.041580669581890106,0.006615554913878441,-0.004406283143907785,0.9991035461425781,0.007499770727008581,-0.09002196043729782,-0.12159556150436401,0.9884606599807739,-0.05435820668935776,-0.08223388344049454,-0.126997709274292,0.986992597579956,-0.05567183345556259,-0.08139213919639587,-0.11211666464805603,0.9887900352478027,-0.025774486362934113,0.16933107376098633,-0.12252307683229446,0.9775738716125488,-0.04456630349159241,0.014789558947086334,-0.11700136959552765,0.9920210838317871,0.0012528616935014725,0.00937524065375328,-0.1175636500120163,0.9930203557014465,0.0012528616935014725,0.00937524065375328,-0.1175636500120163,0.9930203557014465,0.02470487169921398,0.08676157891750336,-0.07112301886081696,0.9933799505233765,0.020395932719111443,0.03135615587234497,-0.0758732408285141,0.9964156150817871,0.24124741554260254,0.013708599843084812,-0.08092449605464935,0.9669865965843201,0.23008489608764648,0.09413281083106995,-0.3329419493675232,0.9095876812934875,0.08960067480802536,-0.2385711669921875,-0.4146919548511505,0.8735479116439819,0.10609594732522964,-0.2364615797996521,-0.4438616931438446,0.8577975034713745,0.10609594732522964,-0.2364615797996521,-0.4438616931438446,0.8577975034713745,0.0286530964076519,0.14699450135231018,-0.07327944785356522,0.9860028624534607,-0.2359778732061386,0.16123393177986145,-0.031277190893888474,0.9577785730361938,-0.1738012135028839,0.2449997514486313,0.2622036933898926,0.9170701503753662,-0.030869830399751663,-0.1906677633523941,0.33863189816474915,0.9208806753158569,-0.045082464814186096,-0.19004566967487335,0.36850330233573914,0.9088761210441589,-0.045082464814186096,-0.19004566967487335,0.36850330233573914,0.9088761210441589,0.02470487169921398,0.08676157891750336,-0.07112301886081696,0.9933799505233765
0.07482594698667526,-0.001923209335654974,0.7976449489593506,0.026114685460925102,0.08617493510246277,-0.07331138849258423,0.9932358264923096,-0.33774121999740603,0.03226966559886932,0.016804373264312722,0.527252745628357,-0.30654033422470095,-0.0011133478954434457,-0.40652257204055786,-0.12730055004358293,0.05185892581939698,0.5873072803020478,-0.3221124649047852,0.09340381026268005,0.0,-0.11745880991220474,0.4703498423099518,-0.5422060251235962,-0.7764570116996765,-0.08362723737955094,0.1388275593519211,-0.562117063999176,0.6335549354553223,-0.9515027165412903,0.07639443278312684,0.0,0.2884671151638031,-0.008351819962263104,-0.34469244503416135,0.11760463118553162,-0.011021381616592496,-0.2746705412864684,-1.9162020683288574,-0.3293762743473053,-1.9720535755157471,3.998437404632569,0.1880494751036168,-0.5198416560888292,-1.8213391304016113,-0.07552692964673047,1.1932408571243285,3.8785741806030276,-0.471972906589508,0.029464960098266643,0.0,-0.3239166438579559,1.048421311378479,0.1477471530437468,-1.310952436923981,-0.4331911683082581,0.7792289197444917,-1.0080088257789612,0.18860220313072196,-0.7137994170188903,0.2945562481880188,0.0,0.0,0.0,0.026114685460925102,0.08617493510246277,-0.07331138849258423,0.9932358264923096,0.026114685460925102,0.08617493510246277,-0.07331138849258423,0.9932358264923096,0.017568567767739296,-0.07743216305971146,-0.033311858773231506,0.9962860941886902,0.033642396330833435,-0.07796347141265869,-0.032087214291095734,0.9958716034889221,0.03315441310405731,-0.07827236503362656,-0.023707376793026924,0.996098518371582,0.03848862648010254,0.1839923858642578,-0.014209482818841934,0.982071042060852,0.03588593378663063,0.03190168738365173,-0.019919682294130325,0.998647928237915,0.035332195460796356,0.03195404261350632,-0.01983470842242241,0.9986677169799805,0.035332195460796356,0.03195404261350632,-0.01983470842242241,0.9986677169799805,0.006762221455574036,-0.10789786279201508,-0.12879526615142822,0.9857608079910278,-0.05595173314213753,-0.09948316216468811,-0.1354055553674698,0.9841940402984619,-0.05859258398413658,-0.09798533469438553,-0.10985112190246582,0.9873694777488708,-0.024304810911417007,0.1920054405927658,-0.12213252484798431,0.9734612703323364,-0.043573226779699326,0.033415354788303375,-0.11665209382772446,0.9916537404060364,0.002769455313682556,0.027932900935411453,-0.11808937042951584,0.9926062226295471,0.002769455313682556,0.027932900935411453,-0.11808937042951584,0.9926062226295471,0.026114685460925102,0.08617493510246277,-0.07331138849258423,0.9932358264923096,0.02145467698574066,0.02793939597904682,-0.07837708294391632,0.9963012933731079,0.25301527976989746,0.008899319916963577,-0.0827111303806305,0.9638791084289551,0.24278628826141357,0.09240367263555527,-0.33304792642593384,0.906419038772583,0.09572985023260117,-0.25077149271965027,-0.4215056896209717,0.8661884069442749,0.1147560253739357,-0.24819022417068481,-0.45391762256622314,0.8480516672134399,0.1147560253739357,-0.24819022417068481,-0.45391762256622314,0.8480516672134399,0.03075922280550003,0.1548338085412979,-0.07564669847488403,0.9845597147941589,-0.24353188276290894,0.1697399616241455,-0.0296935997903347,0.9544626474380493,-0.17805735766887665,0.2556783854961395,0.2637525200843811,0.9128848910331726,-0.031495966017246246,-0.18520043790340424,0.34242168068885803,0.9205737709999084,-0.04672019183635712,-0.18452680110931396,0.3748463988304138,0.9073354005813599,-0.04672019183635712,-0.18452680110931396,0.3748463988304138,0.9073354005813599,0.026114685460925102,0.08617493510246277,-0.07331138849258423,0.9932358264923096
0.08021900057792664,-0.0018281708471477034,0.7863804697990417,0.027717558667063713,0.0865057110786438,-0.07578003406524658,0.9929783344268799,-0.39464187026023856,0.028772627934813503,-0.010801904415711735,0.6412316560745238,-0.312433260679245,-0.01017115367576479,-0.45131809115409843,-0.12780306935310365,0.07783779725432392,0.6780671834945677,-0.3351924419403076,0.09459521025419235,0.0,-0.11987369656562805,0.4934320271015167,-0.52895827293396,-0.8082380175590514,-0.09432682245969772,0.15647312700748442,-0.5847855806350708,0.6315953135490417,-0.9593989372253418,0.084683059155941,0.0,0.2740480303764343,0.0005013745278119935,-0.5105634510517119,0.13156020790338513,-0.006802261620760058,-0.2488325715065002,-2.4984072923660268,-0.23750028610229507,-1.6074207544326788,5.092174243927,-0.07850487530231426,-0.5110114932060243,-2.0751196861267087,-0.05678991526365288,1.2137217760086056,4.323263549804687,-0.5703999578952788,0.057565253227949136,0.0,-0.18701509237289443,1.1383938550949095,0.42370960712432804,-1.51399028301239,-0.5099335908889769,0.8715606927871704,-1.0973091840744018,-0.004697442054748285,-0.5010641455650332,0.36861154437065113,0.0,0.0,0.0,0.027717558667063713,0.0865057110786438,-0.07578003406524658,0.9929783344268799,0.027717558667063713,0.0865057110786438,-0.07578003406524658,0.9929783344268799,0.017161477357149124,-0.10461543500423431,-0.029199479147791862,0.9939359426498413,0.031460318714380264,-0.10502808541059494,-0.027711279690265656,0.9935851097106934,0.032250601798295975,-0.10486207902431488,-0.03305273503065109,0.993414044380188,0.04119779169559479,0.21354830265045166,-0.021107707172632217,0.9758351445198059,0.037395820021629333,0.05912622809410095,-0.027266427874565125,0.9971770644187927,0.03232887387275696,0.059271737933158875,-0.02689378149807453,0.9973556995391846,0.03232887387275696,0.059271737933158875,-0.02689378149807453,0.9973556995391846,0.005577756557613611,-0.12868013978004456,-0.13736771047115326,0.9821101427078247,-0.057149700820446014,-0.11964651942253113,-0.14530254900455475,0.9804621338844299,-0.06195654720067978,-0.11730115115642548,-0.10706804692745209,0.9853619933128357,-0.022859472781419754,0.2170851081609726,-0.12163696438074112,0.9682747721672058,-0.04282236844301224,0.052522435784339905,-0.11611129343509674,0.9909217357635498,0.004075859673321247,0.0469738133251667,-0.1184726357460022,0.9918371438980103,0.004075859673321247,0.0469738133251667,-0.1184726357460022,0.9918371438980103,0.027717558667063713,0.0865057110786438,-0.07578003406524658,0.9929783344268799,0.02281138114631176,0.027091722935438156,-0.08103618770837784,0.9960818290710449,0.2653827667236328,0.006459135562181473,-0.0851978287100792,0.9603497982025146,0.25587666034698486,0.09115621447563171,-0.3284522294998169,0.9046196937561035,0.10315723717212677,-0.2644747495651245,-0.4247897267341614,0.8596309423446655,0.12519113719463348,-0.2612093389034271,-0.4608156085014343,0.8388957977294922,0.12519113719463348,-0.2612093389034271,-0.4608156085014343,0.8388957977294922,0.03313387930393219,0.16383135318756104,-0.0782482922077179,0.9828218221664429,-0.25155210494995117,0.17942795157432556,-0.027625087648630142,0.9506649971008301,-0.1829744577407837,0.2670580744743347,0.2635112404823303,0.9087146520614624,-0.03434864804148674,-0.1766653209924698,0.3447173833847046,0.9212923645973206,-0.05085635185241699,-0.1758010983467102,0.3807353079319,0.9063929319381714,-0.05085635185241699,-0.1758010983467102,0.3807353079319,0.9063929319381714,0.027717558667063713,0.0865057110786438,-0.07578003406524658,0.9929783344268799
0.08550217002630234,-0.0016268686158582568,0.773799479007721,0.029416779056191444,0.08729463070631027,-0.07838834077119827,0.9926578402519226,-0.46020814776420593,0.026841800659894943,-0.03273050091229379,0.7703798413276672,-0.3237297236919403,-0.017775928135961294,-0.5002300143241882,-0.12751398980617523,0.10594721138477325,0.7741953730583191,-0.3503623902797699,0.09583672881126404,0.0,-0.12063181400299072,0.5169070959091187,-0.5097435712814331,-0.8418955206871033,-0.10565254837274551,0.1743866354227066,-0.6083570122718811,0.6273036003112793,-0.9646388292312622,0.0941171795129776,0.0,0.2641584575176239,0.0100651104003191,-0.6290494799613953,0.1530326008796692,0.07546370849013329,-0.2739403545856476,-3.278313636779785,-0.09654136002063751,-1.0964298248291016,6.457408905029297,-0.5648231655359269,-0.38023871183395386,-2.4455959796905518,0.014453977346420288,1.405470609664917,4.8064093589782715,-0.7584973573684692,0.06207592412829399,0.0,-0.037905871868133545,1.1737533807754517,0.960735023021698,-1.6828750371932983,-0.5662862658500671,0.8956753611564636,-1.1785714626312256,-0.21458566188812256,-0.26199460029602056,0.47170600295066833,0.0,0.0,0.0,0.029416779056191444,0.08729463070631027,-0.07838834077119827,0.9926578402519226,0.029416779056191444,0.08729463070631027,-0.07838834077119827,0.9926578402519226,0.016525011509656906,-0.13543245196342468,-0.024205246940255165,0.990352988243103,0.029814552515745163,-0.135745108127594,-0.022385496646165848,0.9900420308113098,0.032031964510679245,-0.13523903489112854,-0.038584060966968536,0.9895431399345398,0.04418227821588516,0.24647647142410278,-0.0237213596701622,0.9678505063056946,0.0397818349301815,0.08727684617042542,-0.030531655997037888,0.994921088218689,0.03093755804002285,0.0875447615981102,-0.029754746705293655,0.9952353835105896,0.03093755804002285,0.0875447615981102,-0.029754746705293655,0.9952353835105896,0.004168001934885979,-0.15086327493190765,-0.14657354354858398,0.9776191115379333,-0.05812830105423927,-0.14121800661087036,-0.15588781237602234,0.9758983254432678,-0.06552409380674362,-0.13794207572937012,-0.10399644821882248,0.9827834367752075,-0.021416956558823586,0.24326761066913605,-0.12103711068630219,0.962139368057251,-0.042184311896562576,0.07185642421245575,-0.11545194685459137,0.9898120760917664,0.005276138428598642,0.06624379009008408,-0.118761345744133,0.9906965494155884,0.005276138428598642,0.06624379009008408,-0.118761345744133,0.9906965494155884,0.029416779056191444,0.08729463070631027,-0.07838834077119827,0.9926578402519226,0.024317003786563873,0.027528544887900352,-0.08377271890640259,0.9958077073097229,0.2780236303806305,0.005203108303248882,-0.08802622556686401,0.9565182328224182,0.269126832485199,0.09013775736093521,-0.3214629888534546,0.903386652469635,0.1112155020236969,-0.27888351678848267,-0.4262378215789795,0.85333251953125,0.13648468255996704,-0.27481478452682495,-0.4660339653491974,0.8298560976982117,0.13648468255996704,-0.27481478452682495,-0.4660339653491974,0.8298560976982117,0.03564051166176796,0.1733967810869217,-0.08096176385879517,0.980871319770813,-0.25977590680122375,0.18968552350997925,-0.025311093777418137,0.9465174078941345,-0.188202902674675,0.27875998616218567,0.262347936630249,0.9044589996337891,-0.03831155225634575,-0.16658136248588562,0.3462362289428711,0.922444224357605,-0.056235700845718384,-0.1654522716999054,0.38635313510894775,0.9056458473205566,-0.056235700845718384,-0.1654522716999054,0.38635313510894775,0.9056458473205566,0.029416779056191444,0.08729463070631027,-0.07838834077119827,0.9926578402519226
0.08873082548379899,-0.0017701715696603062,0.7639299511909485,0.03029048442840576,0.08596350997686386,-0.08153333514928818,0.9924944639205933,-0.5330832481384278,0.02514751963317394,-0.05278724431991579,0.9051758646965029,-0.3431108295917511,-0.01998764462769032,-0.5497954487800598,-0.12819104194641112,0.1256443798542023,0.8758532404899598,-0.36118909120559695,0.09683824777603149,0.0,-0.11640898883342743,0.5502291798591614,-0.4884260356426239,-0.8819974422454835,-0.11572715789079667,0.19363838732242586,-0.6310002207756042,0.6165966510772705,-0.9661433696746826,0.09541634768247605,0.0,0.20252303779125208,-0.0002730442211032035,-0.5477056086063384,0.09080576747655861,-0.046798071265220786,-0.3045849323272705,-3.497578287124634,-0.08944497257471083,-1.040274167060852,6.626844120025635,-0.8073624014854435,-0.21844696998596175,-2.4652012825012206,-0.014529974199831517,1.1531032800674437,4.972299480438233,-0.6281999707221984,0.05487593635916709,0.0,0.11152240112423914,1.469163799285889,1.0238200426101685,-1.8762075901031496,-0.5287527918815612,0.9358226656913757,-1.1507248401641845,-0.4070427268743517,-0.1499340534210204,0.22765745520591707,0.0,0.0,0.0,0.03029048442840576,0.08596350997686386,-0.08153333514928818,0.9924944639205933,0.03029048442840576,0.08596350997686386,-0.08153333514928818,0.9924944639205933,0.014252614229917526,-0.17164434492588043,-0.01870157942175865,0.984878420829773,0.02663816697895527,-0.17186933755874634,-0.016562316566705704,0.9846202731132507,0.031404606997966766,-0.1711137443780899,-0.042500417679548264,0.9838331937789917,0.046922165900468826,0.27633213996887207,-0.02439916878938675,0.9596059918403625,0.04205245524644852,0.10845740139484406,-0.03206154704093933,0.9926936626434326,0.03213142603635788,0.10877321660518646,-0.030960405245423317,0.9930647611618042,0.03213142603635788,0.10877321660518646,-0.030960405245423317,0.9930647611618042,0.0016890703700482845,-0.1753610372543335,-0.15614691376686096,0.972041130065918,-0.06057387590408325,-0.16499701142311096,-0.16706383228302002,0.9701529145240784,-0.07096169888973236,-0.16082975268363953,-0.10585325956344604,0.9787203073501587,-0.019227825105190277,0.2693665027618408,-0.12599733471870422,0.9545663595199585,-0.04156086593866348,0.09353399276733398,-0.12048743665218353,0.9874244332313538,0.006278515327721834,0.08759068697690964,-0.12488037347793579,0.9882780313491821,0.006278515327721834,0.08759068697690964,-0.12488037347793579,0.9882780313491821,0.03029048442840576,0.08596350997686386,-0.08153333514928818,0.9924944639205933,0.025195937603712082,0.028306994587183,-0.08677791804075241,0.9955066442489624,0.29468202590942383,0.0036342013627290726,-0.09120458364486694,0.951225996017456,0.28645676374435425,0.08896570652723312,-0.3136124610900879,0.9009299874305725,0.12200545519590378,-0.2952173948287964,-0.42989522218704224,0.8444830179214478,0.150521919131279,-0.2901383936405182,-0.47264620661735535,0.818393886089325,0.150521919131279,-0.2901383936405182,-0.47264620661735535,0.818393886089325,0.03751271963119507,0.18149664998054504,-0.08424526453018188,0.9790579080581665,-0.2681201100349426,0.1986808180809021,-0.02370399236679077,0.9423776865005493,-0.19489601254463196,0.28844529390335083,0.25770899653434753,0.9013329744338989,-0.04585262015461922,-0.15704509615898132,0.3452256917953491,0.9241501688957214,-0.06358203291893005,-0.15553976595401764,0.3860481083393097,0.9070454835891724,-0.06358203291893005,-0.15553976595401764,0.3860481083393097,0.9070454835891724,0.03029048442840576,0.08596350997686386,-0.08153333514928818,0.9924944639205933
0.0918094739317894,-0.0030670952051878057,0.7525327563285827,0.031272150576114655,0.08419981598854065,-0.0845002681016922,0.9923669099807739,-0.6051986813545228,0.023634713888168332,-0.07154544889926914,1.0366003036499025,-0.3640347659587861,-0.023265550658106815,-0.6001402616500856,-0.1319069415330887,0.13961872756481172,0.9811800718307497,-0.3716328740119934,0.09560176730155943,0.0,-0.11164676845073698,0.585801661014557,-0.4679794549942016,-0.9244439363479615,-0.1257179826498032,0.21146565079689028,-0.6546752452850343,0.6057047367095947,-0.9668421387672425,0.09638342261314392,0.0,0.1569325506687164,-0.04177376488223695,-0.5393063664436344,0.054421235620975526,-0.15511623620986956,-0.315582776069641,-3.62096471786499,-0.0792697891592979,-0.9638809204101559,6.638653373718261,-1.0153401374816897,-0.1425714910030367,-2.50165286064148,-0.12501802444458068,0.8131737709045399,5.192961883544923,-0.5298474967479705,-0.017064038664103,0.0,0.22732309699058545,1.7336160182952884,1.0397480726242063,-2.0754331111907964,-0.5012169301509857,0.9198528885841367,-1.1631148815155032,-0.5408964157104492,-0.051053877174854115,0.05499561131000512,0.0,0.0,0.0,0.031272150576114655,0.08419981598854065,-0.0845002681016922,0.9923669099807739,0.031272150576114655,0.08419981598854065,-0.0845002681016922,0.9923669099807739,0.011968988925218582,-0.20768660306930542,-0.013127773068845272,0.9780341386795044,0.023527704179286957,-0.2078288048505783,-0.010681776329874992,0.9778238534927368,0.031074026599526405,-0.20685428380966187,-0.04561794921755791,0.976813554763794,0.04957422986626625,0.3042294979095459,-0.02417856454849243,0.9510006308555603,0.04438033699989319,0.12705975770950317,-0.03276357054710388,0.9903598427772522,0.03285909444093704,0.12743063271045685,-0.03126702085137367,0.9908097386360168,0.03285909444093704,0.12743063271045685,-0.03126702085137367,0.9908097386360168,-0.0007174344500526786,-0.20050057768821716,-0.16558223962783813,0.965599000453949,-0.06433787941932678,-0.18912766873836517,-0.17849254608154297,0.9634479284286499,-0.07738645374774933,-0.18417322635650635,-0.1108577772974968,0.973551332950592,-0.01566893234848976,0.296190083026886,-0.13420158624649048,0.9455241560935974,-0.040223900228738785,0.11641089618206024,-0.1289949119091034,0.9839669466018677,0.006845399737358093,0.11013519763946533,-0.13437864184379578,0.9847669005393982,0.006845399737358093,0.11013519763946533,-0.13437864184379578,0.9847669005393982,0.031272150576114655,0.08419981598854065,-0.0845002681016922,0.9923669099807739,0.02622627094388008,0.028918523341417313,-0.08958495408296585,0.9952137470245361,0.31245625019073486,0.0017997222021222115,-0.09411643445491791,0.9452565908432007,0.30490177869796753,0.0877358466386795,-0.3057698905467987,0.8976870775222778,0.13323615491390228,-0.3119930624961853,-0.43460527062416077,0.8342822790145874,0.16505959630012512,-0.3058248460292816,-0.48007911443710327,0.8054504990577698,0.16505959630012512,-0.3058248460292816,-0.48007911443710327,0.8054504990577698,0.03944818302989006,0.1884600818157196,-0.08730505406856537,0.9773968458175659,-0.2768958806991577,0.20652657747268677,-0.022044381126761436,0.9381840825080872,-0.20242714881896973,0.29709693789482117,0.2530406713485718,0.8981797695159912,-0.05431411415338516,-0.14801867306232452,0.3445379137992859,0.9254373908042908,-0.07180367410182953,-0.14610090851783752,0.3858976364135742,0.9080649018287659,-0.07180367410182953,-0.14610090851783752,0.3858976364135742,0.9080649018287659,0.031272150576114655,0.08419981598854065,-0.0845002681016922,0.9923669099807739
0.09458810836076738,-0.006671260204166186,0.7380802273750304,0.032470058649778366,0.08157197386026382,-0.08711192011833191,0.9923221468925476,-0.6757947802543642,0.02248485870659351,-0.08770657628774649,1.161281573772431,-0.38804436326026925,-0.02867583669722082,-0.6520438313484194,-0.14170053601264956,0.142147433757782,1.093844830989838,-0.38131082057952886,0.08988928794860838,0.0,-0.10580575764179227,0.6258749365806581,-0.44927478432655327,-0.9715795755386354,-0.1355412378907204,0.22644393742084507,-0.6804139018058778,0.5944428920745849,-0.965929365158081,0.09668631106615067,0.0,0.1434319287538528,-0.14559961715713177,-0.6767963826656347,0.06972130686044697,-0.23554716408252743,-0.287287151813507,-3.552594709396362,-0.06293701380491251,-0.8470124959945675,6.335210704803465,-1.1541948437690739,-0.23852858245372804,-2.571796989440918,-0.3985142767429361,0.29811990261077703,5.523168849945069,-0.49538484811782824,-0.2184839881956584,0.0,0.275868657231331,1.9361518383026128,0.9613621234893797,-2.286444568634034,-0.49367629289627074,0.791648948192596,-1.2559782505035404,-0.5575432777404785,0.021465535461902857,0.025107219815254114,0.0,0.0,0.0,0.032470058649778366,0.08157197386026382,-0.08711192011833191,0.9923221468925476,0.032470058649778366,0.08157197386026382,-0.08711192011833191,0.9923221468925476,0.009685549885034561,-0.24357393383979797,-0.007446989417076111,0.9698054790496826,0.020589832216501236,-0.2436438351869583,-0.004717356525361538,0.9696346521377563,0.03137919306755066,-0.2425062656402588,-0.04719033092260361,0.9684932231903076,0.05210351198911667,0.3285127878189087,-0.022189795970916748,0.9428001642227173,0.046849094331264496,0.14057055115699768,-0.031830184161663055,0.988449215888977,0.032674673944711685,0.1410108059644699,-0.029795197769999504,0.9890199303627014,0.032674673944711685,0.1410108059644699,-0.029795197769999504,0.9890199303627014,-0.002976007526740432,-0.22701646387577057,-0.17483492195606232,0.9580644369125366,-0.07077383995056152,-0.21404600143432617,-0.19052301347255707,0.9554457664489746,-0.08580847084522247,-0.2084735631942749,-0.12219526618719101,0.9665629267692566,-0.00938408263027668,0.32456323504447937,-0.14894500374794006,0.9340160489082336,-0.037470534443855286,0.14168818295001984,-0.14446578919887543,0.9785959720611572,0.006542298477143049,0.13507521152496338,-0.15065455436706543,0.979293167591095,0.006542298477143049,0.13507521152496338,-0.15065455436706543,0.979293167591095,0.032470058649778366,0.08157197386026382,-0.08711192011833191,0.9923221468925476,0.027559712529182434,0.029196545481681824,-0.0919967070221901,0.9949495792388916,0.3325193524360657,-0.0005642775795422494,-0.09651409089565277,0.9381448030471802,0.3256462812423706,0.0864153504371643,-0.29803308844566345,0.8931198716163635,0.14538325369358063,-0.32974332571029663,-0.4415658414363861,0.8216768503189087,0.18065400421619415,-0.32235467433929443,-0.4893595278263092,0.7899232506752014,0.18065400421619415,-0.32235467433929443,-0.4893595278263092,0.7899232506752014,0.04151438549160957,0.19317111372947693,-0.08992694318294525,0.9761530160903931,-0.28658348321914673,0.2121092975139618,-0.020284438505768776,0.9340599179267883,-0.21166761219501495,0.3037308156490326,0.24835996329784393,0.8951321840286255,-0.06462138146162033,-0.1400352269411087,0.34454381465911865,0.9260150790214539,-0.08178359270095825,-0.1376330703496933,0.38611137866973877,0.9084528684616089,-0.08178359270095825,-0.1376330703496933,0.38611137866973877,0.9084528684616089,0.032470058649778366,0.08157197386026382,-0.08711192011833191,0.9923221468925476
0.0981455698609352,-0.010628018155694004,0.7179451823234558,0.032682958990335464,0.07966107875108719,-0.08901350200176239,0.9923017024993896,-0.7379398465156555,0.019887577742338184,-0.10656604468822477,1.270047092437744,-0.40727266669273376,-0.038808836415410025,-0.6987563371658325,-0.14823853075504304,0.14662559926509858,1.2023460149765013,-0.39958984851837154,0.08445124030113221,0.0,-0.09331012666225436,0.677245032787323,-0.422598946094513,-1.0279313802719114,-0.13876252472400666,0.24551654458045957,-0.7131669282913208,0.5723835229873657,-0.971170175075531,0.08585323691368105,0.0,0.16229652762413022,-0.1907860279083252,-0.8931018471717832,0.02335007935762414,-0.21598896980285653,-0.22926627993583687,-3.2762737274169926,-0.10091552883386605,-0.8890065670013426,5.756590652465821,-1.0570409536361698,-0.41219567656517003,-2.4394464969635012,-0.3920117080211641,0.1849190890789031,5.508330535888672,-0.7419297158718104,-0.2773910164833069,0.0,0.4916891038417813,2.342568349838256,1.1743685007095332,-2.633266687393188,-0.2931037008762363,0.8717439055442808,-1.4973638057708736,-0.8870179176330562,-0.13896881714463205,-0.31893443856388276,0.0,0.0,0.0,0.032682958990335464,0.07966107875108719,-0.08901350200176239,0.9923017024993896,0.032682958990335464,0.07966107875108719,-0.08901350200176239,0.9923017024993896,0.006878026761114597,-0.27442893385887146,-0.001767068519257009,0.9615812301635742,0.016448315232992172,-0.2744399309158325,0.0009305246639996767,0.961463212966919,0.031231597065925598,-0.27318280935287476,-0.05022130161523819,0.9601424932479858,0.05498840659856796,0.34961917996406555,-0.021817324683070183,0.9350224137306213,0.04942832887172699,0.15330493450164795,-0.03249943628907204,0.9864067435264587,0.030287854373455048,0.15391011536121368,-0.029466871172189713,0.9871808290481567,0.030287854373455048,0.15391011536121368,-0.029466871172189713,0.9871808290481567,-0.005795425735414028,-0.250360369682312,-0.1823512762784958,0.9508070945739746,-0.07617625594139099,-0.2361563891172409,-0.20042508840560913,0.9477642774581909,-0.09330455213785172,-0.22992637753486633,-0.13047564029693604,0.9598981142044067,-0.0028064262587577105,0.353265643119812,-0.1603216826915741,0.9216792583465576,-0.034642502665519714,0.16332533955574036,-0.15657225251197815,0.9734525680541992,0.006489759776741266,0.15658992528915405,-0.16329258680343628,0.9740498661994934,0.006489759776741266,0.15658992528915405,-0.16329258680343628,0.9740498661994934,0.032682958990335464,0.07966107875108719,-0.08901350200176239,0.9923017024993896,0.028278179466724396,0.03348170593380928,-0.0933448076248169,0.9946688413619995,0.35708045959472656,0.0005176834529265761,-0.0992734283208847,0.9287830591201782,0.35040283203125,0.08722411841154099,-0.28688696026802063,0.8873023986816406,0.16039317846298218,-0.34797191619873047,-0.4494847059249878,0.8069405555725098,0.19746488332748413,-0.33952596783638,-0.49705973267555237,0.7737321257591248,0.19746488332748413,-0.33952596783638,-0.49705973267555237,0.7737321257591248,0.04271397739648819,0.2005796730518341,-0.09197867661714554,0.9744143486022949,-0.30009540915489197,0.22005143761634827,-0.0160688403993845,0.928041934967041,-0.2257126122713089,0.31198012828826904,0.24080954492092133,0.8909169435501099,-0.07943657040596008,-0.1327587068080902,0.34465157985687256,0.9258942604064941,-0.09440423548221588,-0.13011488318443298,0.38161396980285645,0.9102356433868408,-0.09440423548221588,-0.13011488318443298,0.38161396980285645,0.9102356433868408,0.032682958990335464,0.07966107875108719,-0.08901350200176239,0.9923017024993896
0.102092444896698,-0.01476107258349657,0.6949688792228699,0.032403379678726196,0.07810874283313751,-0.09056010842323303,0.9922942519187927,-0.7958593964576721,0.016566583886742592,-0.12677468359470367,1.3708547353744507,-0.4241103231906891,-0.0513031929731369,-0.7428733110427856,-0.15314872562885284,0.15207849442958832,1.3087654113769531,-0.42216941714286804,0.07915040850639343,0.0,-0.07748718559741974,0.73426353931427,-0.3919375240802765,-1.0888912677764893,-0.13868282735347748,0.26663631200790405,-0.7494271397590637,0.5449253916740417,-0.9794877767562866,0.0694521814584732,0.0,0.19734373688697815,-0.2066527158021927,-1.1488150358200073,-0.05385679751634598,-0.14643621444702148,-0.15638278424739838,-2.895977258682251,-0.16604968905448914,-1.0104318857192993,5.040381908416748,-0.8418827652931213,-0.6247177720069885,-2.2058486938476562,-0.24550972878932953,0.2726447582244873,5.320969581604004,-1.1289783418178558,-0.2650415897369385,0.0,0.791146993637085,2.8509252071380615,1.5330710411071777,-3.0479941368103027,0.00398486852645874,1.0559883117675781,-1.8130104541778564,-1.3729064464569092,-0.4158800579607487,-0.8200527289882302,0.0,0.0,0.0,0.032403379678726196,0.07810874283313751,-0.09056010842323303,0.9922942519187927,0.032403379678726196,0.07810874283313751,-0.09056010842323303,0.9922942519187927,0.0038082324899733067,-0.30266639590263367,0.003909238148480654,0.953080952167511,0.011702659539878368,-0.3026236295700073,0.006416149437427521,0.9530166983604431,0.030848821625113487,-0.3012745678424835,-0.0539654865860939,0.9515091776847839,0.05804193392395973,0.36907774209976196,-0.02224987931549549,0.9273175001144409,0.05205890163779259,0.16563855111598969,-0.03396754711866379,0.9842255711555481,0.0267975851893425,0.16645528376102448,-0.02970794588327408,0.9852370023727417,0.0267975851893425,0.16645528376102448,-0.02970794588327408,0.9852370023727417,-0.008893013000488281,-0.2720593810081482,-0.18896037340164185,0.9435033798217773,-0.08104453980922699,-0.25680676102638245,-0.2092190682888031,0.9400582313537598,-0.10031893104314804,-0.24990805983543396,-0.13720205426216125,0.953235387802124,0.003915287554264069,0.3819223642349243,-0.16992045938968658,0.9084310531616211,-0.031773459166288376,0.18311023712158203,-0.16696926951408386,0.9682883620262146,0.006561625748872757,0.17636074125766754,-0.17408326268196106,0.9687873125076294,0.006561625748872757,0.17636074125766754,-0.17408326268196106,0.9687873125076294,0.032403379678726196,0.07810874283313751,-0.09056010842323303,0.9922942519187927,0.02868826873600483,0.039769355207681656,-0.09415817260742188,0.9943488240242004,0.3836878836154938,0.0033220346085727215,-0.10215834528207779,0.9177888035774231,0.3769476115703583,0.08904486894607544,-0.273867130279541,0.8803285360336304,0.17674051225185394,-0.36624079942703247,-0.4576316177845001,0.7906982898712158,0.21477936208248138,-0.3568430244922638,-0.5037211775779724,0.756834089756012,0.21477936208248138,-0.3568430244922638,-0.5037211775779724,0.756834089756012,0.04347773641347885,0.20932510495185852,-0.09373988956212997,0.9723711013793945,-0.31543272733688354,0.22910992801189423,-0.010621270164847374,0.920813798904419,-0.24208451807498932,0.3209342658519745,0.2317463904619217,0.8858272433280945,-0.09648626297712326,-0.12580637633800507,0.3447323143482208,0.9252150058746338,-0.1083260178565979,-0.12304747104644775,0.3746887147426605,0.9125421643257141,-0.1083260178565979,-0.12304747104644775,0.3746887147426605,0.9125421643257141,0.032403379678726196,0.07810874283313751,-0.09056010842323303,0.9922942519187927
0.10643581748008729,-0.02029270343482495,0.6753726243972779,0.03177177533507347,0.07592973113059998,-0.09372410178184509,0.9921900033950806,-0.8426170229911805,0.011675170622766013,-0.14878794848918916,1.45749351978302,-0.45261110067367555,-0.05760826170444489,-0.7807380557060242,-0.157218798995018,0.15752794742584228,1.4135995149612428,-0.4475574016571045,0.06965715885162352,0.0,-0.05670398846268651,0.8195171952247621,-0.35478261709213255,-1.154259204864502,-0.13628988564014435,0.2886144757270813,-0.8144702076911927,0.5191314816474915,-1.0180439949035645,0.050479689985513665,0.0,0.209238663315773,-0.2486100018024445,-1.0474136233329772,-0.08561246991157535,-0.1782362431287766,-0.25277294516563426,-2.5611195564270015,-0.21316227018833167,-1.064570665359497,4.615316295623779,-1.1917763948440556,-0.43903915286064127,-2.0182817459106444,-0.2203060835599899,0.27254149317741394,5.273410797119141,-1.213230848312378,-0.39081410765647906,0.0,0.9399546623229982,3.6979795455932627,1.727875590324402,-3.1802356243133545,0.07338219434022912,1.0817402362823487,-2.676496076583863,-1.3229798078536987,-1.323038476705552,-0.8971958279609681,0.0,0.0,0.0,0.03177177533507347,0.07592973113059998,-0.09372410178184509,0.9921900033950806,0.03177177533507347,0.07592973113059998,-0.09372410178184509,0.9921900033950806,-4.015653394162655e-05,-0.32599738240242004,0.006968263536691666,0.9453449845314026,0.005491327960044146,-0.32595789432525635,0.008833322674036026,0.94532710313797,0.029875628650188446,-0.3246704936027527,-0.06139415502548218,0.9433596134185791,0.06330599635839462,0.3859959840774536,-0.025766413658857346,0.9199649691581726,0.05585707351565361,0.16973745822906494,-0.03934843838214874,0.9831179976463318,0.02752184122800827,0.17080968618392944,-0.034434400498867035,0.984317421913147,0.02752184122800827,0.17080968618392944,-0.034434400498867035,0.984317421913147,-0.012572760693728924,-0.2913476228713989,-0.1960553079843521,0.9362269639968872,-0.08604413270950317,-0.27504104375839233,-0.2183547466993332,0.932346522808075,-0.107448510825634,-0.2674015462398529,-0.14432865381240845,0.946636438369751,0.012361710891127586,0.4113525152206421,-0.17944517731666565,0.893552303314209,-0.027853816747665405,0.2028169333934784,-0.17771565914154053,0.9625520706176758,0.005699814762920141,0.19654028117656708,-0.18460798263549805,0.9629431366920471,0.005699814762920141,0.19654028117656708,-0.18460798263549805,0.9629431366920471,0.03177177533507347,0.07592973113059998,-0.09372410178184509,0.9921900033950806,0.02899247035384178,0.04788272827863693,-0.09635482728481293,0.9937717914581299,0.4224756360054016,0.0053839958272874355,-0.10764048993587494,0.8999438285827637,0.416157066822052,0.0892186164855957,-0.2600035071372986,0.8667476177215576,0.20254290103912354,-0.38211172819137573,-0.47474804520606995,0.7665386199951172,0.24063190817832947,-0.3714999556541443,-0.5180876851081848,0.7318943738937378,0.24063190817832947,-0.3714999556541443,-0.5180876851081848,0.7318943738937378,0.0442313477396965,0.2178274691104889,-0.09714888036251068,0.9701324701309204,-0.3435838222503662,0.23848307132720947,-0.002730126027017832,0.9083328247070312,-0.27106714248657227,0.332926481962204,0.22462837398052216,0.874771237373352,-0.11828312277793884,-0.12662622332572937,0.3554515242576599,0.91849285364151,-0.12688346207141876,-0.12427020072937012,0.3770694434642792,0.9089972972869873,-0.12688346207141876,-0.12427020072937012,0.3770694434642792,0.9089972972869873,0.03177177533507347,0.07592973113059998,-0.09372410178184509,0.9921900033950806
0.11048043221235276,-0.025956866890192044,0.6560735583305358,0.03160790726542473,0.07337366044521332,-0.09681908041238785,0.9920904636383057,-0.8836592078208924,0.00928153488785029,-0.16836986839771273,1.5429722785949709,-0.4813352227210999,-0.0665184244513512,-0.8150738120079041,-0.160433766245842,0.16431897878646853,1.5145408391952517,-0.47245844602584847,0.06199444085359573,0.0,-0.03541912958025927,0.9084494829177858,-0.312953421473503,-1.222339177131653,-0.12592546790838235,0.311141723394394,-0.8851174712181094,0.4869708836078643,-1.059787392616272,0.026609217375516817,0.0,0.20820587873458857,-0.2805575013160706,-0.9708970189094542,-0.08080774098634702,-0.22471995353698748,-0.3156960904598236,-2.1664178609848013,-0.16963733136653852,-1.027722835540771,4.297138404846192,-1.4317391395568848,-0.39340622425079397,-1.7873674631118768,-0.1778504699468611,0.31271999478340173,5.124921512603759,-1.254790949821472,-0.4197465062141415,0.0,1.0542096376419068,4.373041439056397,1.9979739189147958,-3.3497576713562016,0.35879135578870935,1.1153806924819947,-3.4202790260314955,-1.4806960105896008,-2.0234261512756353,-1.0955639839172373,0.0,0.0,0.0,0.03160790726542473,0.07337366044521332,-0.09681908041238785,0.9920904636383057,0.03160790726542473,0.07337366044521332,-0.09681908041238785,0.9920904636383057,-0.0033200718462467194,-0.346924751996994,0.009221670217812061,0.9378417730331421,0.0010286783799529076,-0.34687745571136475,0.010841035284101963,0.9378473162651062,0.03024592250585556,-0.3455592393875122,-0.06803658604621887,0.9354384541511536,0.06912152469158173,0.4044596254825592,-0.02757023647427559,0.911523163318634,0.0605473518371582,0.175542950630188,-0.043290138244628906,0.9816541075706482,0.02787628583610058,0.17688414454460144,-0.03739906847476959,0.9831256866455078,0.02787628583610058,0.17688414454460144,-0.03739906847476959,0.9831256866455078,-0.015587614849209785,-0.30920684337615967,-0.20276346802711487,0.9289968013763428,-0.08997661620378494,-0.29196256399154663,-0.2268933802843094,0.9247602224349976,-0.11366144567728043,-0.28358155488967896,-0.15024547278881073,0.9402599930763245,0.02072068117558956,0.43980276584625244,-0.18722081184387207,0.8781187534332275,-0.023701732978224754,0.2220800817012787,-0.18687516450881958,0.9566590785980225,0.005963698495179415,0.2161872237920761,-0.1936514973640442,0.9569361209869385,0.005963698495179415,0.2161872237920761,-0.1936514973640442,0.9569361209869385,0.03160790726542473,0.07337366044521332,-0.09681908041238785,0.9920904636383057,0.029823336750268936,0.05586154758930206,-0.0984603762626648,0.9931241273880005,0.46252918243408203,0.006884726230055094,-0.11311830580234528,0.8793312907218933,0.45694559812545776,0.08686854690313339,-0.24426668882369995,0.8508751392364502,0.229646235704422,-0.39883196353912354,-0.49288856983184814,0.7384148836135864,0.26541784405708313,-0.3877769708633423,-0.5310133099555969,0.7051292657852173,0.26541784405708313,-0.3877769708633423,-0.5310133099555969,0.7051292657852173,0.045499250292778015,0.2262091338634491,-0.1004059910774231,0.9678212404251099,-0.3733213245868683,0.24738809466362,0.006298714317381382,0.894086480140686,-0.30301356315612793,0.3431394696235657,0.21578644216060638,0.8624815344810486,-0.1427627056837082,-0.12952657043933868,0.36720484495162964,0.9099463820457458,-0.147264763712883,-0.12812873721122742,0.37852343916893005,0.9047741293907166,-0.147264763712883,-0.12812873721122742,0.37852343916893005,0.9047741293907166,0.03160790726542473,0.07337366044521332,-0.09681908041238785,0.9920904636383057
0.11392753124237062,-0.03188609555363657,0.6373688697814941,0.032379891723394394,0.07006441056728363,-0.09977708011865616,0.9920116066932678,-0.9132705092430116,0.01188345421105624,-0.18308909833431247,1.6261309862136843,-0.5105060338974,-0.08063877522945409,-0.8423515915870667,-0.1619385212659836,0.17379316687583926,1.6076966047286991,-0.49638561010360727,0.05799278616905211,0.0,-0.013130947202444003,1.004739034175873,-0.26177564859390245,-1.2958432197570804,-0.0996180981397628,0.3347671389579774,-0.966973125934601,0.44207690954208356,-1.107905149459839,-0.007057217508554571,0.0,0.18131767213344566,-0.2924854278564454,-0.9441500306129454,-0.0028822019696232992,-0.3005710273981097,-0.3116852045059204,-1.6520281791686995,0.055162647366524487,-0.8089017868041986,4.192735958099365,-1.451840114593506,-0.6278646767139442,-1.4697585105895985,-0.10089091956615422,0.4334620296955113,4.774571228027343,-1.2109663009643554,-0.2549986660480494,0.0,1.0993592262268068,4.7041184425354015,2.418659806251527,-3.5938408374786386,1.0762241885066057,1.1647982120513918,-3.9246566295623797,-2.053697896003725,-2.3102722406387337,-1.5363822817802444,0.0,0.0,0.0,0.032379891723394394,0.07006441056728363,-0.09977708011865616,0.9920116066932678,0.032379891723394394,0.07006441056728363,-0.09977708011865616,0.9920116066932678,-0.005461842752993107,-0.3633105158805847,0.009868831373751163,0.9315997958183289,6.990211841184646e-05,-0.3632446527481079,0.01203678734600544,0.9316161274909973,0.033329639583826065,-0.36171382665634155,-0.07315845042467117,0.928816556930542,0.07605020701885223,0.4260864853858948,-0.025953354313969612,0.9011064767837524,0.06702204048633575,0.18476328253746033,-0.04435355216264725,0.9794914722442627,0.027491305023431778,0.18639954924583435,-0.03684022277593613,0.9813980460166931,0.027491305023431778,0.18639954924583435,-0.03684022277593613,0.9813980460166931,-0.01727927289903164,-0.32437869906425476,-0.20881465077400208,0.9224295020103455,-0.09182727336883545,-0.30642449855804443,-0.23437145352363586,0.9180096387863159,-0.11810226738452911,-0.2972867488861084,-0.15382559597492218,0.9348850846290588,0.028912723064422607,0.46683061122894287,-0.19173775613307953,0.8628267049789429,-0.019104257225990295,0.2405756413936615,-0.19296909868717194,0.951063334941864,0.008482457138597965,0.23488536477088928,-0.19984617829322815,0.9512195587158203,0.008482457138597965,0.23488536477088928,-0.19984617829322815,0.9512195587158203,0.032379891723394394,0.07006441056728363,-0.09977708011865616,0.9920116066932678,0.031709618866443634,0.06357426196336746,-0.10039069503545761,0.9924084544181824,0.5056204199790955,0.007267315406352282,-0.11872784048318863,0.8545166850090027,0.5013471245765686,0.07959853112697601,-0.22517628967761993,0.8316314816474915,0.2594907879829407,-0.41760751605033875,-0.5135276913642883,0.7032480835914612,0.2884058654308319,-0.4078521430492401,-0.5418543219566345,0.6759234666824341,0.2884058654308319,-0.4078521430492401,-0.5418543219566345,0.6759234666824341,0.04779969900846481,0.23436883091926575,-0.10336799919605255,0.9654540419578552,-0.40645328164100647,0.2555287182331085,0.017587050795555115,0.8770356178283691,-0.3410222828388214,0.35001081228256226,0.20367012917995453,0.8483600616455078,-0.17260333895683289,-0.13661037385463715,0.3810865581035614,0.8979525566101074,-0.17129921913146973,-0.13727425038814545,0.3781782388687134,0.8993295431137085,-0.17129921913146973,-0.13727425038814545,0.3781782388687134,0.8993295431137085,0.032379891723394394,0.07006441056728363,-0.09977708011865616,0.9920116066932678
0.11871896833181383,-0.03637097105383875,0.6183252692222594,0.03066154755651951,0.06742841750383377,-0.10359525680541992,0.9918575286865234,-0.9356369853019715,0.01528015788644554,-0.19679174721241002,1.7131830215454105,-0.5409460663795472,-0.09115748256444935,-0.8579810976982117,-0.14606797099113453,0.18882361650466928,1.6932226419448857,-0.5168856978416444,0.06794579476118096,0.0,0.007551303692162125,1.1081757783889774,-0.2096513658761976,-1.3661126375198367,-0.0872042819857597,0.3401261031627655,-1.0607302784919743,0.3940051734447477,-1.1614287137985233,-0.033638091757893666,0.0,0.2126850843429568,-0.25313081741332977,-0.9454017281532289,-0.12446998357772923,-0.268730396032333,-0.3503766238689425,-1.2632202148437486,0.15393948554992692,-0.7054640054702757,4.274735069274903,-1.4966170787811282,-0.5979681968688958,-1.0144407033920264,0.44602137356996885,0.640397208929063,4.428896045684813,-1.0935458183288567,0.21855713129043858,0.0,1.0662311077117916,5.028893184661866,2.587283802032471,-3.578163146972656,0.8985618114471408,0.6332772016525232,-4.449827480316165,-2.3400314331054695,-2.568061828613282,-1.4707549571990952,0.0,0.0,0.0,0.03066154755651951,0.06742841750383377,-0.10359525680541992,0.9918575286865234,0.03066154755651951,0.06742841750383377,-0.10359525680541992,0.9918575286865234,-0.009904609993100166,-0.3754149079322815,0.009969542734324932,0.9267503023147583,-0.0028290734626352787,-0.3753253221511841,0.012849954888224602,0.9267998933792114,0.03410044685006142,-0.3737969994544983,-0.07824015617370605,0.9235753417015076,0.08153507113456726,0.4530116319656372,-0.0253667663782835,0.8874058723449707,0.07175581902265549,0.19944283366203308,-0.046261124312877655,0.976183295249939,0.027214257046580315,0.20134571194648743,-0.03707468509674072,0.9784399271011353,0.027214257046580315,0.20134571194648743,-0.03707468509674072,0.9784399271011353,-0.0210050530731678,-0.3338915705680847,-0.21329540014266968,0.917921781539917,-0.08795663714408875,-0.31746071577072144,-0.2370297610759735,0.9139471054077148,-0.11754877865314484,-0.3077825903892517,-0.14982721209526062,0.9322039484977722,0.0341365672647953,0.4943784177303314,-0.18737125396728516,0.8481254577636719,-0.014834302477538586,0.2611905634403229,-0.18987220525741577,0.9463127851486206,0.017291031777858734,0.25462648272514343,-0.1987553834915161,0.9462360739707947,0.017291031777858734,0.25462648272514343,-0.1987553834915161,0.9462360739707947,0.03066154755651951,0.06742841750383377,-0.10359525680541992,0.9918575286865234,0.031094305217266083,0.07115674763917923,-0.10326133668422699,0.9916183948516846,0.548163115978241,0.005933530628681183,-0.1254051774740219,0.8268950581550598,0.5453091859817505,0.06786433607339859,-0.208004891872406,0.8091764450073242,0.28746896982192993,-0.4343259334564209,-0.5376570820808411,0.6630592346191406,0.3132665753364563,-0.4249386489391327,-0.5605096817016602,0.6380596160888672,0.3132665753364563,-0.4249386489391327,-0.5605096817016602,0.6380596160888672,0.046995073556900024,0.23431742191314697,-0.10745978355407715,0.9650592803955078,-0.44762325286865234,0.25669607520103455,0.025792820379137993,0.8561981916427612,-0.389274924993515,0.34901776909828186,0.1875096559524536,0.8315598368644714,-0.21167001128196716,-0.14991316199302673,0.3999195992946625,0.8790826797485352,-0.2054271101951599,-0.1530628800392151,0.386314332485199,0.8860770463943481,-0.2054271101951599,-0.1530628800392151,0.386314332485199,0.8860770463943481,0.03066154755651951,0.06742841750383377,-0.10359525680541992,0.9918575286865234
0.12418257445096972,-0.04013366997241976,0.5991122126579284,0.027697451412677765,0.06512772291898727,-0.1078413873910904,0.991645872592926,-0.9543810486793518,0.019074253737926528,-0.20998610556125646,1.802181720733643,-0.572020709514618,-0.09987536817789085,-0.8677864670753479,-0.1215097680687903,0.20663219690322884,1.7749338150024419,-0.5356722474098206,0.08487613499164591,0.0,0.027430588379502394,1.2151861190795903,-0.1570538282394406,-1.4347647428512575,-0.08173724263906465,0.3363518416881561,-1.160438179969788,0.3443445563316342,-1.2176551818847658,-0.056676190346479555,0.0,0.27318030595779424,-0.18813493847846993,-0.9606527686119077,-0.34581443667411793,-0.18304391205310802,-0.41041919589042797,-0.937203109264371,0.18970477581024245,-0.6597178578376763,4.449934959411619,-1.5537320375442492,-0.43589425086975153,-0.49026843905448825,1.227910041809082,0.8904289603233333,4.085558414459227,-0.9393274188041667,0.8465169668197634,0.0,0.9939641356468196,5.350516796112059,2.6298768520355233,-3.432605028152459,0.2733519673347505,-0.1887130588293093,-4.985394954681396,-2.483030796051027,-2.8113231658935542,-1.1519048213958745,0.0,0.0,0.0,0.027697451412677765,0.06512772291898727,-0.1078413873910904,0.991645872592926,0.027697451412677765,0.06512772291898727,-0.1078413873910904,0.991645872592926,-0.015497098676860332,-0.3853696286678314,0.009796814993023872,0.9225801229476929,-0.006697763688862324,-0.38525867462158203,0.013471631333231926,0.9226859211921692,0.033714327961206436,-0.38383907079696655,-0.08330028504133224,0.9190168380737305,0.0862361416220665,0.48224326968193054,-0.02527689002454281,0.8714159727096558,0.07560168951749802,0.21680329740047455,-0.04857960715889931,0.9720703959465027,0.026984671130776405,0.21895796060562134,-0.03769689053297043,0.9746322631835938,0.026984671130776405,0.21895796060562134,-0.03769689053297043,0.9746322631835938,-0.025747990235686302,-0.3405825197696686,-0.2169959396123886,0.9144688248634338,-0.08122476935386658,-0.32677873969078064,-0.2372749149799347,0.9112184047698975,-0.11449310928583145,-0.3166593015193939,-0.14203351736068726,0.9308300614356995,0.037854962050914764,0.5219035744667053,-0.17846344411373138,0.833267331123352,-0.010724239982664585,0.2827751934528351,-0.18211860954761505,0.9416772127151489,0.029236383736133575,0.2747941315174103,-0.19395148754119873,0.9412844181060791,0.029236383736133575,0.2747941315174103,-0.19395148754119873,0.9412844181060791,0.027697451412677765,0.06512772291898727,-0.1078413873910904,0.991645872592926,0.029227040708065033,0.07867119461297989,-0.1065981537103653,0.9907540082931519,0.5896105766296387,0.003734843572601676,-0.13243253529071808,0.7967478632926941,0.5881536602973938,0.05381004512310028,-0.19149810075759888,0.7839057445526123,0.31392064690589905,-0.44915780425071716,-0.5624646544456482,0.6191482543945312,0.3384019136428833,-0.4396510124206543,-0.5819157361984253,0.5946134924888611,0.3384019136428833,-0.4396510124206543,-0.5819157361984253,0.5946134924888611,0.044637516140937805,0.23015837371349335,-0.11211535334587097,0.9656421542167664,-0.4920397102832794,0.2539536952972412,0.03240763396024704,0.8320781588554382,-0.44169124960899353,0.34328141808509827,0.16890813410282135,0.8115027546882629,-0.25485625863075256,-0.16598759591579437,0.4203411340713501,0.8548741340637207,-0.2442297786474228,-0.17190083861351013,0.3980202376842499,0.8673995137214661,-0.2442297786474228,-0.17190083861351013,0.3980202376842499,0.8673995137214661,0.027697451412677765,0.06512772291898727,-0.1078413873910904,0.991645872592926
0.12991975247859955,-0.04441134184598923,0.5809259057044983,0.025281228125095367,0.06333163380622864,-0.11598549783229828,0.9909075498580933,-0.9565349698066712,0.027391032874584206,-0.21907870471477509,1.8826273918151857,-0.5944567799568177,-0.11208707690238953,-0.8722967624664306,-0.09737663269042966,0.22184156477451325,1.8478459119796753,-0.5422596454620361,0.10326587408781054,0.0,0.044889170676469824,1.3100301742553713,-0.09990267306566233,-1.4631019592285157,-0.057130453735589955,0.32201548814773556,-1.254965090751648,0.2851512879133224,-1.271771788597107,-0.0821228548884392,0.0,0.28138745427131656,-0.2035841226577759,-0.9298502802848816,-0.32430930733680724,-0.1480300739407539,-0.6470584988594057,-0.439498877525329,0.3253852665424348,-0.5366650998592375,4.1933441162109375,-1.2945749282836911,-0.5407089352607728,-0.33141621947288497,1.2151580333709717,0.8124526023864745,3.82158613204956,-0.5733528733253475,0.8902989149093629,0.0,0.9213431119918822,4.985528087615966,2.7664852619171145,-2.223158502578734,0.847544431686402,-0.5055757850408558,-4.829965019226074,-2.769010210037232,-2.7480273246765137,-1.2241618156433107,0.0,0.0,0.0,0.025281228125095367,0.06333163380622864,-0.11598549783229828,0.9909075498580933,0.025281228125095367,0.06333163380622864,-0.11598549783229828,0.9909075498580933,-0.02157841995358467,-0.38730180263519287,0.0038300540763884783,0.9216924905776978,-0.008955857716500759,-0.38722094893455505,0.009139157831668854,0.9218981266021729,0.033435940742492676,-0.38588905334472656,-0.09169495105743408,0.9173678159713745,0.09393693506717682,0.5143334865570068,-0.026776954531669617,0.8520093560218811,0.08192574232816696,0.24225793778896332,-0.05315103381872177,0.9652845859527588,0.027754060924053192,0.24486127495765686,-0.03939244896173477,0.9683599472045898,0.027754060924053192,0.24486127495765686,-0.03939244896173477,0.9683599472045898,-0.03134746477007866,-0.3441803753376007,-0.22378084063529968,0.9113063812255859,-0.07568658888339996,-0.33291923999786377,-0.24022753536701202,0.9086953401565552,-0.11210420727729797,-0.32251060009002686,-0.13817188143730164,0.9296923875808716,0.04258350282907486,0.5475110411643982,-0.17274607717990875,0.817665696144104,-0.005227139685302973,0.30852073431015015,-0.17784160375595093,0.9344303607940674,0.04295778647065163,0.2989482581615448,-0.19368484616279602,0.933418869972229,0.04295778647065163,0.2989482581615448,-0.19368484616279602,0.933418869972229,0.025281228125095367,0.06333163380622864,-0.11598549783229828,0.9909075498580933,0.028008464723825455,0.08547011017799377,-0.11400513350963593,0.9894005060195923,0.62488853931427,-0.0019839671440422535,-0.14250004291534424,0.7675963640213013,0.6244744658470154,0.03092951327562332,-0.1792043149471283,0.7595794200897217,0.3424164056777954,-0.45654088258743286,-0.5818279385566711,0.5794806480407715,0.3594416081905365,-0.44936177134513855,-0.5944340825080872,0.5617151856422424,0.3594416081905365,-0.44936177134513855,-0.5944340825080872,0.5617151856422424,0.042833659797906876,0.22131359577178955,-0.12041117995977402,0.9667919874191284,-0.5329140424728394,0.25021591782569885,0.03238557279109955,0.8076791763305664,-0.4924578070640564,0.3297615647315979,0.14241264760494232,0.7927555441856384,-0.3005484342575073,-0.18589052557945251,0.43741166591644287,0.8269138336181641,-0.2842291593551636,-0.19626271724700928,0.4065210223197937,0.8458341956138611,-0.2842291593551636,-0.19626271724700928,0.4065210223197937,0.8458341956138611,0.025281228125095367,0.06333163380622864,-0.11598549783229828,0.9909075498580933
0.13579877614974978,-0.04850771427154542,0.5615275859832763,0.023009536787867546,0.06171176955103874,-0.12372242659330368,0.990128755569458,-0.9550140976905822,0.03435069844126702,-0.2251368910074234,1.9638421535491946,-0.6174978494644165,-0.12522442936897282,-0.8741842627525329,-0.07211435511708253,0.23726477026939397,1.922340774536133,-0.5480258464813232,0.12469731271266943,0.0,0.06062179207801822,1.4039192199707033,-0.048237559199333105,-1.4864076137542725,-0.036993575841188404,0.30507032275199886,-1.3527914285659792,0.23621766567230218,-1.3307027101516724,-0.10383496731519702,0.0,0.29111425280570985,-0.20844459533691403,-0.9456756830215457,-0.29851561784744257,-0.11569251567125315,-0.7811802625656127,0.002547736465931677,0.37512552440166447,-0.3635975480079645,4.045356273651123,-1.1399534702301026,-0.6383547067642213,-0.14683090746402688,1.2405309677124026,0.7668834924697876,3.6930875778198247,-0.3047339648008345,1.0107378721237188,0.0,0.8211502671241757,4.713551998138428,2.692976331710814,-1.2659138560295096,1.096242082118987,-0.7950819730758673,-4.825327873229981,-2.651873803138731,-2.850259542465211,-1.1602965950965873,0.0,0.0,0.0,0.023009536787867546,0.06171176955103874,-0.12372242659330368,0.990128755569458,0.023009536787867546,0.06171176955103874,-0.12372242659330368,0.990128755569458,-0.027134723961353302,-0.3874567151069641,-0.0023362240754067898,0.9214854836463928,-0.011303344741463661,-0.38744357228279114,0.0043154205195605755,0.9218141436576843,0.03229007124900818,-0.38626107573509216,-0.09926005452871323,0.9164645671844482,0.10058429092168808,0.5475481152534485,-0.028219088912010193,0.8302273750305176,0.08721762895584106,0.2693817913532257,-0.05745677277445793,0.9573531746864319,0.027174513787031174,0.27245208621025085,-0.04038555920124054,0.9609372615814209,0.027174513787031174,0.27245208621025085,-0.04038555920124054,0.9609372615814209,-0.036499012261629105,-0.3464154899120331,-0.22998039424419403,0.9087205529212952,-0.0692405104637146,-0.33791854977607727,-0.24231407046318054,0.9068078994750977,-0.1087598204612732,-0.327372282743454,-0.13328640162944794,0.9291036128997803,0.04686061292886734,0.5743173360824585,-0.16552342474460602,0.8003535270690918,0.0003302250988781452,0.3363167643547058,-0.17202845215797424,0.9259034395217896,0.057953543961048126,0.324978232383728,-0.19284503161907196,0.9240354299545288,0.057953543961048126,0.324978232383728,-0.19284503161907196,0.9240354299545288,0.023009536787867546,0.06171176955103874,-0.12372242659330368,0.990128755569458,0.026877252385020256,0.09158537536859512,-0.12108968198299408,0.9880419969558716,0.6584982872009277,-0.008420104160904884,-0.15158329904079437,0.7371103763580322,0.6586388349533081,0.008276536129415035,-0.16857555508613586,0.7332861423492432,0.3693740963935852,-0.46070143580436707,-0.6001434922218323,0.539578378200531,0.38042229413986206,-0.4557216465473175,-0.607540488243103,0.5277228951454163,0.38042229413986206,-0.4557216465473175,-0.607540488243103,0.5277228951454163,0.040880121290683746,0.2113669365644455,-0.12823957204818726,0.9680948853492737,-0.5741218328475952,0.24540625512599945,0.03219299390912056,0.7804637551307678,-0.5415379405021667,0.3167530596256256,0.1197245717048645,0.7694609761238098,-0.34091275930404663,-0.20356965065002441,0.45876333117485046,0.7949051260948181,-0.31974130868911743,-0.21800842881202698,0.421357661485672,0.8201802372932434,-0.31974130868911743,-0.21800842881202698,0.421357661485672,0.8201802372932434,0.023009536787867546,0.06171176955103874,-0.12372242659330368,0.990128755569458
0.1419614911079407,-0.052241487801074994,0.5397052407264709,0.02102934941649437,0.060450226068496704,-0.13065510988235474,0.9893597960472107,-0.946143639087677,0.03859613686800004,-0.225126251578331,2.046595096588135,-0.6417489171028138,-0.14021306931972508,-0.8708261728286744,-0.04459379315376273,0.25311565101146705,2.0000011682510377,-0.5521496534347534,0.15221215039491662,0.0,0.07290249168872837,1.495898246765137,-0.0075445279479025434,-1.4996501445770265,-0.02579651996493336,0.2829075336456298,-1.457216620445252,0.20780333578586568,-1.3992622613906862,-0.11807797551155094,0.0,0.30388035178184514,-0.1921276450157165,-1.0547568678855899,-0.2641448080539702,-0.08870751708745947,-0.7102669477462766,0.3332790926098835,0.2529853165149685,-0.09050040841102508,4.114574432373047,-1.1944033145904542,-0.7216626524925235,0.0892206341028221,1.3421537876129155,0.7861288785934449,3.8355364799499516,-0.2308262407779691,1.2844908475875862,0.0,0.665813779830932,4.627601146697998,2.199232721328734,-0.813073325157164,0.6939501047134387,-1.0298750400543222,-5.122276306152345,-1.7285057544708222,-3.283547878265382,-0.8241869449615468,0.0,0.0,0.0,0.02102934941649437,0.060450226068496704,-0.13065510988235474,0.9893597960472107,0.02102934941649437,0.060450226068496704,-0.13065510988235474,0.9893597960472107,-0.03164225071668625,-0.3840874433517456,-0.008900764398276806,0.9227114319801331,-0.013829614035785198,-0.3841915428638458,-0.0014904922572895885,0.9231487512588501,0.029412448406219482,-0.3833135664463043,-0.10517425835132599,0.9171390533447266,0.10521905869245529,0.5835316777229309,-0.02957301214337349,0.8047018647193909,0.09048568457365036,0.2999514937400818,-0.06125645339488983,0.9476755261421204,0.02391129732131958,0.3035082519054413,-0.03999190777540207,0.9516888856887817,0.02391129732131958,0.3035082519054413,-0.03999190777540207,0.9516888856887817,-0.04075869545340538,-0.34597206115722656,-0.23503950238227844,0.9074130654335022,-0.06098586320877075,-0.34066468477249146,-0.24268954992294312,0.9062725305557251,-0.10350880771875381,-0.33026617765426636,-0.12635880708694458,0.9296471476554871,0.050257548689842224,0.6038482785224915,-0.1554144024848938,0.7801845073699951,0.005999360233545303,0.36831730604171753,-0.16322854161262512,0.9152392148971558,0.07549996674060822,0.3548735976219177,-0.1909550428390503,0.912086009979248,0.07549996674060822,0.3548735976219177,-0.1909550428390503,0.912086009979248,0.02102934941649437,0.060450226068496704,-0.13065510988235474,0.9893597960472107,0.02592448890209198,0.09634402394294739,-0.12754368782043457,0.9868020415306091,0.690146803855896,-0.016281671822071075,-0.15900874137878418,0.7057963609695435,0.6901383399963379,-0.013782249763607979,-0.16179755330085754,0.705223798751831,0.3942418694496155,-0.4598114490509033,-0.6181076169013977,0.501088559627533,0.40184682607650757,-0.4561203718185425,-0.6227926015853882,0.4925474226474762,0.40184682607650757,-0.4561203718185425,-0.6227926015853882,0.4925474226474762,0.03863263875246048,0.19924446940422058,-0.13514575362205505,0.9698169231414795,-0.6168960928916931,0.23894192278385162,0.03172152116894722,0.7492262125015259,-0.5890789031982422,0.30615508556365967,0.10530929267406464,0.74038165807724,-0.3715646266937256,-0.21740970015525818,0.490176260471344,0.7578918933868408,-0.3469366133213043,-0.23498345911502838,0.44990354776382446,0.788672685623169,-0.3469366133213043,-0.23498345911502838,0.44990354776382446,0.788672685623169,0.02102934941649437,0.060450226068496704,-0.13065510988235474,0.9893597960472107
0.14749044179916382,-0.05553925931453706,0.5194185614585876,0.019721699878573418,0.06044566631317139,-0.13684019446372986,0.9885504841804504,-0.9326789259910583,0.04312399551272393,-0.22153224647045133,2.1204023838043216,-0.6611034393310548,-0.14943440556526186,-0.8659884095191955,-0.025529939681291546,0.2650804460048676,2.0701781272888184,-0.5602020740509034,0.17466036975383764,0.0,0.08111284375190736,1.5771598339080812,0.020830096956342505,-1.5080904483795166,-0.020712303370237346,0.2612057447433471,-1.5475463628768922,0.18233773112297053,-1.4681039094924928,-0.12571855932474138,0.0,0.2891228020191192,-0.17360860109329218,-1.0450472593307494,-0.20000283718109113,-0.011249490082263724,-0.6434607505798339,0.5813505232334142,0.2207445174455643,0.10803294181823767,3.8692773818969717,-1.0656569242477412,-0.5764128565788263,0.21229468882083907,1.1223268032073968,0.6759614467620846,3.6585164070129386,-0.3240487426519398,1.223743295669555,0.0,0.4919245243072506,4.277427768707274,1.6650993824005114,-0.5180596828460688,0.376467597484588,-1.094309401512146,-4.79839572906494,-1.3322546720504758,-3.4364402294158936,-0.5140776634216302,0.0,0.0,0.0,0.019721699878573418,0.06044566631317139,-0.13684019446372986,0.9885504841804504,0.019721699878573418,0.06044566631317139,-0.13684019446372986,0.9885504841804504,-0.03475675359368324,-0.37763774394989014,-0.015773098915815353,0.9251663684844971,-0.01479686051607132,-0.3778983950614929,-0.007639587856829166,0.925697386264801,0.027080273255705833,-0.3772124648094177,-0.10991368442773819,0.919182538986206,0.10923649370670319,0.6175881624221802,-0.030032772570848465,0.7782997488975525,0.09354595839977264,0.331548273563385,-0.06386556476354599,0.9366141557693481,0.023393375799059868,0.3353880047798157,-0.03887001425027847,0.9409871101379395,0.023393375799059868,0.3353880047798157,-0.03887001425027847,0.9409871101379395,-0.04411396384239197,-0.3436436057090759,-0.23956534266471863,0.9069572687149048,-0.05568632856011391,-0.3405703008174896,-0.24394282698631287,0.9063127040863037,-0.10020095109939575,-0.3302345871925354,-0.12202884256839752,0.9305987358093262,0.05370955169200897,0.6316704750061035,-0.14849045872688293,0.7589850425720215,0.010578400455415249,0.3972274661064148,-0.15754930675029755,0.9040335416793823,0.08930771052837372,0.381977915763855,-0.1917753517627716,0.8996328115463257,0.08930771052837372,0.381977915763855,-0.1917753517627716,0.8996328115463257,0.019721699878573418,0.06044566631317139,-0.13684019446372986,0.9885504841804504,0.02540874108672142,0.10034613311290741,-0.13341453671455383,0.9856396913528442,0.7170579433441162,-0.02407301776111126,-0.16518151760101318,0.6767300367355347,0.7165826559066772,-0.032134782522916794,-0.1588210016489029,0.6784191727638245,0.41391491889953613,-0.4557841420173645,-0.6346372365951538,0.4670877456665039,0.41993606090545654,-0.45268964767456055,-0.6380430459976196,0.4600294232368469,0.41993606090545654,-0.45268964767456055,-0.6380430459976196,0.4600294232368469,0.03680326044559479,0.18858474493026733,-0.14119327068328857,0.9711569547653198,-0.6523337364196777,0.2338612675666809,0.030710384249687195,0.7202962636947632,-0.6285903453826904,0.2960618734359741,0.09254403412342072,0.7132021188735962,-0.39322882890701294,-0.23002967238426208,0.520105242729187,0.7224596738815308,-0.3665647804737091,-0.249439999461174,0.47949811816215515,0.7572922706604004,-0.3665647804737091,-0.249439999461174,0.47949811816215515,0.7572922706604004,0.019721699878573418,0.06044566631317139,-0.13684019446372986,0.9885504841804504
0.15270251035690308,-0.05861902981996536,0.4998997151851654,0.01875012181699276,0.06106889247894287,-0.14264969527721405,0.9877095222473145,-0.916917085647583,0.04779306426644325,-0.2161465585231781,2.189736843109131,-0.6780096888542175,-0.15577208995819092,-0.8604108095169067,-0.010694440454244614,0.2751021981239319,2.136613368988037,-0.5702188014984131,0.19457527995109558,0.0,0.0872880220413208,1.6530627012252808,0.043045522179454565,-1.514129638671875,-0.0186845064163208,0.2397344559431076,-1.6308283805847168,0.158346489071846,-1.5370866060256958,-0.1300579309463501,0.0,0.2606034278869629,-0.15398851037025452,-0.9759422540664673,-0.12097528576850891,0.09144505113363266,-0.5787081122398376,0.7880919575691223,0.2334534227848053,0.2692843973636627,3.4667227268218994,-0.8453124165534973,-0.31688418984413147,0.2788800001144409,0.7417749166488647,0.5010876059532166,3.3217618465423584,-0.5008363574743271,0.9957454800605774,0.0,0.3087588846683502,3.7951431274414062,1.1107711791992188,-0.30195948481559753,0.1013898253440857,-1.0735644102096558,-4.164100646972656,-1.1995620727539062,-3.449134588241577,-0.2169685661792755,0.0,0.0,0.0,0.01875012181699276,0.06106889247894287,-0.14264969527721405,0.9877095222473145,0.01875012181699276,0.06106889247894287,-0.14264969527721405,0.9877095222473145,-0.03717177361249924,-0.3696173429489136,-0.02279774658381939,0.9281603097915649,-0.014983458444476128,-0.37005653977394104,-0.013959505595266819,0.9287834763526917,0.02501937560737133,-0.36951369047164917,-0.1140594556927681,0.9218590259552002,0.11284676194190979,0.6501132845878601,-0.03001895174384117,0.750810980796814,0.09644144773483276,0.36343154311180115,-0.06583750247955322,0.9242737293243408,0.024233808740973473,0.3674524128437042,-0.03736027330160141,0.9289755821228027,0.024233808740973473,0.3674524128437042,-0.03736027330160141,0.9289755821228027,-0.04701625555753708,-0.3403671979904175,-0.24382062256336212,0.9069129824638367,-0.051865022629499435,-0.3390585780143738,-0.24563713371753693,0.906648576259613,-0.09786609560251236,-0.32874447107315063,-0.1189994141459465,0.9317662715911865,0.057156261056661606,0.6582608819007874,-0.14307968318462372,0.736854076385498,0.014605974778532982,0.42443811893463135,-0.15337958931922913,0.8922520279884338,0.10120513290166855,0.407532662153244,-0.1938817799091339,0.8866140842437744,0.10120513290166855,0.407532662153244,-0.1938817799091339,0.8866140842437744,0.01875012181699276,0.06106889247894287,-0.14264969527721405,0.9877095222473145,0.025111116468906403,0.10396825522184372,-0.13899150490760803,0.9845005869865417,0.7411959171295166,-0.03180885314941406,-0.17063479125499725,0.6484601497650146,0.740110456943512,-0.0485977940261364,-0.1576690375804901,0.6519319415092468,0.4307578206062317,-0.4499610960483551,-0.650108814239502,0.43513357639312744,0.43608546257019043,-0.4470718801021576,-0.6528905630111694,0.4285908341407776,0.43608546257019043,-0.4470718801021576,-0.6528905630111694,0.4285908341407776,0.03518148884177208,0.17864909768104553,-0.14680466055870056,0.9722629189491272,-0.6836974620819092,0.22935111820697784,0.029413849115371704,0.6921637654304504,-0.6635981202125549,0.2860373556613922,0.08056195080280304,0.6865347623825073,-0.4100055992603302,-0.24180999398231506,0.5487709045410156,0.6872218251228333,-0.38202330470085144,-0.26237332820892334,0.5091077089309692,0.7252777218818665,-0.38202330470085144,-0.26237332820892334,0.5091077089309692,0.7252777218818665,0.01875012181699276,0.06106889247894287,-0.14264969527721405,0.9877095222473145
0.15609349310398102,-0.05949063152074814,0.4853356063365936,0.022412840276956558,0.05980347841978073,-0.14538517594337463,0.9873116612434387,-0.9002989411354064,0.04430418312549591,-0.20919581949710844,2.2436113357543945,-0.6787091016769409,-0.1551148146390915,-0.8476049065589905,-0.004992934875190252,0.2926518559455872,2.1892335891723635,-0.5822859883308411,0.20169202983379364,0.0,0.08799365758895875,1.7037490844726564,0.06451118588447573,-1.5217979669570922,-0.025894436240196234,0.21591604650020596,-1.69215247631073,0.1337347939610481,-1.6085378646850588,-0.1189314305782318,0.0,0.20597084462642665,-0.08774345517158501,-0.8273001313209531,0.14826648980379137,-0.06522811651229876,-0.41184454560279826,0.8137810826301575,-0.01128506064415008,0.31623591184616096,3.002923727035522,-0.3591073513031,-0.10703541636466957,0.49572905302047754,0.4677550971508023,0.7269247412681582,2.9073112010955806,-0.5623501181602478,0.6118006706237789,0.0,0.1446726202964781,3.038648605346679,1.0882783889770506,-0.3508336246013642,-0.17574193179607422,-1.143977975845337,-3.5053629875183097,-1.2181756734848022,-3.523191452026367,0.24700760245323228,0.0,0.0,0.0,0.022412840276956558,0.05980347841978073,-0.14538517594337463,0.9873116612434387,0.022412840276956558,0.05980347841978073,-0.14538517594337463,0.9873116612434387,-0.03416329622268677,-0.36362001299858093,-0.02912687323987484,0.9304649829864502,-0.013547412119805813,-0.36416831612586975,-0.021058611571788788,0.9309965968132019,0.02456199750304222,-0.3635883331298828,-0.11814112961292267,0.9237114191055298,0.11714489758014679,0.6743313670158386,-0.029093194752931595,0.7284970283508301,0.10077869892120361,0.39337319135665894,-0.0664295181632042,0.9114211201667786,0.029856344684958458,0.397338330745697,-0.035757940262556076,0.9164891242980957,0.029856344684958458,0.397338330745697,-0.035757940262556076,0.9164891242980957,-0.043668895959854126,-0.33528435230255127,-0.24649953842163086,0.9082485437393188,-0.04593372344970703,-0.33467358350753784,-0.24734586477279663,0.9081318974494934,-0.09421765804290771,-0.3244321346282959,-0.1122811809182167,0.9344836473464966,0.056495487689971924,0.6818196773529053,-0.13529077172279358,0.7166775465011597,0.015312226489186287,0.44740238785743713,-0.14580222964286804,0.8822348713874817,0.10402774065732956,0.4304571747779846,-0.19015684723854065,0.8761994242668152,0.10402774065732956,0.4304571747779846,-0.19015684723854065,0.8761994242668152,0.022412840276956558,0.05980347841978073,-0.14538517594337463,0.9873116612434387,0.028938695788383484,0.10302243381738663,-0.14153307676315308,0.9841327667236328,0.7596348524093628,-0.03867710754275322,-0.17070525884628296,0.6263535022735596,0.7576004862785339,-0.06449408084154129,-0.15216341614723206,0.6314493417739868,0.4455394744873047,-0.44811731576919556,-0.659099817276001,0.4077658951282501,0.4528346657752991,-0.4439707398414612,-0.662570059299469,0.3985370099544525,0.4528346657752991,-0.4439707398414612,-0.662570059299469,0.3985370099544525,0.03749305009841919,0.16577939689159393,-0.14884045720100403,0.9741447567939758,-0.7044687271118164,0.22153806686401367,0.02529965341091156,0.673798680305481,-0.6882451772689819,0.27071261405944824,0.06738731265068054,0.6696956753730774,-0.4177720844745636,-0.2620554566383362,0.5728639960289001,0.6546910405158997,-0.39148634672164917,-0.2809244990348816,0.5387387871742249,0.6910720467567444,-0.39148634672164917,-0.2809244990348816,0.5387387871742249,0.6910720467567444,0.022412840276956558,0.05980347841978073,-0.14538517594337463,0.9873116612434387
0.15961279571056364,-0.0594018653035164,0.47246230840682985,0.0253043994307518,0.05734110623598099,-0.14828424155712128,0.986956775188446,-0.8812504649162294,0.04081086218357087,-0.19946351051330571,2.294768953323364,-0.6790862798690795,-0.1477973699569703,-0.8291465878486635,4.44544479250783e-05,0.3105397820472717,2.235405969619751,-0.5964003443717956,0.21035794913768766,0.0,0.08899532705545425,1.746312642097473,0.0824466228485107,-1.5332985639572143,-0.031463766098022455,0.1907305896282197,-1.7421761751174927,0.10660112202167521,-1.6810438394546505,-0.10505422800779349,0.0,0.17339871823787686,-0.01476904675364523,-0.6774810612201696,0.2708736479282385,-0.23365815877914364,-0.3089656472206115,0.9038171052932732,-0.1745772421360016,0.43098402023315346,2.612218141555787,-0.025303602218628027,0.2326688349246959,0.8098675489425642,0.26515177190303824,0.8876308798789977,2.4375756025314352,-0.6647743582725518,0.40231254100799513,0.0,0.044162793457507996,2.290634179115298,0.9673763632774364,-0.49838444590568426,-0.3112784683704381,-1.2319317817687985,-2.727192664146427,-1.3062440395355217,-3.604204177856445,0.6388460755348198,0.0,0.0,0.0,0.0253043994307518,0.05734110623598099,-0.14828424155712128,0.986956775188446,0.0253043994307518,0.05734110623598099,-0.14828424155712128,0.986956775188446,-0.031847063452005386,-0.35753124952316284,-0.03559773415327072,0.9326788187026978,-0.012811701744794846,-0.3581783175468445,-0.02829054743051529,0.933136522769928,0.02293463796377182,-0.35766178369522095,-0.12105178087949753,0.9256880879402161,0.11983150243759155,0.6969850063323975,-0.028840266168117523,0.7064139246940613,0.10338474810123444,0.4219163656234741,-0.06710448861122131,0.8982178568840027,0.0367276668548584,0.42572203278541565,-0.03589102253317833,0.9033955931663513,0.0367276668548584,0.42572203278541565,-0.03589102253317833,0.9033955931663513,-0.040494464337825775,-0.3288828730583191,-0.24845272302627563,0.9102019667625427,-0.040471598505973816,-0.328888863325119,-0.24845293164253235,0.9102007150650024,-0.0908142626285553,-0.3186971843242645,-0.10469099879264832,0.9376698732376099,0.05432774871587753,0.7035496830940247,-0.1275402456521988,0.6969934701919556,0.014492443762719631,0.4677199125289917,-0.13784834742546082,0.8729408979415894,0.10603846609592438,0.45066994428634644,-0.18622823059558868,0.8665861487388611,0.10603846609592438,0.45066994428634644,-0.18622823059558868,0.8665861487388611,0.0253043994307518,0.05734110623598099,-0.14828424155712128,0.986956775188446,0.03202357515692711,0.10102959722280502,-0.144256591796875,0.9838483333587646,0.774558424949646,-0.04564390331506729,-0.1700703650712967,0.607496440410614,0.7715732455253601,-0.07905508577823639,-0.14697498083114624,0.6138595938682556,0.4562402069568634,-0.4479883909225464,-0.666996955871582,0.3824476897716522,0.4649987518787384,-0.4428221583366394,-0.6708154678344727,0.3710677921772003,0.4649987518787384,-0.4428221583366394,-0.6708154678344727,0.3710677921772003,0.038918495178222656,0.15102751553058624,-0.1511211395263672,0.9761344790458679,-0.7217040657997131,0.21296696364879608,0.018160033971071243,0.6583756804466248,-0.7094458937644958,0.2531932294368744,0.0507940910756588,0.6557436585426331,-0.4249996542930603,-0.285182923078537,0.5929398536682129,0.621665894985199,-0.40101808309555054,-0.3018989861011505,0.5647972822189331,0.6550155878067017,-0.40101808309555054,-0.3018989861011505,0.5647972822189331,0.6550155878067017,0.0253043994307518,0.05734110623598099,-0.14828424155712128,0.986956775188446
0.1633887380361557,-0.05739236325025559,0.46297063231468205,0.026653850451111794,0.05248573049902916,-0.15151236951351166,0.9867011308670044,-0.8573413252830506,0.037308661639690405,-0.1841680616140366,2.340492820739746,-0.6788189888000489,-0.12715958654880527,-0.7993834376335145,0.003753614518791429,0.32910424470901484,2.2686826705932615,-0.6146090388298034,0.22212220728397367,0.0,0.09058906435966492,1.7726305484771727,0.09332160353660582,-1.552463698387146,-0.0337518960237503,0.16281103789806373,-1.7695990800857544,0.07442349642515189,-1.755659246444702,-0.0856756210327149,0.0,0.18494750559329984,0.07166405692696552,-0.5253080964088443,0.10021160840988197,-0.4256019353866573,-0.3340560853481292,1.1225469231605525,-0.17497681975364685,0.6813253164291376,2.3676993846893315,0.0036975145339965126,0.8320840418338763,1.3185849308967579,0.20538143515586865,0.9180750250816344,1.8572700977325454,-0.8490195870399471,0.5417377710342404,0.0,0.07080584168434137,1.5595799446105973,0.6496558666229255,-0.8432886302471153,-0.1636244893074039,-1.354966068267822,-1.7101570129394552,-1.5332219362258905,-3.6991286277770996,0.8864092469215388,0.0,0.0,0.0,0.026653850451111794,0.05248573049902916,-0.15151236951351166,0.9867011308670044,0.026653850451111794,0.05248573049902916,-0.15151236951351166,0.9867011308670044,-0.030918635427951813,-0.35129326581954956,-0.04235413298010826,0.9347957372665405,-0.013477918691933155,-0.352017343044281,-0.03578929230570793,0.9352118372917175,0.018968764692544937,-0.3517530560493469,-0.12162679433822632,0.9279637932777405,0.11944237351417542,0.7173510789871216,-0.029970364645123482,0.6857425570487976,0.10265053063631058,0.44812265038490295,-0.06802674382925034,0.8854497671127319,0.04612495005130768,0.45154184103012085,-0.03953675553202629,0.8901793360710144,0.04612495005130768,0.45154184103012085,-0.03953675553202629,0.8901793360710144,-0.037666622549295425,-0.31984788179397583,-0.24895693361759186,0.9133996963500977,-0.035949669778347015,-0.32031509280204773,-0.24836373329162598,0.9134666919708252,-0.08790302276611328,-0.31012311577796936,-0.09536007046699524,0.9418085813522339,0.04921574890613556,0.7224237322807312,-0.12003530561923981,0.679171085357666,0.010634583421051502,0.4831341505050659,-0.12927496433258057,0.8658846616744995,0.10651759803295135,0.4658362865447998,-0.18206362426280975,0.8593623042106628,0.10651759803295135,0.4658362865447998,-0.18206362426280975,0.8593623042106628,0.026653850451111794,0.05248573049902916,-0.15151236951351166,0.9867011308670044,0.03362348675727844,0.09694462269544601,-0.1473464071750641,0.9837480783462524,0.7834190130233765,-0.052854716777801514,-0.16824376583099365,0.5959489345550537,0.7796033024787903,-0.09103217720985413,-0.14264404773712158,0.602979838848114,0.45940667390823364,-0.4519272446632385,-0.6736396551132202,0.3618241250514984,0.4687938690185547,-0.44637376070022583,-0.6773720383644104,0.34949934482574463,0.4687938690185547,-0.44637376070022583,-0.6773720383644104,0.34949934482574463,0.038573604077100754,0.1325262486934662,-0.15389984846115112,0.9783985018730164,-0.7326333522796631,0.20312809944152832,0.005001175682991743,0.6495863199234009,-0.7246252298355103,0.231660857796669,0.02747359126806259,0.6484572887420654,-0.43200379610061646,-0.3145699203014374,0.6061320304870605,0.5890861749649048,-0.4115867614746094,-0.3283277153968811,0.5849157571792603,0.6169852018356323,-0.4115867614746094,-0.3283277153968811,0.5849157571792603,0.6169852018356323,0.026653850451111794,0.05248573049902916,-0.15151236951351166,0.9867011308670044
0.1667497366666794,-0.05525150746107102,0.454188084602356,0.028996482491493225,0.047113291919231415,-0.15627539157867432,0.9861630201339722,-0.8356553435325623,0.024068196862936042,-0.16825512647628785,2.369880437850952,-0.6784184694290161,-0.11277007758617402,-0.7735266327857971,0.0010956032201647824,0.34997479915618895,2.2911322116851807,-0.6381574034690857,0.22966016232967376,0.0,0.09621386677026748,1.7666306734085084,0.1186211824417114,-1.5803248167037964,-0.03936821371316909,0.13684836328029634,-1.760676407814026,0.02397905886173255,-1.8269409418106077,-0.06602837890386584,0.0,0.1763487905263901,0.10441570729017258,-0.4533099234104157,0.09315770268440238,-0.525923478603363,-0.4397350668907164,1.128762173652649,-0.46725793480873057,0.7832969903945922,1.7961057186126717,0.01736140120774507,0.8444408655166629,1.3709670305252077,-0.005557134747504883,0.9974058270454406,1.3390201568603521,-1.07062474489212,0.4614237785339358,0.0,0.20061880499124507,0.34636185169220135,0.9764869570732109,-1.2191361546516415,-0.2142521128058432,-1.3372712135314941,-0.28077790737152286,-2.1568855762481682,-3.630758762359619,0.9769893527030945,0.0,0.0,0.0,0.028996482491493225,0.047113291919231415,-0.15627539157867432,0.9861630201339722,0.028996482491493225,0.047113291919231415,-0.15627539157867432,0.9861630201339722,-0.029750853776931763,-0.3465176224708557,-0.05062294751405716,0.9362038969993591,-0.018489036709070206,-0.34705132246017456,-0.04642611742019653,0.9365137815475464,0.010758482851088047,-0.3473203778266907,-0.12495055794715881,0.9293224811553955,0.11989498883485794,0.7302711009979248,-0.03705527260899544,0.6715328693389893,0.10073503851890564,0.46521174907684326,-0.07483837008476257,0.876258909702301,0.051165852695703506,0.46865975856781006,-0.048552006483078,0.8805581331253052,0.051165852695703506,0.46865975856781006,-0.048552006483078,0.8805581331253052,-0.0346432663500309,-0.31284618377685547,-0.2515552043914795,0.9152306318283081,-0.03414412587881088,-0.3129766881465912,-0.2513720393180847,0.9152551293373108,-0.0880601555109024,-0.3022562265396118,-0.08817532658576965,0.9450458288192749,0.04399152845144272,0.7361917495727539,-0.11663322150707245,0.6651939749717712,0.005209131166338921,0.49036699533462524,-0.12448874115943909,0.86256343126297,0.10400301963090897,0.4728723466396332,-0.17985811829566956,0.856286346912384,0.10400301963090897,0.4728723466396332,-0.17985811829566956,0.856286346912384,0.028996482491493225,0.047113291919231415,-0.15627539157867432,0.9861630201339722,0.03661765158176422,0.09429776668548584,-0.15171527862548828,0.983234167098999,0.7831258773803711,-0.05739765614271164,-0.16918718814849854,0.5956467986106873,0.7777119874954224,-0.10579535365104675,-0.13650839030742645,0.6044310927391052,0.4541860818862915,-0.46801885962486267,-0.6747150421142578,0.34559088945388794,0.46540242433547974,-0.4616655707359314,-0.6786345839500427,0.3312411308288574,0.46540242433547974,-0.4616655707359314,-0.6786345839500427,0.3312411308288574,0.03934437036514282,0.11442498862743378,-0.15819820761680603,0.9799654483795166,-0.730465292930603,0.19469431042671204,-0.012471053749322891,0.6544915437698364,-0.7281767129898071,0.20413687825202942,-0.005437392741441727,0.6542609930038452,-0.4410054087638855,-0.35550984740257263,0.6054987907409668,0.5590152144432068,-0.4243972599506378,-0.3663148581981659,0.590366542339325,0.5806614756584167,-0.4243972599506378,-0.3663148581981659,0.590366542339325,0.5806614756584167,0.028996482491493225,0.047113291919231415,-0.15627539157867432,0.9861630201339722
0.16990326344966888,-0.05304497480392456,0.4457601010799408,0.03183428570628166,0.041480228304862976,-0.1617984026670456,0.9854375720024109,-0.8150809407234192,0.005958599969744682,-0.15203344821929932,2.3910999298095703,-0.6779513359069824,-0.10150470584630966,-0.7496230006217957,-0.004745993763208389,0.3719983994960785,2.3081681728363037,-0.6643756031990051,0.23508496582508087,0.0,0.10385420173406601,1.7444719076156616,0.15113306045532227,-1.6125339269638062,-0.046648625284433365,0.1118641272187233,-1.7335809469223022,-0.035598784685134874,-1.896555781364441,-0.04624681919813156,0.0,0.1576763242483139,0.1103266254067421,-0.42139914631843567,0.16790786385536194,-0.5804339051246643,-0.5857083201408386,1.0287201404571533,-0.9054798185825348,0.8110838532447815,1.0609745979309082,0.02335667423903942,0.5632685422897339,1.1951814889907837,-0.292079821228981,1.1011799573898315,0.8517979979515075,-1.3109098672866821,0.2712401747703552,0.0,0.38201672583818436,-1.1079381704330444,1.6255938410758972,-1.6104553937911987,-0.36402054876089096,-1.2492117881774902,1.354772925376892,-2.9788920879364014,-3.4807417392730713,0.9890779256820679,0.0,0.0,0.0,0.03183428570628166,0.041480228304862976,-0.1617984026670456,0.9854375720024109,0.03183428570628166,0.041480228304862976,-0.1617984026670456,0.9854375720024109,-0.028461847454309464,-0.3424546420574188,-0.05964486300945282,0.9372071623802185,-0.025669503957033157,-0.3426308035850525,-0.058624327182769775,0.9372878074645996,0.0004252203507348895,-0.34359076619148254,-0.1296359747648239,0.9301288723945618,0.12077140063047409,0.7394814491271973,-0.04711617901921272,0.6605767011642456,0.09823186695575714,0.47774603962898254,-0.08459412306547165,0.8688803315162659,0.05402659252285957,0.48142239451408386,-0.06024887040257454,0.8727449178695679,0.05402659252285957,0.48142239451408386,-0.06024887040257454,0.8727449178695679,-0.03152171149849892,-0.3068561553955078,-0.2551961839199066,0.9163627028465271,-0.03369614854454994,-0.3062497079372406,-0.25592362880706787,0.9162853360176086,-0.0897492840886116,-0.2947361171245575,-0.08206210285425186,0.9478088021278381,0.03871302679181099,0.7474033832550049,-0.11528410017490387,0.6531454920768738,-0.0009988987585529685,0.49354514479637146,-0.12160643190145493,0.8611760139465332,0.09999983012676239,0.4758785665035248,-0.17864635586738586,0.8553508520126343,0.09999983012676239,0.4758785665035248,-0.17864635586738586,0.8553508520126343,0.03183428570628166,0.041480228304862976,-0.1617984026670456,0.9854375720024109,0.04030793905258179,0.09236755967140198,-0.1567196398973465,0.9824879169464111,0.7782812714576721,-0.06060796231031418,-0.17152109742164612,0.6009870767593384,0.7706804275512695,-0.1219245120882988,-0.12943992018699646,0.611907958984375,0.44455310702323914,-0.48995542526245117,-0.6726791262626648,0.33138957619667053,0.4582013487815857,-0.4826076626777649,-0.6769329309463501,0.3144886791706085,0.4582013487815857,-0.4826076626777649,-0.6769329309463501,0.3144886791706085,0.04066605493426323,0.09650722146034241,-0.1632283329963684,0.9810143113136292,-0.721461296081543,0.18688853085041046,-0.0320906899869442,0.6659852862358093,-0.7247026562690735,0.17329907417297363,-0.043109435588121414,0.6655186414718628,-0.45014792680740356,-0.40149545669555664,0.5967898964881897,0.5291597247123718,-0.43749719858169556,-0.409326434135437,0.5873433351516724,0.5441285371780396,-0.43749719858169556,-0.409326434135437,0.5873433351516724,0.5441285371780396,0.03183428570628166,0.041480228304862976,-0.1617984026670456,0.9854375720024109
0.1758724480867386,-0.04717688262462615,0.440913188457489,0.03234529122710228,0.04235459864139557,-0.17010727524757385,0.9839835166931152,-0.7849045157432556,-0.013484666123986265,-0.12578877955675122,2.3910999298095703,-0.6768582820892334,-0.08249157220125196,-0.7366407155990601,0.0013143669813871451,0.40837757587432866,2.3117770671844484,-0.6716711044311523,0.23467680513858796,0.0,0.1100481778383255,1.648798370361328,0.2408402919769288,-1.6982262134552002,-0.05685687810182573,0.08484977632760998,-1.599915599822998,-0.14925094917416584,-1.9785782337188722,-0.0396185889840126,0.0,0.24214605093002328,0.2201734021306039,-0.31396702826023093,0.08796389102935782,-0.16594563722610428,-0.739280664920807,1.316780734062195,-0.9454898715019227,1.1117735385894778,0.4243898391723626,0.0421342831104994,0.7957014083862307,0.8675411105155941,0.06497890353202856,1.5318472385406499,0.44898602962493855,-0.7432289838790888,0.0962512493133543,0.0,0.3386259615421295,-3.3133812904357933,3.34145452976227,-3.214950537681581,-0.4518558025360108,-1.310115170478821,4.551869368553165,-4.601121425628664,-3.852970123291016,0.594478058815002,0.0,0.0,0.0,0.03234529122710228,0.04235459864139557,-0.17010727524757385,0.9839835166931152,0.03234529122710228,0.04235459864139557,-0.17010727524757385,0.9839835166931152,-0.028689343482255936,-0.327592134475708,-0.0717485249042511,0.9416540861129761,-0.035066619515419006,-0.32703399658203125,-0.07386089861392975,0.9414689540863037,-0.014309520833194256,-0.32847052812576294,-0.132850781083107,0.9350150227546692,0.11836220324039459,0.7495691776275635,-0.06200387328863144,0.6482993364334106,0.09106802940368652,0.49181193113327026,-0.09778689593076706,0.8603867292404175,0.05545644462108612,0.49534526467323303,-0.07751619815826416,0.8634518384933472,0.05545644462108612,0.49534526467323303,-0.07751619815826416,0.8634518384933472,-0.032896630465984344,-0.29968518018722534,-0.2616536617279053,0.9168664216995239,-0.03229279816150665,-0.29986706376075745,-0.26146847009658813,0.9168813228607178,-0.09234858304262161,-0.2871037423610687,-0.07009334862232208,0.9508576393127441,0.026917221024632454,0.7544468641281128,-0.1127835214138031,0.646038293838501,-0.01173979602754116,0.4993930459022522,-0.1153261587023735,0.8585853576660156,0.08885528892278671,0.4824580252170563,-0.1729961782693863,0.8540558815002441,0.08885528892278671,0.4824580252170563,-0.1729961782693863,0.8540558815002441,0.03234529122710228,0.04235459864139557,-0.17010727524757385,0.9839835166931152,0.041796572506427765,0.09618432074785233,-0.1646747887134552,0.9807567596435547,0.7484254837036133,-0.05532136559486389,-0.1825219690799713,0.6352044343948364,0.7351827621459961,-0.14860820770263672,-0.10958822071552277,0.6522363424301147,0.4104366898536682,-0.5521502494812012,-0.6540061831474304,0.3145594596862793,0.42878344655036926,-0.5440382361412048,-0.6582005620002747,0.29485470056533813,0.42878344655036926,-0.5440382361412048,-0.6582005620002747,0.29485470056533813,0.03932946175336838,0.08406553417444229,-0.17121228575706482,0.9808530807495117,-0.6762858629226685,0.18075184524059296,-0.05886411666870117,0.7116890549659729,-0.6883760690689087,0.1283230185508728,-0.11025509238243103,0.7053478956222534,-0.4666522145271301,-0.4807184934616089,0.5515303015708923,0.49695059657096863,-0.4546187222003937,-0.48783397674560547,0.5443116426467896,0.5089841485023499,-0.4546187222003937,-0.48783397674560547,0.5443116426467896,0.5089841485023499,0.03234529122710228,0.04235459864139557,-0.17010727524757385,0.9839835166931152
0.18260678350925447,-0.042573871463537215,0.43706621527671813,0.03243701159954071,0.04879947751760483,-0.17703217267990112,0.9824591875076294,-0.751403260231018,-0.02693402282893658,-0.10662187039852142,2.3910999298095703,-0.6728848457336426,-0.061017775535583435,-0.7343462347984314,0.00739557268097998,0.43815172314643863,2.311546516418457,-0.6767269253730774,0.23144933879375457,0.0,0.11458918005228043,1.5413840293884273,0.33557764887809777,-1.791246294975281,-0.06432232409715653,0.05613765791058533,-1.4541014194488522,-0.25395197868347186,-2.065459680557251,-0.03639157637953759,0.0,0.3214137256145479,0.255452153086662,-0.21234743297100048,0.07234497815370584,0.4408035710454009,-0.7487465441226953,1.608566045761109,-0.7923460364341723,1.0999005556106554,0.0,0.14106415733695088,1.024476528167725,0.32848008871078277,0.30364336371421813,1.620807886123656,0.06526136100292129,-0.2975846290588374,-0.10498719625175056,0.0,0.2601095765829083,-5.135900688171389,4.63626527786255,-4.5044479370117205,-0.428128427267074,-1.401650452613831,7.047732162475588,-5.414073848724364,-4.246892166137696,0.22937495708465508,0.0,0.0,0.0,0.03243701159954071,0.04879947751760483,-0.17703217267990112,0.9824591875076294,0.03243701159954071,0.04879947751760483,-0.17703217267990112,0.9824591875076294,-0.027946552261710167,-0.30589598417282104,-0.08290857076644897,0.9480363726615906,-0.04071420058608055,-0.30474916100502014,-0.0870089903473854,0.9475757479667664,-0.024377737194299698,-0.3064834773540497,-0.13736577332019806,0.9415967464447021,0.1188730001449585,0.7637511491775513,-0.07302626967430115,0.6302543878555298,0.0881185457110405,0.5128623247146606,-0.10817378014326096,0.8470571041107178,0.062106505036354065,0.5159173607826233,-0.09268781542778015,0.8493415117263794,0.062106505036354065,0.5159173607826233,-0.09268781542778015,0.8493415117263794,-0.035674579441547394,-0.29210636019706726,-0.26773202419281006,0.917453408241272,-0.03228021413087845,-0.29309818148612976,-0.26665812730789185,0.9175755977630615,-0.09517678618431091,-0.279070645570755,-0.06086236238479614,0.9536020159721375,0.017316337674856186,0.7601245045661926,-0.11162728071212769,0.6398829221725464,-0.020719457417726517,0.5046197772026062,-0.1110452339053154,0.8559198379516602,0.07825379818677902,0.4884280562400818,-0.16856279969215393,0.8525848984718323,0.07825379818677902,0.4884280562400818,-0.16856279969215393,0.8525848984718323,0.03243701159954071,0.04879947751760483,-0.17703217267990112,0.9824591875076294,0.04267831891775131,0.10475034266710281,-0.17135632038116455,0.9786944389343262,0.7125188708305359,-0.043778374791145325,-0.19562186300754547,0.6724079847335815,0.6936048269271851,-0.16799253225326538,-0.08709748834371567,0.6950576901435852,0.3736110329627991,-0.6126559376716614,-0.6287312507629395,0.29960742592811584,0.39595845341682434,-0.604377031326294,-0.6328017115592957,0.2784014940261841,0.39595845341682434,-0.604377031326294,-0.6328017115592957,0.2784014940261841,0.03727060556411743,0.07636167109012604,-0.1777591109275818,0.9803985953330994,-0.6238211393356323,0.17511677742004395,-0.08218707889318466,0.7572494149208069,-0.6416994333267212,0.09000852704048157,-0.17322485148906708,0.7416964173316956,-0.47561705112457275,-0.5541563630104065,0.5014967918395996,0.46389681100845337,-0.46329793334007263,-0.5610804557800293,0.4959326982498169,0.4739142060279846,-0.46329793334007263,-0.5610804557800293,0.4959326982498169,0.4739142060279846,0.03243701159954071,0.04879947751760483,-0.17703217267990112,0.9824591875076294
0.19087142050266265,-0.04050102233886719,0.4352191209793091,0.0316869355738163,0.06637885421514511,-0.18117031455039978,0.9806973338127136,-0.7112523436546326,-0.028395566344261165,-0.10161048024892808,2.3910999298095703,-0.6631506443023681,-0.03462265282869345,-0.7534273624420166,0.013518466893583523,0.4547158122062683,2.303637075424194,-0.6773033857345581,0.2225832611322403,0.0,0.11582423448562622,1.4104880809783937,0.4403752565383909,-1.8989219665527342,-0.06630215644836425,0.024030004441738195,-1.2839895725250248,-0.3407507568597792,-2.162059116363525,-0.039966998994350425,0.0,0.3902772963047026,0.14159487485885647,-0.12235288321971914,0.18537616282701466,1.432074637711046,-0.4699994921684271,1.9078007936477654,-0.25289436578750724,0.4629022359848036,0.0,0.400298567861318,1.2459361553192134,-0.6334222197532633,0.3055193543434143,1.0263552665710463,-0.2802886635065071,-0.09601342082023667,-0.3587246876209969,0.0,0.11134193539619477,-6.192572879791258,5.088976383209228,-5.163949489593504,-0.18127580881118827,-1.5544495344161984,8.141127300262449,-4.6084724426269545,-4.684201526641845,-0.07673461437225276,0.0,0.0,0.0,0.0316869355738163,0.06637885421514511,-0.18117031455039978,0.9806973338127136,0.0316869355738163,0.06637885421514511,-0.18117031455039978,0.9806973338127136,-0.02525528147816658,-0.27045735716819763,-0.09214486181735992,0.9579793810844421,-0.038856662809848785,-0.2691193222999573,-0.09596384316682816,0.9575259685516357,-0.025099731981754303,-0.2707432508468628,-0.14445507526397705,0.9514205455780029,0.1252044141292572,0.7859902381896973,-0.07629626989364624,0.6006015539169312,0.09356606751680374,0.5476596355438232,-0.1128968819975853,0.823752760887146,0.07915730029344559,0.5495255589485168,-0.10360665619373322,0.8252402544021606,0.07915730029344559,0.5495255589485168,-0.10360665619373322,0.8252402544021606,-0.04126055911183357,-0.2837343215942383,-0.27307015657424927,0.9182729721069336,-0.03505129739642143,-0.2855773866176605,-0.2711541950702667,0.9185272455215454,-0.09848932176828384,-0.2703208327293396,-0.05712854862213135,0.9560140371322632,0.012116266414523125,0.7633510231971741,-0.11320190876722336,0.6358722448348999,-0.026179302483797073,0.5087487697601318,-0.11079689860343933,0.8533543348312378,0.06876249611377716,0.4933016002178192,-0.16660773754119873,0.8509801626205444,0.06876249611377716,0.4933016002178192,-0.16660773754119873,0.8509801626205444,0.0316869355738163,0.06637885421514511,-0.18117031455039978,0.9806973338127136,0.042342089116573334,0.12280268967151642,-0.17547298967838287,0.9758769869804382,0.6649369597434998,-0.019800260663032532,-0.21292182803153992,0.7156333923339844,0.6421182751655579,-0.17308616638183594,-0.05975602939724922,0.7444157600402832,0.3337080180644989,-0.6722368597984314,-0.5937741994857788,0.2901187539100647,0.35854339599609375,-0.6647199392318726,-0.597330629825592,0.2697965204715729,0.35854339599609375,-0.6647199392318726,-0.597330629825592,0.2697965204715729,0.033781033009290695,0.07816333323717117,-0.1814907342195511,0.9796991944313049,-0.5596103668212891,0.17118611931800842,-0.09868176281452179,0.8048561811447144,-0.5816552042961121,0.06663432717323303,-0.2284078747034073,0.7778605222702026,-0.4744032621383667,-0.6205326318740845,0.44821304082870483,0.4347251057624817,-0.45976901054382324,-0.6282806396484375,0.442951500415802,0.44460105895996094,-0.45976901054382324,-0.6282806396484375,0.442951500415802,0.44460105895996094,0.0316869355738163,0.06637885421514511,-0.18117031455039978,0.9806973338127136
0.20044119656085968,-0.03832313492894173,0.4335093915462494,0.02903733029961586,0.09154903143644333,-0.1830085813999176,0.9784085750579834,-0.726762056350708,-0.04033309258520601,-0.11133253276348112,2.3910999298095703,-0.6590031385421753,-0.013676602020859739,-0.7805091023445129,0.030734561569988703,0.4659897744655609,2.2913234710693358,-0.677838408946991,0.21142973005771637,0.0,0.09997912794351581,1.2762060642242432,0.5007059633731842,-2.017802548408508,-0.060468032956123366,-0.03447506856173269,-1.13422749042511,-0.37818427085876466,-2.1944753170013427,-0.04690915420651435,0.0,0.45238600373268123,0.1067935973405838,-0.08823376148939133,0.20544143915176394,2.2275453567504875,-0.2250393927097323,0.3377268314361599,-0.3873566329479212,-0.19143375754356312,0.0,0.31910918354988127,1.1562838315963748,-1.1940746665000912,0.6389406383037561,0.6695006012916568,-0.5275969088077543,-0.027579901739954952,-0.5119274556636809,0.0,-0.4506520576775065,-6.646379089355468,3.90587320327759,-5.71993064880371,0.13542704433202704,-2.397305178642272,7.895099258422853,-2.8589808464050317,-2.904474449157718,-0.279773101210594,0.0,0.0,0.0,0.02903733029961586,0.09154903143644333,-0.1830085813999176,0.9784085750579834,0.02903733029961586,0.09154903143644333,-0.1830085813999176,0.9784085750579834,-0.027145948261022568,-0.2530127167701721,-0.09094363451004028,0.9627964496612549,-0.046570949256420135,-0.251169353723526,-0.09598198533058167,0.9620460271835327,-0.0325700119137764,-0.2534339427947998,-0.14936600625514984,0.9551964402198792,0.12703575193881989,0.7958473563194275,-0.08504661172628403,0.5858805179595947,0.09268820285797119,0.5634588003158569,-0.12157877534627914,0.8118754625320435,0.087100550532341,0.5642208456993103,-0.11776500195264816,0.8125268220901489,0.087100550532341,0.5642208456993103,-0.11776500195264816,0.8125268220901489,-0.04945804551243782,-0.2720261216163635,-0.27613532543182373,0.9204916954040527,-0.035281114280223846,-0.27622663974761963,-0.2719975709915161,0.921125054359436,-0.09807894378900528,-0.2606278359889984,-0.05195853114128113,0.9590380191802979,0.006902828812599182,0.7661739587783813,-0.11075140535831451,0.6329802870750427,-0.03031010366976261,0.5121440887451172,-0.10674558579921722,0.8517013788223267,0.059733934700489044,0.49801138043403625,-0.16017939150333405,0.8501523733139038,0.059733934700489044,0.49801138043403625,-0.16017939150333405,0.8501523733139038,0.02903733029961586,0.09154903143644333,-0.1830085813999176,0.9784085750579834,0.03838510811328888,0.14013740420341492,-0.17819145321846008,0.973209023475647,0.6107140779495239,0.006949921138584614,-0.22612127661705017,0.7588472366333008,0.5902752876281738,-0.15545347332954407,-0.04033580422401428,0.7910641431808472,0.2885708212852478,-0.7204303741455078,-0.5610238909721375,0.28802618384361267,0.3125028610229492,-0.7146943807601929,-0.5641390085220337,0.27074140310287476,0.3125028610229492,-0.7146943807601929,-0.5641390085220337,0.27074140310287476,0.02599724940955639,0.07468120753765106,-0.18221792578697205,0.9800732135772705,-0.5045769810676575,0.16069269180297852,-0.11326604336500168,0.8406847715377808,-0.5270677804946899,0.05346250534057617,-0.26313772797584534,0.8062877655029297,-0.473061740398407,-0.661664605140686,0.39331579208374023,0.4286201000213623,-0.455038845539093,-0.6710234880447388,0.3874661326408386,0.4387906789779663,-0.455038845539093,-0.6710234880447388,0.3874661326408386,0.4387906789779663,0.02903733029961586,0.09154903143644333,-0.1830085813999176,0.9784085750579834
0.2106635421514511,-0.03609272837638855,0.4318683445453644,0.025420980527997017,0.12045367807149887,-0.1835857778787613,0.9752645492553711,-0.7701020836830139,-0.05750861018896103,-0.12842130661010742,2.3910999298095703,-0.6576489806175232,0.004544910043478012,-0.8115911483764648,0.0534972557798028,0.47461867332458496,2.2768077850341797,-0.6783527135848999,0.19913247227668762,0.0,0.07559394091367722,1.1402310132980347,0.538803219795227,-2.1422855854034424,-0.05072693154215813,-0.10617885272949934,-0.9946402907371521,-0.39093515276908875,-2.1947999000549316,-0.05553467571735382,0.0,0.5111172795295715,0.11152032017707825,-0.08205234259366989,0.17902377247810364,2.9251158237457275,0.0030272305011749268,-2.167001485824585,-0.8587758243083953,-0.8544386327266693,0.0,0.06770789623260498,0.9110755324363708,-1.5541021823883057,1.1381345689296722,0.43144491314888006,-0.7257842421531677,-0.025715230032801628,-0.614862859249115,0.0,-1.2192592211067677,-6.798752307891846,1.904862880706787,-6.224151611328125,0.4870550259947777,-3.5851891040802,6.9793596267700195,-0.6375441551208496,-0.01622915267944336,-0.4312760680913925,0.0,0.0,0.0,0.025420980527997017,0.12045367807149887,-0.1835857778787613,0.9752645492553711,0.025420980527997017,0.12045367807149887,-0.1835857778787613,0.9752645492553711,-0.0313369557261467,-0.2446710616350174,-0.08455698937177658,0.9654036164283752,-0.05907968431711197,-0.24213887751102448,-0.09155641496181488,0.964103639125824,-0.04342072084546089,-0.2454308122396469,-0.1532309204339981,0.9562419056892395,0.12665493786334991,0.7997532486915588,-0.09655879437923431,0.5788174271583557,0.08868730068206787,0.5699866414070129,-0.1322862058877945,0.8060708045959473,0.09051883220672607,0.5696845650672913,-0.13358113169670105,0.8058671951293945,0.09051883220672607,0.5696845650672913,-0.13358113169670105,0.8058671951293945,-0.058951180428266525,-0.25859877467155457,-0.2780110836029053,0.9232341647148132,-0.03423779457807541,-0.2659417986869812,-0.27099528908729553,0.9244805574417114,-0.09579803049564362,-0.2504396140575409,-0.04606589302420616,0.9622789025306702,0.0016826430801302195,0.7687710523605347,-0.1062849834561348,0.6306280493736267,-0.03377534821629524,0.5151568651199341,-0.10078965872526169,0.8504787683486938,0.05093105509877205,0.5025867819786072,-0.1514980047941208,0.84962397813797,0.05093105509877205,0.5025867819786072,-0.1514980047941208,0.84962397813797,0.025420980527997017,0.12045367807149887,-0.1835857778787613,0.9752645492553711,0.03261227533221245,0.15708787739276886,-0.18018190562725067,0.9704608917236328,0.5512404441833496,0.03499319404363632,-0.23646901547908783,0.7993696928024292,0.5366999506950378,-0.1260562390089035,-0.024817779660224915,0.8339346647262573,0.24035851657390594,-0.7612884640693665,-0.5283190608024597,0.28904443979263306,0.2615036368370056,-0.7575260996818542,-0.5307696461677551,0.2757781744003296,0.2615036368370056,-0.7575260996818542,-0.5307696461677551,0.2757781744003296,0.01606385037302971,0.06854947656393051,-0.1814238727092743,0.98088139295578,-0.45383313298225403,0.14679792523384094,-0.12674391269683838,0.8697251677513123,-0.4751920700073242,0.04542376473546028,-0.2873848080635071,0.8303849101066589,-0.4713945984840393,-0.6896401643753052,0.33759066462516785,0.4338388741016388,-0.4493829607963562,-0.7008633613586426,0.3306431174278259,0.4444330036640167,-0.4493829607963562,-0.7008633613586426,0.3306431174278259,0.4444330036640167,0.025420980527997017,0.12045367807149887,-0.1835857778787613,0.9752645492553711
0.21696614325046543,-0.035453455150127405,0.4313158094882965,0.023797161877155304,0.15400850772857666,-0.18140263855457306,0.9709830284118652,-0.8321130752563479,-0.06275265067815783,-0.1513628751039506,2.3910999298095703,-0.6689649343490601,0.015780674014240555,-0.8644991874694826,0.06621692031621938,0.4649894893169403,2.2658886909484863,-0.6782000422477722,0.180500641465187,0.0,0.012312082946300235,1.0780345916748044,0.507977396249771,-2.1737941741943363,-0.0369318645447492,-0.2010325610637669,-0.9035127043724056,-0.33785985112190225,-2.1947999000549316,-0.04357686936855311,0.0,0.3935249269008631,0.06378632485866526,-0.04939698874950395,0.36856713294982996,3.179422140121461,0.14474191213958026,-2.7271301746368435,-0.5008315563201888,-1.0300225019454965,0.0,-0.31239545345306563,0.701503098011016,-2.208881902694705,0.8368437767028796,-0.11629753708839652,-0.6178865194320674,-0.005705953016877086,-0.8049000501632699,0.0,-2.386159372329717,-4.5853934288024805,-0.16282956600190124,-3.4349183082580446,0.6086739897727972,-4.2796868324279815,5.525571441650384,1.3372412919998258,-0.0064916610717773,0.18622375130653657,0.0,0.0,0.0,0.023797161877155304,0.15400850772857666,-0.18140263855457306,0.9709830284118652,0.023797161877155304,0.15400850772857666,-0.18140263855457306,0.9709830284118652,-0.032699450850486755,-0.24070152640342712,-0.07361185550689697,0.967251181602478,-0.06303010880947113,-0.2382926642894745,-0.08112020790576935,0.9657449722290039,-0.044855862855911255,-0.24238738417625427,-0.15391185879707336,0.9568425416946411,0.1267625093460083,0.8014274835586548,-0.09814363718032837,0.576205849647522,0.08751201629638672,0.5678566098213196,-0.13431516289710999,0.8073660135269165,0.09388461709022522,0.5667724013328552,-0.13878366351127625,0.8066559433937073,0.09388461709022522,0.5667724013328552,-0.13878366351127625,0.8066559433937073,-0.0685463696718216,-0.2505130171775818,-0.27943867444992065,0.924369215965271,-0.03790225833654404,-0.2596203088760376,-0.2710139751434326,0.9261274337768555,-0.09672250598669052,-0.24390771985054016,-0.050341904163360596,0.9636490345001221,0.004573273006826639,0.7693269848823547,-0.10895276814699173,0.6294795274734497,-0.03192886710166931,0.5161280632019043,-0.10426954925060272,0.849541187286377,0.0447743684053421,0.5046418905258179,-0.15035566687583923,0.8489552140235901,0.0447743684053421,0.5046418905258179,-0.15035566687583923,0.8489552140235901,0.023797161877155304,0.15400850772857666,-0.18140263855457306,0.9709830284118652,0.024955790489912033,0.1599549651145935,-0.18071086704730988,0.9701212644577026,0.519383430480957,0.044564954936504364,-0.23718564212322235,0.8197548389434814,0.5099860429763794,-0.10033108294010162,-0.03242157772183418,0.8536959290504456,0.2123050093650818,-0.7726298570632935,-0.5130301117897034,0.30784741044044495,0.22795534133911133,-0.7703838348388672,-0.5151804685592651,0.29855331778526306,0.22795534133911133,-0.7703838348388672,-0.5151804685592651,0.29855331778526306,0.006614500656723976,0.0558292493224144,-0.17653252184391022,0.9826880693435669,-0.4230232238769531,0.12722766399383545,-0.13400837779045105,0.8870773315429688,-0.43993210792541504,0.04448062181472778,-0.27613314986228943,0.8533650040626526,-0.4454331398010254,-0.7124803066253662,0.3126821517944336,0.44293469190597534,-0.42772096395492554,-0.7208715677261353,0.30710726976394653,0.45064854621887207,-0.42772096395492554,-0.7208715677261353,0.30710726976394653,0.45064854621887207,0.023797161877155304,0.15400850772857666,-0.18140263855457306,0.9709830284118652
0.22485215961933144,-0.035311213135719305,0.43096511960029604,0.021730827167630196,0.18679523468017578,-0.17962980270385742,0.9655923247337341,-0.8882652282714847,-0.06746311038732532,-0.17329263091087355,2.3895665645599364,-0.6743799567222595,0.023208750784397124,-0.9124636888504031,0.07948254495859156,0.45315263271331774,2.2532208919525147,-0.6746752858161925,0.16471958160400385,0.0,-0.059235538542271246,1.0197623848915096,0.4733586907386777,-2.1947999000549316,-0.0280345555394888,-0.29707882404327457,-0.8242295145988461,-0.2800917863845821,-2.1947999000549316,-0.024507458508014456,0.0,0.3626324892044077,0.017052724957465827,-0.02157139629125583,0.45789540410041735,3.31989254951477,0.2069530159234994,-2.924784326553341,-0.2461945980787274,-1.116724014282226,-0.04600095450878235,-0.38876974582671764,0.4475575566291786,-2.4970956087112395,0.6523620009422305,-0.5476893424987807,-0.5984158396720897,0.10879611922428213,-0.8460683822631818,0.0,-3.4120656967163137,-2.9920944213867164,-1.6550775527954125,-1.2603434562683042,0.5428205609321565,-4.778461837768555,4.201047372817986,2.7945478439331084,0.0,0.8112383842468305,0.0,0.0,0.0,0.021730827167630196,0.18679523468017578,-0.17962980270385742,0.9655923247337341,0.021730827167630196,0.18679523468017578,-0.17962980270385742,0.9655923247337341,-0.03405553847551346,-0.23450307548046112,-0.06381415575742722,0.9694206118583679,-0.06673238426446915,-0.23222391307353973,-0.07167813181877136,0.9677194356918335,-0.04642891883850098,-0.2371368110179901,-0.15516279637813568,0.9578804969787598,0.1272692233324051,0.8038796782493591,-0.10016390681266785,0.5723174214363098,0.08696994185447693,0.5692671537399292,-0.13662981986999512,0.8060417771339417,0.09631775319576263,0.5676434636116028,-0.14322610199451447,0.8049783706665039,0.09631775319576263,0.5676434636116028,-0.14322610199451447,0.8049783706665039,-0.07825937122106552,-0.2407662272453308,-0.28050774335861206,0.9258630871772766,-0.04140179231762886,-0.2517138123512268,-0.27075091004371643,0.9282349348068237,-0.09692981094121933,-0.2359796017408371,-0.05531914904713631,0.9653279781341553,0.008291705511510372,0.7702465057373047,-0.11131362617015839,0.6279019117355347,-0.029010172933340073,0.5190145373344421,-0.10777486860752106,0.8474472761154175,0.04081518203020096,0.5083920955657959,-0.15009106695652008,0.8469619154930115,0.04081518203020096,0.5083920955657959,-0.15009106695652008,0.8469619154930115,0.021730827167630196,0.18679523468017578,-0.17962980270385742,0.9655923247337341,0.01603512093424797,0.1582133173942566,-0.18181440234184265,0.9703890681266785,0.48758769035339355,0.04931793361902237,-0.23605075478553772,0.8391103148460388,0.48199301958084106,-0.07878772169351578,-0.040463291108608246,0.8716868162155151,0.18609455227851868,-0.783169150352478,-0.49550023674964905,0.3263349235057831,0.19818997383117676,-0.7817564010620117,-0.4973909854888916,0.31965574622154236,0.19818997383117676,-0.7817564010620117,-0.4973909854888916,0.31965574622154236,-0.003231551731005311,0.04191739484667778,-0.1717209368944168,0.984248161315918,-0.3971978724002838,0.10715410858392715,-0.14033269882202148,0.9005879163742065,-0.4096759557723999,0.04261880740523338,-0.26077771186828613,0.8731231689453125,-0.41815125942230225,-0.7326077818870544,0.2939070761203766,0.44950413703918457,-0.407987117767334,-0.7371352910995483,0.29069817066192627,0.4535115957260132,-0.407987117767334,-0.7371352910995483,0.29069817066192627,0.4535115957260132,0.021730827167630196,0.18679523468017578,-0.17962980270385742,0.9655923247337341
0.23590500652790075,-0.036163033545017244,0.4310181200504303,0.018810920417308807,0.21820029616355896,-0.178902268409729,0.9591813087463379,-0.9326997041702272,-0.07110640853643418,-0.19319876134395608,2.3849664688110352,-0.6679931163787841,0.023021455481648443,-0.9505411148071291,0.09384008795022972,0.4369004309177398,2.2370556831359862,-0.6644063591957092,0.15464006364345545,0.0,-0.14731468707323114,0.9693386077880857,0.43115422129631026,-2.1947999000549316,-0.028932762518525126,-0.395510190725327,-0.7686351180076596,-0.21293819546699494,-2.1947999000549316,0.0087851613759996,0.0,0.5051398813724524,-0.02768008410930653,-0.0034053321927785055,0.3467934966087336,3.232691144943237,0.11015695631504016,-2.3974889278411844,-0.19817231893539408,-1.0256608724594112,-0.18400381803512636,0.14231407642364735,0.10486580133437956,-2.052177286148069,0.7014983177185061,-0.7463798582553873,-0.7557992458343512,0.41228377772495284,-0.589498996734618,0.0,-4.1559844493866,-2.6389151573181135,-1.9964368581771865,-0.3150858640670735,0.10202236175536916,-4.885791397094727,3.135051536560054,3.2168964862823506,0.0,1.451282763481143,0.0,0.0,0.0,0.018810920417308807,0.21820029616355896,-0.178902268409729,0.9591813087463379,0.018810920417308807,0.21820029616355896,-0.178902268409729,0.9591813087463379,-0.0354023315012455,-0.22387555241584778,-0.056321412324905396,0.9723447561264038,-0.06994495540857315,-0.22173845767974854,-0.06423524767160416,0.9704707860946655,-0.04827539622783661,-0.22746028006076813,-0.15754586458206177,0.9597450494766235,0.1285710483789444,0.8078680634498596,-0.10305245220661163,0.5658613443374634,0.08768875896930695,0.5777227282524109,-0.13950711488723755,0.79942786693573,0.09688501805067062,0.5760787129402161,-0.14614737033843994,0.7983655333518982,0.09688501805067062,0.5760787129402161,-0.14614737033843994,0.7983655333518982,-0.0882113128900528,-0.22772109508514404,-0.2808830440044403,0.9281522035598755,-0.0445709265768528,-0.24063776433467865,-0.26992368698120117,0.9312615394592285,-0.09570252895355225,-0.22525964677333832,-0.06169799715280533,0.9676221013069153,0.013665608130395412,0.7718945145606995,-0.11306072771549225,0.6254673004150391,-0.023946071043610573,0.5257107019424438,-0.11132658272981644,0.8430072069168091,0.041252251714468,0.5155439376831055,-0.15158537030220032,0.8423388600349426,0.041252251714468,0.5155439376831055,-0.15158537030220032,0.8423388600349426,0.018810920417308807,0.21820029616355896,-0.178902268409729,0.9591813087463379,0.004586661700159311,0.14724530279636383,-0.18405592441558838,0.9718133211135864,0.456813246011734,0.04450073838233948,-0.23160511255264282,0.8577299118041992,0.4525643587112427,-0.06585191935300827,-0.04943782463669777,0.8879217505455017,0.16394348442554474,-0.7933156490325928,-0.4743274450302124,0.3446539640426636,0.17660902440547943,-0.7920842170715332,-0.4765259921550751,0.3381342589855194,0.17660902440547943,-0.7920842170715332,-0.4765259921550751,0.3381342589855194,-0.013865956105291843,0.02563861571252346,-0.16710546612739563,0.9855080842971802,-0.3823468089103699,0.0863872542977333,-0.14508160948753357,0.9084600210189819,-0.39052486419677734,0.039029039442539215,-0.2378985732793808,0.8884657025337219,-0.38933509588241577,-0.7489982843399048,0.2881753742694855,0.4520781338214874,-0.3930661380290985,-0.74749356508255,0.28923162817955017,0.4506635069847107,-0.3930661380290985,-0.74749356508255,0.28923162817955017,0.4506635069847107,0.018810920417308807,0.21820029616355896,-0.178902268409729,0.9591813087463379
0.24349027574062349,-0.03943505138158799,0.4316002666950226,0.0176813006401062,0.24845555424690247,-0.17134162783622742,0.9532047510147095,-0.9860845565795899,-0.07752766758203508,-0.21119896769523624,2.372734785079956,-0.6523948311805725,0.0229917548596859,-0.9891075849533082,0.10657184571027759,0.4213702321052551,2.216943311691284,-0.6387446999549865,0.1480866014957428,0.0,-0.24358308613300345,0.9217045426368712,0.39009215831756583,-2.1947999000549316,-0.03518117256462576,-0.4898443698883059,-0.7154817461967468,-0.154445844888687,-2.1947999000549316,0.04054343849420554,0.0,0.44861500263214077,-0.11519693657755876,0.01852440661750739,0.4934323966503149,3.1044871807098384,0.4490556791424764,-2.4902349948883065,-0.26550371944904355,-0.9381287574768065,-0.45895238816738204,0.5956853330135354,-0.004636924155056461,-1.918542504310608,0.6691035389900206,-0.7909499406814574,-0.9266752839088443,0.9752282619476333,-0.3981941938400265,0.0,-4.649634552001954,-2.437497329711914,-2.075951099395752,0.0,-0.20541642680764252,-4.798652267456054,2.7064888477325435,3.0978422164916983,0.0,1.6186006069183347,0.0,0.0,0.0,0.0176813006401062,0.24845555424690247,-0.17134162783622742,0.9532047510147095,0.0176813006401062,0.24845555424690247,-0.17134162783622742,0.9532047510147095,-0.031993966549634933,-0.21915176510810852,-0.04235143959522247,0.9742460250854492,-0.06972827762365341,-0.21738553047180176,-0.05080856755375862,0.9722656011581421,-0.04643110930919647,-0.22349409759044647,-0.15300901234149933,0.961500346660614,0.12446153163909912,0.8075010776519775,-0.10039205849170685,0.5677787661552429,0.08567537367343903,0.5829870700836182,-0.1350070834159851,0.7965919971466064,0.09482701122760773,0.5813965797424316,-0.14169999957084656,0.795554518699646,0.09482701122760773,0.5813965797424316,-0.14169999957084656,0.795554518699646,-0.09344044327735901,-0.2161865234375,-0.2759518623352051,0.931870698928833,-0.04365690425038338,-0.2305460274219513,-0.2640865743160248,0.9355217218399048,-0.0909460037946701,-0.21628382802009583,-0.06261381506919861,0.9700668454170227,0.015523787587881088,0.771754264831543,-0.10932855308055878,0.6262601613998413,-0.019654687494039536,0.5361087322235107,-0.10864770412445068,0.8368971347808838,0.04232089966535568,0.5265958309173584,-0.1479891985654831,0.8360651731491089,0.04232089966535568,0.5265958309173584,-0.1479891985654831,0.8360651731491089,0.0176813006401062,0.24845555424690247,-0.17134162783622742,0.9532047510147095,-0.004810897167772055,0.13110971450805664,-0.17933312058448792,0.9750008583068848,0.4292123019695282,0.03744175285100937,-0.219152569770813,0.8754125833511353,0.42555540800094604,-0.05728129297494888,-0.051081717014312744,0.901671826839447,0.14965717494487762,-0.8031275272369385,-0.45183366537094116,0.35837841033935547,0.165272057056427,-0.8017224669456482,-0.45471590757369995,0.35094112157821655,0.165272057056427,-0.8017224669456482,-0.45471590757369995,0.35094112157821655,-0.02012544497847557,0.01003545243293047,-0.15594272315502167,0.987510085105896,-0.3646131157875061,0.06414573639631271,-0.1422170251607895,0.9179962873458862,-0.369543194770813,0.03106888197362423,-0.21049025654792786,0.9045255184173584,-0.35590723156929016,-0.7681318521499634,0.2829120457172394,0.45084840059280396,-0.3733852505683899,-0.7616589069366455,0.28780481219291687,0.4445532560348511,-0.3733852505683899,-0.7616589069366455,0.28780481219291687,0.4445532560348511,0.0176813006401062,0.24845555424690247,-0.17134162783622742,0.9532047510147095
0.24934175610542297,-0.04391716793179512,0.43244698643684387,0.017438333481550217,0.27799201011657715,-0.16027973592281342,0.9469565749168396,-1.0439445972442627,-0.08533790707588196,-0.22824621200561523,2.356687307357788,-0.6321908235549927,0.023040851578116417,-1.0279185771942139,0.11849071085453033,0.406201034784317,2.194857358932495,-0.6053866744041443,0.14329616725444794,0.0,-0.34394609928131104,0.8754653334617615,0.34960129857063293,-2.1947999000549316,-0.0441046841442585,-0.582129955291748,-0.6635488867759705,-0.10028411448001862,-2.1947999000549316,0.07153454422950745,0.0,0.2925739884376526,-0.224105816334486,0.04233598313294351,0.7689417004585266,2.955781936645508,1.0058018043637276,-2.8930017948150635,-0.39051195979118347,-0.8523621559143066,-0.8023738116025925,1.0102003514766693,0.002454835921525955,-1.9405494928359985,0.5959432125091553,-0.7584598064422607,-1.1042976379394531,1.6679011583328247,-0.23952168226242065,0.0,-5.018150329589844,-2.311960220336914,-2.024542808532715,0.0,-0.44617554917931557,-4.614278793334961,2.5966427326202393,2.7080864906311035,0.0,1.5495551824569702,0.0,0.0,0.0,0.017438333481550217,0.27799201011657715,-0.16027973592281342,0.9469565749168396,0.017438333481550217,0.27799201011657715,-0.16027973592281342,0.9469565749168396,-0.026201386004686356,-0.21733233332633972,-0.025135047733783722,0.9754221439361572,-0.06778515130281448,-0.21606236696243286,-0.03438270092010498,0.9734166860580444,-0.04273999109864235,-0.22237595915794373,-0.1450074017047882,0.963169276714325,0.11763687431812286,0.804894208908081,-0.09494955092668533,0.5738391876220703,0.08229292184114456,0.5866345167160034,-0.12681375443935394,0.7956168055534363,0.09145309776067734,0.5851346850395203,-0.13356345891952515,0.7946159839630127,0.09145309776067734,0.5851346850395203,-0.13356345891952515,0.7946159839630127,-0.09630028158426285,-0.20539222657680511,-0.268346905708313,0.9362319111824036,-0.04069637134671211,-0.2209208756685257,-0.25571468472480774,0.9402913451194763,-0.08442120254039764,-0.2081712931394577,-0.060795266181230545,0.9725439548492432,0.015623641200363636,0.7706987261772156,-0.10285380482673645,0.6286497116088867,-0.015746569260954857,0.5482649207115173,-0.10283505916595459,0.82980877161026,0.04369718208909035,0.539496660232544,-0.14181974530220032,0.82880699634552,0.04369718208909035,0.539496660232544,-0.14181974530220032,0.82880699634552,0.017438333481550217,0.27799201011657715,-0.16027973592281342,0.9469565749168396,-0.013179978355765343,0.1123490259051323,-0.1710689514875412,0.9787437915802002,0.40293946862220764,0.02924230694770813,-0.20256301760673523,0.8920498490333557,0.3996622860431671,-0.050884000957012177,-0.049045391380786896,0.913934051990509,0.13927365839481354,-0.8125553727149963,-0.42857521772384644,0.36970242857933044,0.15903986990451813,-0.810889482498169,-0.43237826228141785,0.3608511686325073,0.15903986990451813,-0.810889482498169,-0.43237826228141785,0.3608511686325073,-0.02419106662273407,-0.0052292137406766415,-0.14146919548511505,0.9896332025527954,-0.3452163636684418,0.04113547503948212,-0.13545756042003632,0.9277848601341248,-0.34726646542549133,0.020895441994071007,-0.18061065673828125,0.9199723601341248,-0.319815993309021,-0.7878082990646362,0.2775854468345642,0.44723832607269287,-0.3511200249195099,-0.7772992849349976,0.28623729944229126,0.43656471371650696,-0.3511200249195099,-0.7772992849349976,0.28623729944229126,0.43656471371650696,0.017438333481550217,0.27799201011657715,-0.16027973592281342,0.9469565749168396
0.2537589967250824,-0.04863716512918474,0.43284849524497987,0.01911664381623268,0.30551788210868835,-0.1504770666360855,0.9400266408920288,-1.0953710556030276,-0.09577221423387532,-0.24122079014778142,2.3432435035705566,-0.6166508913040161,0.017557343468070006,-1.0695144176483156,0.13003175556659705,0.3906803607940673,2.181159496307373,-0.5699020147323607,0.14067817032337188,0.0,-0.4253318667411808,0.8654293656349181,0.3140786230564116,-2.1947999000549316,-0.049281959980726264,-0.6634348630905155,-0.6306652188301085,-0.06732738316059098,-2.1947999000549316,0.0947094202041627,0.0,0.24954680502414683,-0.23124223947525027,0.028979656472802102,0.838479042053223,2.835701942443847,0.8935207724571224,-2.6999943256378165,-0.4692339897155765,-0.7301821708679194,-0.7242636084556576,0.870278084278106,-0.16352331587113514,-2.0240950107574465,0.5846085906028747,-0.7690041065216064,-0.8526548981666554,1.7317001819610598,-0.17434858679771395,0.0,-4.448833084106443,-1.2258631229400587,-1.8754973173141474,0.0,-0.3337884843349452,-4.284858608245848,2.025167059898374,2.0719364643096894,0.0,1.3150683164596548,0.0,0.0,0.0,0.01911664381623268,0.30551788210868835,-0.1504770666360855,0.9400266408920288,0.01911664381623268,0.30551788210868835,-0.1504770666360855,0.9400266408920288,-0.01795312389731407,-0.21460476517677307,-0.011527663096785545,0.976468026638031,-0.06467609852552414,-0.21384653449058533,-0.021778911352157593,0.9744806289672852,-0.038485825061798096,-0.22005128860473633,-0.1388721466064453,0.9647854566574097,0.11302322894334793,0.8034075498580933,-0.08941475301980972,0.5777257680892944,0.08052310347557068,0.5902078747749329,-0.11950835585594177,0.7942849397659302,0.08749610185623169,0.5891292095184326,-0.12467968463897705,0.7935529351234436,0.08749610185623169,0.5891292095184326,-0.12467968463897705,0.7935529351234436,-0.09786835312843323,-0.1973799169063568,-0.26282981038093567,0.9393527507781982,-0.036619216203689575,-0.21401792764663696,-0.24948075413703918,0.9437239170074463,-0.07749221473932266,-0.2028057724237442,-0.06156797334551811,0.974204421043396,0.01883109100162983,0.7703235149383545,-0.09718509018421173,0.6299223899841309,-0.009301510639488697,0.5621904730796814,-0.09850345551967621,0.8210678100585938,0.04843508452177048,0.5538738369941711,-0.1377587616443634,0.8196953535079956,0.04843508452177048,0.5538738369941711,-0.1377587616443634,0.8196953535079956,0.01911664381623268,0.30551788210868835,-0.1504770666360855,0.9400266408920288,-0.01684200018644333,0.10083315521478653,-0.16353075206279755,0.9812270998954773,0.3961658179759979,0.022926051169633865,-0.19076727330684662,0.8978503346443176,0.39298176765441895,-0.04808970168232918,-0.05220995843410492,0.9168025255203247,0.1332537978887558,-0.8141951560974121,-0.4242374897003174,0.37329918146133423,0.15539079904556274,-0.8124207258224487,-0.4285619556903839,0.36353951692581177,0.15539079904556274,-0.8124207258224487,-0.4285619556903839,0.36353951692581177,-0.02428615465760231,-0.017104027792811394,-0.12930630147457123,0.9911597967147827,-0.3304714560508728,0.02392815425992012,-0.12807221710681915,0.9347800016403198,-0.331551730632782,0.010673881508409977,-0.15861649811267853,0.9299463033676147,-0.29371023178100586,-0.8022595047950745,0.2741866111755371,0.4415150582790375,-0.3357253074645996,-0.7893320322036743,0.2851209044456482,0.4277259409427643,-0.3357253074645996,-0.7893320322036743,0.2851209044456482,0.4277259409427643,0.01911664381623268,0.30551788210868835,-0.1504770666360855,0.9400266408920288
0.2566396534442902,-0.0536812320351601,0.43302692770957946,0.02131514437496662,0.3318336308002472,-0.13990288972854614,0.9326624274253845,-1.144189310073853,-0.10564450323581702,-0.2548989713191987,2.329922676086426,-0.6030441761016845,0.0117105301469564,-1.113083100318909,0.1420931190252305,0.37692329287528986,2.1695268630981444,-0.5361747920513151,0.1376064300537109,0.0,-0.5071147918701178,0.8491270422935484,0.2835878968238829,-2.1947999000549316,-0.05659350007772453,-0.7421076536178594,-0.6018587946891784,-0.038604270666837553,-2.1947999000549316,0.11807207763195053,0.0,0.1747645020484915,-0.2457219421863558,0.013383148983120784,0.9187636613845832,2.689774656295775,0.8463264942169195,-2.493076610565184,-0.5048547983169552,-0.6698369383811955,-0.6685008406639098,0.7190000474452961,-0.2850745558738711,-2.1389772415161143,0.5926617383956913,-0.7231254696845998,-0.6229361951351153,1.7215097665786732,-0.1445121437311175,0.0,-4.081202983856201,-0.6897890329360999,-1.625175189971921,0.0,-0.322891700267793,-3.9862816333770734,1.5218659877777074,1.5208278894424414,0.0,1.1643771886825562,0.0,0.0,0.0,0.02131514437496662,0.3318336308002472,-0.13990288972854614,0.9326624274253845,0.02131514437496662,0.3318336308002472,-0.13990288972854614,0.9326624274253845,-0.00861496850848198,-0.21175828576087952,0.00180961680598557,0.9772824645042419,-0.06020207703113556,-0.2115778923034668,-0.009368590079247952,0.9754602313041687,-0.03283108025789261,-0.21748343110084534,-0.13328218460083008,0.966363787651062,0.10952120274305344,0.8020060062408447,-0.08277903497219086,0.5813252925872803,0.07997752726078033,0.5931881666183472,-0.11156590282917023,0.7932746410369873,0.08462193608283997,0.5925149321556091,-0.11503516882658005,0.7928001880645752,0.08462193608283997,0.5925149321556091,-0.11503516882658005,0.7928001880645752,-0.0985991582274437,-0.19123589992523193,-0.25718584656715393,0.9421053528785706,-0.03146742284297943,-0.20899471640586853,-0.24297107756137848,0.9467291831970215,-0.07006379961967468,-0.19937941431999207,-0.061302460730075836,0.9754900932312012,0.02148909866809845,0.769385814666748,-0.0905887633562088,0.6319632530212402,-0.0033263617660850286,0.5745088458061218,-0.09301794320344925,0.8131890296936035,0.05259285867214203,0.5667489767074585,-0.1322861611843109,0.8114986419677734,0.05259285867214203,0.5667489767074585,-0.1322861611843109,0.8114986419677734,0.02131514437496662,0.3318336308002472,-0.13990288972854614,0.9326624274253845,-0.01944056898355484,0.08803648501634598,-0.15549027919769287,0.9837146997451782,0.38748037815093994,0.016077550128102303,-0.1780148148536682,0.9043845534324646,0.3842722475528717,-0.04681539908051491,-0.0521395280957222,0.9205567240715027,0.12926524877548218,-0.8174358606338501,-0.41667571663856506,0.3761255145072937,0.1547849327325821,-0.8154013156890869,-0.4216844141483307,0.3651636242866516,0.1547849327325821,-0.8154013156890869,-0.4216844141483307,0.3651636242866516,-0.0230163112282753,-0.0287774745374918,-0.1169438585639,0.9924546480178833,-0.31615114212036133,0.007219519000500441,-0.12015491724014282,0.9410415887832642,-0.31645333766937256,-7.124966941773891e-05,-0.13784927129745483,0.9385387301445007,-0.26900121569633484,-0.8156847953796387,0.27069735527038574,0.43476393818855286,-0.3219650387763977,-0.8006529808044434,0.28382933139801025,0.4180120527744293,-0.3219650387763977,-0.8006529808044434,0.28382933139801025,0.4180120527744293,0.02131514437496662,0.3318336308002472,-0.13990288972854614,0.9326624274253845
0.2564471423625946,-0.05937343835830684,0.43275920748710633,0.024570951238274574,0.35600730776786804,-0.12794193625450134,0.9253571033477783,-1.1877911567687987,-0.11439275592565532,-0.26998435854911795,2.316847801208496,-0.5933038949966432,0.005137106403708501,-1.160597467422485,0.15519511997699728,0.36669343709945684,2.1620246887207033,-0.5059624433517458,0.13362720310688023,0.0,-0.5896920323371881,0.8202920079231264,0.2631610691547395,-2.1947999000549316,-0.06817356869578353,-0.8155162096023555,-0.5812068581581117,-0.01834839582443251,-2.1947999000549316,0.14181029796600325,0.0,0.03647195994854066,-0.27488821148872356,-0.006693719699978694,1.0205428361892692,2.4921527862548842,0.9293057084083551,-2.2583384037017837,-0.4542731642723087,-0.7331612110137935,-0.6574329733848573,0.54501053094864,-0.31777200698852515,-2.3165328979492177,0.6394904255867001,-0.5644009590148936,-0.43706556558609133,1.56334047317505,-0.18534903526306126,0.0,-4.116947174072266,-1.2537609577178919,-1.1722997903823882,0.0,-0.5149754703044879,-3.7493910789489764,1.1549141168594383,1.1398022174835232,0.0,1.1812775373458861,0.0,0.0,0.0,0.024570951238274574,0.35600730776786804,-0.12794193625450134,0.9253571033477783,0.024570951238274574,0.35600730776786804,-0.12794193625450134,0.9253571033477783,0.0028959678020328283,-0.20872479677200317,0.014600047841668129,0.9778611660003662,-0.053009163588285446,-0.20923754572868347,0.0026489398442208767,0.976423442363739,-0.02437722496688366,-0.21443775296211243,-0.12878860533237457,0.9679027795791626,0.10824897885322571,0.8008190989494324,-0.07394702732563019,0.5843822956085205,0.08188505470752716,0.5950158834457397,-0.102356918156147,0.792952835559845,0.08392252773046494,0.5947411060333252,-0.10388284176588058,0.792747437953949,0.08392252773046494,0.5947411060333252,-0.10388284176588058,0.792747437953949,-0.09766986966133118,-0.18885797262191772,-0.25132742524147034,0.9442604780197144,-0.024171262979507446,-0.20775695145130157,-0.23594020307064056,0.948991596698761,-0.061643511056900024,-0.19984839856624603,-0.05896563082933426,0.9761064052581787,0.02304825186729431,0.7673332095146179,-0.0821390300989151,0.6355485916137695,0.0017037519719451666,0.5838421583175659,-0.08526656031608582,0.8073755502700806,0.05560900643467903,0.5768410563468933,-0.12404735386371613,0.8054654002189636,0.05560900643467903,0.5768410563468933,-0.12404735386371613,0.8054654002189636,0.024570951238274574,0.35600730776786804,-0.12794193625450134,0.9253571033477783,-0.019913731142878532,0.07269550859928131,-0.14646930992603302,0.9863395094871521,0.37501487135887146,0.008170007728040218,-0.16337376832962036,0.9124725461006165,0.3714902400970459,-0.048579271882772446,-0.04559711366891861,0.9260432124137878,0.12933449447155,-0.8238437175750732,-0.4026501178741455,0.37739473581314087,0.1602509468793869,-0.8212043046951294,-0.4086461663246155,0.36462509632110596,0.1602509468793869,-0.8212043046951294,-0.4086461663246155,0.36462509632110596,-0.019023887813091278,-0.0400494709610939,-0.10422250628471375,0.9935652017593384,-0.3029109239578247,-0.00846649706363678,-0.11126451194286346,0.9464637041091919,-0.3029613494873047,-0.011843886226415634,-0.11972466111183167,0.945378303527832,-0.24742506444454193,-0.827925443649292,0.26732978224754333,0.42644479870796204,-0.3116604685783386,-0.8109735250473022,0.2823421061038971,0.4067830443382263,-0.3116604685783386,-0.8109735250473022,0.2823421061038971,0.4067830443382263,0.024570951238274574,0.35600730776786804,-0.12794193625450134,0.9253571033477783
0.26341343522071836,-0.06640236228704449,0.4347759664058685,0.027110477909445763,0.3804260492324829,-0.11595654487609863,0.9171124696731567,-1.2093950748443603,-0.12780893146991723,-0.27941871285438535,2.2996570587158205,-0.5829578161239625,0.0007855976466089628,-1.1858613729476928,0.16352899968624113,0.3581139743328095,2.1495674133300784,-0.48133636116981515,0.13010190129280091,0.0,-0.6663311958312985,0.8040583968162537,0.24836462140083318,-2.1947999000549316,-0.07499123960733411,-0.8810497045516965,-0.5652488827705384,-0.003953885100781969,-2.1947999000549316,0.15169839560985565,0.0,0.20513856504112338,-0.32471182942390414,0.05514835808426097,1.0184451580047609,2.465270948410034,0.9672028541564941,-1.520154476165776,-0.5774502992629995,-0.584738326072694,-0.7772197127342216,0.5051879703998564,-0.2620137214660649,-1.7082043647766159,0.5120563626289377,-0.46198098659515413,-0.5237617075443257,1.3430293798446666,-0.18534357845783242,0.0,-3.9507195472717296,-1.0637089490890528,-0.8524299383163463,0.0,-0.436131465435029,-3.4341757297515887,0.8917779684066782,0.8369527339935314,0.0,0.7714072942733792,0.0,0.0,0.0,0.027110477909445763,0.3804260492324829,-0.11595654487609863,0.9171124696731567,0.027110477909445763,0.3804260492324829,-0.11595654487609863,0.9171124696731567,0.014649647288024426,-0.19465771317481995,0.024624859914183617,0.9804526567459106,-0.048011500388383865,-0.19587090611457825,0.012242462486028671,0.979377269744873,-0.020309720188379288,-0.2006419599056244,-0.12426893413066864,0.971538782119751,0.10512976348400116,0.8047250509262085,-0.06928787380456924,0.5801419019699097,0.08077418804168701,0.6040681004524231,-0.09659091383218765,0.7869226932525635,0.08109340071678162,0.6040290594100952,-0.0968150794506073,0.7868924140930176,0.08109340071678162,0.6040290594100952,-0.0968150794506073,0.7868924140930176,-0.09509734809398651,-0.1756100058555603,-0.24343404173851013,0.9491350650787354,-0.017249159514904022,-0.1948910802602768,-0.22831693291664124,0.9537249803543091,-0.0517272986471653,-0.18867351114749908,-0.054816536605358124,0.9791433811187744,0.023648899048566818,0.7713466882705688,-0.07157886028289795,0.6319347620010376,0.00582488626241684,0.5984988212585449,-0.07513727247714996,0.7975711822509766,0.05767244100570679,0.5923407077789307,-0.11386474967002869,0.7955132722854614,0.05767244100570679,0.5923407077789307,-0.11386474967002869,0.7955132722854614,0.027110477909445763,0.3804260492324829,-0.11595654487609863,0.9171124696731567,-0.019801883026957512,0.060695044696331024,-0.1373065561056137,0.9884690642356873,0.36854469776153564,0.002088055480271578,-0.15012699365615845,0.9174052476882935,0.3647923171520233,-0.05063604563474655,-0.038435325026512146,0.9289162158966064,0.13275039196014404,-0.8277252912521362,-0.39360103011131287,0.3772617280483246,0.16685552895069122,-0.8245813846588135,-0.4001360535621643,0.36347752809524536,0.16685552895069122,-0.8245813846588135,-0.4001360535621643,0.36347752809524536,-0.014401005581021309,-0.046948544681072235,-0.09197647869586945,0.9945495128631592,-0.29118406772613525,-0.019390005618333817,-0.10138735920190811,0.9510818123817444,-0.29120054841041565,-0.020123915746808052,-0.10321135073900223,0.9508652687072754,-0.22787100076675415,-0.8372715711593628,0.2646982669830322,0.4206971526145935,-0.29714763164520264,-0.8203709125518799,0.2803035080432892,0.40015605092048645,-0.29714763164520264,-0.8203709125518799,0.2803035080432892,0.40015605092048645,0.027110477909445763,0.3804260492324829,-0.11595654487609863,0.9171124696731567
0.27395913004875183,-0.07409964501857758,0.4379349648952484,0.0292793158441782,0.4047958254814148,-0.10391445457935333,0.9080114960670471,-1.2200000286102295,-0.143559068441391,-0.28602755069732666,2.2804083824157715,-0.5723088383674622,-0.0024549539666622877,-1.2000000476837158,0.16947881877422333,0.350359708070755,2.1346325874328613,-0.4595034122467041,0.12680356204509735,0.0,-0.7400013208389282,0.794125497341156,0.2363833636045456,-2.1947999000549316,-0.07942771166563034,-0.9426456689834595,-0.5516378879547119,0.007509942166507244,-2.1947999000549316,0.15466143190860748,0.0,0.5272847423329949,-0.38486412167549133,0.15794991049915552,0.9644090533256531,2.523759126663208,0.9825589656829834,-0.530247688293457,-0.7875068187713623,-0.3304418623447418,-0.9624337553977966,0.5324488878250122,-0.16202756762504578,-0.7069337368011475,0.2974909245967865,-0.3877132833003998,-0.7467412352561951,1.0916473865509033,-0.16491694748401642,0.0,-3.6835060119628906,-0.4966449737548828,-0.5990628600120544,0.0,-0.2218235731124878,-3.0797979831695557,0.680549681186676,0.5731913447380066,0.0,0.14815175533294678,0.0,0.0,0.0,0.0292793158441782,0.4047958254814148,-0.10391445457935333,0.9080114960670471,0.0292793158441782,0.4047958254814148,-0.10391445457935333,0.9080114960670471,0.026516586542129517,-0.1749970018863678,0.03325501084327698,0.9836498498916626,-0.04409700632095337,-0.17693136632442474,0.02061895653605461,0.9830186367034912,-0.018429365009069443,-0.1814100593328476,-0.11969800293445587,0.9759216904640198,0.10107924044132233,0.8111161589622498,-0.06671012938022614,0.5722091794013977,0.0781390592455864,0.6166185736656189,-0.09252860397100449,0.7778909206390381,0.07718415558338165,0.6167317032814026,-0.09177164733409882,0.7779862284660339,0.07718415558338165,0.6167317032814026,-0.09177164733409882,0.7779862284660339,-0.09166690707206726,-0.15686069428920746,-0.23443028330802917,0.955004870891571,-0.010508249513804913,-0.17613956332206726,-0.2203127145767212,0.9593366384506226,-0.04104594886302948,-0.17161235213279724,-0.04974265396595001,0.9830514192581177,0.023766320198774338,0.7782644629478455,-0.059952180832624435,0.6246161460876465,0.00948855560272932,0.6155665516853333,-0.0637892559170723,0.7854416966438293,0.059234537184238434,0.6102880835533142,-0.10266296565532684,0.7832624316215515,0.059234537184238434,0.6102880835533142,-0.10266296565532684,0.7832624316215515,0.0292793158441782,0.4047958254814148,-0.10391445457935333,0.9080114960670471,-0.01939644105732441,0.050363343209028244,-0.12806668877601624,0.9902960062026978,0.36507123708724976,-0.0030797140207141638,-0.1375792771577835,0.9207526445388794,0.36114302277565,-0.052839867770671844,-0.030965199694037437,0.9304970502853394,0.13784144818782806,-0.8303563594818115,-0.38704749941825867,0.3764336109161377,0.174028217792511,-0.8267425894737244,-0.39388978481292725,0.3620244562625885,0.174028217792511,-0.8267425894737244,-0.39388978481292725,0.3620244562625885,-0.00946271326392889,-0.051657408475875854,-0.07996456325054169,0.9954133033752441,-0.28019094467163086,-0.027927737683057785,-0.09101022034883499,0.9552121162414551,-0.2802721858024597,-0.026652293279767036,-0.08749593794345856,0.9555530548095703,-0.20930539071559906,-0.8450607061386108,0.2624019682407379,0.4161836802959442,-0.2804728150367737,-0.8291383981704712,0.2779325842857361,0.3957499563694,-0.2804728150367737,-0.8291383981704712,0.2779325842857361,0.3957499563694,0.0292793158441782,0.4047958254814148,-0.10391445457935333,0.9080114960670471
0.2785705804824829,-0.07564651966094971,0.43757007718086244,0.02719801478087902,0.42628780007362366,-0.09253273904323578,0.8994313478469849,-1.2200000286102295,-0.13515288233757022,-0.2884243369102478,2.258840560913086,-0.5726491928100585,-0.008966627344489084,-1.2300000190734863,0.17255799472332,0.33971201777458193,2.114953327178955,-0.4450025320053101,0.12724436521530152,0.0,-0.8030525445938109,0.7819206953048706,0.22610460221767428,-2.1947999000549316,-0.07064395099878314,-0.9891552448272705,-0.5533462047576905,0.014092898461967693,-2.1947999000549316,0.1529927581548691,0.0,0.34925740957260176,-0.20035188794136088,0.05223333239555383,0.6979168176651007,2.381928634643555,1.047990560531616,-0.21209907531738353,-0.0628171443939225,-0.20408033132553127,-1.032008147239685,0.20276892185211254,-0.2601612091064451,-1.1827725410461416,0.21137163937091846,-0.4745160222053526,-0.8890742659568783,0.8716853260993962,-0.05274268388748195,0.0,-3.364938974380494,-0.5648020029067992,-0.5479879856109621,0.0,0.17478335797786626,-2.6272063255310067,0.22097036838531597,0.4267652273178104,0.0,0.009200516343117054,0.0,0.0,0.0,0.02719801478087902,0.42628780007362366,-0.09253273904323578,0.8994313478469849,0.02719801478087902,0.42628780007362366,-0.09253273904323578,0.8994313478469849,0.03429528325796127,-0.15232475101947784,0.0424635224044323,0.9868220090866089,-0.03240947797894478,-0.15481877326965332,0.0320199690759182,0.9868918657302856,-0.00984238926321268,-0.15786132216453552,-0.11014467477798462,0.9812498688697815,0.09545253217220306,0.8197674751281738,-0.05590495467185974,0.5619114637374878,0.07577860355377197,0.6276936531066895,-0.08058708906173706,0.7705609798431396,0.07234086096286774,0.6280356645584106,-0.07775004208087921,0.770904004573822,0.07234086096286774,0.6280356645584106,-0.07775004208087921,0.770904004573822,-0.09293092787265778,-0.14903168380260468,-0.22502121329307556,0.9583940505981445,-0.009994994848966599,-0.16785869002342224,-0.21135039627552032,0.962836742401123,-0.03825347498059273,-0.16374123096466064,-0.045555636286735535,0.9847081899642944,0.020927513018250465,0.7773884534835815,-0.05567650869488716,0.6262023448944092,0.008102217689156532,0.6200417280197144,-0.058930348604917526,0.7823106050491333,0.05782407522201538,0.6150407195091248,-0.09823355078697205,0.78021240234375,0.05782407522201538,0.6150407195091248,-0.09823355078697205,0.78021240234375,0.02719801478087902,0.42628780007362366,-0.09253273904323578,0.8994313478469849,-0.021296851336956024,0.04219762235879898,-0.11783690005540848,0.9919074773788452,0.35829591751098633,-0.0059425425715744495,-0.12504136562347412,0.9251775741577148,0.35444211959838867,-0.052820466458797455,-0.02262713760137558,0.9333106875419617,0.14218491315841675,-0.8332415819168091,-0.3774511218070984,0.37818342447280884,0.17446351051330566,-0.8298793435096741,-0.3835970163345337,0.3656722903251648,0.17446351051330566,-0.8298793435096741,-0.3835970163345337,0.3656722903251648,-0.006999059580266476,-0.051703277975320816,-0.06756043434143066,0.9963500499725342,-0.27889302372932434,-0.03128912299871445,-0.07911597937345505,0.9565460085868835,-0.2790863513946533,-0.02890710160136223,-0.07250936329364777,0.9570881128311157,-0.19558244943618774,-0.8475548028945923,0.26826149225234985,0.414046049118042,-0.26620861887931824,-0.8329492807388306,0.28348392248153687,0.39365628361701965,-0.26620861887931824,-0.8329492807388306,0.28348392248153687,0.39365628361701965,0.02719801478087902,0.42628780007362366,-0.09253273904323578,0.8994313478469849
0.28524942994117736,-0.08068029582500455,0.4388866603374481,0.02645430900156498,0.44307607412338257,-0.08080338686704636,0.8924429416656494,-1.2200000286102295,-0.12508882582187655,-0.2909964859485626,2.236588048934937,-0.5682168722152711,-0.018339044600725142,-1.2400000095367432,0.17661399841308592,0.3273840367794037,2.0988492012023925,-0.42944011688232425,0.12825340032577515,0.0,-0.8670498609542845,0.7688218355178833,0.21459394991397862,-2.1947999000549316,-0.060904414206743265,-1.0363021612167358,-0.5556729793548584,0.020069190114736547,-2.190090036392212,0.1509283185005188,0.0,0.29259447753429374,-0.18195077031850743,0.03219973631203141,0.5745737552642819,1.9852080821990987,1.0754307746887208,0.0,0.47004538774490323,-0.1251001864671707,-1.0989317655563353,0.1261625170707693,-0.41140595674514713,-0.8999990701675455,0.18326361179351788,-0.5827932238578794,-0.8767089247703559,0.7568899989128111,0.03908711336553085,0.0,-3.180943727493286,-0.6370617747306822,-0.5508947849273679,0.0,0.4678612828254698,-2.3445987701416016,-0.10396956503391254,0.3109478771686555,0.1412958979606619,-0.09530665874481194,0.0,0.0,0.0,0.02645430900156498,0.44307607412338257,-0.08080338686704636,0.8924429416656494,0.02645430900156498,0.44307607412338257,-0.08080338686704636,0.8924429416656494,0.042665302753448486,-0.13458700478076935,0.05145283788442612,0.9886447191238403,-0.019210420548915863,-0.13751739263534546,0.042920224368572235,0.9893825650215149,0.0009241965599358082,-0.1388392150402069,-0.10098027437925339,0.9851526618003845,0.09130614250898361,0.8252915143966675,-0.04331287369132042,0.5555906891822815,0.07545596361160278,0.636478841304779,-0.06715922802686691,0.764650821685791,0.06845228374004364,0.6370290517807007,-0.0613073892891407,0.7653428912162781,0.06845228374004364,0.6370290517807007,-0.0613073892891407,0.7653428912162781,-0.0905032753944397,-0.1362813413143158,-0.21478183567523956,0.9628630876541138,-0.005226056091487408,-0.15468057990074158,-0.2019592672586441,0.9670879244804382,-0.030434174463152885,-0.1516980528831482,-0.04167323559522629,0.9870789051055908,0.02101115509867668,0.7803745865821838,-0.04715713486075401,0.6231775879859924,0.010421104729175568,0.6296744346618652,-0.050517331808805466,0.7751448154449463,0.06006532162427902,0.6251487731933594,-0.09077449887990952,0.7728785276412964,0.06006532162427902,0.6251487731933594,-0.09077449887990952,0.7728785276412964,0.02645430900156498,0.44307607412338257,-0.08080338686704636,0.8924429416656494,-0.021409425884485245,0.028622351586818695,-0.10804534703493118,0.9935031533241272,0.3527226150035858,-0.01404200866818428,-0.11095576733350754,0.9290202260017395,0.3484746515750885,-0.05791902542114258,-0.01339918002486229,0.9354311227798462,0.1479409784078598,-0.837805449962616,-0.36807411909103394,0.375122606754303,0.1758677065372467,-0.8347301483154297,-0.37330570816993713,0.36460810899734497,0.1758677065372467,-0.8347301483154297,-0.37330570816993713,0.36460810899734497,-0.003071452723816037,-0.05704968422651291,-0.05560140311717987,0.9968172311782837,-0.2763557732105255,-0.0396164208650589,-0.06913059949874878,0.9577467441558838,-0.2767146825790405,-0.03624836355447769,-0.059708431363105774,0.9584101438522339,-0.18404093384742737,-0.851301372051239,0.2715741991996765,0.40946629643440247,-0.2539709806442261,-0.8378394842147827,0.28625357151031494,0.38933607935905457,-0.2539709806442261,-0.8378394842147827,0.28625357151031494,0.38933607935905457,0.02645430900156498,0.44307607412338257,-0.08080338686704636,0.8924429416656494
0.2960630774497986,-0.09268787503242495,0.4435661852359772,0.02841237187385559,0.4508633017539978,-0.06847169995307922,0.8895092010498047,-1.2200000286102295,-0.1117090284824371,-0.29391936063766483,2.212966156005859,-0.5542392015457153,-0.0334329500794411,-1.2100000381469727,0.18262365758419039,0.3116954743862152,2.0898953437805177,-0.41175463199615475,0.13039889931678772,0.0,-0.9329393625259401,0.7539348602294922,0.20061951577663417,-2.1947999000549316,-0.04925332516431806,-1.0847237586975098,-0.5592366695404053,0.02483215294778348,-2.1759604454040526,0.14807234704494476,0.0,0.4786603897809987,-0.49577190726995535,0.18353209681808982,0.7375290393829349,1.0787074089050273,1.0268882274627684,0.0,0.6192537248134616,-0.1408828362822533,-1.16055383682251,0.5557032346725473,-0.6688729166984564,0.8999990701675453,0.2711780995130541,-0.7340193510055545,-0.5549468398094171,0.8524281382560732,0.09022798351943503,0.0,-3.26609206199646,-0.717526972293854,-0.6617649316787722,0.0,0.5538811206817629,-2.4019594192504883,-0.15963076204061522,0.25634806156158435,0.5651835918426523,-0.13092559427022943,0.0,0.0,0.0,0.02841237187385559,0.4508633017539978,-0.06847169995307922,0.8895092010498047,0.02841237187385559,0.4508633017539978,-0.06847169995307922,0.8895092010498047,0.052248530089855194,-0.12687112390995026,0.06004198640584946,0.988720715045929,-0.003027259837836027,-0.1300026774406433,0.05284590646624565,0.9900997281074524,0.016035402193665504,-0.12903428077697754,-0.09270615875720978,0.9871668815612793,0.09015702456235886,0.8248640298843384,-0.02717125415802002,0.5574339628219604,0.07923435419797897,0.6408916115760803,-0.050789885222911835,0.7618401050567627,0.06649968773126602,0.64161217212677,-0.04005713388323784,0.7630904316902161,0.06649968773126602,0.64161217212677,-0.04005713388323784,0.7630904316902161,-0.08067088574171066,-0.1136597990989685,-0.20283129811286926,0.969243586063385,0.0080528249964118,-0.13166950643062592,-0.19165554642677307,0.9725566506385803,-0.012553608976304531,-0.13126085698604584,-0.03838624805212021,0.9905248880386353,0.02693198062479496,0.7908157110214233,-0.030136089771986008,0.6107184886932373,0.02014310657978058,0.6492714881896973,-0.03497130423784256,0.7594853043556213,0.06957534700632095,0.64561927318573,-0.07720879465341568,0.7565539479255676,0.06957534700632095,0.64561927318573,-0.07720879465341568,0.7565539479255676,0.02841237187385559,0.4508633017539978,-0.06847169995307922,0.8895092010498047,-0.017943108454346657,0.00423007644712925,-0.09911683946847916,0.9949049353599548,0.34953734278678894,-0.03260895982384682,-0.09377656877040863,0.9316471815109253,0.3439590632915497,-0.07324884086847305,-0.002393479458987713,0.9361202716827393,0.15651345252990723,-0.8456857204437256,-0.3591212034225464,0.3624240756034851,0.17921258509159088,-0.8430230617523193,-0.3630272150039673,0.35412734746932983,0.17921258509159088,-0.8430230617523193,-0.3630272150039673,0.35412734746932983,0.0037825447507202625,-0.07299389690160751,-0.044536042958498,0.9963303804397583,-0.27133965492248535,-0.05787202715873718,-0.06296591460704803,0.9586765766143799,-0.27200639247894287,-0.05376296117901802,-0.051292188465595245,0.9594223499298096,-0.17691673338413239,-0.8577779531478882,0.2698642313480377,0.4001137614250183,-0.24586571753025055,-0.8451268672943115,0.2835409343242645,0.38067713379859924,-0.24586571753025055,-0.8451268672943115,0.2835409343242645,0.38067713379859924,0.02841237187385559,0.4508633017539978,-0.06847169995307922,0.8895092010498047
0.30894417166709903,-0.10274243652820589,0.446013742685318,0.027941947802901268,0.4598312973976135,-0.06176646053791046,0.885414719581604,-1.1960000038146972,-0.08693985641002648,-0.29138078093528746,2.187260293960571,-0.5289817929267883,-0.059804113954305724,-1.1800000190734863,0.1956758320331574,0.30980263352394105,2.0752363204956055,-0.38915976285934445,0.13871259689331056,0.0,-0.9899430990219118,0.7411323308944702,0.19729556739330292,-2.1947999000549316,-0.046000879257917404,-1.127952265739441,-0.5554208755493164,0.027184634655714038,-2.1609754085540773,0.14405426383018494,0.0,0.6027057528495791,-0.5417883992195127,0.16701721251010873,0.5158556938171377,0.8902141451835636,0.7743632793426506,0.7200006961822534,1.0106710553169262,0.017699912190437844,-1.2436136007308962,1.0372756123542797,-1.0930129885673534,1.4999998807907104,0.5117583870887763,-0.3705564379692064,-0.6188478052616125,1.0315557122230534,0.2923208996653563,0.0,-3.027901887893676,-0.6818153262138364,-0.3792071104049672,0.0,0.33059512376785194,-2.2652870178222653,0.043200007081032527,0.16583369374275184,0.7321428656578065,-0.17766191959381117,0.0,0.0,0.0,0.027941947802901268,0.4598312973976135,-0.06176646053791046,0.885414719581604,0.027941947802901268,0.4598312973976135,-0.06176646053791046,0.885414719581604,0.056440532207489014,-0.10552932322025299,0.0628027468919754,0.9908249378204346,0.013359587639570236,-0.10815185308456421,0.05787321925163269,0.9923585653305054,0.0289737731218338,-0.10508786886930466,-0.08680082857608795,0.9902437925338745,0.09049895405769348,0.8313634395599365,-0.014134380966424942,0.548128604888916,0.08356192708015442,0.6591693162918091,-0.037266455590724945,0.7464076280593872,0.06144525855779648,0.6598770618438721,-0.017281191423535347,0.7486577033996582,0.06144525855779648,0.6598770618438721,-0.017281191423535347,0.7486577033996582,-0.07621786743402481,-0.08969903737306595,-0.19386008381843567,0.9739421010017395,0.01930294558405876,-0.10817771404981613,-0.18430836498737335,0.976706326007843,0.002418399788439274,-0.10988444089889526,-0.03140886500477791,0.9934450387954712,0.02836882695555687,0.7996969819068909,-0.013875802047550678,0.5995728373527527,0.025022007524967194,0.6686794757843018,-0.019082309678196907,0.7428845167160034,0.07637609541416168,0.6657828092575073,-0.06545146554708481,0.7393349409103394,0.07637609541416168,0.6657828092575073,-0.06545146554708481,0.7393349409103394,0.027941947802901268,0.4598312973976135,-0.06176646053791046,0.885414719581604,-0.018339987844228745,-0.014278249815106392,-0.09399278461933136,0.9953014254570007,0.3433443307876587,-0.04738187417387962,-0.08249460905790329,0.9343791007995605,0.3365028500556946,-0.08667440712451935,0.007627849467098713,0.9376541376113892,0.16276240348815918,-0.8536101579666138,-0.34804755449295044,0.3517400324344635,0.18408924341201782,-0.8509533405303955,-0.3513888716697693,0.3442607522010803,0.18408924341201782,-0.8509533405303955,-0.3513888716697693,0.3442607522010803,0.006159386597573757,-0.08468590676784515,-0.03739635646343231,0.9956866502761841,-0.26705068349838257,-0.07118312269449234,-0.05915413051843643,0.9592276811599731,-0.26794523000717163,-0.06673672795295715,-0.04636431485414505,0.9600011110305786,-0.17297956347465515,-0.8616978526115417,0.2671028971672058,0.3952353000640869,-0.24027104675769806,-0.8496990203857422,0.28004884719848633,0.37663549184799194,-0.24027104675769806,-0.8496990203857422,0.28004884719848633,0.37663549184799194,0.027941947802901268,0.4598312973976135,-0.06176646053791046,0.885414719581604
0.322858989238739,-0.11182048916816711,0.4473453164100647,0.026256347075104713,0.4693729877471924,-0.05787307396531105,0.8807101249694824,-1.159999966621399,-0.05647599697113037,-0.2861114740371704,2.1605124473571777,-0.49808451533317566,-0.09181390702724457,-1.149999976158142,0.2122492641210556,0.314807653427124,2.057724714279175,-0.36411020159721375,0.1501103937625885,0.0,-1.0425039529800415,0.7293720245361328,0.19929686188697815,-2.1947999000549316,-0.04694775491952896,-1.1685842275619507,-0.5479153394699097,0.028331875801086426,-2.1455626487731934,0.13945512473583221,0.0,0.695740818977356,-0.45390260219573975,0.0665786862373352,0.10186803340911865,1.0607244968414307,0.41984713077545177,1.8000017404556274,1.5231928825378418,0.2634653598070144,-1.3373922109603882,1.5448638200759888,-1.600489616394043,1.5000020265579224,0.8286715745925903,0.25025099515914917,-0.8755802512168884,1.252478003501892,0.5698898360133171,0.0,-2.628042459487915,-0.5880152583122253,0.10006469488143921,0.0,-0.04734379053115845,-2.0315980911254883,0.3752767592668532,0.05736204981803894,0.7706379294395447,-0.22995693981647491,0.0,0.0,0.0,0.026256347075104713,0.4693729877471924,-0.05787307396531105,0.8807101249694824,0.026256347075104713,0.4693729877471924,-0.05787307396531105,0.8807101249694824,0.05790270119905472,-0.07731551676988602,0.06261155009269714,0.9933525919914246,0.029833056032657623,-0.07905248552560806,0.060403645038604736,0.9945914149284363,0.04079868644475937,-0.07399170845746994,-0.08201058954000473,0.9930433034896851,0.09156014025211334,0.8410844802856445,-0.002647734247148037,0.5330915451049805,0.08808280527591705,0.6837419271469116,-0.025133414193987846,0.7239521145820618,0.054767243564128876,0.6841749548912048,0.006270550657063723,0.7272316217422485,0.054767243564128876,0.6841749548912048,0.006270550657063723,0.7272316217422485,-0.07443331182003021,-0.06505070626735687,-0.186323344707489,0.9775027632713318,0.029527952894568443,-0.08442113548517227,-0.17838455736637115,0.9798877835273743,0.015929508954286575,-0.08800613135099411,-0.0225773174315691,0.9957366585731506,0.027558619156479836,0.8076672554016113,0.002001773100346327,0.5889907479286194,0.02746560052037239,0.6876820921897888,-0.0030208269599825144,0.7254859805107117,0.08178865909576416,0.6855195164680481,-0.054577991366386414,0.7213839888572693,0.08178865909576416,0.6855195164680481,-0.054577991366386414,0.7213839888572693,0.026256347075104713,0.4693729877471924,-0.05787307396531105,0.8807101249694824,-0.020668767392635345,-0.02983894571661949,-0.0907740667462349,0.9952097535133362,0.33563801646232605,-0.06025172397494316,-0.07416214048862457,0.9371322393417358,0.32752740383148193,-0.09913244098424911,0.017153996974229813,0.9394702315330505,0.16782408952713013,-0.861427903175354,-0.3358636200428009,0.3420126736164093,0.18969780206680298,-0.8585472702980042,-0.3390088379383087,0.3346405625343323,0.18969780206680298,-0.8585472702980042,-0.3390088379383087,0.3346405625343323,0.0062973592430353165,-0.09425316005945206,-0.032222505658864975,0.9950067400932312,-0.26313021779060364,-0.08202064782381058,-0.05652044713497162,0.9596043825149536,-0.26421311497688293,-0.07743888348340988,-0.04318240284919739,0.9603800773620605,-0.17064249515533447,-0.8643701076507568,0.26382574439048767,0.39260849356651306,-0.23593877255916595,-0.852936327457428,0.27617502212524414,0.37491321563720703,-0.23593877255916595,-0.852936327457428,0.27617502212524414,0.37491321563720703,0.026256347075104713,0.4693729877471924,-0.05787307396531105,0.8807101249694824
0.3433630287647248,-0.12532022595405584,0.4481341361999512,0.030411478132009506,0.486333966255188,-0.047871533781290054,0.8719304800033569,-1.184000015258789,-0.04296793639659875,-0.27962018847465514,2.1433523178100584,-0.48411912918090816,-0.11175327003002175,-1.1200000047683714,0.22412301003932958,0.3197766959667206,2.0607794284820558,-0.3641322672367096,0.15303383171558382,0.0,-1.096599102020264,0.683032965660095,0.19579057991504667,-2.1886230945587157,-0.04675260856747627,-1.2378980875015262,-0.5443442463874817,0.04450403153896339,-2.10278148651123,0.11357151269912708,0.0,0.8934174776077279,-0.5865531086921698,0.050296065956354066,0.6147547781467461,1.5377137422561666,0.5756944417953498,-6.914138874769549e-07,1.0145189523696878,0.3001246869564058,-1.0497607350349414,1.03690707683563,-1.2383767008781417,1.4999998807907104,0.6876809716224664,0.24917166531085969,-0.25859071016311375,0.500329232215878,0.31565905809402356,0.0,-2.6740713119506836,-1.6253776907920883,-0.06516255885362701,0.18530414700508202,-0.013083121180534216,-2.892054891586308,0.2572434931993479,0.5081094600260279,1.5916900038719213,-0.8684910565614729,0.0,0.0,0.0,0.030411478132009506,0.486333966255188,-0.047871533781290054,0.8719304800033569,0.030411478132009506,0.486333966255188,-0.047871533781290054,0.8719304800033569,0.06973852962255478,-0.07081225514411926,0.06971723586320877,0.9926034212112427,0.048399075865745544,-0.07226518541574478,0.0681552067399025,0.9938763380050659,0.058018267154693604,-0.0648539811372757,-0.07101203501224518,0.9936726093292236,0.09023039788007736,0.8413980007171631,0.016957510262727737,0.532560408115387,0.09157554060220718,0.6892171502113342,-0.005149535369127989,0.7187262177467346,0.051331527531147,0.68834388256073,0.033380016684532166,0.7227957248687744,0.051331527531147,0.68834388256073,0.033380016684532166,0.7227957248687744,-0.06569474935531616,-0.031145621091127396,-0.17600736021995544,0.9817003011703491,0.044509198516607285,-0.05060732737183571,-0.17156073451042175,0.9828656911849976,0.035936105996370316,-0.05708193778991699,-0.012890391051769257,0.9976392984390259,0.029520481824874878,0.8261076211929321,0.024185992777347565,0.5622186660766602,0.033411867916584015,0.7106570601463318,0.018441157415509224,0.7025027871131897,0.08699098229408264,0.709999680519104,-0.03596018999814987,0.6978824138641357,0.08699098229408264,0.709999680519104,-0.03596018999814987,0.6978824138641357,0.030411478132009506,0.486333966255188,-0.047871533781290054,0.8719304800033569,-0.014762282371520996,-0.03754962980747223,-0.08532939106225967,0.9955356121063232,0.31950467824935913,-0.06407205015420914,-0.06790201365947723,0.9429745674133301,0.31130707263946533,-0.10073770582675934,0.022438017651438713,0.9446885585784912,0.16598352789878845,-0.8666868209838867,-0.31876394152641296,0.3459669351577759,0.1878816932439804,-0.8637685775756836,-0.32196736335754395,0.3390301764011383,0.1878816932439804,-0.8637685775756836,-0.32196736335754395,0.3390301764011383,0.01491479855030775,-0.10988648235797882,-0.02504676766693592,0.9935165643692017,-0.25271761417388916,-0.09910620003938675,-0.05364535003900528,0.9609547257423401,-0.2548699975013733,-0.0921793282032013,-0.03263562545180321,0.9620182514190674,-0.16199612617492676,-0.8652371764183044,0.25697559118270874,0.3988552391529083,-0.21536603569984436,-0.8566376566886902,0.2674757242202759,0.3850276470184326,-0.21536603569984436,-0.8566376566886902,0.2674757242202759,0.3850276470184326,0.030411478132009506,0.486333966255188,-0.047871533781290054,0.8719304800033569
0.3634307444095613,-0.13597385883331303,0.4477117896080017,0.03252806514501572,0.5018104910850525,-0.04081929475069046,0.8634013533592224,-1.2000000476837158,-0.029660517722368156,-0.27635693550109863,2.1252497673034667,-0.4769854664802552,-0.12673046886920933,-1.090000009536743,0.23463414013385778,0.3231722593307495,2.0594093322753904,-0.3680006980895997,0.15526480674743653,0.0,-1.1437960386276247,0.632707560062408,0.19306735098361968,-2.1787487030029298,-0.04595214575529097,-1.2960398674011233,-0.5377402782440185,0.0561025880277157,-2.066158103942871,0.09341401010751718,0.0,1.0121122002601621,-0.589603674411772,0.0031059943139545784,0.7583833456039389,1.7816552639007552,0.5847588181495648,-0.9600018501281691,0.6693837404251097,0.22772328257560537,-0.8862790465354925,0.4933175563812215,-0.8481031775474519,1.4999991655349731,0.5528087675571434,0.20124773979186916,0.019991382956502157,-0.11649422645569078,0.12539799809455832,0.0,-2.4978108644485433,-2.4365431308746364,-0.1518224954605098,0.4197678267955802,0.027916808985174065,-3.130530381202691,0.2695408791303653,0.6713997840881321,1.9543246984481775,-1.1223972439765897,0.0,0.0,0.0,0.03252806514501572,0.5018104910850525,-0.04081929475069046,0.8634013533592224,0.03252806514501572,0.5018104910850525,-0.04081929475069046,0.8634013533592224,0.07791829109191895,-0.06149312108755112,0.07474711537361145,0.9922500252723694,0.06319738924503326,-0.062592051923275,0.07378461211919785,0.9932996034622192,0.07120487093925476,-0.053287092596292496,-0.06373529136180878,0.9939961433410645,0.09034109115600586,0.8424623608589172,0.03118032030761242,0.5302108526229858,0.09515289217233658,0.6933606863021851,0.008950158022344112,0.7142245769500732,0.04973764717578888,0.6913986206054688,0.05283976346254349,0.7188199162483215,0.04973764717578888,0.6913986206054688,0.05283976346254349,0.7188199162483215,-0.05995537340641022,0.0011320137418806553,-0.1670757234096527,0.9841188192367554,0.05564669147133827,-0.018427489325404167,-0.16610923409461975,0.9843635559082031,0.051958657801151276,-0.027140546590089798,-0.005577153991907835,0.9982647895812988,0.031559593975543976,0.841680645942688,0.04165615886449814,0.5374407768249512,0.038665417581796646,0.7291410565376282,0.035166963934898376,0.6823645830154419,0.09146690368652344,0.7296733260154724,-0.021489286795258522,0.6773099899291992,0.09146690368652344,0.7296733260154724,-0.021489286795258522,0.6773099899291992,0.03252806514501572,0.5018104910850525,-0.04081929475069046,0.8634013533592224,-0.0117393983528018,-0.04331224784255028,-0.08121711760759354,0.9956856966018677,0.29860302805900574,-0.06645700335502625,-0.063731849193573,0.9499251842498779,0.29043322801589966,-0.10062886774539948,0.026131190359592438,0.9512304663658142,0.16080227494239807,-0.8719209432601929,-0.298062801361084,0.35363125801086426,0.18245209753513336,-0.8690634965896606,-0.30136752128601074,0.347300261259079,0.18245209753513336,-0.8690634965896606,-0.30136752128601074,0.347300261259079,0.020382046699523926,-0.12127771973609924,-0.01941002532839775,0.9922195076942444,-0.24392685294151306,-0.11175943166017532,-0.05091911926865578,0.9619857668876648,-0.24687199294567108,-0.10319608449935913,-0.02439981885254383,0.963228702545166,-0.15515829622745514,-0.8651394844055176,0.2508469820022583,0.40562957525253296,-0.19915586709976196,-0.8584839701652527,0.25989478826522827,0.39471134543418884,-0.19915586709976196,-0.8584839701652527,0.25989478826522827,0.39471134543418884,0.03252806514501572,0.5018104910850525,-0.04081929475069046,0.8634013533592224
0.3826258122920991,-0.14093528389930726,0.44486711025238035,0.03058682382106781,0.5146315693855286,-0.03969893604516983,0.8559454679489136,-1.2000000476837158,-0.016754382848739566,-0.2795497477054596,2.1052623748779298,-0.48351525068283085,-0.13178333938121797,-1.0599999666213988,0.2424200385808945,0.3234208643436432,2.0491896152496336,-0.379561859369278,0.1561108559370041,0.0,-1.1771965503692627,0.5744094610214231,0.1919102281332016,-2.161479139328003,-0.04394105002284049,-1.3318374872207643,-0.5250705599784851,0.058553946018219005,-2.0418502807617185,0.08470872640609738,0.0,0.9728430509567259,-0.3334543585777271,-0.10589898005127957,0.1634955286979649,1.5595013380050649,0.30025726556777826,-0.24000046253204033,0.6513259649276733,-0.06279961466789374,-0.9710969328880313,-0.12153751850128447,-0.40150843858718677,1.500001311302185,0.4301733613014216,0.05963462293147978,-0.3782415539026278,-0.46266705989837803,0.06307634413242312,0.0,-1.8769718170165988,-2.7953144073486342,-0.08134773075580566,0.7525505721569076,0.08239528592675949,-2.1250432491302442,0.542499598860742,0.25977586507797057,1.4001244544982885,-0.6070474386215188,0.0,0.0,0.0,0.03058682382106781,0.5146315693855286,-0.03969893604516983,0.8559454679489136,0.03058682382106781,0.5146315693855286,-0.03969893604516983,0.8559454679489136,0.07880083471536636,-0.04656130447983742,0.0756409540772438,0.9929254651069641,0.07048248499631882,-0.04719062149524689,0.07520587742328644,0.993553876876831,0.07635816931724548,-0.03690715879201889,-0.06394998729228973,0.9943428635597229,0.09338706731796265,0.8455356955528259,0.03464644402265549,0.5245455503463745,0.09896881878376007,0.6953653693199158,0.011275533586740494,0.7117197513580322,0.05189403146505356,0.6931101679801941,0.05703869089484215,0.7166951298713684,0.05189403146505356,0.6931101679801941,0.05703869089484215,0.7166951298713684,-0.06032945215702057,0.030071794986724854,-0.16121499240398407,0.9846145510673523,0.05916646867990494,0.010362217202782631,-0.16371770203113556,0.9846767783164978,0.06006447225809097,0.0007003848440945148,-0.0030423165298998356,0.9981896281242371,0.03381648659706116,0.8533210158348083,0.049737412482500076,0.5179053544998169,0.04260886088013649,0.7403011322021484,0.04245321825146675,0.669579267501831,0.09468787163496017,0.7413583397865295,-0.01540408842265606,0.6642172932624817,0.09468787163496017,0.7413583397865295,-0.01540408842265606,0.6642172932624817,0.03058682382106781,0.5146315693855286,-0.03969893604516983,0.8559454679489136,-0.01448680367320776,-0.04518597573041916,-0.07978671789169312,0.995681881904602,0.26815468072891235,-0.0659635066986084,-0.06373853981494904,0.9589990377426147,0.2602292001247406,-0.09707856178283691,0.02663673833012581,0.9602847695350647,0.14891000092029572,-0.8769125938415527,-0.27011191844940186,0.36863207817077637,0.16975682973861694,-0.8742913007736206,-0.2735956609249115,0.3632393479347229,0.16975682973861694,-0.8742913007736206,-0.2735956609249115,0.3632393479347229,0.01955735683441162,-0.12425060570240021,-0.01686711050570011,0.991914689540863,-0.23854531347751617,-0.115610770881176,-0.04852587729692459,0.9630032777786255,-0.2417338341474533,-0.10682493448257446,-0.020808685570955276,0.9642200469970703,-0.15197144448757172,-0.863288938999176,0.2462146282196045,0.4135398864746094,-0.19187232851982117,-0.8574038743972778,0.25479742884635925,0.4038836658000946,-0.19187232851982117,-0.8574038743972778,0.25479742884635925,0.4038836658000946,0.03058682382106781,0.5146315693855286,-0.03969893604516983,0.8559454679489136
0.3967803895473481,-0.14742065668106083,0.4418748617172241,0.03207488730549812,0.5290020704269409,-0.037239477038383484,0.847196102142334,-1.2000000476837158,-0.010847917385399326,-0.28038184642791747,2.0890213966369626,-0.48273594379425044,-0.1362556725740433,-1.0499999523162842,0.25283953845500956,0.3238874673843384,2.0482789039611817,-0.3848376750946045,0.15342770814895626,0.0,-1.2130077600479128,0.5243413567543027,0.19951955974102029,-2.13979434967041,-0.03747188746929163,-1.3924852371215826,-0.4854012012481686,0.06053787842392923,-2.000733709335327,0.0652256250381468,0.0,0.8085386157035812,-0.29378966391086625,-0.14666103720664983,0.18847361728549228,1.5945073127746592,0.16694988012313805,0.0,0.43531665802001746,-0.08881919682025839,-0.8869771361351002,-0.10721647143363736,-0.2352274000644682,0.9000012159347474,0.46830293536186296,0.01897019054740674,-0.2317156791686984,-0.3894976615905743,-0.0635734416544448,0.0,-1.7423464059829719,-2.668004941940305,0.20513748303056029,0.995934879779817,0.23429677784443034,-2.5353847265243603,1.4434750199318014,0.1085451245307921,1.7196534395217946,-0.7585986971855196,0.0,0.0,0.0,0.03207488730549812,0.5290020704269409,-0.037239477038383484,0.847196102142334,0.03207488730549812,0.5290020704269409,-0.037239477038383484,0.847196102142334,0.08347049355506897,-0.03014630824327469,0.07558058947324753,0.9931825399398804,0.07808280736207962,-0.030556349083781242,0.07540266960859299,0.9936215877532959,0.08158856630325317,-0.01934650167822838,-0.0641779825091362,0.9944096803665161,0.09649002552032471,0.8501272201538086,0.03829265385866165,0.5162432193756104,0.10284355282783508,0.7020851373672485,0.014124544337391853,0.7044858336448669,0.05465993285179138,0.6994880437850952,0.06189843267202377,0.7098573446273804,0.05465993285179138,0.6994880437850952,0.06189843267202377,0.7098573446273804,-0.058897703886032104,0.05176209285855293,-0.15765395760536194,0.9843764901161194,0.06568259745836258,0.031471699476242065,-0.16299299895763397,0.9839353561401367,0.06990058720111847,0.020467402413487434,-0.002213982865214348,0.997341513633728,0.038217417895793915,0.8626352548599243,0.058571018278598785,0.5009684562683105,0.048717908561229706,0.7509132623672485,0.05017589405179024,0.656687319278717,0.09892226755619049,0.7525397539138794,-0.007504523731768131,0.6510315537452698,0.09892226755619049,0.7525397539138794,-0.007504523731768131,0.6510315537452698,0.03207488730549812,0.5290020704269409,-0.037239477038383484,0.847196102142334,-0.013761186972260475,-0.04614575207233429,-0.07919654250144958,0.9956952929496765,0.2447710782289505,-0.06509692221879959,-0.06453472375869751,0.9652382135391235,0.23669195175170898,-0.09506344795227051,0.030222848057746887,0.9664504528045654,0.14289210736751556,-0.8787254095077515,-0.2462049424648285,0.38315367698669434,0.16073928773403168,-0.8765407800674438,-0.24942177534103394,0.37898287177085876,0.16073928773403168,-0.8765407800674438,-0.24942177534103394,0.37898287177085876,0.022092584520578384,-0.13768351078033447,-0.015099089592695236,0.9901147484779358,-0.2165507972240448,-0.1300853192806244,-0.04742246866226196,0.9664028882980347,-0.22030162811279297,-0.12166503071784973,-0.018618904054164886,0.9676353931427002,-0.14279654622077942,-0.866796612739563,0.22607609629631042,0.420906662940979,-0.17365305125713348,-0.8626279830932617,0.2329525351524353,0.4140660762786865,-0.17365305125713348,-0.8626279830932617,0.2329525351524353,0.4140660762786865,0.03207488730549812,0.5290020704269409,-0.037239477038383484,0.847196102142334
0.40841472148895275,-0.15466800332069405,0.43880882859230036,0.035270802676677704,0.544036328792572,-0.03410308435559273,0.837626039981842,-1.2000000476837158,-0.008441285230219366,-0.2800335884094237,2.0746536254882812,-0.4783020913600921,-0.14043773710727694,-1.0499999523162842,0.2645758390426637,0.3244630694389344,2.052022695541382,-0.38697081804275524,0.1489799618721009,0.0,-1.2500243186950686,0.4783882498741145,0.21151211857795713,-2.1159019470214844,-0.02877369150519348,-1.4655580520629892,-0.4322320222854606,0.062288098037242876,-1.9512127637863155,0.04035361483693095,0.0,0.5817165374755852,-0.36236730217933655,-0.1533016413450241,0.5233846306800845,1.75809323787689,0.10923955589532788,0.0,0.12033160030841743,0.01741290092468511,-0.7183884978294366,0.22169260680675484,-0.20910321176052074,0.0,0.5868149995803831,0.028780100867153532,0.18718956410884274,-0.10665713995695368,-0.22238729894160794,0.0,-1.850827813148495,-2.2976551055908203,0.5996279120445205,1.1946200132369897,0.43490976095199985,-3.653640508651735,2.658458709716804,0.08751097321510211,2.4760470390319824,-1.2436004877090454,0.0,0.0,0.0,0.035270802676677704,0.544036328792572,-0.03410308435559273,0.837626039981842,0.035270802676677704,0.544036328792572,-0.03410308435559273,0.837626039981842,0.09001590311527252,-0.012985500507056713,0.07502754032611847,0.9930253028869629,0.0858239158987999,-0.013302049599587917,0.07497206330299377,0.993396520614624,0.0868404358625412,-0.001194308395497501,-0.06439979374408722,0.9941378831863403,0.09961174428462982,0.8553929924964905,0.042024947702884674,0.5065711736679077,0.10673151165246964,0.7110524773597717,0.017233073711395264,0.6947774887084961,0.05772208049893379,0.708091139793396,0.06707888841629028,0.7005537152290344,0.05772208049893379,0.708091139793396,0.06707888841629028,0.7005537152290344,-0.05656406283378601,0.0698193907737732,-0.15524575114250183,0.9837807416915894,0.07369320094585419,0.04873207211494446,-0.16309866309165955,0.982646107673645,0.08059680461883545,0.03618919104337692,-0.002239249413833022,0.9960870146751404,0.04368311166763306,0.8706466555595398,0.06776905059814453,0.48525598645210266,0.055898647755384445,0.7610952854156494,0.05810507759451866,0.6436094641685486,0.10364177078008652,0.7633089423179626,0.0013023896608501673,0.6376646161079407,0.10364177078008652,0.7633089423179626,0.0013023896608501673,0.6376646161079407,0.035270802676677704,0.544036328792572,-0.03410308435559273,0.837626039981842,-0.01129904668778181,-0.04664850980043411,-0.07902640104293823,0.9957164525985718,0.22492754459381104,-0.0640433058142662,-0.06572450697422028,0.9700444936752319,0.21648816764354706,-0.09381256997585297,0.035346388816833496,0.971124529838562,0.1397884637117386,-0.8787844181060791,-0.22428743541240692,0.3973565995693207,0.1535242348909378,-0.8770723938941956,-0.22699607908725739,0.3945213556289673,0.1535242348909378,-0.8770723938941956,-0.22699607908725739,0.3945213556289673,0.026300834491848946,-0.15630348026752472,-0.013713945634663105,0.9872636198997498,-0.18601742386817932,-0.1497267186641693,-0.04691227525472641,0.9699373841285706,-0.19048863649368286,-0.14197668433189392,-0.017109936103224754,0.9712178111076355,-0.13051295280456543,-0.872278094291687,0.19800397753715515,0.42765846848487854,-0.14974021911621094,-0.8698578476905823,0.20243056118488312,0.424201637506485,-0.14974021911621094,-0.8698578476905823,0.20243056118488312,0.424201637506485,0.035270802676677704,0.544036328792572,-0.03410308435559273,0.837626039981842
0.41779868006706233,-0.16193806827068327,0.4357559561729431,0.03932984173297882,0.556352972984314,-0.0314936488866806,0.8294170498847961,-1.2000000476837158,-0.008587698079645633,-0.27219679951667786,2.0623636722564695,-0.47449909448623656,-0.14405570626258848,-1.0499999523162842,0.27563328146934507,0.3289936244487762,2.038248872756958,-0.396734881401062,0.15741778910160062,0.0,-1.2765407800674438,0.4327021121978761,0.20955093204975128,-2.1212952613830565,-0.008003699779510546,-1.544584798812866,-0.3581427752971651,0.06092412769794464,-1.902154588699341,0.015485437959432656,0.0,0.5142053544521333,-0.36304885149002075,-0.15290682017803192,0.5411167860031127,1.5764114856719975,0.051612125337124,0.0,0.0437402546405794,0.24206880927085825,-0.6560539603233339,0.2027669399976731,-0.19218035042285922,0.0,0.5664492726325989,0.14742868058383438,-0.33833883106708407,-0.3355847343802447,0.16417988836765202,0.0,-1.535824894905091,-2.289646100997925,0.18101558685302827,0.3160485744476338,0.7970635890960684,-3.8322584629058833,3.2860607147216783,-0.005914720892905984,2.4621639251708984,-1.2434854745864867,0.0,0.0,0.0,0.03932984173297882,0.556352972984314,-0.0314936488866806,0.8294170498847961,0.03932984173297882,0.556352972984314,-0.0314936488866806,0.8294170498847961,0.09658912569284439,0.0010639270767569542,0.07376772165298462,0.9925863742828369,0.09232622385025024,0.0007472303695976734,0.07377228140830994,0.9929920434951782,0.09140917658805847,0.013255130499601364,-0.06163901835680008,0.993815541267395,0.09986282140016556,0.8594110608100891,0.04674742370843887,0.4992544651031494,0.1080479770898819,0.7179974317550659,0.02196911722421646,0.6872572898864746,0.05831802636384964,0.7145498991012573,0.07359130680561066,0.6932547092437744,0.05831802636384964,0.7145498991012573,0.07359130680561066,0.6932547092437744,-0.053386129438877106,0.0849781334400177,-0.15388795733451843,0.9829787015914917,0.08215777575969696,0.06302866339683533,-0.1641596257686615,0.9809838533401489,0.09138897061347961,0.0487077422440052,-0.001304037868976593,0.994622528553009,0.04905024543404579,0.8726001977920532,0.07712122797966003,0.4798075556755066,0.06331180036067963,0.7609350681304932,0.06591825932264328,0.6423584222793579,0.11361734569072723,0.763781726360321,0.005882460158318281,0.6353691816329956,0.11361734569072723,0.763781726360321,0.005882460158318281,0.6353691816329956,0.03932984173297882,0.556352972984314,-0.0314936488866806,0.8294170498847961,-0.007961216382682323,-0.044901564717292786,-0.07973776757717133,0.9957723617553711,0.20598432421684265,-0.06095258146524429,-0.0682130753993988,0.974270224571228,0.1980416178703308,-0.08852961659431458,0.032496314495801926,0.9756464958190918,0.12756504118442535,-0.882192850112915,-0.21027511358261108,0.4015560448169708,0.13139405846595764,-0.8818045854568481,-0.21104393899440765,0.4007704555988312,0.13139405846595764,-0.8818045854568481,-0.21104393899440765,0.4007704555988312,0.030594414100050926,-0.18081149458885193,-0.013737617991864681,0.9829457998275757,-0.14508190751075745,-0.17560391128063202,-0.045134298503398895,0.9726650714874268,-0.15025459229946136,-0.1692347526550293,-0.015826530754566193,0.9739264249801636,-0.11034812033176422,-0.8817884922027588,0.1626160442829132,0.4287521243095398,-0.11776214838027954,-0.8811017274856567,0.16436344385147095,0.42752403020858765,-0.11776214838027954,-0.8811017274856567,0.16436344385147095,0.42752403020858765,0.03932984173297882,0.556352972984314,-0.0314936488866806,0.8294170498847961
0.43307188749313347,-0.1680307388305664,0.42954913377761844,0.04143652319908142,0.5755863785743713,-0.03057527355849743,0.8161179423332214,-1.2000000476837158,-0.00240606088191275,-0.26748024225234984,2.048158359527588,-0.46640039682388307,-0.1450592279434204,-1.0499999523162842,0.28786045312881464,0.33391761779785156,2.025408172607422,-0.39608162641525274,0.1621449410915375,0.0,-1.3181857347488402,0.40620439052581786,0.206594780087471,-2.13991265296936,0.006265591643750665,-1.6293350696563718,-0.28727858066558853,0.05575658902525905,-1.8482570409774781,-0.0044632595032453315,0.0,0.6458753645420063,-0.32818138897419,-0.24726209342479644,0.4242863059043893,1.9772140502929654,0.0040854766964913015,0.0,0.182520854938774,0.29823247194290226,-0.6719583868980403,0.3190208405256263,-0.10246502459049277,0.0,0.5879639863967894,0.23833088874816888,-0.6606974124908449,-0.17568358778953763,0.31057107448577953,0.0,-1.779677700996396,-1.7086543083190957,-0.12790828198194484,-0.666388034820554,0.8434785008430494,-4.123042774200439,3.607710504531861,-0.1823055654764168,2.5980896949768058,-1.0958244204521188,0.0,0.0,0.0,0.04143652319908142,0.5755863785743713,-0.03057527355849743,0.8161179423332214,0.04143652319908142,0.5755863785743713,-0.03057527355849743,0.8161179423332214,0.10163950175046921,0.02388344332575798,0.0714331641793251,0.9919658303260803,0.10044239461421967,0.023779060691595078,0.07129444181919098,0.9921002388000488,0.09636072814464569,0.03696196898818016,-0.06162979453802109,0.9927487969398499,0.10273318737745285,0.8672620058059692,0.0502353198826313,0.4845398962497711,0.11157852411270142,0.7318090796470642,0.025167731568217278,0.6718425154685974,0.06257086247205734,0.7280697226524353,0.07810823619365692,0.678158164024353,0.06257086247205734,0.7280697226524353,0.07810823619365692,0.678158164024353,-0.0536135733127594,0.10833310335874557,-0.15238797664642334,0.9809013605117798,0.08761857450008392,0.08533826470375061,-0.16647163033485413,0.9784311652183533,0.10062898695468903,0.06958246231079102,-0.0015617081662639976,0.9924864768981934,0.05461876466870308,0.87874436378479,0.08451204001903534,0.4665648639202118,0.07017914950847626,0.7697679996490479,0.07215618342161179,0.630337655544281,0.12101589888334274,0.7730799317359924,0.009596304967999458,0.6225836873054504,0.12101589888334274,0.7730799317359924,0.009596304967999458,0.6225836873054504,0.04143652319908142,0.5755863785743713,-0.03057527355849743,0.8161179423332214,-0.00809454545378685,-0.04218633845448494,-0.08076142519712448,0.9958075881004333,0.1929348111152649,-0.057615142315626144,-0.07060177624225616,0.9769707918167114,0.18551650643348694,-0.08349073678255081,0.029064901173114777,0.9786562323570251,0.1167617067694664,-0.8867114782333374,-0.2025173306465149,0.3988686800003052,0.11374496668577194,-0.8870031237602234,-0.2019227147102356,0.3993929624557495,0.11374496668577194,-0.8870031237602234,-0.2019227147102356,0.3993929624557495,0.03251905366778374,-0.19952769577503204,-0.013727913610637188,0.9792563319206238,-0.10801412165164948,-0.19551348686218262,-0.04204269126057625,0.9738274216651917,-0.1133107841014862,-0.19064825773239136,-0.015132583677768707,0.9749793410301208,-0.09164581447839737,-0.8857289552688599,0.12981602549552917,0.4361569881439209,-0.08950155973434448,-0.8859512805938721,0.12925992906093597,0.4363158345222473,-0.08950155973434448,-0.8859512805938721,0.12925992906093597,0.4363158345222473,0.04143652319908142,0.5755863785743713,-0.03057527355849743,0.8161179423332214
0.46012359261512764,-0.17176862061023712,0.41703441143035885,0.039608974009752274,0.6082350015640259,-0.03301755338907242,0.792080283164978,-1.2000000476837158,0.016431676410138648,-0.2690041482448578,2.0301223278045653,-0.4497102975845336,-0.14083385467529297,-1.0499999523162842,0.30242708325386053,0.3396284878253937,2.014433717727661,-0.3745937347412109,0.15945074260234832,0.0,-1.390087676048279,0.4180835008621216,0.20164869725704193,-2.184978199005127,0.007533483859151605,-1.7255323886871339,-0.22286449074745163,0.04298191368579862,-1.7846807479858398,-0.01457299813628199,0.0,1.175907760858537,-0.22221590280532813,-0.5311175554990775,0.038330554962157426,3.5429852485656776,-0.0232396192848683,0.0,0.752045345772059,0.017411643266677213,-0.8443407416343692,0.7056338757276543,0.13283523023128563,0.0,0.6932395815849306,0.2737403482198716,-0.5767164111137388,0.7618750631809255,-0.023389697074890914,0.0,-3.141241955757144,0.01830306053162012,-0.2174551710486414,-1.8565549850463894,0.2584155797958362,-4.638159799575806,3.317455863952636,-0.5246267110109337,3.0336332321167,-0.6530712842941274,0.0,0.0,0.0,0.039608974009752274,0.6082350015640259,-0.03301755338907242,0.792080283164978,0.039608974009752274,0.6082350015640259,-0.03301755338907242,0.792080283164978,0.10357040166854858,0.06420673429965973,0.06690134108066559,0.9902902245521545,0.11169697344303131,0.06473538279533386,0.06620430946350098,0.9894190430641174,0.1019933745265007,0.07913102954626083,-0.0670706182718277,0.9893619418144226,0.11077536642551422,0.8822271823883057,0.05122153460979462,0.4547310471534729,0.11942478269338608,0.758624792098999,0.025265943259000778,0.6399904489517212,0.074071004986763,0.7549754977226257,0.07855499535799026,0.6468033790588379,0.074071004986763,0.7549754977226257,0.07855499535799026,0.6468033790588379,-0.060612671077251434,0.1479850709438324,-0.15049831569194794,0.9755905270576477,0.087021604180336,0.12360801547765732,-0.17119356989860535,0.973571240901947,0.10670638829469681,0.1071150153875351,-0.004203686490654945,0.9884949922561646,0.06056152284145355,0.8928472995758057,0.08793718367815018,0.4375191926956177,0.07587722688913345,0.7957603931427002,0.07516466081142426,0.5961194634437561,0.1231321394443512,0.7992156147956848,0.01156628131866455,0.588182806968689,0.1231321394443512,0.7992156147956848,0.01156628131866455,0.588182806968689,0.039608974009752274,0.6082350015640259,-0.03301755338907242,0.792080283164978,-0.015169922262430191,-0.03753359243273735,-0.0824076235294342,0.9957762360572815,0.19180631637573242,-0.05382361635565758,-0.07283425331115723,0.9772453904151917,0.1849614679813385,-0.0789967030286789,0.02449173666536808,0.9792593121528625,0.10884832590818405,-0.8937634229660034,-0.20734646916389465,0.38255247473716736,0.10520743578672409,-0.8940765857696533,-0.20669402182102203,0.38319188356399536,0.10520743578672409,-0.8940765857696533,-0.20669402182102203,0.38319188356399536,0.0297364741563797,-0.20684108138084412,-0.013665475882589817,0.9778271317481995,-0.07920610904693604,-0.20404306054115295,-0.03647639602422714,0.9750703573226929,-0.0834880992770195,-0.20090147852897644,-0.01567053608596325,0.9759214520454407,-0.07611194252967834,-0.8802449703216553,0.10255824029445648,0.4570091962814331,-0.06910718977451324,-0.8808348178863525,0.10067737847566605,0.45740365982055664,-0.06910718977451324,-0.8808348178863525,0.10067737847566605,0.45740365982055664,0.039608974009752274,0.6082350015640259,-0.03301755338907242,0.792080283164978
0.48008618354797367,-0.1764839828014374,0.40825567245483396,0.04165002331137657,0.6246437430381775,-0.03272322937846184,0.779111385345459,-1.2000000476837158,0.021476440131664273,-0.25600031018257136,2.020112705230713,-0.4446964502334595,-0.13281252682209013,-1.0299999713897705,0.30515141487121583,0.35003333091735844,2.0070828437805175,-0.360015332698822,0.15617675185203553,0.0,-1.4101972818374633,0.425542950630188,0.20000000298023224,-2.200000047683716,0.02835487890988595,-1.7919066429138184,-0.21627785563468938,0.0006323866546152773,-1.70919349193573,-0.008684079721569983,0.0,1.139911770820617,-0.21621849238872537,-0.5136565685272213,0.1344177216291435,2.874393844604488,-0.06282513290643701,0.0,0.5280976176261888,0.35963696986436994,-0.6610092520713798,0.48421736955642586,0.3251472800970081,0.5999993801116963,0.37306251525878786,0.4263626694679265,-0.4400153160095211,0.8671098947525018,-0.1521036863327027,0.0,-2.041326856613154,0.4613656640052791,-0.14838247597217527,-1.351966381072995,0.6499996781349202,-3.915173625946042,1.485880708694452,-1.5259793043136627,3.5361433982849135,-0.025527226924894675,0.0,0.0,0.0,0.04165002331137657,0.6246437430381775,-0.03272322937846184,0.779111385345459,0.04165002331137657,0.6246437430381775,-0.03272322937846184,0.779111385345459,0.10781346261501312,0.08452446758747101,0.06413579732179642,0.9884930849075317,0.11842212826013565,0.08520916104316711,0.06323060393333435,0.9872778654098511,0.1066470593214035,0.0996054857969284,-0.06332297623157501,0.9872666597366333,0.11035570502281189,0.8890480995178223,0.05664767324924469,0.4406884014606476,0.12013305723667145,0.7699806690216064,0.03091813065111637,0.6258928775787354,0.07831698656082153,0.7662414908409119,0.08193041384220123,0.6324775815010071,0.07831698656082153,0.7662414908409119,0.08193041384220123,0.6324775815010071,-0.05893009155988693,0.17826354503631592,-0.14760439097881317,0.9710624814033508,0.08934585005044937,0.15375947952270508,-0.17295518517494202,0.9687424898147583,0.11485929787158966,0.1358163058757782,-0.0016503632068634033,0.9840521812438965,0.06312447041273117,0.9029061198234558,0.0959775447845459,0.4142031967639923,0.07925745844841003,0.8141580820083618,0.08314219117164612,0.569168210029602,0.12344445288181305,0.8181558847427368,0.019395722076296806,0.5612542033195496,0.12344445288181305,0.8181558847427368,0.019395722076296806,0.5612542033195496,0.04165002331137657,0.6246437430381775,-0.03272322937846184,0.779111385345459,-0.014864888042211533,-0.026562264189124107,-0.08356152474880219,0.9960377216339111,0.19580331444740295,-0.04361589998006821,-0.07609222829341888,0.9767131805419922,0.19000230729579926,-0.06903093308210373,0.020376401022076607,0.9791417717933655,0.10579442232847214,-0.8916196823120117,-0.21472467482089996,0.38433751463890076,0.09214241057634354,-0.8926623463630676,-0.21207675337791443,0.3868944048881531,0.09214241057634354,-0.8926623463630676,-0.21207675337791443,0.3868944048881531,0.031110163778066635,-0.21891498565673828,-0.01476983167231083,0.9751359820365906,-0.07429208606481552,-0.21601258218288422,-0.038415148854255676,0.9728018045425415,-0.07411351799964905,-0.21612370014190674,-0.03803262487053871,0.9728058576583862,-0.08889198303222656,-0.8707787990570068,0.07574141025543213,0.4776042699813843,-0.08470751345157623,-0.8711265325546265,0.07465674728155136,0.4779013395309448,-0.08470751345157623,-0.8711265325546265,0.07465674728155136,0.4779013395309448,0.04165002331137657,0.6246437430381775,-0.03272322937846184,0.779111385345459
0.4965042173862457,-0.1816880851984024,0.4013449251651764,0.04564245417714119,0.6331899166107178,-0.031074652448296547,0.772024393081665,-1.2000000476837158,0.01962471567094326,-0.23573260009288788,2.0141162872314453,-0.4455207288265228,-0.12289322167634964,-1.0,0.30195459723472595,0.3627851605415344,2.0015437602996826,-0.3488916754722595,0.1526128649711609,0.0,-1.404410719871521,0.43079257011413574,0.20000000298023224,-2.200000047683716,0.05895302537828684,-1.8433693647384644,-0.23860494792461395,-0.056504566222429276,-1.6277507543563843,0.00520416721701622,0.0,0.82090163230896,-0.26020511984825134,-0.34553733468055725,0.4715263694524765,1.0886211395263672,-0.1085408553481102,0.0,-0.0925862193107605,1.0133853629231453,-0.29982084035873413,-0.041213929653167725,0.49596522748470306,1.4999984502792358,-0.1598408818244934,0.6375914216041565,-0.27695417404174805,0.556182861328125,-0.1781943291425705,0.0,0.2893280982971196,0.2624809741973877,0.0,0.0,1.5299072861671448,-2.5731358528137207,-1.1163547039031982,-2.856847643852234,4.072136878967285,0.6944122910499573,0.0,0.0,0.0,0.04564245417714119,0.6331899166107178,-0.031074652448296547,0.772024393081665,0.04564245417714119,0.6331899166107178,-0.031074652448296547,0.772024393081665,0.11325663328170776,0.09485973417758942,0.06228324770927429,0.987064003944397,0.12293644994497299,0.09546630084514618,0.06134946644306183,0.9859051704406738,0.11085726320743561,0.10926047712564468,-0.05501231178641319,0.9862790703773499,0.10573644191026688,0.8920490741729736,0.0643077939748764,0.4346640110015869,0.1173308864235878,0.7739806175231934,0.039359260350465775,0.6209978461265564,0.07897524535655975,0.7701029181480408,0.0868135467171669,0.6270309090614319,0.07897524535655975,0.7701029181480408,0.0868135467171669,0.6270309090614319,-0.05290432646870613,0.2038235366344452,-0.144203320145607,0.9668828845024109,0.09312091022729874,0.1798161417245865,-0.17321889102458954,0.9638411998748779,0.12403184920549393,0.16006702184677124,0.003499489277601242,0.9792764782905579,0.06398794054985046,0.9108214974403381,0.10630940645933151,0.3937106430530548,0.08146810531616211,0.8286644816398621,0.09359003603458405,0.5458196401596069,0.12284018099308014,0.8333876729011536,0.030146615579724312,0.5380208492279053,0.12284018099308014,0.8333876729011536,0.030146615579724312,0.5380208492279053,0.04564245417714119,0.6331899166107178,-0.031074652448296547,0.772024393081665,-0.010867379605770111,-0.012428086251020432,-0.08445621281862259,0.996290385723114,0.20232544839382172,-0.03019210882484913,-0.0798482671380043,0.9755906462669373,0.19780580699443817,-0.056317009031772614,0.016486382111907005,0.978483259677887,0.10516408085823059,-0.8848206996917725,-0.22336220741271973,0.3951483368873596,0.07679159194231033,-0.8867644667625427,-0.2177070677280426,0.40044406056404114,0.07679159194231033,-0.8867644667625427,-0.2177070677280426,0.40044406056404114,0.03455647826194763,-0.2333303987979889,-0.016454949975013733,0.9716439843177795,-0.08133389800786972,-0.22971341013908386,-0.04410889372229576,0.968850314617157,-0.07490341365337372,-0.23363326489925385,-0.07126161456108093,0.9668126702308655,-0.11571568995714188,-0.8583112955093384,0.049077317118644714,0.49749672412872314,-0.11817813664674759,-0.8579621911048889,0.049840569496154785,0.49744415283203125,-0.11817813664674759,-0.8579621911048889,0.049840569496154785,0.49744415283203125,0.04564245417714119,0.6331899166107178,-0.031074652448296547,0.772024393081665
0.5306616306304933,-0.17882730364799498,0.3778660476207732,0.044698018580675125,0.6729959845542908,-0.03359910100698471,0.7375293970108032,-1.1940000534057618,0.03479478135705001,-0.2199704468250274,2.0107185363769533,-0.4359074413776397,-0.12046842873096465,-1.0,0.2915876448154449,0.3736702084541321,1.997257447242737,-0.3426857769489288,0.15045205056667327,0.0,-1.331474947929382,0.5630060911178595,0.20000000298023224,-2.200000047683716,0.0865722715854646,-1.8921653270721437,-0.15658205747604334,-0.1627046868205075,-1.564067459106445,0.026628785580396747,0.0,1.3530830144882227,-0.018258601427077192,-0.8425812065601371,0.21765258312225233,3.5999754190445055,-0.0797933682799338,0.1799998104572304,0.4180674672126793,0.8782187461853022,-0.22186086475849118,0.2719130195677294,0.27112987637519737,0.5999993801116904,-0.37494491040706734,0.581588006019592,-0.23937105238437636,0.40865008234977657,-0.13610215932130795,0.0,2.303804224729547,4.071398019790666,0.0,0.0,1.440540242195129,-2.4931330680847164,2.0141446828842304,-4.328742408752448,3.5393534660339334,0.9205034494400035,0.0,0.0,0.0,0.044698018580675125,0.6729959845542908,-0.03359910100698471,0.7375293970108032,0.044698018580675125,0.6729959845542908,-0.03359910100698471,0.7375293970108032,0.11664007604122162,0.14959871768951416,0.05526740103960037,0.9802861213684082,0.13364090025424957,0.15050311386585236,0.05238316208124161,0.9781334400177002,0.11659790575504303,0.16422772407531738,-0.05534512549638748,0.9779422283172607,0.10920067131519318,0.9137216806411743,0.06878894567489624,0.3852998614311218,0.12150096893310547,0.8087877035140991,0.04356977716088295,0.5737610459327698,0.08670331537723541,0.8047071695327759,0.09215143322944641,0.5800319910049438,0.08670331537723541,0.8047071695327759,0.09215143322944641,0.5800319910049438,-0.059841498732566833,0.2546136975288391,-0.1417010873556137,0.9547312259674072,0.07954059541225433,0.23135468363761902,-0.1770225465297699,0.9533159732818604,0.12131708115339279,0.21255850791931152,0.0030974033288657665,0.9695831537246704,0.0630752295255661,0.9302488565444946,0.1036657840013504,0.3462830185890198,0.07984089106321335,0.857582688331604,0.09139975905418396,0.49982357025146484,0.11721214652061462,0.8620250225067139,0.026709377765655518,0.49240317940711975,0.11721214652061462,0.8620250225067139,0.026709377765655518,0.49240317940711975,0.044698018580675125,0.6729959845542908,-0.03359910100698471,0.7375293970108032,-0.011593427509069443,0.07639440894126892,-0.08278395235538483,0.9935675859451294,0.2645421028137207,0.04939574375748634,-0.104506716132164,0.9574214816093445,0.2674868702888489,0.016788115724921227,-0.010249273851513863,0.9633607864379883,0.10893622040748596,-0.8342448472976685,-0.2964428961277008,0.4519845247268677,0.06898212432861328,-0.8363683819770813,-0.2844918668270111,0.46345841884613037,0.06898212432861328,-0.8363683819770813,-0.2844918668270111,0.46345841884613037,0.03320373594760895,-0.20571571588516235,-0.01823526807129383,0.9778783917427063,-0.04321721941232681,-0.2036314606666565,-0.03502500802278519,0.9774659872055054,-0.027741337195038795,-0.21015888452529907,-0.11432881653308868,0.9705630540847778,-0.11000317335128784,-0.8304430246353149,-0.01900634914636612,0.5458043813705444,-0.12212561070919037,-0.8282222151756287,-0.01400500163435936,0.5467513799667358,-0.12212561070919037,-0.8282222151756287,-0.01400500163435936,0.5467513799667358,0.044698018580675125,0.6729959845542908,-0.03359910100698471,0.7375293970108032
0.5582953691482545,-0.1807529568672181,0.3595729231834411,0.050296805799007416,0.7009290456771851,-0.027602389454841614,0.7109196186065674,-1.1920000553131105,0.037986917048692566,-0.2074662178754806,2.0072864055633546,-0.42517095804214466,-0.11741795092821118,-0.989999997615814,0.2775782555341719,0.38011474609375,1.9934306144714355,-0.33883015513420106,0.14493826627731315,0.0,-1.2507906913757318,0.6841964960098273,0.20000000298023224,-2.200000047683716,0.11014962792396556,-1.9460096836090093,-0.09539489299058901,-0.25967221260070855,-1.5221927404403686,0.051203626394272055,0.0,1.5121603608131369,-0.0005539625883131116,-1.0183711767196624,0.6396392069757103,4.393298625946027,0.01527125984430465,0.17999981045722724,0.39916535615920307,0.6903699040412883,-0.17091892659664157,0.5143602132797248,0.1400101840496067,0.3000000476837218,-0.6276207208633444,0.41103708744048806,-0.20053122937679263,0.23978660106658795,-0.208629809319975,0.0,3.879242897033696,6.279982280731194,0.0,0.0,1.259705543518064,-2.591249704360965,3.476072549819934,-5.03302817344665,2.5299072742462028,1.1657375574111957,0.0,0.0,0.0,0.050296805799007416,0.7009290456771851,-0.027602389454841614,0.7109196186065674,0.050296805799007416,0.7009290456771851,-0.027602389454841614,0.7109196186065674,0.12850436568260193,0.18730199337005615,0.05313105136156082,0.9724101424217224,0.14695703983306885,0.18821673095226288,0.049577679485082626,0.9698042869567871,0.12668770551681519,0.20240049064159393,-0.051114484667778015,0.9697275161743164,0.11118994653224945,0.9266359806060791,0.079392209649086,0.35025617480278015,0.12537454068660736,0.8318793773651123,0.05415911599993706,0.5378890633583069,0.0935869961977005,0.8272784352302551,0.10287231206893921,0.544306218624115,0.0935869961977005,0.8272784352302551,0.10287231206893921,0.544306218624115,-0.05464894697070122,0.2967652380466461,-0.1346225142478943,0.9438329935073853,0.0764838233590126,0.2752043306827545,-0.174237459897995,0.9423662424087524,0.1270819902420044,0.25581037998199463,0.006932910531759262,0.9583127498626709,0.06320780515670776,0.9436085224151611,0.11047103255987167,0.3056204319000244,0.08093328028917313,0.8785701394081116,0.09823045134544373,0.46034228801727295,0.11412440240383148,0.8833489418029785,0.03438960760831833,0.4533076286315918,0.11412440240383148,0.8833489418029785,0.03438960760831833,0.4533076286315918,0.050296805799007416,0.7009290456771851,-0.027602389454841614,0.7109196186065674,-0.0012745484709739685,0.1547304391860962,-0.07731692492961884,0.9849259257316589,0.32895493507385254,0.11970646679401398,-0.12610651552677155,0.9282004237174988,0.33844804763793945,0.08051292598247528,-0.035056497901678085,0.9368786811828613,0.11555685102939606,-0.7777532339096069,-0.3691745102405548,0.4954359531402588,0.06668214499950409,-0.7800211906433105,-0.35145169496536255,0.5134220123291016,0.06668214499950409,-0.7800211906433105,-0.35145169496536255,0.5134220123291016,0.0418693944811821,-0.19458884000778198,-0.020549509674310684,0.9797754287719727,-0.004913347773253918,-0.19343125820159912,-0.029713066294789314,0.9806514978408813,0.02017192915081978,-0.19972655177116394,-0.15612342953681946,0.9671236276626587,-0.10335354506969452,-0.8109154105186462,-0.0854266881942749,0.5695932507514954,-0.12650719285011292,-0.8064762353897095,-0.07591043412685394,0.5725641250610352,-0.12650719285011292,-0.8064762353897095,-0.07591043412685394,0.5725641250610352,0.050296805799007416,0.7009290456771851,-0.027602389454841614,0.7109196186065674
0.5728817582130433,-0.19225147962570197,0.3516513049602508,0.06915390491485596,0.7077536582946777,-0.004703025799244642,0.7030506730079651,-1.1980000495910645,0.017223192751407535,-0.20147783756256102,2.003785514831543,-0.41218808293342585,-0.1131161034107208,-0.9599999904632567,0.2562839925289153,0.37767826318740844,1.9905227422714233,-0.33967508673667907,0.13271854221820825,0.0,-1.1546094655990595,0.7833406686782841,0.20000000298023224,-2.200000047683716,0.12564320266246803,-2.0099508285522463,-0.07587918043136588,-0.33817457854747807,-1.5239351749420167,0.08207891210913672,0.0,0.9250296354293798,-0.43133303821087077,-0.5516534328460673,2.413346692174681,1.7505602836608767,0.2429701700806628,-0.17999981045723118,-0.67884835004807,0.39715671539306513,-0.17401312291622162,0.6154478251934056,0.19632181674242044,1.2000001907348672,-0.9554400205612197,0.011391162872312677,-0.1591780036687849,0.028261715173720392,-0.5103970989584936,0.0,4.576606512069706,5.287901687622066,0.0,0.0,0.8959354162216171,-3.045605182647707,1.6008572578430096,-4.2020956993102985,0.5671355247497472,1.449257564544679,0.0,0.0,0.0,0.06915390491485596,0.7077536582946777,-0.004703025799244642,0.7030506730079651,0.06915390491485596,0.7077536582946777,-0.004703025799244642,0.7030506730079651,0.15784424543380737,0.19155412912368774,0.06100805103778839,0.9667834639549255,0.16617152094841003,0.19201168417930603,0.05936889350414276,0.965398371219635,0.14602868258953094,0.20772841572761536,-0.03802620619535446,0.9664773941040039,0.11072111874818802,0.9261534810066223,0.10254282504320145,0.34563788771629333,0.12929902970790863,0.8358258605003357,0.07772882282733917,0.5278588533401489,0.09924263507127762,0.8301056623458862,0.12484784424304962,0.5343112945556641,0.09924263507127762,0.8301056623458862,0.12484784424304962,0.5343112945556641,-0.025413479655981064,0.322433739900589,-0.11889336258172989,0.9387518763542175,0.09479475766420364,0.3045116364955902,-0.15897813439369202,0.9343514442443848,0.15025722980499268,0.2813138961791992,0.019249191507697105,0.9475837349891663,0.06565006077289581,0.9480438232421875,0.13652417063713074,0.2797573506832123,0.08778542280197144,0.8871185183525085,0.12346170842647552,0.43597206473350525,0.11657446622848511,0.8933253288269043,0.06439434736967087,0.4292246699333191,0.11657446622848511,0.8933253288269043,0.06439434736967087,0.4292246699333191,0.06915390491485596,0.7077536582946777,-0.004703025799244642,0.7030506730079651,0.030964307487010956,0.21245262026786804,-0.06512319296598434,0.9745070934295654,0.40034154057502747,0.17137669026851654,-0.14264975488185883,0.8888237476348877,0.4145224690437317,0.12505923211574554,-0.05588802695274353,0.8996709585189819,0.129132479429245,-0.720144510269165,-0.4440968930721283,0.5171988010406494,0.07626567780971527,-0.7225735187530518,-0.42161548137664795,0.5425046682357788,0.07626567780971527,-0.7225735187530518,-0.42161548137664795,0.5425046682357788,0.07057302445173264,-0.2165377140045166,-0.023936565965414047,0.9734258055686951,0.03357890248298645,-0.21551799774169922,-0.032042212784290314,0.9753961563110352,0.06924036890268326,-0.21642491221427917,-0.19573386013507843,0.9539676904678345,-0.09596334397792816,-0.8164734840393066,-0.14837394654750824,0.5496792793273926,-0.13294851779937744,-0.809023916721344,-0.13380463421344757,0.5566878318786621,-0.13294851779937744,-0.809023916721344,-0.13380463421344757,0.5566878318786621,0.06915390491485596,0.7077536582946777,-0.004703025799244642,0.7030506730079651
0.585385775566101,-0.199321448802948,0.3429192900657654,0.08387722074985504,0.7185944318771362,0.014592809602618217,0.6901983022689819,-1.2040000438690186,-0.0034087805077434048,-0.19588579833507536,1.999060583114624,-0.4003322601318359,-0.11121366769075393,-0.949999988079071,0.2390473455190658,0.3802712559700012,1.985353708267212,-0.34099467396736144,0.12591159939765928,0.0,-1.0823097229003904,0.8631569147109986,0.20000000298023224,-2.200000047683716,0.14285981059074407,-2.0393652439117433,-0.04932599216699594,-0.38902777433395397,-1.5416038274765016,0.09819511473178866,0.0,0.6668482422828672,-0.44206949472427326,-0.42039278149604803,2.6986342430114734,1.2660826444625868,0.36252135634422317,-0.2999996840953827,-1.0342336893081665,0.28752876520156856,-0.21176575720310223,0.6153321504592895,0.14311001300811743,0.9000001430511455,-0.9429846286773678,0.029060132801533245,-0.2132284432649615,-0.05648624375462537,-0.4486027359962458,0.0,4.0926165580749485,4.377370452880857,0.0,0.0,0.8263696908950807,-2.1612552165985073,1.1869098067283637,-3.0956430912017794,-0.56490821093321,1.1009917497634873,0.0,0.0,0.0,0.08387722074985504,0.7185944318771362,0.014592809602618217,0.6901983022689819,0.08387722074985504,0.7185944318771362,0.014592809602618217,0.6901983022689819,0.18244987726211548,0.2024378478527069,0.06725874543190002,0.9597954750061035,0.18083781003952026,0.2022538185119629,0.06769026070833206,0.9601088762283325,0.16022196412086487,0.2189512550830841,-0.026529042050242424,0.9621255397796631,0.10897275060415268,0.9277411699295044,0.12043847143650055,0.33602964878082275,0.13069279491901398,0.8424059748649597,0.09637424349784851,0.5137934684753418,0.10193106532096863,0.8357493877410889,0.1430426836013794,0.5202614068984985,0.10193106532096863,0.8357493877410889,0.1430426836013794,0.5202614068984985,-0.00402063550427556,0.3440706133842468,-0.1057731956243515,0.9329582452774048,0.10728821158409119,0.3289390206336975,-0.14593173563480377,0.9268183708190918,0.1675584316253662,0.3027169108390808,0.03184432536363602,0.9376953840255737,0.0649297684431076,0.9507313966751099,0.1577284187078476,0.2588742673397064,0.09075938165187836,0.8930225372314453,0.14442266523838043,0.41643214225769043,0.11680468916893005,0.9003317356109619,0.08796253800392151,0.4099048972129822,0.11680468916893005,0.9003317356109619,0.08796253800392151,0.4099048972129822,0.08387722074985504,0.7185944318771362,0.014592809602618217,0.6901983022689819,0.05602055788040161,0.2637673616409302,-0.052580270916223526,0.9615217447280884,0.45274820923805237,0.21746230125427246,-0.15929794311523438,0.8499138355255127,0.47115468978881836,0.1659369170665741,-0.0766584575176239,0.8629030585289001,0.13414782285690308,-0.6656793355941772,-0.501732349395752,0.5358544588088989,0.07732593268156052,-0.6679069399833679,-0.47374439239501953,0.5687593817710876,0.07732593268156052,-0.6679069399833679,-0.47374439239501953,0.5687593817710876,0.09475663304328918,-0.21504949033260345,-0.02684163674712181,0.9716247320175171,0.07079365849494934,-0.21438921988010406,-0.03227592259645462,0.9736446142196655,0.11019278317689896,-0.2081134021282196,-0.2203996777534485,0.9465571045875549,-0.08540336042642593,-0.8117931485176086,-0.19378969073295593,0.5441907644271851,-0.12924346327781677,-0.8029947280883789,-0.17631040513515472,0.5544459223747253,-0.12924346327781677,-0.8029947280883789,-0.17631040513515472,0.5544459223747253,0.08387722074985504,0.7185944318771362,0.014592809602618217,0.6901983022689819
0.5968486070632935,-0.2041771411895752,0.3337820768356323,0.09649348258972168,0.7311562895774841,0.03207171708345413,0.6745893955230713,-1.2100000381469727,-0.023974879644811153,-0.1904919296503067,1.9937236309051514,-0.3890399634838104,-0.1105109378695488,-0.949999988079071,0.22383950650691986,0.38537898659706116,1.9790540933609009,-0.342551589012146,0.12181104719638824,0.0,-1.0219507217407227,0.9333091974258423,0.20000000298023224,-2.200000047683716,0.16093793511390686,-2.05151629447937,-0.019254066050052643,-0.4260563850402832,-1.5672355890274048,0.10693177580833435,0.0,0.5731415152549744,-0.24278461933135986,-0.45686063170433044,2.2397119998931885,1.8607351779937744,0.42799869179725647,-0.2999996840953827,-1.028304934501648,0.26969343423843384,-0.2668476104736328,0.5646148324012756,0.03513649106025696,0.0,-0.760391891002655,0.2553865388035774,-0.31498071551322937,-0.0778457447886467,-0.20502758026123047,0.0,3.0179498195648193,3.5076138973236084,0.0,0.0,0.9039061665534973,-0.6075525283813477,1.5035961866378784,-1.8514304161071777,-1.2815879508852959,0.4368330240249636,0.0,0.0,0.0,0.09649348258972168,0.7311562895774841,0.03207171708345413,0.6745893955230713,0.09649348258972168,0.7311562895774841,0.03207171708345413,0.6745893955230713,0.20461662113666534,0.21656584739685059,0.07267116010189056,0.9518141746520996,0.19319237768650055,0.21567916870117188,0.07526194304227829,0.9541985392570496,0.17180520296096802,0.2330745905637741,-0.015825387090444565,0.95703125,0.10656968504190445,0.9302329421043396,0.13568483293056488,0.32388150691986084,0.13078711926937103,0.8500844240188599,0.11252644658088684,0.49758321046829224,0.10310731083154678,0.8425724506378174,0.15930262207984924,0.5040467977523804,0.10310731083154678,0.8425724506378174,0.15930262207984924,0.5040467977523804,0.013433389365673065,0.3636304438114166,-0.09395503997802734,0.926695704460144,0.11684850603342056,0.35086190700531006,-0.13397973775863647,0.9193975329399109,0.1818757802248001,0.32199200987815857,0.04456384479999542,0.928039014339447,0.06262033432722092,0.9524248838424683,0.17647500336170197,0.24046237766742706,0.09178241342306137,0.8975048065185547,0.1632198542356491,0.39927488565444946,0.11591524630784988,0.9057754874229431,0.10828801244497299,0.3929479718208313,0.11591524630784988,0.9057754874229431,0.10828801244497299,0.3929479718208313,0.09649348258972168,0.7311562895774841,0.03207171708345413,0.6745893955230713,0.07736997306346893,0.3114848732948303,-0.039834052324295044,0.9462580680847168,0.4948199987411499,0.2602590322494507,-0.17571231722831726,0.8102737665176392,0.5171775221824646,0.2045764923095703,-0.09720420092344284,0.825364887714386,0.13467775285243988,-0.6121386289596558,-0.5497917532920837,0.5521568655967712,0.07401245087385178,-0.6139655709266663,-0.5159912705421448,0.5927237272262573,0.07401245087385178,-0.6139655709266663,-0.5159912705421448,0.5927237272262573,0.11665564775466919,-0.20182065665721893,-0.029501235112547874,0.9720028638839722,0.10729288309812546,-0.20152731239795685,-0.03144277259707451,0.9730808734893799,0.14697308838367462,-0.187250554561615,-0.23747973144054413,0.9417746663093567,-0.07329235970973969,-0.8021332621574402,-0.23037798702716827,0.546018660068512,-0.12047453224658966,-0.7927185893058777,-0.2110573649406433,0.5590509176254272,-0.12047453224658966,-0.7927185893058777,-0.2110573649406433,0.5590509176254272,0.09649348258972168,0.7311562895774841,0.03207171708345413,0.6745893955230713
0.6091819047927857,-0.19928291440010068,0.32063812613487236,0.09200707077980042,0.7382264137268066,0.02871859073638916,0.6676312685012817,-1.1440000295639035,-0.024694839119911195,-0.1845673948526382,1.9763927698135375,-0.3819728791713714,-0.11212320029735566,-0.9199999809265136,0.2157323598861694,0.39118877649307254,1.9644565105438232,-0.3328567802906036,0.12179642468690872,0.0,-1.01971275806427,0.9333167791366577,0.20000000298023224,-2.200000047683716,0.17627857029438027,-2.09582781791687,0.032632933929562805,-0.4190159440040588,-1.582151746749878,0.1117818981409073,0.0,0.5992555022239686,0.04971295297145972,-0.5770627379417425,0.5938692092895435,1.3464987039566017,0.2866215020418161,1.8600002586841677,-0.43292073011398047,0.2856133997440339,-0.6266648411750809,0.4378584444522852,-0.034313271939754794,0.9000001430511515,-0.5473711371421804,0.27644829154014594,-0.563919734954835,0.2597059324383751,-0.0824497133493418,0.0,1.274318838119499,1.4032730102538968,0.0,0.0,0.8217815041542049,-1.5723666548728985,2.1580483913421658,-0.5293590068817078,-0.9601198792457566,0.3202368706464762,0.0,0.0,0.0,0.09200707077980042,0.7382264137268066,0.02871859073638916,0.6676312685012817,0.09200707077980042,0.7382264137268066,0.02871859073638916,0.6676312685012817,0.1958245187997818,0.2587398886680603,0.06950617581605911,0.9433321356773376,0.18416452407836914,0.25786277651786804,0.0727057084441185,0.9456765651702881,0.15969526767730713,0.273756206035614,-0.014768680557608604,0.948333740234375,0.10011667013168335,0.9425143003463745,0.1252395361661911,0.2931872606277466,0.12210094928741455,0.8697218894958496,0.10394570231437683,0.4667660593986511,0.0957716554403305,0.8625310659408569,0.15252463519573212,0.4728682041168213,0.0957716554403305,0.8625310659408569,0.15252463519573212,0.4728682041168213,0.009960589930415154,0.3857783079147339,-0.09051056951284409,0.9180870056152344,0.10876590013504028,0.37379565834999084,-0.1314583271741867,0.9116827845573425,0.1793840229511261,0.34553366899490356,0.048217035830020905,0.919838547706604,0.0594770610332489,0.9568936824798584,0.17596885561943054,0.22327584028244019,0.08781157433986664,0.9066839218139648,0.16368359327316284,0.37870991230010986,0.11069738864898682,0.914965033531189,0.10819890350103378,0.37266355752944946,0.11069738864898682,0.914965033531189,0.10819890350103378,0.37266355752944946,0.09200707077980042,0.7382264137268066,0.02871859073638916,0.6676312685012817,0.07167190313339233,0.32195907831192017,-0.040213990956544876,0.9431799650192261,0.48834943771362305,0.269441694021225,-0.1807650327682495,0.8100865483283997,0.511622428894043,0.2143591046333313,-0.10220973938703537,0.8257395029067993,0.12715739011764526,-0.6083332300186157,-0.5471185445785522,0.5607342720031738,0.06090378016233444,-0.6095982193946838,-0.5090607404708862,0.6045973896980286,0.06090378016233444,-0.6095982193946838,-0.5090607404708862,0.6045973896980286,0.11095816642045975,-0.213638037443161,-0.02881777659058571,0.9701631665229797,0.12673026323318481,-0.21404743194580078,-0.02512211538851261,0.968241810798645,0.16804152727127075,-0.1957586705684662,-0.2272111475467682,0.9390504360198975,-0.05370669811964035,-0.8111190795898438,-0.2375708818435669,0.5317531228065491,-0.1033511608839035,-0.8022356033325195,-0.2181791514158249,0.5460169911384583,-0.1033511608839035,-0.8022356033325195,-0.2181791514158249,0.5460169911384583,0.09200707077980042,0.7382264137268066,0.02871859073638916,0.6676312685012817
0.6204295992851258,-0.19568571150302885,0.30832275748252863,0.08880224823951721,0.7439355850219727,0.025049276649951935,0.6618509292602539,-1.090000009536743,-0.024867728352546685,-0.1790962994098663,1.9582048654556272,-0.3740961372852325,-0.11260393410921096,-0.889999985694885,0.20804116725921626,0.3955451309680939,1.946390676498413,-0.3258681535720825,0.12267560064792635,0.0,-1.0168850898742676,0.9313543081283568,0.20000000298023224,-2.200000047683716,0.1928192585706712,-2.1372891902923588,0.0864354908466343,-0.4118060052394866,-1.5984872817993165,0.11429113298654554,0.0,0.5840967357158654,0.20580061078071515,-0.632340025901794,-0.47057659626007015,0.9007236957550029,0.11351982653140864,2.940000557899468,-0.01958584561943975,0.28262353241443605,-0.8922542929649359,0.3776439130306249,-0.046667258441447534,1.4999998807907104,-0.3928786814212797,0.24688640832900915,-0.8339266061782857,0.40355495214462117,0.026082828699146004,0.0,0.12958931028842963,-0.05872249010135537,0.0,0.0,0.8030333161354072,-2.130071616172789,2.6518166542053234,0.35710695385932933,-0.7883891463279733,0.17227948009967664,0.0,0.0,0.0,0.08880224823951721,0.7439355850219727,0.025049276649951935,0.6618509292602539,0.08880224823951721,0.7439355850219727,0.025049276649951935,0.6618509292602539,0.18832242488861084,0.2928217649459839,0.06574588268995285,0.9351296424865723,0.17667989432811737,0.2919807434082031,0.06937777996063232,0.9373996257781982,0.1498779058456421,0.3066139221191406,-0.014735720120370388,0.9398443102836609,0.09579745680093765,0.9510900378227234,0.11617421358823776,0.2697300612926483,0.11574476212263107,0.8843408226966858,0.09633298218250275,0.44188717007637024,0.09069088101387024,0.877518892288208,0.14594179391860962,0.4477016031742096,0.09069088101387024,0.877518892288208,0.14594179391860962,0.4477016031742096,0.007715059444308281,0.40618571639060974,-0.08807342499494553,0.9095036387443542,0.1021219864487648,0.3948482275009155,-0.12974697351455688,0.90378737449646,0.17771893739700317,0.36708536744117737,0.05036121606826782,0.9116622805595398,0.05835432931780815,0.9602090120315552,0.17523178458213806,0.2094927281141281,0.08600728213787079,0.9135087728500366,0.16344639658927917,0.36247748136520386,0.10806100070476532,0.9218108057975769,0.10714009404182434,0.3565230369567871,0.10806100070476532,0.9218108057975769,0.10714009404182434,0.3565230369567871,0.08880224823951721,0.7439355850219727,0.025049276649951935,0.6618509292602539,0.0670025423169136,0.33098024129867554,-0.04149840772151947,0.9403407573699951,0.4821091890335083,0.27711063623428345,-0.1856939047574997,0.8101223707199097,0.5061466693878174,0.22261132299900055,-0.10707131028175354,0.8263144493103027,0.11988621950149536,-0.6053960919380188,-0.5444654226303101,0.5680495500564575,0.04754336550831795,-0.6059600114822388,-0.5018678903579712,0.6153703331947327,0.04754336550831795,-0.6059600114822388,-0.5018678903579712,0.6153703331947327,0.10558612644672394,-0.22582313418388367,-0.029169004410505295,0.9679900407791138,0.14726926386356354,-0.22688159346580505,-0.019216815009713173,0.962531566619873,0.19019168615341187,-0.20443882048130035,-0.21711134910583496,0.9353581666946411,-0.033789779990911484,-0.8198184967041016,-0.24585041403770447,0.5160557627677917,-0.08483334630727768,-0.811760663986206,-0.2268918752670288,0.5313831567764282,-0.08483334630727768,-0.811760663986206,-0.2268918752670288,0.5313831567764282,0.08880224823951721,0.7439355850219727,0.025049276649951935,0.6618509292602539
0.6295060873031617,-0.19468255639076232,0.29766455292701716,0.08817820996046066,0.7470625638961792,0.020753227174282074,0.6585526466369629,-1.0599999666213988,-0.02394647896289825,-0.1745320826768875,1.9383028745651245,-0.36460008025169366,-0.1108216106891632,-0.8600000143051146,0.20118188261985775,0.3969946146011353,1.9213883399963378,-0.32429189085960386,0.1253423735499382,0.0,-1.0128780126571655,0.9254517316818237,0.20000000298023224,-2.200000047683716,0.21176005303859718,-2.1730502605438233,0.14406917095184352,-0.40425707101821895,-1.6176615715026856,0.1121185928583145,0.0,0.48639246225357013,0.08906846940517374,-0.5577676773071286,-0.372228610515594,0.591871619224547,-0.12303082048893077,1.8600016593933058,0.02965038791298888,0.2418139994144438,-0.9693881869316104,0.45051309466362033,0.05517030805349396,1.4999988079071045,-0.35544282197952254,0.11607723832130373,-1.146069180965425,0.15999858975410353,0.10652469104388765,0.0,0.18266271203756357,-0.2360272169404205,0.0,0.0,0.9110380768775945,-1.873557949066161,2.824217033386231,0.37236174941062933,-0.9161331057548529,-0.038400384783745745,0.0,0.0,0.0,0.08817820996046066,0.7470625638961792,0.020753227174282074,0.6585526466369629,0.08817820996046066,0.7470625638961792,0.020753227174282074,0.6585526466369629,0.18398474156856537,0.311458557844162,0.06100290268659592,0.9302804470062256,0.17283228039741516,0.31070488691329956,0.06472377479076385,0.9324173927307129,0.14511233568191528,0.32458868622779846,-0.016793031245470047,0.9345065951347351,0.09594748914241791,0.9541321992874146,0.11012199521064758,0.2613411545753479,0.11433638632297516,0.8909415006637573,0.09090223908424377,0.429984986782074,0.09034277498722076,0.8845399618148804,0.14010289311408997,0.43565869331359863,0.09034277498722076,0.8845399618148804,0.14010289311408997,0.43565869331359863,0.007932363077998161,0.42339038848876953,-0.08771905303001404,0.9016557931900024,0.09845001250505447,0.41244417428970337,-0.12976723909378052,0.8963022828102112,0.17785491049289703,0.3849310278892517,0.04952598363161087,0.9042914509773254,0.06130280718207359,0.9616987705230713,0.17412149906158447,0.20263046026229858,0.0886090025305748,0.9163721799850464,0.16194239258766174,0.35522568225860596,0.11067871004343033,0.9247164130210876,0.10423049330711365,0.34897810220718384,0.11067871004343033,0.9247164130210876,0.10423049330711365,0.34897810220718384,0.08817820996046066,0.7470625638961792,0.020753227174282074,0.6585526466369629,0.06440632045269012,0.3371635973453522,-0.04460030049085617,0.9381808042526245,0.4764288663864136,0.2818059027194977,-0.19041118025779724,0.8107678294181824,0.5009329915046692,0.22784507274627686,-0.11166507005691528,0.8274561166763306,0.11313971132040024,-0.6043183207511902,-0.5419630408287048,0.5729527473449707,0.03370917961001396,-0.6040337681770325,-0.49436360597610474,0.6241886019706726,0.03370917961001396,-0.6040337681770325,-0.49436360597610474,0.6241886019706726,0.10088355839252472,-0.2387748658657074,-0.03159404173493385,0.9653035998344421,0.1700567901134491,-0.24043676257133484,-0.014158599078655243,0.9555472135543823,0.2145751416683197,-0.21355757117271423,-0.20747420191764832,0.930217981338501,-0.01325906254351139,-0.828401505947113,-0.25643157958984375,0.49781328439712524,-0.06357917934656143,-0.8215653896331787,-0.2388521432876587,0.5137486457824707,-0.06357917934656143,-0.8215653896331787,-0.2388521432876587,0.5137486457824707,0.08817820996046066,0.7470625638961792,0.020753227174282074,0.6585526466369629
0.6375370860099792,-0.19500784575939178,0.2882841765880585,0.0898931473493576,0.7484924793243408,0.01651018112897873,0.6568149328231812,-1.0459999561309814,-0.032167044281959475,-0.17204307317733766,1.9169719934463503,-0.3574797809123993,-0.10910896807909012,-0.8300000190734864,0.19196087718009952,0.3958556115627289,1.8953403472900392,-0.32196984291076663,0.12818420827388763,0.0,-1.0121007919311524,0.9134246110916139,0.20000000298023224,-2.200000047683716,0.22485262453556057,-2.20265212059021,0.16450408101081848,-0.39483090043067937,-1.633965539932251,0.10959188193082811,0.0,0.4224596917629244,0.01030442044138935,-0.494575369358063,-0.2510682404041296,0.3543515145778665,-0.31554301679134295,1.0200011014938386,-0.22819195166230022,0.1659546047449116,-1.0379662156105038,0.4035300910472875,0.0870257392525673,1.4999991655349731,-0.4138158261775966,-0.005180419981479126,-1.281486392021179,0.10118668824434265,0.1385904937982559,0.0,0.10345815718174045,-0.47886510491371037,0.0,0.0,0.7715929865837109,-1.6032770872116102,1.7657207489013746,0.4337637841701504,-0.8726047873497015,-0.11925212591886514,0.0,0.0,0.0,0.0898931473493576,0.7484924793243408,0.01651018112897873,0.6568149328231812,0.0898931473493576,0.7484924793243408,0.01651018112897873,0.6568149328231812,0.18261370062828064,0.3199290633201599,0.05584419518709183,0.927997350692749,0.1676674783229828,0.3190091848373413,0.060996752232313156,0.9308062791824341,0.13964059948921204,0.3322368860244751,-0.01919945701956749,0.9326043128967285,0.09592393040657043,0.9541292190551758,0.10324355959892273,0.26415276527404785,0.11276348680257797,0.8919646739959717,0.08454016596078873,0.42957696318626404,0.08917516469955444,0.8860263824462891,0.1330520361661911,0.4350888133049011,0.08917516469955444,0.8860263824462891,0.1330520361661911,0.4350888133049011,0.010635348968207836,0.4385297894477844,-0.08843515813350677,0.894291877746582,0.09631410241127014,0.4280410408973694,-0.13000421226024628,0.8891588449478149,0.17859145998954773,0.4007473289966583,0.04738200083374977,0.8973637819290161,0.06572876870632172,0.962587833404541,0.17262864112854004,0.1982519030570984,0.09255203604698181,0.9183626770973206,0.15986548364162445,0.3499818444252014,0.11477379500865936,0.9267177581787109,0.10071679949760437,0.3433327078819275,0.11477379500865936,0.9267177581787109,0.10071679949760437,0.3433327078819275,0.0898931473493576,0.7484924793243408,0.01651018112897873,0.6568149328231812,0.06383077800273895,0.33966952562332153,-0.0490378737449646,0.9370942115783691,0.47054529190063477,0.28325164318084717,-0.19381222128868103,0.8128914833068848,0.4952014684677124,0.2298564910888672,-0.11480066180229187,0.8299170732498169,0.10763244330883026,-0.6059079170227051,-0.5384203791618347,0.5756686329841614,0.023076601326465607,-0.6048761010169983,-0.4874274432659149,0.6292908191680908,0.023076601326465607,-0.6048761010169983,-0.4874274432659149,0.6292908191680908,0.09723733365535736,-0.2510022819042206,-0.03573814779520035,0.9624268412590027,0.1759788990020752,-0.25309184193611145,-0.014987628906965256,0.9511841535568237,0.22187504172325134,-0.2254418432712555,-0.20306840538978577,0.9266663789749146,-0.008058847859501839,-0.838330864906311,-0.2584758698940277,0.4799235463142395,-0.05756257474422455,-0.831978440284729,-0.24234044551849365,0.4957515597343445,-0.05756257474422455,-0.831978440284729,-0.24234044551849365,0.4957515597343445,0.0898931473493576,0.7484924793243408,0.01651018112897873,0.6568149328231812
0.6450453400611877,-0.19599735736846924,0.2795427143573761,0.09277668595314026,0.7490664124488831,0.012293555773794651,0.6558512449264526,-1.0399999618530273,-0.04495851695537567,-0.17059166729450226,1.89492666721344,-0.35154736042022705,-0.10743116587400436,-0.800000011920929,0.1815590113401413,0.39342236518859863,1.8687695264816284,-0.31927490234375,0.13111357390880585,0.0,-1.0129384994506836,0.8983352184295654,0.20000000298023224,-2.200000047683716,0.23502108454704285,-2.2291743755340576,0.16633960604667664,-0.38446611166000366,-1.6488343477249146,0.10688808560371399,0.0,0.3754126727581024,-0.04947557672858238,-0.43707308173179626,-0.11850167810916898,0.15249744057655334,-0.4860359877347946,0.2999997138977051,-0.6395735777914524,0.07257027924060822,-1.1022663116455078,0.2966209948062897,0.08389010280370712,1.500000238418579,-0.5200932621955872,-0.12166231125593185,-1.3285409212112427,0.13474702835083008,0.14646826684474945,0.0,-0.0418853759765625,-0.7544695734977722,0.0,0.0,0.5084229707717896,-1.3261126279830933,0.09177613258361816,0.518239438533783,-0.7434403300285339,-0.13518981635570526,0.0,0.0,0.0,0.09277668595314026,0.7490664124488831,0.012293555773794651,0.6558512449264526,0.09277668595314026,0.7490664124488831,0.012293555773794651,0.6558512449264526,0.18274511396884918,0.3233475685119629,0.050484251230955124,0.9270932674407959,0.16186033189296722,0.32213112711906433,0.0577394999563694,0.9309666752815247,0.13382874429225922,0.3347492814064026,-0.021781738847494125,0.9325011372566223,0.09580720961093903,0.9525405764579773,0.09594558924436569,0.27254703640937805,0.11110897362232208,0.8902031183242798,0.07771340757608414,0.43491822481155396,0.08759806305170059,0.8847467303276062,0.12539610266685486,0.4402563273906708,0.08759806305170059,0.8847467303276062,0.12539610266685486,0.4402563273906708,0.014579654671251774,0.4525887668132782,-0.08967725932598114,0.8870788216590881,0.09493763744831085,0.4425954818725586,-0.13033737242221832,0.8821044564247131,0.17960980534553528,0.4155047833919525,0.04457912594079971,0.8905665278434753,0.07089247554540634,0.9631635546684265,0.17094221711158752,0.1951126605272293,0.0971640944480896,0.9199017882347107,0.15749959647655487,0.345736563205719,0.11960452795028687,0.9282435178756714,0.096898652613163,0.3386286795139313,0.11960452795028687,0.9282435178756714,0.096898652613163,0.3386286795139313,0.09277668595314026,0.7490664124488831,0.012293555773794651,0.6558512449264526,0.0642654225230217,0.3403356671333313,-0.054143041372299194,0.9365415573120117,0.4645520746707916,0.28306761384010315,-0.19655166566371918,0.8157398700714111,0.48920270800590515,0.23025263845920563,-0.11720504611730576,0.8330230712890625,0.10274313390254974,-0.6088207364082336,-0.5343483090400696,0.5772807002067566,0.014046257361769676,-0.6070978045463562,-0.4807724058628082,0.6325289011001587,0.014046257361769676,-0.6070978045463562,-0.4807724058628082,0.6325289011001587,0.09411130100488663,-0.2628448009490967,-0.040738318115472794,0.9593727588653564,0.17348487675189972,-0.2653205394744873,-0.018761945888400078,0.9482383728027344,0.22065402567386627,-0.2387295514345169,-0.2013022005558014,0.9240115880966187,-0.010526437312364578,-0.8488867878913879,-0.25623732805252075,0.4621935188770294,-0.059166014194488525,-0.8426581621170044,-0.24158120155334473,0.4775616526603699,-0.059166014194488525,-0.8426581621170044,-0.24158120155334473,0.4775616526603699,0.09277668595314026,0.7490664124488831,0.012293555773794651,0.6558512449264526
0.6452590942382812,-0.189468789100647,0.2800876498222351,0.08884046971797943,0.7492425441741943,0.016302848234772682,0.6561076641082764,-1.015999984741211,-0.05136795267462729,-0.1733720362186432,1.8677436590194703,-0.3428242981433869,-0.10904066562652588,-0.800000011920929,0.17235188186168673,0.3925418496131897,1.8438178300857544,-0.3147304177284241,0.13276870250701903,0.0,-1.015524435043335,0.8756556749343872,0.20000000298023224,-2.200000047683716,0.24140501916408538,-2.3011521339416503,0.1646996319293976,-0.3694200456142426,-1.6632431030273438,0.10598496347665787,0.0,0.15657769441604663,0.17606680169701525,-0.15848116874694884,-0.023658651113510343,0.03118611872196224,0.14105820059776175,0.8399990975856769,-0.4481124877929692,-0.05438295751810046,-1.2563966989517208,0.3803402483463285,-0.014728946983814023,0.6000000953674337,-0.4842511713504792,-0.07508038729429256,-1.279967188835144,0.190233340859413,0.10824116021394739,0.0,-0.0943322144448756,-0.982174134254455,0.0,0.0,0.39488720893859885,-2.6897777318954437,-0.012488721311092146,0.6586777210235593,-0.7296387553215027,-0.08116959035396587,0.0,0.0,0.0,0.08884046971797943,0.7492425441741943,0.016302848234772682,0.6561076641082764,0.08884046971797943,0.7492425441741943,0.016302848234772682,0.6561076641082764,0.17956727743148804,0.3351629376411438,0.055093005299568176,0.9232476353645325,0.15580756962299347,0.333629310131073,0.06370756030082703,0.9275543093681335,0.12632739543914795,0.3458588719367981,-0.0168341975659132,0.929591178894043,0.08862589299678802,0.9530108571052551,0.09161309897899628,0.2748143672943115,0.1029621958732605,0.892170250415802,0.07513009756803513,0.4333433508872986,0.0791960209608078,0.8867523670196533,0.12363697588443756,0.43830618262290955,0.0791960209608078,0.8867523670196533,0.12363697588443756,0.43830618262290955,0.012444493360817432,0.4522578716278076,-0.08452969044446945,0.8877853155136108,0.0888078510761261,0.44329404830932617,-0.1231427937746048,0.8834248781204224,0.17355024814605713,0.41746217012405396,0.05150097608566284,0.890479326248169,0.06383544951677322,0.9617550373077393,0.16947108507156372,0.20550453662872314,0.08960485458374023,0.91766756772995,0.15735983848571777,0.3536878824234009,0.11287401616573334,0.926082968711853,0.09614026546478271,0.34696799516677856,0.11287401616573334,0.926082968711853,0.09614026546478271,0.34696799516677856,0.08884046971797943,0.7492425441741943,0.016302848234772682,0.6561076641082764,0.06267308443784714,0.3390408754348755,-0.04889494180679321,0.937407374382019,0.4541972875595093,0.2862975299358368,-0.18802382051944733,0.8224266767501831,0.4792749881744385,0.23445624113082886,-0.107988640666008,0.8388469219207764,0.10618801414966583,-0.6126720905303955,-0.5216533541679382,0.5841530561447144,0.014503508806228638,-0.6115620732307434,-0.4659349322319031,0.6392856240272522,0.014503508806228638,-0.6115620732307434,-0.4659349322319031,0.6392856240272522,0.09417605400085449,-0.297275573015213,-0.036735374480485916,0.949425458908081,0.17195893824100494,-0.2992931008338928,-0.012176433578133583,0.9384591579437256,0.2235950082540512,-0.27354496717453003,-0.18602555990219116,0.9168276786804199,-0.0010814492125064135,-0.8704835176467896,-0.2483464479446411,0.4249487519264221,-0.05003724992275238,-0.8649882078170776,-0.23595479130744934,0.44001924991607666,-0.05003724992275238,-0.8649882078170776,-0.23595479130744934,0.44001924991607666,0.08884046971797943,0.7492425441741943,0.016302848234772682,0.6561076641082764
0.6456903100013733,-0.18507699072360992,0.2804771542549133,0.08698634803295135,0.7492679953575134,0.018280619755387306,0.6562748551368713,-0.9960000038146973,-0.05321161523461344,-0.17731533050537107,1.8398650884628296,-0.33328645229339604,-0.11194769591093062,-0.800000011920929,0.16372379660606387,0.39114059805870055,1.8195509910583496,-0.31193806529045104,0.13587395548820494,0.0,-1.020460271835327,0.848642635345459,0.20000000298023224,-2.200000047683716,0.24661739468574523,-2.3547282218933105,0.1661511957645416,-0.3559154808521271,-1.678867197036743,0.10478678047657013,0.0,0.017211554758250668,0.2623252928256993,0.02258384078741077,0.030848571658134517,-0.03873481601476676,0.3848293304443371,1.0799988627433785,-0.18349857330322356,-0.17390620112419106,-1.3800171613693235,0.46059659719467144,-0.11940089613199208,0.0,-0.44298511743545543,-0.05964785441756238,-1.2270389795303347,0.17466025054454837,0.12626014798879595,0.0,-0.199793809652328,-1.2639820337295524,0.0,0.0,0.2840499311685564,-3.0468376159668003,0.010747434198855738,0.706058216094971,-0.7568978667259214,-0.05400792807340616,0.0,0.0,0.0,0.08698634803295135,0.7492679953575134,0.018280619755387306,0.6562748551368713,0.08698634803295135,0.7492679953575134,0.018280619755387306,0.6562748551368713,0.17749500274658203,0.3447074294090271,0.05706304311752319,0.9200087785720825,0.15295515954494476,0.3430634140968323,0.06620480120182037,0.9244075417518616,0.12197168916463852,0.35526496171951294,-0.015900040045380592,0.9266374111175537,0.08652755618095398,0.9524486660957336,0.08735480159521103,0.2787899374961853,0.09982980042695999,0.8930081725120544,0.07180864363908768,0.4329131543636322,0.0754508301615715,0.8875907063484192,0.12165285646915436,0.43782466650009155,0.0754508301615715,0.8875907063484192,0.12165285646915436,0.43782466650009155,0.011478114873170853,0.4520314931869507,-0.08202748000621796,0.888148307800293,0.0840643048286438,0.4438130855560303,-0.11871549487113953,0.8842340111732483,0.16870605945587158,0.4190162420272827,0.05537722632288933,0.8904478549957275,0.05984301492571831,0.9601333737373352,0.16716647148132324,0.2159120887517929,0.08508330583572388,0.9149395823478699,0.15584149956703186,0.3624360263347626,0.10950503498315811,0.9234066009521484,0.09337710589170456,0.35582250356674194,0.10950503498315811,0.9234066009521484,0.09337710589170456,0.35582250356674194,0.08698634803295135,0.7492679953575134,0.018280619755387306,0.6562748551368713,0.06183430552482605,0.33662575483322144,-0.046573393046855927,0.9384511113166809,0.44269832968711853,0.28760507702827454,-0.1810750812292099,0.829767107963562,0.46800726652145386,0.23685692250728607,-0.10027112811803818,0.8454664945602417,0.10779088735580444,-0.6181203126907349,-0.5084953904151917,0.5896955132484436,0.013413144275546074,-0.6174107789993286,-0.4510929584503174,0.6443129777908325,0.013413144275546074,-0.6174107789993286,-0.4510929584503174,0.6443129777908325,0.09363964200019836,-0.3227432072162628,-0.03511035442352295,0.9411884546279907,0.17141151428222656,-0.32454681396484375,-0.008193723857402802,0.9301722645759583,0.2259325087070465,-0.29948434233665466,-0.17431114614009857,0.9104280471801758,0.005582652520388365,-0.8864810466766357,-0.2423264980316162,0.39420560002326965,-0.04332183673977852,-0.8815470933914185,-0.23181897401809692,0.4089718759059906,-0.04332183673977852,-0.8815470933914185,-0.23181897401809692,0.4089718759059906,0.08698634803295135,0.7492679953575134,0.018280619755387306,0.6562748551368713
0.6465564489364624,-0.18495873212814332,0.28055579662323,0.08930058777332306,0.7490266561508179,0.016196073964238167,0.6562941670417786,-0.984000015258789,-0.04592373147606848,-0.18358447551727297,1.8105953931808472,-0.32211903929710384,-0.11744978725910188,-0.800000011920929,0.1562537997961044,0.38869787454605104,1.7966538667678833,-0.31264997720718385,0.14187945723533632,0.0,-1.030095911026001,0.8129626035690307,0.20000000298023224,-2.200000047683716,0.24948665201663972,-2.3715009689331055,0.1737858355045319,-0.34549391865730283,-1.6969219684600831,0.10299847573041915,0.0,0.03678309526294474,0.07001602053642231,0.008595049008727044,0.004684197157621327,-0.005875006318092277,-0.13804571628570672,0.7199992418289176,0.22742099761962986,-0.2785694658756258,-1.4426177740097048,0.5339271366596223,-0.23617864400148417,0.0,-0.39087113738059986,-0.10651409253478061,-1.1654018163681028,0.0169683545827862,0.25677132457494767,0.0,-0.41128489971160936,-1.6539966106414803,0.0,0.0,0.17860962152481055,-1.390687417984005,0.2889858320355422,0.5673231363296506,-0.8662783503532412,-0.08056340441107757,0.0,0.0,0.0,0.08930058777332306,0.7490266561508179,0.016196073964238167,0.6562941670417786,0.08930058777332306,0.7490266561508179,0.016196073964238167,0.6562941670417786,0.17768490314483643,0.3498043417930603,0.05377107113599777,0.9182448387145996,0.15655295550823212,0.34847354888916016,0.0617801770567894,0.9220849871635437,0.1239442527294159,0.3613626956939697,-0.022997654974460602,0.9238646626472473,0.09459804743528366,0.9498507976531982,0.08324820548295975,0.2861897349357605,0.10673477500677109,0.8916605710983276,0.06701727211475372,0.4348076283931732,0.08102796226739883,0.8861886262893677,0.11923199146986008,0.4403270483016968,0.08102796226739883,0.8861886262893677,0.11923199146986008,0.4403270483016968,0.01284989807754755,0.45203521847724915,-0.08481992781162262,0.8878652453422546,0.08210662752389908,0.44403913617134094,-0.11984124779701233,0.8841526508331299,0.16631701588630676,0.4198218882083893,0.053169332444667816,0.8906522989273071,0.06199188530445099,0.9582604169845581,0.16322603821754456,0.22638696432113647,0.08664795756340027,0.9113296270370483,0.15158423781394958,0.3728172183036804,0.1128695085644722,0.9197801947593689,0.08661330491304398,0.36573630571365356,0.1128695085644722,0.9197801947593689,0.08661330491304398,0.36573630571365356,0.08930058777332306,0.7490266561508179,0.016196073964238167,0.6562941670417786,0.06250452995300293,0.33198028802871704,-0.05010649561882019,0.9398784637451172,0.42900556325912476,0.285125195980072,-0.17732426524162292,0.8385785818099976,0.45415937900543213,0.23569846153259277,-0.0955752432346344,0.8538447022438049,0.10573076456785202,-0.6268841624259949,-0.4945201873779297,0.5926946401596069,0.009231816045939922,-0.6261897087097168,-0.43637099862098694,0.6460508704185486,0.009231816045939922,-0.6261897087097168,-0.43637099862098694,0.6460508704185486,0.09209960699081421,-0.3309018611907959,-0.03831971064209938,0.9383779764175415,0.17318284511566162,-0.3329821228981018,-0.009444001130759716,0.9268449544906616,0.2276075929403305,-0.3083273768424988,-0.17018024623394012,0.9078368544578552,0.00667657982558012,-0.8939873576164246,-0.24082854390144348,0.37781447172164917,-0.041595540940761566,-0.88927161693573,-0.23140957951545715,0.3923206329345703,-0.041595540940761566,-0.88927161693573,-0.23140957951545715,0.3923206329345703,0.08930058777332306,0.7490266561508179,0.016196073964238167,0.6562941670417786
0.6462794184684754,-0.18126463592052458,0.2826407432556152,0.08979107439517975,0.7475376129150391,0.019928980618715286,0.657820463180542,-0.972000002861023,-0.052121561020612744,-0.18754757046699524,1.7755401372909545,-0.31378047466278075,-0.121750046312809,-0.800000011920929,0.14418795108795163,0.3828440725803375,1.7713792324066162,-0.30979838967323303,0.14236760139465332,0.0,-1.0443614959716798,0.7705969333648681,0.20000000298023224,-2.200000047683716,0.25011733174324036,-2.3467739105224608,0.17523592114448547,-0.3285214483737945,-1.710029935836792,0.10598936676979066,0.0,0.009011863917112235,0.11318805767223275,0.06412124037742634,0.17858072612434686,-0.1449097187258308,-0.009447598457335449,0.6000000834465027,-0.04017723202705514,-0.24427573084831214,-1.637051463127137,0.47350518703460664,-0.23904958367347706,0.0,-0.5113753676414494,-0.22446850985288652,-1.2161813974380495,0.07130938768386877,0.13475434184074347,0.0,-0.620680290460587,-1.9845706701278694,0.0,0.0,0.07630552947521188,0.4063568711280865,0.19619534611701903,0.7176053524017341,-0.754334414005279,0.05396063178777741,0.0,0.0,0.0,0.08979107439517975,0.7475376129150391,0.019928980618715286,0.657820463180542,0.08979107439517975,0.7475376129150391,0.019928980618715286,0.657820463180542,0.17873317003250122,0.3533288836479187,0.056643322110176086,0.9165177345275879,0.15479743480682373,0.3517073690891266,0.06584226340055466,0.9208716154098511,0.12118244916200638,0.3646504878997803,-0.020674124360084534,0.9229937791824341,0.09252291917800903,0.9460703134536743,0.08105625212192535,0.29970070719718933,0.10404770821332932,0.8876254558563232,0.06558497995138168,0.4438399374485016,0.07683847844600677,0.8819969892501831,0.1194583922624588,0.4493405222892761,0.07683847844600677,0.8819969892501831,0.1194583922624588,0.4493405222892761,0.014855870977044106,0.45013898611068726,-0.0817200168967247,0.8890871405601501,0.07885121554136276,0.4430544078350067,-0.11394377052783966,0.8857212066650391,0.16170364618301392,0.41994214057922363,0.05664815753698349,0.8912304043769836,0.05844913423061371,0.9558336734771729,0.16113388538360596,0.2387501448392868,0.08260785043239594,0.9075573086738586,0.15017420053482056,0.3833581209182739,0.1096564531326294,0.9159425497055054,0.0852423682808876,0.3765084743499756,0.1096564531326294,0.9159425497055054,0.0852423682808876,0.3765084743499756,0.08979107439517975,0.7475376129150391,0.019928980618715286,0.657820463180542,0.0643681064248085,0.3232722878456116,-0.04804310202598572,0.9428911209106445,0.4139757752418518,0.2813813388347626,-0.16614001989364624,0.8496153354644775,0.43890178203582764,0.23340165615081787,-0.08325298875570297,0.863688588142395,0.10987460613250732,-0.6375654935836792,-0.47591662406921387,0.5957695245742798,0.011868116445839405,-0.6377933025360107,-0.4176972210407257,0.6469991207122803,0.011868116445839405,-0.6377933025360107,-0.4176972210407257,0.6469991207122803,0.09632362425327301,-0.3212392032146454,-0.03673991188406944,0.9413699507713318,0.1783261001110077,-0.32322201132774353,-0.008478273637592793,0.929330587387085,0.22871732711791992,-0.299328088760376,-0.16181977093219757,0.9120886325836182,0.012187918648123741,-0.8938091397285461,-0.23584355413913727,0.3812275826931,-0.0375395342707634,-0.8892620205879211,-0.2259332835674286,0.3959267735481262,-0.0375395342707634,-0.8892620205879211,-0.2259332835674286,0.3959267735481262,0.08979107439517975,0.7475376129150391,0.019928980618715286,0.657820463180542
0.6454308032989502,-0.17578262090682983,0.2857288420200348,0.08936593681573868,0.7453935742378235,0.026569737121462822,0.6600728631019592,-0.9599999785423279,-0.06506224721670151,-0.19035764038562775,1.737592101097107,-0.30685633420944214,-0.12544938921928406,-0.800000011920929,0.1298241764307022,0.37528473138809204,1.7449158430099487,-0.30516505241394043,0.14009706676006317,0.0,-1.0609420537948608,0.7248884439468384,0.20000000298023224,-2.200000047683716,0.2496287226676941,-2.3012969493865967,0.17359372973442078,-0.3082735240459442,-1.7206645011901855,0.11136985570192337,0.0,-0.042430754750967026,0.27410075021907687,0.1544049233198166,0.45250770542770624,-0.36989169428125024,0.44488710165023804,0.6000011563301086,-0.6470343172550201,-0.14050349593162537,-1.8974016904830933,0.34620699286460876,-0.18496713042259216,0.0,-0.7181887030601501,-0.3779670223593712,-1.3231693506240845,0.23166686296463013,-0.11352673172950745,0.0,-0.8290278315544128,-2.2854244709014893,0.0,0.0,-0.024430453777313232,2.2738481163978577,-0.08210957050323486,1.012396216392517,-0.5317282676696777,0.26902442425489426,0.0,0.0,0.0,0.08936593681573868,0.7453935742378235,0.026569737121462822,0.6600728631019592,0.08936593681573868,0.7453935742378235,0.026569737121462822,0.6600728631019592,0.18020577728748322,0.356057733297348,0.06259610503911972,0.9147843718528748,0.1503567099571228,0.3538333773612976,0.0741439014673233,0.9201616644859314,0.11604956537485123,0.36652109026908875,-0.013639409095048904,0.9230431914329529,0.08535297214984894,0.9414711594581604,0.07980228215456009,0.3161938190460205,0.09654626995325089,0.8820887207984924,0.06582061201334,0.4563616216182709,0.06775002926588058,0.8762282133102417,0.12098364531993866,0.46151602268218994,0.06775002926588058,0.8762282133102417,0.12098364531993866,0.46151602268218994,0.017178302630782127,0.4472741186618805,-0.07567057013511658,0.8910245299339294,0.0749397799372673,0.4414236545562744,-0.10452431440353394,0.8880336880683899,0.15596890449523926,0.41969573497772217,0.06296703964471817,0.8919441103935242,0.052052393555641174,0.9529920220375061,0.15994279086589813,0.25202202796936035,0.07575753331184387,0.90361487865448,0.15017305314540863,0.39394035935401917,0.10314412415027618,0.9119096398353577,0.08655962347984314,0.38767191767692566,0.10314412415027618,0.9119096398353577,0.08655962347984314,0.38767191767692566,0.08936593681573868,0.7453935742378235,0.026569737121462822,0.6600728631019592,0.06682050973176956,0.3124942183494568,-0.04317575320601463,0.9465823769569397,0.3981003165245056,0.276883989572525,-0.15116892755031586,0.8613938689231873,0.42275136709213257,0.23043468594551086,-0.06708359718322754,0.873888373374939,0.11707191914319992,-0.6489266753196716,-0.4547954201698303,0.5986229777336121,0.017907684668898582,-0.6505377292633057,-0.3968745768070221,0.6472793817520142,0.017907684668898582,-0.6505377292633057,-0.3968745768070221,0.6472793817520142,0.10339627414941788,-0.3025568723678589,-0.03275314345955849,0.9469402432441711,0.18509532511234283,-0.30425721406936646,-0.0064018177799880505,0.9344122409820557,0.2294587641954422,-0.28129681944847107,-0.1512848287820816,0.9194203019142151,0.01990542560815811,-0.8896644711494446,-0.22908298671245575,0.39448946714401245,-0.03231433779001236,-0.8852674961090088,-0.21789444983005524,0.4096086621284485,-0.03231433779001236,-0.8852674961090088,-0.21789444983005524,0.4096086621284485,0.08936593681573868,0.7453935742378235,0.026569737121462822,0.6600728631019592
0.6561281323432923,-0.16962206065654753,0.2702920854091644,0.08701077103614807,0.7453364133834839,0.03043070249259472,0.6602853536605835,-0.8879999756813046,-0.0500251375138759,-0.18990613520145416,1.6881177902221678,-0.3027090311050415,-0.12603287696838378,-0.7399999976158139,0.11286706775426858,0.3734051287174225,1.7118238210678098,-0.298613291978836,0.14485648572444917,0.0,-1.0840264320373536,0.697861075401306,0.20000000298023224,-2.200000047683716,0.2512439489364624,-2.4057531833648684,0.161881273984909,-0.28135694861412036,-1.7313653707504273,0.11336715817451477,0.0,0.3039475716650501,0.2944570899009705,-0.4013407021760965,0.2593566119670859,-0.1841773927211753,0.4355534970760345,2.400000441074379,0.1922995805740394,-0.04265624284744218,-2.2431898593902604,0.26290188133716547,-0.09149148464202839,1.800000286102303,-0.7959887146949771,-0.20757489204406662,-1.522028326988221,0.2892195343971255,0.0973718658089647,0.0,-1.0241424083709725,-1.7249907732009864,0.0,0.0,0.038684603944421095,-2.224147510528584,-0.3842174574732794,1.212455677986146,-0.5337173938751221,0.16752883791923479,0.0,0.0,0.0,0.08701077103614807,0.7453364133834839,0.03043070249259472,0.6602853536605835,0.08701077103614807,0.7453364133834839,0.03043070249259472,0.6602853536605835,0.17395994067192078,0.3894215524196625,0.06477607786655426,0.902160108089447,0.15127448737621307,0.3876906633377075,0.0743284523487091,0.9062490463256836,0.11384093016386032,0.40028679370880127,-0.011930393055081367,0.9092130661010742,0.0844959020614624,0.9454648494720459,0.07715107500553131,0.30496612191200256,0.09516754746437073,0.8886740207672119,0.06352829933166504,0.44403383135795593,0.06701812148094177,0.8829091787338257,0.11936743557453156,0.44914519786834717,0.06701812148094177,0.8829091787338257,0.11936743557453156,0.44914519786834717,0.021906772628426552,0.4724261462688446,-0.06383273005485535,0.8787827491760254,0.07151198387145996,0.46802210807800293,-0.09023422002792358,0.8761845231056213,0.15712590515613556,0.44661328196525574,0.07397988438606262,0.8777099847793579,0.04720519483089447,0.9555829763412476,0.16717837750911713,0.23808437585830688,0.07153342664241791,0.9095365405082703,0.15829361975193024,0.3775835633277893,0.09864311665296555,0.9186090230941772,0.09204895794391632,0.37142160534858704,0.09864311665296555,0.9186090230941772,0.09204895794391632,0.37142160534858704,0.08701077103614807,0.7453364133834839,0.03043070249259472,0.6602853536605835,0.06609892845153809,0.3013807535171509,-0.04011515527963638,0.9503638744354248,0.3870096206665039,0.2694471776485443,-0.14082424342632294,0.870511531829834,0.41103997826576233,0.22408290207386017,-0.05581259727478027,0.8818831443786621,0.122120700776577,-0.6596015691757202,-0.4397291839122772,0.5972023010253906,0.02111878991127014,-0.6621214151382446,-0.3820347785949707,0.6443591117858887,0.02111878991127014,-0.6621214151382446,-0.3820347785949707,0.6443591117858887,0.10342685878276825,-0.35189729928970337,-0.03149215877056122,0.9297739267349243,0.17833063006401062,-0.3533068895339966,-0.0031276349909603596,0.9183478355407715,0.22556200623512268,-0.332988440990448,-0.133342906832695,0.9057924747467041,0.027095140889286995,-0.9147443771362305,-0.21531547605991364,0.3408048152923584,-0.02686031349003315,-0.910951554775238,-0.20722246170043945,0.35567507147789,-0.02686031349003315,-0.910951554775238,-0.20722246170043945,0.35567507147789,0.08701077103614807,0.7453364133834839,0.03043070249259472,0.6602853536605835
0.6644813418388367,-0.16383856832981106,0.2581762433052063,0.08488419651985168,0.7442432641983032,0.03380415588617325,0.6616296768188477,-0.8319999814033506,-0.04317592829465872,-0.1925008893013001,1.6361970901489253,-0.29670677185058586,-0.12702508866786957,-0.6888698220252989,0.09715920686721793,0.3688980162143707,1.6799390792846678,-0.2905567228794097,0.14978999793529513,0.0,-1.105658793449402,0.668112254142761,0.20000000298023224,-2.200000047683716,0.2502824634313583,-2.478460741043091,0.14770940095186222,-0.25224551558494546,-1.7414750337600708,0.11759896278381353,0.0,0.4645428657531724,0.2967159509658811,-0.6722103476524333,0.11409483253955807,-0.14908229485154328,0.3922355115413658,3.1199996948242092,0.506218445301051,-0.0688125152140874,-2.547106981277467,0.2630138248205196,-0.041436102613806966,2.7339053392410224,-0.8103779554367058,-0.17280541509390035,-1.618382573127746,0.3727322578430185,0.2431937336921693,0.0,-1.1106582999229422,-1.4330118894577042,0.0,0.0,0.0034599587321265945,-4.270351028442364,-0.6594052433967605,1.4116743803024305,-0.5173072755336758,0.1669001772999777,0.0,0.0,0.0,0.08488419651985168,0.7442432641983032,0.03380415588617325,0.6616296768188477,0.08488419651985168,0.7442432641983032,0.03380415588617325,0.6616296768188477,0.1686650961637497,0.4136316478252411,0.06697867810726166,0.8921741843223572,0.1493738889694214,0.41208651661872864,0.0759064331650734,0.8956061005592346,0.10906940698623657,0.42451897263526917,-0.010511109605431557,0.8987641334533691,0.08214519917964935,0.9461629390716553,0.0725046917796135,0.3045830726623535,0.0919722467660904,0.8907505869865417,0.059549540281295776,0.4410875737667084,0.06378480792045593,0.8851776719093323,0.11596266180276871,0.44603225588798523,0.06378480792045593,0.8851776719093323,0.11596266180276871,0.44603225588798523,0.025854850187897682,0.4921572208404541,-0.053686726838350296,0.868464469909668,0.06801318377256393,0.4889535903930664,-0.07749410718679428,0.8661947846412659,0.15651065111160278,0.4681766927242279,0.082697793841362,0.8657227754592896,0.04288586974143982,0.9571341276168823,0.17176318168640137,0.22924315929412842,0.06730015575885773,0.913865864276886,0.16373679041862488,0.36539044976234436,0.09444783627986908,0.9235543608665466,0.0948956310749054,0.35933512449264526,0.09444783627986908,0.9235543608665466,0.0948956310749054,0.35933512449264526,0.08488419651985168,0.7442432641983032,0.03380415588617325,0.6616296768188477,0.06543087214231491,0.28944599628448486,-0.03753138706088066,0.9542176127433777,0.3746506869792938,0.26109516620635986,-0.1304563730955124,0.8800269365310669,0.3979755640029907,0.21694432199001312,-0.04447094723582268,0.8902655839920044,0.12666171789169312,-0.6710541248321533,-0.42345112562179565,0.5952582359313965,0.02481771446764469,-0.6744518876075745,-0.36667853593826294,0.640347957611084,0.02481771446764469,-0.6744518876075745,-0.36667853593826294,0.640347957611084,0.10372373461723328,-0.3871290683746338,-0.029820602387189865,0.9156873822212219,0.17102153599262238,-0.38828206062316895,-0.001209551701322198,0.9055312871932983,0.21833540499210358,-0.37084129452705383,-0.11625466495752335,0.8951488137245178,0.032293111085891724,-0.932421863079071,-0.19934792816638947,0.2996782064437866,-0.024239972233772278,-0.9290587902069092,-0.19352048635482788,0.3143438398838043,-0.024239972233772278,-0.9290587902069092,-0.19352048635482788,0.3143438398838043,0.08488419651985168,0.7442432641983032,0.03380415588617325,0.6616296768188477
0.6681463122367859,-0.1588092118501663,0.2527022302150726,0.08321601152420044,0.7410880923271179,0.03620288893580437,0.6652464866638184,-0.8080000042915343,-0.052702520042657894,-0.2011881619691849,1.579383611679077,-0.2869946002960205,-0.12883474826812746,-0.655479323863983,0.0839498415589332,0.3591358840465545,1.650468897819519,-0.2794905364513397,0.155071696639061,0.0,-1.1243871212005616,0.6329205274581907,0.20000000298023224,-2.200000047683716,0.24416755437850948,-2.4876709461212156,0.12861869335174553,-0.21874436736106856,-1.750402283668518,0.12629977166652684,0.0,0.2535721063613882,0.26277985572814927,-0.37332807779312,0.06461167931556679,-0.415225610882045,0.2809487640857692,1.6799990653991637,-0.23069251775741906,-0.34297583289444566,-2.7672820091247567,0.42995987832546306,-0.07822125367820279,1.935619926452633,-0.697945654392242,-0.40928128212690457,-1.5097273588180538,0.5081650555133825,0.25886213481426246,0.0,-0.9799768209457391,-1.6779426336288463,0.0,0.0,-0.22844408303499325,-1.4129704475402707,-0.8807527899742136,1.6092115640640268,-0.46409866809844946,0.36800536066293804,0.0,0.0,0.0,0.08321601152420044,0.7410880923271179,0.03620288893580437,0.6652464866638184,0.08321601152420044,0.7410880923271179,0.03620288893580437,0.6652464866638184,0.16564781963825226,0.4203619062900543,0.06936507672071457,0.889407217502594,0.14216288924217224,0.4183853566646576,0.08043134957551956,0.8934618830680847,0.0994173064827919,0.4305316209793091,-0.009697435423731804,0.8970310091972351,0.07679636776447296,0.9401330947875977,0.06385943293571472,0.3258436620235443,0.08515190333127975,0.8838737607002258,0.05220402032136917,0.45693662762641907,0.055554769933223724,0.878682553768158,0.10899053514003754,0.461466908454895,0.055554769933223724,0.878682553768158,0.10899053514003754,0.461466908454895,0.028272854164242744,0.5017305016517639,-0.04702115058898926,0.8632822036743164,0.06448940187692642,0.49929940700531006,-0.06800507754087448,0.8613458871841431,0.152604341506958,0.4797438979148865,0.08694172650575638,0.8596503138542175,0.03964392840862274,0.9570380449295044,0.17112165689468384,0.2307032346725464,0.06309343129396439,0.9155749678611755,0.16392295062541962,0.36176079511642456,0.09092122316360474,0.9255201816558838,0.09250955283641815,0.3557915985584259,0.09092122316360474,0.9255201816558838,0.09250955283641815,0.3557915985584259,0.08321601152420044,0.7410880923271179,0.03620288893580437,0.6652464866638184,0.06487735360860825,0.2759045362472534,-0.03590622544288635,0.9583206176757812,0.35986006259918213,0.25098562240600586,-0.12008321285247803,0.8905543088912964,0.3823166489601135,0.20829296112060547,-0.033007968217134476,0.8996435403823853,0.13021601736545563,-0.6842237114906311,-0.4048696756362915,0.5924206376075745,0.029496241360902786,-0.6884524822235107,-0.3504023253917694,0.6343353390693665,0.029496241360902786,-0.6884524822235107,-0.3504023253917694,0.6343353390693665,0.10501743853092194,-0.3956960439682007,-0.02747003734111786,0.9119438529014587,0.16342078149318695,-0.3966512382030487,-0.002019379986450076,0.9033035039901733,0.20557823777198792,-0.38263025879859924,-0.10155552625656128,0.8949962854385376,0.03365843743085861,-0.940608024597168,-0.18025511503219604,0.2857127785682678,-0.027446696534752846,-0.937248945236206,-0.17497028410434723,0.3003273606300354,-0.027446696534752846,-0.937248945236206,-0.17497028410434723,0.3003273606300354,0.08321601152420044,0.7410880923271179,0.03620288893580437,0.6652464866638184
0.6704257369041443,-0.15272096693515774,0.24938581585884093,0.08084970712661743,0.7381508350372314,0.03755008056759834,0.6687202453613281,-0.7800000071525571,-0.0565983682870865,-0.20479190945625306,1.506580543518066,-0.2813506960868835,-0.12728519737720487,-0.631139028072357,0.0689716488122939,0.34617604613304126,1.6075276374816891,-0.26769625544548026,0.1641784757375718,0.0,-1.1476840257644656,0.5940461397171017,0.20000000298023224,-2.200000047683716,0.2405610233545303,-2.456359815597534,0.10678074508905396,-0.18566473722457863,-1.7612221002578736,0.13130936026573184,0.0,0.14168213605880697,0.2832344651222232,-0.20897269248962339,-0.02626362517476155,-0.48520672321319563,0.23419962525367727,1.3199993371963512,-0.3074072718620283,-0.2818578600883469,-3.3203614711761524,0.36356052756309387,0.010293330252171565,1.3980187416076633,-0.7135330438613897,-0.5840377390384683,-1.8776412725448648,0.5751521348953249,0.37883734703064076,0.0,-1.0734736084938064,-1.8700660943984997,0.0,0.0,-0.23049409389495773,0.7551297485828521,-1.0369525313377388,1.6624117612838745,-0.5031394541263586,0.32430380582809337,0.0,0.0,0.0,0.08084970712661743,0.7381508350372314,0.03755008056759834,0.6687202453613281,0.08084970712661743,0.7381508350372314,0.03755008056759834,0.6687202453613281,0.16118545830249786,0.42918723821640015,0.0708097442984581,0.8858915567398071,0.13605590164661407,0.4270118772983551,0.08292906731367111,0.89009690284729,0.09169214963912964,0.4386804699897766,-0.008487091399729252,0.8939127922058105,0.07257398962974548,0.9314606189727783,0.056674763560295105,0.3519974946975708,0.07980773597955704,0.8729053735733032,0.045932043343782425,0.47912144660949707,0.049201011657714844,0.8682100772857666,0.10136936604976654,0.4832339882850647,0.049201011657714844,0.8682100772857666,0.10136936604976654,0.4832339882850647,0.028805136680603027,0.5077288150787354,-0.042265504598617554,0.8599975109100342,0.05845266580581665,0.5059566497802734,-0.05972405523061752,0.8585011959075928,0.14468678832054138,0.4882926940917969,0.08903780579566956,0.8559838533401489,0.036196932196617126,0.9551429748535156,0.1660669445991516,0.24251505732536316,0.05805812031030655,0.9142416715621948,0.15972228348255157,0.36780476570129395,0.0880637913942337,0.9242464303970337,0.08423276245594025,0.36182594299316406,0.0880637913942337,0.9242464303970337,0.08423276245594025,0.36182594299316406,0.08084970712661743,0.7381508350372314,0.03755008056759834,0.6687202453613281,0.06310449540615082,0.26036107540130615,-0.035050056874752045,0.9628090858459473,0.3420718312263489,0.2386375069618225,-0.10993282496929169,0.9021939039230347,0.3634505867958069,0.1977059245109558,-0.021637042984366417,0.9101362228393555,0.13233935832977295,-0.6994421482086182,-0.38354456424713135,0.5883541703224182,0.03157747536897659,-0.7043453454971313,-0.33096203207969666,0.627187967300415,0.03157747536897659,-0.7043453454971313,-0.33096203207969666,0.627187967300415,0.1060594841837883,-0.3854081928730011,-0.02383839525282383,0.9163207411766052,0.15474292635917664,-0.38615289330482483,-0.003082466311752796,0.9093575477600098,0.18999533355236053,-0.3753427267074585,-0.08799955248832703,0.9029262065887451,0.03325474634766579,-0.9428885579109192,-0.1593010127544403,0.29065191745758057,-0.030564960092306137,-0.9395673274993896,-0.15351098775863647,0.3044891655445099,-0.030564960092306137,-0.9395673274993896,-0.15351098775863647,0.3044891655445099,0.08084970712661743,0.7381508350372314,0.03755008056759834,0.6687202453613281
0.6720123887062073,-0.1461032778024672,0.24714820086956024,0.07813335955142975,0.7353132367134094,0.038371000438928604,0.6721140146255493,-0.7499999999999998,-0.05767884477972977,-0.20585389435291282,1.4257826805114735,-0.27774092555046076,-0.12405604124069207,-0.6113238334655758,0.05310904234647728,0.3316173553466794,1.5578508377075189,-0.2555379271507262,0.1751977950334549,0.0,-1.1732652187347434,0.5533304214477536,0.20000000298023224,-2.200000047683716,0.23820868134498585,-2.4047880172729483,0.0835691764950748,-0.15279586613178212,-1.7729882001876833,0.1344733387231827,0.0,0.07933258265256819,0.3308844268322007,-0.11188074201345385,-0.13783499598503196,-0.4571067392826115,0.21971929073334012,1.5000002384185762,-0.05402382090687492,-0.05309924110769953,-4.039893150329596,0.1804885119199758,0.16145779192447743,0.9907596707344076,-0.7931302785873429,-0.7279344797134426,-2.4838397502899183,0.6079163551330555,0.5509659647941556,0.0,-1.279059529304565,-2.035785913467404,0.0,0.0,-0.11761709302664057,2.578589677810684,-1.1605783700943044,1.6434434652328511,-0.5883049368858353,0.15819890797138178,0.0,0.0,0.0,0.07813335955142975,0.7353132367134094,0.038371000438928604,0.6721140146255493,0.07813335955142975,0.7353132367134094,0.038371000438928604,0.6721140146255493,0.15598547458648682,0.4390190541744232,0.07177679240703583,0.8819177150726318,0.13049013912677765,0.43676677346229553,0.08440624922513962,0.8860489726066589,0.08492380380630493,0.44786250591278076,-0.007077827118337154,0.8900320529937744,0.06887172162532806,0.9208984375,0.050187986344099045,0.38037341833114624,0.07515594363212585,0.8593798875808716,0.0401712991297245,0.5041865110397339,0.04375777021050453,0.8552370071411133,0.09336549788713455,0.5078756809234619,0.04375777021050453,0.8552370071411133,0.09336549788713455,0.5078756809234619,0.02839520573616028,0.5119515061378479,-0.03846622630953789,0.8576827049255371,0.0511578731238842,0.5107496976852417,-0.05204569175839424,0.8566264510154724,0.13475549221038818,0.4953012764453888,0.09005426615476608,0.8534681797027588,0.032636795192956924,0.9520646333694458,0.1587565690279007,0.25943008065223694,0.05259978398680687,0.9112471342086792,0.15330387651920319,0.3786289691925049,0.08552317321300507,0.9211651682853699,0.07299385219812393,0.3725753724575043,0.08552317321300507,0.9211651682853699,0.07299385219812393,0.3725753724575043,0.07813335955142975,0.7353132367134094,0.038371000438928604,0.6721140146255493,0.06071057915687561,0.2437705099582672,-0.034572046250104904,0.9673132300376892,0.32262274622917175,0.225056990981102,-0.09984305500984192,0.9139449596405029,0.3428087830543518,0.186057448387146,-0.01030490268021822,0.9207380414009094,0.13368186354637146,-0.7153384685516357,-0.3606662452220917,0.5833865404129028,0.032344259321689606,-0.720840573310852,-0.3097858428955078,0.6191731691360474,0.032344259321689606,-0.720840573310852,-0.3097858428955078,0.6191731691360474,0.10693664103746414,-0.3655523955821991,-0.0195577722042799,0.9244205951690674,0.14545859396457672,-0.3660503029823303,-0.004270689096301794,0.919146716594696,0.17289699614048004,-0.35830751061439514,-0.07496952265501022,0.9143860936164856,0.031954552978277206,-0.9418724179267883,-0.13736499845981598,0.3049362897872925,-0.03362620249390602,-0.9385861158370972,-0.13054464757442474,0.31762152910232544,-0.03362620249390602,-0.9385861158370972,-0.13054464757442474,0.31762152910232544,0.07813335955142975,0.7353132367134094,0.038371000438928604,0.6721140146255493
0.6717440247535705,-0.1346435755491257,0.24667777717113495,0.07134921848773956,0.7292964458465576,0.04141507297754288,0.6792060136795044,-0.728458571434021,-0.05096849650144578,-0.19873125255107882,1.3271423339843753,-0.2725802302360535,-0.11843055486679079,-0.5852153182029725,0.03270248547196393,0.3090202987194062,1.5037090539932252,-0.24667723178863527,0.17623396813869477,0.0,-1.3806887388229365,0.5213321685791016,0.20000000298023224,-2.200000047683716,0.22823714911937715,-2.3083669662475588,0.044711549580097286,-0.11415675878524789,-1.7895382165908813,0.1365761637687683,0.0,0.023682114481926086,0.4761448025703427,-0.058865007758140686,-0.21381480693817123,-0.7682753860950463,0.46542791128158517,1.2462429523468024,0.17970092222094486,0.19243954196572252,-4.575167369842529,0.22701626420021048,0.23334770798683152,1.1795592546463007,-0.9294487953186032,-0.9690854549407953,-2.617789268493652,0.5089873850345614,0.2514715790748603,0.0,-6.73432934284209,-1.7742618799209602,0.0,0.0,-0.3461927816271777,3.9240671157836884,-1.6299600839614858,1.816550517082214,-0.7318224310874936,0.12636431008577353,0.0,0.0,0.0,0.07134921848773956,0.7292964458465576,0.04141507297754288,0.6792060136795044,0.07134921848773956,0.7292964458465576,0.04141507297754288,0.6792060136795044,0.1481245756149292,0.4411603808403015,0.07671694457530975,0.8817886710166931,0.12560388445854187,0.4390646815299988,0.08792723715305328,0.8852766752243042,0.0814325213432312,0.44937196373939514,-0.0003288963343948126,0.8896255493164062,0.0644533783197403,0.9019447565078735,0.05012240260839462,0.42406266927719116,0.0706591010093689,0.8359651565551758,0.040889445692300797,0.5426763296127319,0.038489602506160736,0.8320682048797607,0.09033480286598206,0.5459127426147461,0.038489602506160736,0.8320682048797607,0.09033480286598206,0.5459127426147461,0.02535233646631241,0.5143980979919434,-0.030960921198129654,0.8566173315048218,0.039363935589790344,0.5137951374053955,-0.03935182839632034,0.8561054468154907,0.11792585998773575,0.5015144348144531,0.09288448840379715,0.8520265817642212,0.02252153307199478,0.9482083320617676,0.14862269163131714,0.279830664396286,0.04065866768360138,0.9065854549407959,0.14468130469322205,0.39435648918151855,0.07521127164363861,0.9157983064651489,0.06433968991041183,0.38925227522850037,0.07521127164363861,0.9157983064651489,0.06433968991041183,0.38925227522850037,0.07134921848773956,0.7292964458465576,0.04141507297754288,0.6792060136795044,0.052685026079416275,0.13344410061836243,-0.04038723558187485,0.9888304471969604,0.3055680990219116,0.11828210949897766,-0.07458242774009705,0.941846489906311,0.31535911560058594,0.08134030550718307,0.01771646738052368,0.9453140497207642,0.15195566415786743,-0.7863011360168457,-0.32517069578170776,0.502895712852478,0.04926320165395737,-0.7936615943908691,-0.2872292697429657,0.5340168476104736,0.04926320165395737,-0.7936615943908691,-0.2872292697429657,0.5340168476104736,0.10828258097171783,-0.3288620114326477,-0.009358610026538372,0.9381029605865479,0.12905189394950867,-0.3290974497795105,-0.0015234588645398617,0.9354346990585327,0.14804743230342865,-0.32433611154556274,-0.05505727231502533,0.9326612949371338,0.03207877650856972,-0.9361763596534729,-0.10468767583370209,0.33404380083084106,-0.034714773297309875,-0.9331923723220825,-0.0957937091588974,0.3446308970451355,-0.034714773297309875,-0.9331923723220825,-0.0957937091588974,0.3446308970451355,0.07134921848773956,0.7292964458465576,0.04141507297754288,0.6792060136795044
0.6711748003959656,-0.12297924607992175,0.24618073403835297,0.05963660776615143,0.7214327454566956,0.030916383489966393,0.6892188191413879,-0.6796284437179567,-0.045365964621305474,-0.1883370637893677,1.2205434560775759,-0.2638769924640656,-0.11525953114032746,-0.5626120448112488,0.012097346782684372,0.2847574412822724,1.4427831888198854,-0.23628517985343936,0.18072616457939145,0.0,-1.4772618770599368,0.5,0.20000000298023224,-2.200000047683716,0.21448004841804508,-2.1920778989791874,-0.012246483936905656,-0.07246425300836573,-1.8221312522888182,0.13295322060585024,0.0,-0.022444008104503095,0.5791238784790038,-0.024319766089320176,-1.0629093766212412,-1.1371076345443716,0.27292867898941275,1.8957323551177925,0.3022829145193102,0.4542784690856927,-5.170772838592527,0.36431102752685474,0.20764043927192738,1.2002683997154242,-1.0262852668762206,-1.1798267841339107,-2.9106113910675036,0.4889754295349118,0.15548934563994338,0.0,-7.045664596557639,-1.2799300193786642,0.0,0.0,-0.6121436357498161,5.417092609405514,-2.4858933687210047,2.0235571861267085,-1.3087912917137114,-0.06663178354501612,0.0,0.0,0.0,0.05963660776615143,0.7214327454566956,0.030916383489966393,0.6892188191413879,0.05963660776615143,0.7214327454566956,0.030916383489966393,0.6892188191413879,0.1290944367647171,0.4531443119049072,0.06857691705226898,0.8793702721595764,0.10910773277282715,0.4514407217502594,0.07881235331296921,0.8820914030075073,0.06627047061920166,0.459770143032074,-0.004524928517639637,0.885550320148468,0.05568668991327286,0.8843028545379639,0.034734759479761124,0.46227824687957764,0.05991819128394127,0.8157998323440552,0.02702444978058338,0.5745869874954224,0.026716485619544983,0.8128994703292847,0.07396379113197327,0.5770702958106995,0.026716485619544983,0.8128994703292847,0.07396379113197327,0.5770702958106995,0.013836663216352463,0.5125473141670227,-0.035898834466934204,0.8577965497970581,0.01900157891213894,0.5124808549880981,-0.039051372557878494,0.8575998544692993,0.09157915413379669,0.5044851899147034,0.08300169557332993,0.8545283675193787,0.013014417141675949,0.9431250095367432,0.12300979346036911,0.30856817960739136,0.02758539468050003,0.9001904726028442,0.12056031823158264,0.417566180229187,0.06525880843400955,0.9073536992073059,0.03887856379151344,0.41344761848449707,0.06525880843400955,0.9073536992073059,0.03887856379151344,0.41344761848449707,0.05963660776615143,0.7214327454566956,0.030916383489966393,0.6892188191413879,0.0347304567694664,0.07288994640111923,-0.04743814840912819,0.9956055283546448,0.2799675464630127,0.05888758599758148,-0.06399667263031006,0.9560620784759521,0.28403493762016296,0.02470412850379944,0.02982623316347599,0.958031415939331,0.15165719389915466,-0.8250851035118103,-0.29266592860221863,0.45889127254486084,0.052180659025907516,-0.8324203491210938,-0.26321941614151,0.484839528799057,0.052180659025907516,-0.8324203491210938,-0.26321941614151,0.484839528799057,0.09492194652557373,-0.2853020131587982,-0.001834159018471837,0.9537238478660583,0.08874828368425369,-0.28558817505836487,-0.002401634119451046,0.9542312622070312,0.09960737079381943,-0.28344014286994934,-0.0369410514831543,0.953087329864502,0.017056025564670563,-0.9302335977554321,-0.05381745100021362,0.3625991940498352,-0.048150427639484406,-0.9269235730171204,-0.04348563775420189,0.36959904432296753,-0.048150427639484406,-0.9269235730171204,-0.04348563775420189,0.36959904432296753,0.05963660776615143,0.7214327454566956,0.030916383489966393,0.6892188191413879
0.6700038552284241,-0.1109056621789932,0.2456304520368576,0.03800136595964432,0.7089635729789734,-0.006692149676382542,0.7041888236999512,-0.576220917701721,-0.04197906553745269,-0.1713997811079025,1.0980275154113768,-0.24808866977691646,-0.11699743270874023,-0.5470192551612854,-0.008904955536127138,0.257162982225418,1.3682891607284544,-0.22283041477203366,0.19213040769100193,0.0,-1.3521342515945431,0.5,0.20000000298023224,-2.200000047683716,0.19315181076526639,-2.036052799224853,-0.10540532507002376,-0.024664950370788474,-1.886810326576233,0.11787874102592465,0.0,-0.04952144231647259,0.5975403547286988,-0.02671551518142224,-3.458233463764196,-1.6212671756744395,-0.7959862589836144,4.351715135574347,0.20257943868637063,0.7487176954746253,-5.887040805816652,0.6831398129463203,-0.013261198997498058,0.8847966670989983,-1.044157648086548,-1.3297488212585453,-3.521178722381593,0.6267975032329562,0.4665314279496677,0.0,2.930868911743186,-0.3199825048446634,0.0,0.0,-0.9528447985649117,7.205214214324955,-4.114929795265201,2.298363089561463,-2.7526628851890598,-0.5819508686661732,0.0,0.0,0.0,0.03800136595964432,0.7089635729789734,-0.006692149676382542,0.7041888236999512,0.03800136595964432,0.7089635729789734,-0.006692149676382542,0.7041888236999512,0.08743354678153992,0.4836719334125519,0.03412805497646332,0.870202362537384,0.06914135813713074,0.48281723260879517,0.04424776881933212,0.8718652129173279,0.027656320482492447,0.4870319366455078,-0.03058975748717785,0.8724101781845093,0.03835462033748627,0.8707541823387146,-0.011160909198224545,0.4900935888290405,0.03682606294751167,0.8034226298332214,-0.015901274979114532,0.5940566062927246,0.00202437536790967,0.8029885292053223,0.03109399601817131,0.5951794981956482,0.00202437536790967,0.8029885292053223,0.03109399601817131,0.5951794981956482,-0.014630720019340515,0.5015383362770081,-0.06567486375570297,0.8625149726867676,-0.01849181205034256,0.5019856691360474,-0.06349541991949081,0.8623438477516174,0.046078525483608246,0.5000985860824585,0.0475725494325161,0.8634321689605713,0.004708588123321533,0.9332168102264404,0.06620153784751892,0.35313093662261963,0.012204073369503021,0.8881760835647583,0.06521226465702057,0.4546886086463928,0.055863089859485626,0.8902921080589294,-0.020234715193510056,0.45149731636047363,0.055863089859485626,0.8902921080589294,-0.020234715193510056,0.45149731636047363,0.03800136595964432,0.7089635729789734,-0.006692149676382542,0.7041888236999512,-0.002001197077333927,0.11479879170656204,-0.05769771710038185,0.9917097687721252,0.24341392517089844,0.0969553291797638,-0.08430570363998413,0.9613749384880066,0.25132954120635986,0.0661904513835907,0.010377194732427597,0.9655798673629761,0.11718297004699707,-0.8147643804550171,-0.2727200388908386,0.49804702401161194,0.02807685360312462,-0.8192480802536011,-0.24235005676746368,0.5189518332481384,0.02807685360312462,-0.8192480802536011,-0.24235005676746368,0.5189518332481384,0.052131764590740204,-0.22791752219200134,0.0003171522985212505,0.9722837805747986,0.0005339197814464569,-0.22792252898216248,-0.010504023171961308,0.9736225008964539,0.003941584378480911,-0.2277318835258484,-0.022365890443325043,0.9734590649604797,-0.02820516750216484,-0.9203870892524719,0.03332637622952461,0.3885633945465088,-0.08603305369615555,-0.916073203086853,0.043763402849435806,0.3892211318016052,-0.08603305369615555,-0.916073203086853,0.043763402849435806,0.3892211318016052,0.03800136595964432,0.7089635729789734,-0.006692149676382542,0.7041888236999512
0.6746103167533875,-0.10753209739923478,0.23996171057224272,0.03686470910906792,0.7030905485153198,-0.026934970170259476,0.7096332311630249,-0.4988619565963744,-0.03634129017591475,-0.14977324604988093,0.9777370452880857,-0.22644859552383417,-0.11544893383979797,-0.5223560690879822,-0.039658075571060256,0.23204448223114008,1.2920359849929808,-0.21020486950874326,0.1999827802181244,0.0,-1.292140531539917,0.5,0.20000000298023224,-2.200000047683716,0.16286739110946646,-1.8810887575149533,-0.23216391801834138,-0.00720576867461204,-1.985748100280762,0.0972795724868774,0.0,0.1147749342024332,0.34267861843109043,-0.18106787018477968,-2.6234775543212834,-1.1542948484420754,-1.2783721208572392,4.388918972015379,0.23687123358249687,0.9875416517257696,-6.059032726287842,0.964968633651734,0.011696936190128654,1.0517512917518625,-1.3426395893096934,-1.3054440975189205,-3.777475595474243,0.6478615999221801,0.46365600824356046,0.0,4.302363967895501,0.0,0.0,0.0,-1.3350972890853892,7.769423007965088,-5.665934181213382,1.4797614097595184,-4.261714363098148,-0.9194645762443547,0.0,0.0,0.0,0.03686470910906792,0.7030905485153198,-0.026934970170259476,0.7096332311630249,0.03686470910906792,0.7030905485153198,-0.026934970170259476,0.7096332311630249,0.07451017200946808,0.5098103880882263,0.010563957504928112,0.8569889068603516,0.058895595371723175,0.5095082521438599,0.01977020874619484,0.8582201600074768,0.020807698369026184,0.5124003887176514,-0.044617243111133575,0.8573344945907593,0.039161600172519684,0.8550138473510742,-0.03005046211183071,0.516250729560852,0.03555938974022865,0.7912099361419678,-0.03419826924800873,0.609551191329956,0.00034911814145743847,0.7918670177459717,0.011517482809722424,0.6105848550796509,0.00034911814145743847,0.7918670177459717,0.011517482809722424,0.6105848550796509,-0.017969340085983276,0.5046820640563965,-0.08258318901062012,0.8591585159301758,-0.03491505980491638,0.5062684416770935,-0.07242288440465927,0.8586199283599854,0.023827023804187775,0.506887674331665,0.02751823514699936,0.8612432479858398,0.0020421429071575403,0.923216700553894,0.0363323912024498,0.3825531005859375,0.005907868966460228,0.8779900074005127,0.03590809181332588,0.47729384899139404,0.05355803668498993,0.8771810531616211,-0.05189836770296097,0.4743328094482422,0.05355803668498993,0.8771810531616211,-0.05189836770296097,0.4743328094482422,0.03686470910906792,0.7030905485153198,-0.026934970170259476,0.7096332311630249,-0.013194805011153221,0.13637568056583405,-0.07047823071479797,0.9880588054656982,0.23166507482528687,0.11469951272010803,-0.10202713310718536,0.9606070518493652,0.24129627645015717,0.08502139896154404,-0.0072585418820381165,0.9666928052902222,0.09588922560214996,-0.8077313899993896,-0.2718120813369751,0.5142894983291626,0.02112649753689766,-0.8105696439743042,-0.2447875738143921,0.5316102504730225,0.02112649753689766,-0.8105696439743042,-0.2447875738143921,0.5316102504730225,0.03640728443861008,-0.15968741476535797,-0.009798314422369003,0.9864474534988403,-0.07863295078277588,-0.15718328952789307,-0.02463221177458763,0.9841257929801941,-0.07801361382007599,-0.15763121843338013,-0.02815314754843712,0.9840090274810791,-0.07425052672624588,-0.904395580291748,0.10300172865390778,0.4073649048805237,-0.1216321662068367,-0.8995036482810974,0.11236027628183365,0.40431925654411316,-0.1216321662068367,-0.8995036482810974,0.11236027628183365,0.40431925654411316,0.03686470910906792,0.7030905485153198,-0.026934970170259476,0.7096332311630249
0.6821054816246033,-0.10850854218006134,0.23173373937606812,0.046002600342035294,0.7009217739105225,-0.03848843649029732,0.710711658000946,-0.43452727794647217,-0.02957807667553425,-0.12580208480358124,0.8585593104362488,-0.20188264548778534,-0.11225723475217819,-0.49315768480300903,-0.07528660446405411,0.20816396176815033,1.2149032354354858,-0.1979939341545105,0.20605921745300293,0.0,-1.2647137641906738,0.5,0.20000000298023224,-2.200000047683716,0.12810488045215607,-1.7266552448272705,-0.37572237849235535,-0.004916648846119642,-2.1018152236938477,0.07391805946826935,0.0,0.3747582174837589,-0.048822224140167236,-0.41139852814376354,-0.17368173599243164,-0.21175658702850342,-1.4674935340881348,3.216733694076538,0.3381606638431549,1.19855797290802,-5.958886623382568,1.228297472000122,0.15958494693040848,1.4599190950393677,-1.7814263105392456,-1.194025993347168,-3.8566372394561768,0.6105467081069946,0.3038218319416046,0.0,1.3713383674621582,0.0,0.0,0.0,-1.7381254434585571,7.721675395965576,-7.17792272567749,0.1144559383392334,-5.803355693817139,-1.1680755615234375,0.0,0.0,0.0,0.046002600342035294,0.7009217739105225,-0.03848843649029732,0.710711658000946,0.046002600342035294,0.7009217739105225,-0.03848843649029732,0.710711658000946,0.07601216435432434,0.5338975191116333,-0.007510938681662083,0.8420920968055725,0.06355056911706924,0.5339502096176147,0.0003854262758977711,0.8431241512298584,0.029861006885766983,0.5368890762329102,-0.0526137575507164,0.8414809703826904,0.04905027896165848,0.8384126424789429,-0.03541126474738121,0.5416681170463562,0.04523220658302307,0.7795610427856445,-0.040173809975385666,0.623397707939148,0.010188891552388668,0.7805870771408081,0.003622167743742466,0.6249535083770752,0.010188891552388668,0.7805870771408081,0.003622167743742466,0.6249535083770752,-0.008743679150938988,0.5150623321533203,-0.09306921809911728,0.85204017162323,-0.040803514420986176,0.5182000994682312,-0.07361921668052673,0.8511074781417847,0.013255261816084385,0.519635021686554,0.015204282477498055,0.8541502356529236,0.0022057124879211187,0.9142041802406311,0.020050112158060074,0.40475159883499146,0.004176572896540165,0.8697242736816406,0.019733941182494164,0.4931255280971527,0.05487111583352089,0.867141842842102,-0.0698196142911911,0.4900810122489929,0.05487111583352089,0.867141842842102,-0.0698196142911911,0.4900810122489929,0.046002600342035294,0.7009217739105225,-0.03848843649029732,0.710711658000946,-0.011609065346419811,0.1478610336780548,-0.08455842733383179,0.9853183031082153,0.23252348601818085,0.12234430015087128,-0.11851111799478531,0.9575592875480652,0.2428087443113327,0.09256158769130707,-0.023969225585460663,0.9653505682945251,0.0812932699918747,-0.8029921054840088,-0.2806438207626343,0.51945561170578,0.022774750366806984,-0.804617702960968,-0.259022057056427,0.5338345170021057,0.022774750366806984,-0.804617702960968,-0.259022057056427,0.5338345170021057,0.03415289148688316,-0.08573950827121735,-0.025991229340434074,0.9953927993774414,-0.1523457020521164,-0.07937692850828171,-0.04154649004340172,0.9842581152915955,-0.15215690433979034,-0.07990238815546036,-0.043937698006629944,0.984140932559967,-0.12032712996006012,-0.883720874786377,0.1634053736925125,0.42173147201538086,-0.15579363703727722,-0.879115879535675,0.17119371891021729,0.41662490367889404,-0.15579363703727722,-0.879115879535675,0.17119371891021729,0.41662490367889404,0.046002600342035294,0.7009217739105225,-0.03848843649029732,0.710711658000946
0.6891039729118348,-0.10647006779909134,0.21945017874240869,0.05088312178850174,0.7002017498016357,-0.04455290362238884,0.710734486579895,-0.40478222370147693,-0.03530006557703021,-0.10639956146478644,0.7449931859970088,-0.16785498857498155,-0.11250098943710327,-0.4528731942176817,-0.10738767087459579,0.18301461338996877,1.1328202009201047,-0.18899707198143,0.20895113050937653,0.0,-1.1515834093093866,0.5,0.22630982697010052,-2.1968799591064454,0.06014136970043152,-1.600771522521972,-0.5314482688903815,-0.07256712792441279,-2.1576060295104984,0.05592641159892074,0.0,0.3598580062389373,0.04162533059716264,-0.5330662131309515,-0.11812315881252264,-0.11089592576026872,-1.0527937650680523,2.1790450334548903,-0.03639537692070177,1.0614988446235651,-5.790538311004638,1.5121486425399793,0.05652133524417831,1.792502355575563,-1.6756024360656734,-1.2320908308029177,-4.005145931243897,0.5141245305538173,0.2082861155271526,0.0,3.942445731163036,0.0,0.7892946481704748,0.09360264837741894,-2.7341554641723675,6.865181541442867,-7.542945480346681,-1.983731845021257,-3.9950663089752116,-1.0069796204566948,0.0,0.0,0.0,0.05088312178850174,0.7002017498016357,-0.04455290362238884,0.710734486579895,0.05088312178850174,0.7002017498016357,-0.04455290362238884,0.710734486579895,0.07769079506397247,0.5452730655670166,-0.016513003036379814,0.8344871401786804,0.0629645362496376,0.5454894304275513,-0.006864879745990038,0.8357210755348206,0.033941663801670074,0.5480483174324036,-0.05134285241365433,0.834179162979126,0.05037601292133331,0.8140521049499512,-0.035576462745666504,0.5775081515312195,0.04719614237546921,0.7627761363983154,-0.03964029997587204,0.6437186598777771,0.010929454118013382,0.7637983560562134,0.0033049278426915407,0.6453540921211243,0.010929454118013382,0.7637983560562134,0.0033049278426915407,0.6453540921211243,-0.0006747047882527113,0.5311321020126343,-0.09570398926734924,0.8418663740158081,-0.045746058225631714,0.5354840159416199,-0.06688417494297028,0.8406489491462708,0.0032302613835781813,0.5373821258544922,0.01030745729804039,0.8432698249816895,-0.003065018216148019,0.9059611558914185,0.010582943446934223,0.4232174754142761,-0.00202590087428689,0.861985445022583,0.01080579124391079,0.5068137049674988,0.05085242539644241,0.8584083318710327,-0.07913772761821747,0.5042683482170105,0.05085242539644241,0.8584083318710327,-0.07913772761821747,0.5042683482170105,0.05088312178850174,0.7002017498016357,-0.04455290362238884,0.710734486579895,-0.005181211046874523,0.20278166234493256,-0.08929009735584259,0.9751307964324951,0.23623108863830566,0.17438694834709167,-0.13668325543403625,0.946098268032074,0.25376707315444946,0.1398286521434784,-0.030953288078308105,0.9566044807434082,0.07782848179340363,-0.7722794413566589,-0.29279059171676636,0.5583912134170532,0.05050741136074066,-0.77329421043396,-0.28239724040031433,0.5654352307319641,0.05050741136074066,-0.77329421043396,-0.28239724040031433,0.5654352307319641,0.03540289029479027,-0.023698102682828903,-0.03548682853579521,0.9984616041183472,-0.2281503826379776,-0.013894844800233841,-0.037216391414403915,0.9728151559829712,-0.22888299822807312,-0.02606283500790596,-0.07140682637691498,0.9704815149307251,-0.17350360751152039,-0.8529952764511108,0.22214780747890472,0.43925613164901733,-0.19978941977024078,-0.8484090566635132,0.22841379046440125,0.4337202310562134,-0.19978941977024078,-0.8484090566635132,0.22841379046440125,0.4337202310562134,0.05088312178850174,0.7002017498016357,-0.04455290362238884,0.710734486579895
0.6951426267623901,-0.10540488660335541,0.20748102068901053,0.054084137082099915,0.6996068954467773,-0.04894796013832092,0.7107947468757629,-0.37082893252372706,-0.037906926125287975,-0.08989221602678289,0.6467800378799432,-0.1370502233505247,-0.1133794352412224,-0.41250711679458585,-0.13059199452400214,0.15713330805301642,1.0523530006408686,-0.17997483611106865,0.20859930813312524,0.0,-1.0762441158294678,0.5,0.24402130246162415,-2.1947999000549316,0.003611054271459281,-1.5069413423538205,-0.6514703869819646,-0.12596381902694725,-2.1947999000549316,0.044743146747350714,0.0,0.32112941443920057,0.07272491902112882,-0.6047459244728086,-0.08237433731555942,-0.04041846171021453,-0.6340941190719567,1.6134996891021762,-0.1926455855369543,0.8832707643508888,-5.217716789245594,1.6046960115432714,-0.031228465400636705,2.016672134399414,-1.338150930404656,-1.2794260978698737,-4.055676651000975,0.45060428977012634,0.047283580899236,0.0,4.522785758972137,0.0,1.0575406551361015,0.12480353116989053,-3.055179715156546,5.332579421997044,-6.715180873870821,-2.9549102306365853,-2.2316320419311375,-0.6953308463096564,0.0,0.0,0.0,0.054084137082099915,0.6996068954467773,-0.04894796013832092,0.7107947468757629,0.054084137082099915,0.6996068954467773,-0.04894796013832092,0.7107947468757629,0.07783187180757523,0.558462381362915,-0.023828402161598206,0.8255265951156616,0.06216297298669815,0.558810830116272,-0.013253659941256046,0.8268558979034424,0.03703204542398453,0.5610363483428955,-0.050419196486473083,0.8254238963127136,0.051127515733242035,0.7942602038383484,-0.0360412523150444,0.6043490171432495,0.04854243993759155,0.751015305519104,-0.03945629671216011,0.6573149561882019,0.011220983229577541,0.7520444989204407,0.0031587532721459866,0.6590093374252319,0.011220983229577541,0.7520444989204407,0.0031587532721459866,0.6590093374252319,0.006180815398693085,0.5470374226570129,-0.0962868481874466,0.8315290808677673,-0.048077382147312164,0.552148699760437,-0.060368914157152176,0.830166220664978,-0.004687096923589706,0.55422043800354,0.005036946386098862,0.8323416113853455,-0.006701660342514515,0.8972797393798828,0.0020063307601958513,0.44140681624412537,-0.006480406504124403,0.8539819121360779,0.002598499646410346,0.5202558636665344,0.047698523849248886,0.8496136665344238,-0.08633687347173691,0.5180996656417847,0.047698523849248886,0.8496136665344238,-0.08633687347173691,0.5180996656417847,0.054084137082099915,0.6996068954467773,-0.04894796013832092,0.7107947468757629,-0.0011116048553958535,0.23889315128326416,-0.09256965667009354,0.9666230082511902,0.23806928098201752,0.20856443047523499,-0.1487949788570404,0.9368479251861572,0.2604959011077881,0.17093531787395477,-0.03571154549717903,0.9495513439178467,0.07518480718135834,-0.7508740425109863,-0.30033260583877563,0.5833828449249268,0.073606476187706,-0.7509547472000122,-0.2995994985103607,0.5838571190834045,0.073606476187706,-0.7509547472000122,-0.2995994985103607,0.5838571190834045,0.03608115762472153,0.022564897313714027,-0.04209846630692482,0.9982066750526428,-0.28524497151374817,0.034809958189725876,-0.03251230716705322,0.9572703242301941,-0.28705164790153503,0.012907901778817177,-0.09139992296695709,0.953457236289978,-0.21364811062812805,-0.8247747421264648,0.2666228711605072,0.45056986808776855,-0.23410874605178833,-0.8205698728561401,0.27212753891944885,0.4447522461414337,-0.23410874605178833,-0.8205698728561401,0.27212753891944885,0.4447522461414337,0.054084137082099915,0.6996068954467773,-0.04894796013832092,0.7107947468757629
0.6992616057395935,-0.10628629177808763,0.1961406677961348,0.05393122136592865,0.699333131313324,-0.05000863969326019,0.7110018730163574,-0.32845916748046816,-0.03428352996706958,-0.07917522639036165,0.5792728424072257,-0.11269124150276152,-0.11552726328372959,-0.3719778656959528,-0.13600283265113838,0.12978808879852258,0.9751174688339224,-0.1709018528461455,0.20176001489162437,0.0,-1.0764869451522827,0.5,0.24453608095645904,-2.1947999000549316,-0.030052881687880013,-1.4772182464599606,-0.7000849604606635,-0.15085294395685228,-2.1947999000549316,0.04717664793133739,0.0,0.23474405407905463,-0.014871458709241142,-0.5764496922492978,-0.0862453550100327,-0.0307074926793574,-0.20739471912383467,1.9922409772872975,0.08771595954895395,0.6227047801017727,-3.835948848724347,1.3146357774734458,-0.08835066165775136,2.024014949798584,-0.5374441623687638,-1.3453022241592416,-3.9102514266967754,0.45288792252540594,-0.24465259015560537,0.0,1.121590518951371,0.0,0.2836893796920674,0.031200882792471588,-2.026192426681505,2.4477607727050397,-3.501841545104938,-1.6720695972442456,-0.5579080104827656,-0.08257640600203653,0.0,0.0,0.0,0.05393122136592865,0.699333131313324,-0.05000863969326019,0.7110018730163574,0.05393122136592865,0.699333131313324,-0.05000863969326019,0.7110018730163574,0.07491013407707214,0.5753589272499084,-0.02777019701898098,0.8139898180961609,0.06093722581863403,0.575747549533844,-0.017917562276124954,0.8151566386222839,0.038142528384923935,0.577704906463623,-0.05019296333193779,0.8138076066970825,0.050881773233413696,0.7860693335533142,-0.03721227869391441,0.6149158477783203,0.04870809614658356,0.7501921653747559,-0.0400175005197525,0.6582081317901611,0.010627071373164654,0.7512513399124146,0.0033585960045456886,0.659922182559967,0.010627071373164654,0.7512513399124146,0.0033585960045456886,0.659922182559967,0.010606440715491772,0.5628546476364136,-0.0928102433681488,0.8212602138519287,-0.0452098548412323,0.5678544640541077,-0.054331645369529724,0.8200886249542236,-0.0083836754783988,0.5695918798446655,-0.0009718254441395402,0.8218843936920166,-0.0070702796801924706,0.888250470161438,-0.0047791083343327045,0.45927998423576355,-0.0074385120533406734,0.8458114266395569,-0.004160094540566206,0.5334137678146362,0.04629848152399063,0.8410944938659668,-0.08933250606060028,0.5314472913742065,0.04629848152399063,0.8410944938659668,-0.08933250606060028,0.5314472913742065,0.05393122136592865,0.699333131313324,-0.05000863969326019,0.7110018730163574,-0.0017897856887429953,0.23843002319335938,-0.09341603517532349,0.966654896736145,0.23742008209228516,0.20790629088878632,-0.14950047433376312,0.9370466470718384,0.25980934500694275,0.17027732729911804,-0.036142896860837936,0.9498412013053894,0.07452472299337387,-0.7514689564704895,-0.29993724822998047,0.5829048752784729,0.08768542110919952,-0.7507190704345703,-0.3059402108192444,0.5789064168930054,0.08768542110919952,-0.7507190704345703,-0.3059402108192444,0.5789064168930054,0.03584311157464981,0.037065960466861725,-0.04316294565796852,0.9977365732192993,-0.3084886074066162,0.049579087644815445,-0.027682948857545853,0.949531614780426,-0.311527281999588,0.021613292396068573,-0.09750133752822876,0.9449746012687683,-0.22971946001052856,-0.8118884563446045,0.2851290702819824,0.45471686124801636,-0.25103703141212463,-0.8071647882461548,0.2910609543323517,0.4480500817298889,-0.25103703141212463,-0.8071647882461548,0.2910609543323517,0.4480500817298889,0.05393122136592865,0.699333131313324,-0.05000863969326019,0.7110018730163574
0.7023072481155396,-0.10725661516189576,0.18478854298591604,0.05217945575714111,0.699304461479187,-0.04903344810009003,0.7112287282943726,-0.305783849954605,-0.02921973019838328,-0.07553675919771194,0.5174088001251216,-0.08939168751239757,-0.11888529509305958,-0.33113579750061,-0.1342156827449798,0.104687178134918,0.9013608694076531,-0.1630194962024688,0.19102626144886006,0.0,-1.0597882747650145,0.5400000095367437,0.23310946822166428,-2.1947999000549316,-0.05534019097685833,-1.4499969244003295,-0.7418525576591495,-0.16541398167610177,-2.1947999000549316,0.04811468049883843,0.0,0.17374884188175158,-0.04673780128359798,-0.5673707842826843,-0.06965806782245612,-0.019583830237388508,0.08962889164686408,1.5276546955108565,0.22438190281391202,0.32349379062652306,-3.206064987182615,1.1861662149429317,-0.14369750469923068,2.0358469963073733,-0.05460226535796833,-1.2999316692352285,-3.757408428192137,0.41793033480644176,-0.45879842638969576,0.0,0.49610347840935676,1.2000001907348792,-0.3325027782470035,0.0,-1.431897902488705,1.4111014604568473,-2.2253191947936983,-0.9346135854721028,0.0,0.07681099623441637,0.0,0.0,0.0,0.05217945575714111,0.699304461479187,-0.04903344810009003,0.7112287282943726,0.05217945575714111,0.699304461479187,-0.04903344810009003,0.7112287282943726,0.07191240787506104,0.5844612121582031,-0.02811208739876747,0.8077397346496582,0.060096971690654755,0.584808886051178,-0.019580502063035965,0.8087049126625061,0.03797224909067154,0.5866610407829285,-0.05010287091135979,0.8073887825012207,0.04951651394367218,0.7736918330192566,-0.03870091587305069,0.6304374933242798,0.04774129390716553,0.7447503805160522,-0.04088269919157028,0.6643766760826111,0.008176482282578945,0.7458660006523132,0.0034231743775308132,0.6660370826721191,0.008176482282578945,0.7458660006523132,0.0034231743775308132,0.6660370826721191,0.013798628933727741,0.5787525177001953,-0.08703604340553284,0.8107280731201172,-0.040616463869810104,0.5832972526550293,-0.04805783927440643,0.8098179697990417,-0.010161962360143661,0.5846334099769592,-0.005536490585654974,0.8112150430679321,-0.0068244365975260735,0.8796056509017944,-0.00942778866738081,0.4755614697933197,-0.007560286670923233,0.8379651308059692,-0.00883981492370367,0.5455996990203857,0.04445715993642807,0.8333032131195068,-0.08874709159135818,0.5438320636749268,0.04445715993642807,0.8333032131195068,-0.08874709159135818,0.5438320636749268,0.05217945575714111,0.699304461479187,-0.04903344810009003,0.7112287282943726,-0.0019301241263747215,0.24628573656082153,-0.09121280908584595,0.9648936986923218,0.2554442286491394,0.21303272247314453,-0.15384580194950104,0.9304282665252686,0.2772941589355469,0.17530745267868042,-0.04661622643470764,0.9435052871704102,0.07292735576629639,-0.7425450086593628,-0.31987693905830383,0.5839413404464722,0.09686791896820068,-0.741310715675354,-0.3310147821903229,0.5757641792297363,0.09686791896820068,-0.741310715675354,-0.3310147821903229,0.5757641792297363,0.03569529205560684,0.05054850876331329,-0.04162576422095299,0.997215211391449,-0.3281978666782379,0.06210567057132721,-0.020331114530563354,0.9423459768295288,-0.33231955766677856,0.029886703938245773,-0.09622925519943237,0.9377688765525818,-0.23758910596370697,-0.8005569577217102,0.3037954568862915,0.45865917205810547,-0.25911232829093933,-0.7956418395042419,0.3099718689918518,0.45136719942092896,-0.25911232829093933,-0.7956418395042419,0.3099718689918518,0.45136719942092896,0.05217945575714111,0.699304461479187,-0.04903344810009003,0.7112287282943726
0.7048162221908569,-0.10827139765024185,0.17343053221702576,0.049627818167209625,0.699392557144165,-0.04703989997506142,0.7114593386650085,-0.29295575618743896,-0.02343572862446308,-0.07543755322694778,0.458366334438324,-0.06662184745073318,-0.12284842878580093,-0.29013732075691223,-0.12882953882217407,0.08070842176675797,0.8293437361717224,-0.15573245286941528,0.17834527790546417,0.0,-1.034618854522705,0.6000000238418579,0.21571215987205505,-2.1947999000549316,-0.07643918693065643,-1.4240264892578125,-0.7801966667175293,-0.1748109757900238,-2.1947999000549316,0.048304978758096695,0.0,0.12544870376586914,-0.050739120692014694,-0.567900538444519,-0.042841628193855286,-0.007753821089863777,0.3218146190047264,0.6414046287536621,0.2892000675201416,0.004960298538208008,-2.9521231651306152,1.1384919881820679,-0.1981566697359085,2.0499236583709717,0.2693071961402893,-1.1989377737045288,-3.6008565425872803,0.36435213685035706,-0.634049117565155,0.0,1.2584708938375115,3.000000476837158,-0.8698653299361467,0.0,-1.0549497604370117,1.298521637916565,-1.9172053337097168,-0.46984970569610596,0.0,0.009514912962913513,0.0,0.0,0.0,0.049627818167209625,0.699392557144165,-0.04703989997506142,0.7114593386650085,0.049627818167209625,0.699392557144165,-0.04703989997506142,0.7114593386650085,0.06888475269079208,0.5897257328033447,-0.026656795293092728,0.8042188286781311,0.059456512331962585,0.5899975895881653,-0.01974479667842388,0.8049707412719727,0.03716551139950752,0.5918200612068176,-0.050086066126823425,0.8036536574363708,0.04757237806916237,0.7589210271835327,-0.040333088487386703,0.6481890082359314,0.04620270058512688,0.7369122505187988,-0.041895102709531784,0.6731051206588745,0.0047966111451387405,0.7380942702293396,0.0034197045024484396,0.6746718883514404,0.0047966111451387405,0.7380942702293396,0.0034197045024484396,0.6746718883514404,0.01637038215994835,0.594558596611023,-0.08009477704763412,0.7998855710029602,-0.03515239059925079,0.5984812378883362,-0.04165679216384888,0.7992804050445557,-0.01097908616065979,0.599412202835083,-0.00937730073928833,0.8003103137016296,-0.00627057533711195,0.871047854423523,-0.013005920685827732,0.4909859001636505,-0.007263273932039738,0.8302159309387207,-0.012478739954531193,0.5572548508644104,0.042391642928123474,0.8258060216903687,-0.08636362850666046,0.5556876063346863,0.042391642928123474,0.8258060216903687,-0.08636362850666046,0.5556876063346863,0.049627818167209625,0.699392557144165,-0.04703989997506142,0.7114593386650085,-0.001801278442144394,0.2582669258117676,-0.0874723270535469,0.9621037244796753,0.2826002836227417,0.22088198363780975,-0.1598886102437973,0.9196650981903076,0.3036075532436371,0.18302001059055328,-0.0620662085711956,0.9329919219017029,0.07079465687274933,-0.728181779384613,-0.3496876657009125,0.5851991176605225,0.1034931018948555,-0.7264987230300903,-0.3650833070278168,0.572890043258667,0.1034931018948555,-0.7264987230300903,-0.3650833070278168,0.572890043258667,0.03558987006545067,0.0635165274143219,-0.0387846976518631,0.9965915679931641,-0.3460671305656433,0.07349365949630737,-0.011716843582689762,0.935253381729126,-0.3512131869792938,0.03793666884303093,-0.09125635772943497,0.9310652017593384,-0.24131956696510315,-0.7898885011672974,0.3224900960922241,0.4624296724796295,-0.26272326707839966,-0.784959077835083,0.32882311940193176,0.45463287830352783,-0.26272326707839966,-0.784959077835083,0.32882311940193176,0.45463287830352783,0.049627818167209625,0.699392557144165,-0.04703989997506142,0.7114593386650085
0.7055909872055054,-0.10237081497907635,0.16014678478240962,0.04337431490421295,0.6997841596603394,-0.040852341800928116,0.7118651270866394,-0.24946946799755076,-0.01887623704969881,-0.06944755017757413,0.4192422568798063,-0.05749616548418995,-0.1265347808599472,-0.2442373037338255,-0.13046617805957794,0.05229931771755206,0.7550907850265499,-0.15718012154102326,0.16870257556438442,0.0,-0.9975117444992063,0.6600000023841861,0.20039070248603813,-2.1947999000549316,-0.09369289875030526,-1.3842030525207518,-0.818655574321747,-0.18898418843746193,-2.1947999000549316,0.048411963135004045,0.0,0.07342243194580055,0.15672180727124307,-0.6256726026535037,-0.024534601718187252,-0.0041865871287882165,0.6575952947139755,1.5611504077911418,0.25246476531028733,0.18168420149013478,-2.3545715570449803,0.7291672229766828,-0.18985322117805478,2.196969938278199,0.05862370133399869,-1.3318481683731085,-3.6679310798645024,0.10231079459190251,-0.5429006993770595,0.0,1.6166015863418595,2.999999475479126,-0.8075898289680479,0.0,-0.939591240882873,1.7141116857528704,-1.9206492900848389,-0.6131362318992621,0.0,0.007015495840460051,0.0,0.0,0.0,0.04337431490421295,0.6997841596603394,-0.040852341800928116,0.7118651270866394,0.04337431490421295,0.6997841596603394,-0.040852341800928116,0.7118651270866394,0.06056225299835205,0.6073869466781616,-0.022902168333530426,0.791763186454773,0.05306690186262131,0.6075741052627563,-0.01719501055777073,0.7923016548156738,0.03197607770562172,0.609060525894165,-0.04471597075462341,0.7912163734436035,0.04062396287918091,0.760369598865509,-0.03699192404747009,0.647162675857544,0.03953329101204872,0.7414538264274597,-0.03816536068916321,0.6687501668930054,-0.002821793779730797,0.7423850297927856,0.0087948739528656,0.6699098348617554,-0.002821793779730797,0.7423850297927856,0.0087948739528656,0.6699098348617554,0.016080327332019806,0.6122099161148071,-0.06817395240068436,0.7875865697860718,-0.035287510603666306,0.6153476238250732,-0.028111957013607025,0.7869637608528137,-0.019342593848705292,0.6160000562667847,-0.007403096649795771,0.7874737977981567,-0.01527558732777834,0.8629148602485657,-0.013794736936688423,0.5049300193786621,-0.016311608254909515,0.8206098079681396,-0.012548619881272316,0.5711182355880737,0.031817726790905,0.8166449666023254,-0.08167386054992676,0.5704454183578491,0.031817726790905,0.8166449666023254,-0.08167386054992676,0.5704454183578491,0.04337431490421295,0.6997841596603394,-0.040852341800928116,0.7118651270866394,-0.002533981576561928,0.27601179480552673,-0.07799361646175385,0.9579812288284302,0.30792471766471863,0.23588970303535461,-0.16360589861869812,0.9070675373077393,0.32884883880615234,0.19840490818023682,-0.0740969181060791,0.9203280210494995,0.07078675180673599,-0.7084786891937256,-0.37684839963912964,0.5924800634384155,0.11001128703355789,-0.7066177129745483,-0.39622509479522705,0.5758426189422607,0.11001128703355789,-0.7066177129745483,-0.39622509479522705,0.5758426189422607,0.0352996364235878,0.08364852517843246,-0.030564147979021072,0.9954007863998413,-0.3637682795524597,0.08870522677898407,0.005447468254715204,0.927240252494812,-0.37048906087875366,0.04847043380141258,-0.07969105243682861,0.9241416454315186,-0.23922911286354065,-0.7778869867324829,0.3445236086845398,0.4679368734359741,-0.26045891642570496,-0.7731056213378906,0.3510597050189972,0.4595932960510254,-0.26045891642570496,-0.7731056213378906,0.3510597050189972,0.4595932960510254,0.04337431490421295,0.6997841596603394,-0.040852341800928116,0.7118651270866394
0.7055838823318481,-0.09549607783555977,0.14772952497005454,0.03629148006439209,0.7001509666442871,-0.03394055739045143,0.712263822555542,-0.20901114344596833,-0.013408647850155766,-0.061629368364810845,0.3790009915828701,-0.04773405939340582,-0.13035148382186892,-0.20151791572570768,-0.1317608803510666,0.02397339940071081,0.6854743957519526,-0.15889025628566744,0.1592284142971038,0.0,-0.9838123798370364,0.7277259230613716,0.18607415854930867,-2.1947999000549316,-0.1071448683738709,-1.3472038745880124,-0.8542816519737246,-0.19956030845642092,-2.1947999000549316,0.04844063967466354,0.0,0.015282153338193268,0.32425373792648393,-0.638192689418792,-0.017383584566414492,-0.002448323648422974,0.9471239566802996,2.083475351333616,0.25521749258041454,0.3543455004692092,-1.9897194385528574,0.4753767967224126,-0.1882281154394151,2.199581909179685,-0.07157384753227207,-1.4179595232009887,-3.573550558090206,-0.08025740832090399,-0.4770788550376891,0.0,1.1531230688094904,3.231777095794684,-0.7359254121780388,0.0,-0.7486332893371552,1.906443953514097,-1.837960362434385,-0.6007478237152071,0.0,0.0029999834485351412,0.0,0.0,0.0,0.03629148006439209,0.7001509666442871,-0.03394055739045143,0.712263822555542,0.03629148006439209,0.7001509666442871,-0.03394055739045143,0.712263822555542,0.05150813236832619,0.6235690712928772,-0.01824061945080757,0.779856264591217,0.046261075884103775,0.6236758232116699,-0.01408141478896141,0.7801859974861145,0.02705763839185238,0.6248218417167664,-0.03813828527927399,0.7793658971786499,0.03382805734872818,0.7604414820671082,-0.03229827433824539,0.6477200984954834,0.033028800040483475,0.744767963886261,-0.033111538738012314,0.6656826138496399,-0.01039634644985199,0.7453427910804749,0.015465766191482544,0.6664207577705383,-0.01039634644985199,0.7453427910804749,0.015465766191482544,0.6664207577705383,0.014510942623019218,0.628361701965332,-0.05589835345745087,0.7757747769355774,-0.036590591073036194,0.6306776404380798,-0.014408577233552933,0.7750478982925415,-0.029106449335813522,0.6310133934020996,-0.005051009822636843,0.7752091884613037,-0.0257253497838974,0.8548391461372375,-0.01436283253133297,0.5180559158325195,-0.026783820241689682,0.811029314994812,-0.012269399128854275,0.5842632055282593,0.019741512835025787,0.8074944615364075,-0.07675149291753769,0.5845273733139038,0.019741512835025787,0.8074944615364075,-0.07675149291753769,0.5845273733139038,0.03629148006439209,0.7001509666442871,-0.03394055739045143,0.712263822555542,-0.004689731635153294,0.282462477684021,-0.06811965256929398,0.9568451642990112,0.3362284004688263,0.23998932540416718,-0.16396185755729675,0.8958079814910889,0.35610562562942505,0.20262791216373444,-0.08212292194366455,0.9085079431533813,0.07587680965662003,-0.6945109367370605,-0.40404778718948364,0.5904597043991089,0.12014526128768921,-0.6922622323036194,-0.4260360300540924,0.5699398517608643,0.12014526128768921,-0.6922622323036194,-0.4260360300540924,0.5699398517608643,0.03457506746053696,0.10236606746912003,-0.02123432047665119,0.9939190149307251,-0.3802768290042877,0.10185360163450241,0.023145494982600212,0.9189556837081909,-0.38836580514907837,0.05778058245778084,-0.06594594568014145,0.9173247814178467,-0.234633207321167,-0.7666212916374207,0.36631104350090027,0.4722873270511627,-0.25566673278808594,-0.7620549201965332,0.37301233410835266,0.4634314775466919,-0.25566673278808594,-0.7620549201965332,0.37301233410835266,0.4634314775466919,0.03629148006439209,0.7001509666442871,-0.03394055739045143,0.712263822555542
0.7040130376815795,-0.08667303174734103,0.13704524040222155,0.027552345767617226,0.7004903554916382,-0.025582564994692802,0.7126709818840027,-0.17460874617099714,-0.006124863401055239,-0.0501548290252684,0.33652535080909673,-0.036699105054139945,-0.1344288885593415,-0.1651597857475276,-0.1323717087507248,-0.004186147451401133,0.6251311302185051,-0.161125323176384,0.15009133517742146,0.0,-1.0169285058975224,0.8109037280082714,0.173767441511154,-2.1947999000549316,-0.11299335360527046,-1.3158532142639157,-0.8842420697212223,-0.20294224321842197,-2.1947999000549316,0.04831270053982734,0.0,-0.05508612766862009,0.411927640438081,-0.5602088212966909,-0.03254458326846381,-0.0043680008966475985,1.144148516654971,1.8109586238861048,0.3369462788105022,0.5188815891742729,-2.090266299247743,0.5326549589633949,-0.19995969533920305,1.9133252620696983,-0.04079952687025029,-1.410472798347473,-3.156259918212885,-0.10387935489416153,-0.461910158395767,0.0,-0.9535738706589023,3.927111959457407,-0.6454832196235645,0.0,-0.406476473808284,1.6522606611251798,-1.5830056667327848,-0.27700948715209534,0.0,-0.004047721344977712,0.0,0.0,0.0,0.027552345767617226,0.7004903554916382,-0.025582564994692802,0.7126709818840027,0.027552345767617226,0.7004903554916382,-0.025582564994692802,0.7126709818840027,0.04103267192840576,0.6371635794639587,-0.011781670153141022,0.7695453763008118,0.038658156991004944,0.6371950507164001,-0.009852017275989056,0.7696694135665894,0.022702176123857498,0.6379807591438293,-0.029174674302339554,0.769164502620697,0.027338948100805283,0.7577797174453735,-0.024901133030653,0.6514617204666138,0.02685866691172123,0.7456994652748108,-0.02541380189359188,0.6652555465698242,-0.017882471904158592,0.7457221746444702,0.024728190153837204,0.6655576229095459,-0.017882471904158592,0.7457221746444702,0.024728190153837204,0.6655576229095459,0.010394839569926262,0.6419300436973572,-0.042966537177562714,0.765487790107727,-0.040254030376672745,0.6433653831481934,-0.00041507650166749954,0.764500081539154,-0.041677623987197876,0.6432216167449951,-0.0019484354415908456,0.7645423412322998,-0.03906562924385071,0.8471588492393494,-0.014493740163743496,0.5297033190727234,-0.040105100721120834,0.8017832040786743,-0.011296374723315239,0.5961607694625854,0.004679158795624971,0.7986894249916077,-0.07139836996793747,0.5974743962287903,0.004679158795624971,0.7986894249916077,-0.07139836996793747,0.5974743962287903,0.027552345767617226,0.7004903554916382,-0.025582564994692802,0.7126709818840027,-0.009691666811704636,0.26643913984298706,-0.05749230831861496,0.9620867371559143,0.3706532120704651,0.22242721915245056,-0.15770483016967773,0.8878465890884399,0.3876943588256836,0.18472790718078613,-0.08220566064119339,0.8993391990661621,0.09122777730226517,-0.6927616000175476,-0.4316755533218384,0.5704516172409058,0.13763679563999176,-0.6898949146270752,-0.4536523222923279,0.547083854675293,0.13763679563999176,-0.6898949146270752,-0.4536523222923279,0.547083854675293,0.03300084173679352,0.11829142272472382,-0.009705960750579834,0.9923829436302185,-0.39476457238197327,0.11095775663852692,0.04190342128276825,0.911094605922699,-0.40368396043777466,0.0646703839302063,-0.047904327511787415,0.9113519191741943,-0.22519168257713318,-0.7573623657226562,0.38782593607902527,0.47463878989219666,-0.24599900841712952,-0.7531417608261108,0.3946210443973541,0.46533462405204773,-0.24599900841712952,-0.7531417608261108,0.3946210443973541,0.46533462405204773,0.027552345767617226,0.7004903554916382,-0.025582564994692802,0.7126709818840027
0.7054582834243774,-0.08805009871721274,0.1272235095500945,0.028034165501594543,0.7004497051239014,-0.026287060230970383,0.7126662731170654,-0.14588476717472054,0.00012313192710285527,-0.03934492096304884,0.30025506615638703,-0.026238276809453873,-0.13731798529624942,-0.13182424604892704,-0.1336296647787094,-0.03528243210166722,0.5768958568572994,-0.167703464627266,0.14163355827331536,0.0,-0.9709370613098137,0.8981355786323555,0.2828854888677612,-2.1947999000549316,-0.11303763687610624,-1.2871039390563963,-0.9116618752479555,-0.2050023913383484,-2.1947999000549316,0.0472155064344406,0.0,0.011940474808217291,0.13514889478683062,-0.5083375930786129,-0.02409515753388387,-0.0031591937877237554,0.4334799289703266,1.549767208099363,0.3331155419349666,0.5537880063056944,-1.9376212596893285,0.5345238924026487,-0.16822098493576002,1.7272286891937243,-0.04995524398982551,-1.4960794210433972,-2.6539233684539747,-0.24204556196928198,-0.4364748597145078,0.0,0.7174207448959669,4.280511569976809,3.027406716346789,0.0,-0.11829819083213575,1.4894913434982289,-1.4218024015426625,-0.1294431298971171,0.0,-0.03547460241243282,0.0,0.0,0.0,0.028034165501594543,0.7004497051239014,-0.026287060230970383,0.7126662731170654,0.028034165501594543,0.7004497051239014,-0.026287060230970383,0.7126662731170654,0.03936828672885895,0.6479003429412842,-0.01470866333693266,0.7605649828910828,0.039399854838848114,0.6478937864303589,-0.014766599982976913,0.7605677843093872,0.026679715141654015,0.6485166549682617,-0.02975447103381157,0.760150671005249,0.030780188739299774,0.7549155950546265,-0.025523651391267776,0.6546018123626709,0.030458342283964157,0.7462624311447144,-0.025896582752466202,0.6644502282142639,-0.015197649598121643,0.7462791204452515,0.02536216378211975,0.664976179599762,-0.015197649598121643,0.7462791204452515,0.02536216378211975,0.664976179599762,0.014416786842048168,0.6540501117706299,-0.04011428356170654,0.7552491426467896,-0.0360344834625721,0.6552673578262329,0.0036490331403911114,0.7545284032821655,-0.04771215468645096,0.6545794010162354,-0.009555996395647526,0.7544257044792175,-0.04319922626018524,0.8421393632888794,-0.022742602974176407,0.5370455980300903,-0.04498886689543724,0.7942003011703491,-0.019043292850255966,0.6056891679763794,-0.0020416034385561943,0.7908728122711182,-0.07520975172519684,0.6073381900787354,-0.0020416034385561943,0.7908728122711182,-0.07520975172519684,0.6073381900787354,0.028034165501594543,0.7004497051239014,-0.026287060230970383,0.7126662731170654,-0.0077707963064312935,0.28843241930007935,-0.05712691694498062,0.9557629823684692,0.40755873918533325,0.23440393805503845,-0.17773108184337616,0.8645012378692627,0.4349953532218933,0.16450531780719757,-0.05947074294090271,0.8832782506942749,0.13415680825710297,-0.6851260662078857,-0.46247756481170654,0.5465517044067383,0.17991933226585388,-0.6803432703018188,-0.48304474353790283,0.5209894180297852,0.17991933226585388,-0.6803432703018188,-0.48304474353790283,0.5209894180297852,0.03314145654439926,0.13249698281288147,-0.010957500897347927,0.9905686378479004,-0.40628111362457275,0.12379834055900574,0.04862060397863388,0.904016375541687,-0.41648364067077637,0.07584559917449951,-0.04133889079093933,0.905030369758606,-0.22455552220344543,-0.7459529638290405,0.4018625319004059,0.4812853932380676,-0.2446879893541336,-0.7419116497039795,0.40870702266693115,0.47186172008514404,-0.2446879893541336,-0.7419116497039795,0.40870702266693115,0.47186172008514404,0.028034165501594543,0.7004497051239014,-0.026287060230970383,0.7126662731170654
0.7084115743637085,-0.0945272222161293,0.11783305555582047,0.03312663733959198,0.7002223134040833,-0.03152294456958771,0.7124588489532471,-0.11999999731779099,0.005853233393281698,-0.0288673285394907,0.267087459564209,-0.016064511612057686,-0.13961292803287506,-0.10000000149011612,-0.13521118462085724,-0.06784708704799414,0.5347145795822144,-0.1764531433582306,0.13351543247699738,0.0,-0.8853918313980103,0.9873944520950317,0.4527159184217453,-2.1947999000549316,-0.11017981916666031,-1.2596553564071655,-0.9378113746643066,-0.20640164613723755,-2.1947999000549316,0.04563368484377861,0.0,0.14766452461481094,-0.3238561749458313,-0.4695226848125458,-0.003840520977973938,-0.0003861445002257824,-0.7310352325439453,1.2942384481430054,0.2865050435066223,0.5238795876502991,-1.6583802700042725,0.50868821144104,-0.11474712938070297,1.5912121534347534,-0.07907598279416561,-1.628232717514038,-2.1090638637542725,-0.43748389929533005,-0.4059062600135803,0.0,4.277261137962341,4.4629435539245605,8.491520524024963,0.0,0.14289087057113647,1.3724290132522583,-1.3074748516082764,-0.06996273994445801,0.0,-0.07909107161685824,0.0,0.0,0.0,0.03312663733959198,0.7002223134040833,-0.03152294456958771,0.7124588489532471,0.03312663733959198,0.7002223134040833,-0.03152294456958771,0.7124588489532471,0.04210852086544037,0.657181978225708,-0.022327708080410957,0.7522234916687012,0.04430980607867241,0.6571138501167297,-0.024250928312540054,0.7520970106124878,0.034820958971977234,0.6576849222183228,-0.03510354086756706,0.7516686320304871,0.03918486088514328,0.7519116401672363,-0.030154678970575333,0.6574071645736694,0.038941387087106705,0.7466069459915161,-0.030468445271253586,0.6634253859519958,-0.007427232339978218,0.7469137907028198,0.02168143540620804,0.6645258069038391,-0.007427232339978218,0.7469137907028198,0.02168143540620804,0.6645258069038391,0.022505665197968483,0.6653809547424316,-0.042298827320337296,0.7449647784233093,-0.02787117473781109,0.6667184233665466,0.0027470130007714033,0.744783341884613,-0.05046825110912323,0.6653895378112793,-0.02251541055738926,0.7444480061531067,-0.0427270382642746,0.8384207487106323,-0.03504837676882744,0.542214572429657,-0.04564904049038887,0.7873840928077698,-0.03114728443324566,0.6139807105064392,-0.004589844029396772,0.7835524082183838,-0.08360283076763153,0.6156582832336426,-0.004589844029396772,0.7835524082183838,-0.08360283076763153,0.6156582832336426,0.03312663733959198,0.7002223134040833,-0.03152294456958771,0.7124588489532471,-0.002378497738391161,0.32901322841644287,-0.06181063503026962,0.9422972202301025,0.4444459080696106,0.2604335844516754,-0.21034401655197144,0.8309016823768616,0.4884771406650543,0.14252854883670807,-0.02513151802122593,0.860490620136261,0.1903257817029953,-0.6719979643821716,-0.4931074380874634,0.5186905264854431,0.2339179664850235,-0.6648273468017578,-0.5116003751754761,0.49147942662239075,0.2339179664850235,-0.6648273468017578,-0.5116003751754761,0.49147942662239075,0.03413715213537216,0.14583070576190948,-0.018598215654492378,0.9885454773902893,-0.41628143191337585,0.13849495351314545,0.049311619251966476,0.8972721099853516,-0.42798691987991333,0.08915428072214127,-0.04051053896546364,0.898464024066925,-0.22830452024936676,-0.7334118485450745,0.4121234714984894,0.4900391697883606,-0.24753786623477936,-0.7294713854789734,0.41899698972702026,0.48066410422325134,-0.24753786623477936,-0.7294713854789734,0.41899698972702026,0.48066410422325134,0.03312663733959198,0.7002223134040833,-0.03152294456958771,0.7124588489532471
0.7070942163467407,-0.09055915772914885,0.1177698940038681,0.029483281075954437,0.700327455997467,-0.028909999877214432,0.7126265168190002,-0.11999999731779099,0.010086192563176173,-0.02464772090315817,0.24849920570850365,-0.008313443325459923,-0.1428887635469437,-0.10000000149011612,-0.13872169554233552,-0.10579703748226182,0.4993344366550444,-0.18050321638584138,0.13372589647769928,0.0,-0.8765401840209961,0.9525008440017698,0.4601255595684052,-2.1947999000549316,-0.09261501580476753,-1.242154836654663,-0.9587196946144105,-0.2033166229724884,-2.1947999000549316,0.03925430774688718,0.0,0.019545072317122825,-0.010500532388685757,-0.18970391154289123,-0.047636688780039745,-0.0010082211403641878,-0.027120590209957718,0.5176953792571988,0.24159078299999218,0.3361400485038749,-1.2209997057914714,0.43600732088088956,-0.1441739082336427,0.6364848613738971,-0.136945712566376,-1.7897915363311774,-1.9050297975540151,-0.29649574458599026,-0.15604858398437388,0.0,1.9764539241790668,0.7383691787719564,3.618897819519022,0.0,0.5841004133224507,1.0739871621131885,-1.1502395391464226,0.06456559002399503,0.0,-0.22301772832870548,0.0,0.0,0.0,0.029483281075954437,0.700327455997467,-0.028909999877214432,0.7126265168190002,0.029483281075954437,0.700327455997467,-0.028909999877214432,0.7126265168190002,0.03862469643354416,0.6573337316513062,-0.019505834206938744,0.7523564100265503,0.04241831600666046,0.6572268009185791,-0.022820645943284035,0.7521520853042603,0.03431585058569908,0.6577022075653076,-0.032087989151477814,0.7518115639686584,0.03804612159729004,0.7458031177520752,-0.027582410722970963,0.6645069122314453,0.03792356699705124,0.7430348992347717,-0.02774256281554699,0.6676012277603149,-0.009833451360464096,0.7431193590164185,0.025364691391587257,0.6686058044433594,-0.009833451360464096,0.7431193590164185,0.025364691391587257,0.6686058044433594,0.018991641700267792,0.6654306650161743,-0.0395154245197773,0.745171070098877,-0.03269840404391289,0.6665695905685425,0.006697285920381546,0.7446953654289246,-0.06789188832044601,0.6638497114181519,-0.032688386738300323,0.7440603375434875,-0.05787799507379532,0.8271188735961914,-0.04828105494379997,0.5569503307342529,-0.06201140955090523,0.7735561728477478,-0.04284713417291641,0.6292293667793274,-0.019830923527479172,0.7689641714096069,-0.09443406760692596,0.6319676041603088,-0.019830923527479172,0.7689641714096069,-0.09443406760692596,0.6319676041603088,0.029483281075954437,0.700327455997467,-0.028909999877214432,0.7126265168190002,-0.004220671020448208,0.33310097455978394,-0.05766044184565544,0.9411170482635498,0.4277234375476837,0.2695885896682739,-0.20389777421951294,0.838331937789917,0.47491908073425293,0.15316787362098694,-0.013839969411492348,0.8664871454238892,0.19356516003608704,-0.6732591390609741,-0.4762257933616638,0.5314732789993286,0.23038175702095032,-0.6670974493026733,-0.49239957332611084,0.5093605518341064,0.23038175702095032,-0.6670974493026733,-0.49239957332611084,0.5093605518341064,0.03275172412395477,0.1545979380607605,-0.014603883028030396,0.9873265027999878,-0.4262997508049011,0.14385798573493958,0.0583866611123085,0.8911590576171875,-0.4382975697517395,0.09427094459533691,-0.029463928192853928,0.8933868408203125,-0.22289466857910156,-0.7260197997093201,0.4260469675064087,0.4916270077228546,-0.23934265971183777,-0.7227966785430908,0.43203115463256836,0.48335200548171997,-0.23934265971183777,-0.7227966785430908,0.43203115463256836,0.48335200548171997,0.029483281075954437,0.700327455997467,-0.028909999877214432,0.7126265168190002
0.7047471165657043,-0.08376126587390889,0.1177320659160614,0.023558396846055984,0.7005144953727722,-0.02375655807554722,0.7128534913063049,-0.11999999731779099,0.01339663062244655,-0.02223925106227399,0.23285146057605735,-0.0025903484318405244,-0.14558378458023072,-0.10000000149011612,-0.1424471735954285,-0.14201914966106444,0.46995151638984667,-0.18808736801147474,0.13360926508903503,0.0,-0.8660834550857542,0.943498802185059,0.4695309460163118,-2.1947999000549316,-0.07148669064044927,-1.2250360012054442,-0.9885750293731693,-0.20642127096652998,-2.1947999000549316,0.03416033610701559,0.0,-0.09676015079021537,0.28329802751541366,-0.002398073486983756,-0.06760300397872901,-0.0008164738072082239,0.6469016194343622,0.0,0.18397231101989672,0.15664624273776864,-0.8411974012851692,0.3267141878604873,-0.14636732786893797,0.0,-0.1819745451211931,-1.8456622838973986,-1.589090406894679,-0.3085259944200544,0.0007103381678459399,0.0,0.4907347798347486,-0.9679333448409827,0.43035467863083043,0.0,0.9851457595825224,0.8635753989219662,-1.3138264179229808,-0.031438985466962055,0.0,-0.2804066717624654,0.0,0.0,0.0,0.023558396846055984,0.7005144953727722,-0.02375655807554722,0.7128534913063049,0.023558396846055984,0.7005144953727722,-0.02375655807554722,0.7128534913063049,0.03301186487078667,0.6575992703437805,-0.014014971442520618,0.7525137662887573,0.03805156424641609,0.6574909687042236,-0.018419526517391205,0.7522754073143005,0.030738189816474915,0.6578706502914429,-0.02678331360220909,0.7520265579223633,0.03366021066904068,0.7407738566398621,-0.023007923737168312,0.6705160737037659,0.03362714871764183,0.7399048805236816,-0.023055491968989372,0.671474814414978,-0.01529759168624878,0.7396228313446045,0.03081626072525978,0.6721416115760803,-0.01529759168624878,0.7396228313446045,0.03081626072525978,0.6721416115760803,0.013320536352694035,0.6655299663543701,-0.03408533334732056,0.7454735040664673,-0.03976397588849068,0.6662672758102417,0.013362102210521698,0.7445321679115295,-0.08692328631877899,0.661677360534668,-0.039499737322330475,0.7436848878860474,-0.0753595158457756,0.8166459798812866,-0.05856877937912941,0.5691922903060913,-0.08053725957870483,0.7595939636230469,-0.051162026822566986,0.6433609127998352,-0.03741256892681122,0.7544859051704407,-0.10175709426403046,0.6472996473312378,-0.03741256892681122,0.7544859051704407,-0.10175709426403046,0.6472996473312378,0.023558396846055984,0.7005144953727722,-0.02375655807554722,0.7128534913063049,-0.007064965553581715,0.3379291296005249,-0.050228990614414215,0.9398037791252136,0.42076459527015686,0.27825725078582764,-0.19840934872627258,0.840335488319397,0.47093838453292847,0.1606243997812271,-0.004053797572851181,0.8674101233482361,0.20002396404743195,-0.6709256768226624,-0.4682616889476776,0.5390547513961792,0.2284734547138214,-0.6659260988235474,-0.4811065196990967,0.522378146648407,0.2284734547138214,-0.6659260988235474,-0.4811065196990967,0.522378146648407,0.030880585312843323,0.16328026354312897,-0.007231110241264105,0.9860697984695435,-0.44060927629470825,0.1470002979040146,0.07110656797885895,0.882722020149231,-0.4528800845146179,0.0951230600476265,-0.017143309116363525,0.8863166570663452,-0.21853432059288025,-0.7185660004615784,0.44422420859336853,0.4884366989135742,-0.23272906243801117,-0.7159262895584106,0.4494262933731079,0.48093944787979126,-0.23272906243801117,-0.7159262895584106,0.4494262933731079,0.48093944787979126,0.023558396846055984,0.7005144953727722,-0.02375655807554722,0.7128534913063049
0.7003405332565307,-0.0713037192821501,0.11774490475654602,0.013068434782326221,0.700788676738739,-0.013520050793886185,0.7131210565567017,-0.11999999731779099,0.014862026460468789,-0.023453056812286394,0.22308473289012895,-0.0009232010226696507,-0.14711717665195467,-0.10000000149011612,-0.14660258591175085,-0.17478558719158216,0.4525630414485929,-0.20273967683315297,0.1328384429216385,0.0,-0.8524165630340574,0.9862798929214484,0.4829277932643892,-2.1947999000549316,-0.043231321871280294,-1.2086805343627927,-1.0363243937492377,-0.2219052612781527,-2.1947999000549316,0.03163717538118359,0.0,-0.1894369006156934,0.5379824817180667,-0.00011806185357269607,-0.03990961164236032,0.001002921094186628,1.2611387848854148,0.0,0.1009454160928715,-0.006356140971185947,-0.5765516161918605,0.14419656991958377,-0.09409402906894614,0.0,-0.20132158696651484,-1.69015688896179,-1.0493403673171926,-0.6265930682420773,-0.028728244639933502,0.0,0.6351921021938343,1.3623074769974064,0.6099703967571283,0.0,1.3058627128601117,0.8292238116264339,-2.1190576791763416,-0.588509371876724,0.0,-0.16472018957137907,0.0,0.0,0.0,0.013068434782326221,0.700788676738739,-0.013520050793886185,0.7131210565567017,0.013068434782326221,0.700788676738739,-0.013520050793886185,0.7131210565567017,0.02313794009387493,0.6580203771591187,-0.0031851439271122217,0.7526378631591797,0.028730012476444244,0.6579787731170654,-0.0080748675391078,0.7524447441101074,0.021012302488088608,0.6582676768302917,-0.016897737979888916,0.7523008584976196,0.022781558334827423,0.7379158139228821,-0.014430418610572815,0.674353837966919,0.022771667689085007,0.7376046180725098,-0.014444930478930473,0.6746942400932312,-0.02687564678490162,0.7366721034049988,0.03980153053998947,0.6745426654815674,-0.02687564678490162,0.7366721034049988,0.03980153053998947,0.6745426654815674,0.003334313863888383,0.665655255317688,-0.023358667269349098,0.7458863258361816,-0.051300447434186935,0.6655774116516113,0.025453422218561172,0.7441283464431763,-0.10918426513671875,0.6584702730178833,-0.0395960733294487,0.7435911893844604,-0.09753827005624771,0.8085204362869263,-0.06299982964992523,0.5768983960151672,-0.1034238338470459,0.7459969520568848,-0.05273466557264328,0.6557523012161255,-0.05967571213841438,0.7408536672592163,-0.10213306546211243,0.6611682176589966,-0.05967571213841438,0.7408536672592163,-0.10213306546211243,0.6611682176589966,0.013068434782326221,0.700788676738739,-0.013520050793886185,0.7131210565567017,-0.011912343092262745,0.3442004323005676,-0.03623056039214134,0.9381213188171387,0.4335758090019226,0.2861018776893616,-0.19495299458503723,0.8319562077522278,0.48636358976364136,0.1617932915687561,0.0027106492780148983,0.8586418628692627,0.21302108466625214,-0.6617584228515625,-0.47838643193244934,0.5365110039710999,0.23007790744304657,-0.6586140394210815,-0.4861801862716675,0.5262324810028076,0.23007790744304657,-0.6586140394210815,-0.4861801862716675,0.5262324810028076,0.02803761325776577,0.17178642749786377,0.006896901875734329,0.9847109317779541,-0.46335193514823914,0.14565330743789673,0.09108476340770721,0.8693639636039734,-0.47592484951019287,0.08743158727884293,-0.0022803721949458122,0.8751262426376343,-0.21624112129211426,-0.7108808159828186,0.4708262085914612,0.4756162762641907,-0.22925437986850739,-0.7085816860198975,0.47547608613967896,0.46827012300491333,-0.22925437986850739,-0.7085816860198975,0.47547608613967896,0.46827012300491333,0.013068434782326221,0.700788676738739,-0.013520050793886185,0.7131210565567017
0.6981026530265808,-0.06480050235986703,0.1177848994731903,0.008067719638347626,0.7008668184280396,-0.00865105353295803,0.7131941318511963,-0.11999999731779099,0.016347637586295632,-0.024329361692070974,0.22104237377643587,-0.011806121701374954,-0.14285812973976122,-0.10000000149011612,-0.151182907819748,-0.20183630883693737,0.4400584161281584,-0.2189298093318942,0.13134698867797848,0.0,-0.8255177259445184,0.9521483182907091,0.5187500417232522,-2.1947999000549316,-0.010577191412448263,-1.183105850219726,-1.0781302928924568,-0.25370729863643715,-2.1947999000549316,0.025956948846578468,0.0,-0.15526806414127176,0.44424742460250377,0.0014566181576810993,-0.021504219993948692,0.001150578283704805,1.0050753593444701,0.0,0.07387624382972718,-0.05056525915861103,-0.25660532116889334,-0.2931446731090646,0.09710356146097646,0.0,-0.2205178886651996,-1.4668503046035721,-0.7229082226753196,-0.7787501215934766,-0.06016006544232426,0.0,1.0803028702736006,-0.16832537651068158,1.3426043152809322,0.0,1.5447311878204382,1.0943497776985243,-2.2091641426086377,-1.263740873336805,0.0,-0.22087000012398017,0.0,0.0,0.0,0.008067719638347626,0.7008668184280396,-0.00865105353295803,0.7131941318511963,0.008067719638347626,0.7008668184280396,-0.00865105353295803,0.7131941318511963,0.018429454416036606,0.6581716537475586,0.0019658706150949,0.7526397705078125,0.024580679833889008,0.6581658124923706,-0.0034139459021389484,0.7524639368057251,0.016572661697864532,0.658415675163269,-0.012566952034831047,0.7523670196533203,0.01785682514309883,0.7373819351196289,-0.010663561522960663,0.6751558184623718,0.017801323905587196,0.7333833575248718,-0.010757649317383766,0.6794970035552979,-0.03072544001042843,0.7322790622711182,0.04162237048149109,0.6790368556976318,-0.03072544001042843,0.7322790622711182,0.04162237048149109,0.6790368556976318,-0.0014261044561862946,0.6656650304794312,-0.018255284056067467,0.7460260987281799,-0.05776165425777435,0.6651424169540405,0.03206740319728851,0.7437882423400879,-0.12447327375411987,0.6559062004089355,-0.043031249195337296,0.7432643175125122,-0.11210626363754272,0.8023194074630737,-0.06912646442651749,0.5821832418441772,-0.1190238744020462,0.7339217662811279,-0.05640265718102455,0.6663414239883423,-0.0750444084405899,0.7286418676376343,-0.10445292294025421,0.6727101802825928,-0.0750444084405899,0.7286418676376343,-0.10445292294025421,0.6727101802825928,0.008067719638347626,0.7008668184280396,-0.00865105353295803,0.7131941318511963,-0.013758889399468899,0.35668662190437317,-0.029131460934877396,0.9336684942245483,0.41580960154533386,0.3037813901901245,-0.18899303674697876,0.8361226320266724,0.47700586915016174,0.17408746480941772,0.024799346923828125,0.8611294627189636,0.2276821732521057,-0.6589397192001343,-0.4601131081581116,0.549777626991272,0.23185041546821594,-0.6584453582763672,-0.4619435667991638,0.5470860600471497,0.23185041546821594,-0.6584453582763672,-0.4619435667991638,0.5470860600471497,0.026392288506031036,0.18456074595451355,0.013294997625052929,0.9823766946792603,-0.48160699009895325,0.15143811702728271,0.10630110651254654,0.8566336631774902,-0.496001660823822,0.08237327635288239,0.001264699618332088,0.8644046783447266,-0.22250208258628845,-0.7025498747825623,0.48966455459594727,0.46598827838897705,-0.2330750823020935,-0.7006518840789795,0.49337559938430786,0.45972102880477905,-0.2330750823020935,-0.7006518840789795,0.49337559938430786,0.45972102880477905,0.008067719638347626,0.7008668184280396,-0.00865105353295803,0.7131941318511963
