base_x,base_y,base_z,base_qx,base_qy,base_qz,base_qw,J00_HIP_PITCH_L,J01_HIP_ROLL_L,J02_HIP_YAW_L,J03_KNEE_PITCH_L,J04_ANKLE_PITCH_L,J05_ANKLE_ROLL_L,J06_HIP_PITCH_R,J07_HIP_ROLL_R,J08_HIP_YAW_R,J09_KNEE_PITCH_R,J10_ANKLE_PITCH_R,J11_ANKLE_ROLL_R,J12_WAIST_YAW,J13_SHOULDER_PITCH_L,J14_SHOULDER_ROLL_L,J15_SHOULDER_YAW_L,J16_ELBOW_PITCH_L,J17_ELBOW_YAW_L,J18_SHOULDER_PITCH_R,J19_SHOULDER_ROLL_R,J20_SHOULDER_YAW_R,J21_ELBOW_PITCH_R,J22_ELBOW_YAW_R,J23_HEAD_YAW,base_vx,base_vy,base_vz,base_wx,base_wy,base_wz,dJ00_HIP_PITCH_L,dJ01_HIP_ROLL_L,dJ02_HIP_YAW_L,dJ03_KNEE_PITCH_L,dJ04_ANKLE_PITCH_L,dJ05_ANKLE_ROLL_L,dJ06_HIP_PITCH_R,dJ07_HIP_ROLL_R,dJ08_HIP_YAW_R,dJ09_KNEE_PITCH_R,dJ10_ANKLE_PITCH_R,dJ11_ANKLE_ROLL_R,dJ12_WAIST_YAW,dJ13_SHOULDER_PITCH_L,dJ14_SHOULDER_ROLL_L,dJ15_SHOULDER_YAW_L,dJ16_ELBOW_PITCH_L,dJ17_ELBOW_YAW_L,dJ18_SHOULDER_PITCH_R,dJ19_SHOULDER_ROLL_R,dJ20_SHOULDER_YAW_R,dJ21_ELBOW_PITCH_R,dJ22_ELBOW_YAW_R,dJ23_HEAD_YAW,left_foot_contact,right_foot_contact,base_quat_x,base_quat_y,base_quat_z,base_quat_w,LINK_BASE_qx,LINK_BASE_qy,LINK_BASE_qz,LINK_BASE_qw,LINK_HIP_PITCH_L_qx,LINK_HIP_PITCH_L_qy,LINK_HIP_PITCH_L_qz,LINK_HIP_PITCH_L_qw,LINK_HIP_ROLL_L_qx,LINK_HIP_ROLL_L_qy,LINK_HIP_ROLL_L_qz,LINK_HIP_ROLL_L_qw,LINK_HIP_YAW_L_qx,LINK_HIP_YAW_L_qy,LINK_HIP_YAW_L_qz,LINK_HIP_YAW_L_qw,LINK_KNEE_PITCH_L_qx,LINK_KNEE_PITCH_L_qy,LINK_KNEE_PITCH_L_qz,LINK_KNEE_PITCH_L_qw,LINK_ANKLE_PITCH_L_qx,LINK_ANKLE_PITCH_L_qy,LINK_ANKLE_PITCH_L_qz,LINK_ANKLE_PITCH_L_qw,LINK_ANKLE_ROLL_L_qx,LINK_ANKLE_ROLL_L_qy,LINK_ANKLE_ROLL_L_qz,LINK_ANKLE_ROLL_L_qw,LINK_FOOT_L_qx,LINK_FOOT_L_qy,LINK_FOOT_L_qz,LINK_FOOT_L_qw,LINK_HIP_PITCH_R_qx,LINK_HIP_PITCH_R_qy,LINK_HIP_PITCH_R_qz,LINK_HIP_PITCH_R_qw,LINK_HIP_ROLL_R_qx,LINK_HIP_ROLL_R_qy,LINK_HIP_ROLL_R_qz,LINK_HIP_ROLL_R_qw,LINK_HIP_YAW_R_qx,LINK_HIP_YAW_R_qy,LINK_HIP_YAW_R_qz,LINK_HIP_YAW_R_qw,LINK_KNEE_PITCH_R_qx,LINK_KNEE_PITCH_R_qy,LINK_KNEE_PITCH_R_qz,LINK_KNEE_PITCH_R_qw,LINK_ANKLE_PITCH_R_qx,LINK_ANKLE_PITCH_R_qy,LINK_ANKLE_PITCH_R_qz,LINK_ANKLE_PITCH_R_qw,LINK_ANKLE_ROLL_R_qx,LINK_ANKLE_ROLL_R_qy,LINK_ANKLE_ROLL_R_qz,LINK_ANKLE_ROLL_R_qw,LINK_FOOT_R_qx,LINK_FOOT_R_qy,LINK_FOOT_R_qz,LINK_FOOT_R_qw,LINK_TORSO_YAW_qx,LINK_TORSO_YAW_qy,LINK_TORSO_YAW_qz,LINK_TORSO_YAW_qw,LINK_SHOULDER_PITCH_L_qx,LINK_SHOULDER_PITCH_L_qy,LINK_SHOULDER_PITCH_L_qz,LINK_SHOULDER_PITCH_L_qw,LINK_SHOULDER_ROLL_L_qx,LINK_SHOULDER_ROLL_L_qy,LINK_SHOULDER_ROLL_L_qz,LINK_SHOULDER_ROLL_L_qw,LINK_SHOULDER_YAW_L_qx,LINK_SHOULDER_YAW_L_qy,LINK_SHOULDER_YAW_L_qz,LINK_SHOULDER_YAW_L_qw,LINK_ELBOW_PITCH_L_qx,LINK_ELBOW_PITCH_L_qy,LINK_ELBOW_PITCH_L_qz,LINK_ELBOW_PITCH_L_qw,LINK_ELBOW_YAW_L_qx,LINK_ELBOW_YAW_L_qy,LINK_ELBOW_YAW_L_qz,LINK_ELBOW_YAW_L_qw,LINK_ELBOW_END_L_qx,LINK_ELBOW_END_L_qy,LINK_ELBOW_END_L_qz,LINK_ELBOW_END_L_qw,LINK_SHOULDER_PITCH_R_qx,LINK_SHOULDER_PITCH_R_qy,LINK_SHOULDER_PITCH_R_qz,LINK_SHOULDER_PITCH_R_qw,LINK_SHOULDER_ROLL_R_qx,LINK_SHOULDER_ROLL_R_qy,LINK_SHOULDER_ROLL_R_qz,LINK_SHOULDER_ROLL_R_qw,LINK_SHOULDER_YAW_R_qx,LINK_SHOULDER_YAW_R_qy,LINK_SHOULDER_YAW_R_qz,LINK_SHOULDER_YAW_R_qw,LINK_ELBOW_PITCH_R_qx,LINK_ELBOW_PITCH_R_qy,LINK_ELBOW_PITCH_R_qz,LINK_ELBOW_PITCH_R_qw,LINK_ELBOW_YAW_R_qx,LINK_ELBOW_YAW_R_qy,LINK_ELBOW_YAW_R_qz,LINK_ELBOW_YAW_R_qw,LINK_ELBOW_END_R_qx,LINK_ELBOW_END_R_qy,LINK_ELBOW_END_R_qz,LINK_ELBOW_END_R_qw,LINK_HEAD_YAW_qx,LINK_HEAD_YAW_qy,LINK_HEAD_YAW_qz,LINK_HEAD_YAW_qw
-0.004019280895590782,0.005973864812403917,0.8133254647254944,0.021198224276304245,-0.011455915868282318,-0.024010809138417244,0.9994212985038757,-0.06549562513828278,-0.04008263349533081,0.01819528080523014,0.34087878465652466,-0.3305414617061615,0.0011476452928036451,-0.17531849443912506,-0.08995357155799866,0.0069520799443125725,0.47211727499961853,-0.36230164766311646,0.11590595543384552,0.0,0.011286449618637562,0.16559061408042908,-0.5598335266113281,-0.6076371669769287,-0.021500829607248306,0.042232345789670944,-0.3479844033718109,0.5047016143798828,-0.7804876565933228,-0.06494409590959549,0.0,0.03733004629611969,-0.025221019983291626,-0.0034403798636049032,-0.03527260944247246,0.07105935364961624,-0.023996416479349136,-0.04518985375761986,0.06222422793507576,-0.060284264385700226,0.05908280238509178,-0.16514717042446136,0.0031567607074975967,0.02871706895530224,0.05001738294959068,-0.05568729341030121,-0.06419599056243896,-0.13830900192260742,-0.05174785479903221,0.0,0.17072927951812744,-0.08164867013692856,0.17706690728664398,0.4788171947002411,0.10815548896789551,-0.015326364897191525,0.0829625055193901,-0.067482590675354,0.1050567552447319,-0.06098650023341179,0.0,0.0,0.0,0.021198224276304245,-0.011455915868282318,-0.024010809138417244,0.9994212985038757,0.021198224276304245,-0.011455915868282318,-0.024010809138417244,0.9994212985038757,0.020330404862761497,-0.043237414211034775,-0.01619902066886425,0.9987266063690186,0.00031186596606858075,-0.04290410503745079,-0.017062244936823845,0.9989334344863892,-7.846765220165253e-05,-0.04290516674518585,-0.007973725907504559,0.9990473389625549,0.001275136019103229,0.12717032432556152,-0.00787149928510189,0.9918488264083862,-3.7253295886330307e-05,-0.03774087876081467,-0.007974025793373585,0.9992557168006897,0.0005361422663554549,-0.03774544596672058,-0.007952367886900902,0.9992555975914001,0.0005361422663554549,-0.03774544596672058,-0.007952367886900902,0.9992555975914001,0.019345959648489952,-0.09544660151004791,-0.04835693910717964,0.9940710663795471,-0.02536865323781967,-0.09317586570978165,-0.0525994710624218,0.9939355850219727,-0.02569238282740116,-0.09308712184429169,-0.049144197255373,0.9941124320030212,-0.013486391864717007,0.14198988676071167,-0.05379003658890724,0.9883134961128235,-0.022956617176532745,-0.038389720022678375,-0.05048013851046562,0.9977229237556458,0.03487057611346245,-0.0412491075694561,-0.048171840608119965,0.9973775744438171,0.03487057611346245,-0.0412491075694561,-0.048171840608119965,0.9973775744438171,0.021198224276304245,-0.011455915868282318,-0.024010809138417244,0.9994212985038757,0.021329056471586227,-0.0058344448916614056,-0.02353690005838871,0.9994783997535706,0.10391359776258469,-0.00776097783818841,-0.022973760962486267,0.9942906498908997,0.10240767151117325,0.03844501078128815,-0.2944326400756836,0.9493914246559143,0.008311362937092781,-0.24461562931537628,-0.32933059334754944,0.9119405150413513,0.013198926113545895,-0.24466779828071594,-0.33829668164253235,0.9085806608200073,0.013198926113545895,-0.24466779828071594,-0.33829668164253235,0.9085806608200073,0.02171466499567032,0.009635485708713531,-0.024883782491087914,0.9994080662727356,-0.1516263633966446,0.013797776773571968,-0.022840021178126335,0.9880776405334473,-0.14302775263786316,0.06663504242897034,0.22172361612319946,0.962258517742157,-0.047499991953372955,-0.3005210757255554,0.2824096083641052,0.9097667932510376,-0.031053202226758003,-0.30172500014305115,0.2556624710559845,0.917951226234436,-0.031053202226758003,-0.30172500014305115,0.2556624710559845,0.917951226234436,0.021198224276304245,-0.011455915868282318,-0.024010809138417244,0.9994212985038757
-0.0032726799137890337,0.0054694443941116335,0.8132566571235657,0.020825883373618126,-0.010759285651147366,-0.024261649698019028,0.999430775642395,-0.06639942228794098,-0.03883814886212349,0.01698959544301033,0.3420604407787323,-0.33384440541267396,0.00121078051161021,-0.1747441530227661,-0.08895322382450103,0.005838334001600743,0.4708333551883698,-0.3650678277015686,0.11487099826335907,0.0,0.014701035246253014,0.1639576405286789,-0.556292188167572,-0.5980608224868774,-0.019337719678878783,0.04192581847310066,-0.3463251531124115,0.5033519625663757,-0.7783865213394165,-0.06616382598876953,0.0,0.03733004629611969,-0.025221019983291626,-0.0034403798636049032,-0.03527260944247246,0.07105935364961624,-0.023996416479349136,-0.04518985375761986,0.06222422793507576,-0.060284264385700226,0.05908280238509178,-0.16514717042446136,0.0031567607074975967,0.02871706895530224,0.05001738294959068,-0.05568729341030121,-0.06419599056243896,-0.13830900192260742,-0.05174785479903221,0.0,0.17072927951812744,-0.08164867013692856,0.17706690728664398,0.4788171947002411,0.10815548896789551,-0.015326364897191525,0.0829625055193901,-0.067482590675354,0.1050567552447319,-0.06098650023341179,0.0,0.0,0.0,0.020825883373618126,-0.010759285651147366,-0.024261649698019028,0.999430775642395,0.020825883373618126,-0.010759285651147366,-0.024261649698019028,0.999430775642395,0.020330404862761497,-0.043237414211034775,-0.01619902066886425,0.9987266063690186,0.00031186596606858075,-0.04290410503745079,-0.017062244936823845,0.9989334344863892,0.0001844192884163931,-0.04265443608164787,-0.008674862794578075,0.9990522861480713,0.0016584242694079876,0.12800422310829163,-0.008516759611666203,0.9917356967926025,0.0002195591077907011,-0.038549959659576416,-0.008674218319356441,0.9992190599441528,0.000824475777335465,-0.038555216044187546,-0.00865086168050766,0.9992188215255737,0.000824475777335465,-0.038555216044187546,-0.00865086168050766,0.9992188215255737,0.01894455961883068,-0.0944875106215477,-0.04849647730588913,0.9941636323928833,-0.02527659758925438,-0.09223783761262894,-0.052649930119514465,0.9940227270126343,-0.02554609626531601,-0.09216362237930298,-0.049748022109270096,0.994172215461731,-0.013238060288131237,0.1422673761844635,-0.05433451384305954,0.9882471561431885,-0.02288157306611538,-0.03948467597365379,-0.05102897435426712,0.9976539611816406,0.034425437450408936,-0.04234866052865982,-0.04867863655090332,0.9973223805427551,0.034425437450408936,-0.04234866052865982,-0.04867863655090332,0.9973223805427551,0.020825883373618126,-0.010759285651147366,-0.024261649698019028,0.999430775642395,0.020998694002628326,-0.0034368070773780346,-0.023647377267479897,0.9994939565658569,0.1027737557888031,-0.005361512769013643,-0.023285239934921265,0.9944177865982056,0.10069675743579865,0.040157511830329895,-0.2931194603443146,0.9499096870422363,0.00853713322430849,-0.23880784213542938,-0.3272652328014374,0.914218544960022,0.012885636650025845,-0.2388494312763214,-0.3353625535964966,0.911217212677002,0.012885636650025845,-0.2388494312763214,-0.3353625535964966,0.911217212677002,0.02134299837052822,0.01017859298735857,-0.025136031210422516,0.9994043111801147,-0.15117204189300537,0.014357183128595352,-0.023006675764918327,0.9881353378295898,-0.14248177409172058,0.066927969455719,0.22094155848026276,0.9624991416931152,-0.0475572869181633,-0.2994014322757721,0.2813763916492462,0.9104529023170471,-0.030834969133138657,-0.3006364107131958,0.25409460067749023,0.9187507629394531,-0.030834969133138657,-0.3006364107131958,0.25409460067749023,0.9187507629394531,0.020825883373618126,-0.010759285651147366,-0.024261649698019028,0.999430775642395
-0.002384847146458924,0.0048417180310934785,0.8131445527076722,0.020569128915667534,-0.009856992401182652,-0.024435626342892647,0.9994412660598755,-0.06764076799154281,-0.03763844072818756,0.01575871054083109,0.34335325956344603,-0.33704784512519836,0.0011154976440593601,-0.1743467330932617,-0.0880300909280777,0.0045334673952311276,0.4693993806838989,-0.3680107057094574,0.11383258998394012,0.0,0.01758015938103199,0.16192120611667632,-0.5530318856239319,-0.5867947816848755,-0.017275875061750413,0.0418385311961174,-0.34457836151123045,0.5027517318725586,-0.7765666961669921,-0.06735641658306121,0.0,0.04156700000166893,-0.028920198231935503,-0.0047392840962857015,-0.028088580816984177,0.08312845230102539,-0.01906052753329277,-0.05531630963087082,0.060880932956933975,-0.061040250957012175,0.06241768151521683,-0.16216205060482025,-0.0015957817435264593,0.02340942472219467,0.04770093783736229,-0.06142091304063797,-0.06869762986898423,-0.14360993802547456,-0.051851388067007065,0.0,0.15466543436050414,-0.0937524974346161,0.1686358332633972,0.5295080780982971,0.10511752963066101,-0.008749163709580898,0.08558874577283859,-0.04499995708465576,0.09661745429039001,-0.06017231568694115,0.0,0.0,0.0,0.020569128915667534,-0.009856992401182652,-0.024435626342892647,0.9994412660598755,0.020569128915667534,-0.009856992401182652,-0.024435626342892647,0.9994412660598755,0.01968649961054325,-0.042802657932043076,-0.016416732221841812,0.9987546801567078,0.000874832272529602,-0.042359646409749985,-0.017146913334727287,0.9989548325538635,0.00054093764629215,-0.042365074157714844,-0.009275346994400024,0.9990589618682861,0.0021176370792090893,0.12893152236938477,-0.009046383202075958,0.9916099309921265,0.0005700456677004695,-0.039215125143527985,-0.009273774921894073,0.9991875886917114,0.0011273431591689587,-0.039220258593559265,-0.00925193540751934,0.999187171459198,0.0011273431591689587,-0.039220258593559265,-0.00925193540751934,0.999187171459198,0.018658190965652466,-0.09340547025203705,-0.048593584448099136,0.9942664504051208,-0.02510841377079487,-0.091176837682724,-0.052656665444374084,0.9941244721412659,-0.02531551569700241,-0.09111957252025604,-0.0504031740128994,0.99424147605896,-0.01290040835738182,0.14259029924869537,-0.05490866303443909,0.9881734848022461,-0.022729720920324326,-0.04062165319919586,-0.051621630787849426,0.9975812435150146,0.034055087715387344,-0.04349225386977196,-0.04922754317522049,0.9972589015960693,0.034055087715387344,-0.04349225386977196,-0.04922754317522049,0.9972589015960693,0.020569128915667534,-0.009856992401182652,-0.024435626342892647,0.9994412660598755,0.02077731117606163,-0.0011002436513081193,-0.02370263636112213,0.9995025992393494,0.10154120624065399,-0.0030134457629173994,-0.0235346220433712,0.9945483207702637,0.09890951961278915,0.04182080924510956,-0.29188072681427,0.9504071474075317,0.008922809734940529,-0.23225724697113037,-0.32519179582595825,0.9166390895843506,0.01275554858148098,-0.2322872430086136,-0.3324599266052246,0.9139750599861145,0.01275554858148098,-0.2322872430086136,-0.3324599266052246,0.9139750599861145,0.021087700501084328,0.011036979034543037,-0.02531358040869236,0.9993962049484253,-0.15055908262729645,0.015213383361697197,-0.023047277703881264,0.9882152080535889,-0.14169034361839294,0.06754501163959503,0.22064612805843353,0.9626405835151672,-0.047158725559711456,-0.2980774939060211,0.28071361780166626,0.9111124277114868,-0.030174890533089638,-0.29932504892349243,0.2529057264328003,0.9195285439491272,-0.030174890533089638,-0.29932504892349243,0.2529057264328003,0.9195285439491272,0.020569128915667534,-0.009856992401182652,-0.024435626342892647,0.9994412660598755
-0.0012145508080720901,0.003967379778623581,0.8129458546638488,0.0205435398966074,-0.00854337029159069,-0.02445586957037449,0.9994533658027649,-0.06955721080303193,-0.03652828559279442,0.014477426558732987,0.344868403673172,-0.3400522768497467,0.0007033786037936807,-0.17430315613746644,-0.08726138770580291,0.0028463594615459444,0.467665296792984,-0.3713069796562195,0.11278727948665619,0.0,0.019388360530138017,0.15907784998416902,-0.5503336548805237,-0.5721493482589721,-0.01541656106710434,0.042189723998308185,-0.34265648722648623,0.5036503434181213,-0.7753094911575318,-0.0684947282075882,0.0,0.054277861118316645,-0.04001773297786713,-0.008635996794328093,-0.006536494940519336,0.11933574825525284,-0.004252860695123675,-0.0856956772506237,0.05685104802250862,-0.06330821067094802,0.07242231890559196,-0.1532066911458969,-0.015853409096598624,0.0074864920228719725,0.04075160250067711,-0.07862177193164825,-0.08220254778861999,-0.15951274633407592,-0.052161987870931625,0.0,0.10647389888763428,-0.13006397932767869,0.14334261119365693,0.6815807282924652,0.09600365161895752,0.01098243985325098,0.09346746653318405,0.022447943687438965,0.07129955142736435,-0.05772976204752922,0.0,0.0,0.0,0.0205435398966074,-0.00854337029159069,-0.02445586957037449,0.9994533658027649,0.0205435398966074,-0.00854337029159069,-0.02445586957037449,0.9994533658027649,0.01968649961054325,-0.042802657932043076,-0.016416732221841812,0.9987546801567078,0.001388808130286634,-0.04198969155550003,-0.016906198114156723,0.9989739656448364,0.001084718736819923,-0.041998498141765594,-0.009674536995589733,0.9990701675415039,0.0027287001721560955,0.13004577159881592,-0.009344744496047497,0.9914602041244507,0.0011078808456659317,-0.03959255293011665,-0.009672076441347599,0.9991684556007385,0.0014592793304473162,-0.039595916867256165,-0.00965818576514721,0.9991680383682251,0.0014592793304473162,-0.039595916867256165,-0.00965818576514721,0.9991680383682251,0.018601899966597557,-0.09207761287689209,-0.04860587790608406,0.9943907856941223,-0.02478797733783722,-0.08986993134021759,-0.0525759793817997,0.994255781173706,-0.02491634711623192,-0.08983445912599564,-0.05116098001599312,0.9943298101425171,-0.012384115718305111,0.14300405979156494,-0.055542152374982834,0.9880847930908203,-0.022424284368753433,-0.041842736303806305,-0.052302002906799316,0.997502326965332,0.03383435681462288,-0.044724009931087494,-0.04986073076725006,0.9971804618835449,0.03383435681462288,-0.044724009931087494,-0.04986073076725006,0.9971804618835449,0.0205435398966074,-0.00854337029159069,-0.02445586957037449,0.9994533658027649,0.020774036645889282,0.001114137121476233,-0.023647621273994446,0.9995039701461792,0.10012402385473251,-0.0007682320429012179,-0.02365998551249504,0.9946932792663574,0.09697043895721436,0.04338598996400833,-0.2907933294773102,0.9508700370788574,0.009628446772694588,-0.22422665357589722,-0.32310932874679565,0.9193639755249023,0.012992224656045437,-0.22424453496932983,-0.32962971925735474,0.917000412940979,0.012992224656045437,-0.22424453496932983,-0.32962971925735474,0.917000412940979,0.02106511779129505,0.012525905855000019,-0.02534169703722,0.9993783831596375,-0.14962860941886902,0.01666315086185932,-0.02283574268221855,0.988338053226471,-0.14040793478488922,0.06881027668714523,0.22132374346256256,0.9625833034515381,-0.045848507434129715,-0.29634538292884827,0.2807919979095459,0.9117199182510376,-0.028631234541535378,-0.2975690960884094,0.2524757981300354,0.9202656745910645,-0.028631234541535378,-0.2975690960884094,0.2524757981300354,0.9202656745910645,0.0205435398966074,-0.00854337029159069,-0.02445586957037449,0.9994533658027649
-0.0006749805528670549,0.003338702255859971,0.8128750681877136,0.02033660188317299,-0.007240092381834984,-0.02394813857972622,0.999480128288269,-0.07282279878854751,-0.03527584820985794,0.012674312107264996,0.3468224287033081,-0.3432667553424835,0.0003090880811214447,-0.17515995502471923,-0.08647486865520478,0.00042544859461486335,0.46618291139602663,-0.37404205203056334,0.11113820970058441,0.0,0.02073088251054287,0.15707406103610994,-0.5477859616279602,-0.5597270488739013,-0.013071180880069732,0.04157973974943161,-0.3411417007446289,0.5039802074432373,-0.7735659837722778,-0.06912966668605805,0.0,0.0395930327475071,-0.03634708970785141,-0.0060975546017289165,-0.010517568571958692,0.13040736317634583,0.032264871266670526,-0.13629648536443711,0.059776221960783006,-0.07971910983324051,0.0889236256480217,-0.1565229743719101,-0.02007109597325325,-0.024832427501678467,0.03896963223814964,-0.10636947602033615,-0.07915323525667191,-0.1479776382446289,-0.07037829831242562,0.0,0.07643967866897583,-0.1169807881116867,0.13039540946483613,0.6655776143074036,0.10754767656326295,-0.011275668442249299,0.08388107568025589,0.027868149429559706,0.07744931876659393,-0.04181438311934471,0.0,0.0,0.0,0.02033660188317299,-0.007240092381834984,-0.02394813857972622,0.999480128288269,0.02033660188317299,-0.007240092381834984,-0.02394813857972622,0.999480128288269,0.019414227455854416,-0.04257150739431381,-0.015230009332299232,0.9987887144088745,0.001795558026060462,-0.04229572415351868,-0.015978191047906876,0.9989757537841797,0.0015279324725270271,-0.042305976152420044,-0.009647229686379433,0.9990569949150085,0.003169359639286995,0.1307092159986496,-0.009238649159669876,0.9913725852966309,0.0015451735816895962,-0.040529750287532806,-0.009644649922847748,0.9991306066513062,0.0016995894256979227,-0.04053127020597458,-0.00963854230940342,0.999130368232727,0.0016995894256979227,-0.04053127020597458,-0.00963854230940342,0.999130368232727,0.018399417400360107,-0.0911957398056984,-0.048201050609350204,0.9944956302642822,-0.024603798985481262,-0.08902689814567566,-0.05209800601005554,0.9943615198135376,-0.024623285979032516,-0.08902148902416229,-0.051886528730392456,0.9943724870681763,-0.011972595006227493,0.14307254552841187,-0.056171171367168427,0.9880443811416626,-0.02220844104886055,-0.04313202202320099,-0.052965790033340454,0.9974172711372375,0.03322296217083931,-0.04600680619478226,-0.050489336252212524,0.9971110820770264,0.03322296217083931,-0.04600680619478226,-0.050489336252212524,0.9971110820770264,0.02033660188317299,-0.007240092381834984,-0.02394813857972622,0.999480128288269,0.0205782912671566,0.0030865005683153868,-0.023086093366146088,0.9995169639587402,0.09893327951431274,0.0012653846060857177,-0.0232560858130455,0.9948215484619141,0.09530037641525269,0.04482528194785118,-0.2892579436302185,0.9514402151107788,0.010349243879318237,-0.21733593940734863,-0.3207525610923767,0.921832799911499,0.013162372633814812,-0.2173442244529724,-0.3263062834739685,0.9198436737060547,0.013162372633814812,-0.2173442244529724,-0.3263062834739685,0.9198436737060547,0.020838815718889236,0.013524580746889114,-0.024825548753142357,0.9993830919265747,-0.1491038054227829,0.01754271611571312,-0.0221698135137558,0.9884172677993774,-0.13968244194984436,0.0695660412311554,0.22215352952480316,0.9624435305595398,-0.04507246986031532,-0.2948194146156311,0.2811957001686096,0.9121289253234863,-0.027743123471736908,-0.2960256338119507,0.25258868932724,0.9207595586776733,-0.027743123471736908,-0.2960256338119507,0.25258868932724,0.9207595586776733,0.02033660188317299,-0.007240092381834984,-0.02394813857972622,0.999480128288269
-0.00045077333925291896,0.002832855097949505,0.8128682374954224,0.020038960501551628,-0.005941976793110371,-0.023176390677690506,0.9995128512382507,-0.07676295936107635,-0.033952269703149796,0.01061028242111206,0.3489958941936493,-0.3465862572193146,-7.628818275406957e-05,-0.1764669418334961,-0.08567944169044495,-0.002362363738939166,0.464826375246048,-0.3764965236186981,0.10918726027011871,0.0,0.021840564906597137,0.15549005568027496,-0.5453135371208191,-0.5484163165092468,-0.010482767596840858,0.04048916697502136,-0.3398304581642151,0.5040256977081299,-0.7715793251991272,-0.06951291859149933,0.0,0.011210359632968903,-0.025292357429862022,-0.0003415346145629883,-0.027265224664006382,0.12891113758087158,0.07963763561565429,-0.19700801372528076,0.06617892533540726,-0.1032014787197113,0.10867326706647873,-0.16597507894039154,-0.019268812611699104,-0.06534934043884277,0.039771344512701035,-0.13939060270786285,-0.06782680749893188,-0.12272357195615768,-0.09754746407270432,0.0,0.055484116077423096,-0.07920026034116745,0.12362121790647507,0.565536618232727,0.12942065298557281,-0.05452863126993179,0.06556212902069092,0.0022745132446289062,0.09933292120695114,-0.01916259154677391,0.0,0.0,0.0,0.020038960501551628,-0.005941976793110371,-0.023176390677690506,0.9995128512382507,0.020038960501551628,-0.005941976793110371,-0.023176390677690506,0.9995128512382507,0.019106168299913406,-0.04318312183022499,-0.013975479640066624,0.9987866878509521,0.002148691564798355,-0.04293966293334961,-0.014706512913107872,0.9989671111106873,0.0019208613084629178,-0.042950455099344254,-0.009406669065356255,0.9990310668945312,0.0035248177591711283,0.13114731013774872,-0.008930330164730549,0.9913163781166077,0.0019321932923048735,-0.041746776551008224,-0.009404348209500313,0.999082088470459,0.0018940841546282172,-0.041746415197849274,-0.009405940771102905,0.9990821480751038,0.0018940841546282172,-0.041746415197849274,-0.009405940771102905,0.9990821480751038,0.01812383346259594,-0.09053682535886765,-0.047587644308805466,0.9945904016494751,-0.02448773756623268,-0.08841574192047119,-0.05142137035727501,0.994454026222229,-0.024383284151554108,-0.08844460546970367,-0.052595965564250946,0.9943926334381104,-0.011613456532359123,0.1429683417081833,-0.05679795518517494,0.9880279302597046,-0.022037366405129433,-0.044455356895923615,-0.053621213883161545,0.9973278641700745,0.032416172325611115,-0.047315049916505814,-0.051115553826093674,0.9970444440841675,0.032416172325611115,-0.047315049916505814,-0.051115553826093674,0.9970444440841675,0.020038960501551628,-0.005941976793110371,-0.023176390677690506,0.9995128512382507,0.020286280661821365,0.004937845282256603,-0.02227126806974411,0.9995339512825012,0.09785553812980652,0.0031931931152939796,-0.022587502375245094,0.9949391484260559,0.09376444667577744,0.046201441437006,-0.2874974012374878,0.952060341835022,0.01107740681618452,-0.21101154386997223,-0.3182530105113983,0.9241571426391602,0.013298947364091873,-0.2110104113817215,-0.3227287828922272,0.9225745797157288,0.013298947364091873,-0.2110104113817215,-0.3227287828922272,0.9225745797157288,0.02051064558327198,0.014278125017881393,-0.024037256836891174,0.9993986487388611,-0.14878183603286743,0.01813717931509018,-0.0212766844779253,0.9884747266769409,-0.13923540711402893,0.07006703317165375,0.22305938601493835,0.9622622132301331,-0.04456349462270737,-0.29339635372161865,0.28176188468933105,0.912437915802002,-0.02718278393149376,-0.2945884168148041,0.2529729902744293,0.9211316108703613,-0.02718278393149376,-0.2945884168148041,0.2529729902744293,0.9211316108703613,0.020038960501551628,-0.005941976793110371,-0.023176390677690506,0.9995128512382507
-0.001476714096497744,0.0016003630124032501,0.8127167820930481,0.020124249160289764,-0.004622829612344503,-0.02306467853486538,0.9995207786560059,-0.0839219182729721,-0.032408888638019565,0.008309317007660867,0.35405033826828003,-0.3510852336883545,0.00022468527022283518,-0.18216878175735474,-0.08456146568059922,-0.003783062100410461,0.46714691519737245,-0.3805068552494049,0.10792976468801499,0.0,0.02389349974691868,0.15465248227119446,-0.5414247274398803,-0.5405077338218689,-0.00465209446847439,0.038595869392156604,-0.33896549940109255,0.5047344446182251,-0.7747147560119629,-0.07411139607429504,0.0,-0.02629407495260238,-0.047091702744364736,-0.004680275608552619,-0.004006167501211175,0.13042463660240172,0.04018200486898423,-0.2935719549655914,0.07277299761772156,-0.11030955165624619,0.19510262459516522,-0.2013593167066574,0.0013216789811849525,-0.19719493389129636,0.049447815865278244,-0.09837719053030015,0.04248547554016109,-0.16939936876296996,-0.07674385309219361,0.0,0.08378168940544127,-0.05680730417370797,0.16611276865005492,0.46347211003303534,0.22668845057487486,-0.07861037701368331,0.052173612266778954,0.022172212367877357,-0.054329742491245225,-0.14561935178935526,0.0,0.0,0.0,0.020124249160289764,-0.004622829612344503,-0.02306467853486538,0.9995207786560059,0.020124249160289764,-0.004622829612344503,-0.02306467853486538,0.9995207786560059,0.019122786819934845,-0.04533718153834343,-0.013008058071136475,0.9987039566040039,0.002937497105449438,-0.04511997103691101,-0.013739865273237228,0.9988828301429749,0.0027516873087733984,-0.04513115435838699,-0.009589665569365025,0.9989312887191772,0.004397484939545393,0.13148798048496246,-0.008953755721449852,0.9912676215171814,0.0027659335173666477,-0.04365013539791107,-0.009585417807102203,0.9989970922470093,0.0028781555593013763,-0.043651241809129715,-0.009580325335264206,0.9989968538284302,0.0028781555593013763,-0.043651241809129715,-0.009580325335264206,0.9989968538284302,0.018122714012861252,-0.09194692969322205,-0.048267729580402374,0.994428277015686,-0.02392617240548134,-0.0898248553276062,-0.05211050063371658,0.9943055510520935,-0.023755565285682678,-0.08986970782279968,-0.05399111658334732,0.9942052364349365,-0.010613011196255684,0.14268480241298676,-0.05802258104085922,0.9880090355873108,-0.021395903080701828,-0.046729832887649536,-0.0549696683883667,0.9971644878387451,0.03242106735706329,-0.049626268446445465,-0.052370067685842514,0.9968669414520264,0.03242106735706329,-0.049626268446445465,-0.052370067685842514,0.9968669414520264,0.020124249160289764,-0.004622829612344503,-0.02306467853486538,0.9995207786560059,0.02039434388279915,0.0072795795276761055,-0.02207328751683235,0.9995219707489014,0.09754566848278046,0.005552677903324366,-0.02256901189684868,0.9949596524238586,0.09289298951625824,0.04809551686048508,-0.2856534421443939,0.9526069164276123,0.01190525945276022,-0.20570330321788788,-0.31597596406936646,0.9261229038238525,0.012889385223388672,-0.20570383965969086,-0.3179658353328705,0.9254283905029297,0.012889385223388672,-0.20570383965969086,-0.3179658353328705,0.9254283905029297,0.02051064558327198,0.014278125017881393,-0.024037256836891174,0.9993986487388611,-0.14829492568969727,0.018470535054802895,-0.021070456132292747,0.9885461926460266,-0.13866421580314636,0.0703401267528534,0.22362175583839417,0.9621942043304443,-0.04340760409832001,-0.2945561408996582,0.28222307562828064,0.9119773507118225,-0.02483569271862507,-0.29576534032821655,0.25154244899749756,0.9212125539779663,-0.02483569271862507,-0.29576534032821655,0.25154244899749756,0.9212125539779663,0.020124249160289764,-0.004622829612344503,-0.02306467853486538,0.9995207786560059
-0.0026258318684995187,0.00037508340319618484,0.8126085519790649,0.020111922174692154,-0.0032212890218943357,-0.02271942049264908,0.9995343089103699,-0.09158968627452851,-0.030634282156825062,0.005795045383274553,0.35919858813285827,-0.3557198286056519,0.00046746042789891373,-0.18803957104682922,-0.08320929408073426,-0.005362490005791189,0.4692041099071503,-0.3842297613620758,0.10668898969888688,0.0,0.025902879238128663,0.15429546535015107,-0.5367877840995788,-0.533570384979248,0.0011667228303849746,0.03691955655813217,-0.33856598734855653,0.5043763995170594,-0.7784969091415406,-0.0782384216785431,0.0,-0.05499234348535539,-0.06140822544693947,-0.006276011094450947,0.005699989013373837,0.1362279534339905,0.02796989046037201,-0.3732121884822846,0.08410580903291703,-0.1214474529027939,0.25553637742996216,-0.22901736199855804,0.01330272369086742,-0.290160471200943,0.06292466372251512,-0.07579680085182192,0.10812663286924361,-0.19189380109310147,-0.062373160570859905,0.0,0.10134007781744003,-0.027461973577737775,0.21688447594642646,0.36629209220409387,0.29117798805236816,-0.08815532997250555,0.029284534603357282,0.003433585166931076,-0.17617319822311406,-0.2157803028821945,0.0,0.0,0.0,0.020111922174692154,-0.0032212890218943357,-0.02271942049264908,0.9995343089103699,0.020111922174692154,-0.0032212890218943357,-0.02271942049264908,0.9995343089103699,0.01905030757188797,-0.04765454679727554,-0.011741663329303265,0.998613178730011,0.0037527172826230526,-0.04746820032596588,-0.012468858622014523,0.9987878203392029,0.003616912756115198,-0.04747825860977173,-0.009574715048074722,0.9988198280334473,0.005268422421067953,0.13170991837978363,-0.008773570880293846,0.9912354946136475,0.003633521031588316,-0.04574086517095566,-0.009568316861987114,0.9989008903503418,0.0038669912610203028,-0.04574308544397354,-0.009557556360960007,0.9989000558853149,0.0038669912610203028,-0.04574308544397354,-0.009557556360960007,0.9989000558853149,0.018041621893644333,-0.09335864335298538,-0.0487295538187027,0.9942756295204163,-0.023328600451350212,-0.09125109016895294,-0.05256984382867813,0.9941656589508057,-0.023083234205842018,-0.09131303429603577,-0.055235207080841064,0.9940211772918701,-0.00961090624332428,0.14225445687770844,-0.05908762663602829,0.9880182147026062,-0.020716659724712372,-0.04901017248630524,-0.05616612732410431,0.9970026016235352,0.03247223049402237,-0.05193496495485306,-0.05347365513443947,0.9966888427734375,0.03247223049402237,-0.05193496495485306,-0.05347365513443947,0.9966888427734375,0.020111922174692154,-0.0032212890218943357,-0.02271942049264908,0.9995343089103699,0.020400989800691605,0.009682144038379192,-0.0216448362916708,0.999510645866394,0.097373828291893,0.007985243573784828,-0.022327018901705742,0.9949654340744019,0.09214962273836136,0.05004145950078964,-0.283233106136322,0.9533012509346008,0.01285114511847496,-0.20082195103168488,-0.31320682168006897,0.9281201958656311,0.012614158913493156,-0.2008269876241684,-0.3127022683620453,0.9282923340797424,0.012614158913493156,-0.2008269876241684,-0.3127022683620453,0.9282923340797424,0.02053101733326912,0.01521629560738802,-0.02350347302854061,0.9993970990180969,-0.14813652634620667,0.0189584381878376,-0.020603839308023453,0.988570511341095,-0.13840708136558533,0.07073786854743958,0.2239118069410324,0.962134599685669,-0.04255762696266174,-0.29588890075683594,0.28258228302001953,0.9114747047424316,-0.02290402352809906,-0.29711759090423584,0.2502101957798004,0.9211902022361755,-0.02290402352809906,-0.29711759090423584,0.2502101957798004,0.9211902022361755,0.020111922174692154,-0.0032212890218943357,-0.02271942049264908,0.9995343089103699
-0.004021303495392204,-0.0008357710787095136,0.8125867724418641,0.01990438625216484,-0.0016549703432247043,-0.021907104179263115,0.9995604157447815,-0.10027507245540619,-0.028397224843502045,0.0028541613370180116,0.36453444957733155,-0.3606256604194641,0.0005938390095252545,-0.1942482590675354,-0.08138873130083084,-0.007259376998990775,0.47073461413383483,-0.3873778164386749,0.10548165589570999,0.0,0.027825148031115535,0.15489956140518188,-0.5306545734405518,-0.5285755038261414,0.006961829867213967,0.035677213221788406,-0.3390973687171936,0.5018847703933715,-0.783572506904602,-0.0814225435256958,0.0,-0.06607826873660089,-0.06075909733772278,-0.0023857354186475254,-0.011699652858078492,0.15061090588569642,0.07024482153356078,-0.41900500655174255,0.10491609871387483,-0.14064501076936722,0.26397889852523804,-0.2412230223417282,0.008064877428114412,-0.3053658962249756,0.08400226458907128,-0.09008245617151261,0.08442556113004683,-0.16602550446987152,-0.060868304967880246,0.0,0.0974200963973999,0.0157881058752537,0.2842164963483811,0.2788810551166534,0.2901110053062439,-0.06862670481204985,-0.012605664879083656,-0.09257769584655767,-0.23437821567058564,-0.17334963381290433,0.0,0.0,0.0,0.01990438625216484,-0.0016549703432247043,-0.021907104179263115,0.9995604157447815,0.01990438625216484,-0.0016549703432247043,-0.021907104179263115,0.9995604157447815,0.01879967749118805,-0.05029861629009247,-0.009877367876470089,0.9985083937644958,0.004620767664164305,-0.05015238747000694,-0.010589190758764744,0.9986746907234192,0.0045509422197937965,-0.050158314406871796,-0.009163902141153812,0.9986889362335205,0.006135906092822552,0.13169459998607635,-0.008186174556612968,0.9912375807762146,0.004568803124129772,-0.0482063852250576,-0.009154899045825005,0.9987850189208984,0.004865358583629131,-0.048209093511104584,-0.009140515699982643,0.9987835884094238,0.004865358583629131,-0.048209093511104584,-0.009140515699982643,0.9987835884094238,0.017800644040107727,-0.09477381408214569,-0.04875500872731209,0.994144856929779,-0.022659078240394592,-0.09271188080310822,-0.05256976559758186,0.9940459728240967,-0.022321797907352448,-0.09279321879148483,-0.05617743730545044,0.9938486218452454,-0.008605515584349632,0.14153090119361877,-0.05983365327119827,0.988086462020874,-0.019962046295404434,-0.051302600651979446,-0.057059042155742645,0.9968519806861877,0.032616179436445236,-0.05423898622393608,-0.05427582189440727,0.996518075466156,0.032616179436445236,-0.05423898622393608,-0.05427582189440727,0.996518075466156,0.01990438625216484,-0.0016549703432247043,-0.021907104179263115,0.9995604157447815,0.020204899832606316,0.01220638770610094,-0.020755557343363762,0.999505877494812,0.0974784791469574,0.010563982650637627,-0.02163812518119812,0.9949464201927185,0.09166256338357925,0.05209118500351906,-0.2796603739261627,0.9542926549911499,0.014033528976142406,-0.19680258631706238,-0.30946603417396545,0.9302165508270264,0.012608353979885578,-0.19682163000106812,-0.3064558804035187,0.9312286972999573,0.012608353979885578,-0.19682163000106812,-0.3064558804035187,0.9312286972999573,0.02029331773519516,0.016162222251296043,-0.022668752819299698,0.9994063973426819,-0.14863502979278564,0.019755424931645393,-0.019616438075900078,0.98850017786026,-0.1387781947851181,0.07138493657112122,0.22365745902061462,0.9620925188064575,-0.04231957346200943,-0.2975684404373169,0.2827383875846863,0.9108904004096985,-0.02180350385606289,-0.29882383346557617,0.2490774691104889,0.9209718704223633,-0.02180350385606289,-0.29882383346557617,0.2490774691104889,0.9209718704223633,0.01990438625216484,-0.0016549703432247043,-0.021907104179263115,0.9995604157447815
-0.005652362760156392,-0.0026918422430753704,0.8124832153320313,0.020019371062517166,0.00040596327744424343,-0.02169521152973175,0.9995641112327576,-0.11039622724056243,-0.025697480514645578,0.0010015971725806597,0.3701411187648773,-0.3643563985824585,0.0005284297512844205,-0.20189048647880553,-0.07913859188556671,-0.00896827895194292,0.4715570867061615,-0.3904916226863861,0.10382236987352371,0.0,0.029509539902210235,0.15576528012752533,-0.524356997013092,-0.524663758277893,0.012113456241786478,0.03513997197151184,-0.339156574010849,0.5004283428192139,-0.7899163484573364,-0.0863462895154953,0.0,-0.07684120684862136,-0.0798992209136486,-0.003542303852736949,0.002552850916981691,0.18536359071731567,0.048908101022243515,-0.47734234929084773,0.1257334694266319,-0.11439459621906281,0.27491729259490966,-0.21003876626491547,0.0005652938038110756,-0.3534405529499054,0.10391543060541153,-0.08920479118824005,0.055284257233142856,-0.15637527406215668,-0.07392525151371955,0.0,0.0889771267771721,0.03805348016321659,0.3115914762020111,0.21724997460842133,0.2704509377479553,-0.0409641019999981,-0.012403784319758422,-0.09352540224790575,-0.29182718992233275,-0.21139480173587796,0.0,0.0,0.0,0.020019371062517166,0.00040596327744424343,-0.02169521152973175,0.9995641112327576,0.020019371062517166,0.00040596327744424343,-0.02169521152973175,0.9995641112327576,0.01884017139673233,-0.053147755563259125,-0.00845704972743988,0.9983731508255005,0.006010987795889378,-0.053033582866191864,-0.009136318229138851,0.9985328912734985,0.0059857238084077835,-0.05303584039211273,-0.008636180311441422,0.9985374212265015,0.007470961194485426,0.13161656260490417,-0.007384228520095348,0.9912450909614563,0.006010149605572224,-0.05014749616384506,-0.008617348968982697,0.9986865520477295,0.006274022161960602,-0.05014980211853981,-0.00860418938100338,0.9986849427223206,0.006274022161960602,-0.05014980211853981,-0.00860418938100338,0.9986849427223206,0.017792975530028343,-0.09637145698070526,-0.04960468411445618,0.9939493536949158,-0.021540753543376923,-0.09433482587337494,-0.05337686836719513,0.99387526512146,-0.021116627380251884,-0.09442980587482452,-0.057832926511764526,0.9936259388923645,-0.007022359408438206,0.1402938812971115,-0.06116539239883423,0.9881938695907593,-0.018757537007331848,-0.05408882349729538,-0.058642514050006866,0.9966362118721008,0.03298123553395271,-0.05705762654542923,-0.055758871138095856,0.9962668418884277,0.03298123553395271,-0.05705762654542923,-0.055758871138095856,0.9962668418884277,0.020019371062517166,0.00040596327744424343,-0.02169521152973175,0.9995641112327576,0.020337175577878952,0.015106061473488808,-0.02047191746532917,0.9994694590568542,0.09803815186023712,0.013467390090227127,-0.02158619463443756,0.9948574304580688,0.09156221151351929,0.05456088110804558,-0.2765960693359375,0.9550570249557495,0.015274781733751297,-0.19280655682086945,-0.3063478469848633,0.9320640563964844,0.012814830988645554,-0.19284813106060028,-0.30109360814094543,0.9338030219078064,0.012814830988645554,-0.19284813106060028,-0.30109360814094543,0.9338030219078064,0.020396243780851364,0.017954755574464798,-0.02244354411959648,0.9993788003921509,-0.14855816960334778,0.02148495241999626,-0.01909158006310463,0.9884859323501587,-0.13832633197307587,0.07289698719978333,0.22347062826156616,0.9620876312255859,-0.04111024737358093,-0.2990584671497345,0.2827022075653076,0.9104688763618469,-0.01929333060979843,-0.3003184497356415,0.2470211237668991,0.921095609664917,-0.01929333060979843,-0.3003184497356415,0.2470211237668991,0.921095609664917,0.020019371062517166,0.00040596327744424343,-0.02169521152973175,0.9995641112327576
-0.007401215843856335,-0.0048705218359827995,0.8123387694358826,0.020295539870858192,0.0027141994796693325,-0.02178345061838627,0.9995530247688293,-0.12123526632785797,-0.022766392678022385,-0.0003068068763241172,0.37588319182395935,-0.36749958992004395,0.0003671265731099993,-0.21024948358535767,-0.07667366415262222,-0.010583188384771347,0.4720255434513092,-0.3935883045196533,0.10193710774183273,0.0,0.031074993312358856,0.15676181018352509,-0.517977237701416,-0.521293580532074,0.016943342983722687,0.034955281764268875,-0.33897969126701355,0.49948951601982117,-0.7968943119049072,-0.0921398475766182,0.0,-0.08744265139102936,-0.10893397033214569,-0.007222294341772795,0.03263142891228199,0.2303011417388916,-0.004234448075294495,-0.5419519543647766,0.1465543806552887,-0.06542019546031952,0.2871036231517792,-0.15715955197811127,-0.008065158501267433,-0.4179498255252838,0.12324637919664383,-0.08074546605348587,0.023422837257385254,-0.1548340767621994,-0.09426309913396835,0.0,0.07827266305685043,0.049826499074697495,0.3189879357814789,0.1685088723897934,0.2414943277835846,-0.009234510362148285,0.00884413905441761,-0.04694133251905441,-0.34889814257621765,-0.2896778881549835,0.0,0.0,0.0,0.020295539870858192,0.0027141994796693325,-0.02178345061838627,0.9995530247688293,0.020295539870858192,0.0027141994796693325,-0.02178345061838627,0.9995530247688293,0.01902613416314125,-0.05609913915395737,-0.007258682511746883,0.9982175230979919,0.007662239950150251,-0.05601287633180618,-0.00789678655564785,0.9983693957328796,0.007670832332223654,-0.05601170286536217,-0.008049939759075642,0.9983682036399841,0.009039783850312233,0.13150686025619507,-0.006474990863353014,0.9912528991699219,0.0077045089565217495,-0.05182626098394394,-0.008017714135348797,0.9985942244529724,0.007887814193964005,-0.05182773247361183,-0.0080082006752491,0.9985927939414978,0.007887814193964005,-0.05182773247361183,-0.0080082006752491,0.9985927939414978,0.017901906743645668,-0.09806007146835327,-0.05086631327867508,0.9937184453010559,-0.020197933539748192,-0.09603843837976456,-0.05458733066916466,0.9936744570732117,-0.01968945749104023,-0.09614397585391998,-0.059844665229320526,0.9933716654777527,-0.005150279961526394,0.13879923522472382,-0.06278959661722183,0.9883145689964294,-0.017327893525362015,-0.05712136626243591,-0.06057064235210419,0.9963774681091309,0.03345654532313347,-0.06013305112719536,-0.05758184939622879,0.995966374874115,0.03345654532313347,-0.06013305112719536,-0.05758184939622879,0.995966374874115,0.020295539870858192,0.0027141994796693325,-0.02178345061838627,0.9995530247688293,0.02063351683318615,0.018193352967500687,-0.02049097791314125,0.9994115233421326,0.09882476180791855,0.01653303951025009,-0.02185261808335781,0.9947274923324585,0.09165457636117935,0.05724017322063446,-0.27378416061401367,0.9557014107704163,0.016545269638299942,-0.1888200342655182,-0.30353742837905884,0.9337763786315918,0.013127225451171398,-0.18888738751411438,-0.29616841673851013,0.9361802935600281,0.013127225451171398,-0.18888738751411438,-0.29616841673851013,0.9361802935600281,0.02066941373050213,0.02017052471637726,-0.02252301201224327,0.9993290901184082,-0.1481931209564209,0.02368067018687725,-0.018797922879457474,0.9884961843490601,-0.13746249675750732,0.07484126091003418,0.2233167290687561,0.9620979428291321,-0.0394151471555233,-0.3004527986049652,0.2825689911842346,0.9101259708404541,-0.016078069806098938,-0.3017030358314514,0.2444995641708374,0.9213775992393494,-0.016078069806098938,-0.3017030358314514,0.2444995641708374,0.9213775992393494,0.020295539870858192,0.0027141994796693325,-0.02178345061838627,0.9995530247688293
-0.009811068326234816,-0.00666615180671215,0.8121728301048279,0.019863564521074295,0.005376553628593683,-0.021525543183088303,0.9995565414428711,-0.13612440526485442,-0.018807292357087137,-0.0026616011222358785,0.3855149507522583,-0.37326315641403196,0.0009251415787730364,-0.2209620475769043,-0.07292709648609161,-0.011647179909050464,0.4738193154335022,-0.3955715298652649,0.10075349360704422,0.0,0.033627497404813765,0.15892765820026397,-0.5104458808898926,-0.5210700273513794,0.023608427867293356,0.036836272478103636,-0.3415615499019623,0.4946636497974396,-0.8030845642089843,-0.09723697900772095,0.0,-0.10727262943983078,-0.09744248390197754,-0.007867097668349744,-0.009337008744478216,0.25204046368598937,0.01709064953029155,-0.6634549140930176,0.17739475965499876,-0.09681190252304075,0.4037941992282867,-0.23577079772949217,0.013514384254813189,-0.48855684995651244,0.16169557273387908,-0.06421793103218079,0.06318228803575038,-0.12143038660287858,-0.07321366146206856,0.0,0.10788418352603911,0.08490603566169738,0.35353586077690125,0.0741101443767548,0.2965502619743347,0.05273591373115777,-0.0739181041717529,-0.16355250999331472,-0.3252668082714081,-0.2687850892543793,0.0,0.0,0.0,0.019863564521074295,0.005376553628593683,-0.021525543183088303,0.9995565414428711,0.019863564521074295,0.005376553628593683,-0.021525543183088303,0.9995565414428711,0.01850270852446556,-0.06064828857779503,-0.00518415542319417,0.9979742765426636,0.009117087349295616,-0.06059414893388748,-0.005748201161623001,0.9981043338775635,0.009201295673847198,-0.06058071553707123,-0.007076246663928032,0.9980958700180054,0.010382297448813915,0.13174250721931458,-0.0051782336086034775,0.9912161827087402,0.009243150241672993,-0.054465390741825104,-0.007017740048468113,0.9984482526779175,0.00970497727394104,-0.054468460381031036,-0.006992056965827942,0.9984438419342041,0.00970497727394104,-0.054468460381031036,-0.006992056965827942,0.9984438419342041,0.01729501411318779,-0.10054217278957367,-0.05203168839216232,0.9934207201004028,-0.018932491540908813,-0.098580002784729,-0.05565933883190155,0.9933910369873047,-0.01835719123482704,-0.09868817031383514,-0.06144338101148605,0.9930500984191895,-0.0034229448065161705,0.13713695108890533,-0.06403447687625885,0.9884742498397827,-0.015939952805638313,-0.05977056920528412,-0.06211448460817337,0.9961501359939575,0.03424195200204849,-0.06282195448875427,-0.05902694910764694,0.9956891536712646,0.03424195200204849,-0.06282195448875427,-0.05902694910764694,0.9956891536712646,0.019863564521074295,0.005376553628593683,-0.021525543183088303,0.9995565414428711,0.020227601751685143,0.022127198055386543,-0.02013438194990158,0.9993478059768677,0.099492147564888,0.020459122955799103,-0.021830148994922638,0.9945883750915527,0.09147030115127563,0.06063496321439743,-0.27014482021331787,0.9565449953079224,0.01727990247309208,-0.18565818667411804,-0.2999763488769531,0.9355461597442627,0.01255803182721138,-0.18577229976654053,-0.2896721065044403,0.9388402700424194,0.01255803182721138,-0.18577229976654053,-0.2896721065044403,0.9388402700424194,0.02024940401315689,0.02377120405435562,-0.022313006222248077,0.9992632269859314,-0.14987170696258545,0.02721683494746685,-0.017945431172847748,0.9881678223609924,-0.13839085400104523,0.07819651812314987,0.22174102067947388,0.9620624780654907,-0.03999647498130798,-0.3001309931278229,0.28177908062934875,0.9104517698287964,-0.015380945056676865,-0.30147039890289307,0.241571307182312,0.9222376942634583,-0.015380945056676865,-0.30147039890289307,0.241571307182312,0.9222376942634583,0.019863564521074295,0.005376553628593683,-0.021525543183088303,0.9995565414428711
-0.012599076330661771,-0.008719949796795844,0.8118554949760437,0.019480738788843155,0.008410139940679073,-0.021411584690213203,0.9995455741882324,-0.15360706746578215,-0.014712753705680372,-0.005870153754949567,0.3973828911781311,-0.3794427990913391,0.0020421277498826372,-0.23411172032356262,-0.06877159178256989,-0.011848809383809568,0.47747732400894166,-0.39776203632354734,0.09930405020713806,0.0,0.036839617788791655,0.16138824820518494,-0.5021320104598999,-0.5220271348953247,0.029633474349975583,0.039994262903928754,-0.3448933005332947,0.4891716122627258,-0.8107335448265076,-0.10181015729904175,0.0,-0.13183728158473967,-0.0975265324115753,-0.012838840112090102,-0.03393723592162133,0.2889088928699493,0.023070824891328827,-0.8222625970840453,0.20201815962791442,-0.1433524519205093,0.5486733555793761,-0.3006605803966522,0.04466988295316693,-0.6087414503097532,0.19959647953510282,-0.02732871472835545,0.1456156834959983,-0.10537969470024108,-0.06715558022260665,0.0,0.14741368591785428,0.11713465154170988,0.4000432193279266,-0.02424216065555805,0.3140530675649643,0.13235951662063591,-0.15158968865871425,-0.2612784326076507,-0.3532744407653808,-0.2391379624605179,0.0,0.0,0.0,0.019480738788843155,0.008410139940679073,-0.021411584690213203,0.9995455741882324,0.019480738788843155,0.008410139940679073,-0.021411584690213203,0.9995455741882324,0.01800728216767311,-0.06608115881681442,-0.002941158367320895,0.9976474046707153,0.010667316615581512,-0.06605525314807892,-0.0034201894886791706,0.9977530837059021,0.010868997313082218,-0.06602153927087784,-0.006348090711981058,0.9977388381958008,0.011905604042112827,0.13221769034862518,-0.004070962779223919,0.9911408424377441,0.010924793779850006,-0.05706927925348282,-0.006246228702366352,0.9982908964157104,0.01194403599947691,-0.05707553029060364,-0.0061867013573646545,0.9982792735099792,0.01194403599947691,-0.05707553029060364,-0.0061867013573646545,0.9982792735099792,0.0166731346398592,-0.10381701588630676,-0.05367407575249672,0.9930071234703064,-0.01747606135904789,-0.10191335529088974,-0.0572061613202095,0.9929933547973633,-0.01687362603843212,-0.10201562941074371,-0.06308817118406296,0.9926369190216064,-0.001474045217037201,0.13561378419399261,-0.06528499722480774,0.9886074662208557,-0.01434450875967741,-0.062381014227867126,-0.06370813399553299,0.9959137439727783,0.03510211035609245,-0.06546533107757568,-0.060534656047821045,0.9953983426094055,0.03510211035609245,-0.06546533107757568,-0.060534656047821045,0.9953983426094055,0.019480738788843155,0.008410139940679073,-0.021411584690213203,0.9995455741882324,0.019881252199411392,0.026760270819067955,-0.019894205033779144,0.9992462396621704,0.10036225616931915,0.025069257244467735,-0.021990593522787094,0.9943920969963074,0.09135600179433823,0.06468307971954346,-0.2662912607192993,0.9573708772659302,0.017959821969270706,-0.1824112981557846,-0.29627060890197754,0.9373513460159302,0.012072177603840828,-0.18257009983062744,-0.28329697251319885,0.9414165616035461,0.012072177603840828,-0.18257009983062744,-0.28329697251319885,0.9414165616035461,0.019893601536750793,0.028380168601870537,-0.02227397821843624,0.9991509318351746,-0.15184879302978516,0.03178040310740471,-0.017066707834601402,0.9877452254295349,-0.1393994688987732,0.08254999667406082,0.21984806656837463,0.9619876146316528,-0.04056752100586891,-0.2995404601097107,0.2808048725128174,0.9109216928482056,-0.014819728210568428,-0.30096596479415894,0.23866449296474457,0.9231679439544678,-0.014819728210568428,-0.30096596479415894,0.23866449296474457,0.9231679439544678,0.019480738788843155,0.008410139940679073,-0.021411584690213203,0.9995455741882324
-0.016143395379185677,-0.011290083825588227,0.8112353682518005,0.019196275621652603,0.012186165899038315,-0.021585572510957718,0.9995083808898926,-0.17627677619457247,-0.01034733839333057,-0.010786222666502001,0.41372319459915163,-0.38645459413528443,0.004277056339196862,-0.25213561058044437,-0.06379821300506591,-0.010325714759528636,0.484863805770874,-0.40036710500717165,0.09732294827699661,0.0,0.04137097075581551,0.16443832218647003,-0.49225311279296874,-0.5253455638885498,0.03437844403088093,0.04570625275373459,-0.3497248351573944,0.4823472321033478,-0.8212999820709228,-0.10533542931079865,0.0,-0.16587128192186357,-0.12076165080070497,-0.026464460790157324,-0.02380103841423988,0.3560355365276337,-0.0016388535499572907,-1.055679726600647,0.21420760154724122,-0.22019068598747257,0.7499296724796296,-0.3381074368953705,0.09497728794813158,-0.8280812025070192,0.23640081286430362,0.0502838641405106,0.31339695900678644,-0.12403499931097031,-0.09108021184802056,0.0,0.2067791521549225,0.14366142600774767,0.47046944499015814,-0.13050161693245177,0.25644961595535276,0.2472894817590714,-0.21907995939254765,-0.3212338417768479,-0.4845600068569184,-0.19198217988014218,0.0,0.0,0.0,0.019196275621652603,0.012186165899038315,-0.021585572510957718,0.9995083808898926,0.019196275621652603,0.012186165899038315,-0.021585572510957718,0.9995083808898926,0.017567932605743408,-0.07328135520219803,-0.0003613602602854371,0.9971564412117004,0.012408269569277763,-0.07327602803707123,-0.0007334879483096302,0.9972342848777771,0.012811118736863136,-0.07320590317249298,-0.0061110639944672585,0.9972158670425415,0.013790521770715714,0.13317233324050903,-0.003342685289680958,0.9909913539886475,0.012892521917819977,-0.05960322916507721,-0.005931721068918705,0.9981212615966797,0.01502692699432373,-0.05961567908525467,-0.005802992265671492,0.998091459274292,0.01502692699432373,-0.05961567908525467,-0.005802992265671492,0.998091459274292,0.016021156683564186,-0.10867646336555481,-0.05627002194523811,0.9923539757728577,-0.01563757099211216,-0.10682949423789978,-0.059702176600694656,0.9923600554466248,-0.015087464824318886,-0.10690932720899582,-0.06482493132352829,0.9920386075973511,0.0009179443586617708,0.13436979055404663,-0.06654717028141022,0.9886937737464905,-0.012334238737821579,-0.0649145096540451,-0.06540201604366302,0.995668888092041,0.03611208125948906,-0.06801822036504745,-0.06216810643672943,0.9950904250144958,0.03611208125948906,-0.06801822036504745,-0.06216810643672943,0.9950904250144958,0.019196275621652603,0.012186165899038315,-0.021585572510957718,0.9995083808898926,0.019654083997011185,0.03279169276356697,-0.019886916503310204,0.9990711212158203,0.1016378253698349,0.031047342345118523,-0.022516874596476555,0.994081974029541,0.09138265252113342,0.07003834843635559,-0.2620123326778412,0.9581719040870667,0.01853068545460701,-0.17899858951568604,-0.2922825217247009,0.9392482042312622,0.011753816157579422,-0.17920555174350739,-0.2771826982498169,0.9438838958740234,0.011753816157579422,-0.17920555174350739,-0.2771826982498169,0.9438838958740234,0.019666079431772232,0.03500533849000931,-0.022576740011572838,0.9989384412765503,-0.1544215828180313,0.03839835897088051,-0.016135428100824356,0.9871267080307007,-0.14056743681430817,0.08889913558959961,0.21731896698474884,0.9618265628814697,-0.04111799597740173,-0.2984124422073364,0.2794620990753174,0.9116798043251038,-0.014530481770634651,-0.2999207675457001,0.23580287396907806,0.9242473840713501,-0.014530481770634651,-0.2999207675457001,0.23580287396907806,0.9242473840713501,0.019196275621652603,0.012186165899038315,-0.021585572510957718,0.9995083808898926
-0.019341409951448445,-0.014657374843955046,0.8101467013359069,0.019162558019161224,0.018023718148469925,-0.02163691446185112,0.9994198083877563,-0.20557712614536292,-0.00522450190037488,-0.01612156257033349,0.4342645406723023,-0.39278850555419925,0.005427776370197535,-0.27526096701622016,-0.05773433744907378,-0.008555586822330949,0.49427639245986943,-0.40186222791671755,0.09665724039077758,0.0,0.045656706392765055,0.16844308972358704,-0.48230944871902465,-0.5276543855667114,0.037074655294418335,0.053652761131525055,-0.355416476726532,0.47506688833236693,-0.832123625278473,-0.10867538452148438,0.0,-0.16682681143283842,-0.15242140293121345,-0.04506254009902481,-0.002550090104341464,0.5016150414943699,-0.00042657721787688757,-1.3324046373367315,0.24099338650703436,-0.25838156640529636,0.9430463910102848,-0.33025321364402765,0.07922016531229012,-1.0542384386062627,0.28138382136821755,0.08356572389602662,0.43010721802711505,-0.09695506095886222,-0.05959327071905127,0.0,0.2191991180181503,0.1811444908380509,0.4958878457546234,-0.13563321828842156,0.17578571736812576,0.35263502597808855,-0.26737991869449623,-0.35489788651466375,-0.5360380411148071,-0.17070408165454865,0.0,0.0,0.0,0.019162558019161224,0.018023718148469925,-0.02163691446185112,0.9994198083877563,0.019162558019161224,0.018023718148469925,-0.02163691446185112,0.9994198083877563,0.017413565889000893,-0.08163487911224365,0.003117869608104229,0.9965052604675293,0.014809012413024902,-0.08163563162088394,0.002921000123023987,0.9965479373931885,0.015482909977436066,-0.08150780946016312,-0.00511051993817091,0.9965394735336304,0.016204066574573517,0.13509038090705872,-0.0016348306089639664,0.9906994104385376,0.015576738864183426,-0.060825757682323456,-0.004771454259753227,0.9980154037475586,0.018285175785422325,-0.06083820015192032,-0.004606251604855061,0.9979695081710815,0.018285175785422325,-0.06083820015192032,-0.004606251604855061,0.9979695081710815,0.015458028763532639,-0.11391132324934006,-0.05945727229118347,0.9915896654129028,-0.013170663267374039,-0.11215560138225555,-0.0627085417509079,0.9916225671768188,-0.01269422098994255,-0.11221242696046829,-0.06695027649402618,0.9913450479507446,0.004074960481375456,0.13370952010154724,-0.068009153008461,0.9886758327484131,-0.00958111323416233,-0.06630223244428635,-0.06745516508817673,0.9954707622528076,0.03852107375860214,-0.06948355585336685,-0.06417335569858551,0.9947712421417236,0.03852107375860214,-0.06948355585336685,-0.06417335569858551,0.9947712421417236,0.019162558019161224,0.018023718148469925,-0.02163691446185112,0.9994198083877563,0.01967708021402359,0.040759649127721786,-0.019762344658374786,0.9987796545028687,0.10362611711025238,0.038951873779296875,-0.02313440665602684,0.9935840368270874,0.091719850897789,0.07742591202259064,-0.25773531198501587,0.9587310552597046,0.019520513713359833,-0.17308926582336426,-0.28833475708961487,0.9415532350540161,0.012314027175307274,-0.17334651947021484,-0.27198392152786255,0.9464799165725708,0.012314027175307274,-0.17334651947021484,-0.27198392152786255,0.9464799165725708,0.01970359869301319,0.044804222881793976,-0.02279958873987198,0.9985412359237671,-0.1571221947669983,0.0481252484023571,-0.014497358351945877,0.9862992763519287,-0.14122161269187927,0.09824445843696594,0.21521413326263428,0.9612946510314941,-0.04093150421977043,-0.29454195499420166,0.278313547372818,0.9132968783378601,-0.013694439083337784,-0.2960987985134125,0.23312649130821228,0.9261695742607117,-0.013694439083337784,-0.2960987985134125,0.23312649130821228,0.9261695742607117,0.019162558019161224,0.018023718148469925,-0.02163691446185112,0.9994198083877563
-0.022366272285580635,-0.01842324435710907,0.8088237643241882,0.019253546372056007,0.02489134669303894,-0.021626178175210953,0.9992707371711731,-0.23819279670715332,0.00027704518288373947,-0.02166653797030449,0.45690640807151794,-0.39878347516059875,0.006036391947418451,-0.30093705654144287,-0.051125213503837585,-0.006661942228674889,0.5047020316123962,-0.40280237793922424,0.09664922952651978,0.0,0.04981963336467743,0.17292520403862,-0.4723334014415741,-0.5294584035873413,0.038746487349271774,0.0627165287733078,-0.3615381717681885,0.4675585627555847,-0.8430758714675903,-0.11192268133163452,0.0,-0.15124310553073883,-0.1882934719324112,-0.06614684872329235,0.024258233606815338,0.6864209771156311,0.01374667789787054,-1.6307834386825562,0.27507734298706055,-0.2772487699985504,1.1320933103561401,-0.2997484505176544,0.030430778861045837,-1.2838044166564941,0.3304561674594879,0.0946822240948677,0.5212819576263428,-0.04700750112533569,-0.0004005432128906389,0.0,0.208146333694458,0.22410570085048676,0.4988023340702057,-0.09020089358091354,0.08359159529209137,0.45318835973739624,-0.3060847222805023,-0.37541624903678894,-0.5476123094558716,-0.16236482560634613,0.0,0.0,0.0,0.019253546372056007,0.02489134669303894,-0.021626178175210953,0.9992707371711731,0.019253546372056007,0.02489134669303894,-0.021626178175210953,0.9992707371711731,0.017400648444890976,-0.09055989235639572,0.007046513259410858,0.9957140684127808,0.01753857731819153,-0.09055891633033752,0.007059057708829641,0.995711624622345,0.01851857826113701,-0.09036359935998917,-0.003727957373484969,0.9957296848297119,0.018881700932979584,0.13748832046985626,0.0005628274520859122,0.9903232455253601,0.018619084730744362,-0.061392154544591904,-0.0031882820185273886,0.9979349374771118,0.02163095772266388,-0.061401497572660446,-0.0030029742047190666,0.9978742003440857,0.02163095772266388,-0.061401497572660446,-0.0030029742047190666,0.9978742003440857,0.01493894960731268,-0.11933094263076782,-0.0629386380314827,0.9907450079917908,-0.010389197617769241,-0.11768326163291931,-0.06596815586090088,0.9908031821250916,-0.009997141547501087,-0.1177172139286995,-0.0692681223154068,0.9905779361724854,0.007614434696733952,0.1333398073911667,-0.06957036256790161,0.9885962009429932,-0.0064564966596663,-0.06711651384830475,-0.0696873664855957,0.9952875971794128,0.041629210114479065,-0.07040446251630783,-0.06636389344930649,0.994437575340271,0.041629210114479065,-0.07040446251630783,-0.06636389344930649,0.994437575340271,0.019253546372056007,0.02489134669303894,-0.021626178175210953,0.9992707371711731,0.019824087619781494,0.049693476408720016,-0.019578058272600174,0.9983758330345154,0.10596469044685364,0.047817181795835495,-0.02379619888961315,0.9929344058036804,0.0922069400548935,0.0858248695731163,-0.25344422459602356,0.9591131210327148,0.02071879431605339,-0.16592277586460114,-0.284392386674881,0.9440134167671204,0.013312900438904762,-0.1662318855524063,-0.2672295570373535,0.9490932822227478,0.013312900438904762,-0.1662318855524063,-0.2672295570373535,0.9490932822227478,0.01987178809940815,0.05618545040488243,-0.022980330511927605,0.9979580044746399,-0.15987107157707214,0.0594014935195446,-0.012504514306783676,0.9852696657180786,-0.14160680770874023,0.10907917469739914,0.2133030742406845,0.9604952335357666,-0.04037545248866081,-0.2892925441265106,0.27725473046302795,0.9153193235397339,-0.01258459035307169,-0.2908794581890106,0.23053564131259918,0.9284848570823669,-0.01258459035307169,-0.2908794581890106,0.23053564131259918,0.9284848570823669,0.019253546372056007,0.02489134669303894,-0.021626178175210953,0.9992707371711731
-0.027804333716630943,-0.02162803485989571,0.8073058485984802,0.019047237932682037,0.03399614617228508,-0.02197358012199402,0.998998761177063,-0.2820429086685181,0.0051280244952067785,-0.02928931787610055,0.48370712995529175,-0.4034228205680847,0.004888858273625373,-0.33843044042587284,-0.04358227849006652,-0.0032900065183639493,0.5218035459518433,-0.39829063415527344,0.09965466260910034,0.0,0.05335625112056733,0.1774396389722824,-0.4602198123931885,-0.5382503271102905,0.035762827098369594,0.07198610901832582,-0.3677209496498108,0.45660472512245176,-0.8565178155899048,-0.11190346330404281,0.0,-0.22363908290863044,-0.17146109938621518,-0.07199620753526688,0.008943266049027425,0.8215407967567445,-0.004857205599546454,-1.9678167343139652,0.25556030273437497,-0.33958289623260507,1.2568589448928835,-0.2590797334909439,-0.022253695502877292,-1.6383232116699222,0.35847049951553345,0.13903095424175266,0.7215581774711611,0.11654929891228694,0.09000276628066796,0.0,0.18935705721378324,0.22507531940937042,0.5629285693168641,-0.2998380407691004,-0.05607316493988054,0.4593627333641052,-0.30791720747947693,-0.4787816286087037,-0.6223032116889955,-0.06436938941478719,0.0,0.0,0.0,0.019047237932682037,0.03399614617228508,-0.02197358012199402,0.998998761177063,0.019047237932682037,0.03399614617228508,-0.02197358012199402,0.998998761177063,0.017139069736003876,-0.10266368091106415,0.012001307681202888,0.9944961071014404,0.019686836749315262,-0.10262453556060791,0.012284045107662678,0.9944494962692261,0.021217860281467438,-0.10231801122426987,-0.0022768983617424965,0.9945229291915894,0.021125085651874542,0.1388503462076187,0.002891147043555975,0.9900839328765869,0.02127879671752453,-0.06232441961765289,-0.0014039205852895975,0.9978282451629639,0.023717867210507393,-0.0623282715678215,-0.0012519218726083636,0.9977729320526123,0.023717867210507393,-0.0623282715678215,-0.0012519218726083636,0.9977729320526123,0.013684704899787903,-0.1281690001487732,-0.06829044967889786,0.989303708076477,-0.007878666743636131,-0.12666407227516174,-0.07104483246803284,0.989366888999939,-0.007680327631533146,-0.1266789436340332,-0.07267346978187561,0.9892482757568359,0.011340651661157608,0.13278552889823914,-0.0721738189458847,0.9884485006332397,-0.003156798891723156,-0.06538556516170502,-0.0729861706495285,0.9951823949813843,0.046413734555244446,-0.06894319504499435,-0.06964071840047836,0.9941040277481079,0.046413734555244446,-0.06894319504499435,-0.06964071840047836,0.9941040277481079,0.019047237932682037,0.03399614617228508,-0.02197358012199402,0.998998761177063,0.01968369260430336,0.060547836124897,-0.019785884767770767,0.9977751970291138,0.10801160335540771,0.05855480954051018,-0.02508903667330742,0.9921064376831055,0.0922374278306961,0.09581075608730316,-0.24872007966041565,0.9594012498855591,0.02063237875699997,-0.16051030158996582,-0.2801900804042816,0.9462052583694458,0.013882461935281754,-0.16081401705741882,-0.26429617404937744,0.9508384466171265,0.013882461935281754,-0.16081401705741882,-0.26429617404937744,0.9508384466171265,0.019747134298086166,0.069895438849926,-0.023533765226602554,0.9970811605453491,-0.16287657618522644,0.0730159729719162,-0.010330412536859512,0.9838868379592896,-0.14205847680568695,0.12189243733882904,0.20986488461494446,0.9596449732780457,-0.040162064135074615,-0.2833927869796753,0.27494412660598755,0.9178677797317505,-0.012675251811742783,-0.28501370549201965,0.22802630066871643,0.9309192895889282,-0.012675251811742783,-0.28501370549201965,0.22802630066871643,0.9309192895889282,0.019047237932682037,0.03399614617228508,-0.02197358012199402,0.998998761177063
-0.03359425738453867,-0.024698049575090416,0.8054730892181396,0.018751945346593857,0.043397750705480576,-0.021358462050557137,0.9986535310745239,-0.3291258871555329,0.009234381094574935,-0.03880691602826122,0.5131567001342774,-0.40731107592582705,0.003443431761115785,-0.3795111417770387,-0.03661788776516913,-0.000745776086114345,0.5446510791778565,-0.3900152742862701,0.1041852116584778,0.0,0.056950733810663234,0.18293290436267853,-0.4498958170413971,-0.5475044846534729,0.03147064633667467,0.08120747804641726,-0.37462346553802495,0.4474358081817627,-0.8679880619049073,-0.1123194307088852,0.0,-0.2824589312076569,-0.15619624555110928,-0.0853410884737969,-0.003806852619163709,0.9285796761512758,0.04087418243289032,-2.289491558074952,0.2202102810144423,-0.4379835247993473,1.4195014715194707,-0.2094345554709433,-0.06631346344947821,-1.982288599014283,0.35979039669036855,0.1437656253576277,1.0274562120437634,0.3384956449270256,0.19602511525154145,0.0,0.17856682240962984,0.2550866425037386,0.5519915878772732,-0.45346317291259775,-0.18843861818313623,0.46203264594078064,-0.3307310044765474,-0.49414426088333097,-0.6129462182521817,-0.012094661651644942,0.0,0.0,0.0,0.018751945346593857,0.043397750705480576,-0.021358462050557137,0.9986535310745239,0.018751945346593857,0.043397750705480576,-0.021358462050557137,0.9986535310745239,0.017017124220728874,-0.11601106077432632,0.018302323296666145,0.9929335117340088,0.021600261330604553,-0.11592010408639908,0.018846971914172173,0.992844820022583,0.023891141638159752,-0.11547055840492249,-0.00041420082561671734,0.9930233955383301,0.023186005651950836,0.14031101763248444,0.005675625987350941,0.9898197650909424,0.023856451734900475,-0.06278034299612045,0.0008676673169247806,0.9977418780326843,0.025574231520295143,-0.06278014928102493,0.000975980656221509,0.9976993203163147,0.025574231520295143,-0.06278014928102493,0.000975980656221509,0.9976993203163147,0.012403666041791439,-0.13841477036476135,-0.07313518226146698,0.9875924587249756,-0.005681993905454874,-0.13705767691135406,-0.07564014196395874,0.9876545667648315,-0.005633495282381773,-0.1370599865913391,-0.07600878179073334,0.9876261949539185,0.015037031844258308,0.13363313674926758,-0.0746975839138031,0.9880973100662231,0.00028818880673497915,-0.06036819890141487,-0.0761856883764267,0.9952645897865295,0.05211088806390762,-0.06425957381725311,-0.07295859605073929,0.993897557258606,0.05211088806390762,-0.06425957381725311,-0.07295859605073929,0.993897557258606,0.018751945346593857,0.043397750705480576,-0.021358462050557137,0.9986535310745239,0.019427437335252762,0.07172379642724991,-0.01903223991394043,0.9970536828041077,0.11041461676359177,0.06968808174133301,-0.025523733347654343,0.9911109209060669,0.09249518811702728,0.10639569908380508,-0.24397172033786774,0.9594802260398865,0.020719284191727638,-0.1546970009803772,-0.2760523557662964,0.9483852982521057,0.014860437251627445,-0.15498347580432892,-0.262020081281662,0.9524205923080444,0.014860437251627445,-0.15498347580432892,-0.262020081281662,0.9524205923080444,0.01948518306016922,0.08386775106191635,-0.023128144443035126,0.9960179328918457,-0.16633030772209167,0.08669855445623398,-0.00708027882501483,0.9822257161140442,-0.1429060697555542,0.1350467950105667,0.2082643210887909,0.9581055641174316,-0.039781488478183746,-0.2760225832462311,0.27437612414360046,0.9202970266342163,-0.012571604922413826,-0.27765360474586487,0.22705881297588348,0.9333781003952026,-0.012571604922413826,-0.27765360474586487,0.22705881297588348,0.9333781003952026,0.018751945346593857,0.043397750705480576,-0.021358462050557137,0.9986535310745239
-0.0400879055261612,-0.027498512715101245,0.8030106425285339,0.018279992043972015,0.05339428409934044,-0.01881985552608967,0.9982287883758545,-0.3826745986938477,0.011851494014263154,-0.05211415067315102,0.5479039669036866,-0.409697151184082,0.0014022195711731896,-0.42776647806167606,-0.030810585618019103,0.00014304448850452952,0.578990650177002,-0.37421268224716187,0.11176599264144899,0.0,0.060660946369171145,0.19038383066654205,-0.4431510090827942,-0.5576831102371216,0.024561424553394315,0.09033242464065552,-0.3829654574394226,0.4418367326259613,-0.8755149126052857,-0.11360576897859573,0.0,-0.31412652134895325,-0.1440664291381836,-0.11367701739072801,-0.011427273857407277,0.9794566750526429,0.21527611538767824,-2.580449438095093,0.15319429636001583,-0.6085171580314637,1.6578977823257448,-0.14183645546436308,-0.09312381669878961,-2.305147171020508,0.3077214241027832,0.06927217841148373,1.54459787607193,0.6772210568189623,0.3332855433225632,0.0,0.183774670958519,0.34318137466907506,0.39092817306518546,-0.495064252614975,-0.30620545744895944,0.4576936364173889,-0.395507425069809,-0.3335013985633849,-0.4354934334754943,-0.05126135057071226,0.0,0.0,0.0,0.018279992043972015,0.05339428409934044,-0.01881985552608967,0.9982287883758545,0.018279992043972015,0.05339428409934044,-0.01881985552608967,0.9982287883758545,0.01717556267976761,-0.13184796273708344,0.027294520288705826,0.9907453060150146,0.02304483763873577,-0.13167870044708252,0.0280845258384943,0.9906265139579773,0.02651354856789112,-0.13102470338344574,0.002271117176860571,0.9910218715667725,0.0248821210116148,0.14197008311748505,0.009372394531965256,0.9895138144493103,0.026270117610692978,-0.062284041196107864,0.00411366019397974,0.997704267501831,0.02696959860622883,-0.062282539904117584,0.0041575501672923565,0.997685432434082,0.02696959860622883,-0.062282539904117584,0.0041575501672923565,0.997685432434082,0.01107003353536129,-0.1514812558889389,-0.0769687220454216,0.9853968024253845,-0.00411390233784914,-0.15028265118598938,-0.07927623391151428,0.9854509830474854,-0.004127258900552988,-0.15028254687786102,-0.07920613884925842,0.9854564666748047,0.018673773854970932,0.1372862607240677,-0.07706286758184433,0.9873526096343994,0.004023492801934481,-0.048774637281894684,-0.07918158918619156,0.9956582188606262,0.059629153460264206,-0.053127456456422806,-0.0763532966375351,0.9938773512840271,0.059629153460264206,-0.053127456456422806,-0.0763532966375351,0.9938773512840271,0.018279992043972015,0.05339428409934044,-0.01881985552608967,0.9982287883758545,0.01894145831465721,0.08354737609624863,-0.016357747837901115,0.9961895942687988,0.11354019492864609,0.08161681890487671,-0.024244587868452072,0.9898786544799805,0.09321621805429459,0.11818625032901764,-0.23919934034347534,0.9592322111129761,0.021153712645173073,-0.1480894386768341,-0.2720561623573303,0.9505826234817505,0.016655683517456055,-0.14833351969718933,-0.2610680162906647,0.9537103176116943,0.016655683517456055,-0.14833351969718933,-0.2610680162906647,0.9537103176116943,0.018952051177620888,0.0983736515045166,-0.020808525383472443,0.994751513004303,-0.17070795595645905,0.10052672028541565,-0.0016806765925139189,0.980178713798523,-0.14456762373447418,0.1488998532295227,0.2103722095489502,0.9553389549255371,-0.03906649351119995,-0.26571163535118103,0.2772926986217499,0.9224857091903687,-0.01207934319972992,-0.267305463552475,0.22917497158050537,0.935884952545166,-0.01207934319972992,-0.267305463552475,0.22917497158050537,0.935884952545166,0.018279992043972015,0.05339428409934044,-0.01881985552608967,0.9982287883758545
-0.04712828323245049,-0.02978939190506935,0.7997345924377441,0.017805537208914757,0.06556881964206696,-0.01614331640303135,0.9975584745407104,-0.44483079314231877,0.011441142857074737,-0.06854898259043694,0.5872491836547852,-0.4120351612567902,-0.00121296417200938,-0.4844432353973389,-0.027513932436704636,9.151456761173876e-05,0.6279055833816529,-0.35741668343544003,0.11851511001586915,0.0,0.06365784332156181,0.19733512699604036,-0.4345745503902435,-0.5680064797401428,0.019232642278075217,0.09945995509624482,-0.39002807140350343,0.43703398704528806,-0.878849458694458,-0.11188054084777832,0.0,-0.3410842716693878,-0.1247356355190277,-0.14753042608499528,-0.011031827703118322,1.1275142073631288,0.2837768793106079,-2.935659885406494,0.04003172218799583,-0.7591896176338196,1.875301766395569,-0.1178617998957634,-0.11927974522113802,-2.6654093265533447,0.2150456309318542,0.016230513900518394,2.1542392969131474,0.8199317455291748,0.3540891110897064,0.0,0.16411115229129788,0.35755738615989685,0.39218989014625555,-0.5132735967636108,-0.2980478882789611,0.4563248217105865,-0.378718227148056,-0.25606387257575985,-0.2505733788013457,0.026030072569847185,0.0,0.0,0.0,0.017805537208914757,0.06556881964206696,-0.01614331640303135,0.9975584745407104,0.017805537208914757,0.06556881964206696,-0.01614331640303135,0.9975584745407104,0.017799653112888336,-0.14961710572242737,0.03739415109157562,0.987876296043396,0.023452643305063248,-0.14940747618675232,0.03823741897940636,0.9877577424049377,0.02866896241903305,-0.14850279688835144,0.004383869934827089,0.988486647605896,0.026134368032217026,0.14394356310367584,0.012508509680628777,0.9891617298126221,0.02814244106411934,-0.06144653260707855,0.006896620616316795,0.9976897835731506,0.027537308633327484,-0.06145307049155235,0.00686031486839056,0.9977064728736877,0.027537308633327484,-0.06145307049155235,0.00686031486839056,0.9977064728736877,0.009459485299885273,-0.1663670688867569,-0.08170377463102341,0.9826277494430542,-0.004061093088239431,-0.1652308702468872,-0.08397389948368073,0.9826651215553284,-0.00406591035425663,-0.16523097455501556,-0.08392847329378128,0.982668936252594,0.022146303206682205,0.14630547165870667,-0.08103688806295395,0.9856659770011902,0.00741967000067234,-0.03123791515827179,-0.08367447555065155,0.9959758520126343,0.06639125943183899,-0.036152224987745285,-0.08172041922807693,0.9937842488288879,0.06639125943183899,-0.036152224987745285,-0.08172041922807693,0.9937842488288879,0.017805537208914757,0.06556881964206696,-0.01614331640303135,0.9975584745407104,0.01843881793320179,0.09718333184719086,-0.013576976954936981,0.9950031042098999,0.11636120826005936,0.09537610411643982,-0.023117126896977425,0.9883466362953186,0.09346417337656021,0.131552055478096,-0.23365086317062378,0.9588356018066406,0.02134927362203598,-0.14003488421440125,-0.2671930193901062,0.9531749486923218,0.01789524033665657,-0.140240877866745,-0.2585534155368805,0.9555952548980713,0.01789524033665657,-0.140240877866745,-0.2585534155368805,0.9555952548980713,0.018369704484939575,0.11503363400697708,-0.01835610903799534,0.9930222034454346,-0.17440252006053925,0.11639784276485443,0.0043192836456000805,0.977760910987854,-0.1451534479856491,0.16467031836509705,0.21338853240013123,0.9519871473312378,-0.037466008216142654,-0.2515365183353424,0.2803628444671631,0.9255930185317993,-0.011597603559494019,-0.25302374362945557,0.2326412796974182,0.9390007853507996,-0.011597603559494019,-0.25302374362945557,0.2326412796974182,0.9390007853507996,0.017805537208914757,0.06556881964206696,-0.01614331640303135,0.9975584745407104
-0.05444202572107315,-0.0318254791200161,0.7960517406463623,0.01732776127755642,0.07882389426231384,-0.013396073132753372,0.9966479539871216,-0.5112907290458679,0.009517059661448002,-0.0865476131439209,0.6288933753967285,-0.41434913873672485,-0.004115133604500443,-0.5453307032585144,-0.025472603738307953,-0.0004301905573811382,0.6841081976890564,-0.3401239812374115,0.1248483955860138,0.0,0.06629808247089386,0.20403660833835602,-0.425082266330719,-0.5784022212028503,0.014694079756736755,0.10858877748250961,-0.3964509963989258,0.43262940645217896,-0.8800878524780273,-0.10864952951669693,0.0,-0.3656871020793915,-0.10180435329675674,-0.1841425746679306,-0.00662844767794013,1.3241620063781738,0.2993270754814148,-3.3229966163635254,-0.09620414674282074,-0.8999314904212952,2.082209587097168,-0.11569886654615402,-0.14510846138000488,-3.0443732738494873,0.10206642746925354,-0.026085253804922104,2.8101305961608887,0.8646350502967834,0.3166642487049103,0.0,0.13201195001602173,0.3350740373134613,0.4746141731739044,-0.519787073135376,-0.22692811489105225,0.45644110441207886,-0.3211462199687958,-0.22022901475429535,-0.0619196891784668,0.16155055165290833,0.0,0.0,0.0,0.01732776127755642,0.07882389426231384,-0.013396073132753372,0.9966479539871216,0.01732776127755642,0.07882389426231384,-0.013396073132753372,0.9966479539871216,0.018651403486728668,-0.16830669343471527,0.04803505539894104,0.9843869209289551,0.02333540841937065,-0.16807620227336884,0.048835400491952896,0.9842870235443115,0.030584590509533882,-0.1669093668460846,0.0062091294676065445,0.9854782223701477,0.027164533734321594,0.14607347548007965,0.015364199876785278,0.9887813329696655,0.029743997380137444,-0.06043824180960655,0.00944802351295948,0.9976839423179626,0.027691133320331573,-0.06045755371451378,0.009323648177087307,0.9977430105209351,0.027691133320331573,-0.06045755371451378,0.009323648177087307,0.9977430105209351,0.0077089788392186165,-0.1821315735578537,-0.08687464892864227,0.9793984889984131,-0.004765224177390337,-0.18101036548614502,-0.08918721973896027,0.9794172644615173,-0.00472628977149725,-0.1810113936662674,-0.08939788490533829,0.9793980717658997,0.025533612817525864,0.1579875648021698,-0.08580416440963745,0.9833745956420898,0.010643480345606804,-0.010721232742071152,-0.0888877734541893,0.995927095413208,0.07275232672691345,-0.016245495527982712,-0.08804581314325333,0.9933232665061951,0.07275232672691345,-0.016245495527982712,-0.08804581314325333,0.9933232665061951,0.01732776127755642,0.07882389426231384,-0.013396073132753372,0.9966479539871216,0.017925389111042023,0.11171121895313263,-0.010741455480456352,0.993520975112915,0.11901378631591797,0.1100364699959755,-0.02206243760883808,0.9865297675132751,0.0934622511267662,0.145685613155365,-0.22768156230449677,0.958228349685669,0.021423842757940292,-0.13124696910381317,-0.2618771195411682,0.955895185470581,0.018855812028050423,-0.13141846656799316,-0.2552416920661926,0.9577187895774841,0.018855812028050423,-0.13141846656799316,-0.2552416920661926,0.9577187895774841,0.01775917410850525,0.1327458620071411,-0.015833940356969833,0.9908645153045654,-0.17771942913532257,0.13326455652713776,0.010617755353450775,0.9749582409858704,-0.14517442882061005,0.1813671886920929,0.21681921184062958,0.94816654920578,-0.035415470600128174,-0.23538045585155487,0.28345391154289246,0.9289755821228027,-0.01111878827214241,-0.23672449588775635,0.23673474788665771,0.9422284960746765,-0.01111878827214241,-0.23672449588775635,0.23673474788665771,0.9422284960746765,0.01732776127755642,0.07882389426231384,-0.013396073132753372,0.9966479539871216
-0.06204121559858321,-0.033484221994876856,0.7906715512275696,0.014904007315635681,0.09266918152570724,-0.007637009955942631,0.995556116104126,-0.5875658869743345,0.00492187514901162,-0.11236586868762966,0.681076967716217,-0.41226327419281006,-0.00028093559667468704,-0.619139015674591,-0.027977412566542622,0.006948304927209379,0.7685731768608092,-0.33383570313453675,0.1273702710866928,0.0,0.07210885137319564,0.21708833575248715,-0.4198172867298126,-0.5938458800315857,0.011159249581396587,0.12231045365333555,-0.40884444713592527,0.4229570746421814,-0.884511137008667,-0.1170627474784851,0.0,-0.37425051927566527,-0.09048402309417726,-0.2350627124309539,-0.1080925880931316,1.3587539911270141,0.48911049365997283,-3.617453241348266,-0.1763371869921683,-1.1345202445983882,2.3983915328979486,0.016296385228633664,0.05698254108428921,-3.4319985389709466,-0.034317687153816,0.21092075891792733,3.6580016136169418,0.5345023274421697,0.2023219645023348,0.0,0.22712783813476545,0.5255814194679257,0.34779505729675314,-0.6712245583534238,-0.19681614339351658,0.5942267179489134,-0.5002619743347165,-0.37826155126094796,-0.157466398924589,-0.18777630925178468,0.0,0.0,0.0,0.014904007315635681,0.09266918152570724,-0.007637009955942631,0.995556116104126,0.014904007315635681,0.09266918152570724,-0.007637009955942631,0.995556116104126,0.019309252500534058,-0.19088271260261536,0.06312479078769684,0.9793907403945923,0.021727439016103745,-0.19074934720993042,0.06355971097946167,0.9793379306793213,0.03259522467851639,-0.1892065405845642,0.008503276854753494,0.9813593029975891,0.02782328985631466,0.14942625164985657,0.018914014101028442,0.988200306892395,0.03110324963927269,-0.05599704384803772,0.01281985454261303,0.9978640079498291,0.030963361263275146,-0.05599465221166611,0.012806341052055359,0.9978687167167664,0.030963361263275146,-0.05599465221166611,0.012806341052055359,0.9978687167167664,0.004703996703028679,-0.20353788137435913,-0.09010588377714157,0.9749007225036621,-0.008929681032896042,-0.20225489139556885,-0.09296213835477829,0.974869966506958,-0.009684343822300434,-0.20221051573753357,-0.08958559483289719,0.9751879572868347,0.024648308753967285,0.1781303435564041,-0.08675669878721237,0.9798649549484253,0.009893696755170822,0.012855960056185722,-0.08965204656124115,0.9958410263061523,0.0732506588101387,0.007122356910258532,-0.09030801057815552,0.9931908845901489,0.0732506588101387,0.007122356910258532,-0.09030801057815552,0.9931908845901489,0.014904007315635681,0.09266918152570724,-0.007637009955942631,0.995556116104126,0.015369966626167297,0.12839137017726898,-0.004847909323871136,0.991592526435852,0.12269042432308197,0.12712648510932922,-0.018802734091877937,0.9840896725654602,0.09383730590343475,0.16272905468940735,-0.22143873572349548,0.9569109678268433,0.021341145038604736,-0.12191696465015411,-0.2565903067588806,0.9585626125335693,0.01942978985607624,-0.12205255031585693,-0.2515305280685425,0.9599261283874512,0.01942978985607624,-0.12205255031585693,-0.2515305280685425,0.9599261283874512,0.01495775580406189,0.15327808260917664,-0.010547173209488392,0.9880136251449585,-0.18591013550758362,0.15219146013259888,0.020866965875029564,0.9704843163490295,-0.15021707117557526,0.2005181610584259,0.2212737500667572,0.9424781799316406,-0.03694983199238777,-0.2175564467906952,0.2897036373615265,0.9313300848007202,-0.011776773259043694,-0.21902352571487427,0.2389509677886963,0.9459346532821655,-0.011776773259043694,-0.21902352571487427,0.2389509677886963,0.9459346532821655,0.014904007315635681,0.09266918152570724,-0.007637009955942631,0.995556116104126
-0.06985474675893782,-0.03549459651112556,0.7846650838851928,0.012648168951272964,0.10664129257202148,-0.0010850856779143214,0.9942165017127991,-0.6649868845939636,-0.003863433003425589,-0.14281239211559293,0.7341475248336792,-0.40972050428390505,0.0049781887792050795,-0.6947493553161621,-0.03122882544994354,0.01901413835585116,0.8596570253372192,-0.33121851086616516,0.1280101090669632,0.0,0.07799281626939773,0.23147022128105163,-0.41164660453796387,-0.6098204970359802,0.0072572760283947015,0.13650363087654113,-0.4204436600208282,0.40963110923767093,-0.8836263656616211,-0.12611245214939118,0.0,-0.38638970255851746,-0.09348608553409575,-0.28779780268669125,-0.16062408685684207,1.3901010751724243,0.6619136571884154,-3.848132848739624,-0.35546292066574076,-1.4297607660293576,2.6357884407043457,0.11800037920475004,0.23445768356323235,-3.7444762229919433,-0.14763855040073393,0.5095449030399319,4.421815013885498,0.20428131222724932,0.06963265538215646,0.0,0.29273430705070497,0.6924910783767699,0.350420045852661,-0.7881116271018982,-0.18775579631328582,0.7002288222312927,-0.5958453536033631,-0.5932255685329435,-0.061922547221184066,-0.4397554874420166,0.0,0.0,0.0,0.012648168951272964,0.10664129257202148,-0.0010850856779143214,0.9942165017127991,0.012648168951272964,0.10664129257202148,-0.0010850856779143214,0.9942165017127991,0.020821604877710342,-0.21372830867767334,0.07893402129411697,0.9734764099121094,0.018967198207974434,-0.2139415442943573,0.07842929661273956,0.9735081791877747,0.03439534455537796,-0.21203799545764923,0.008822119794785976,0.9766162037849426,0.02896377258002758,0.15258073806762695,0.02060447260737419,0.9876514673233032,0.03255162015557289,-0.051528096199035645,0.014282804913818836,0.9980385899543762,0.03503619134426117,-0.05149681493639946,0.014402927830815315,0.9979544878005981,0.03503619134426117,-0.05149681493639946,0.014402927830815315,0.9979544878005981,0.002219859277829528,-0.22554872930049896,-0.09276675432920456,0.9698025584220886,-0.012916577979922295,-0.22407063841819763,-0.09630163013935089,0.9697172045707703,-0.015155666507780552,-0.22391624748706818,-0.08710487186908722,0.9705899953842163,0.022411951795220375,0.200920969247818,-0.08566451072692871,0.9755973219871521,0.007989240810275078,0.037341028451919556,-0.08818037062883377,0.9953723549842834,0.07163885980844498,0.03162170201539993,-0.09037013351917267,0.9928248524665833,0.07163885980844498,0.03162170201539993,-0.09037013351917267,0.9928248524665833,0.012648168951272964,0.10664129257202148,-0.0010850856779143214,0.9942165017127991,0.01293250359594822,0.14521409571170807,0.001838672673329711,0.9893139600753784,0.12707839906215668,0.144476518034935,-0.015010535717010498,0.9811994433403015,0.09517960250377655,0.17993640899658203,-0.21320751309394836,0.9555659294128418,0.022769538685679436,-0.11270273476839066,-0.2497665137052536,0.9614552855491638,0.02155625820159912,-0.11279608309268951,-0.2464604377746582,0.9623251557350159,0.02155625820159912,-0.11279608309268951,-0.2464604377746582,0.9623251557350159,0.01220665592700243,0.17411717772483826,-0.004487270954996347,0.984639048576355,-0.19352543354034424,0.17119529843330383,0.03198932111263275,0.9655138254165649,-0.15521585941314697,0.2192031443119049,0.22485515475273132,0.9366419315338135,-0.03957882523536682,-0.19764003157615662,0.2949073612689972,0.9340245127677917,-0.013619301840662956,-0.19934174418449402,0.23976071178913116,0.950048565864563,-0.013619301840662956,-0.19934174418449402,0.23976071178913116,0.950048565864563,0.012648168951272964,0.10664129257202148,-0.0010850856779143214,0.9942165017127991
-0.07809696048498155,-0.03820823431015015,0.7774060606956482,0.010731784626841545,0.12088213860988617,0.007049226667732,0.9925837516784668,-0.7446995615959168,-0.021028988435864458,-0.18251545131206515,0.7889920115470886,-0.4062639236450195,0.01308716600760818,-0.7739637494087219,-0.03597344644367695,0.04045464880764486,0.9639786124229431,-0.3359434902667999,0.12488587200641632,0.0,0.08402317315340042,0.24851242303848267,-0.39766451716423035,-0.6268570303916932,0.002621015720069406,0.15163981020450593,-0.4304543972015381,0.3889978766441345,-0.8721254825592041,-0.13643513023853301,0.0,-0.40568041801452637,-0.12513293325901034,-0.3441627979278565,-0.11529028415679929,1.4149583578109741,0.8007563114166261,-3.951258420944214,-0.7325740337371828,-1.8463048219680789,2.7156152725219727,0.15912185758352282,0.36270106136798863,-3.906658744812012,-0.21483291089534762,0.9314053118228914,5.017513179779053,-0.1261163771152498,-0.09975070357322702,0.0,0.29932193756103515,0.8122052907943726,0.6119332432746889,-0.8358978629112244,-0.2207986980676651,0.7426639080047608,-0.5243639826774597,-0.9220525920391085,0.41580244600772875,-0.4970393002033234,0.0,0.0,0.0,0.010731784626841545,0.12088213860988617,0.007049226667732,0.9925837516784668,0.010731784626841545,0.12088213860988617,0.007049226667732,0.9925837516784668,0.024054327979683876,-0.23721949756145477,0.09621001780033112,0.9663809537887573,0.013919411227107048,-0.2382786124944687,0.09361877292394638,0.96657395362854,0.035788312554359436,-0.23601095378398895,0.0051942323334515095,0.9710773825645447,0.031068529933691025,0.1553431749343872,0.018576769158244133,0.9871970415115356,0.03417930379509926,-0.04700581729412079,0.011928416788578033,0.9982383847236633,0.04071103408932686,-0.046931177377700806,0.012227657251060009,0.9979933500289917,0.04071103408932686,-0.046931177377700806,0.012227657251060009,0.9979933500289917,0.0007808586815372109,-0.24884630739688873,-0.09432530403137207,0.9639385342597961,-0.01655011624097824,-0.2471073567867279,-0.09881021082401276,0.9637948870658875,-0.02165384776890278,-0.24670016765594482,-0.07932384312152863,0.9655973315238953,0.017478417605161667,0.22900985181331635,-0.08049438893795013,0.9699328541755676,0.00378120644018054,0.06362994015216827,-0.08227688074111938,0.9945690035820007,0.06583806872367859,0.058368951082229614,-0.08606912940740585,0.992396354675293,0.06583806872367859,0.058368951082229614,-0.08606912940740585,0.992396354675293,0.010731784626841545,0.12088213860988617,0.007049226667732,0.9925837516784668,0.010736284777522087,0.16235291957855225,0.010107448324561119,0.9866225123405457,0.13292129337787628,0.16237518191337585,-0.010160014033317566,0.9776824712753296,0.09847823530435562,0.1975029855966568,-0.20105651021003723,0.954395592212677,0.02722114324569702,-0.10372960567474365,-0.2398865520954132,0.9648593664169312,0.026788469403982162,-0.1037672907114029,-0.2386883944272995,0.9651645421981812,0.026788469403982162,-0.1037672907114029,-0.2386883944272995,0.9651645421981812,0.009563831612467766,0.19562236964702606,0.0031112756114453077,0.980627715587616,-0.2000804990530014,0.19041946530342102,0.044861942529678345,0.9600499272346497,-0.16019827127456665,0.23704664409160614,0.22679686546325684,0.9309718012809753,-0.04440252110362053,-0.1735921949148178,0.2980717718601227,0.9375753998756409,-0.017831532284617424,-0.1757424920797348,0.23779325187206268,0.9551184177398682,-0.017831532284617424,-0.1757424920797348,0.23779325187206268,0.9551184177398682,0.010731784626841545,0.12088213860988617,0.007049226667732,0.9925837516784668
-0.0866124853491783,-0.04161572232842445,0.7695043325424195,0.009697558358311653,0.13670392334461212,0.017503658309578896,0.9904098510742188,-0.8249330401420593,-0.04730588048696514,-0.22502281963825221,0.8389774322509765,-0.4043298363685608,0.019967279210686677,-0.8531844377517699,-0.043103498220443716,0.06640312746167179,1.0783476591110228,-0.3360923588275909,0.12230625152587891,0.0,0.08969935327768325,0.270537394285202,-0.3798949480056763,-0.6450562357902526,0.0014108789386227721,0.1674739956855774,-0.4419274628162384,0.3628210783004761,-0.8550415754318238,-0.1481886714696884,0.0,-0.42030999064445496,-0.15649738609790798,-0.3822322785854339,-0.030777454376220828,1.5204613924026487,0.9797138452529905,-4.001257753372192,-1.1316177964210505,-2.0692821264266965,2.5964522361755376,0.12715422213077554,0.3685829162597657,-3.9609084129333496,-0.30879395902156814,1.207264399528503,5.517502880096435,-0.09896564185619378,-0.139873343706131,0.0,0.2908925235271454,1.0015930891036984,0.8127287626266477,-0.8867067694664,-0.12902929484844225,0.7777491211891174,-0.5444066882133484,-1.1979685544967649,0.742534816265106,-0.5590597867965698,0.0,0.0,0.0,0.009697558358311653,0.13670392334461212,0.017503658309578896,0.9904098510742188,0.009697558358311653,0.13670392334461212,0.017503658309578896,0.9904098510742188,0.030221302062273026,-0.25928670167922974,0.11486811935901642,0.9584686756134033,0.007628338411450386,-0.2620964050292969,0.10846808552742004,0.9588962197303772,0.03735124319791794,-0.25957879424095154,0.00021679815836250782,0.9649993777275085,0.03408220782876015,0.1559639573097229,0.015465602278709412,0.987053394317627,0.036495108157396317,-0.04540347307920456,0.008308283984661102,0.9982673525810242,0.04645953327417374,-0.04532738775014877,0.00876099243760109,0.9978529214859009,0.04645953327417374,-0.04532738775014877,0.00876099243760109,0.9978529214859009,0.001356229418888688,-0.27033719420433044,-0.09405640512704849,0.9581594467163086,-0.0192764513194561,-0.26824668049812317,-0.09991645812988281,0.957960844039917,-0.028359126299619675,-0.2674291431903839,-0.06811526417732239,0.9607486724853516,0.010329124517738819,0.2638024389743805,-0.0734504833817482,0.9617207050323486,-0.002108137123286724,0.09923286736011505,-0.07415030896663666,0.9922954440116882,0.05854281783103943,0.0945112332701683,-0.08004564791917801,0.9905720353126526,0.05854281783103943,0.0945112332701683,-0.08004564791917801,0.9905720353126526,0.009697558358311653,0.13670392334461212,0.017503658309578896,0.9904098510742188,0.00927046500146389,0.18085616827011108,0.02070656046271324,0.9832479953765869,0.1417502462863922,0.1820661723613739,-0.004040422383695841,0.9730070233345032,0.10509148240089417,0.21700695157051086,-0.18567055463790894,0.9525703191757202,0.035866864025592804,-0.09327493607997894,-0.22816342115402222,0.9684807062149048,0.03564789146184921,-0.09330969303846359,-0.22751256823539734,0.96863853931427,0.03564789146184921,-0.09330969303846359,-0.22751256823539734,0.96863853931427,0.007417537271976471,0.2189474254846573,0.013044038787484169,0.9756213426589966,-0.20656892657279968,0.21070289611816406,0.06080072373151779,0.9535390734672546,-0.16609209775924683,0.2551693916320801,0.22921350598335266,0.9245339632034302,-0.05074363946914673,-0.1463124305009842,0.3016791045665741,0.9407483339309692,-0.02381746470928192,-0.1491180956363678,0.23548948764801025,0.9600735902786255,-0.02381746470928192,-0.1491180956363678,0.23548948764801025,0.9600735902786255,0.009697558358311653,0.13670392334461212,0.017503658309578896,0.9904098510742188
-0.09526466578245163,-0.045370135456323624,0.7612812519073486,0.00910208746790886,0.15327879786491394,0.02911209501326084,0.9877121448516846,-0.9054269194602966,-0.07813844084739685,-0.2689323425292969,0.8865333199501038,-0.40315699577331543,0.02623295970261097,-0.9324082732200623,-0.05142626538872719,0.09460558742284775,1.1977404356002808,-0.3339531719684601,0.11999893933534622,0.0,0.09519844502210617,0.29505375027656555,-0.3602316379547119,-0.6638367772102356,0.0019138040952384472,0.1836571842432022,-0.45413169264793396,0.3338724970817566,-0.8351661562919617,-0.16065764427185059,0.0,-0.4326089918613434,-0.1877206414937973,-0.41115400195121765,0.07332488894462585,1.6662873029708862,1.1787288188934326,-4.024693965911865,-1.5416278839111328,-2.1954760551452637,2.3777942657470703,0.058642029762268066,0.3132840096950531,-3.9611916542053223,-0.41613835096359253,1.4101228713989258,5.969638347625732,0.10695932805538177,-0.11536560207605362,0.0,0.27495458722114563,1.2258176803588867,0.983165442943573,-0.9390270113945007,0.025146260857582092,0.8091593980789185,-0.6102114319801331,-1.4474289417266846,0.9937708973884583,-0.6234486103057861,0.0,0.0,0.0,0.00910208746790886,0.15327879786491394,0.02911209501326084,0.9877121448516846,0.00910208746790886,0.15327879786491394,0.02911209501326084,0.9877121448516846,0.03783770650625229,-0.2805037200450897,0.13415198028087616,0.9496784806251526,0.0007150718010962009,-0.28552955389022827,0.12309332937002182,0.9504317045211792,0.03898708522319794,-0.2828562259674072,-0.005433956161141396,0.9583542346954346,0.03754977881908417,0.15551142394542694,0.011812482960522175,0.9870494604110718,0.03915451094508171,-0.04526061564683914,0.004055229481309652,0.9981993436813354,0.05224363133311272,-0.04520353302359581,0.0046485234051942825,0.9975999593734741,0.05224363133311272,-0.04520353302359581,0.0046485234051942825,0.9975999593734741,0.002938411198556423,-0.29086732864379883,-0.09285593032836914,0.9522422552108765,-0.02154499478638172,-0.2883838415145874,-0.1003035232424736,0.9520030617713928,-0.03515717014670372,-0.287042498588562,-0.05517571419477463,0.9556810259819031,0.0020642117597162724,0.3016372621059418,-0.06539208441972733,0.9511753916740417,-0.008832776919007301,0.13935501873493195,-0.06482567638158798,0.9880788326263428,0.0504317581653595,0.13521708548069,-0.07306523621082306,0.9868305325508118,0.0504317581653595,0.13521708548069,-0.07306523621082306,0.9868305325508118,0.00910208746790886,0.15327879786491394,0.02911209501326084,0.9877121448516846,0.008167266845703125,0.19998183846473694,0.03246230632066727,0.9792276620864868,0.1520175039768219,0.2025812715291977,0.0027138954028487206,0.9673903584480286,0.11330828815698624,0.23736710846424103,-0.1685793250799179,0.9499468803405762,0.046598661690950394,-0.08205506205558777,-0.21545720100402832,0.9719432592391968,0.04630957543849945,-0.08211179822683334,-0.21457020938396454,0.9721484780311584,0.04630957543849945,-0.08211179822683334,-0.21457020938396454,0.9721484780311584,0.005516876000910997,0.24307946860790253,0.02413531020283699,0.9696903824806213,-0.21292109787464142,0.2314065545797348,0.07823774963617325,0.946041464805603,-0.17240236699581146,0.273369699716568,0.23181454837322235,0.9175012111663818,-0.05781347677111626,-0.11734560132026672,0.30534106492996216,0.9432149529457092,-0.0306758601218462,-0.12091192603111267,0.2328953593969345,0.9644683003425598,-0.0306758601218462,-0.12091192603111267,0.2328953593969345,0.9644683003425598,0.00910208746790886,0.15327879786491394,0.02911209501326084,0.9877121448516846
-0.10420997142791749,-0.05059910193085671,0.7518309354782104,0.01094402838498354,0.17042696475982666,0.04030511528253555,0.984484851360321,-0.9824689388275147,-0.11223774850368504,-0.2994808435440064,0.9278821825981141,-0.4119771718978882,0.025219756364822387,-1.0073072433471681,-0.060208651423454294,0.12649620771408085,1.3008441209793091,-0.3388193786144257,0.11265365183353424,0.0,0.09539014250040054,0.32519530653953554,-0.3365932762622833,-0.6864289164543153,0.0020522140432149174,0.18884793817996978,-0.4696802973747254,0.30120374560356133,-0.8104120492935181,-0.1634094297885895,0.0,-0.4414027571678162,-0.2319572508335114,-0.4479710757732392,0.2132501825690271,1.7096227884292603,1.1329304933547972,-3.9211380958557127,-1.6396303653717041,-1.7946453809738154,2.1915835857391355,-0.2411484576761726,0.09491750597953774,-3.8314456939697266,-0.42992690801620487,1.5207677125930787,5.480965614318847,-0.1032024517655375,-0.2665048614144327,0.0,0.11573275923728926,1.3945736885070803,1.1024169921875002,-1.053374981880188,0.014210801571607578,0.4793863773345944,-0.7105426788330079,-1.5590340852737428,1.1401314973831178,-0.33193300962448086,0.0,0.0,0.0,0.01094402838498354,0.17042696475982666,0.04030511528253555,0.984484851360321,0.01094402838498354,0.17042696475982666,0.04030511528253555,0.984484851360321,0.049128457903862,-0.299669474363327,0.1504988670349121,0.9408160448074341,-0.0036210713442415,-0.30776700377464294,0.13320745527744293,0.9420838952064514,0.04255719855427742,-0.30483701825141907,-0.008752105757594109,0.9514130353927612,0.04198091849684715,0.15311750769615173,0.011277061887085438,0.9872514605522156,0.043396078050136566,-0.05204642564058304,0.0024396786466240883,0.9976983666419983,0.055973269045352936,-0.05201093852519989,0.003093463834375143,0.9970719814300537,0.055973269045352936,-0.05201093852519989,0.003093463834375143,0.9970719814300537,0.0072004362009465694,-0.3082903027534485,-0.09288469702005386,0.9467194080352783,-0.021282345056533813,-0.3053482174873352,-0.10217125713825226,0.9465043544769287,-0.04071822762489319,-0.30337539315223694,-0.04219937324523926,0.9510650634765625,-0.007090529892593622,0.3344595730304718,-0.058624155819416046,0.9405583143234253,-0.016858834773302078,0.17109259963035583,-0.05657350644469261,0.9834848642349243,0.038547489792108536,0.16762498021125793,-0.06603904068470001,0.9828807711601257,0.038547489792108536,0.16762498021125793,-0.06603904068470001,0.9828807711601257,0.01094402838498354,0.17042696475982666,0.04030511528253555,0.984484851360321,0.009523313492536545,0.21704503893852234,0.04372737929224968,0.975135326385498,0.1672097146511078,0.22134442627429962,0.00782785564661026,0.9607217907905579,0.1279338002204895,0.25619515776634216,-0.15118905901908875,0.9461178779602051,0.06348082423210144,-0.0736563503742218,-0.2052059769630432,0.9738765358924866,0.0631798505783081,-0.07373733818531036,-0.20425204932689667,0.974090576171875,0.0631798505783081,-0.07373733818531036,-0.20425204932689667,0.974090576171875,0.006072495132684708,0.26236942410469055,0.035329777747392654,0.9643014669418335,-0.21844950318336487,0.24686959385871887,0.09549449384212494,0.9392635822296143,-0.1800355166196823,0.28554433584213257,0.23305588960647583,0.9119959473609924,-0.06772477924823761,-0.09219536185264587,0.30787962675094604,0.9445229768753052,-0.0420730896294117,-0.09666016697883606,0.23366844654083252,0.9665846824645996,-0.0420730896294117,-0.09666016697883606,0.23366844654083252,0.9665846824645996,0.01094402838498354,0.17042696475982666,0.04030511528253555,0.984484851360321
-0.113379842042923,-0.055730559676885616,0.7421040654182434,0.011533533222973347,0.1879517138004303,0.05069313198328018,0.9808014631271362,-1.0619108438491822,-0.14371422529220587,-0.3271741509437561,0.969785761833191,-0.42322382330894476,0.024261023476719854,-1.0812675714492799,-0.06866529285907746,0.15798166990280157,1.3964681625366213,-0.3466945886611939,0.1043853014707565,0.0,0.09536847323179246,0.35759832859039314,-0.3137525796890258,-0.7084406614303589,0.00307734138332308,0.19355531632900239,-0.4879605650901795,0.2696931064128875,-0.7861353993415832,-0.1639920175075531,0.0,-0.45400221347808845,-0.25852305889129634,-0.480812406539917,0.22315132617950384,1.7623767137527468,1.070016813278198,-3.9240974426269535,-1.6262804269790645,-1.44176914691925,2.0840846061706544,-0.5138030290603642,-0.04902604967355727,-3.716789102554321,-0.42934694290161124,1.582376194000244,4.930794525146483,-0.33358040750026763,-0.39495624303817767,0.0,0.0031838713213800957,1.5749216794967655,1.1579880714416502,-1.1121951341629026,0.0335220171138646,0.245036420226097,-0.8593800544738776,-1.5986941337585447,1.223381519317627,-0.0725133419036861,0.0,0.0,0.0,0.011533533222973347,0.1879517138004303,0.05069313198328018,0.9808014631271362,0.011533533222973347,0.1879517138004303,0.05069313198328018,0.9808014631271362,0.059583574533462524,-0.31915807723999023,0.16648675501346588,0.9310586452484131,-0.007357493974268436,-0.3303474485874176,0.14300870895385742,0.9329335689544678,0.046653296798467636,-0.3271108865737915,-0.010795309208333492,0.9437718987464905,0.046268463134765625,0.15049967169761658,0.01223300863057375,0.9874510765075684,0.04781699553132057,-0.06025691330432892,0.002225132891908288,0.9970345497131348,0.05990785360336304,-0.060225941240787506,0.002953812014311552,0.9963810443878174,0.05990785360336304,-0.060225941240787506,0.002953812014311552,0.9963810443878174,0.010117311030626297,-0.324913889169693,-0.09292565286159515,0.9411129355430603,-0.022183893248438835,-0.3215305507183075,-0.10404981672763824,0.9409036040306091,-0.04758397117257118,-0.31874334812164307,-0.02951529435813427,0.9461856484413147,-0.01752062328159809,0.3641117215156555,-0.053454071283340454,0.9296549558639526,-0.02646276354789734,0.198308527469635,-0.04958878085017204,0.9785265922546387,0.024630224332213402,0.19545038044452667,-0.0598267987370491,0.978577196598053,0.024630224332213402,0.19545038044452667,-0.0598267987370491,0.978577196598053,0.011533533222973347,0.1879517138004303,0.05069313198328018,0.9808014631271362,0.009672114625573158,0.23436234891414642,0.05411986634135246,0.9705935716629028,0.18209470808506012,0.24028760194778442,0.011418163776397705,0.953400731086731,0.14238035678863525,0.27503305673599243,-0.1356346607208252,0.9411098957061768,0.0797203853726387,-0.06459217518568039,-0.1968003511428833,0.9750601053237915,0.07928876578807831,-0.06474919617176056,-0.19536565244197845,0.9753732681274414,0.07928876578807831,-0.06474919617176056,-0.19536565244197845,0.9753732681274414,0.0054425750859081745,0.281726211309433,0.04561605677008629,0.958394467830658,-0.22620397806167603,0.262300580739975,0.11241304874420166,0.9313397407531738,-0.1899872124195099,0.298035204410553,0.23449747264385223,0.9055887460708618,-0.07968448102474213,-0.06656751036643982,0.3112945854663849,0.9446241855621338,-0.05588637292385101,-0.072005495429039,0.23641817271709442,0.9673666954040527,-0.05588637292385101,-0.072005495429039,0.23641817271709442,0.9673666954040527,0.011533533222973347,0.1879517138004303,0.05069313198328018,0.9808014631271362
-0.12299884259700779,-0.06066699996590616,0.7318240880966186,0.009622695855796337,0.20629557967185974,0.0594840943813324,0.9766325950622559,-1.146152520179749,-0.16994504034519203,-0.3491570711135865,1.0127987742424012,-0.4393234252929688,0.023411231487989424,-1.1533506155014042,-0.0764704450964928,0.1886568158864976,1.4771329164505007,-0.3605878055095673,0.09427082538604734,0.0,0.09492007046937942,0.3945242822170259,-0.2925072133541107,-0.7292916178703309,0.005875903507694611,0.19729594290256502,-0.511704158782959,0.24049869179725636,-0.7628136634826659,-0.1602362096309662,0.0,-0.4742130517959595,-0.24974726438522335,-0.5057022511959077,-0.026995867490769265,1.8339675188064577,0.9728724241256711,-4.140087223052979,-1.390225648880004,-1.184801793098449,2.1340090274810795,-0.7321857869625099,-0.04412370920181273,-3.632311248779297,-0.4000299334526061,1.5459119558334349,4.257626724243162,-0.6043906778097161,-0.47803189158439663,0.0,-0.01601913366466767,1.7784536361694343,1.0861982107162473,-1.0599596500396726,0.11332657765597132,0.20153259038925156,-1.1052296876907357,-1.4944639921188352,1.1804103851318357,0.12271445989608831,0.0,0.0,0.0,0.009622695855796337,0.20629557967185974,0.0594840943813324,0.9766325950622559,0.009622695855796337,0.20629557967185974,0.0594840943813324,0.9766325950622559,0.0683998167514801,-0.3395267426967621,0.1818692535161972,0.920307993888855,-0.009894128888845444,-0.3537958264350891,0.15226301550865173,0.9227928519248962,0.05182032287120819,-0.35011133551597595,-0.01029189769178629,0.935217022895813,0.05026930570602417,0.1474364846944809,0.01617181859910488,0.9876608848571777,0.05259643495082855,-0.07131608575582504,0.00481260335072875,0.9960545301437378,0.06425213813781738,-0.07125532627105713,0.005644967779517174,0.9953705668449402,0.06425213813781738,-0.07125532627105713,0.005644967779517174,0.9953705668449402,0.01034607645124197,-0.34006181359291077,-0.0930294394493103,0.9357331991195679,-0.025421282276511192,-0.3362550139427185,-0.10598653554916382,0.9354428052902222,-0.05707696080207825,-0.3323310911655426,-0.01744326949119568,0.9412725567817688,-0.030503373593091965,0.3879448175430298,-0.05158064886927605,0.9197324514389038,-0.03924280032515526,0.21673263609409332,-0.04523272439837456,0.9743925333023071,0.0067206635139882565,0.21435964107513428,-0.0553545244038105,0.9751619100570679,0.0067206635139882565,0.21435964107513428,-0.0553545244038105,0.9751619100570679,0.009622695855796337,0.20629557967185974,0.0594840943813324,0.9766325950622559,0.007410646416246891,0.25227680802345276,0.06278219074010849,0.9655877947807312,0.19646555185317993,0.259723961353302,0.011964084580540657,0.9454108476638794,0.15658318996429443,0.29412704706192017,-0.12391195446252823,0.9346747994422913,0.09470286965370178,-0.0542401447892189,-0.1921996921300888,0.9752684831619263,0.09390310943126678,-0.05457691848278046,-0.1894565373659134,0.9758635759353638,0.09390310943126678,-0.05457691848278046,-0.1894565373659134,0.9758635759353638,0.0024452402722090483,0.30134838819503784,0.05409982055425644,0.9519750475883484,-0.23851874470710754,0.2777850031852722,0.12869279086589813,0.9216196537017822,-0.20458850264549255,0.311180055141449,0.23636063933372498,0.8974654674530029,-0.09576790034770966,-0.04006127268075943,0.31663429737091064,0.9428501725196838,-0.07453929632902145,-0.046618711203336716,0.24323761463165283,0.9659742116928101,-0.07453929632902145,-0.046618711203336716,0.24323761463165283,0.9659742116928101,0.009622695855796337,0.20629557967185974,0.0594840943813324,0.9766325950622559
-0.13245168924331663,-0.06588884070515633,0.7197324395179748,0.008053010329604149,0.22717690467834473,0.06712706387042999,0.9715038537979126,-1.2369307756423948,-0.20043738484382626,-0.3691706776618957,1.058749270439148,-0.45965951085090634,0.024066841974854467,-1.2376064538955687,-0.0786249428987503,0.22076432704925533,1.5364692211151123,-0.38166644573211667,0.08285370469093324,0.0,0.09216828793287278,0.4413315534591674,-0.27499712705612184,-0.7528110980987549,0.014529183786362396,0.1971026510000229,-0.5389612793922424,0.20785182714462283,-0.7431548237800598,-0.16036431193351747,0.0,-0.47596538066864014,-0.2553840160369873,-0.568348979949951,-0.11402237266302108,2.020278239250183,0.8738576412200929,-4.408180999755859,-1.4393865823745726,-1.0400665760040284,2.2387749671936032,-0.9320745468139646,0.0026724770665168054,-3.969335889816284,-0.22073796987533598,1.5767281532287596,3.393383979797364,-0.9102234601974484,-0.5448031067848205,0.0,-0.09152152352035034,2.1427371263504025,0.9502098560333254,-1.1226034879684448,0.31556963920593234,0.06901377141475698,-1.2925853729248045,-1.5632941246032712,1.0561998128890993,0.07127308547496815,0.0,0.0,0.0,0.008053010329604149,0.22717690467834473,0.06712706387042999,0.9715038537979126,0.008053010329604149,0.22717690467834473,0.06712706387042999,0.9715038537979126,0.07853858172893524,-0.36020615696907043,0.19570764899253845,0.908725380897522,-0.012653942219913006,-0.37805044651031494,0.15842755138874054,0.9120408892631531,0.05710238218307495,-0.37392371892929077,-0.011594206094741821,0.9256274104118347,0.05510552600026131,0.14468862116336823,0.018911495804786682,0.9877606630325317,0.0579724945127964,-0.08413691073656082,0.00581869762390852,0.9947493672370911,0.06993769854307175,-0.08406085520982742,0.006837153807282448,0.993979811668396,0.06993769854307175,-0.08406085520982742,0.006837153807282448,0.993979811668396,0.01010869164019823,-0.3580719232559204,-0.09567054361104965,0.9287247061729431,-0.026401953771710396,-0.3540361821651459,-0.10966537892818451,0.9284043908119202,-0.06544685363769531,-0.3489295244216919,-0.006807010620832443,0.9348360896110535,-0.042348362505435944,0.3986470401287079,-0.05055847764015198,0.9147300720214844,-0.05114511400461197,0.2179117351770401,-0.041516583412885666,0.9737428426742554,-0.010780888609588146,0.216000497341156,-0.05053738132119179,0.9750248789787292,-0.010780888609588146,0.216000497341156,-0.05053738132119179,0.9750248789787292,0.008053010329604149,0.22717690467834473,0.06712706387042999,0.9715038537979126,0.0056224106810987,0.2715795040130615,0.07023680210113525,0.9598332643508911,0.2154681533575058,0.28039705753326416,0.00872806180268526,0.9353475570678711,0.1751209795475006,0.3151785731315613,-0.11751668155193329,0.9253027439117432,0.11147694289684296,-0.04213938117027283,-0.19469887018203735,0.9735960960388184,0.10961265861988068,-0.04312092438340187,-0.18791037797927856,0.97509765625,0.10961265861988068,-0.04312092438340187,-0.18791037797927856,0.97509765625,2.4638837203383446e-05,0.3215242624282837,0.06159031391143799,0.9448961615562439,-0.2514690160751343,0.29341357946395874,0.14514371752738953,0.9108268022537231,-0.2208159863948822,0.32360905408859253,0.23713505268096924,0.8889794945716858,-0.11337220668792725,-0.0158429853618145,0.32149848341941833,0.9399651885032654,-0.09401989728212357,-0.023785550147294998,0.24791505932807922,0.9639153480529785,-0.09401989728212357,-0.023785550147294998,0.24791505932807922,0.9639153480529785,0.008053010329604149,0.22717690467834473,0.06712706387042999,0.9715038537979126
-0.1418214589357376,-0.07125338166952133,0.7067349553108215,0.006651580799371004,0.2492464929819107,0.07417190074920654,0.9655725955963135,-1.3309773206710815,-0.23306049406528473,-0.3881996273994446,1.106168508529663,-0.4821138381958008,0.02547515369951725,-1.3279486894607544,-0.07795411348342896,0.2535880208015442,1.5851413011550903,-0.40633779764175415,0.07078526169061661,0.0,0.0882648155093193,0.4930794835090637,-0.25935468077659607,-0.777664840221405,0.026109823491424322,0.1949423998594284,-0.5679751634597778,0.17347873747348785,-0.7253274321556091,-0.16243436932563782,0.0,-0.4684884548187256,-0.2682270407676697,-0.6498741507530212,-0.11948852241039276,2.263948917388916,0.7739076614379883,-4.702326774597168,-1.6311553716659546,-0.9514474272727966,2.3709616661071777,-1.1227163076400757,0.07041558623313904,-4.517111778259277,0.033541470766067505,1.6411845684051514,2.4336037635803223,-1.233567476272583,-0.6034221053123474,0.0,-0.195173604413867,2.5873963832855225,0.7821222543716431,-1.2426869869232178,0.5790319442749023,-0.10801254212856293,-1.4506940841674805,-1.7186543941497803,0.8913695216178894,-0.10350285470485687,0.0,0.0,0.0,0.006651580799371004,0.2492464929819107,0.07417190074920654,0.9655725955963135,0.006651580799371004,0.2492464929819107,0.07417190074920654,0.9655725955963135,0.08929982036352158,-0.3808739483356476,0.2086821049451828,0.8963327407836914,-0.01551944948732853,-0.4025536775588989,0.16298387944698334,0.9006364345550537,0.06241787225008011,-0.39798784255981445,-0.013794433325529099,0.9151608347892761,0.06035830080509186,0.14209575951099396,0.02105119079351425,0.9877866506576538,0.06363864243030548,-0.09782620519399643,0.006033237557858229,0.9931483864784241,0.07628344744443893,-0.09774142503738403,0.007278783246874809,0.9922572374343872,0.07628344744443893,-0.09774142503738403,0.007278783246874809,0.9922572374343872,0.009635304100811481,-0.3774056136608124,-0.09955188632011414,0.9206310510635376,-0.026246419176459312,-0.3732397258281708,-0.11418271064758301,0.9203073382377625,-0.07323358207941055,-0.366924524307251,0.0031109412666410208,0.9273583889007568,-0.05362670123577118,0.4028405547142029,-0.0499701127409935,0.9123303294181824,-0.06260638684034348,0.21047037839889526,-0.03812185674905777,0.9748483896255493,-0.02807193249464035,0.20898962020874023,-0.04554552584886551,0.9764532446861267,-0.02807193249464035,0.20898962020874023,-0.04554552584886551,0.9764532446861267,0.006651580799371004,0.2492464929819107,0.07417190074920654,0.9655725955963135,0.004069704562425613,0.2915005385875702,0.07706739753484726,0.9534524083137512,0.23663651943206787,0.30149462819099426,0.0035964392591267824,0.9236293435096741,0.19570985436439514,0.33700430393218994,-0.11371458321809769,0.9138898849487305,0.1291080266237259,-0.029153132811188698,-0.20068544149398804,0.9706732630729675,0.1258421093225479,-0.031015368178486824,-0.18850339949131012,0.9734825491905212,0.1258421093225479,-0.031015368178486824,-0.18850339949131012,0.9734825491905212,-0.002106976928189397,0.34188520908355713,0.06856564432382584,0.93723464012146,-0.26462236046791077,0.30898016691207886,0.1616106629371643,0.899104118347168,-0.23779228329658508,0.3355885148048401,0.23729991912841797,0.8800704479217529,-0.1316806972026825,0.00722610205411911,0.3259872496128082,0.9361304640769958,-0.11386831104755402,-0.0022316721733659506,0.25142353773117065,0.9611530900001526,-0.11386831104755402,-0.0022316721733659506,0.25142353773117065,0.9611530900001526,0.006651580799371004,0.2492464929819107,0.07417190074920654,0.9655725955963135
-0.1525401920080185,-0.0769768849015236,0.6889152526855469,0.0029497083742171526,0.27608248591423035,0.07484174519777298,0.9582110643386841,-1.4506620645523072,-0.26184126734733587,-0.4016145527362824,1.1699922800064089,-0.49488683938980105,0.02405501566827297,-1.451818108558655,-0.04542251676321026,0.2856441199779511,1.6237025260925293,-0.4319866538047791,0.05938402041792869,0.0,0.07935521006584166,0.5746413469314576,-0.2429425835609436,-0.8195474267005921,0.04495327658951284,0.1803250402212143,-0.612124001979828,0.13038673847913737,-0.7131714820861816,-0.17685345113277437,0.0,-0.5089573740959168,-0.2789958953857422,-0.7945407032966616,-0.36877660453319583,2.5538709640502932,0.4472197532653805,-5.471472740173341,-1.5158853292465209,-0.7830266952514646,2.8630976676940922,-0.8322765231132504,-0.014437901973724465,-5.522926998138429,0.9893644630908977,1.6181567668914794,2.130278182029724,-1.2628926038742065,-0.5834060668945312,0.0,-0.3453576058149339,3.48181438446045,0.8052117824554443,-1.753552389144898,0.7969163298606875,-0.48172576874494594,-1.9047427177429204,-1.9802217006683351,0.7212262749671934,-0.47397357672452967,0.0,0.0,0.0,0.0029497083742171526,0.27608248591423035,0.07484174519777298,0.9582110643386841,0.0029497083742171526,0.27608248591423035,0.07484174519777298,0.9582110643386841,0.09778617322444916,-0.40793582797050476,0.21842971444129944,0.8810871839523315,-0.017934361472725868,-0.4329897165298462,0.1630268394947052,0.8863524198532104,0.06892421096563339,-0.4278445839881897,-0.016976715996861458,0.9010607004165649,0.06677185744047165,0.14085185527801514,0.02404160052537918,0.9874838590621948,0.07063253968954086,-0.10529664158821106,0.006925617810338736,0.9919052124023438,0.08255766332149506,-0.10520584136247635,0.00818798691034317,0.9909838438034058,0.08255766332149506,-0.10520584136247635,0.00818798691034317,0.9909838438034058,0.002662187907844782,-0.4074892997741699,-0.11026841402053833,0.9065242409706116,-0.01808323711156845,-0.40497174859046936,-0.11916304379701614,0.9063503742218018,-0.07587946951389313,-0.39827120304107666,0.010911199264228344,0.9140588045120239,-0.060152165591716766,0.3891286849975586,-0.04762116074562073,0.9179830551147461,-0.06893788278102875,0.18334969878196716,-0.033577222377061844,0.980052649974823,-0.03983219712972641,0.18225565552711487,-0.03910926729440689,0.9816652536392212,-0.03983219712972641,0.18225565552711487,-0.03910926729440689,0.9816652536392212,0.0029497083742171526,0.27608248591423035,0.07484174519777298,0.9582110643386841,0.0006685327389277518,0.3137917220592499,0.0772923156619072,0.9463404417037964,0.26864194869995117,0.3226547837257385,-0.015381177887320518,0.9074628353118896,0.22787053883075714,0.3594907224178314,-0.12307202816009521,0.8964901566505432,0.14973169565200806,-0.02074996754527092,-0.22578392922878265,0.9623781442642212,0.14430199563503265,-0.02435900829732418,-0.20496006309986115,0.9677680730819702,0.14430199563503265,-0.02435900829732418,-0.20496006309986115,0.9677680730819702,-0.005338319577276707,0.36108630895614624,0.06939180940389633,0.929931640625,-0.28517359495162964,0.323311448097229,0.17523491382598877,0.885120689868927,-0.2644253969192505,0.3444569706916809,0.23143872618675232,0.8705543279647827,-0.16046872735023499,0.025045394897460938,0.328329861164093,0.9304956197738647,-0.14262093603610992,0.012137366458773613,0.24735799431800842,0.9582931995391846,-0.14262093603610992,0.012137366458773613,0.24735799431800842,0.9582931995391846,0.0029497083742171526,0.27608248591423035,0.07484174519777298,0.9582110643386841
-0.1703393608331681,-0.08319353312253953,0.6722375154495239,-0.0015666965628042817,0.30281373858451843,0.07464752346277237,0.9501205682754517,-1.573192381858826,-0.2888372957706452,-0.41318106055259707,1.2152565479278565,-0.5048988103866577,0.022521165758371348,-1.578741526603699,-0.010980559885501777,0.3118926048278809,1.6572710752487183,-0.4561877310276032,0.045325178653001744,0.0,0.0680593445897102,0.6608306288719179,-0.22705258429050443,-0.8602837204933167,0.06051311790943148,0.16127952933311457,-0.6577192783355714,0.08866225928068153,-0.7037877559661865,-0.19046242833137514,0.0,-0.7483497262001052,-0.3009694814682008,-0.8567261099815366,-0.5961105108261112,2.7494961261749267,0.19760407507419564,-6.069603919982911,-1.3854962825775143,-0.6152936875820156,2.6344032764434777,-0.5558191061019891,-0.07441825717687608,-6.285090446472169,1.6838905572891238,1.4285764694213856,1.7782808542251578,-1.23900933265686,-0.6497900485992437,0.0,-0.5170680522918706,4.2169156074523935,0.8049418687820433,-2.0597405195236203,0.8436643064022058,-0.863712453842164,-2.250834941864014,-2.1135742902755736,0.5246307373046869,-0.6966509222984313,0.0,0.0,0.0,-0.0015666965628042817,0.30281373858451843,0.07464752346277237,0.9501205682754517,-0.0015666965628042817,0.30281373858451843,0.07464752346277237,0.9501205682754517,0.1055656373500824,-0.43556490540504456,0.2278086543083191,0.8644317388534546,-0.019849717617034912,-0.46382778882980347,0.1625904142856598,0.8706516623497009,0.07576976716518402,-0.4580252766609192,-0.019428245723247528,0.8854910731315613,0.07328806817531586,0.12950441241264343,0.027318432927131653,0.9884893894195557,0.0777931660413742,-0.1215011477470398,0.008139753714203835,0.9895046949386597,0.08893217146396637,-0.12140227854251862,0.00949420128017664,0.9885659217834473,0.08893217146396637,-0.12140227854251862,0.00949420128017664,0.9885659217834473,-0.0055929915979504585,-0.4386150538921356,-0.12062087655067444,0.8905258178710938,-0.010639660060405731,-0.43799078464508057,-0.1227300837635994,0.8904988169670105,-0.07865449786186218,-0.4310152530670166,0.017007960006594658,0.8987492322921753,-0.06567946076393127,0.37107032537460327,-0.04648531600832939,0.9251118898391724,-0.07450199872255325,0.15227320790290833,-0.030416214838624,0.9850569367408752,-0.052184104919433594,0.15154150128364563,-0.0340266227722168,0.9864857792854309,-0.052184104919433594,0.15154150128364563,-0.0340266227722168,0.9864857792854309,-0.0015666965628042817,0.30281373858451843,0.07464752346277237,0.9501205682754517,-0.0034663607366383076,0.33490216732025146,0.07659685611724854,0.939128041267395,0.30129387974739075,0.3414290249347687,-0.036558542400598526,0.8895571231842041,0.2610531151294708,0.37949877977371216,-0.13482384383678436,0.8772996068000793,0.16992869973182678,-0.013067328371107578,-0.2538856267929077,0.9521007537841797,0.16280196607112885,-0.018226375803351402,-0.2261025458574295,0.9602296948432922,0.16280196607112885,-0.018226375803351402,-0.2261025458574295,0.9602296948432922,-0.009096442721784115,0.378205806016922,0.06949470937252045,0.9230643510818481,-0.3066636323928833,0.335471510887146,0.18806242942810059,0.8706599473953247,-0.2920994460582733,0.3509094715118408,0.22565795481204987,0.860592246055603,-0.189795583486557,0.039468396455049515,0.3312443494796753,0.923416018486023,-0.17179328203201294,0.022950371727347374,0.24448394775390625,0.9540377259254456,-0.17179328203201294,0.022950371727347374,0.24448394775390625,0.9540377259254456,-0.0015666965628042817,0.30281373858451843,0.07464752346277237,0.9501205682754517
-0.20229940116405498,-0.09039647132158282,0.6578437089920044,-0.007706122938543558,0.3295230567455292,0.07278227061033249,0.941306471824646,-1.7014138460159307,-0.31226383447647105,-0.42105073332786563,1.2234018087387086,-0.5093887209892273,0.020759892091155047,-1.7117729425430301,0.027282117307186257,0.3265258610248566,1.6808542728424074,-0.4774932503700257,0.025951135903596812,0.0,0.051990959048271126,0.756274747848511,-0.2122067809104919,-0.8987274289131166,0.0695057421922684,0.13337771594524375,-0.7062074303627016,0.04967281967401491,-0.6999484777450561,-0.2024511963129044,0.0,-1.3855889439582847,-0.3453525304794313,-0.7539492249488827,-0.7795360207557684,2.7565275192260743,0.10213290154933899,-6.325705528259278,-1.2248692274093622,-0.4489361286163325,0.9640480995178167,-0.30732642412185585,-0.08465232402086262,-6.559950351715089,1.8558229446411139,0.9058911800384504,1.3289400339126574,-1.1087092638015743,-0.888974070549012,0.0,-0.7318314373493202,4.633383274078371,0.7579530715942381,-1.9565741062164304,0.5481394648551932,-1.2622460484504714,-2.3810143470764165,-1.9904974460601803,0.27513061761855995,-0.6237415075302122,0.0,0.0,0.0,-0.007706122938543558,0.3295230567455292,0.07278227061033249,0.941306471824646,-0.007706122938543558,0.3295230567455292,0.07278227061033249,0.941306471824646,0.11202025413513184,-0.4647049903869629,0.2366589903831482,0.8458682298660278,-0.020781507715582848,-0.4958629012107849,0.1613590270280838,0.8530248999595642,0.08335436135530472,-0.48924630880355835,-0.02043233998119831,0.8679128885269165,0.07996203005313873,0.09787477552890778,0.031150085851550102,0.991491973400116,0.0852353647351265,-0.15508799254894257,0.009991692379117012,0.9841660261154175,0.0954480990767479,-0.15497636795043945,0.011587768793106079,0.983228325843811,0.0954480990767479,-0.15497636795043945,0.011587768793106079,0.983228325843811,-0.016396012157201767,-0.4721750020980835,-0.13033699989318848,0.8716617822647095,-0.0046658143401145935,-0.4739500880241394,-0.1235886663198471,0.8718229532241821,-0.08175554871559143,-0.46688079833984375,0.019698984920978546,0.8803125619888306,-0.06920016556978226,0.3442913293838501,-0.04777118191123009,0.935089647769928,-0.07854694128036499,0.11339224874973297,-0.030037859454751015,0.9899849891662598,-0.06571613252162933,0.11298993974924088,-0.03167452663183212,0.9909144639968872,-0.06571613252162933,0.11298993974924088,-0.03167452663183212,0.9909144639968872,-0.007706122938543558,0.3295230567455292,0.07278227061033249,0.941306471824646,-0.009066332131624222,0.3538411259651184,0.07411019504070282,0.932320773601532,0.33566269278526306,0.35599029064178467,-0.0621131993830204,0.8699101209640503,0.29659995436668396,0.3951275050640106,-0.15155038237571716,0.8561164140701294,0.18936032056808472,-0.0068551357835531235,-0.28812918066978455,0.938657283782959,0.18138690292835236,-0.013153774663805962,-0.25662869215011597,0.949245810508728,0.18138690292835236,-0.013153774663805962,-0.25662869215011597,0.949245810508728,-0.013910176232457161,0.3913632929325104,0.06819061934947968,0.9176007509231567,-0.3303064703941345,0.34361329674720764,0.19946609437465668,0.8561779260635376,-0.3220476806163788,0.35281074047088623,0.22023668885231018,0.8504738211631775,-0.2203674018383026,0.047114379703998566,0.3357081711292267,0.9146139621734619,-0.20193684101104736,0.02665470913052559,0.24427363276481628,0.9480724930763245,-0.20193684101104736,0.02665470913052559,0.24427363276481628,0.9480724930763245,-0.007706122938543558,0.3295230567455292,0.07278227061033249,0.941306471824646
-0.2182005435228348,-0.09713752120733264,0.6362550020217894,-0.013905651867389679,0.35347095131874084,0.07036338746547699,0.9326918125152588,-1.8310944795608526,-0.33481783270835885,-0.42811854481697087,1.2799130916595463,-0.49678226709365836,0.012237308919429726,-1.855151581764222,0.06537008509039896,0.32717463970184324,1.7083686113357546,-0.48780180811882023,0.003182271867990385,0.0,0.03137453496456136,0.8577919840812688,-0.1934724658727645,-0.9409133076667787,0.0751536548137665,0.10243909060955034,-0.76959342956543,0.01583821102976785,-0.7173157453536989,-0.21936987042427072,0.0,-1.1162350177764861,-0.3462902307510375,-0.9355372548103347,-0.843085765838623,2.5983105182647694,0.041103239357471275,-6.45484790802002,-1.1451506614685056,-0.3694277703762053,1.8582436740398505,0.28839539587498053,-0.2909029588103308,-6.961987113952639,1.9078923463821411,0.3121284484863253,1.2970939874649057,-0.7353670835494973,-1.0705467224121101,0.0,-0.9398603677749643,4.954399204254152,0.8589454889297493,-2.0344504594802864,0.3492898404598229,-1.4861949443817144,-2.871342849731448,-1.7948270559310904,-0.44423243105411947,-0.7473355412483225,0.0,0.0,0.0,-0.013905651867389679,0.35347095131874084,0.07036338746547699,0.9326918125152588,-0.013905651867389679,0.35347095131874084,0.07036338746547699,0.9326918125152588,0.11812794208526611,-0.49607324600219727,0.24486002326011658,0.8246216773986816,-0.020769383758306503,-0.5299414396286011,0.1585283726453781,0.8328262567520142,0.0923549234867096,-0.522241473197937,-0.021956682205200195,0.8474977016448975,0.08697868138551712,0.08716656267642975,0.037734102457761765,0.9916718006134033,0.0935441255569458,-0.15931303799152374,0.015255849808454514,0.9826679229736328,0.09954838454723358,-0.15923798084259033,0.01627114787697792,0.9820737242698669,0.09954838454723358,-0.15923798084259033,0.01627114787697792,0.9820737242698669,-0.027127359062433243,-0.5118815898895264,-0.13970154523849487,0.8471865057945251,0.00022453651763498783,-0.5162135362625122,-0.12234441190958023,0.8476765155792236,-0.08375342190265656,-0.5093686580657959,0.017398694530129433,0.856286346912384,-0.06805513054132462,0.3111017942428589,-0.05167127773165703,0.9465274214744568,-0.07853318750858307,0.07331737130880356,-0.033712875097990036,0.9936400651931763,-0.07697215676307678,0.07330771535634995,-0.03416015952825546,0.9937475919723511,-0.07697215676307678,0.07330771535634995,-0.03416015952825546,0.9937475919723511,-0.013905651867389679,0.35347095131874084,0.07036338746547699,0.9326918125152588,-0.014686552807688713,0.368039071559906,0.07109382748603821,0.9269720315933228,0.37203651666641235,0.36395078897476196,-0.08871698379516602,0.849268913269043,0.33576494455337524,0.40298324823379517,-0.1680755615234375,0.8346357941627502,0.21021710336208344,-0.008320620283484459,-0.3253188729286194,0.9219040870666504,0.2015504539012909,-0.015545842237770557,-0.2918957471847534,0.9348436594009399,0.2015504539012909,-0.015545842237770557,-0.2918957471847534,0.9348436594009399,-0.018630988895893097,0.40062040090560913,0.06660445034503937,0.9136302471160889,-0.3601341247558594,0.3463214635848999,0.21230648458003998,0.8398159742355347,-0.357467383146286,0.34922993183135986,0.2189541757106781,0.838042140007019,-0.2509734630584717,0.04125151410698891,0.3493502736091614,0.9018120765686035,-0.23017194867134094,0.016175054013729095,0.2518343925476074,0.9398609399795532,-0.23017194867134094,0.016175054013729095,0.2518343925476074,0.9398609399795532,-0.013905651867389679,0.35347095131874084,0.07036338746547699,0.9326918125152588
-0.22607223689556125,-0.10364762693643574,0.6110688447952269,-0.020129360258579254,0.37594175338745117,0.06765134632587433,0.923951268196106,-1.9615046977996833,-0.35693556070327764,-0.43478542566299433,1.3606073856353762,-0.47562763094902033,0.00033407149021512345,-2.003703832626343,0.10337069630622876,0.32083117961883534,1.7378485202789307,-0.49261188507080084,-0.021284000948071532,0.0,0.008484090678393744,0.9623457789421088,-0.17279389500617975,-0.984970271587372,0.07912921160459516,0.06998205929994558,-0.8404283523559574,-0.015418989583850077,-0.7452862858772279,-0.23875349760055542,0.0,-0.39358463883399925,-0.32550525665283236,-1.259307742118835,-0.8466976284980753,2.3574693202972385,-0.0027056557591992863,-6.520510673522945,-1.1058863401412942,-0.333344012498853,4.0347146987915,1.0577317476272556,-0.5951618552207931,-7.427612304687494,1.9000302553176853,-0.31717297434807035,1.4739953279495221,-0.24050383269786854,-1.2233136892318701,0.0,-1.1445220708847037,5.227689266204835,1.0339285135269152,-2.2028481960296618,0.19877782464027252,-1.6228514909744285,-3.541745901107787,-1.5628598928451538,-1.3985269069671618,-0.9691812992095917,0.0,0.0,0.0,-0.020129360258579254,0.37594175338745117,0.06765134632587433,0.923951268196106,-0.020129360258579254,0.37594175338745117,0.06765134632587433,0.923951268196106,0.12394613027572632,-0.5280644297599792,0.252498984336853,0.8012674450874329,-0.02026505023241043,-0.5645012855529785,0.15474551916122437,0.810543954372406,0.10196604579687119,-0.5555853843688965,-0.02371843159198761,0.8248424530029297,0.09418613463640213,0.0869479849934578,0.04570133984088898,0.990696907043457,0.10230154544115067,-0.1488860696554184,0.022226862609386444,0.9832972288131714,0.10246579349040985,-0.14888234436511993,0.022251728922128677,0.9832800030708313,0.10246579349040985,-0.14888234436511993,0.022251728922128677,0.9832800030708313,-0.03776540607213974,-0.5537311434745789,-0.1486377865076065,0.8184512257575989,0.004568131640553474,-0.5606706738471985,-0.11983225494623184,0.8193093538284302,-0.08504558354616165,-0.5542018413543701,0.012573301792144775,0.8279308080673218,-0.06451095640659332,0.27441728115081787,-0.05682584270834923,0.9577600359916687,-0.07641944289207458,0.032611314207315445,-0.03938155993819237,0.9957637786865234,-0.08701184391975403,0.03302856162190437,-0.03903229162096977,0.99489426612854,-0.08701184391975403,0.03302856162190437,-0.03903229162096977,0.99489426612854,-0.020129360258579254,0.37594175338745117,0.06765134632587433,0.923951268196106,-0.02031545341014862,0.3798554241657257,0.06781161576509476,0.922333300113678,0.4088648557662964,0.3681083917617798,-0.11569259315729141,0.8270072340965271,0.37626564502716064,0.4064282178878784,-0.18426650762557983,0.8119643330574036,0.2314838469028473,-0.013612546026706696,-0.3635086417198181,0.9022701382637024,0.22222203016281128,-0.021647939458489418,-0.3291211724281311,0.9175118207931519,0.22222203016281128,-0.021647939458489418,-0.3291211724281311,0.9175118207931519,-0.02330489084124565,0.4079270362854004,0.06487751007080078,0.9104082584381104,-0.3926839530467987,0.34597086906433105,0.22564956545829773,0.821696937084198,-0.39522501826286316,0.3425414264202118,0.21951062977313995,0.8235761523246765,-0.2813251316547394,0.028596026822924614,0.36722084879875183,0.8861079216003418,-0.2572682797908783,-0.001403407077305019,0.26309072971343994,0.9298356175422668,-0.2572682797908783,-0.001403407077305019,0.26309072971343994,0.9298356175422668,-0.020129360258579254,0.37594175338745117,0.06765134632587433,0.923951268196106
-0.23174545764923096,-0.11212566941976548,0.5885323882102966,-0.022289518266916275,0.39068418741226196,0.0703905001282692,0.9175588488578796,-2.064340162277222,-0.36636584997177124,-0.4257557332515716,1.4179844856262207,-0.46982401013374325,-0.0022158867388498067,-2.11616907119751,0.12565363049507144,0.3017331182956695,1.7565302848815918,-0.4985074520111084,-0.030677174031734478,0.0,-0.00908272434026005,1.073167395591736,-0.16074322164058685,-1.0223177433013917,0.07394086718559265,0.024410277605056714,-0.9059277176856996,-0.04616085551679138,-0.7649351477622987,-0.23980943858623505,0.0,-0.32763047814369195,-0.3845433592796326,-1.1798167943954467,-0.46421304941177327,1.8990379571914668,0.2076453702989968,-5.693267917633055,-0.7252632141113278,0.13755314946174668,3.335198736190795,0.5972013235092158,-0.3145634889602658,-6.345001792907714,1.428500127792358,-0.6998109757900242,1.1500510334968563,-0.27306852340698246,-0.7711206436157222,0.0,-0.9848132610321043,5.415723991394043,0.7750915884971616,-2.0015633583068846,-0.07613919377326994,-2.0162940025329594,-3.381679248809814,-1.5473998546600343,-1.148876583576202,-0.41935073137283263,0.0,0.0,0.0,-0.022289518266916275,0.39068418741226196,0.0703905001282692,0.9175588488578796,-0.022289518266916275,0.39068418741226196,0.0703905001282692,0.9175588488578796,0.13384132087230682,-0.5554779171943665,0.2582416236400604,0.7790006995201111,-0.010236098431050777,-0.5932146906852722,0.15264469385147095,0.7903740406036377,0.11524675786495209,-0.5820258259773254,-0.017847897484898567,0.8047642707824707,0.09878453612327576,0.08216427266597748,0.061569634824991226,0.989797830581665,0.11037370562553406,-0.15047824382781982,0.03690133988857269,0.9817394018173218,0.10928639769554138,-0.15053021907806396,0.03673293814063072,0.9818593263626099,0.10928639769554138,-0.15053021907806396,0.03673293814063072,0.9818593263626099,-0.03972657769918442,-0.5857309103012085,-0.153580442070961,0.7948297262191772,0.010077500715851784,-0.594237208366394,-0.11626473069190979,0.7957782745361328,-0.07913506031036377,-0.5890098810195923,0.004812479019165039,0.8042274713516235,-0.05421397089958191,0.2428886592388153,-0.05775634944438934,0.9668145179748535,-0.06679695844650269,-0.0031129922717809677,-0.04261983931064606,0.9968510270118713,-0.08207809180021286,-0.002447245642542839,-0.042772840708494186,0.995704710483551,-0.08207809180021286,-0.002447245642542839,-0.042772840708494186,0.995704710483551,-0.022289518266916275,0.39068418741226196,0.0703905001282692,0.9175588488578796,-0.022068969905376434,0.38651520013809204,0.07023743540048599,0.9193397760391235,0.4509028196334839,0.3680236339569092,-0.13746805489063263,0.8014659881591797,0.42064839601516724,0.40683698654174805,-0.19908824563026428,0.7860678434371948,0.2556670308113098,-0.015427508391439915,-0.4029196798801422,0.8786649703979492,0.24705883860588074,-0.023418890312314034,-0.3716854155063629,0.8945744037628174,0.24705883860588074,-0.023418890312314034,-0.3716854155063629,0.8945744037628174,-0.02338404580950737,0.4018208384513855,0.06942103803157806,0.9127835035324097,-0.42055580019950867,0.3309031128883362,0.23811841011047363,0.8105158805847168,-0.42756450176239014,0.3196922540664673,0.22013679146766663,0.8164099454879761,-0.30795925855636597,0.0024137822911143303,0.38315555453300476,0.870831310749054,-0.2808072865009308,-0.030119581148028374,0.28109756112098694,0.9171828627586365,-0.2808072865009308,-0.030119581148028374,0.28109756112098694,0.9171828627586365,-0.022289518266916275,0.39068418741226196,0.0703905001282692,0.9175588488578796
-0.24381356239318852,-0.12240114212036136,0.566941750049591,-0.023664839565753937,0.4031332731246948,0.07459642738103867,0.911788821220398,-2.1613533020019533,-0.37403056025505066,-0.41440253257751464,1.4535159111022948,-0.46226319670677185,-0.0029739587567746578,-2.2209699630737307,0.14519272744655612,0.2831420719623565,1.7750364780426027,-0.5006602466106415,-0.03929073661565782,0.0,-0.023280631005764024,1.1828942298889162,-0.14566156715154643,-1.0627989530563355,0.067754490673542,-0.02124758651480089,-0.9681670665740968,-0.07250813394784932,-0.7904962658882142,-0.2397239178419113,0.0,-0.4755075514316571,-0.47782499790191685,-1.0984482645988463,-0.12013544142246187,1.4581272363662712,0.40991628170013467,-4.967103099822997,-0.4185470640659329,0.5211898326873784,2.213484573364253,0.3428967952728275,-0.07374132871627773,-5.393331146240233,1.0318315863609309,-0.9396925568580626,0.9288210272789001,-0.18249515891075058,-0.44627032876014694,0.0,-0.7772734999656671,5.508236980438232,0.6934630632400519,-1.961385583877564,-0.28935816884040855,-2.281171417236328,-3.177167654037475,-1.4052554965019217,-1.1598107099533093,-0.01855319663882233,0.0,0.0,0.0,-0.023664839565753937,0.4031332731246948,0.07459642738103867,0.911788821220398,-0.023664839565753937,0.4031332731246948,0.07459642738103867,0.911788821220398,0.14454403519630432,-0.5818934440612793,0.26332396268844604,0.7557563185691833,0.001527541084215045,-0.6207006573677063,0.1505180448293686,0.7694624662399292,0.12910358607769012,-0.607164740562439,-0.011071529239416122,0.7839391231536865,0.10387539118528366,0.06713796406984329,0.07750298082828522,0.9892904758453369,0.11882219463586807,-0.1612788438796997,0.0516650527715683,0.9783665537834167,0.11736360192298889,-0.16134728491306305,0.05144389346241951,0.9785429835319519,0.11736360192298889,-0.16134728491306305,0.05144389346241951,0.9785429835319519,-0.0393902063369751,-0.6154350638389587,-0.15789644420146942,0.7712048292160034,0.016581829637289047,-0.6252808570861816,-0.11276045441627502,0.7720323801040649,-0.07170149683952332,-0.6213589906692505,-0.0026114066131412983,0.7802339792251587,-0.04325224086642265,0.21279242634773254,-0.05719834566116333,0.9744623899459839,-0.05607223138213158,-0.03523693233728409,-0.044684458523988724,0.9968037009239197,-0.07564092427492142,-0.0343509241938591,-0.04540609195828438,0.9955083727836609,-0.07564092427492142,-0.0343509241938591,-0.04540609195828438,0.9955083727836609,-0.023664839565753937,0.4031332731246948,0.07459642738103867,0.911788821220398,-0.023079916834831238,0.39249706268310547,0.07419867068529129,0.9164649248123169,0.4917457103729248,0.36725226044654846,-0.15742643177509308,0.7736465930938721,0.464487761259079,0.40534183382987976,-0.21109871566295624,0.7585422992706299,0.27938637137413025,-0.018806245177984238,-0.4407462477684021,0.8528378009796143,0.27150630950927734,-0.026579366996884346,-0.4130450487136841,0.8688910603523254,0.27150630950927734,-0.026579366996884346,-0.4130450487136841,0.8688910603523254,-0.02252390794456005,0.3934667110443115,0.07543879747390747,0.9159616231918335,-0.44630056619644165,0.3131338655948639,0.24970242381095886,0.8002573251724243,-0.4566870331764221,0.29489004611968994,0.22164370119571686,0.809537410736084,-0.32997989654541016,-0.02799089066684246,0.40015196800231934,0.8545222282409668,-0.29946255683898926,-0.06229659169912338,0.30083897709846497,0.9032924175262451,-0.29946255683898926,-0.06229659169912338,0.30083897709846497,0.9032924175262451,-0.023664839565753937,0.4031332731246948,0.07459642738103867,0.911788821220398
-0.2686714351177216,-0.13627147525548938,0.5472427487373351,-0.023478325456380844,0.41113516688346863,0.0817607194185257,0.9075967669487,-2.2467217922210696,-0.3781641125679016,-0.39840231537818904,1.445355987548828,-0.4511879980564117,-0.00014825826510786065,-2.3104421615600588,0.15924414992332464,0.2655650556087493,1.7931915283203126,-0.49532749652862545,-0.04634507820010188,0.0,-0.030740723758935953,1.2904314994812016,-0.1245179504156112,-1.1095476388931276,0.059572049975395176,-0.06707761129364387,-1.0238863825798037,-0.0900662317872048,-0.8278818964958192,-0.23735547363758086,0.0,-1.0510470926761646,-0.6395937085151677,-1.0133245706558225,0.14712826907634824,1.0522578001022325,0.5960269868373878,-4.443094158172606,-0.25964495539665167,0.7303055584430702,0.24737401008605264,0.5010441482067114,0.08752841949462944,-4.703540229797361,0.7848862171173088,-0.8940612077713012,0.913019597530365,0.15435431599617117,-0.3761053860187528,0.0,-0.4740718364715566,5.409706497192382,0.9662513375282297,-2.243421936035157,-0.3791810572147372,-2.28891863822937,-2.8837661743164054,-1.0097424983978258,-1.6919137358665486,0.08417835012078317,0.0,0.0,0.0,-0.023478325456380844,0.41113516688346863,0.0817607194185257,0.9075967669487,-0.023478325456380844,0.41113516688346863,0.0817607194185257,0.9075967669487,0.15703053772449493,-0.6070393919944763,0.267433226108551,0.7316585183143616,0.016730841249227524,-0.6464804410934448,0.1485447883605957,0.748142659664154,0.14424733817577362,-0.6304396986961365,-0.002516067586839199,0.7627136707305908,0.10989061743021011,0.03160589188337326,0.09351193904876709,0.989030122756958,0.12797793745994568,-0.1904323846101761,0.06657964736223221,0.9710429310798645,0.1279020756483078,-0.1904291808605194,0.06658424437046051,0.9710531830787659,0.1279020756483078,-0.1904291808605194,0.06658424437046051,0.9710531830787659,-0.03453391417860985,-0.6416102051734924,-0.16124208271503448,0.7490960359573364,0.025086916983127594,-0.6524162292480469,-0.1096186637878418,0.7494714260101318,-0.06140132248401642,-0.6499884724617004,-0.009339656680822372,0.7574019432067871,-0.03104531578719616,0.18591991066932678,-0.05374235659837723,0.9806026816368103,-0.043271344155073166,-0.06013685464859009,-0.04447566345334053,0.9962596297264099,-0.06634140759706497,-0.059088561683893204,-0.045895155519247055,0.994987964630127,-0.06634140759706497,-0.059088561683893204,-0.045895155519247055,0.994987964630127,-0.023478325456380844,0.41113516688346863,0.0817607194185257,0.9075967669487,-0.022606804966926575,0.3971426784992218,0.08123405277729034,0.9138750433921814,0.5314333438873291,0.36621004343032837,-0.17410677671432495,0.743744432926178,0.508338451385498,0.40122461318969727,-0.21803167462348938,0.7301185727119446,0.3028157949447632,-0.02534540928900242,-0.476407915353775,0.8250429034233093,0.2958197295665741,-0.032576967030763626,-0.45295172929763794,0.8403952121734619,0.2958197295665741,-0.032576967030763626,-0.45295172929763794,0.8403952121734619,-0.0197836235165596,0.3805873394012451,0.0843980610370636,0.9206730723381042,-0.46833717823028564,0.2904362678527832,0.25982946157455444,0.7929664850234985,-0.48009708523750305,0.26678717136383057,0.22530236840248108,0.804717481136322,-0.3432078957557678,-0.06676624715328217,0.41983354091644287,0.8375502824783325,-0.3087334930896759,-0.10136567056179047,0.32442811131477356,0.8883439898490906,-0.3087334930896759,-0.10136567056179047,0.32442811131477356,0.8883439898490906,-0.023478325456380844,0.41113516688346863,0.0817607194185257,0.9075967669487
-0.27763781547546384,-0.1490988075733185,0.5272335410118103,-0.024744030088186264,0.415333092212677,0.0894974023103714,0.90491783618927,-2.3196615219116214,-0.3763396918773651,-0.3887870669364929,1.4686994075775148,-0.4475498139858246,0.006759132398292443,-2.3859271049499515,0.17349750697612765,0.25344236493110656,1.8111726760864257,-0.4882561266422272,-0.04713042676448821,0.0,-0.03708422034978868,1.3849804401397707,-0.09445980638265603,-1.154348921775818,0.055979269742965694,-0.11022511571645746,-1.0744742870330812,-0.09938804954290391,-0.8667209744453431,-0.23244875371456145,0.0,-0.7661488294601425,-0.6622265815734862,-0.9942562222480774,0.19279384613037095,0.6660181999206534,0.7229248523712161,-3.895561599731444,-0.027938422560691234,0.6084617495536797,0.5371040642261535,0.3306494951248162,0.26373570263385815,-4.053992176055907,0.7086291193962098,-0.7152209997177119,0.9025353789329529,0.3187960863113405,-0.16464728713035523,0.0,-0.33950673341751086,4.987213230133055,1.3246165513992318,-2.279012060165405,-0.27143221497535663,-2.211025524139404,-2.6320232868194573,-0.6308164477348319,-1.912884831428528,0.19457046240568188,0.0,0.0,0.0,-0.024744030088186264,0.415333092212677,0.0894974023103714,0.90491783618927,-0.024744030088186264,0.415333092212677,0.0894974023103714,0.90491783618927,0.16802053153514862,-0.6295207738876343,0.27221548557281494,0.7080759406089783,0.0325678288936615,-0.6693371534347534,0.1496882140636444,0.7269942760467529,0.16121138632297516,-0.6504748463630676,0.0063909501768648624,0.7421945333480835,0.11509687453508377,0.014483209699392319,0.11282702535390854,0.9868196249008179,0.13726535439491272,-0.20486491918563843,0.08447226136922836,0.9654289484024048,0.14051899313926697,-0.20452836155891418,0.08518849313259125,0.964969277381897,0.14051899313926697,-0.20452836155891418,0.08518849313259125,0.964969277381897,-0.028586965054273605,-0.6651339530944824,-0.16259267926216125,0.728246808052063,0.034517981112003326,-0.6767367124557495,-0.1042519062757492,0.7279887199401855,-0.051211901009082794,-0.6756582856178284,-0.011343488469719887,0.7353466749191284,-0.02272898703813553,0.1615317463874817,-0.04724983870983124,0.9854736328125,-0.03349030390381813,-0.0814557671546936,-0.040331050753593445,0.995297372341156,-0.056934379041194916,-0.08047901839017868,-0.042224109172821045,0.9942327737808228,-0.056934379041194916,-0.08047901839017868,-0.042224109172821045,0.9942327737808228,-0.024744030088186264,0.415333092212677,0.0894974023103714,0.90491783618927,-0.023551825433969498,0.39848870038986206,0.08888958394527435,0.912551760673523,0.5644338130950928,0.3635869026184082,-0.1861201524734497,0.7173411250114441,0.5471993684768677,0.39158207178115845,-0.21834880113601685,0.7067955732345581,0.32488584518432617,-0.03729555010795593,-0.5049870014190674,0.7987780570983887,0.31807416677474976,-0.04448666796088219,-0.4837823510169983,0.814128041267395,0.31807416677474976,-0.04448666796088219,-0.4837823510169983,0.814128041267395,-0.01823406107723713,0.3650534749031067,0.09386812895536423,0.9260627627372742,-0.4897092580795288,0.26561155915260315,0.2671716809272766,0.7862917184829712,-0.5014031529426575,0.23852553963661194,0.22940653562545776,0.7994204759597778,-0.35347744822502136,-0.10538326948881149,0.4400026798248291,0.8187464475631714,-0.3157128095626831,-0.13955196738243103,0.34961390495300293,0.8709884285926819,-0.3157128095626831,-0.13955196738243103,0.34961390495300293,0.8709884285926819,-0.024744030088186264,0.415333092212677,0.0894974023103714,0.90491783618927
-0.2786584496498108,-0.16140463948249817,0.5070692300796509,-0.026735277846455574,0.41762039065361023,0.09751799702644348,0.902977705001831,-2.3863868713378906,-0.3715362846851349,-0.38236430287361145,1.5077944993972778,-0.4476301372051239,0.0157073677983135,-2.454418420791626,0.18785183131694794,0.24404683709144592,1.8290668725967407,-0.4803154468536377,-0.04478127881884575,0.0,-0.04286941885948181,1.473035216331482,-0.05994439870119095,-1.1981765031814575,0.05468131974339485,-0.15203136205673218,-1.122496485710144,-0.1045917272567749,-0.9062867760658264,-0.22627289593219757,0.0,-0.05103170871734619,-0.6152915358543396,-1.0082155466079712,0.1276603788137436,0.28959351778030396,0.8202162981033325,-3.3362672328948975,0.24017034471035004,0.3211381733417511,1.954754382371902,-0.00401616096496582,0.4474117308855057,-3.424565553665161,0.7177161574363708,-0.4697763621807098,0.8947097659111023,0.3970339596271515,0.11745738983154297,0.0,-0.2892599105834961,4.402738571166992,1.7257702350616455,-2.1913790702819824,-0.06489750742912292,-2.0903122425079346,-2.4011096954345703,-0.2601838707923889,-1.9782899618148804,0.3087928518652916,0.0,0.0,0.0,-0.026735277846455574,0.41762039065361023,0.09751799702644348,0.902977705001831,-0.026735277846455574,0.41762039065361023,0.09751799702644348,0.902977705001831,0.17817547917366028,-0.6503573060035706,0.2772025167942047,0.684432327747345,0.048694219440221786,-0.6903674602508545,0.15231117606163025,0.7055656909942627,0.17899039387702942,-0.6685363054275513,0.015464767813682556,0.721652626991272,0.11990339308977127,0.006579632870852947,0.1337904930114746,0.9837072491645813,0.14660769701004028,-0.21191942691802979,0.10384077578783035,0.960631787776947,0.15414759516716003,-0.2110973745584488,0.10550190508365631,0.9594507813453674,0.15414759516716003,-0.2110973745584488,0.10550190508365631,0.9594507813453674,-0.022087136283516884,-0.6870636343955994,-0.16288258135318756,0.7077605128288269,0.044389575719833374,-0.6993116140365601,-0.09772638976573944,0.7067123651504517,-0.04106127843260765,-0.6995149254798889,-0.010978118516504765,0.7133528590202332,-0.016356240957975388,0.13835754990577698,-0.039230361580848694,0.9894698858261108,-0.025217993184924126,-0.10096442699432373,-0.03421403840184212,0.9939817190170288,-0.047465696930885315,-0.10017310827970505,-0.03646593168377876,0.9931679368019104,-0.047465696930885315,-0.10017310827970505,-0.03646593168377876,0.9931679368019104,-0.026735277846455574,0.41762039065361023,0.09751799702644348,0.902977705001831,-0.025205183774232864,0.398173063993454,0.09685225784778595,0.911834716796875,0.593818187713623,0.36002832651138306,-0.19570837914943695,0.6924289464950562,0.5831518769264221,0.3789300322532654,-0.21521241962909698,0.6855869889259338,0.3460073173046112,-0.051909081637859344,-0.5296134948730469,0.7727185487747192,0.3390611708164215,-0.05930748209357262,-0.5097165703773499,0.7884853482246399,0.3390611708164215,-0.05930748209357262,-0.5097165703773499,0.7884853482246399,-0.017275506630539894,0.3481028079986572,0.10356855392456055,0.9315575957298279,-0.5104406476020813,0.23957715928554535,0.27295565605163574,0.7794538736343384,-0.5213453769683838,0.2100621908903122,0.2335946261882782,0.7934144139289856,-0.3618365526199341,-0.14375074207782745,0.4598705768585205,0.7980783581733704,-0.3211387097835541,-0.1770744025707245,0.3751258850097656,0.8513489961624146,-0.3211387097835541,-0.1770744025707245,0.3751258850097656,0.8513489961624146,-0.026735277846455574,0.41762039065361023,0.09751799702644348,0.902977705001831
-0.28146631121635435,-0.17033174633979797,0.48921698331832886,-0.029352067038416862,0.4156204164028168,0.10431690514087677,0.9030593633651733,-2.437127113342285,-0.3741678178310394,-0.3825812220573425,1.537959337234497,-0.4433094382286072,0.021306281536817556,-2.513536024093628,0.18801592886447907,0.23079344332218169,1.8523933649063111,-0.460091233253479,-0.04908989667892456,0.0,-0.04762859866023064,1.5471500873565676,-0.033763119578361485,-1.251874041557312,0.050136696547269814,-0.17437458336353304,-1.1754681110382081,-0.07787052839994428,-0.9652230262756348,-0.21903194189071654,0.0,-0.1046485267579556,-0.5139298021793365,-0.9388535857200622,0.09148526936769481,0.0010304212570187432,0.7647466063499451,-2.856714010238647,0.017122134566306846,0.12194769382476786,1.6868468523025508,0.1280144959688188,0.3469321012496947,-3.143354177474975,0.2920093894004817,-0.5855123400688172,1.0576786041259767,0.7655400097370152,-0.082275575399399,0.0,-0.2584793537855148,3.9845414161682124,1.475746440887451,-2.487477636337281,-0.16229768246412288,-1.506421518325805,-2.5495924949645996,0.6975624442100535,-2.55940341949463,0.34074574708938604,0.0,0.0,0.0,-0.029352067038416862,0.4156204164028168,0.10431690514087677,0.9030593633651733,-0.029352067038416862,0.4156204164028168,0.10431690514087677,0.9030593633651733,0.1855023205280304,-0.6682150959968567,0.28190046548843384,0.6630306839942932,0.058962494134902954,-0.7089840173721313,0.15268029272556305,0.6859692335128784,0.1926845908164978,-0.6848407983779907,0.01947607658803463,0.7024859189987183,0.12476914376020432,-0.003657786175608635,0.14802449941635132,0.9810749888420105,0.15423855185508728,-0.2192562073469162,0.11698313057422638,0.9562698602676392,0.16441144049167633,-0.21797695755958557,0.11932781338691711,0.954576313495636,0.16441144049167633,-0.21797695755958557,0.11932781338691711,0.954576313495636,-0.015449313446879387,-0.7084468603134155,-0.16322386264801025,0.6864564418792725,0.0490550771355629,-0.7206407189369202,-0.09600044786930084,0.6848756074905396,-0.03415197506546974,-0.7214967012405396,-0.016407199203968048,0.691380500793457,-0.007421854417771101,0.11911807954311371,-0.03708276152610779,0.9921597242355347,-0.01568019390106201,-0.11025334894657135,-0.03434710577130318,0.9931861162185669,-0.040049247443675995,-0.10937514156103134,-0.03705546259880066,0.992501974105835,-0.040049247443675995,-0.10937514156103134,-0.03705546259880066,0.992501974105835,-0.029352067038416862,0.4156204164028168,0.10431690514087677,0.9030593633651733,-0.027475079521536827,0.39399805665016174,0.10363876819610596,0.9128360748291016,0.6181179881095886,0.3544323742389679,-0.20115724205970764,0.672193169593811,0.6122441291809082,0.3653218746185303,-0.21199819445610046,0.6683964729309082,0.3574276566505432,-0.07144996523857117,-0.5541669130325317,0.748357892036438,0.3507196009159088,-0.07833580672740936,-0.5366294384002686,0.7634710669517517,0.3507196009159088,-0.07833580672740936,-0.5366294384002686,0.7634710669517517,-0.017851656302809715,0.33572906255722046,0.11142587661743164,0.9351747632026672,-0.5334773063659668,0.2176332175731659,0.2786453366279602,0.7683714628219604,-0.5410060882568359,0.19503620266914368,0.24975360929965973,0.7790355682373047,-0.35848933458328247,-0.17225107550621033,0.4950595498085022,0.7724837064743042,-0.3165860176086426,-0.2030666470527649,0.41623133420944214,0.827821671962738,-0.3165860176086426,-0.2030666470527649,0.41623133420944214,0.827821671962738,-0.029352067038416862,0.4156204164028168,0.10431690514087677,0.9030593633651733
-0.28545325994491577,-0.1797917008399963,0.4711026728153229,-0.03190692886710167,0.4113614559173584,0.11179295927286148,0.9040277004241943,-2.484127998352051,-0.37653734683990475,-0.38299586772918703,1.5639314651489258,-0.4337899565696717,0.02178171575069431,-2.5674163818359372,0.18984450697898864,0.21968395411968233,1.8547508955001832,-0.44048553109169014,-0.05062389820814134,0.0,-0.049280627071857465,1.617130351066589,-0.007299522683024497,-1.3019882917404173,0.042030336707830476,-0.20202746391296375,-1.22244873046875,-0.05975325852632523,-1.0145842552185058,-0.21110361814498904,0.0,-0.17576568722724878,-0.462340748310089,-0.900474190711975,0.10396129935979806,-0.3341181546449647,0.7613260030746457,-2.4248311758041394,-0.12371653169393547,-0.01677775215357536,1.3824604868888868,0.37199840247630916,0.12624129056930697,-2.7987626075744645,0.058139294385909535,-0.5983525216579444,0.537255692482001,0.9926553249359132,-0.13219240307808006,0.0,-0.14474444687366578,3.5817050933837904,1.3175333738327026,-2.577378082275392,-0.3340832352638234,-1.2764508008956894,-2.4688508749008196,1.0779420614242579,-2.659561753273013,0.3826687633991239,0.0,0.0,0.0,-0.03190692886710167,0.4113614559173584,0.11179295927286148,0.9040277004241943,-0.03190692886710167,0.4113614559173584,0.11179295927286148,0.9040277004241943,0.19272303581237793,-0.6858391761779785,0.28667280077934265,0.6405474543571472,0.06944260001182556,-0.7273719310760498,0.15323859453201294,0.6653013229370117,0.20661666989326477,-0.7008564472198486,0.02381475269794464,0.6823068261146545,0.12975183129310608,-0.016486577689647675,0.16250482201576233,0.9780004024505615,0.16161052882671356,-0.22658050060272217,0.13080181181430817,0.9515430331230164,0.17197145521640778,-0.2251708209514618,0.13324302434921265,0.949721097946167,0.17197145521640778,-0.2251708209514618,0.13324302434921265,0.949721097946167,-0.007530206814408302,-0.7289013862609863,-0.16327828168869019,0.6648204922676086,0.055490218102931976,-0.7411017417907715,-0.09343713521957397,0.6625393629074097,-0.02605384960770607,-0.7427129745483398,-0.020211119204759598,0.6687975525856018,0.0006099554011598229,0.08948797732591629,-0.03303740918636322,0.9954395294189453,-0.006647385656833649,-0.1301431506872177,-0.032334692776203156,0.99094557762146,-0.031730540096759796,-0.12927964329719543,-0.035581741482019424,0.9904615879058838,-0.031730540096759796,-0.12927964329719543,-0.035581741482019424,0.9904615879058838,-0.03190692886710167,0.4113614559173584,0.11179295927286148,0.9040277004241943,-0.029794011265039444,0.3889572024345398,0.11114196479320526,0.9140415787696838,0.6405328512191772,0.34909892082214355,-0.20459237694740295,0.6526787281036377,0.6393006443977356,0.35148096084594727,-0.20693863928318024,0.6518683433532715,0.3688497543334961,-0.0897640585899353,-0.5756607055664062,0.7242286205291748,0.36298274993896484,-0.09562854468822479,-0.5615454912185669,0.737404465675354,0.36298274993896484,-0.09562854468822479,-0.5615454912185669,0.737404465675354,-0.01781768538057804,0.31849342584609985,0.12018245458602905,0.9401068687438965,-0.5541675090789795,0.1919216811656952,0.28098979592323303,0.7596769332885742,-0.5591188669204712,0.17389190196990967,0.2592533230781555,0.7680724859237671,-0.35874176025390625,-0.2035878300666809,0.5215157866477966,0.7469121813774109,-0.31561198830604553,-0.23236888647079468,0.44881075620651245,0.8030956983566284,-0.31561198830604553,-0.23236888647079468,0.44881075620651245,0.8030956983566284,-0.03190692886710167,0.4113614559173584,0.11179295927286148,0.9040277004241943
-0.2917983829975128,-0.1903173506259918,0.45246423482894904,-0.034337058663368225,0.40257811546325684,0.12062036991119385,0.9067538380622864,-2.5236501693725586,-0.37838286757469175,-0.3838059663772583,1.5815181732177734,-0.4138729095458985,0.012010191380977652,-2.610822248458862,0.19500204622745512,0.2128622740507126,1.8151705026626588,-0.42211685180664066,-0.04660866707563401,0.0,-0.04471835270524026,1.6788414001464842,0.01972870416939252,-1.3449359655380249,0.026800503581762346,-0.24029966294765465,-1.257447338104248,-0.058843846619129184,-1.0447954416275023,-0.20180055499076846,0.0,-0.2818835139274595,-0.5102970540523528,-0.9240599274635315,0.2137396082282064,-0.7624376446008673,0.8620035767555234,-2.088289117813111,-0.10013615489006047,-0.0345731338486075,1.0051166296005256,0.8398888081312169,-0.3348718523979176,-2.327410650253297,0.20794254541397061,-0.40540111064910933,-1.3499507188796955,0.9369892597198488,0.1175230443477625,0.0,0.1348991602659219,3.209590435028077,1.3429417610168457,-2.2548822879791266,-0.6546395063400261,-1.7543200969696033,-1.9296604156494153,0.30358846187591726,-1.7978098392486592,0.4445320367813109,0.0,0.0,0.0,-0.034337058663368225,0.40257811546325684,0.12062036991119385,0.9067538380622864,-0.034337058663368225,0.40257811546325684,0.12062036991119385,0.9067538380622864,0.1998683214187622,-0.703496515750885,0.29180777072906494,0.6164360642433167,0.08038102835416794,-0.7458209991455078,0.15429005026817322,0.6430277824401855,0.22115686535835266,-0.716796875,0.028818760067224503,0.6606522798538208,0.13498683273792267,-0.03449146822094917,0.1774950474500656,0.9742096066474915,0.1685032844543457,-0.23393578827381134,0.14599952101707458,0.946342945098877,0.17419089376926422,-0.23308299481868744,0.147382915019989,0.9453085064888,0.17419089376926422,-0.23308299481868744,0.147382915019989,0.9453085064888,0.002928977133706212,-0.7481595277786255,-0.1629156470298767,0.6432007551193237,0.06550326943397522,-0.760471761226654,-0.08929036557674408,0.6398588418960571,-0.01562205608934164,-0.7631217241287231,-0.020777849480509758,0.6457318067550659,0.0068266005255281925,0.039031244814395905,-0.025169819593429565,0.9988975524902344,0.0013763747410848737,-0.1710982769727707,-0.026004008948802948,0.9849098324775696,-0.021580293774604797,-0.17044249176979065,-0.029947558417916298,0.9846760630607605,-0.021580293774604797,-0.17044249176979065,-0.029947558417916298,0.9846760630607605,-0.034337058663368225,0.40257811546325684,0.12062036991119385,0.9067538380622864,-0.03221146762371063,0.38219597935676575,0.12008036673069,0.9156796932220459,0.6599686741828918,0.34475791454315186,-0.20426054298877716,0.6355004906654358,0.6632001996040344,0.3377527594566345,-0.19852089881896973,0.6377131938934326,0.3810017704963684,-0.10574953258037567,-0.5921566486358643,0.7021433115005493,0.3771449029445648,-0.10958055406808853,-0.5835133790969849,0.7108206152915955,0.3771449029445648,-0.10958055406808853,-0.5835133790969849,0.7108206152915955,-0.016559762880206108,0.2914755046367645,0.13070636987686157,0.9474617838859558,-0.5706822276115417,0.15893249213695526,0.2769257724285126,0.7565542459487915,-0.5745937824249268,0.14071354269981384,0.255645751953125,0.7646483182907104,-0.3673088848590851,-0.24106374382972717,0.5319904088973999,0.7238500118255615,-0.3228708803653717,-0.2689095437526703,0.46567294001579285,0.7788393497467041,-0.3228708803653717,-0.2689095437526703,0.46567294001579285,0.7788393497467041,-0.034337058663368225,0.40257811546325684,0.12062036991119385,0.9067538380622864
-0.3023551106452942,-0.2031344950199127,0.43672948479652407,-0.03478749841451645,0.3875865936279297,0.13110674917697906,0.9117990732192993,-2.5525490760803224,-0.37744511365890504,-0.3823854446411133,1.5862804889678954,-0.38662821054458624,0.0010950176045298708,-2.6442281723022463,0.1919345796108246,0.2052108198404312,1.8148664236068726,-0.40688689351081847,-0.04434762448072434,0.0,-0.04171968400478363,1.7357818841934203,0.05212971568107601,-1.394250226020813,0.014183527976274504,-0.27454874515533445,-1.285783290863037,-0.04331924915313723,-1.0935439109802245,-0.19170777201652528,0.0,-0.44360424876213056,-0.5950273156166075,-0.8448112010955812,0.44883596301078765,-1.2807135939598078,0.9343160390853881,-1.6574105024337773,-0.008777795732021462,0.026413682848214992,0.494603598117829,1.2156818270683285,-0.522885650396347,-1.8702950000762946,0.01112679839134259,-0.36597719788551325,-0.8007302045822164,0.8242722749710084,0.1481358915567399,0.0,0.18120554089546212,2.942435264587403,1.5125948190689085,-2.338381195068359,-0.6831058859825135,-1.7929163694381716,-1.5500506162643437,0.4839261256158345,-2.0666776418685906,0.4888447225093841,0.0,0.0,0.0,-0.03478749841451645,0.3875865936279297,0.13110674917697906,0.9117990732192993,-0.03478749841451645,0.3875865936279297,0.13110674917697906,0.9117990732192993,0.20712800323963165,-0.7216781973838806,0.29600900411605835,0.5904719829559326,0.09265631437301636,-0.7644013166427612,0.15537875890731812,0.6188400983810425,0.23621316254138947,-0.7328766584396362,0.034928396344184875,0.6370835304260254,0.14085187017917633,-0.06023189425468445,0.19282181560993195,0.9692020416259766,0.17507678270339966,-0.2453523576259613,0.16221565008163452,0.9395937919616699,0.17561422288417816,-0.2453187108039856,0.1622927486896515,0.9394888877868652,0.17561422288417816,-0.2453187108039856,0.1622927486896515,0.9394888877868652,0.016986744478344917,-0.7669336199760437,-0.1640278697013855,0.6201766729354858,0.07639217376708984,-0.7790995836257935,-0.08982713520526886,0.6157103180885315,-0.003757681930437684,-0.7828253507614136,-0.02622510865330696,0.6216771602630615,0.01831291988492012,0.007793738041073084,-0.019015824422240257,0.9996211528778076,0.014081103727221489,-0.19433456659317017,-0.022253692150115967,0.9805818796157837,-0.0076651182025671005,-0.19379380345344543,-0.02655050903558731,0.9806530475616455,-0.0076651182025671005,-0.19379380345344543,-0.02655050903558731,0.9806530475616455,-0.03478749841451645,0.3875865936279297,0.13110674917697906,0.9117990732192993,-0.03256699815392494,0.36847472190856934,0.1306072473526001,0.9198409914970398,0.680738627910614,0.33818286657333374,-0.19663983583450317,0.6193224191665649,0.6890186667442322,0.3191709518432617,-0.1818145513534546,0.6247613430023193,0.3977191746234894,-0.12705205380916595,-0.6059643030166626,0.6771148443222046,0.3956388831138611,-0.12913168966770172,-0.6015694737434387,0.6818424463272095,0.3956388831138611,-0.12913168966770172,-0.6015694737434387,0.6818424463272095,-0.01311984658241272,0.2597287893295288,0.1424712985754013,0.955024003982544,-0.5831388831138611,0.12255724519491196,0.26945820450782776,0.7565191984176636,-0.5854281187057495,0.10894198715686798,0.2537773847579956,0.7622354030609131,-0.36601412296295166,-0.2834700345993042,0.5459519028663635,0.6982944011688232,-0.3204439878463745,-0.3092917799949646,0.4861982464790344,0.7518414855003357,-0.3204439878463745,-0.3092917799949646,0.4861982464790344,0.7518414855003357,-0.03478749841451645,0.3875865936279297,0.13110674917697906,0.9117990732192993
-0.3150176405906677,-0.21709738671779633,0.4224465787410736,-0.03423568978905678,0.3693549633026123,0.14237475395202637,0.917678713798523,-2.576136350631714,-0.3751157224178314,-0.3798496127128601,1.5846306085586548,-0.3557196855545044,-0.010391979478299618,-2.6726341247558594,0.1847546100616455,0.19714447855949402,1.8342005014419556,-0.39322629570961,-0.042963676154613495,0.0,-0.0395028181374073,1.790337085723877,0.08721712231636047,-1.4467477798461914,0.0028729811310768127,-0.30678626894950867,-1.3107879161834717,-0.02048705890774727,-1.1515610218048096,-0.1812201291322708,0.0,-0.633126437664032,-0.6981445550918579,-0.7141452431678772,0.746591329574585,-1.8439677953720093,0.9924459457397461,-1.1793636083602905,0.11646955460309982,0.126791600137949,-0.08249402046203613,1.5454261302947998,-0.5743498206138611,-1.4202975034713745,-0.35899844765663147,-0.40331703424453735,0.9667037725448608,0.68302983045578,0.06919741630554199,0.0,0.11084328591823578,2.727759838104248,1.7543702125549316,-2.624877452850342,-0.5655273199081421,-1.611876130104065,-1.250231146812439,1.14160942658782,-2.900855302810669,0.5243821144104004,0.0,0.0,0.0,-0.03423568978905678,0.3693549633026123,0.14237475395202637,0.917678713798523,-0.03423568978905678,0.3693549633026123,0.14237475395202637,0.917678713798523,0.21431323885917664,-0.7396668791770935,0.2995583415031433,0.5632295608520508,0.1055348664522171,-0.7825506925582886,0.15638644993305206,0.5933127999305725,0.2513710558414459,-0.7485557794570923,0.04156579449772835,0.6121675372123718,0.146918386220932,-0.08978329598903656,0.20815886557102203,0.9628207683563232,0.1814289093017578,-0.25871261954307556,0.17888174951076508,0.9317470788955688,0.1765851229429245,-0.25963860750198364,0.1775350719690323,0.9326772093772888,0.1765851229429245,-0.25963860750198364,0.1775350719690323,0.9326772093772888,0.03282586485147476,-0.7849571108818054,-0.16577015817165375,0.5960578918457031,0.08766984194517136,-0.7969018816947937,-0.09265421330928802,0.5904883742332458,0.008819010108709335,-0.8016613125801086,-0.034092891961336136,0.5967403650283813,0.032427411526441574,-0.013792737387120724,-0.01373183261603117,0.999284565448761,0.02912016212940216,-0.2087361067533493,-0.019801931455731392,0.9773377776145935,0.008120045997202396,-0.2082625925540924,-0.024281052872538567,0.9777377843856812,0.008120045997202396,-0.2082625925540924,-0.024281052872538567,0.9777377843856812,-0.03423568978905678,0.3693549633026123,0.14237475395202637,0.917678713798523,-0.031880687922239304,0.3511519730091095,0.14188377559185028,0.924956738948822,0.7018193602561951,0.33031994104385376,-0.18527665734291077,0.6033331751823425,0.7150166630744934,0.2978188395500183,-0.16077177226543427,0.6117250919342041,0.41626912355422974,-0.15085908770561218,-0.6177493929862976,0.6498824954032898,0.415802001953125,-0.15130896866321564,-0.6169223785400391,0.6508617997169495,0.415802001953125,-0.15130896866321564,-0.6169223785400391,0.6508617997169495,-0.008579293265938759,0.22540901601314545,0.15472783148288727,0.9618609547615051,-0.5930286645889282,0.08440382778644562,0.26004984974861145,0.7573421001434326,-0.593693196773529,0.07784967124462128,0.25267520546913147,0.7600151896476746,-0.3591293394565582,-0.3277817368507385,0.5606558322906494,0.6702613830566406,-0.31257933378219604,-0.35096919536590576,0.507623553276062,0.7221032977104187,-0.31257933378219604,-0.35096919536590576,0.507623553276062,0.7221032977104187,-0.03423568978905678,0.3693549633026123,0.14237475395202637,0.917678713798523
-0.37690103054046636,-0.2245664894580841,0.39869831800460814,-0.03587059676647186,0.34733763337135315,0.1509033739566803,0.9248232841491699,-2.588879919052124,-0.37070411443710327,-0.3827315032482147,1.5765151739120484,-0.3447225570678711,-0.004601986519992345,-2.688862133026123,0.17137828171253203,0.18878724277019499,1.724891400337219,-0.3721347093582153,-0.04158219993114471,0.0,-0.028938813880085935,1.8461273193359375,0.11941266059875491,-1.4859973669052124,-0.020837303297594215,-0.3324505925178528,-1.3266065835952758,0.003912395238876369,-1.212554168701172,-0.1705695867538452,0.0,-2.1097521662712113,-0.5033308863639829,-0.998105883598328,0.6004121899604795,-2.104796743392945,0.8870468616485595,-0.8540524601936337,0.17893605232238777,-0.03574007749557512,-0.27646062225103396,0.9480843067169182,-0.05604014396667423,-1.0549592137336727,-0.5448892116546633,-0.41204386949539185,-2.892591249942784,0.905959486961365,0.06912325322628021,0.0,0.36125743091106444,2.764810800552368,1.667614197731018,-2.2274385213851926,-0.937519454956055,-1.4146801233291624,-0.9746524453163143,1.188627338409424,-2.9901363849639893,0.5292690992355347,0.0,0.0,0.0,-0.03587059676647186,0.34733763337135315,0.1509033739566803,0.9248232841491699,-0.03587059676647186,0.34733763337135315,0.1509033739566803,0.9248232841491699,0.21696102619171143,-0.7557038068771362,0.3047870397567749,0.5375357270240784,0.1141452044248581,-0.7989335060119629,0.160321444272995,0.568307101726532,0.26403194665908813,-0.7626270651817322,0.04932592809200287,0.5884336233139038,0.1512349247932434,-0.12042976915836334,0.22201642394065857,0.9556846618652344,0.18700501322746277,-0.28257089853286743,0.19279226660728455,0.9208768010139465,0.1848663091659546,-0.2829906940460205,0.19218987226486206,0.9213055372238159,0.1848663091659546,-0.2829906940460205,0.19218987226486206,0.9213055372238159,0.04641863703727722,-0.8015945553779602,-0.1656862199306488,0.572572648525238,0.09535723924636841,-0.8127983808517456,-0.0965418666601181,0.5665206909179688,0.018369410187005997,-0.818171501159668,-0.04265056177973747,0.5730957984924316,0.044450584799051285,-0.09703817218542099,-0.014274786226451397,0.9941850900650024,0.0410383939743042,-0.2792872190475464,-0.02215695194900036,0.9590742588043213,0.021081620827317238,-0.2787696421146393,-0.02792634628713131,0.9597204923629761,0.021081620827317238,-0.2787696421146393,-0.02792634628713131,0.9597204923629761,-0.03587059676647186,0.34733763337135315,0.1509033739566803,0.9248232841491699,-0.03403545171022415,0.33391082286834717,0.1505497545003891,0.929881751537323,0.7209891676902771,0.32184088230133057,-0.17534872889518738,0.588086724281311,0.7382336854934692,0.2759835422039032,-0.14292269945144653,0.5986795425415039,0.4342765808105469,-0.16897425055503845,-0.6289046406745911,0.6223589181900024,0.43795013427734375,-0.16548767685890198,-0.6344038844108582,0.6150976419448853,0.43795013427734375,-0.16548767685890198,-0.6344038844108582,0.6150976419448853,-0.006787472404539585,0.19021472334861755,0.1643931120634079,0.9678570628166199,-0.6013273000717163,0.048737771809101105,0.24648496508598328,0.7584691047668457,-0.6013808250427246,0.05005539953708649,0.24782535433769226,0.7579038143157959,-0.3527829051017761,-0.36848437786102295,0.5731990337371826,0.6412537693977356,-0.30628013610839844,-0.3893948793411255,0.5263683795928955,0.6910141706466675,-0.30628013610839844,-0.3893948793411255,0.5263683795928955,0.6910141706466675,-0.03587059676647186,0.34733763337135315,0.1509033739566803,0.9248232841491699
-0.4443697333335878,-0.23100255727767946,0.36511831283569324,-0.03837576508522034,0.3243880569934845,0.1594182550907135,0.9316038489341736,-2.598812532424927,-0.3650902926921844,-0.38473506569862365,1.5226914405822751,-0.33766217827796935,0.0025137667078525047,-2.7020220279693605,0.15545261204242702,0.17889863848686216,1.5910388469696042,-0.34533118009567254,-0.03840414918959139,0.0,-0.019350032135844214,1.8957351684570314,0.15130885541439063,-1.5214928150177003,-0.044945847988128715,-0.3569651186466217,-1.3409831285476685,0.027619699388742498,-1.2711870670318606,-0.15886451900005338,0.0,-3.2617287635803236,-0.3424640625715254,-1.4823652744293232,0.46198767423629733,-2.3310452938079838,0.8386642336845399,-0.5528497219085687,0.2566467940807345,-0.11774467229843122,-1.7770206153392885,0.43175393342971724,0.32927243709564236,-0.7193569600582117,-0.7452966213226323,-0.4638028144836429,-6.201758193969732,1.2259375333786022,0.12297104895114935,0.0,0.4989435315132139,2.604039931297301,1.6007965564727782,-1.8498550653457635,-1.1974619626998901,-1.248722195625305,-0.7476696372032162,1.199208116531372,-2.978849649429321,0.5641628503799441,0.0,0.0,0.0,-0.03837576508522034,0.3243880569934845,0.1594182550907135,0.9316038489341736,-0.03837576508522034,0.3243880569934845,0.1594182550907135,0.9316038489341736,0.21895731985569,-0.770393967628479,0.31073954701423645,0.5118513107299805,0.12235958129167557,-0.8140053153038025,0.16575203835964203,0.543092668056488,0.27572736144065857,-0.7755966186523438,0.058865632861852646,0.5647646188735962,0.15963679552078247,-0.17167752981185913,0.23304258286952972,0.9437870979309082,0.19652903079986572,-0.3278202712535858,0.2029057741165161,0.9015206098556519,0.19757935404777527,-0.32756489515304565,0.20350918173789978,0.9012478590011597,0.19757935404777527,-0.32756489515304565,0.20350918173789978,0.9012478590011597,0.05999089032411575,-0.8171778321266174,-0.16440168023109436,0.5491752624511719,0.10255487263202667,-0.8274429440498352,-0.10051251947879791,0.5428795218467712,0.02826913632452488,-0.8333015441894531,-0.05155356973409653,0.5496832728385925,0.056686658412218094,-0.19060246646404266,-0.016495417803525925,0.9798904657363892,0.053018003702163696,-0.35613030195236206,-0.0258620772510767,0.9325724840164185,0.03504467010498047,-0.3555881679058075,-0.03256036713719368,0.9334178566932678,0.03504467010498047,-0.3555881679058075,-0.03256036713719368,0.9334178566932678,-0.03837576508522034,0.3243880569934845,0.1594182550907135,0.9316038489341736,-0.03704734891653061,0.31535279750823975,0.15920227766036987,0.9347913265228271,0.7375921010971069,0.3134390115737915,-0.1631842404603958,0.5753996968269348,0.758388340473175,0.2541249394416809,-0.12289096415042877,0.5875077843666077,0.4526640474796295,-0.18698781728744507,-0.6359468698501587,0.5964077711105347,0.4605194926261902,-0.17917901277542114,-0.6472296714782715,0.5804398059844971,0.4605194926261902,-0.17917901277542114,-0.6472296714782715,0.5804398059844971,-0.0058661215007305145,0.15460407733917236,0.17410752177238464,0.9724966883659363,-0.6088966727256775,0.012986797839403152,0.23239943385124207,0.7583315372467041,-0.6089309453964233,0.022071095183491707,0.2422531098127365,0.7550029754638672,-0.3469691872596741,-0.40708309412002563,0.5841239094734192,0.6104874610900879,-0.3012153208255768,-0.4257277846336365,0.5436155200004578,0.6576530337333679,-0.3012153208255768,-0.4257277846336365,0.5436155200004578,0.6576530337333679,-0.03837576508522034,0.3243880569934845,0.1594182550907135,0.9316038489341736
-0.5230090618133543,-0.23537255525588988,0.31187481880188,-0.04263841360807419,0.29977303743362427,0.16797876358032227,0.9381371140480042,-2.6031232357025145,-0.3570720434188843,-0.38498197197914125,1.3774511098861697,-0.3384752988815308,0.0122810397762805,-2.7090456962585447,0.1344282597303391,0.16594729721546175,1.4080993890762334,-0.3071037650108338,-0.03163294941186907,0.0,-0.01171169541776182,1.9329782485961913,0.18260636329650873,-1.5494799852371215,-0.06985090970993035,-0.3791800498962402,-1.3524754285812377,0.04994270354509349,-1.325099468231201,-0.1450504004955292,0.0,-3.7644069194793692,-0.24949092864990255,-2.3672221660613992,0.3390724062919619,-2.48813304901123,0.9043145179748534,-0.2998638033866888,0.3648460239171979,-0.038695153594017206,-5.890767353773108,0.07744646072387773,0.44859082698821995,-0.44322677850723324,-0.9747373223304743,-0.6016259789466855,-8.410669040679927,1.7400123596191395,0.2846627622842785,0.0,0.4111734986305239,2.0476253986358657,1.5738556623458864,-1.5119825601577768,-1.2333052158355713,-1.1452404260635378,-0.6178786158561709,1.13691463470459,-2.766427278518677,0.6590701341629026,0.0,0.0,0.0,-0.04263841360807419,0.29977303743362427,0.16797876358032227,0.9381371140480042,-0.04263841360807419,0.29977303743362427,0.16797876358032227,0.9381371140480042,0.2198697328567505,-0.7831472158432007,0.31844478845596313,0.4867551922798157,0.12989038228988647,-0.8272534012794495,0.1743316352367401,0.5180624723434448,0.285749226808548,-0.7871253490447998,0.07200546562671661,0.5418452024459839,0.17550013959407806,-0.2631722092628479,0.23739705979824066,0.9184675216674805,0.21298159658908844,-0.4141097366809845,0.20444639027118683,0.8610188961029053,0.21817609667778015,-0.4128478765487671,0.2071743905544281,0.8596711754798889,0.21817609667778015,-0.4128478765487671,0.2071743905544281,0.8596711754798889,0.07355965673923492,-0.8315045833587646,-0.16089624166488647,0.5265941619873047,0.10886462032794952,-0.8403998017311096,-0.10474441945552826,0.5204857587814331,0.03887830674648285,-0.8465366363525391,-0.06118502840399742,0.5273715257644653,0.06930633634328842,-0.30383917689323425,-0.022074930369853973,0.9499426484107971,0.06511706858873367,-0.4455659091472626,-0.03228800743818283,0.8922938108444214,0.0509348101913929,-0.4450198709964752,-0.03919799625873566,0.8932113647460938,0.0509348101913929,-0.4450198709964752,-0.03919799625873566,0.8932113647460938,-0.04263841360807419,0.29977303743362427,0.16797876358032227,0.9381371140480042,-0.041781678795814514,0.29426807165145874,0.16786687076091766,0.9399368762969971,0.7497224807739258,0.3054956793785095,-0.14671680331230164,0.5683860778808594,0.7735955119132996,0.23269961774349213,-0.0987543836236,0.5810751914978027,0.4725538492202759,-0.20507335662841797,-0.6358633637428284,0.5747308135032654,0.4850409924983978,-0.19230544567108154,-0.6523885726928711,0.5496753454208374,0.4850409924983978,-0.19230544567108154,-0.6523885726928711,0.5496753454208374,-0.006695961579680443,0.11846595257520676,0.18412677943706512,0.9757143259048462,-0.6159041523933411,-0.022805124521255493,0.2176668345928192,0.7568112015724182,-0.6166909337043762,-0.006226846948266029,0.2354438751935959,0.751145601272583,-0.3432559370994568,-0.4424459934234619,0.5934445858001709,0.5781352519989014,-0.2995412349700928,-0.4589340388774872,0.5593835711479187,0.6218880414962769,-0.2995412349700928,-0.4589340388774872,0.5593835711479187,0.6218880414962769,-0.04263841360807419,0.29977303743362427,0.16797876358032227,0.9381371140480042
-0.5649977087974548,-0.23833146095275878,0.2736110866069794,-0.04805125296115875,0.2757831811904907,0.17636458575725555,0.9436790943145752,-2.5937998294830322,-0.3553878486156464,-0.39195390343666076,1.2589474201202393,-0.3646630942821502,0.02625946588814257,-2.7073617458343504,0.10967237949371342,0.15792274475097656,1.3171253204345703,-0.2865320324897766,-0.030809570476412772,0.0,-0.0009203601628542096,1.9543845653533936,0.21153571307659147,-1.5786660194396973,-0.09438670873641965,-0.40368987917900084,-1.3534299612045289,0.07481190189719197,-1.3820968627929686,-0.13154313564300538,0.0,-2.8324458122253438,-0.176167118549347,-2.2127816677093515,0.22108719348907485,-2.499758005142212,0.9448311686515808,0.19348808825015956,0.21089081168174775,-0.2140960684046146,-6.459917068481447,-0.8018962703645217,0.6146981954574583,-0.08995484709739732,-1.163163375854492,-0.49976338148117094,-6.388011169433598,1.3817002058029184,0.1601253628730777,0.0,0.47650676965713484,1.387050986289979,1.4938305854797365,-1.4353243112564087,-1.2341750860214233,-1.1795934438705442,-0.25848194360733084,1.1925359725952147,-2.7881696224212646,0.6815002918243408,0.0,0.0,0.0,-0.04805125296115875,0.2757831811904907,0.17636458575725555,0.9436790943145752,-0.04805125296115875,0.2757831811904907,0.17636458575725555,0.9436790943145752,0.21966378390789032,-0.7909966111183167,0.3275167942047119,0.4677658677101135,0.13352970778942108,-0.8364341259002686,0.18253853917121887,0.4992271065711975,0.29386505484580994,-0.7943931818008423,0.08187809586524963,0.5252417325973511,0.1897987723350525,-0.3327827453613281,0.23924975097179413,0.8921836018562317,0.2302057147026062,-0.48898616433143616,0.20085877180099487,0.8170396089553833,0.24067716300487518,-0.48635590076446533,0.20764073729515076,0.8138905763626099,0.24067716300487518,-0.48635590076446533,0.20764073729515076,0.8138905763626099,0.0862809494137764,-0.8428690433502197,-0.15517140924930573,0.5079856514930725,0.1141309067606926,-0.850058913230896,-0.10881176590919495,0.50252765417099,0.04673943668603897,-0.8564161062240601,-0.06880614906549454,0.5095416307449341,0.07907453179359436,-0.36547422409057617,-0.025957850739359856,0.9270933866500854,0.07456330209970474,-0.4941001534461975,-0.03694447875022888,0.8654135465621948,0.061235733330249786,-0.4934665858745575,-0.04457194358110428,0.8664608001708984,0.061235733330249786,-0.4934665858745575,-0.04457194358110428,0.8664608001708984,-0.04805125296115875,0.2757831811904907,0.17636458575725555,0.9436790943145752,-0.04801386222243309,0.2753447890281677,0.17631936073303223,0.9438174962997437,0.7554959058761597,0.3002426028251648,-0.12959642708301544,0.5677016377449036,0.7821168303489685,0.215204656124115,-0.074071504175663,0.5800808668136597,0.4877496063709259,-0.2242637723684311,-0.6318659782409668,0.5590630173683167,0.5051703453063965,-0.206248477101326,-0.6530531644821167,0.5251535177230835,0.5051703453063965,-0.206248477101326,-0.6530531644821167,0.5251535177230835,-0.008251379244029522,0.08199428766965866,0.19435468316078186,0.9774636626243591,-0.6185473203659058,-0.05780680477619171,0.20292077958583832,0.7568888664245605,-0.6208585500717163,-0.032876696437597275,0.22952045500278473,0.748848557472229,-0.3352107107639313,-0.4770035147666931,0.6019620895385742,0.5456584095954895,-0.29390403628349304,-0.4912605881690979,0.5736584067344666,0.5858322381973267,-0.29390403628349304,-0.4912605881690979,0.5736584067344666,0.5858322381973267,-0.04805125296115875,0.2757831811904907,0.17636458575725555,0.9436790943145752
-0.5886610150337219,-0.2405848205089569,0.24283723533153534,-0.0540214441716671,0.2520240247249603,0.18460199236869812,0.9484132528305054,-2.5776593685150146,-0.3568706810474396,-0.4022883474826813,1.153812050819397,-0.40353822708129883,0.042343467473983765,-2.701323986053467,0.08305073529481888,0.15236158668994904,1.2721339464187622,-0.27478814125061035,-0.03296010196208954,0.0,0.011447474360466003,1.9678725004196167,0.23928098380565643,-1.60845148563385,-0.11873787641525269,-0.4293471574783325,-1.3491156101226807,0.10095419734716415,-1.4406367540359497,-0.11818929761648178,0.0,-1.1831650733947754,-0.11266797035932541,-1.5386924743652344,0.10556700825691223,-2.4386515617370605,0.9727810025215149,0.8070229440927505,-0.07414162158966064,-0.5167222013697028,-5.256768226623535,-1.9437566362321377,0.8042000532150269,0.30188795924186707,-1.3310821056365967,-0.27805790305137634,-2.2495689392089844,0.587194561958313,-0.10752657055854797,0.0,0.6183916926383972,0.6743966341018677,1.3872634172439575,-1.489273190498352,-1.2175582647323608,-1.2828638553619385,0.21571755409240712,1.3071147203445435,-2.9269943237304688,0.6676918864250183,0.0,0.0,0.0,-0.0540214441716671,0.2520240247249603,0.18460199236869812,0.9484132528305054,-0.0540214441716671,0.2520240247249603,0.18460199236869812,0.9484132528305054,0.21889182925224304,-0.7963661551475525,0.33725854754447937,0.4518229067325592,0.13522236049175262,-0.8435819745063782,0.19055674970149994,0.48350024223327637,0.3010358214378357,-0.7995580434799194,0.09011608362197876,0.5118236541748047,0.20316213369369507,-0.3909872770309448,0.23972614109516144,0.8650927543640137,0.24708250164985657,-0.5564225912094116,0.19414867460727692,0.7691881656646729,0.263310968875885,-0.5521877408027649,0.20588472485542297,0.7637850046157837,0.263310968875885,-0.5521877408027649,0.20588472485542297,0.7637850046157837,0.09855816513299942,-0.852601945400238,-0.14831243455410004,0.491283655166626,0.11886807531118393,-0.8580239415168762,-0.11279013752937317,0.4867686331272125,0.053221579641103745,-0.8645820617675781,-0.0754164457321167,0.49394097924232483,0.08761357516050339,-0.4020841419696808,-0.029052335768938065,0.9109380841255188,0.08280885964632034,-0.5230591297149658,-0.040778301656246185,0.8472833037376404,0.06883496791124344,-0.5223160982131958,-0.04939241707324982,0.8485328555107117,0.06883496791124344,-0.5223160982131958,-0.04939241707324982,0.8485328555107117,-0.0540214441716671,0.2520240247249603,0.18460199236869812,0.9484132528305054,-0.05498450621962547,0.25745704770088196,0.18463122844696045,0.946891725063324,0.7580134868621826,0.2963060140609741,-0.11214083433151245,0.5701252222061157,0.787050187587738,0.19962002336978912,-0.049108024686574936,0.5816289782524109,0.5004786849021912,-0.24394498765468597,-0.625770092010498,0.5462816953659058,0.5229659676551819,-0.2205391526222229,-0.6513128876686096,0.5036473274230957,0.5229659676551819,-0.2205391526222229,-0.6513128876686096,0.5036473274230957,-0.010162417776882648,0.045321281999349594,0.20453622937202454,0.9777564406394958,-0.6185964345932007,-0.09234835207462311,0.18804484605789185,0.7572643756866455,-0.6230546236038208,-0.05868149548768997,0.2239784151315689,0.7471232414245605,-0.32460880279541016,-0.5105477571487427,0.6093493103981018,0.5125070810317993,-0.285922646522522,-0.5224869251251221,0.586446225643158,0.5489412546157837,-0.285922646522522,-0.5224869251251221,0.586446225643158,0.5489412546157837,-0.0540214441716671,0.2520240247249603,0.18460199236869812,0.9484132528305054
-0.6366836071014407,-0.23930415511131287,0.16805994808673824,-0.06119842827320099,0.2218720018863678,0.1928901970386505,0.9538452625274658,-2.5431622982025144,-0.37250422239303593,-0.4253263235092164,0.9790293335914604,-0.3919377088546752,0.027026059105992248,-2.6764689922332763,0.06437991186976424,0.15132622718811034,1.0917753458023063,-0.26148320436477657,-0.02747518569231031,0.0,0.03619298264384281,1.9598684310913086,0.25192122459411626,-1.6266303539276123,-0.1468203365802766,-0.4479802131652833,-1.3310834407806396,0.14774258434772514,-1.4963073968887333,-0.10352940708398813,0.0,-1.9139437675476105,-0.0066472217440600445,-2.8587954998016416,0.11073756515979769,-2.8263504981994645,1.006951665878296,1.3577212333679225,-0.49866284579038805,-0.897828125953676,-7.346188735961923,-0.42948708534240043,-0.13784224987030458,0.866404908895495,-1.0925575137138357,-0.14228394627571045,-6.310585355758684,0.6340258717536928,0.12153685092926128,0.0,0.9897218942642229,0.02963663339614586,0.9341125726699808,-1.1410752892494187,-1.3294970750808721,-1.0721371769905081,0.6272520512342472,1.9264973640441923,-2.8409168720245357,0.7068734526634218,0.0,0.0,0.0,-0.06119842827320099,0.2218720018863678,0.1928901970386505,0.9538452625274658,-0.06119842827320099,0.2218720018863678,0.1928901970386505,0.9538452625274658,0.2147221714258194,-0.7999259233474731,0.34919580817222595,0.4382639527320862,0.12991952896118164,-0.8507704734802246,0.19498993456363678,0.470414400100708,0.3065977394580841,-0.8041493892669678,0.09139426052570343,0.5009876489639282,0.22798430919647217,-0.47401970624923706,0.2247212827205658,0.820261538028717,0.2673548758029938,-0.6246739029884338,0.1760387271642685,0.7122599482536316,0.27725130319595337,-0.6221271753311157,0.18411731719970703,0.7086539268493652,0.27725130319595337,-0.6221271753311157,0.18411731719970703,0.7086539268493652,0.11120617389678955,-0.8608556985855103,-0.13816282153129578,0.4769400954246521,0.12657736241817474,-0.8648271560668945,-0.11042118072509766,0.4731377363204956,0.06084475666284561,-0.8719203472137451,-0.0743357241153717,0.48013246059417725,0.09097474813461304,-0.4958849847316742,-0.032326895743608475,0.8630045056343079,0.08595944195985794,-0.6041656136512756,-0.04387970268726349,0.7909927368164062,0.0749778226017952,-0.6035231351852417,-0.05203138664364815,0.7921054363250732,0.0749778226017952,-0.6035231351852417,-0.05203138664364815,0.7921054363250732,-0.06119842827320099,0.2218720018863678,0.1928901970386505,0.9538452625274658,-0.06448706984519958,0.23912349343299866,0.19273413717746735,0.9494813680648804,0.7525869607925415,0.2932268977165222,-0.09122789651155472,0.5825018882751465,0.782709002494812,0.19198152422904968,-0.023368876427412033,0.5915772914886475,0.5110008716583252,-0.26128533482551575,-0.6102797985076904,0.5460463762283325,0.5397704839706421,-0.23102766275405884,-0.6411453485488892,0.49417275190353394,0.5397704839706421,-0.23102766275405884,-0.6411453485488892,0.49417275190353394,-0.013769027777016163,0.005746832117438316,0.2150145173072815,0.9764969348907471,-0.6137806177139282,-0.12833721935749054,0.17288804054260254,0.7595477104187012,-0.6225627064704895,-0.07925312221050262,0.22544407844543457,0.7451909780502319,-0.30810433626174927,-0.5377248525619507,0.6197589635848999,0.4814796447753906,-0.27333900332450867,-0.5473224520683289,0.6014598608016968,0.5137801170349121,-0.27333900332450867,-0.5473224520683289,0.6014598608016968,0.5137801170349121,-0.06119842827320099,0.2218720018863678,0.1928901970386505,0.9538452625274658
-0.6666197776794434,-0.24375716447830212,0.12385089099407207,-0.06863437592983246,0.18963997066020966,0.20105908811092377,0.9585934281349182,-2.5053772449493406,-0.38162478208541867,-0.444303846359253,0.8685208439826967,-0.3705434441566465,0.010883544012904048,-2.646363306045532,0.04410374239087089,0.14672014117240897,0.9890103340148929,-0.2441797733306883,-0.020239169895648886,0.0,0.05984259396791473,1.9462576389312742,0.25998846292495725,-1.6418867349624635,-0.17381275594234483,-0.46817548274993914,-1.3085675239562986,0.19369427561759978,-1.5440660238265993,-0.0892103746533393,0.0,-1.8585368633270156,-0.10797696113586769,-2.8218173503875548,0.11986745595932018,-3.1982193470001246,1.0419497013092043,1.8234929084777851,-0.5862875699996909,-1.030085158348081,-6.810908889770469,0.8738382220268308,-0.7906235933303838,1.4002703666687042,-0.9817014932632456,-0.15888976082205986,-6.6901224136352075,0.7852015972137475,0.32677878141403305,0.0,1.2043984413146966,-0.5684050977230106,0.49482194185256684,-0.8212687432765943,-1.3714217185974114,-0.9785191297531137,1.036120820045474,2.31431827545166,-2.5461714506149247,0.7227687478065489,0.0,0.0,0.0,-0.06863437592983246,0.18963997066020966,0.20105908811092377,0.9585934281349182,-0.06863437592983246,0.18963997066020966,0.20105908811092377,0.9585934281349182,0.2094781994819641,-0.8033500909805298,0.3614346981048584,0.42439666390419006,0.12517420947551727,-0.85731440782547,0.20252089202404022,0.4564303755760193,0.3109942674636841,-0.8086466193199158,0.09700538218021393,0.4898603856563568,0.24125175178050995,-0.5275048613548279,0.21882584691047668,0.7846346497535706,0.27728474140167236,-0.6630659103393555,0.17061185836791992,0.6740536093711853,0.28090110421180725,-0.6621910333633423,0.17426110804080963,0.6724810600280762,0.28090110421180725,-0.6621910333633423,0.17426110804080963,0.6724810600280762,0.12373112142086029,-0.8684779405593872,-0.12689144909381866,0.462963730096817,0.13396401703357697,-0.8710450530052185,-0.10773422569036484,0.46013879776000977,0.06977729499340057,-0.8785156607627869,-0.07368917763233185,0.46680980920791626,0.09631388634443283,-0.5517412424087524,-0.031621769070625305,0.8278316259384155,0.09171544015407562,-0.6484605073928833,-0.043052755296230316,0.7544757723808289,0.08411619067192078,-0.647990882396698,-0.04966128617525101,0.7553583383560181,0.08411619067192078,-0.647990882396698,-0.04966128617525101,0.7553583383560181,-0.06863437592983246,0.18963997066020966,0.20105908811092377,0.9585934281349182,-0.07428611814975739,0.21830026805400848,0.20064933598041534,0.95213782787323,0.7452933192253113,0.28859326243400574,-0.0676003247499466,0.5972285270690918,0.7757879495620728,0.1848723590373993,0.004163577686995268,0.6032891869544983,0.5221067070960999,-0.2789682149887085,-0.591120183467865,0.547866940498352,0.5571630001068115,-0.2416868656873703,-0.6271907091140747,0.48763585090637207,0.5571630001068115,-0.2416868656873703,-0.6271907091140747,0.48763585090637207,-0.017419790849089622,-0.03642960637807846,0.22549855709075928,0.973406195640564,-0.6062142848968506,-0.16626478731632233,0.15705350041389465,0.7617050409317017,-0.620527446269989,-0.10238558053970337,0.22610585391521454,0.7438677549362183,-0.2931642532348633,-0.5644436478614807,0.6264815330505371,0.4505319595336914,-0.26236140727996826,-0.5719212293624878,0.6124025583267212,0.4785768389701843,-0.26236140727996826,-0.5719212293624878,0.6124025583267212,0.4785768389701843,-0.06863437592983246,0.18963997066020966,0.20105908811092377,0.9585934281349182
-0.6603831052780151,-0.2596775233745576,0.14077829420566568,-0.07662654668092728,0.15346920490264893,0.20913144946098328,0.9627251029014587,-2.461016225814819,-0.3777193784713745,-0.45516046285629275,0.8865608096122742,-0.3295616865158079,-0.006909184530377466,-2.6057562351226804,0.0206168808043002,0.1349726021289825,1.0414324998855593,-0.21887935400009145,-0.009500955045223188,0.0,0.08130041137337694,1.921433401107788,0.25890969634056094,-1.6512981414794923,-0.1986250936985017,-0.491495180130005,-1.2770841121673582,0.2379725754261019,-1.5760006189346314,-0.0755730584263801,0.0,-0.23075900077819123,-0.6240076541900658,-0.07067685127257084,0.13691601455211647,-3.5384280204772964,1.078602480888367,2.119411444664003,-0.00011925697326398144,-0.6646444082260116,-1.0262283325195058,1.7552753329277078,-0.8648831963539126,1.872832751274111,-1.1261826157569892,-0.4802551291883006,0.293300437927277,1.1450660347938553,0.4843777298927314,0.0,1.105767679214477,-1.0730100810527823,0.08325173854827694,-0.5582449078559863,-1.2733180284500119,-1.1191183447837836,1.4396580576896685,2.2390157222747797,-1.8340900897979706,0.6920915007591246,0.0,0.0,0.0,-0.07662654668092728,0.15346920490264893,0.20913144946098328,0.9627251029014587,-0.07662654668092728,0.15346920490264893,0.20913144946098328,0.9627251029014587,0.2021528035402298,-0.8067430853843689,0.37437713146209717,0.41005080938339233,0.12156327813863754,-0.8626798391342163,0.21626980602741241,0.44071900844573975,0.31307172775268555,-0.8129883408546448,0.11128415912389755,0.4781755208969116,0.23502063751220703,-0.5293403267860413,0.23478290438652039,0.7806671261787415,0.27020132541656494,-0.6502764821052551,0.19302232563495636,0.6832818388938904,0.2677927315235138,-0.651002824306488,0.19081851840019226,0.6841569542884827,0.2677927315235138,-0.651002824306488,0.19081851840019226,0.6841569542884827,0.13606198132038116,-0.8752893209457397,-0.11345595121383667,0.44998180866241455,0.1407478153705597,-0.8763923645019531,-0.10445040464401245,0.4485718011856079,0.08134391158819199,-0.8838834762573242,-0.07393335551023483,0.45460665225982666,0.10726624727249146,-0.5405837893486023,-0.023543113842606544,0.8340914845466614,0.10402272641658783,-0.6284579038619995,-0.035054657608270645,0.7700591683387756,0.1004033088684082,-0.6282833814620972,-0.038088783621788025,0.770537793636322,0.1004033088684082,-0.6282833814620972,-0.038088783621788025,0.770537793636322,-0.07662654668092728,0.15346920490264893,0.20913144946098328,0.9627251029014587,-0.08468810468912125,0.1925795078277588,0.2082357108592987,0.9551852941513062,0.7343624234199524,0.28089088201522827,-0.03858460485935211,0.6167035698890686,0.7640917301177979,0.17892277240753174,0.03523579612374306,0.6187963485717773,0.5345057249069214,-0.29738712310791016,-0.5648095011711121,0.5539447069168091,0.5759091973304749,-0.2527608573436737,-0.6059039831161499,0.4871560335159302,0.5759091973304749,-0.2527608573436737,-0.6059039831161499,0.4871560335159302,-0.021167375147342682,-0.08370646089315414,0.2362326681613922,0.9678528904914856,-0.5938518643379211,-0.2081339806318283,0.14009052515029907,0.7644573450088501,-0.6155104041099548,-0.13063505291938782,0.2251969277858734,0.7438870668411255,-0.28209349513053894,-0.5914438962936401,0.62725430727005,0.42091503739356995,-0.25529569387435913,-0.5973578095436096,0.6166760325431824,0.44463303685188293,-0.25529569387435913,-0.5973578095436096,0.6166760325431824,0.44463303685188293,-0.07662654668092728,0.15346920490264893,0.20913144946098328,0.9627251029014587
-0.652311110496521,-0.27171601057052613,0.14886774718761445,-0.08553142845630646,0.10803328454494476,0.2225472629070282,0.9651350975036621,-2.399412202835083,-0.3717958331108093,-0.46579618453979493,0.9044948935508729,-0.26014339327812175,-0.02755248639732604,-2.534269380569458,-0.002268863841891339,0.12418498694896696,1.0946102619171143,-0.18540702462196343,0.004131031595170531,0.0,0.10345886498689656,1.8696425437927244,0.2373460888862609,-1.6600016832351685,-0.21509989798069004,-0.5177085161209107,-1.221725797653198,0.2982681572437288,-1.5952068090438842,-0.06204008907079694,0.0,0.36689326167106645,-0.6795617580413814,0.5812316179275503,0.24465451240539585,-4.1583878993988055,1.4733125209808362,2.7353409767150896,0.2558144122362139,-0.5362039804458618,0.8988217711448669,2.9021838665008572,-0.9751536130905154,2.956747055053714,-1.15630943775177,-0.5585791945457458,2.6437759399414062,1.5101781368255622,0.6237239003181461,0.0,1.0939098834991456,-2.0502102613449122,-0.6684835277497789,-0.4493343532085418,-0.9904908180236808,-1.2527939081192019,2.2904175043106103,2.6944333076477065,-1.2148775100707996,0.678735363483429,0.0,0.0,0.0,-0.08553142845630646,0.10803328454494476,0.2225472629070282,0.9651350975036621,-0.08553142845630646,0.10803328454494476,0.2225472629070282,0.9651350975036621,0.19492892920970917,-0.8091700673103333,0.3903089761734009,0.39358019828796387,0.11878617107868195,-0.8673583269119263,0.23404523730278015,0.42285001277923584,0.3157631456851959,-0.8164862394332886,0.13017509877681732,0.4655088484287262,0.22700455784797668,-0.5310254096984863,0.2550244927406311,0.7755278944969177,0.2575373649597168,-0.6273502111434937,0.2232762575149536,0.7001814842224121,0.2477002739906311,-0.6305663585662842,0.21480071544647217,0.7034851312637329,0.2477002739906311,-0.6305663585662842,0.21480071544647217,0.7034851312637329,0.15217071771621704,-0.8786637783050537,-0.09250829368829727,0.4429857134819031,0.15166357159614563,-0.8785429000854492,-0.09349526464939117,0.4431917667388916,0.09686145931482315,-0.8862318992614746,-0.0658038780093193,0.44819724559783936,0.11660322546958923,-0.5235800743103027,-0.005635295994579792,0.8439406156539917,0.11534321308135986,-0.5994832515716553,-0.01627783663570881,0.791865348815918,0.11711229383945465,-0.5994533896446228,-0.015211768448352814,0.791649580001831,0.11711229383945465,-0.5994533896446228,-0.015211768448352814,0.791649580001831,-0.08553142845630646,0.10803328454494476,0.2225472629070282,0.9651350975036621,-0.0966549813747406,0.1579475998878479,0.2208152413368225,0.9575756192207336,0.7130675911903381,0.2707155644893646,0.003844885155558586,0.6467092037200928,0.739881157875061,0.17940425872802734,0.07458709180355072,0.6440703868865967,0.5447457432746887,-0.3191624879837036,-0.524040699005127,0.571636974811554,0.5916461944580078,-0.268466591835022,-0.5698332786560059,0.5031604766845703,0.5916461944580078,-0.268466591835022,-0.5698332786560059,0.5031604766845703,-0.023966975510120392,-0.14070093631744385,0.25265467166900635,0.9569715261459351,-0.5686297416687012,-0.2605191469192505,0.12759679555892944,0.7697460651397705,-0.6028110384941101,-0.1664419323205948,0.23494601249694824,0.7441211938858032,-0.2621939778327942,-0.6211113929748535,0.6277905702590942,0.38904255628585815,-0.23959168791770935,-0.6254204511642456,0.6201968789100647,0.40841275453567505,-0.23959168791770935,-0.6254204511642456,0.6201968789100647,0.40841275453567505,-0.08553142845630646,0.10803328454494476,0.2225472629070282,0.9651350975036621
-0.6433214545249939,-0.2818135619163513,0.1525382250547409,-0.09472314268350601,0.05779946222901344,0.23820209503173828,0.9648556709289551,-2.3291866779327393,-0.36486321687698364,-0.4763214588165283,0.9223760366439819,-0.17650683224201202,-0.049621076323091984,-2.44734263420105,-0.02485404722392559,0.11387733370065689,1.1481658220291138,-0.14784874022006989,0.0192099055275321,0.0,0.12596763670444489,1.8043683767318726,0.20554006099700928,-1.6683512926101685,-0.22740593552589417,-0.5453686714172363,-1.1544300317764282,0.36657238006591797,-1.6080487966537476,-0.048559293150901794,0.0,0.4494827687740326,-0.5048775672912598,0.18352389335632324,0.397737979888916,-4.9182233810424805,2.047051191329956,3.5112760066986084,0.3466307818889618,-0.5262637138366699,0.8940570950508118,4.181828022003174,-1.1034294366836548,4.34633731842041,-1.1292591094970703,-0.5153826475143433,2.6777777671813965,1.8779140710830688,0.753943681716919,0.0,1.1254385709762573,-3.263707995414734,-1.5903013311326504,-0.4174804389476776,-0.6153018474578857,-1.3830076456069946,3.364788055419922,3.4152109622955322,-0.6420993208885193,0.6740397810935974,0.0,0.0,0.0,-0.09472314268350601,0.05779946222901344,0.23820209503173828,0.9648556709289551,-0.09472314268350601,0.05779946222901344,0.23820209503173828,0.9648556709289551,0.18767787516117096,-0.8107826113700867,0.4075721502304077,0.37589025497436523,0.11636893451213837,-0.8712703585624695,0.2537153959274292,0.4037013053894043,0.318630576133728,-0.8192242383956909,0.15131443738937378,0.45216166973114014,0.21800468862056732,-0.5324177742004395,0.27730032801628113,0.7694867253303528,0.24159719049930573,-0.5981674194335938,0.25700643658638,0.7195652723312378,0.22367186844348907,-0.6043591499328613,0.24208799004554749,0.7253373861312866,0.22367186844348907,-0.6043591499328613,0.24208799004554749,0.7253373861312866,0.17007030546665192,-0.8797816038131714,-0.06775455176830292,0.43871375918388367,0.16460539400577545,-0.8788716793060303,-0.07868210971355438,0.44079330563545227,0.11432389914989471,-0.8868147730827332,-0.05346997454762459,0.4445566236972809,0.1250343769788742,-0.5032269954681396,0.01718706451356411,0.8548880815505981,0.1259622722864151,-0.5649921298027039,0.007905451580882072,0.8153863549232483,0.1337880939245224,-0.5648901462554932,0.01333172619342804,0.8141388893127441,0.1337880939245224,-0.5648901462554932,0.01333172619342804,0.8141388893127441,-0.09472314268350601,0.05779946222901344,0.23820209503173828,0.9648556709289551,-0.10927026718854904,0.11866950988769531,0.2355927675962448,0.9583702683448792,0.684280276298523,0.25842851400375366,0.052925460040569305,0.6798338890075684,0.7074705362319946,0.1826236993074417,0.11784343421459198,0.6724931001663208,0.5525367259979248,-0.34180042147636414,-0.4747679531574249,0.5936927199363708,0.6045710444450378,-0.28588882088661194,-0.5251457691192627,0.526292085647583,0.6045710444450378,-0.28588882088661194,-0.5251457691192627,0.526292085647583,-0.0262204147875309,-0.20207412540912628,0.2711775004863739,0.9407131671905518,-0.5353122353553772,-0.31731468439102173,0.11697255074977875,0.7739958763122559,-0.5854046940803528,-0.20576739311218262,0.24967838823795319,0.743385374546051,-0.23747357726097107,-0.6510766744613647,0.6271896958351135,0.3554413914680481,-0.21920108795166016,-0.6537678241729736,0.6223459839820862,0.3704375624656677,-0.21920108795166016,-0.6537678241729736,0.6223459839820862,0.3704375624656677,-0.09472314268350601,0.05779946222901344,0.23820209503173828,0.9648556709289551
-0.6467663764953614,-0.2838003635406494,0.16180928051471716,-0.09962457418441772,0.016621707007288933,0.24437063932418823,0.9644074440002441,-2.2504872322082514,-0.3531649053096771,-0.49131300449371346,0.9247198939323426,-0.10954703092575044,-0.07044657319784174,-2.382591676712036,-0.03554579913616185,0.09506922364234915,1.215030074119568,-0.11002427786588652,0.03791633397340783,0.0,0.13946728408336645,1.732025551795959,0.15158877670764898,-1.6712262630462646,-0.2521752417087556,-0.5731209874153138,-1.0872622251510617,0.43516631722450283,-1.5867730140686034,-0.02378253489732731,0.0,0.07644546627998183,-0.26155507564544567,0.35154120624065477,0.48280173540115395,-4.385272598266599,1.4335377216339085,3.765493631362916,0.48960162401199403,-0.6602518200874334,0.42793855667114056,3.6815250873565653,-1.0661366462707518,3.6810635089874237,-0.7724561452865585,-0.7703963160514843,3.077038526535036,1.8858994722366333,0.86277027130127,0.0,0.8551648139953602,-3.4757678508758554,-2.2546589851379424,-0.25324127078056263,-0.989199852943422,-1.385772466659546,3.3609492778778076,3.4239023208618162,0.3814337849617051,1.012918615341188,0.0,0.0,0.0,-0.09962457418441772,0.016621707007288933,0.24437063932418823,0.9644074440002441,-0.09962457418441772,0.016621707007288933,0.24437063932418823,0.9644074440002441,0.17371127009391785,-0.8103604316711426,0.41706207394599915,0.3730946183204651,0.10545071959495544,-0.8709970712661743,0.2682315707206726,0.39786475896835327,0.3140902519226074,-0.8191875219345093,0.16341805458068848,0.4511914849281311,0.20821072161197662,-0.5319178104400635,0.28635653853416443,0.769227921962738,0.2233860194683075,-0.573302149772644,0.2743515968322754,0.7390227317810059,0.19709596037864685,-0.5827374458312988,0.2541648745536804,0.7463045120239258,0.19709596037864685,-0.5827374458312988,0.2541648745536804,0.7463045120239258,0.17797642946243286,-0.8831736445426941,-0.051810991019010544,0.4308646619319916,0.1703072041273117,-0.8821101188659668,-0.06750645488500595,0.43395864963531494,0.12822148203849792,-0.8891719579696655,-0.04676350578665733,0.4367443323135376,0.13165481388568878,-0.4808114171028137,0.034961529076099396,0.8661783933639526,0.13320408761501312,-0.5277369618415833,0.027773898094892502,0.8384385108947754,0.14922605454921722,-0.5270441174507141,0.03753865510225296,0.8357912302017212,0.14922605454921722,-0.5270441174507141,0.03753865510225296,0.8357912302017212,-0.09962457418441772,0.016621707007288933,0.24437063932418823,0.9644074440002441,-0.116319939494133,0.08407549560070038,0.24100220203399658,0.9598535299301147,0.6559100151062012,0.23742149770259857,0.09168419986963272,0.7106384038925171,0.6723209023475647,0.1831662952899933,0.14141596853733063,0.7031617164611816,0.5457022190093994,-0.3666386902332306,-0.43520092964172363,0.6151303648948669,0.6063035726547241,-0.3036445081233978,-0.4929715692996979,0.5451376438140869,0.6063035726547241,-0.3036445081233978,-0.4929715692996979,0.5451376438140869,-0.026297584176063538,-0.25431472063064575,0.27975350618362427,0.9254029393196106,-0.5013363361358643,-0.3626977801322937,0.10893842577934265,0.7779747247695923,-0.5697203874588013,-0.23590826988220215,0.26707375049591064,0.7405657172203064,-0.22157901525497437,-0.6672687530517578,0.6252807378768921,0.3386428952217102,-0.2125937044620514,-0.6685565710067749,0.6230032444000244,0.34598153829574585,-0.2125937044620514,-0.6685565710067749,0.6230032444000244,0.34598153829574585,-0.09962457418441772,0.016621707007288933,0.24437063932418823,0.9644074440002441
-0.6524803638458253,-0.2867122530937195,0.16762808561325074,-0.10279664397239685,-0.02223781868815422,0.2495545744895935,0.9626322984695435,-2.170388793945312,-0.3405048668384551,-0.5078875184059144,0.9122991442680356,-0.05387473106384255,-0.08949071019887934,-2.3101871013641353,-0.04549181833863264,0.07854285687208168,1.2483616590499875,-0.08296159803867337,0.05323371589183813,0.0,0.14534444212913508,1.6509794473648065,0.08935570716857857,-1.6700228691101073,-0.2758129537105562,-0.5983660340309145,-1.0188219070434565,0.5019612193107609,-1.5551275730133054,0.0030941370874645394,0.0,-0.24031804502010481,-0.12709271162748392,0.35998523831367285,0.5969995617866528,-3.8743339061737028,0.9735001683235158,3.976941871643067,0.6137673258781439,-0.7970662713050852,-0.3257453277707188,3.0093647956848075,-0.9878339767456044,3.4671562194824266,-0.5122155725955959,-0.8719531416892992,2.3372324466705123,1.5683696031570369,0.8336499691009501,0.0,0.44630765914916537,-3.878239345550542,-2.9460176467895556,-0.021397587656972347,-1.2045173883438103,-1.3123976230621324,3.3965654373168954,3.375725555419921,1.3748788356781068,1.3018352031707776,0.0,0.0,0.0,-0.10279664397239685,-0.02223781868815422,0.2495545744895935,0.9626322984695435,-0.10279664397239685,-0.02223781868815422,0.2495545744895935,0.9626322984695435,0.16006851196289062,-0.8092754483222961,0.4244496524333954,0.37322109937667847,0.09453083574771881,-0.8694717884063721,0.28118953108787537,0.39498743414878845,0.3099110424518585,-0.8178454637527466,0.17290741205215454,0.45297563076019287,0.20206362009048462,-0.5346901416778564,0.29176226258277893,0.7669104933738708,0.20984497666358948,-0.5551536083221436,0.2861986756324768,0.7522366046905518,0.17597918212413788,-0.567408561706543,0.26109185814857483,0.7608612179756165,0.17597918212413788,-0.567408561706543,0.26109185814857483,0.7608612179756165,0.18405818939208984,-0.8840314745903015,-0.03623013570904732,0.42813339829444885,0.1742543876171112,-0.8829860091209412,-0.056319478899240494,0.4322029650211334,0.13944163918495178,-0.8891350030899048,-0.03932828828692436,0.4341065287590027,0.13620279729366302,-0.46776753664016724,0.04957997053861618,0.871885359287262,0.138130322098732,-0.5035226941108704,0.04388993978500366,0.8517385721206665,0.16074532270431519,-0.5021645426750183,0.057282622903585434,0.8477678298950195,0.16074532270431519,-0.5021645426750183,0.057282622903585434,0.8477678298950195,-0.10279664397239685,-0.02223781868815422,0.2495545744895935,0.9626322984695435,-0.1207066997885704,0.04804857075214386,0.24585330486297607,0.9605609178543091,0.6241586208343506,0.2126232385635376,0.13093408942222595,0.7403199672698975,0.6334539651870728,0.18177980184555054,0.16140003502368927,0.7346034049987793,0.5345372557640076,-0.392276406288147,-0.39420267939567566,0.6363910436630249,0.6041635274887085,-0.3230794668197632,-0.4595886766910553,0.565140962600708,0.6041635274887085,-0.3230794668197632,-0.4595886766910553,0.565140962600708,-0.025229942053556442,-0.30250582098960876,0.2865598201751709,0.9087007641792297,-0.4653029441833496,-0.40403831005096436,0.10324464738368988,0.7807604074478149,-0.5528268814086914,-0.2641274631023407,0.28621894121170044,0.7366804480552673,-0.20654571056365967,-0.6801444292068481,0.6230512261390686,0.3264191746711731,-0.2077690064907074,-0.6800491809844971,0.6232337951660156,0.3254915773868561,-0.2077690064907074,-0.6800491809844971,0.6232337951660156,0.3254915773868561,-0.10279664397239685,-0.02223781868815422,0.2495545744895935,0.9626322984695435
-0.6627324819564818,-0.2914743185043335,0.16654238998889923,-0.10271909832954407,-0.05637519806623459,0.2532857060432434,0.9602692723274231,-2.087492370605469,-0.32592137455940257,-0.5276279687881469,0.8703491806983951,-0.0207774341106417,-0.10497212558984746,-2.2224752902984624,-0.05394637584686274,0.06657997667789467,1.2146279096603396,-0.07742248326539997,0.06177300661802286,0.0,0.13597662150859838,1.552526783943177,0.010559067130089334,-1.6606627464294434,-0.2971874773502348,-0.6185965418815611,-0.947836565971375,0.5651580512523647,-1.5027428150177005,0.0341706309467552,0.0,-0.44453392922878127,-0.21035062521696035,0.0492827236652395,0.7694655299186695,-3.40741939544678,0.8204144477844248,4.1028513431549065,0.7003227472305292,-0.9395334124565116,-1.6545598819851786,1.9934897899627753,-0.8275115489959728,4.15598196983337,-0.44509978294372604,-0.6665962815284743,-0.6807073116302282,0.5998091936111514,0.5286358833313008,0.0,-0.23971629142760775,-4.661534357070917,-3.691378211975093,0.34565517008304353,-1.1026739835739143,-1.0867434501647963,3.511091470718383,3.213812541961671,2.3081479549407895,1.4908272981643664,0.0,0.0,0.0,-0.10271909832954407,-0.05637519806623459,0.2532857060432434,0.9602692723274231,-0.10271909832954407,-0.05637519806623459,0.2532857060432434,0.9602692723274231,0.14713600277900696,-0.8071418404579163,0.42777329683303833,0.379319429397583,0.08365762233734131,-0.8658322691917419,0.2911475896835327,0.39820706844329834,0.3065219223499298,-0.8140684962272644,0.17720216512680054,0.4603651762008667,0.20325443148612976,-0.5441172122955322,0.2899259030818939,0.760636031627655,0.2062518149614334,-0.5519911646842957,0.28778335452079773,0.7549482583999634,0.16635388135910034,-0.5663374662399292,0.25844043493270874,0.7647199630737305,0.16635388135910034,-0.5663374662399292,0.25844043493270874,0.7647199630737305,0.18656934797763824,-0.8802181482315063,-0.021402932703495026,0.43583229184150696,0.17472845315933228,-0.8793278932571411,-0.045126862823963165,0.4406994581222534,0.14535288512706757,-0.8846448063850403,-0.03045479953289032,0.4419829249382019,0.1368100792169571,-0.4742240905761719,0.05793636292219162,0.8677774667739868,0.13893845677375793,-0.5074545741081238,0.05259895697236061,0.8487752079963684,0.16507966816425323,-0.505576491355896,0.06825247406959534,0.8440868854522705,0.16507966816425323,-0.505576491355896,0.06825247406959534,0.8440868854522705,-0.10271909832954407,-0.05637519806623459,0.2532857060432434,0.9602692723274231,-0.1198917105793953,0.009303189814090729,0.2498500943183899,0.9607883095741272,0.5877288579940796,0.18106013536453247,0.17125561833381653,0.7697166204452515,0.5888285636901855,0.17696228623390198,0.17446941137313843,0.7691070437431335,0.5159408450126648,-0.4202272891998291,-0.35142743587493896,0.6585688591003418,0.5950497984886169,-0.34621188044548035,-0.42448651790618896,0.5881021618843079,0.5950497984886169,-0.34621188044548035,-0.42448651790618896,0.5881021618843079,-0.0219737458974123,-0.3434488773345947,0.29086241126060486,0.8927256464958191,-0.4271188974380493,-0.43852800130844116,0.1026519387960434,0.7840441465377808,-0.5343603491783142,-0.28880077600479126,0.3092191517353058,0.7317355275154114,-0.19350159168243408,-0.6871703863143921,0.6209191083908081,0.3237490952014923,-0.20679084956645966,-0.6858247518539429,0.6234301328659058,0.3133954405784607,-0.20679084956645966,-0.6858247518539429,0.6234301328659058,0.3133954405784607,-0.10271909832954407,-0.05637519806623459,0.2532857060432434,0.9602692723274231
-0.671499228477478,-0.29575445652008053,0.16331071853637696,-0.09878016263246536,-0.09247780591249466,0.25386762619018555,0.9577271938323975,-2.0108610630035404,-0.30528306365013136,-0.5459311842918395,0.8452474474906922,0.0034273022785781936,-0.1180426493287086,-2.153895521163941,-0.0442674584686757,0.06864643245935437,1.2298106431961058,-0.05426632761955275,0.07444678544998162,0.0,0.1200747877359391,1.4583315134048467,-0.06417278461158243,-1.6403069972991944,-0.3195111334323882,-0.6338709950447082,-0.8780255556106571,0.6170233607292174,-1.4443340301513674,0.06517624408006654,0.0,-0.4680447459220889,-0.2236454337835313,-0.11866404637694315,1.090730416774748,-3.325318765640258,0.6184776186943064,3.956867599487306,0.9108191132545459,-0.9439054131507877,-1.5920512676239047,1.3880879402160662,-0.7017439842224126,3.8116291999816934,0.12127634882926575,-0.17726391553879062,-0.21919295787812243,0.8054669141769374,0.550999164581298,0.0,-0.664411389827727,-4.794910907745362,-3.8178881645202645,0.7978748500347115,-1.0972001314163207,-0.8628437280654917,3.5140369415283206,2.8198958396911644,2.799958467483519,1.5516982555389405,0.0,0.0,0.0,-0.09878016263246536,-0.09247780591249466,0.25386762619018555,0.9577271938323975,-0.09878016263246536,-0.09247780591249466,0.25386762619018555,0.9577271938323975,0.13407915830612183,-0.8091892004013062,0.425578236579895,0.3822549879550934,0.0743870660662651,-0.8644583225250244,0.2975935935974121,0.3982665538787842,0.30467599630355835,-0.8124008178710938,0.17919829487800598,0.4637516140937805,0.20437011122703552,-0.5507126450538635,0.2884003520011902,0.7561571598052979,0.20387586951255798,-0.5494160056114197,0.2887449860572815,0.7571017742156982,0.1588551104068756,-0.5654962062835693,0.2558433413505554,0.7678042650222778,0.1588551104068756,-0.5654962062835693,0.2558433413505554,0.7678042650222778,0.19005170464515686,-0.880945086479187,-0.013870630413293839,0.43315547704696655,0.18037769198417664,-0.8804353475570679,-0.03334604203701019,0.4372478723526001,0.15004603564739227,-0.8861268162727356,-0.018351390957832336,0.4380969703197479,0.13295453786849976,-0.4711025655269623,0.07149955630302429,0.8690646290779114,0.13468778133392334,-0.49452272057533264,0.06781398504972458,0.8559834957122803,0.16651222109794617,-0.4915774166584015,0.08606256544589996,0.8504225015640259,0.16651222109794617,-0.4915774166584015,0.08606256544589996,0.8504225015640259,-0.09878016263246536,-0.09247780591249466,0.25386762619018555,0.9577271938323975,-0.11416962742805481,-0.03459042310714722,0.2511264681816101,0.9605749845504761,0.5550941824913025,0.14059315621852875,0.20927083492279053,0.7926599383354187,0.5503299236297607,0.1590346395969391,0.18414828181266785,0.7987078428268433,0.5005502700805664,-0.44944754242897034,-0.3125021755695343,0.6706629991531372,0.5898882746696472,-0.37006068229675293,-0.3921472430229187,0.6010885238647461,0.5898882746696472,-0.37006068229675293,-0.3921472430229187,0.6010885238647461,-0.016730897128582,-0.38383302092552185,0.29071277379989624,0.8762866854667664,-0.387832909822464,-0.47136032581329346,0.10079492628574371,0.7856497764587402,-0.5146622657775879,-0.3168586492538452,0.32660651206970215,0.7266715168952942,-0.18496668338775635,-0.6963158845901489,0.6142481565475464,0.32191747426986694,-0.210556298494339,-0.6937178373336792,0.6188303232192993,0.30244123935699463,-0.210556298494339,-0.6937178373336792,0.6188303232192993,0.30244123935699463,-0.09878016263246536,-0.09247780591249466,0.25386762619018555,0.9577271938323975
-0.6795232892036438,-0.29979363083839417,0.1590060591697693,-0.09283530712127686,-0.12946829199790955,0.2526751756668091,0.9543452262878418,-1.9373623132705688,-0.28161734342575073,-0.5635157823562622,0.8285698294639587,0.023185756988823414,-0.1299077272415161,-2.094881772994995,-0.02552180364727974,0.0777275562286377,1.26945161819458,-0.022301651537418365,0.08918780833482742,0.0,0.10090594738721848,1.3662649393081665,-0.13687224499881268,-1.6144534349441528,-0.3423093557357788,-0.6466674208641052,-0.8088017106056213,0.6632229089736938,-1.3829132318496704,0.09614641964435577,0.0,-0.4012030065059662,-0.20195870101451874,-0.2152329497039318,1.4863947629928589,-3.4356250762939453,0.3921152353286743,3.6749372482299805,1.1832859516143799,-0.8792298436164856,-0.8338809013366699,0.9879226684570312,-0.5932538509368896,2.9506871700286865,0.9372826516628265,0.4540562033653259,1.982048630714417,1.598233699798584,0.7370511293411255,0.0,-0.958441972732544,-4.603328227996826,-3.6349728107452393,1.2926779687404633,-1.1399110555648804,-0.6398212313652039,3.4611921310424805,2.3099772930145264,3.0710396766662598,1.548508644104004,0.0,0.0,0.0,-0.09283530712127686,-0.12946829199790955,0.2526751756668091,0.9543452262878418,-0.09283530712127686,-0.12946829199790955,0.2526751756668091,0.9543452262878418,0.12094732373952866,-0.8132408857345581,0.4205787777900696,0.3835681080818176,0.06591887027025223,-0.8642177581787109,0.3022828996181488,0.39674606919288635,0.3036106824874878,-0.811811625957489,0.18005020916461945,0.46514979004859924,0.20544996857643127,-0.5558966994285583,0.287032812833786,0.7525831460952759,0.202108696103096,-0.5471349358558655,0.2893952429294586,0.7589768767356873,0.15241868793964386,-0.5647652745246887,0.2532714307308197,0.7704948782920837,0.15241868793964386,-0.5647652745246887,0.2532714307308197,0.7704948782920837,0.19402210414409637,-0.883955717086792,-0.009987111203372478,0.42529746890068054,0.1885792762041092,-0.8837563395500183,-0.021266063675284386,0.42773866653442383,0.15409940481185913,-0.8904160857200623,-0.004630650393664837,0.42824193835258484,0.12683190405368805,-0.46306461095809937,0.0876455307006836,0.87281334400177,0.1278013288974762,-0.47276821732521057,0.08622583001852036,0.8675956130027771,0.16635091602802277,-0.4684543311595917,0.10721570253372192,0.8610358238220215,0.16635091602802277,-0.4684543311595917,0.10721570253372192,0.8610358238220215,-0.09283530712127686,-0.12946829199790955,0.2526751756668091,0.9543452262878418,-0.10584481805562973,-0.08097541332244873,0.2507031261920929,0.9588471055030823,0.5231557488441467,0.09544577449560165,0.24555891752243042,0.8104930520057678,0.5143625736236572,0.13440729677677155,0.1919165402650833,0.8249447345733643,0.48632383346557617,-0.4788378179073334,-0.27527618408203125,0.6770719885826111,0.5863825082778931,-0.39403635263442993,-0.3610088527202606,0.6087392568588257,0.5863825082778931,-0.39403635263442993,-0.3610088527202606,0.6087392568588257,-0.010483789257705212,-0.4235323965549469,0.28805986046791077,0.8587967753410339,-0.3475472033023834,-0.5027118921279907,0.09817799925804138,0.7853997349739075,-0.49396297335624695,-0.3463413417339325,0.3409201502799988,0.7209866046905518,-0.1786668300628662,-0.7064428925514221,0.6052404046058655,0.320469468832016,-0.21665766835212708,-0.7025519013404846,0.6117283701896667,0.29200807213783264,-0.21665766835212708,-0.7025519013404846,0.6117283701896667,0.29200807213783264,-0.09283530712127686,-0.12946829199790955,0.2526751756668091,0.9543452262878418
-0.6832938671112061,-0.30354105234146117,0.16358893513679504,-0.0788523405790329,-0.15554669499397278,0.2528335750102997,0.9516632556915283,-1.8686670780181887,-0.2604219466447831,-0.5690319418907165,0.8145473122596741,0.016461865603923813,-0.14099738299846648,-2.0132936954498293,-0.022810929641127593,0.08766539543867109,1.238501000404358,-0.04087591022253033,0.09381500780582427,0.0,0.07327616140246397,1.2769962310791017,-0.20634130835533127,-1.5518752813339234,-0.34501388072967526,-0.6385138988494873,-0.7731864094734193,0.6712669968605042,-1.3165251970291139,0.10353569090366362,0.0,-0.2735985308885577,-0.1932061165571213,0.051393088698386546,1.7745981216430657,-2.675671577453615,0.46050273180007917,3.5308318138122563,1.1091762304306032,-0.5171767234802254,-0.7542278170585635,0.1934522867202776,-0.5699911952018738,3.6279171943664537,0.4562392950057994,0.47975763678550715,-0.1356990098953199,0.08206577301025741,0.43363642692565985,0.0,-1.2122703552246088,-4.519392395019532,-3.538060808181763,2.394415664672849,-0.537100172042848,-0.01132286787033221,2.452935814857485,1.1653135538101222,3.220056772232055,0.8410815954208389,0.0,0.0,0.0,-0.0788523405790329,-0.15554669499397278,0.2528335750102997,0.9516632556915283,-0.0788523405790329,-0.15554669499397278,0.2528335750102997,0.9516632556915283,0.11743557453155518,-0.8152581453323364,0.40954917669296265,0.39221489429473877,0.06556636840105057,-0.8615387678146362,0.300203800201416,0.4041406512260437,0.3047553300857544,-0.8085052371025085,0.17468443512916565,0.47215333580970764,0.21060752868652344,-0.5553591847419739,0.2810899019241333,0.7537963390350342,0.20827436447143555,-0.5491408109664917,0.2828032672405243,0.7583460807800293,0.15433934330940247,-0.5676711797714233,0.24341294169425964,0.7711542248725891,0.15433934330940247,-0.5676711797714233,0.24341294169425964,0.7711542248725891,0.19830366969108582,-0.8772202730178833,-0.008396199904382229,0.43713822960853577,0.19331595301628113,-0.8770666718482971,-0.018406689167022705,0.4393680691719055,0.1547180712223053,-0.8847000002861023,0.0009014684474095702,0.4397357106208801,0.12549833953380585,-0.46518629789352417,0.09055183827877045,0.8715803623199463,0.1273423731327057,-0.4828990697860718,0.08797713369131088,0.8618889451026917,0.16760775446891785,-0.47823941707611084,0.11053913831710815,0.8549712896347046,0.16760775446891785,-0.47823941707611084,0.11053913831710815,0.8549712896347046,-0.0788523405790329,-0.15554669499397278,0.2528335750102997,0.9516632556915283,-0.0884036272764206,-0.12047475576400757,0.2519102692604065,0.9561442732810974,0.49915945529937744,0.05265554413199425,0.27310898900032043,0.82065749168396,0.4898644685745239,0.10842835158109665,0.19004598259925842,0.8438950181007385,0.47555339336395264,-0.4911876320838928,-0.2439557909965515,0.687800407409668,0.5786219835281372,-0.406005859375,-0.33224815130233765,0.6244733333587646,0.5786219835281372,-0.406005859375,-0.33224815130233765,0.6244733333587646,0.0012807603925466537,-0.4442269206047058,0.28352707624435425,0.8498666882514954,-0.31929922103881836,-0.5184984803199768,0.09532113373279572,0.7874779105186462,-0.47392839193344116,-0.36835718154907227,0.3422470688819885,0.7228913307189941,-0.18094035983085632,-0.715013325214386,0.587326169013977,0.33326321840286255,-0.2223643958568573,-0.7103563547134399,0.5948361754417419,0.3035094141960144,-0.2223643958568573,-0.7103563547134399,0.5948361754417419,0.3035094141960144,-0.0788523405790329,-0.15554669499397278,0.2528335750102997,0.9516632556915283
-0.6872187852859497,-0.30733847022056576,0.16502309739589693,-0.06386537104845047,-0.18674153089523315,0.2530530095100403,0.94710773229599,-1.7980149507522585,-0.23826665282249457,-0.5762923121452331,0.8116002202033996,0.013182390853762618,-0.15210654735565182,-1.938506317138672,-0.012273547425866185,0.10003926157951351,1.232185959815979,-0.04242061078548438,0.10344155728816981,0.0,0.04957289919257168,1.1913159132003786,-0.27175132036209093,-1.489936423301697,-0.34759787917137147,-0.6214071035385133,-0.742224657535553,0.6740795493125916,-1.2588409185409546,0.11123148053884505,0.0,-0.19315908849239347,-0.18887095153331757,0.1346823781728751,2.0924119472503655,-2.463693428039549,0.5695599794387813,3.493468284606933,1.0885666608810423,-0.32813429832458463,-0.3688630700111411,-0.23286208510398934,-0.5550680160522461,3.875382852554323,0.37033892571925964,0.5699727416038508,-0.8084635019302417,-0.41782619953155864,0.3813404560089101,0.0,-1.26369355916977,-4.355783462524415,-3.351681327819825,3.1097285747528076,-0.1316104516386986,0.6762742459773999,1.6411584854125987,0.24525831341743573,3.0582888603210465,0.3786590874195098,0.0,0.0,0.0,-0.06386537104845047,-0.18674153089523315,0.2530530095100403,0.94710773229599,-0.06386537104845047,-0.18674153089523315,0.2530530095100403,0.94710773229599,0.11398467421531677,-0.8193234801292419,0.3975675702095032,0.39705973863601685,0.06596371531486511,-0.8607742786407471,0.29738277196884155,0.40777456760406494,0.3078623414039612,-0.8065387010574341,0.16925543546676636,0.4754669666290283,0.2160492092370987,-0.5533435940742493,0.2770688831806183,0.7552260160446167,0.21421897411346436,-0.5483536720275879,0.27849242091178894,0.7588547468185425,0.15593168139457703,-0.5679225921630859,0.23603585362434387,0.7729399800300598,0.15593168139457703,-0.5679225921630859,0.23603585362434387,0.7729399800300598,0.20520471036434174,-0.8735836744308472,-0.007911049760878086,0.4412255585193634,0.20243486762046814,-0.8735604882240295,-0.013256297446787357,0.4424213767051697,0.15848323702812195,-0.8826202154159546,0.008824389427900314,0.4424780607223511,0.12407530099153519,-0.46468299627304077,0.0987754613161087,0.8711592555046082,0.12601324915885925,-0.4830741286277771,0.09611818939447403,0.8611162900924683,0.1704081892967224,-0.47738969326019287,0.12087666243314743,0.853492259979248,0.1704081892967224,-0.47738969326019287,0.12087666243314743,0.853492259979248,-0.06386537104845047,-0.18674153089523315,0.2530530095100403,0.94710773229599,-0.07039375603199005,-0.16315844655036926,0.2528519630432129,0.9510467648506165,0.47557762265205383,0.006320684216916561,0.30010923743247986,0.8268738985061646,0.4681868553161621,0.07738623023033142,0.18940570950508118,0.859614908695221,0.4670601785182953,-0.5051901936531067,-0.21404027938842773,0.6934149265289307,0.5732215642929077,-0.4193737208843231,-0.30392059683799744,0.6349606513977051,0.5732215642929077,-0.4193737208843231,-0.30392059683799744,0.6349606513977051,0.0128703648224473,-0.46554309129714966,0.2786388099193573,0.8399192690849304,-0.29263705015182495,-0.5349656343460083,0.09093374758958817,0.787341296672821,-0.4545987546443939,-0.3919253349304199,0.33961015939712524,0.7241542339324951,-0.18339724838733673,-0.7260162830352783,0.5677301287651062,0.34197700023651123,-0.2285117208957672,-0.7205386757850647,0.5760751962661743,0.31103670597076416,-0.2285117208957672,-0.7205386757850647,0.5760751962661743,0.31103670597076416,-0.06386537104845047,-0.18674153089523315,0.2530530095100403,0.94710773229599
-0.6914523839950562,-0.31123588085174564,0.16015983223915098,-0.04690587893128395,-0.22812381386756897,0.2534175217151642,0.9389030933380127,-1.7234490394592283,-0.21419156491756433,-0.5870411038398743,0.8308039784431458,0.016791751235723504,-0.16325472891330722,-1.877320337295532,0.013916851207614003,0.11728518158197407,1.2751420736312866,-0.009906191378831794,0.12306680679321294,0.0,0.033722684532403915,1.1128123760223387,-0.32904323339462294,-1.429276156425476,-0.349940824508667,-0.5863937616348266,-0.7205700039863586,0.6664290308952331,-1.2185641527175903,0.11954030692577364,0.0,-0.2070497125387192,-0.19337062537670135,-0.14870183765888273,2.4694467067718513,-3.3476659774780293,0.7599567294120793,3.6695885658264165,1.1749573945999148,-0.4851132631301883,0.6279251217842123,0.07713547348976202,-0.5568237900733948,3.2633197784423813,1.074724635481836,0.7892151296138769,1.4087383031845144,1.1148340940475499,0.8312819480896005,0.0,-0.9103064060211173,-4.0328283309936515,-2.986366891860961,3.052191972732544,-0.12076305747032164,1.4820687711238878,1.2223391294479362,-0.22557983994484054,2.2749509334564193,0.4062457501888276,0.0,0.0,0.0,-0.04690587893128395,-0.22812381386756897,0.2534175217151642,0.9389030933380127,-0.04690587893128395,-0.22812381386756897,0.2534175217151642,0.9389030933380127,0.11067628115415573,-0.82762211561203,0.3837548494338989,0.3943660259246826,0.06786593794822693,-0.8639068603515625,0.29310181736946106,0.4039190709590912,0.31491973996162415,-0.8073207139968872,0.16371528804302216,0.47144049406051636,0.22207200527191162,-0.5484071373939514,0.27690961956977844,0.757135808467865,0.21973995864391327,-0.5420309901237488,0.278769850730896,0.7617113590240479,0.15689057111740112,-0.5629504323005676,0.2336585968732834,0.7770944833755493,0.15689057111740112,-0.5629504323005676,0.2336585968732834,0.7770944833755493,0.2173730432987213,-0.8762796521186829,-0.009638783521950245,0.42987221479415894,0.2203003615140915,-0.8763672113418579,-0.003525844309478998,0.4282943308353424,0.16853752732276917,-0.8878028392791748,0.021525070071220398,0.4277123808860779,0.12244441360235214,-0.45882123708724976,0.11760924756526947,0.8721573948860168,0.12289649248123169,-0.4631555676460266,0.11699730157852173,0.8698821067810059,0.17620159685611725,-0.4550151824951172,0.14517000317573547,0.8607205152511597,0.17620159685611725,-0.4550151824951172,0.14517000317573547,0.8607205152511597,-0.04690587893128395,-0.22812381386756897,0.2534175217151642,0.9389030933380127,-0.05140296369791031,-0.21224281191825867,0.25356876850128174,0.9423447251319885,0.45431050658226013,-0.04677601903676987,0.32666975259780884,0.8274664878845215,0.4528677463531494,0.03642948716878891,0.19148917496204376,0.8700089454650879,0.46387606859207153,-0.5232523083686829,-0.18735027313232422,0.6898736953735352,0.5733908414840698,-0.43611618876457214,-0.2769739329814911,0.6358546018600464,0.5733908414840698,-0.43611618876457214,-0.2769739329814911,0.6358546018600464,0.024101782590150833,-0.4883407950401306,0.27320611476898193,0.8284327387809753,-0.26953598856925964,-0.5533692836761475,0.08359834551811218,0.7836734056472778,-0.4370441436767578,-0.41883981227874756,0.3292977213859558,0.7246575355529785,-0.1862940788269043,-0.7421725392341614,0.545028805732727,0.3426631689071655,-0.23560991883277893,-0.7357062697410583,0.553788959980011,0.3107122778892517,-0.23560991883277893,-0.7357062697410583,0.553788959980011,0.3107122778892517,-0.04690587893128395,-0.22812381386756897,0.2534175217151642,0.9389030933380127
-0.6960704088211059,-0.31518043875694274,0.15424607694149015,-0.029459066689014435,-0.2702975273132324,0.2504175901412964,0.929172933101654,-1.6451841592788694,-0.18812630176544184,-0.5931248307228089,0.8595054268836976,0.031809541210532234,-0.16992216706275942,-1.8187422275543212,0.04155561551451689,0.1283179819583893,1.3346063852310182,0.034625344176311156,0.14027164280414584,0.0,0.02832711413502693,1.0351825475692746,-0.37291672229766853,-1.3715971708297727,-0.3345345795154571,-0.5321654319763183,-0.7112780213356018,0.6468480706214904,-1.1894630670547486,0.12820538431406023,0.0,-0.22321270406246188,-0.1962849348783493,-0.2746779412031175,2.678516435623169,-3.708332061767578,0.6663909673690791,3.8392644882202154,1.2634595632553103,-0.39748764038085893,1.245118534564973,0.5227208584547054,-0.42298674583435014,2.9810626506805415,1.3529709100723268,0.675902354717254,2.6430515289306658,1.9862343072891246,0.9086500406265257,0.0,-0.4788713812828054,-3.898965358734131,-2.4620427608489974,2.9435746669769283,0.41532840281725114,2.3271166086196917,0.7118525505065905,-0.7404390990734113,1.678567838668822,0.42612883448600775,0.0,0.0,0.0,-0.029459066689014435,-0.2702975273132324,0.2504175901412964,0.929172933101654,-0.029459066689014435,-0.2702975273132324,0.2504175901412964,0.929172933101654,0.10647326707839966,-0.8360703587532043,0.36732620000839233,0.3933461904525757,0.06903958320617676,-0.8668873310089111,0.28718486428260803,0.401577889919281,0.31936436891555786,-0.8088698983192444,0.15729834139347076,0.46796709299087524,0.22482576966285706,-0.5403280258178711,0.27610164880752563,0.7624086737632751,0.22043001651763916,-0.5281259417533875,0.2796705961227417,0.7708943486213684,0.15419957041740417,-0.549956202507019,0.23387111723423004,0.7868131399154663,0.15419957041740417,-0.549956202507019,0.23387111723423004,0.7868131399154663,0.22797048091888428,-0.8803104758262634,-0.013391980901360512,0.41581669449806213,0.23642019927501678,-0.8804715275764465,0.004945520777255297,0.4109145998954773,0.17946317791938782,-0.893836259841919,0.031228825449943542,0.4097250699996948,0.12128418684005737,-0.4486016631126404,0.13562063872814178,0.875016450881958,0.11865167319774628,-0.4334351420402527,0.13771319389343262,0.8826613426208496,0.18030086159706116,-0.4226398468017578,0.1675628423690796,0.8722327351570129,0.18030086159706116,-0.4226398468017578,0.1675628423690796,0.8722327351570129,-0.029459066689014435,-0.2702975273132324,0.2504175901412964,0.929172933101654,-0.03323636204004288,-0.2571102976799011,0.25080209970474243,0.9326778054237366,0.4329999089241028,-0.09976506233215332,0.34411171078681946,0.8271307349205017,0.4404226541519165,-0.008426598273217678,0.19003437459468842,0.877407431602478,0.45931529998779297,-0.5439481735229492,-0.16627854108810425,0.6822766065597534,0.5672299861907959,-0.4608267545700073,-0.25061580538749695,0.6348863840103149,0.5672299861907959,-0.4608267545700073,-0.25061580538749695,0.6348863840103149,0.03305009752511978,-0.5040836334228516,0.26476970314979553,0.8214038610458374,-0.2550235688686371,-0.5647433996200562,0.07269314676523209,0.7815009951591492,-0.42236045002937317,-0.4389828145503998,0.3117356598377228,0.7291959524154663,-0.19187495112419128,-0.7569873332977295,0.5193488597869873,0.3470318019390106,-0.24561554193496704,-0.7491742372512817,0.5287815928459167,0.3143264055252075,-0.24561554193496704,-0.7491742372512817,0.5287815928459167,0.3143264055252075,-0.029459066689014435,-0.2702975273132324,0.2504175901412964,0.929172933101654
-0.7008806467056274,-0.31914857029914856,0.1478070765733719,-0.011751888319849968,-0.312501460313797,0.2454407960176468,0.9175857305526733,-1.5650697946548462,-0.1610659509897232,-0.5968760251998901,0.8929557204246521,0.052531545981764786,-0.17434923350811005,-1.7614680528640747,0.06991856545209885,0.13624422252178192,1.4023247957229614,0.08516543527366593,0.15626627206802368,0.0,0.028158865869045258,0.9579895734786987,-0.41008099913597107,-1.3154088258743286,-0.31025373935699463,-0.46832960844039917,-0.7081673741340637,0.6213018894195557,-1.165949821472168,0.13704858720302582,0.0,-0.24051187932491302,-0.19840656220912933,-0.3219499886035919,2.8036036491394043,-3.807344913482666,0.43084394931793213,4.005718231201172,1.3530174493789673,-0.18755972385406494,1.67251455783844,1.036100134253502,-0.22135329246520996,2.86370849609375,1.4181474447250366,0.39631199836730957,3.385920286178589,2.5270044803619385,0.799731433391571,0.0,-0.008412420749664307,-3.8596484661102295,-1.8582137823104858,2.8094170093536377,1.2140418961644175,3.19179105758667,0.1555323600769043,-1.2773089110851288,1.1756621599197388,0.44216012954711914,0.0,0.0,0.0,-0.011751888319849968,-0.312501460313797,0.2454407960176468,0.9175857305526733,-0.011751888319849968,-0.312501460313797,0.2454407960176468,0.9175857305526733,0.10179717093706131,-0.8443847894668579,0.34950101375579834,0.39306578040122986,0.06984669715166092,-0.8697640299797058,0.28044092655181885,0.3999810218811035,0.32249391078948975,-0.810780942440033,0.15043911337852478,0.4647580087184906,0.22592267394065857,-0.5306244492530823,0.27494215965270996,0.7692875862121582,0.21862401068210602,-0.5102378129959106,0.28078070282936096,0.782957911491394,0.14962618052959442,-0.5327462553977966,0.2352910041809082,0.7990190982818604,0.14962618052959442,-0.5327462553977966,0.2352910041809082,0.7990190982818604,0.23773084580898285,-0.884814977645874,-0.018154406920075417,0.4003210663795471,0.2515776753425598,-0.8849088549613953,0.012782881036400795,0.3917672634124756,0.19075892865657806,-0.8999811410903931,0.039420608431100845,0.3899884521961212,0.12032704055309296,-0.43608513474464417,0.153180792927742,0.8785709142684937,0.11369708180427551,-0.39828917384147644,0.15816423296928406,0.8963385224342346,0.18331271409988403,-0.3847287595272064,0.1887696236371994,0.8847295045852661,0.18331271409988403,-0.3847287595272064,0.1887696236371994,0.8847295045852661,-0.011751888319849968,-0.312501460313797,0.2454407960176468,0.9175857305526733,-0.015475718304514885,-0.29956692457199097,0.2460625171661377,0.9216688275337219,0.4110514223575592,-0.15244616568088531,0.35643690824508667,0.8250755071640015,0.4288610517978668,-0.055174898356199265,0.1865672916173935,0.8821715116500854,0.45387205481529236,-0.5657176971435547,-0.1479559987783432,0.6723634600639343,0.5573452115058899,-0.48905086517333984,-0.224318265914917,0.632358193397522,0.5573452115058899,-0.48905086517333984,-0.224318265914917,0.632358193397522,0.04085329547524452,-0.516289472579956,0.2548324167728424,0.8166006207466125,-0.24482184648513794,-0.5726195573806763,0.060010191053152084,0.7801076173782349,-0.40894731879234314,-0.4555487036705017,0.2904302775859833,0.7354506850242615,-0.19868203997612,-0.7706772089004517,0.4918828308582306,0.35303449630737305,-0.25692635774612427,-0.7613463997840881,0.5021129250526428,0.319723516702652,-0.25692635774612427,-0.7613463997840881,0.5021129250526428,0.319723516702652,-0.011751888319849968,-0.312501460313797,0.2454407960176468,0.9175857305526733
-0.7040834903717041,-0.322326397895813,0.13964401483535763,0.009102819487452507,-0.35547250509262085,0.2420460730791092,0.902756929397583,-1.480457258224487,-0.1369967371225356,-0.6038037061691285,0.9218390345573426,0.0654354944825173,-0.18352145850658422,-1.6853725671768185,0.12475924789905572,0.17707497179508228,1.4538992404937747,0.10570832043886194,0.177761933207512,0.0,0.04987877756357202,0.9107710719108579,-0.41904256343841556,-1.2671187639236448,-0.2744657218456267,-0.39122532606124844,-0.7061151266098022,0.5702260136604307,-1.146784472465515,0.11984155476093285,0.0,-0.19229005277156808,-0.17469744384288777,-0.3736718297004702,2.9563751220703134,-3.863013553619385,0.6253326773643502,4.140663242340088,1.2632833242416377,-0.2828542947769169,1.5355051755905145,0.8015584230422963,-0.3637080550193793,3.428347826004031,2.2124793529510534,1.3834471702575728,2.9016013145446755,1.6270883798599205,0.9647623538970955,0.0,0.6482323363423376,-2.9604143619537315,-1.0121324062347374,2.5724685192108145,1.5592572689056412,3.589844751358034,0.12378035932779298,-2.043199777603153,1.045225298404693,-0.3393468856811559,0.0,0.0,0.0,0.009102819487452507,-0.35547250509262085,0.2420460730791092,0.902756929397583,0.009102819487452507,-0.35547250509262085,0.2420460730791092,0.902756929397583,0.10292375087738037,-0.8520814180374146,0.33036601543426514,0.392711341381073,0.07578951120376587,-0.8727242946624756,0.27128028869628906,0.3987671136856079,0.3318633437156677,-0.8107188940048218,0.1404547095298767,0.46138298511505127,0.23479095101356506,-0.5208983421325684,0.2735048532485962,0.7737786769866943,0.22573032975196838,-0.49530524015426636,0.2810857892036438,0.7903856635093689,0.15232789516448975,-0.5189696550369263,0.23455704748630524,0.8077435493469238,0.15232789516448975,-0.5189696550369263,0.23455704748630524,0.8077435493469238,0.24920737743377686,-0.885732889175415,-0.01967020332813263,0.3911343216896057,0.2729519009590149,-0.8853513598442078,0.03560422733426094,0.37467658519744873,0.19354797899723053,-0.9061876535415649,0.06832466274499893,0.36972281336784363,0.09878263622522354,-0.43147721886634827,0.1793426275253296,0.8785816431045532,0.08900591731071472,-0.3844917416572571,0.18416692316532135,0.9001814723014832,0.16858527064323425,-0.36642396450042725,0.21743714809417725,0.8888383507728577,0.16858527064323425,-0.36642396450042725,0.21743714809417725,0.8888383507728577,0.009102819487452507,-0.35547250509262085,0.2420460730791092,0.902756929397583,0.002522537484765053,-0.3329065144062042,0.24366769194602966,0.910929799079895,0.4031372666358948,-0.191986083984375,0.3647221326828003,0.8170676827430725,0.42949098348617554,-0.0934242308139801,0.19240599870681763,0.8773764371871948,0.4615529179573059,-0.5781831741333008,-0.13134881854057312,0.659864068031311,0.5547658205032349,-0.5096504092216492,-0.19737140834331512,0.6273244619369507,0.5547658205032349,-0.5096504092216492,-0.19737140834331512,0.6273244619369507,0.05174611508846283,-0.5238503813743591,0.24690277874469757,0.8135983943939209,-0.23276206851005554,-0.5769184231758118,0.05054593086242676,0.7813016176223755,-0.3861898183822632,-0.4744398593902588,0.263708233833313,0.7458031177520752,-0.19867950677871704,-0.789575457572937,0.4553431272506714,0.36022162437438965,-0.2506503164768219,-0.7811881899833679,0.4646613597869873,0.33318063616752625,-0.2506503164768219,-0.7811881899833679,0.4646613597869873,0.33318063616752625,0.009102819487452507,-0.35547250509262085,0.2420460730791092,0.902756929397583
-0.7072337746620179,-0.3253571152687073,0.13044021278619758,0.031415101140737534,-0.39915627241134644,0.23738759756088257,0.8850617408752441,-1.385510301589965,-0.10634325742721529,-0.6020884752273559,0.9346041202545164,0.07842849493026742,-0.19508927166461956,-1.601341581344604,0.1699924916028978,0.20875485241413125,1.4932290077209474,0.12694127857685103,0.1990885585546495,0.0,0.07980417609214814,0.8718520283699034,-0.425598418712616,-1.215001559257507,-0.23804419040679906,-0.3058139801025384,-0.699737787246704,0.5138503193855282,-1.1309589862823486,0.1026700511574744,0.0,-0.1585653871297836,-0.15447806119918814,-0.439375269412995,3.176423215866091,-3.9776446342468277,0.7603764653205872,4.540659141540534,1.4009885311126749,-0.08709668517112212,0.9606187582015895,0.6478688955307007,-0.5304788589477554,4.042839050292973,2.45381081104278,1.7670112609863227,2.2113817214965747,1.0478464365005498,1.0697118997573851,0.0,1.3321601390838673,-2.1119412422180126,-0.37590692043304297,2.529317140579226,1.808406233787537,4.104425811767583,0.23236511200666687,-2.712788200378421,0.858071506023405,-0.8592857003211974,0.0,0.0,0.0,0.031415101140737534,-0.39915627241134644,0.23738759756088257,0.8850617408752441,0.031415101140737534,-0.39915627241134644,0.23738759756088257,0.8850617408752441,0.10526870936155319,-0.8582206964492798,0.30968403816223145,0.3955647945404053,0.08417315036058426,-0.8735246062278748,0.26360467076301575,0.4004776179790497,0.33941078186035156,-0.8092765808105469,0.13301706314086914,0.46062806248664856,0.24309442937374115,-0.5150089263916016,0.2716284990310669,0.7758150696754456,0.2322617471218109,-0.4841974675655365,0.28096696734428406,0.7954022884368896,0.1536865532398224,-0.5092486143112183,0.23248322308063507,0.8142468929290771,0.1536865532398224,-0.5092486143112183,0.23248322308063507,0.8142468929290771,0.26060590147972107,-0.8857818841934204,-0.02071896195411682,0.38346564769744873,0.2921964228153229,-0.8843719363212585,0.05454696714878082,0.35990574955940247,0.19846083223819733,-0.9100222587585449,0.0917137861251831,0.3522234261035919,0.08332660794258118,-0.4287465810775757,0.20209230482578278,0.8765794634819031,0.07025960087776184,-0.37230247259140015,0.20694801211357117,0.9020127058029175,0.15955781936645508,-0.3498222231864929,0.24287964403629303,0.8906039595603943,0.15955781936645508,-0.3498222231864929,0.24287964403629303,0.8906039595603943,0.031415101140737534,-0.39915627241134644,0.23738759756088257,0.8850617408752441,0.02094877138733864,-0.3636767268180847,0.2407771497964859,0.8996258974075317,0.3989246189594269,-0.22802484035491943,0.37167808413505554,0.8066717982292175,0.43306654691696167,-0.12809184193611145,0.19855841994285583,0.8698393106460571,0.4717690646648407,-0.585651159286499,-0.11486969888210297,0.649039089679718,0.5536361336708069,-0.525189220905304,-0.17080697417259216,0.6232882738113403,0.5536361336708069,-0.525189220905304,-0.17080697417259216,0.6232882738113403,0.06352190673351288,-0.529261589050293,0.23859049379825592,0.8117401003837585,-0.21855700016021729,-0.5790214538574219,0.04271320998668671,0.7843102216720581,-0.3589473366737366,-0.4919077754020691,0.23664507269859314,0.7570884227752686,-0.19408980011940002,-0.8084520101547241,0.4165414571762085,0.3677334189414978,-0.2395925223827362,-0.8011708855628967,0.4248702824115753,0.3467075228691101,-0.2395925223827362,-0.8011708855628967,0.4248702824115753,0.3467075228691101,0.031415101140737534,-0.39915627241134644,0.23738759756088257,0.8850617408752441
-0.7102789402008057,-0.3280936121940613,0.11915493011474604,0.0565912090241909,-0.444852739572525,0.23070886731147766,0.8635258078575134,-1.2698945045471186,-0.06252124607562999,-0.5830874204635619,0.9151327490806579,0.09159960299730308,-0.21144826114177712,-1.5014395952224726,0.19601085782051098,0.2221329957246781,1.50806941986084,0.14955437928438198,0.22007711231708535,0.0,0.12614054828882237,0.8495319008827209,-0.4273428559303284,-1.1552300691604611,-0.2003556311130522,-0.20378850698471024,-0.6847102642059325,0.4468749880790707,-1.1218132257461548,0.08556960523128501,0.0,-0.15383504331111905,-0.14123815000057216,-0.5330419063568119,3.531024551391603,-4.210200595855714,0.7765303730964661,5.470756816864018,1.9935724020004297,0.6907653152942692,-0.49002172946930567,0.6558837652206422,-0.7460817754268656,4.757034063339237,1.589141368865963,0.9434331893920862,1.1093608856201123,1.1099528074264529,1.0544986963272094,0.0,2.0706538915634187,-1.364990091323849,-0.15939312577247522,2.8737599849700945,1.8654224872589114,4.852061605453494,0.6216233417391794,-3.1897717952728293,0.5574838519096361,-0.85608811378479,0.0,0.0,0.0,0.0565912090241909,-0.444852739572525,0.23070886731147766,0.8635258078575134,0.0565912090241909,-0.444852739572525,0.23070886731147766,0.8635258078575134,0.11007522791624069,-0.8614601492881775,0.28600627183914185,0.4049324691295624,0.09743911027908325,-0.870037317276001,0.25891098380088806,0.40805134177207947,0.343410849571228,-0.8053114414215088,0.13071465492248535,0.46524858474731445,0.25033316016197205,-0.5169389247894287,0.268950492143631,0.7731580138206482,0.23776021599769592,-0.48099851608276367,0.28014665842056274,0.7960078120231628,0.15242525935173035,-0.5078654289245605,0.2278319001197815,0.8166590332984924,0.15242525935173035,-0.5078654289245605,0.2278319001197815,0.8166590332984924,0.27191272377967834,-0.8843275904655457,-0.02083868905901909,0.3789381682872772,0.30766361951828003,-0.8821518421173096,0.06578502058982849,0.35046184062957764,0.20798757672309875,-0.9108372926712036,0.10418975353240967,0.34097084403038025,0.0802283063530922,-0.4305282235145569,0.21832114458084106,0.8720921277999878,0.06361318379640579,-0.36419257521629333,0.2236817181110382,0.9018223881721497,0.16226714849472046,-0.33735552430152893,0.26227957010269165,0.889421284198761,0.16226714849472046,-0.33735552430152893,0.26227957010269165,0.889421284198761,0.0565912090241909,-0.444852739572525,0.23070886731147766,0.8635258078575134,0.040212370455265045,-0.3898703157901764,0.23733848333358765,0.888850212097168,0.40300998091697693,-0.2574414014816284,0.3767722547054291,0.793315589427948,0.4433169960975647,-0.1557280421257019,0.20568424463272095,0.8584362268447876,0.48737549781799316,-0.5835279822349548,-0.09874889999628067,0.6420349478721619,0.5562430024147034,-0.5313626527786255,-0.14532586932182312,0.6221960186958313,0.5562430024147034,-0.5313626527786255,-0.14532586932182312,0.6221960186958313,0.07707270979881287,-0.5304951071739197,0.22957320511341095,0.8123614192008972,-0.20010197162628174,-0.5768189430236816,0.03815403953194618,0.7910646796226501,-0.3232605457305908,-0.5070556998252869,0.20927715301513672,0.7711033225059509,-0.1805887669324875,-0.8282363414764404,0.37388142943382263,0.376331090927124,-0.2193501591682434,-0.8224564790725708,0.3811532258987427,0.3607953190803528,-0.2193501591682434,-0.8224564790725708,0.3811532258987427,0.3607953190803528,0.0565912090241909,-0.444852739572525,0.23070886731147766,0.8635258078575134
-0.7112210869789124,-0.329520583152771,0.10984762161970132,0.07826466858386993,-0.47973397374153137,0.2279820740222931,0.8436552286148071,-1.1730111122131341,-0.03809834495186796,-0.5642695188522338,0.9000675678253173,0.1075426071882249,-0.22569154202938088,-1.4162093162536615,0.20189855992794034,0.23194138109683995,1.5105601787567138,0.15978622734546663,0.22762369215488434,0.0,0.15975464582443255,0.833389914035797,-0.4141530871391295,-1.1058623075485225,-0.17719662189483631,-0.12580061852931934,-0.6768221139907836,0.3977485537528989,-1.109463596343994,0.07217105329036705,0.0,-0.08916770517826017,-0.0975390672683712,-0.5049248933792109,3.2031353473663287,-3.7468299865722603,0.9069980978965771,5.218817329406733,1.6091272354125918,0.9445580840110779,-0.841382801532744,0.7417122602462777,-0.7544781684875482,4.5549478530883745,0.6969983339309632,0.5618143796920766,0.3715309739112817,0.7592173814773522,0.6461684465408285,0.0,1.9351502418518027,-0.9306621313095074,0.36080432683229896,2.676462507247922,1.448541426658626,4.38014593124389,0.5371949315071085,-2.813299465179438,0.5534040510654459,-0.743965446949004,0.0,0.0,0.0,0.07826466858386993,-0.47973397374153137,0.2279820740222931,0.8436552286148071,0.07826466858386993,-0.47973397374153137,0.2279820740222931,0.8436552286148071,0.11873902380466461,-0.8616623282432556,0.2691836953163147,0.4134962558746338,0.11087803542613983,-0.8666658401489258,0.2527048587799072,0.4156157970428467,0.3477866053581238,-0.8015223741531372,0.1270233690738678,0.4695437550544739,0.2578919529914856,-0.517469584941864,0.26563259959220886,0.7714637517929077,0.2432563602924347,-0.47525662183761597,0.27914923429489136,0.7981436252593994,0.1518143266439438,-0.503655195236206,0.22388297319412231,0.8204634189605713,0.1518143266439438,-0.503655195236206,0.22388297319412231,0.8204634189605713,0.28334522247314453,-0.8813266754150391,-0.01771947555243969,0.37771010398864746,0.31996482610702515,-0.8786213397979736,0.07119408249855042,0.34724417328834534,0.21615135669708252,-0.909748911857605,0.1108919084072113,0.336658239364624,0.081369549036026,-0.4315904378890991,0.2289048284292221,0.8687412738800049,0.06283058226108551,-0.36088380217552185,0.23467157781124115,0.9004135727882385,0.1646803617477417,-0.33189648389816284,0.2741374671459198,0.8874534964561462,0.1646803617477417,-0.33189648389816284,0.2741374671459198,0.8874534964561462,0.07826466858386993,-0.47973397374153137,0.2279820740222931,0.8436552286148071,0.05740984529256821,-0.41142523288726807,0.23780092597007751,0.8780000805854797,0.4079110622406006,-0.28000232577323914,0.38388195633888245,0.7796422243118286,0.4516359567642212,-0.18033359944820404,0.22091573476791382,0.8453999757766724,0.5045661926269531,-0.5822395086288452,-0.07662457227706909,0.6328814625740051,0.5652734637260437,-0.534536600112915,-0.11712059378623962,0.6172676086425781,0.5652734637260437,-0.534536600112915,-0.11712059378623962,0.6172676086425781,0.09052275121212006,-0.5319942235946655,0.22622254490852356,0.8109323978424072,-0.18383142352104187,-0.5769346952438354,0.03677843511104584,0.7949841022491455,-0.2943999469280243,-0.5193225145339966,0.19050233066082,0.7793213725090027,-0.1682787388563156,-0.8416329622268677,0.34177878499031067,0.3827838897705078,-0.20146968960762024,-0.837002158164978,0.34812527894973755,0.37100714445114136,-0.20146968960762024,-0.837002158164978,0.34812527894973755,0.37100714445114136,0.07826466858386993,-0.47973397374153137,0.2279820740222931,0.8436552286148071
-0.7111117243766785,-0.33029279112815857,0.10152930021286001,0.09813284873962402,-0.5090224146842957,0.22717304527759552,0.8244141340255737,-1.0854939222335807,-0.023374993354082156,-0.5455431938171386,0.8872054815292353,0.12487155944108987,-0.2388769686222078,-1.3383148908615106,0.19772092998027796,0.23996488749980943,1.5068761110305782,0.16382744908332825,0.22844928503036505,0.0,0.18700760602951086,0.8203369975090027,-0.39349621534347506,-1.0616964101791377,-0.16130238771438563,-0.059831522405146824,-0.672503650188446,0.3575465679168697,-1.09551203250885,0.060623448342084704,0.0,0.005468129646033379,-0.03861039504408805,-0.41591605544090265,2.5340008735656734,-2.9354960918426474,1.0946227312088015,4.375859260559079,0.7361675500869687,0.9363161921501124,-0.6431042551994445,0.8664475679397596,-0.65927129983902,3.8947210311889586,-0.20888148248195695,0.4011752903461479,-0.1842033714056166,0.20206107199191928,0.04127964004874391,0.0,1.3626478910446187,-0.6526457667350718,1.0328435897827157,2.2082948684692347,0.7947116494178824,3.298454523086548,0.21592317521571985,-2.010099172592162,0.6975781321525544,-0.5773802399635332,0.0,0.0,0.0,0.09813284873962402,-0.5090224146842957,0.22717304527759552,0.8244141340255737,0.09813284873962402,-0.5090224146842957,0.22717304527759552,0.8244141340255737,0.12932030856609344,-0.8602834343910217,0.25577467679977417,0.42162543535232544,0.1243838369846344,-0.8632139563560486,0.245702862739563,0.4231080412864685,0.3523363173007965,-0.7977899312973022,0.12263273447751999,0.47365760803222656,0.26560062170028687,-0.5172807574272156,0.2619847059249878,0.7702212929725647,0.24873650074005127,-0.4682147204875946,0.2780464291572571,0.8009964823722839,0.1515219509601593,-0.4980095624923706,0.22027556598186493,0.8249280452728271,0.1515219509601593,-0.4980095624923706,0.22027556598186493,0.8249280452728271,0.29481393098831177,-0.8774727582931519,-0.012979412451386452,0.3780975639820099,0.33069249987602234,-0.8744693994522095,0.07369008660316467,0.3471534550189972,0.2236456274986267,-0.9077647924423218,0.11471277475357056,0.33583736419677734,0.08463315665721893,-0.4323069155216217,0.23667196929454803,0.8659875988960266,0.06498436629772186,-0.3600003719329834,0.24280326068401337,0.8984560966491699,0.16696369647979736,-0.3299805819988251,0.28225257992744446,0.8851946592330933,0.16696369647979736,-0.3299805819988251,0.28225257992744446,0.8851946592330933,0.09813284873962402,-0.5090224146842957,0.22717304527759552,0.8244141340255737,0.0735512226819992,-0.4305524230003357,0.24015824496746063,0.866913378238678,0.41314414143562317,-0.2990732491016388,0.39192676544189453,0.7656764984130859,0.4587097465991974,-0.2033008486032486,0.24005764722824097,0.8310393691062927,0.5221913456916809,-0.5809626579284668,-0.05145227909088135,0.6222147941589355,0.5771377682685852,-0.5358554124832153,-0.08748647570610046,0.610014021396637,0.5771377682685852,-0.5358554124832153,-0.08748647570610046,0.610014021396637,0.10391455143690109,-0.5335895419120789,0.22569027543067932,0.8084231019020081,-0.1686449944972992,-0.5781742334365845,0.03699268400669098,0.797436535358429,-0.2689798176288605,-0.5301260352134705,0.17604246735572815,0.7846179008483887,-0.15657788515090942,-0.8518202900886536,0.3149915039539337,0.38815706968307495,-0.18478667736053467,-0.8481259346008301,0.320474237203598,0.3792528212070465,-0.18478667736053467,-0.8481259346008301,0.320474237203598,0.3792528212070465,0.09813284873962402,-0.5090224146842957,0.22717304527759552,0.8244141340255737
-0.7100105881690979,-0.3301251709461212,0.09336993098258974,0.11911650747060776,-0.5326191186904907,0.22602227330207825,0.8068718910217285,-1.0065195322036744,-0.027838964760303488,-0.5373941421508789,0.8380119085311891,0.14620369970798489,-0.2526307821273803,-1.2786767959594727,0.1920932620763779,0.2547827780246734,1.4578820943832398,0.16424657106399537,0.2341323047876358,0.0,0.22056432962417594,0.8226493120193481,-0.3702107608318329,-1.0286476612091064,-0.1298673629760743,0.006056378781795352,-0.672036874294281,0.3196829497814179,-1.0906522274017334,0.044082567095756565,0.0,0.03522133557125919,-0.010415552556514805,-0.41114748120307926,2.511946105957031,-2.584686756134034,1.1221153736114502,4.119575262069703,0.1605479001998914,0.6189979910850532,-1.7330487132072425,0.9865432262420651,-0.6763228893280029,3.347031116485597,-0.2523826301097869,0.6050068140029903,-1.5435016959905594,0.09339808821678186,0.1870024465024468,0.0,1.5517607927322383,-0.19168887138366802,1.1117010354995727,1.8747803449630744,1.2609353303909292,3.2960187911987306,0.10037254691123988,-1.9399481773376466,0.4248254060745245,-0.7271785020828244,0.0,0.0,0.0,0.11911650747060776,-0.5326191186904907,0.22602227330207825,0.8068718910217285,0.11911650747060776,-0.5326191186904907,0.22602227330207825,0.8068718910217285,0.14347681403160095,-0.8572108745574951,0.24358318746089935,0.4304313659667969,0.1374594271183014,-0.8605064153671265,0.23163478076457977,0.4324107766151428,0.3609679341316223,-0.7931265830993652,0.1085367500782013,0.47840601205825806,0.28543010354042053,-0.5299138426780701,0.24578523635864258,0.7598095536231995,0.26677557826042175,-0.47299131751060486,0.2660771608352661,0.7964377403259277,0.16431978344917297,-0.5026659369468689,0.2043473720550537,0.8237525224685669,0.16431978344917297,-0.5026659369468689,0.2043473720550537,0.8237525224685669,0.30807390809059143,-0.8741118907928467,-0.011633181944489479,0.37534448504447937,0.3426523208618164,-0.8711893558502197,0.07225261628627777,0.3440902829170227,0.2291891872882843,-0.9076704978942871,0.11536186933517456,0.3321121335029602,0.09418158233165741,-0.4557819366455078,0.23865920305252075,0.8523113131523132,0.07428604364395142,-0.3843300938606262,0.2455810010433197,0.8868269920349121,0.1773349791765213,-0.35300832986831665,0.2888367474079132,0.872072696685791,0.1773349791765213,-0.35300832986831665,0.2888367474079132,0.872072696685791,0.11911650747060776,-0.5326191186904907,0.22602227330207825,0.8068718910217285,0.0898248702287674,-0.441599041223526,0.24343928694725037,0.8588708639144897,0.4257233738899231,-0.30743080377578735,0.3997071385383606,0.7513188123703003,0.47030383348464966,-0.21541491150856018,0.25971120595932007,0.8154513835906982,0.5423671007156372,-0.5739172697067261,-0.030069690197706223,0.6128237247467041,0.5862489342689514,-0.5365484952926636,-0.05866067111492157,0.604141354560852,0.5862489342689514,-0.5365484952926636,-0.05866067111492157,0.604141354560852,0.11850996315479279,-0.5301375389099121,0.2265479862689972,0.8084465265274048,-0.15468701720237732,-0.5751901865005493,0.03907519951462746,0.8023099899291992,-0.2444990873336792,-0.5351311564445496,0.164421945810318,0.791719913482666,-0.14243024587631226,-0.8596277236938477,0.29219716787338257,0.394176185131073,-0.16310349106788635,-0.8572528958320618,0.2963326573371887,0.3882032632827759,-0.16310349106788635,-0.8572528958320618,0.2963326573371887,0.3882032632827759,0.11911650747060776,-0.5326191186904907,0.22602227330207825,0.8068718910217285
-0.7080360889434815,-0.32965561747550964,0.08613804727792741,0.13909965753555298,-0.5544642210006714,0.227034330368042,0.788464367389679,-0.9352757811546327,-0.032361793518066395,-0.5268116354942323,0.8155859470367431,0.16469526290893552,-0.26179999113082886,-1.2199157238006593,0.18404735624790194,0.2698259711265564,1.4314560174942017,0.16659620106220244,0.23826827108860016,0.0,0.2485199093818664,0.8216683506965637,-0.3493880927562714,-0.9866921305656434,-0.10235329866409307,0.06589855328202238,-0.6706696033477784,0.2790471702814103,-1.077235746383667,0.026481328904628797,0.0,0.08125769421458226,0.01743900701403612,-0.3801438689231874,2.3603753566741954,-2.3252978801727298,1.2357330799102777,3.7168001174926775,-0.22496428191661832,0.4804561972618098,-1.6566501140594536,0.9813896775245672,-0.5501524925231942,2.9555938243865967,-0.35393052101135203,0.747653567790985,-1.7726624488830613,0.07887133173644503,0.23773938417434723,0.0,1.509801757335664,0.016817449033261003,1.0903890728950505,1.9196407794952375,1.4541223168373116,3.1130232810974134,0.050353641435503776,-1.9763456821441645,0.4996904939413053,-0.8588547229766843,0.0,0.0,0.0,0.13909965753555298,-0.5544642210006714,0.227034330368042,0.788464367389679,0.13909965753555298,-0.5544642210006714,0.227034330368042,0.788464367389679,0.15836714208126068,-0.8544315695762634,0.23428134620189667,0.43586570024490356,0.1512940227985382,-0.8581026792526245,0.2204265147447586,0.4383857846260071,0.369498074054718,-0.7891209125518799,0.09866968542337418,0.480649471282959,0.3000480532646179,-0.5338078737258911,0.2371695637702942,0.7541689872741699,0.2795129716396332,-0.4699717164039612,0.261067658662796,0.7955142259597778,0.17328597605228424,-0.5000272393226624,0.1974903792142868,0.8251922130584717,0.17328597605228424,-0.5000272393226624,0.1974903792142868,0.8251922130584717,0.3217487335205078,-0.8701976537704468,-0.0075948815792799,0.3730631470680237,0.35466253757476807,-0.8672045469284058,0.07241644710302353,0.3419454097747803,0.23480013012886047,-0.9070367813110352,0.11774438619613647,0.3290736973285675,0.09988972544670105,-0.46854621171951294,0.2429215908050537,0.8434901237487793,0.0793205127120018,-0.39674487709999084,0.2503899037837982,0.8795492649078369,0.18329572677612305,-0.36417168378829956,0.295766681432724,0.8638888597488403,0.18329572677612305,-0.36417168378829956,0.295766681432724,0.8638888597488403,0.13909965753555298,-0.5544642210006714,0.227034330368042,0.788464367389679,0.10558304935693741,-0.45375731587409973,0.2486589103937149,0.8491910099983215,0.43596094846725464,-0.31670746207237244,0.40916013717651367,0.736357569694519,0.4797973036766052,-0.22826561331748962,0.27993184328079224,0.7995796799659729,0.5603827238082886,-0.5652905106544495,-0.0041058845818042755,0.6053106188774109,0.5945582389831543,-0.5348244905471802,-0.026294628158211708,0.5998097658157349,0.5945582389831543,-0.5348244905471802,-0.026294628158211708,0.5998097658157349,0.1326090395450592,-0.52796870470047,0.22998429834842682,0.8067039251327515,-0.14025352895259857,-0.5742461085319519,0.04343031346797943,0.80540931224823,-0.21891900897026062,-0.5420275926589966,0.15358048677444458,0.7966766357421875,-0.12771207094192505,-0.8662666082382202,0.2689242362976074,0.40118783712387085,-0.14022986590862274,-0.8650211691856384,0.2714950442314148,0.39795011281967163,-0.14022986590862274,-0.8650211691856384,0.2714950442314148,0.39795011281967163,0.13909965753555298,-0.5544642210006714,0.227034330368042,0.788464367389679
-0.7043148636817932,-0.32858219742774963,0.08076113462448119,0.1572326421737671,-0.5735563635826111,0.23269939422607422,0.7695205211639404,-0.8794933080673216,-0.037002336978912365,-0.5113622188568114,0.8466952085494995,0.17750567197799685,-0.26179999113082886,-1.1629086971282958,0.17116497457027433,0.28531976938247683,1.450165820121765,0.17280684709548952,0.2393101304769516,0.0,0.26527320146560673,0.8141008377075195,-0.33349099755287165,-0.9269230365753173,-0.0826811552047729,0.11364928558468829,-0.6675013422966003,0.23286706805229176,-1.0467059135437011,0.006759376823902086,0.0,0.15986035689711586,0.04461300075054175,-0.2966701805591581,1.9497726440429677,-2.2487499237060544,1.5216009140014655,3.021042680740355,-0.23026143908500674,0.6994671285152441,0.7524347782135061,0.7257377147674555,-0.13753812313079739,2.876661777496338,-0.5715718984603887,0.7679307818412782,0.2584519863128705,0.2526170354336504,0.09850457310676544,0.0,1.0056988477706899,-0.2795773580670364,0.8687382936477657,2.7212511301040667,1.1012359142303458,2.5689082145690905,0.13139818720519558,-2.2258401870727544,1.2697912544012087,-0.954286861419678,0.0,0.0,0.0,0.1572326421737671,-0.5735563635826111,0.23269939422607422,0.7695205211639404,0.1572326421737671,-0.5735563635826111,0.23269939422607422,0.7695205211639404,0.17479735612869263,-0.8526993989944458,0.23089227080345154,0.43478575348854065,0.16672386229038239,-0.8568171262741089,0.21507850289344788,0.4379598796367645,0.37799447774887085,-0.7868055701255798,0.09731315076351166,0.478108286857605,0.304627001285553,-0.5209459066390991,0.2440616637468338,0.7591123580932617,0.2817853093147278,-0.45161718130111694,0.2701234817504883,0.802291989326477,0.17465423047542572,-0.48301175236701965,0.2088645100593567,0.8322085738182068,0.17465423047542572,-0.48301175236701965,0.2088645100593567,0.8322085738182068,0.33628302812576294,-0.8652742505073547,0.0018248963169753551,0.3717673122882843,0.3668230175971985,-0.8619424104690552,0.07579372078180313,0.34168919920921326,0.24055160582065582,-0.9053487181663513,0.1235966831445694,0.32741793990135193,0.09803634881973267,-0.4604697823524475,0.2520400881767273,0.8454774618148804,0.07590924203395844,-0.3857939541339874,0.25955963134765625,0.8820599913597107,0.18065854907035828,-0.3520503342151642,0.3037533164024353,0.8666931986808777,0.18065854907035828,-0.3520503342151642,0.3037533164024353,0.8666931986808777,0.1572326421737671,-0.5735563635826111,0.23269939422607422,0.7695205211639404,0.12032930552959442,-0.4682733118534088,0.25783059000968933,0.8365192413330078,0.441696435213089,-0.3279520273208618,0.4221281409263611,0.7205274105072021,0.48549503087997437,-0.2427671104669571,0.30149638652801514,0.7838742733001709,0.5743914842605591,-0.5538730621337891,0.03096228651702404,0.6019471287727356,0.6015379428863525,-0.5285320281982422,0.013073183596134186,0.5988613367080688,0.6015379428863525,-0.5285320281982422,0.013073183596134186,0.5988613367080688,0.1457347273826599,-0.5284698009490967,0.23862087726593018,0.8015866875648499,-0.12489970028400421,-0.577479362487793,0.05233578011393547,0.8050954937934875,-0.19133669137954712,-0.5530766844749451,0.1444229632616043,0.7978963851928711,-0.11197160184383392,-0.8711979985237122,0.2449314296245575,0.4104694426059723,-0.11517899483442307,-0.8709588050842285,0.2456112802028656,0.4096823036670685,-0.11517899483442307,-0.8709588050842285,0.2456112802028656,0.4096823036670685,0.1572326421737671,-0.5735563635826111,0.23269939422607422,0.7695205211639404
-0.7018814563751221,-0.32765528559684753,0.0761474534869194,0.17140649259090424,-0.5889956951141357,0.23509301245212555,0.7539464235305786,-0.8295251011848449,-0.05135429501533512,-0.5049460768699646,0.8773244380950929,0.1869415879249573,-0.26179999113082886,-1.1100609779357908,0.16274626553058624,0.2989272236824036,1.4435302019119263,0.17313617765903472,0.24405327737331392,0.0,0.2821830153465271,0.8140558123588562,-0.3177479088306427,-0.8759671330451965,-0.06004225313663478,0.16326358318328868,-0.6699069499969482,0.19743403494358056,-1.0255886077880858,-0.00706720382731876,0.0,0.14742671251296985,0.04927575215697287,-0.24594867229461662,1.6606208324432368,-1.9619262695312492,1.317363452911376,2.61469554901123,-0.5233695834875116,0.5014725565910331,1.5410619974136353,0.5392856121063229,0.0,2.7255718708038326,-0.5102088570594783,0.7180995345115659,0.17512749433517205,0.13409281969070375,0.16313157901167907,0.0,0.8423601984977722,-0.15270101428031846,0.7902345061302185,2.7240588665008536,1.072609889507294,2.443443584442139,-0.00880302488803919,-1.9865929603576649,1.2441157341003408,-0.8092364311218256,0.0,0.0,0.0,0.17140649259090424,-0.5889956951141357,0.23509301245212555,0.7539464235305786,0.17140649259090424,-0.5889956951141357,0.23509301245212555,0.7539464235305786,0.18700796365737915,-0.8503632545471191,0.22722968459129333,0.43620765209198,0.17572659254074097,-0.8558859825134277,0.20533794164657593,0.4409257769584656,0.3839540481567383,-0.7848538160324097,0.08868559449911118,0.47824525833129883,0.3100166320800781,-0.5073984265327454,0.24345335364341736,0.766268253326416,0.28595948219299316,-0.43365979194641113,0.27135032415390015,0.810268759727478,0.17775151133537292,-0.4653681516647339,0.21242475509643555,0.8406620621681213,0.17775151133537292,-0.4653681516647339,0.21242475509643555,0.8406620621681213,0.34559905529022217,-0.8610260486602783,0.009845037013292313,0.372959166765213,0.3747607171535492,-0.8573769330978394,0.07980738580226898,0.3436421751976013,0.24292083084583282,-0.9036295413970947,0.1300957202911377,0.3278995752334595,0.09642431139945984,-0.4616439938545227,0.2581753134727478,0.8431681990623474,0.07374569773674011,-0.38701358437538147,0.265548437833786,0.879923939704895,0.18029546737670898,-0.3517996072769165,0.31069663166999817,0.8644063472747803,0.18029546737670898,-0.3517996072769165,0.31069663166999817,0.8644063472747803,0.17140649259090424,-0.5889956951141357,0.23509301245212555,0.7539464235305786,0.131473109126091,-0.4788556694984436,0.2635016143321991,0.8270302414894104,0.4481293857097626,-0.3354130983352661,0.4315565824508667,0.7074158191680908,0.49116551876068115,-0.2534538805484772,0.3188398480415344,0.7699733376502991,0.585408091545105,-0.54294353723526,0.06020995229482651,0.5990695357322693,0.604874849319458,-0.5241800546646118,0.04724327102303505,0.5976033806800842,0.604874849319458,-0.5241800546646118,0.04724327102303505,0.5976033806800842,0.15464816987514496,-0.5248130559921265,0.2445300966501236,0.8005375862121582,-0.11710691452026367,-0.5760317444801331,0.05842700973153114,0.8068827390670776,-0.17358511686325073,-0.5566623210906982,0.136755108833313,0.8008079528808594,-0.10244977474212646,-0.8719983100891113,0.2281300127506256,0.4208083748817444,-0.09907892346382141,-0.8722894191741943,0.22733166813850403,0.4214438199996948,-0.09907892346382141,-0.8722894191741943,0.22733166813850403,0.4214438199996948,0.17140649259090424,-0.5889956951141357,0.23509301245212555,0.7539464235305786
-0.7000919580459595,-0.3268016278743744,0.0719153881072998,0.18358026444911957,-0.6025550365447998,0.23583126068115234,0.7400062680244446,-0.7824640274047852,-0.0705619603395462,-0.5030465722084045,0.9077136516571045,0.1946902573108673,-0.26179999113082886,-1.0592929124832153,0.15655939280986786,0.3115915060043335,1.4242218732833862,0.17052485048770905,0.25064706802368164,0.0,0.2991710901260376,0.8177720308303833,-0.302081823348999,-0.8294178247451782,-0.03591997176408768,0.21380966901779175,-0.6750994920730591,0.16737453639507294,-1.009177565574646,-0.017946098305401392,0.0,0.08947490900754929,0.04268288239836693,-0.21160325407981873,1.432194471359253,-1.5699647665023804,0.8680733442306519,2.353053569793701,-0.9603832215070724,0.09497523307800293,1.5194605588912964,0.3874334394931793,0.0,2.538403034210205,-0.3093436062335968,0.6332140564918518,-0.9654163718223572,-0.13056635856628418,0.32968949899077415,0.0,0.8494036793708801,0.1858108937740326,0.7833042144775391,2.327465295791626,1.2061140537261963,2.527304172515869,-0.2596271187067032,-1.5029748678207397,0.8205520510673524,-0.5439447164535522,0.0,0.0,0.0,0.18358026444911957,-0.6025550365447998,0.23583126068115234,0.7400062680244446,0.18358026444911957,-0.6025550365447998,0.23583126068115234,0.7400062680244446,0.19710460305213928,-0.8477140069007874,0.22342774271965027,0.43887442350387573,0.18150122463703156,-0.8550676107406616,0.1933867186307907,0.44555389881134033,0.38859906792640686,-0.7829904556274414,0.07641241699457169,0.47966429591178894,0.31575649976730347,-0.4934210181236267,0.23905214667320251,0.7743949890136719,0.2910277843475342,-0.4158204197883606,0.2686092257499695,0.8186850547790527,0.181677907705307,-0.44732365012168884,0.2120356559753418,0.8496679067611694,0.181677907705307,-0.44732365012168884,0.2120356559753418,0.8496679067611694,0.35230758786201477,-0.8571236729621887,0.017164267599582672,0.37539806962013245,0.3805847764015198,-0.8531566858291626,0.08413858711719513,0.346698135137558,0.24359412491321564,-0.9018775224685669,0.136915385723114,0.3294435739517212,0.09493185579776764,-0.46743765473365784,0.2628152668476105,0.8387002348899841,0.07220587134361267,-0.3943166136741638,0.2699448764324188,0.875460147857666,0.18106837570667267,-0.3574821352958679,0.3171156644821167,0.85956871509552,0.18106837570667267,-0.3574821352958679,0.3171156644821167,0.85956871509552,0.18358026444911957,-0.6025550365447998,0.23583126068115234,0.7400062680244446,0.14081555604934692,-0.4874798655509949,0.26742708683013916,0.8191563487052917,0.4548935890197754,-0.3409684896469116,0.4391974210739136,0.6956421136856079,0.49676764011383057,-0.2622014284133911,0.33403101563453674,0.7568987011909485,0.5947853326797485,-0.5321407318115234,0.08651190996170044,0.59629887342453,0.6062082648277283,-0.5206466317176819,0.078774094581604,0.5960144996643066,0.6062082648277283,-0.5206466317176819,0.078774094581604,0.5960144996643066,0.1614554077386856,-0.5190813541412354,0.24907660484313965,0.80152827501297,-0.11310269683599472,-0.5722772479057312,0.06311361491680145,0.8097673654556274,-0.1607801616191864,-0.5565887093544006,0.12985366582870483,0.8046718239784241,-0.09604482352733612,-0.8707608580589294,0.2149389237165451,0.43168526887893677,-0.08747401088476181,-0.8713913559913635,0.21288636326789856,0.4332491159439087,-0.08747401088476181,-0.8713913559913635,0.21288636326789856,0.4332491159439087,0.18358026444911957,-0.6025550365447998,0.23583126068115234,0.7400062680244446
-0.6990741133689881,-0.326030296087265,0.0799629852175713,0.19414931535720825,-0.613106369972229,0.2352369725704193,0.728745698928833,-0.7335761904716489,-0.08044569045305257,-0.504408597946167,0.9189933776855469,0.18600718677043912,-0.26179999113082886,-1.0229519844055175,0.1437904775142669,0.3118181526660919,1.44900963306427,0.18456633090972907,0.25591533780097964,0.0,0.30963302850723273,0.8157983541488647,-0.2943348169326782,-0.7810781955718992,-0.0021652385592459134,0.25120025277137775,-0.6691532135009766,0.15453517735004418,-0.9767307400703429,-0.035880380123853764,0.0,0.0663253016769885,0.04021310433745383,0.15678660273552103,1.337010812759399,-1.3475201606750478,0.746086728572845,2.4078564643859868,-0.6806651890277851,-0.0028706863522534043,0.9461760044097874,-0.10551874041557535,0.0,2.105588984489439,-0.5068048834800729,0.2600850224494917,0.3574661374092163,0.3690178513526939,0.2899238944053648,0.0,0.6536196231842032,0.01511407196521683,0.5457318603992452,2.3811748504638675,1.495087599754335,2.1326391458511336,0.07453751564026029,-0.9863706827163673,1.3016255140304587,-0.7556063055992136,0.0,0.0,0.0,0.19414931535720825,-0.613106369972229,0.2352369725704193,0.728745698928833,0.19414931535720825,-0.613106369972229,0.2352369725704193,0.728745698928833,0.20587314665317535,-0.8427488803863525,0.22011515498161316,0.44602662324905396,0.18774597346782684,-0.850906252861023,0.18606501817703247,0.453971266746521,0.39414042234420776,-0.7771391868591309,0.06689269840717316,0.48603853583335876,0.32361912727355957,-0.48096954822540283,0.2347920835018158,0.7802637815475464,0.30039721727371216,-0.4064304828643799,0.2638009190559387,0.8215745687484741,0.1905900239944458,-0.4373864531517029,0.20849411189556122,0.8537557125091553,0.1905900239944458,-0.4373864531517029,0.20849411189556122,0.8537557125091553,0.3581557273864746,-0.854617714881897,0.021089693531394005,0.3753775954246521,0.38418784737586975,-0.8508905172348022,0.08243519067764282,0.348696768283844,0.24740323424339294,-0.9002258777618408,0.13558045029640198,0.3316669464111328,0.09539325535297394,-0.45429864525794983,0.26553115248680115,0.8449888229370117,0.07050997763872147,-0.37449946999549866,0.27321097254753113,0.8832520246505737,0.18265938758850098,-0.3365752398967743,0.31873399019241333,0.8670417070388794,0.18265938758850098,-0.3365752398967743,0.31873399019241333,0.8670417070388794,0.19414931535720825,-0.613106369972229,0.2352369725704193,0.728745698928833,0.14967459440231323,-0.49550920724868774,0.26937583088874817,0.8120990991592407,0.4595440626144409,-0.3480009436607361,0.4438283145427704,0.6860984563827515,0.5014151930809021,-0.2706872522830963,0.34283900260925293,0.7468417882919312,0.5994517207145691,-0.5225851535797119,0.10848750174045563,0.5964838862419128,0.6002582907676697,-0.5219917297363281,0.10804164409637451,0.5962730646133423,0.6002582907676697,-0.5219917297363281,0.10804164409637451,0.5962730646133423,0.16799667477607727,-0.5156461000442505,0.25201141834259033,0.8014839887619019,-0.10449899733066559,-0.5698069334030151,0.06871137022972107,0.8122060894966125,-0.14842361211776733,-0.5560832023620605,0.13056033849716187,0.8072769045829773,-0.08729606866836548,-0.8648545742034912,0.2079908847808838,0.44849276542663574,-0.07022332400083542,-0.8659677505493164,0.2034521996974945,0.4514153301715851,-0.07022332400083542,-0.8659677505493164,0.2034521996974945,0.4514153301715851,0.19414931535720825,-0.613106369972229,0.2352369725704193,0.728745698928833
-0.6981736540794372,-0.32523175477981564,0.08425341397523878,0.2040615677833557,-0.6223141551017761,0.23404046893119812,0.7185465693473816,-0.6906909465789793,-0.09094205796718605,-0.5051551222801208,0.9314056158065797,0.18067194521427155,-0.26179999113082886,-0.9904823899269103,0.1304114043712615,0.3110860228538513,1.457237935066223,0.18956048488616933,0.25610333979129785,0.0,0.3162882447242737,0.8143597602844238,-0.2921285033226014,-0.7365097165107725,0.02822860963642613,0.2445355564355844,-0.6620292305946349,0.15027658045291908,-0.9425199508666989,-0.05409942567348493,0.0,0.04737066924571984,0.03938287124037744,0.2896647989749886,1.2356230258941643,-1.1034238934516887,0.6154423117637624,2.264313936233517,-0.5125656127929691,-0.04963624477386437,0.5979616522789009,-0.3337186336517314,0.0,1.7009062767028786,-0.6567504644393924,-0.01743096206337271,0.7426041841506859,0.4306542277336066,0.11100546121596985,0.0,0.40889525413512956,-0.08263134360313383,0.2211295187473264,2.303846740722654,1.5869100093841533,0.5478708028793071,0.3326450288295753,-0.384545063972468,1.675260066986085,-0.9052569389343263,0.0,0.0,0.0,0.2040615677833557,-0.6223141551017761,0.23404046893119812,0.7185465693473816,0.2040615677833557,-0.6223141551017761,0.23404046893119812,0.7185465693473816,0.2140466570854187,-0.83839350938797,0.21649909019470215,0.45211583375930786,0.19326314330101013,-0.8473585844039917,0.17817422747612,0.4613964855670929,0.3988865613937378,-0.7721762657165527,0.057218071073293686,0.4912835657596588,0.3307376801967621,-0.4693278670310974,0.23026898503303528,0.7856972813606262,0.30861780047416687,-0.3965335786342621,0.2591693699359894,0.8248318433761597,0.1983150839805603,-0.42696961760520935,0.20519398152828217,0.8580580353736877,0.1983150839805603,-0.42696961760520935,0.20519398152828217,0.8580580353736877,0.36352574825286865,-0.8522995114326477,0.023887572810053825,0.3753184974193573,0.3872072398662567,-0.8489270210266113,0.07937784492969513,0.3508455753326416,0.25101983547210693,-0.8986642360687256,0.13276973366737366,0.3343107998371124,0.09886820614337921,-0.4478963613510132,0.2661608159542084,0.8478044867515564,0.07323034107685089,-0.365653395652771,0.2743028998374939,0.8863931894302368,0.18583813309669495,-0.327623188495636,0.31871742010116577,0.8697968125343323,0.18583813309669495,-0.327623188495636,0.31871742010116577,0.8697968125343323,0.2040615677833557,-0.6223141551017761,0.23404046893119812,0.7185465693473816,0.15857630968093872,-0.5036286115646362,0.27029767632484436,0.8050782680511475,0.46444007754325867,-0.3554089367389679,0.44764530658721924,0.6764566898345947,0.5070345997810364,-0.27796098589897156,0.3488761782646179,0.7375223636627197,0.6039210557937622,-0.5132216215133667,0.12642382085323334,0.596573531627655,0.5951357483863831,-0.5224076509475708,0.13254091143608093,0.5961012244224548,0.5951357483863831,-0.5224076509475708,0.13254091143608093,0.5961012244224548,0.17882518470287323,-0.5286442041397095,0.25149497389793396,0.7907635569572449,-0.08793750405311584,-0.5817357301712036,0.06611636281013489,0.8059027194976807,-0.13168790936470032,-0.5697307586669922,0.12581804394721985,0.8013957142829895,-0.07729469984769821,-0.8671379685401917,0.19398753345012665,0.4521792232990265,-0.051412105560302734,-0.8685156106948853,0.1872844249010086,0.45602840185165405,-0.051412105560302734,-0.8685156106948853,0.1872844249010086,0.45602840185165405,0.2040615677833557,-0.6223141551017761,0.23404046893119812,0.7185465693473816
-0.6975079655647278,-0.3243787944316864,0.0810295060276985,0.21274718642234802,-0.6291143894195557,0.2317478507757187,0.7108071446418762,-0.6598108887672423,-0.10266370028257375,-0.5046706438064575,0.946082878112793,0.18203236162662506,-0.26179999113082886,-0.9657554626464843,0.1158120155334472,0.30843634009361265,1.4323473215103149,0.17645998597145074,0.24613080620765682,0.0,0.3153300166130066,0.8139913320541382,-0.30100357532501226,-0.69948353767395,0.0519006822258235,0.14976029992103534,-0.6525498390197754,0.1631795078516007,-0.9047812342643736,-0.07288799807429322,0.0,0.036805986613035156,0.041831728070974364,-0.048480325937272584,1.1218269824981684,-0.816024303436278,0.4674822926521295,1.7240805625915505,-0.5677029788494112,0.005758881568908941,0.6998877048492436,-0.03241404294967515,0.0,1.3524862527847274,-0.711664652824402,-0.10372084472328463,-0.7477468729019232,-0.3836050629615819,-0.3462186217308064,0.0,0.06629025936126559,-0.03447389453649499,-0.2775327980518363,1.9644433021545396,1.2844301462173449,-3.4171041727066216,0.438638418912888,0.3877234220504795,1.8340167999267585,-0.9308856606483461,0.0,0.0,0.0,0.21274718642234802,-0.6291143894195557,0.2317478507757187,0.7108071446418762,0.21274718642234802,-0.6291143894195557,0.2317478507757187,0.7108071446418762,0.22107264399528503,-0.8354357481002808,0.21232274174690247,0.4561724364757538,0.19736437499523163,-0.8452200293540955,0.16918596625328064,0.4669330418109894,0.4021369218826294,-0.7691780924797058,0.04725115746259689,0.49438685178756714,0.33647340536117554,-0.4594666063785553,0.2252981960773468,0.7905169129371643,0.3146052062511444,-0.38571396470069885,0.2549503445625305,0.8290046453475952,0.20370662212371826,-0.41569188237190247,0.2024233043193817,0.8629766702651978,0.20370662212371826,-0.41569188237190247,0.2024233043193817,0.8629766702651978,0.36796706914901733,-0.8504232168197632,0.02443191036581993,0.3752114176750183,0.38906365633010864,-0.8475791811943054,0.0736137181520462,0.35329878330230713,0.2542515993118286,-0.8972842693328857,0.12700781226158142,0.33779585361480713,0.10839369893074036,-0.4550834596157074,0.26268500089645386,0.8438877463340759,0.08482037484645844,-0.37895581126213074,0.27119436860084534,0.8807109594345093,0.192303866147995,-0.3427916467189789,0.3156278431415558,0.8636506199836731,0.192303866147995,-0.3427916467189789,0.3156278431415558,0.8636506199836731,0.21274718642234802,-0.6291143894195557,0.2317478507757187,0.7108071446418762,0.16759079694747925,-0.5120230913162231,0.26921817660331726,0.7982902526855469,0.4699065685272217,-0.36362746357917786,0.4499114751815796,0.6667402386665344,0.5147764682769775,-0.28290635347366333,0.34949374198913574,0.729947566986084,0.6085136532783508,-0.5046969056129456,0.1363704353570938,0.5969883799552917,0.5924698114395142,-0.521660566329956,0.14763833582401276,0.5958630442619324,0.5924698114395142,-0.521660566329956,0.14763833582401276,0.5958630442619324,0.19781093299388885,-0.5732836723327637,0.24350926280021667,0.7569146156311035,-0.05528522655367851,-0.621141254901886,0.04699898138642311,0.780332088470459,-0.10596710443496704,-0.6106070280075073,0.10995364189147949,0.7770715951919556,-0.06476360559463501,-0.8853914737701416,0.1658017337322235,0.42941534519195557,-0.02950114943087101,-0.8868016004562378,0.15763825178146362,0.4334312081336975,-0.02950114943087101,-0.8868016004562378,0.15763825178146362,0.4334312081336975,0.21274718642234802,-0.6291143894195557,0.2317478507757187,0.7108071446418762
-0.69693843126297,-0.32392474412918093,0.07908252328634262,0.21808885037899017,-0.6342394948005676,0.2317100465297699,0.7046189904212952,-0.6318967342376709,-0.10898665189743043,-0.5073178887367249,0.9485202550888061,0.17886535823345184,-0.26179999113082886,-0.9488551259040833,0.10737993717193603,0.30499480962753295,1.4276545763015747,0.1717816710472107,0.2380872756242752,0.0,0.3167120099067688,0.8149938344955444,-0.3135327219963074,-0.6697612166404724,0.06968698501586917,0.12787815630435947,-0.6420994639396668,0.18152095377445226,-0.874796152114868,-0.08347098231315614,0.0,0.030399798601865757,0.030680713802576025,-0.1228876322507857,0.8130570888519278,-0.6657664418220518,0.38745853900909416,1.4550256729125974,-0.42412137985229437,-0.0697277743369344,0.36666651964187497,-0.06780177354812666,0.0,1.0015485525131218,-0.544950091838836,-0.1562395632266999,-0.6385945558547954,-0.40235939025878825,-0.440756559371948,0.0,0.02229524031281495,0.022706507518887656,-0.5533757984638218,1.6321930885314935,1.0070305109024043,-2.55196924209594,0.5030990660190583,0.8083018898963934,1.6543266773223868,-0.6932609319686881,0.0,0.0,0.0,0.21808885037899017,-0.6342394948005676,0.2317100465297699,0.7046189904212952,0.21808885037899017,-0.6342394948005676,0.2317100465297699,0.7046189904212952,0.2258283793926239,-0.8318585753440857,0.211482435464859,0.46074730157852173,0.20039138197898865,-0.8421416282653809,0.16586440801620483,0.4723663032054901,0.40530890226364136,-0.7649080753326416,0.04201080650091171,0.49887436628341675,0.34138625860214233,-0.4526597261428833,0.22246427834033966,0.7931357622146606,0.3201484680175781,-0.3800126314163208,0.25205567479133606,0.8303994536399841,0.20902042090892792,-0.40966153144836426,0.20029759407043457,0.8650830984115601,0.20902042090892792,-0.40966153144836426,0.20029759407043457,0.8650830984115601,0.3712252080440521,-0.8493347764015198,0.02658240497112274,0.3743203580379486,0.3907776176929474,-0.8466835021972656,0.07212395966053009,0.35386157035827637,0.2576253116130829,-0.8962188363075256,0.12504181265830994,0.3388001322746277,0.11285622417926788,-0.45559537410736084,0.26319432258605957,0.8428672552108765,0.0898623839020729,-0.3816102147102356,0.27190515398979187,0.8788436651229858,0.19359886646270752,-0.34662002325057983,0.31530627608299255,0.8619489669799805,0.19359886646270752,-0.34662002325057983,0.31530627608299255,0.8619489669799805,0.21808885037899017,-0.6342394948005676,0.2317100465297699,0.7046189904212952,0.17260992527008057,-0.5175687074661255,0.2701125741004944,0.7933269739151001,0.4728792905807495,-0.3681377172470093,0.4531159996986389,0.6599589586257935,0.519995927810669,-0.2834535539150238,0.34937673807144165,0.726081371307373,0.6109185218811035,-0.49545571208000183,0.14419496059417725,0.6004250049591064,0.5895729660987854,-0.5182782411575317,0.15949872136116028,0.5986247658729553,0.5895729660987854,-0.5182782411575317,0.15949872136116028,0.5986247658729553,0.20539957284927368,-0.5871387720108032,0.2423277497291565,0.7445511817932129,-0.040048595517873764,-0.6336065530776978,0.04466719180345535,0.7713260650634766,-0.09745743870735168,-0.6230341196060181,0.11402811110019684,0.7676770687103271,-0.05764608830213547,-0.8864425420761108,0.16424015164375305,0.4288611114025116,-0.01728776842355728,-0.887643039226532,0.15472257137298584,0.43341898918151855,-0.01728776842355728,-0.887643039226532,0.15472257137298584,0.43341898918151855,0.21808885037899017,-0.6342394948005676,0.2317100465297699,0.7046189904212952
-0.696416974067688,-0.3236701488494873,0.07777400314807892,0.2217603623867035,-0.6385332942008972,0.2328021377325058,0.6992143988609314,-0.6054655313491821,-0.11261025816202164,-0.5115309953689575,0.9448376893997192,0.17343464493751526,-0.26179999113082886,-0.9358680844306946,0.10203151404857635,0.3011573553085327,1.4330607652664185,0.17131444811820984,0.23100824654102325,0.0,0.31926411390304565,0.8166818022727966,-0.3278889060020447,-0.643690824508667,0.08453040570020676,0.14244256913661957,-0.6311635971069336,0.20258165895938873,-0.8486878871917725,-0.08995117247104645,0.0,0.026072857901453972,0.012729763984680176,-0.06542600691318512,0.4068002700805664,-0.5840794444084167,0.34140291810035706,1.321560025215149,-0.18118029832839966,-0.21065531857311726,-0.1841282844543457,-0.2715356647968292,0.0,0.6493520140647888,-0.267421156167984,-0.191872701048851,0.2703094482421875,-0.023361146450042725,-0.35395142436027527,0.0,0.12760520353913307,0.08439838327467442,-0.7178091406822205,1.3035194873809814,0.7421709895133972,0.7282204627990723,0.5467933416366577,1.0530352592468262,1.3054131269454956,-0.3240094780921936,0.0,0.0,0.0,0.2217603623867035,-0.6385332942008972,0.2328021377325058,0.6992143988609314,0.2217603623867035,-0.6385332942008972,0.2328021377325058,0.6992143988609314,0.2294459342956543,-0.827961266040802,0.21230745315551758,0.4655751883983612,0.20288190245628357,-0.8385968804359436,0.1653771698474884,0.4777495563030243,0.4084354639053345,-0.759990930557251,0.03913344815373421,0.5040464401245117,0.3458922803401947,-0.4473872482776642,0.22070227563381195,0.7946657538414001,0.32547780871391296,-0.3768811821937561,0.2498302310705185,0.830427348613739,0.21430052816867828,-0.40626636147499084,0.1984999179840088,0.8658064007759094,0.21430052816867828,-0.40626636147499084,0.1984999179840088,0.8658064007759094,0.3738889694213867,-0.8486341238021851,0.02953575924038887,0.37303459644317627,0.39242494106292725,-0.8460238575935364,0.07277226448059082,0.35348331928253174,0.2610721290111542,-0.8953184485435486,0.12497494369745255,0.3385668694972992,0.11479155719280243,-0.45278847217559814,0.2657071650028229,0.8433298468589783,0.09163877367973328,-0.3789794147014618,0.27455368638038635,0.8789750933647156,0.1923278272151947,-0.3448125720024109,0.3164007067680359,0.8625571727752686,0.1923278272151947,-0.3448125720024109,0.3164007067680359,0.8625571727752686,0.2217603623867035,-0.6385332942008972,0.2328021377325058,0.6992143988609314,0.1756356954574585,-0.5217039585113525,0.27200138568878174,0.7892986536026001,0.4746154546737671,-0.3708016574382782,0.45679962635040283,0.6546605229377747,0.5239686369895935,-0.2818097472190857,0.34890246391296387,0.7240906357765198,0.6121847033500671,-0.4858211278915405,0.1509472280740738,0.6053285598754883,0.5865315198898315,-0.5135527849197388,0.1697312593460083,0.6028562188148499,0.5865315198898315,-0.5135527849197388,0.1697312593460083,0.6028562188148499,0.20751753449440002,-0.586264967918396,0.24483723938465118,0.7438310384750366,-0.033593058586120605,-0.6333028674125671,0.05078737810254097,0.771504819393158,-0.09765511006116867,-0.6217681765556335,0.1281726360321045,0.766446053981781,-0.0532604418694973,-0.8791817426681519,0.1760491281747818,0.43955597281455994,-0.009943590499460697,-0.8801500797271729,0.16524705290794373,0.44489362835884094,-0.009943590499460697,-0.8801500797271729,0.16524705290794373,0.44489362835884094,0.2217603623867035,-0.6385332942008972,0.2328021377325058,0.6992143988609314
-0.6960665345191955,-0.3234133720397949,0.07683653086423874,0.22527144849300385,-0.6387372016906738,0.23357918858528137,0.6976447701454163,-0.5911992907524108,-0.10906442254781722,-0.5072148203849792,0.9412003993988037,0.1674196034669876,-0.25751977562904355,-0.9345590233802795,0.09632720202207563,0.2986948728561401,1.440877652168274,0.16038635969161982,0.21820954084396357,0.0,0.3185343384742737,0.8197511792182922,-0.33926964402198795,-0.6291242480278014,0.08355187326669693,0.156356492638588,-0.6193730354309082,0.23786864876747146,-0.826741337776184,-0.08680982291698454,0.0,0.020942329615354516,0.01279520895332098,-0.054294569045305205,0.3039844065904613,-0.26362055540084695,0.32288891673088066,0.9566111922264083,0.03390293121337987,0.04522311389446376,-0.1827699989080429,-0.2890654921531678,0.12840645611286222,0.2990126371383651,-0.278097814321518,-0.1506235495209692,0.3426303684711459,-0.3371871095150723,-0.5255417227745064,0.0,0.029148817062377486,0.12584065198898334,-0.628545796871185,0.9584050536155686,0.2675124406814554,0.7087059020996093,0.5724341511726381,1.4798237085342425,1.1805617332458491,-0.035363304615019464,0.0,0.0,0.0,0.22527144849300385,-0.6387372016906738,0.23357918858528137,0.6976447701454163,0.22527144849300385,-0.6387372016906738,0.23357918858528137,0.6976447701454163,0.23306810855865479,-0.8243245482444763,0.21267735958099365,0.47003892064094543,0.20710799098014832,-0.8346922397613525,0.16742733120918274,0.4820406436920166,0.40991029143333435,-0.7560306787490845,0.041135549545288086,0.508624792098999,0.34670010209083557,-0.4432253837585449,0.22252383828163147,0.7961364984512329,0.3268813192844391,-0.37510567903518677,0.25072944164276123,0.830409049987793,0.21754801273345947,-0.40419483184814453,0.2004868984222412,0.8655082583427429,0.21754801273345947,-0.40419483184814453,0.2004868984222412,0.8655082583427429,0.37722307443618774,-0.8475514650344849,0.02918565645813942,0.37216588854789734,0.39470458030700684,-0.8451606631278992,0.06995902955532074,0.3535783290863037,0.26455727219581604,-0.8944823741912842,0.12179011106491089,0.3392316699028015,0.11847253888845444,-0.4484216570854187,0.2660715579986572,0.8450374007225037,0.09677869081497192,-0.3792869448661804,0.274690181016922,0.8782485723495483,0.1918361783027649,-0.3471151292324066,0.31434953212738037,0.8624932169914246,0.1918361783027649,-0.3471151292324066,0.31434953212738037,0.8624932169914246,0.22527144849300385,-0.6387372016906738,0.23357918858528137,0.6976447701454163,0.17908871173858643,-0.5224719643592834,0.27322596311569214,0.7875898480415344,0.4781043827533722,-0.37031641602516174,0.45879924297332764,0.6509878635406494,0.5287641286849976,-0.27753010392189026,0.3476097583770752,0.7228782773017883,0.6149547696113586,-0.4771478772163391,0.15301653742790222,0.6088894605636597,0.5899274945259094,-0.5047116875648499,0.17179730534553528,0.6064134836196899,0.5899274945259094,-0.5047116875648499,0.17179730534553528,0.6064134836196899,0.20950302481651306,-0.5813056230545044,0.24701768159866333,0.7464412450790405,-0.027936983853578568,-0.6289279460906982,0.05809289962053299,0.7747867107391357,-0.10261467099189758,-0.6154907941818237,0.14926062524318695,0.7670480012893677,-0.050655145198106766,-0.8687331080436707,0.1965331882238388,0.4517870545387268,-0.0091202761977911,-0.8694462776184082,0.1854892373085022,0.4577922224998474,-0.0091202761977911,-0.8694462776184082,0.1854892373085022,0.4577922224998474,0.22527144849300385,-0.6387372016906738,0.23357918858528137,0.6976447701454163
-0.695870316028595,-0.32318589091300964,0.07578727304935455,0.22867918014526367,-0.6393938660621643,0.23394684493541718,0.6958092451095581,-0.5745939850807189,-0.10346510708332056,-0.5000787079334258,0.9299512624740599,0.1600747644901275,-0.25147802829742427,-0.9311701893806457,0.0877388894557952,0.29558599591255186,1.4442167043685912,0.15115153491497035,0.20831374824047086,0.0,0.31427229046821586,0.8193045496940612,-0.35367158651351943,-0.6116775274276732,0.08326550126075745,0.16526096165180207,-0.6033523321151731,0.27334251999855064,-0.7918651342391964,-0.08938506394624719,0.0,0.012895345687866117,0.011959969252347928,-0.05022717714309699,0.2567999005317692,-0.0749517060816293,0.2870252221822734,0.7834839344024672,0.2388961583375943,0.30040684640407733,-0.41021986901760554,-0.34064596891403276,0.2668567150831233,0.12784623503685122,-0.37173559665680106,-0.14251594841480295,0.2565092742443058,-0.49560650587081806,-0.5528478622436506,0.0,-0.14245694503188344,0.04798865020274906,-0.6596730232238788,0.8147330760955828,-0.02816180661320645,0.5454124927520723,0.7164322614669825,1.7699558019638062,1.4852170467376786,-0.014430251717570869,0.0,0.0,0.0,0.22867918014526367,-0.6393938660621643,0.23394684493541718,0.6958092451095581,0.22867918014526367,-0.6393938660621643,0.23394684493541718,0.6958092451095581,0.23645102977752686,-0.8204023838043213,0.2128106653690338,0.4751235246658325,0.21158051490783691,-0.8303104043006897,0.17009393870830536,0.4867096543312073,0.41046780347824097,-0.7521370053291321,0.04438916966319084,0.513649582862854,0.34699440002441406,-0.4419620633125305,0.22374078631401062,0.7963696122169495,0.32799822092056274,-0.37687548995018005,0.25077149271965027,0.8291536569595337,0.22141790390014648,-0.40535372495651245,0.20154623687267303,0.8637369871139526,0.22141790390014648,-0.40535372495651245,0.20154623687267303,0.8637369871139526,0.3800837993621826,-0.8465014696121216,0.02903219871222973,0.37165650725364685,0.3960157632827759,-0.8444122076034546,0.0661308541893959,0.35463544726371765,0.2673541009426117,-0.8935246467590332,0.11762845516204834,0.3410266637802124,0.12287265062332153,-0.445107102394104,0.26497554779052734,0.8465047478675842,0.10251067578792572,-0.37992361187934875,0.27348873019218445,0.8776978254318237,0.1932082325220108,-0.34942561388015747,0.31150394678115845,0.8622861504554749,0.1932082325220108,-0.34942561388015747,0.31150394678115845,0.8622861504554749,0.22867918014526367,-0.6393938660621643,0.23394684493541718,0.6958092451095581,0.18304277956485748,-0.5250895619392395,0.27361172437667847,0.784801185131073,0.48048537969589233,-0.3726670742034912,0.4600987136363983,0.6469637155532837,0.533358097076416,-0.2753359079360962,0.3446570038795471,0.7217554450035095,0.6168056726455688,-0.469634473323822,0.15452182292938232,0.6124681830406189,0.5921428203582764,-0.49720942974090576,0.17344725131988525,0.6099720001220703,0.5921428203582764,-0.49720942974090576,0.17344725131988525,0.6099720001220703,0.21194162964820862,-0.578710675239563,0.24837905168533325,0.747316837310791,-0.019681405276060104,-0.6263874769210815,0.06522676348686218,0.7765287160873413,-0.10525555163621902,-0.6113163828849792,0.17002475261688232,0.7657057046890259,-0.04751550406217575,-0.8563615083694458,0.21539580821990967,0.4668959677219391,-0.005130574107170105,-0.8567906618118286,0.20312219858169556,0.4739460051059723,-0.005130574107170105,-0.8567906618118286,0.20312219858169556,0.4739460051059723,0.22867918014526367,-0.6393938660621643,0.23394684493541718,0.6958092451095581
-0.6959825396537781,-0.3230170011520386,0.07451444417238234,0.23188301920890808,-0.6409639120101929,0.23349875211715698,0.693450927734375,-0.5533105492591857,-0.09375883191823955,-0.48730272054672236,0.9034784317016601,0.15007033050060267,-0.24191321730613705,-0.9236218094825744,0.07338257580995552,0.29118432998657223,1.4386000871658324,0.14530323743820187,0.2042237818241119,0.0,0.30294569730758664,0.8118259072303772,-0.374115937948227,-0.5884705185890197,0.08436345010995866,0.16414652168750762,-0.5788713455200194,0.3091901540756227,-0.7311296224594114,-0.10339348614215857,0.0,-0.0009845495223999648,0.009323358349502075,-0.06028787717223172,0.32087816894054444,-0.1498629249632362,0.21646214127540558,0.9939998269081125,0.4237093359231957,0.5542011827230464,-1.0952860206365616,-0.4603277444839483,0.4253945797681815,0.3150257825851449,-0.6312956273555768,-0.20069144815206552,-0.14649584889412104,-0.3432127594947808,-0.29158568382263067,0.0,-0.4603614769876017,-0.268451896309854,-0.9315813899040234,1.0739460110664378,0.03413262739777592,0.09456162452697559,1.0971449732780472,1.7867751836776735,2.648885774612432,-0.5289233952760719,0.0,0.0,0.0,0.23188301920890808,-0.6409639120101929,0.23349875211715698,0.693450927734375,0.23188301920890808,-0.6409639120101929,0.23349875211715698,0.693450927734375,0.23936262726783752,-0.8159356117248535,0.21247738599777222,0.4814644455909729,0.21655134856700897,-0.8249974846839905,0.1739979088306427,0.4921475052833557,0.4091971516609192,-0.7483885884284973,0.05014621466398239,0.5195746421813965,0.34626907110214233,-0.44650518894195557,0.22375330328941345,0.7941445112228394,0.32852423191070557,-0.385715514421463,0.24908575415611267,0.8253797292709351,0.22652363777160645,-0.4129573106765747,0.20074237883090973,0.8589853048324585,0.22652363777160645,-0.4129573106765747,0.20074237883090973,0.8589853048324585,0.3820047676563263,-0.8455329537391663,0.029272574931383133,0.37187284231185913,0.3953876197338104,-0.8438884615898132,0.06027255952358246,0.357614666223526,0.2687744200229645,-0.8923247456550598,0.11151354014873505,0.3450823426246643,0.12871363759040833,-0.4439077377319336,0.26096513867378235,0.8475117683410645,0.10942664742469788,-0.38121920824050903,0.26961198449134827,0.8775004744529724,0.19830429553985596,-0.35174593329429626,0.3070642352104187,0.8617780804634094,0.19830429553985596,-0.35174593329429626,0.3070642352104187,0.8617780804634094,0.23188301920890808,-0.6409639120101929,0.23349875211715698,0.693450927734375,0.18799282610416412,-0.5313894152641296,0.27231088280677795,0.7798274159431458,0.4806467294692993,-0.380686491727829,0.459994375705719,0.6422317028045654,0.537566065788269,-0.2773219347000122,0.3383958339691162,0.7208353281021118,0.6169037818908691,-0.4645076394081116,0.15492038428783417,0.6161673069000244,0.592086911201477,-0.49246230721473694,0.17429128289222717,0.6136257648468018,0.592086911201477,-0.49246230721473694,0.17429128289222717,0.6136257648468018,0.21529728174209595,-0.5808748602867126,0.24811497330665588,0.7447620034217834,-0.006229746155440807,-0.6275410652160645,0.0720180943608284,0.775220513343811,-0.10331528633832932,-0.6116936802864075,0.19021524488925934,0.76090407371521,-0.04333562031388283,-0.8405932784080505,0.23109771311283112,0.48797407746315,0.0051832618191838264,-0.8406398296356201,0.2156042754650116,0.49680233001708984,0.0051832618191838264,-0.8406398296356201,0.2156042754650116,0.49680233001708984,0.23188301920890808,-0.6409639120101929,0.23349875211715698,0.693450927734375
-0.6965110421180725,-0.32318835854530337,0.07376731634140014,0.23321089148521423,-0.641398549079895,0.2336111217737198,0.6925652027130127,-0.5310918450355531,-0.08598952889442447,-0.48213459849357604,0.8698580026626589,0.1408922076225281,-0.23497225642204286,-0.9206700682640075,0.06686355769634247,0.2875158846378327,1.4389757871627809,0.1371856421232224,0.19992360174655915,0.0,0.295652049779892,0.80581773519516,-0.38951972723007194,-0.56897292137146,0.09167669415473934,0.16258763372898102,-0.5563753366470338,0.3385301768779754,-0.6901509761810304,-0.1215983733534812,0.0,-0.018099544476717626,-0.0017629265785216591,-0.04787041246891032,0.2062224864959726,-0.10506749153137253,0.13928089439868963,1.0922298431396482,0.42720457911491433,0.41056337356567535,-1.538069367408751,-0.475432336330414,0.39952502846717886,0.23951981663704008,-0.4826967954635636,-0.19808666408061995,-0.10106134414672971,-0.36049377918243364,-0.21080471575260157,0.0,-0.4453412890434273,-0.32981799244880705,-0.8710006475448618,1.0490679979324349,0.24135628864168995,-0.0690554328262805,1.1644999265670781,1.5971533060073866,2.444069433212284,-0.8263150215148918,0.0,0.0,0.0,0.23321089148521423,-0.641398549079895,0.2336111217737198,0.6925652027130127,0.23321089148521423,-0.641398549079895,0.2336111217737198,0.6925652027130127,0.24068740010261536,-0.8103184700012207,0.2133505642414093,0.4898315966129303,0.2194327861070633,-0.8187368512153625,0.17831096053123474,0.4997243583202362,0.40855497121810913,-0.7426741719245911,0.05385531857609749,0.5278424024581909,0.34780487418174744,-0.4511326551437378,0.22097033262252808,0.7916333675384521,0.3313836455345154,-0.39429348707199097,0.24489980936050415,0.821426510810852,0.23280838131904602,-0.4202939569950104,0.19700877368450165,0.8545998930931091,0.23280838131904602,-0.4202939569950104,0.19700877368450165,0.8545998930931091,0.38292747735977173,-0.8450040817260742,0.029588766396045685,0.3721011281013489,0.3951508402824402,-0.8435429334640503,0.05781722068786621,0.35909390449523926,0.2702258229255676,-0.891452431678772,0.10866491496562958,0.34710609912872314,0.13163845241069794,-0.4417572021484375,0.2598126530647278,0.8485395908355713,0.11352193355560303,-0.38256019353866577,0.26821765303611755,0.8768237233161926,0.2004593163728714,-0.35388243198394775,0.3050535023212433,0.8611187934875488,0.2004593163728714,-0.35388243198394775,0.3050535023212433,0.8611187934875488,0.23321089148521423,-0.641398549079895,0.2336111217737198,0.6925652027130127,0.1903960406780243,-0.5347542762756348,0.27174922823905945,0.7771356105804443,0.4798644185066223,-0.3853823244571686,0.45965999364852905,0.6402525305747986,0.5396506786346436,-0.27762967348098755,0.3331376612186432,0.7216079235076904,0.6156371235847473,-0.45932647585868835,0.15565082430839539,0.6211144328117371,0.5888136029243469,-0.48962658643722534,0.1769820898771286,0.6182570457458496,0.5888136029243469,-0.48962658643722534,0.1769820898771286,0.6182570457458496,0.21677857637405396,-0.5819628238677979,0.2482084333896637,0.7434507012367249,0.004279274493455887,-0.6277521848678589,0.07885586470365524,0.7743968963623047,-0.10217179358005524,-0.6113851070404053,0.2079593539237976,0.7566519975662231,-0.03978196159005165,-0.8288067579269409,0.2457566112279892,0.5010994076728821,0.016795586794614792,-0.8282767534255981,0.22651010751724243,0.5122195482254028,0.016795586794614792,-0.8282767534255981,0.22651010751724243,0.5122195482254028,0.23321089148521423,-0.641398549079895,0.2336111217737198,0.6925652027130127
-0.6972476840019226,-0.32352983951568604,0.07328303903341293,0.23360218107700348,-0.641269326210022,0.23400509357452393,0.6924198865890503,-0.5084055066108704,-0.07918871194124222,-0.48077040910720825,0.8326637744903564,0.13212724030017853,-0.2293432205915451,-0.9200166463851929,0.06426318734884262,0.284214049577713,1.4423476457595825,0.12793339788913727,0.19551831483840942,0.0,0.29037487506866455,0.800544798374176,-0.40240323543548584,-0.551330029964447,0.10209758579730988,0.16080652177333832,-0.5348718166351318,0.36461639404296875,-0.6590507626533508,-0.14190149307250977,0.0,-0.0368320900015533,-0.017074048519134518,-0.024213865399360657,0.002199828624725342,-0.000418737530708313,0.05879056453704834,1.1343169212341309,0.34004083275794983,0.06820946931838989,-1.8597112894058228,-0.43824833631515503,0.2814517915248871,0.03267109394073486,-0.13001853227615356,-0.16509173810482025,0.1685929298400879,-0.46261218190193176,-0.22026433050632477,0.0,-0.26385873556137085,-0.26364684104919434,-0.6441753506660461,0.8821445107460022,0.5210445635020733,-0.08905559033155441,1.0751760005950928,1.3043107986450195,1.5550105571746826,-1.0151559114456177,0.0,0.0,0.0,0.23360218107700348,-0.641269326210022,0.23400509357452393,0.6924198865890503,0.23360218107700348,-0.641269326210022,0.23400509357452393,0.6924198865890503,0.24119840562343597,-0.8040581345558167,0.21480894088745117,0.4991702437400818,0.22125020623207092,-0.8119309544563293,0.18281273543834686,0.5083265900611877,0.40819036960601807,-0.7359104156494141,0.056535445153713226,0.537233829498291,0.35045871138572693,-0.45578598976135254,0.21678170561790466,0.7889508605003357,0.33538326621055603,-0.4027087092399597,0.2394445538520813,0.817318856716156,0.23966260254383087,-0.4274612367153168,0.19179387390613556,0.8503257036209106,0.23966260254383087,-0.4274612367153168,0.19179387390613556,0.8503257036209106,0.3833514153957367,-0.8446959257125854,0.029942894354462624,0.372335821390152,0.3951152265071869,-0.8432979583740234,0.05706419423222542,0.35982805490493774,0.2716967463493347,-0.890757143497467,0.10745114088058472,0.34811896085739136,0.1331063210964203,-0.4391350746154785,0.26009148359298706,0.8495854735374451,0.11620825529098511,-0.3839288353919983,0.2680681049823761,0.8759188055992126,0.20114615559577942,-0.3559313416481018,0.3042609989643097,0.860394299030304,0.20114615559577942,-0.3559313416481018,0.3042609989643097,0.860394299030304,0.23360218107700348,-0.641269326210022,0.23400509357452393,0.6924198865890503,0.1915302723646164,-0.5366643667221069,0.27156370878219604,0.7756034135818481,0.4786195158958435,-0.3884236514568329,0.4592195153236389,0.6396623253822327,0.540672779083252,-0.2770979106426239,0.3283807039260864,0.7232259511947632,0.6136639714241028,-0.4541003406047821,0.15654107928276062,0.6266611814498901,0.5839061141014099,-0.48772531747817993,0.18058855831623077,0.6233501434326172,0.5839061141014099,-0.48772531747817993,0.18058855831623077,0.6233501434326172,0.21732409298419952,-0.5825164318084717,0.24848225712776184,0.7427660226821899,0.013315700925886631,-0.6274726986885071,0.0857137069106102,0.7737918496131897,-0.10141704976558685,-0.6106746792793274,0.22445645928382874,0.7526023387908936,-0.03654272481799126,-0.8190113306045532,0.2598862946033478,0.5102393627166748,0.029050618410110474,-0.8177578449249268,0.2366074025630951,0.5238750576972961,0.029050618410110474,-0.8177578449249268,0.2366074025630951,0.5238750576972961,0.23360218107700348,-0.641269326210022,0.23400509357452393,0.6924198865890503
-0.6979850053787231,-0.32382134199142454,0.07287265211343766,0.23390401899814606,-0.640803337097168,0.2339496910572052,0.6927680969238281,-0.4906004846096039,-0.0700767293572426,-0.4804061472415924,0.7932262182235719,0.11803549528121951,-0.22325181663036348,-0.9216088771820068,0.06198303923010827,0.2828961551189423,1.4170830249786377,0.1182719245553017,0.19446398317813873,0.0,0.28732320070266726,0.7885651230812073,-0.41626322865486143,-0.5359717011451721,0.10932876765727995,0.16012093126773835,-0.5180365920066834,0.39254439473152153,-0.6303905725479126,-0.1546402335166931,0.0,-0.03685247525572777,-0.01557469312101603,-0.02199715189635754,0.004128635767847295,0.0376037926063872,0.034470111131668146,0.9878773927688602,0.4093757927417754,0.03821164369583137,-1.9270111322402952,-0.5980516672134396,0.2953228175640106,-0.03469848185777649,-0.1204118460416794,-0.10557352900505079,-0.6905013948678951,-0.474889063835144,-0.11973568201065087,0.0,-0.1970937162637712,-0.46484895944595295,-0.6734699010848998,0.8136076331138612,0.42535325884819053,-0.056189951300621106,0.9351271033287052,1.3595643043518064,1.4818098545074465,-0.7882245421409613,0.0,0.0,0.0,0.23390401899814606,-0.640803337097168,0.2339496910572052,0.6927680969238281,0.23390401899814606,-0.640803337097168,0.2339496910572052,0.6927680969238281,0.2415042519569397,-0.7988262176513672,0.21562345325946808,0.5070095658302307,0.22361868619918823,-0.8058866262435913,0.18749144673347473,0.5151585340499878,0.4089195728302002,-0.7295504808425903,0.05955326557159424,0.5449719429016113,0.3541640639305115,-0.46239638328552246,0.21287253499031067,0.7845016717910767,0.3409891426563263,-0.4153177738189697,0.2333836555480957,0.8104131817817688,0.2485794723033905,-0.4387470483779907,0.18569166958332062,0.8433433771133423,0.2485794723033905,-0.4387470483779907,0.18569166958332062,0.8433433771133423,0.38374102115631104,-0.8446004390716553,0.029351849108934402,0.3721979856491089,0.39509010314941406,-0.843285083770752,0.055509090423583984,0.36012881994247437,0.2722606658935547,-0.8905619382858276,0.10572436451911926,0.34870612621307373,0.13792502880096436,-0.44930410385131836,0.25743192434310913,0.844293475151062,0.1224665716290474,-0.39862051606178284,0.2651282548904419,0.8693737983703613,0.2062883973121643,-0.37099868059158325,0.302568256855011,0.8533800840377808,0.2062883973121643,-0.37099868059158325,0.302568256855011,0.8533800840377808,0.23390401899814606,-0.640803337097168,0.2339496910572052,0.6927680969238281,0.19230571389198303,-0.5373183488845825,0.2711884081363678,0.7750899791717529,0.4753006100654602,-0.39191436767578125,0.45678576827049255,0.641746997833252,0.5399559736251831,-0.27712029218673706,0.320743203163147,0.7271698117256165,0.6095548272132874,-0.45062023401260376,0.15429483354091644,0.633701503276825,0.5777347087860107,-0.4863523840904236,0.1804799735546112,0.6301674842834473,0.5777347087860107,-0.4863523840904236,0.1804799735546112,0.6301674842834473,0.21732409298419952,-0.5825164318084717,0.24848225712776184,0.7427660226821899,0.02016575075685978,-0.6264795064926147,0.09096305072307587,0.7738491892814636,-0.10327264666557312,-0.6089631915092468,0.24007180333137512,0.7489086985588074,-0.03654221445322037,-0.8088665008544922,0.27428358793258667,0.5188143253326416,0.03435332700610161,-0.8071138858795166,0.2479458749294281,0.5347055196762085,0.03435332700610161,-0.8071138858795166,0.2479458749294281,0.5347055196762085,0.23390401899814606,-0.640803337097168,0.2339496910572052,0.6927680969238281
-0.6984022378921508,-0.32407642602920533,0.07263367176055908,0.23405414819717407,-0.641118586063385,0.23458394408226013,0.6922109723091125,-0.47424172759056094,-0.06122404709458353,-0.4779043972492218,0.7549764871597291,0.10687618702650072,-0.21609819233417513,-0.9217719078063965,0.058178848028182996,0.2807857096195221,1.4015378952026367,0.11149682402610779,0.1929074138402939,0.0,0.265776288509369,0.7777834892272949,-0.43133251070976253,-0.5207493066787721,0.11343635469675065,0.15852535665035247,-0.5041416227817536,0.4196740090847015,-0.6042878866195679,-0.164864507317543,0.0,-0.0272633999586106,-0.013482569716870792,-0.015377147495746646,-0.00371662275865668,-0.016137018799781272,0.04283647239208205,0.8468630909919742,0.44782009124755867,0.082337729260325,-1.9362429380416872,-0.6166141211986548,0.33643677830696084,-0.03673552721738844,-0.15972868800163237,-0.08967125117778763,-0.971646213531496,-0.39648246765136774,-0.06778370961546888,0.0,-0.7074408143758737,-0.5630424678325655,-0.7292782664299009,0.7638383507728577,0.267851227521897,-0.06157904565334302,0.7535535156726842,1.3724483728408816,1.3562842845916754,-0.5615029752254491,0.0,0.0,0.0,0.23405414819717407,-0.641118586063385,0.23458394408226013,0.6922109723091125,0.23405414819717407,-0.641118586063385,0.23458394408226013,0.6922109723091125,0.24174714088439941,-0.7944735288619995,0.2169986516237259,0.5131099224090576,0.22593483328819275,-0.8007411360740662,0.1925765872001648,0.5202705264091492,0.4090440571308136,-0.7245162725448608,0.06396941840648651,0.5510598421096802,0.3566989302635193,-0.4703828990459442,0.2102515995502472,0.779294490814209,0.3449643850326538,-0.4280860126018524,0.2290065884590149,0.8033043146133423,0.256310373544693,-0.4502900242805481,0.1815335750579834,0.8358166813850403,0.256310373544693,-0.4502900242805481,0.1815335750579834,0.8358166813850403,0.3842029571533203,-0.8446482419967651,0.02988176979124546,0.3715704083442688,0.39484819769859314,-0.8434219360351562,0.05443534627556801,0.36023765802383423,0.2729416489601135,-0.8903756141662598,0.10430872440338135,0.3490757346153259,0.14136312901973724,-0.4554695785045624,0.2557232975959778,0.8409336805343628,0.1268947422504425,-0.4079055190086365,0.2632024586200714,0.8650059103965759,0.20960834622383118,-0.38066190481185913,0.30126267671585083,0.8487647771835327,0.20960834622383118,-0.38066190481185913,0.30126267671585083,0.8487647771835327,0.23405414819717407,-0.641118586063385,0.23458394408226013,0.6922109723091125,0.19566906988620758,-0.5458661913871765,0.269239604473114,0.7689302563667297,0.472644567489624,-0.4030279517173767,0.45606204867362976,0.637324869632721,0.5416920781135559,-0.28414133191108704,0.3157670497894287,0.7253443002700806,0.6086097955703735,-0.4524245262145996,0.15402638912200928,0.6333893537521362,0.5754637718200684,-0.48941949009895325,0.18113839626312256,0.6296815276145935,0.5754637718200684,-0.48941949009895325,0.18113839626312256,0.6296815276145935,0.21797101199626923,-0.5832405090332031,0.2489023059606552,0.741867184638977,0.026048194617033005,-0.6268872022628784,0.09557723253965378,0.7727864384651184,-0.10612066090106964,-0.6084636449813843,0.2544553577899933,0.7441523671150208,-0.03777582198381424,-0.8001317381858826,0.2878429889678955,0.5248892307281494,0.03731270506978035,-0.7980267405509949,0.2590777575969696,0.5428074598312378,0.03731270506978035,-0.7980267405509949,0.2590777575969696,0.5428074598312378,0.23405414819717407,-0.641118586063385,0.23458394408226013,0.6922109723091125
-0.698179292678833,-0.32425867319107055,0.07273750454187393,0.2338990569114685,-0.6429910659790039,0.23659570515155792,0.6898378133773804,-0.46077550053596494,-0.05288996547460554,-0.4711276710033417,0.7191024065017699,0.10158175230026244,-0.2068201273679733,-0.9190765380859375,0.05132657065987585,0.2770901620388031,1.4054317474365234,0.11049446910619735,0.19034636914730071,0.0,0.20723890066146838,0.7693979382514954,-0.44882037043571477,-0.5057987809181212,0.11129675209522247,0.15510981380939484,-0.49612716436386106,0.4452068507671357,-0.5833002090454101,-0.1700598478317261,0.0,0.001544595509767599,-0.010204910300672047,4.9442425370253146e-05,-0.031110036838799773,-0.2534045130014425,0.11657645553350464,0.7166992425918577,0.4244830667972564,0.2747116427868609,-1.8293386697769163,-0.3526948213577265,0.43203660845756553,0.09189248830080063,-0.29689255654811886,-0.16100083589553849,-0.09689209461211967,-0.1367089152336115,-0.11298510059714327,0.0,-2.3720121473074,-0.4552187561988828,-0.8381142616271975,0.7516042590141296,-0.013272279500961937,-0.14347760677337662,0.48893054723739565,1.300593566894531,1.1261089801788324,-0.3352010130882258,0.0,0.0,0.0,0.2338990569114685,-0.6429910659790039,0.23659570515155792,0.6898378133773804,0.2338990569114685,-0.6429910659790039,0.23659570515155792,0.6898378133773804,0.24189695715904236,-0.7919875383377075,0.21952436864376068,0.5158010125160217,0.2281794250011444,-0.7975134253501892,0.19850221276283264,0.5220186114311218,0.4080161154270172,-0.7222356796264648,0.07119020819664001,0.553922712802887,0.3569095730781555,-0.48114266991615295,0.21021771430969238,0.7726096510887146,0.34578144550323486,-0.4412963390350342,0.228069469332695,0.7960383296012878,0.2617476284503937,-0.4624861180782318,0.18132467567920685,0.8274757862091064,0.2617476284503937,-0.4624861180782318,0.18132467567920685,0.8274757862091064,0.38480687141418457,-0.8449771404266357,0.03265341743826866,0.3699609041213989,0.39417412877082825,-0.8438612222671509,0.05432453006505966,0.35996386408805847,0.27385812997817993,-0.8902117013931274,0.10351598262786865,0.34901201725006104,0.14207670092582703,-0.45374757051467896,0.25598540902137756,0.8416643142700195,0.12772466242313385,-0.40657925605773926,0.26343992352485657,0.8654357194900513,0.20938830077648163,-0.3797045350074768,0.3008853793144226,0.8493815660476685,0.20938830077648163,-0.3797045350074768,0.3008853793144226,0.8493815660476685,0.2338990569114685,-0.6429910659790039,0.23659570515155792,0.6898378133773804,0.2040775567293167,-0.5698373913764954,0.26396670937538147,0.7509722709655762,0.4710233211517334,-0.42913439869880676,0.4584769010543823,0.6194995641708374,0.5481610298156738,-0.3050662875175476,0.3160136640071869,0.711750864982605,0.613906979560852,-0.46473264694213867,0.1576915830373764,0.6182840466499329,0.5809212923049927,-0.5013039112091064,0.1833076775074005,0.6145105361938477,0.5809212923049927,-0.5013039112091064,0.1833076775074005,0.6145105361938477,0.21803128719329834,-0.5865786671638489,0.2506152391433716,0.7386338710784912,0.02999701350927353,-0.6301556825637817,0.09892944246530533,0.7695563435554504,-0.11098337918519974,-0.6105684041976929,0.26644331216812134,0.737493634223938,-0.041496120393276215,-0.7946338653564453,0.2998640835285187,0.526228666305542,0.03560328111052513,-0.7924900650978088,0.26992785930633545,0.545738935470581,0.03560328111052513,-0.7924900650978088,0.26992785930633545,0.545738935470581,0.2338990569114685,-0.6429910659790039,0.23659570515155792,0.6898378133773804
-0.6982335567474365,-0.32460819482803344,0.07303950190544128,0.23298639059066772,-0.6440216898918152,0.23870506882667542,0.6884572505950928,-0.44650390744209284,-0.04039371013641354,-0.46335518956184385,0.6799081087112426,0.09285421818494795,-0.1976994901895523,-0.9193207740783691,0.04893161356449127,0.27468586564064024,1.413377571105957,0.10648638606071471,0.19012183248996734,0.0,0.17075182199478145,0.7621723651885987,-0.46514346003532414,-0.49296798706054684,0.11621032506227495,0.15023288428783416,-0.48791384100914,0.466589766740799,-0.5637334823608398,-0.17620880305767062,0.0,0.0028309820219874094,-0.014130591042339819,0.011136575322598239,-0.1012445256114008,-0.271506482362747,0.11361785531043997,0.6974722743034364,0.5415692567825322,0.36870893836021434,-1.8933104753494265,-0.3677146971225742,0.45918038487434387,0.04658031463623018,-0.2088942468166347,-0.14603983163833606,0.3162517398595814,-0.14028958603739766,-0.057956993579864266,0.0,-2.265359926223753,-0.38447818160057057,-0.8394498229026793,0.6839342713356016,0.1046151265501983,-0.21461873352527633,0.4066888391971588,1.1521442174911494,1.0067553281784056,-0.2883754551410676,0.0,0.0,0.0,0.23298639059066772,-0.6440216898918152,0.23870506882667542,0.6884572505950928,0.23298639059066772,-0.6440216898918152,0.23870506882667542,0.6884572505950928,0.24133723974227905,-0.78862464427948,0.22240227460861206,0.519966185092926,0.23081251978874207,-0.7929462790489197,0.2064136266708374,0.5247430801391602,0.4067312777042389,-0.7187691926956177,0.08042652904987335,0.5580971240997314,0.3567127585411072,-0.4915160536766052,0.21148145198822021,0.7657961845397949,0.34653252363204956,-0.4554397463798523,0.22781869769096375,0.7877744436264038,0.2670704424381256,-0.4757041335105896,0.18180370330810547,0.8181237578392029,0.2670704424381256,-0.4757041335105896,0.18180370330810547,0.8181237578392029,0.3850448429584503,-0.845443844795227,0.03503648564219475,0.36842596530914307,0.39394253492355347,-0.8443336486816406,0.05570836365222931,0.3588961362838745,0.2746339738368988,-0.8903176784515381,0.10432176291942596,0.34789031744003296,0.1411193162202835,-0.45121094584465027,0.25766077637672424,0.8426772952079773,0.12721045315265656,-0.4057249426841736,0.26480740308761597,0.8654952049255371,0.2087869942188263,-0.3787575364112854,0.3021220862865448,0.8495133519172668,0.2087869942188263,-0.3787575364112854,0.3021220862865448,0.8495133519172668,0.23298639059066772,-0.6440216898918152,0.23870506882667542,0.6884572505950928,0.20839235186576843,-0.5843266844749451,0.26136285066604614,0.7394757270812988,0.46849340200424194,-0.4452049136161804,0.4599195420742035,0.6089174747467041,0.5516602396965027,-0.31662440299987793,0.3142663538455963,0.7047386169433594,0.6158896088600159,-0.4704294204711914,0.15942157804965973,0.6115233898162842,0.58116614818573,-0.5086877346038818,0.18567657470703125,0.6074596643447876,0.58116614818573,-0.5086877346038818,0.18567657470703125,0.6074596643447876,0.21748954057693481,-0.5895424485206604,0.25224068760871887,0.7358753681182861,0.03329584375023842,-0.6330112218856812,0.10237978398799896,0.7666202783584595,-0.11516891419887543,-0.6124361157417297,0.27695074677467346,0.7314072847366333,-0.04505665600299835,-0.7895163893699646,0.31028759479522705,0.5275940299034119,0.034483253955841064,-0.7873214483261108,0.2789918780326843,0.5487251877784729,0.034483253955841064,-0.7873214483261108,0.2789918780326843,0.5487251877784729,0.23298639059066772,-0.6440216898918152,0.23870506882667542,0.6884572505950928
-0.6984264254570007,-0.32504135370254517,0.07344058156013489,0.23169445991516113,-0.6446300745010376,0.24086277186870575,0.6875717043876648,-0.43182963132858276,-0.02581636793911457,-0.45508483052253723,0.6390537023544312,0.08241013437509537,-0.18865756690502167,-0.9210348129272461,0.04876531660556793,0.2729271948337555,1.423349380493164,0.10097543895244598,0.19106554985046387,0.0,0.14528989791870117,0.7555267810821533,-0.4808841645717621,-0.4811970591545105,0.1246504858136177,0.14462526142597198,-0.47960108518600464,0.4858977198600769,-0.5448772311210632,-0.18283456563949585,0.0,-0.009643434546887875,-0.02165794186294079,0.02005398040637374,-0.19274955242872238,-0.18002571165561676,0.0723099634051323,0.7337137460708618,0.7288670539855957,0.41351792216300964,-2.042720317840576,-0.5222041606903076,0.4520961344242096,-0.08570194244384766,-0.008314847946166992,-0.08793353289365768,0.49859045445919037,-0.2755473516881466,0.04718586802482605,0.0,-1.2730960845947266,-0.33227917551994324,-0.7870351672172546,0.5885463356971741,0.4220080003142357,-0.28038114309310913,0.4156377613544464,0.9653975963592529,0.9428125023841858,-0.33128809928894043,0.0,0.0,0.0,0.23169445991516113,-0.6446300745010376,0.24086277186870575,0.6875717043876648,0.23169445991516113,-0.6446300745010376,0.24086277186870575,0.6875717043876648,0.2404145747423172,-0.7847964763641357,0.22544866800308228,0.5248507261276245,0.23361986875534058,-0.7876411080360413,0.21529987454414368,0.5279101729393005,0.40527722239494324,-0.7146377563476562,0.0906621590256691,0.5628708600997925,0.3562852144241333,-0.5016582608222961,0.21337784826755524,0.7588608264923096,0.34719303250312805,-0.4699723720550537,0.2278733253479004,0.7788817286491394,0.2722874879837036,-0.4893462061882019,0.18259407579898834,0.8081207871437073,0.2722874879837036,-0.4893462061882019,0.18259407579898834,0.8081207871437073,0.38509875535964966,-0.845977246761322,0.037225160747766495,0.3669273555278778,0.3939300775527954,-0.8448182344436646,0.057839229702949524,0.35742950439453125,0.275338351726532,-0.890554666519165,0.10592637956142426,0.3462381064891815,0.13932442665100098,-0.44826048612594604,0.2600390613079071,0.843819260597229,0.12602369487285614,-0.4051049053668976,0.2667388916015625,0.8653660416603088,0.20799419283866882,-0.3778141438961029,0.3041645884513855,0.8493990898132324,0.20799419283866882,-0.3778141438961029,0.3041645884513855,0.8493990898132324,0.23169445991516113,-0.6446300745010376,0.24086277186870575,0.6875717043876648,0.2106979340314865,-0.5941795706748962,0.26014450192451477,0.731356143951416,0.4655972421169281,-0.4563327729701996,0.46096089482307434,0.6020752787590027,0.5537624359130859,-0.3235463798046112,0.3115731179714203,0.7011327147483826,0.6162943243980408,-0.4728802740573883,0.1602042317390442,0.609015703201294,0.5788601636886597,-0.5138686895370483,0.1881626844406128,0.6045284867286682,0.5788601636886597,-0.5138686895370483,0.1881626844406128,0.6045284867286682,0.2166454792022705,-0.5923154950141907,0.25382086634635925,0.7333498597145081,0.036269139498472214,-0.6356513500213623,0.10587767511606216,0.7638205885887146,-0.1190096065402031,-0.6141541600227356,0.28670281171798706,0.7255707383155823,-0.04853492230176926,-0.7845533490180969,0.31989720463752747,0.528948187828064,0.03365693986415863,-0.78231281042099,0.2871534824371338,0.5517215728759766,0.03365693986415863,-0.78231281042099,0.2871534824371338,0.5517215728759766,0.23169445991516113,-0.6446300745010376,0.24086277186870575,0.6875717043876648
-0.6989812135696412,-0.3256605863571167,0.07404391318559647,0.22963595390319824,-0.6441076397895813,0.2430228590965271,0.687991738319397,-0.41608728170394893,-0.01857920531183478,-0.4530316710472107,0.604222249984741,0.08577662855386736,-0.18769173920154572,-0.9247072219848633,0.04888082146644592,0.2705861806869507,1.4301134109497071,0.09469640552997587,0.18643823862075803,0.0,0.11930922567844379,0.7440381646156311,-0.48792848587036136,-0.47009271383285517,0.1294818550348282,0.13871681988239284,-0.4697125494480133,0.4961211919784546,-0.5280285954475402,-0.1896142423152924,0.0,-0.02050101663917308,-0.027240155264735246,0.0261215399950743,-0.2589598536491397,-0.09399054944515191,0.039610679447650766,0.7657559514045716,0.5086616814136495,0.22700195312499916,-1.8620316267013541,-0.10788683891296202,0.20981328487396134,-0.144453036785126,0.00013920664787296297,-0.10540383309125909,0.40235707163810686,-0.29858992695808423,-0.11994497552514152,0.0,-1.2886585474014283,-0.47757012844085756,-0.5261436879634845,0.5685488939285277,0.3137442708015437,-0.28940568566322333,0.46291115880012534,0.6928632020950305,0.8825840353965757,-0.335905522108078,0.0,0.0,0.0,0.22963595390319824,-0.6441076397895813,0.2430228590965271,0.687991738319397,0.22963595390319824,-0.6441076397895813,0.2430228590965271,0.687991738319397,0.23872406780719757,-0.7797583341598511,0.22873961925506592,0.5316634178161621,0.23379193246364594,-0.7818438410758972,0.22147472202777863,0.5338638424873352,0.4034130871295929,-0.7093649506568909,0.09592489898204803,0.569962739944458,0.3566105365753174,-0.5076525807380676,0.21162427961826324,0.7552039623260498,0.34720832109451294,-0.4748063087463379,0.22671803832054138,0.7762758731842041,0.27293622493743896,-0.49396276473999023,0.1812286674976349,0.8053960800170898,0.27293622493743896,-0.49396276473999023,0.1812286674976349,0.8053960800170898,0.3845963478088379,-0.8463935852050781,0.03914020210504532,0.3662942945957184,0.3934330642223358,-0.8451844453811646,0.05981268733739853,0.35678625106811523,0.27583861351013184,-0.8905270099639893,0.10739028453826904,0.34545934200286865,0.13785874843597412,-0.44589486718177795,0.261940598487854,0.8447247743606567,0.12530948221683502,-0.4054129719734192,0.268173485994339,0.8648820519447327,0.20527291297912598,-0.37869229912757874,0.30474644899368286,0.8494614362716675,0.20527291297912598,-0.37869229912757874,0.30474644899368286,0.8494614362716675,0.22963595390319824,-0.6441076397895813,0.2430228590965271,0.687991738319397,0.2123699188232422,-0.60288006067276,0.2588444650173187,0.7241781949996948,0.46110814809799194,-0.46755895018577576,0.46025121212005615,0.5974417924880981,0.5532042980194092,-0.3334861993789673,0.30959293246269226,0.6977852582931519,0.614370584487915,-0.4786115288734436,0.16207323968410492,0.6059802174568176,0.5751296281814575,-0.5210317373275757,0.19082914292812347,0.6011124849319458,0.5751296281814575,-0.5210317373275757,0.19082914292812347,0.6011124849319458,0.21508117020130157,-0.5939728021621704,0.2553313970565796,0.73194420337677,0.038845181465148926,-0.6370790600776672,0.11010891199111938,0.7619037628173828,-0.12015955150127411,-0.6153621673583984,0.29402658343315125,0.7214149832725525,-0.05005483329296112,-0.7801721692085266,0.32651448249816895,0.5312384366989136,0.03486398607492447,-0.7777574062347412,0.2921771705150604,0.5554370880126953,0.03486398607492447,-0.7777574062347412,0.2921771705150604,0.5554370880126953,0.22963595390319824,-0.6441076397895813,0.2430228590965271,0.687991738319397
-0.6993908524513245,-0.32612481713294983,0.07442748695611953,0.22823511064052582,-0.644083559513092,0.24467253684997559,0.687895655632019,-0.4022542834281921,-0.011277110688388298,-0.4491211831569671,0.5730018138885496,0.08739391267299651,-0.18560192883014676,-0.9323556780815125,0.048220245540142044,0.26924113035202024,1.4363227367401123,0.08378050401806818,0.17925749719142905,0.0,0.10282898843288424,0.7312678813934325,-0.4937804400920868,-0.4581835865974425,0.13502710163593296,0.13385000526905058,-0.46137267351150507,0.5050311923027039,-0.511867606639862,-0.1975757002830506,0.0,-0.023384927213191898,-0.02631157487630835,0.023573844507336485,-0.24184484481811402,-0.06051138564944315,0.02288135439157496,0.7298368930816639,0.36380606293678286,0.1583778128027927,-1.6332420110702492,0.11584839522838489,0.08201085850596496,-0.3029018372297311,-0.017507179547101726,-0.0871717855334276,0.3215603590011593,-0.45305767655372897,-0.3079684466123596,0.0,-1.0140204906463566,-0.6128807663917549,-0.3164450258016579,0.5793607115745549,0.2629847645759587,-0.26417324542999204,0.4479669690132132,0.4717694461345665,0.8218023180961604,-0.3744372487068183,0.0,0.0,0.0,0.22823511064052582,-0.644083559513092,0.24467253684997559,0.687895655632019,0.22823511064052582,-0.644083559513092,0.24467253684997559,0.687895655632019,0.23754394054412842,-0.7756425142288208,0.23126648366451263,0.5370917320251465,0.23451648652553558,-0.7769331932067871,0.22688597440719604,0.5384232997894287,0.40163958072662354,-0.7052056789398193,0.1012987568974495,0.5754208564758301,0.3566582500934601,-0.5138430595397949,0.2106824815273285,0.7512478232383728,0.34711581468582153,-0.48053544759750366,0.22606217861175537,0.772976279258728,0.27398762106895447,-0.49941664934158325,0.18056650459766388,0.8018164038658142,0.27398762106895447,-0.49941664934158325,0.18056650459766388,0.8018164038658142,0.3850398361682892,-0.8474586009979248,0.039449211210012436,0.3633209466934204,0.3936903476715088,-0.846259355545044,0.05986688286066055,0.35393375158309937,0.2765478193759918,-0.8914416432380676,0.10682722926139832,0.3426971137523651,0.1379544734954834,-0.44577476382255554,0.2624133825302124,0.8446256518363953,0.1268373429775238,-0.4100145995616913,0.267952561378479,0.8625553846359253,0.2035520374774933,-0.3843771517276764,0.30353954434394836,0.8477526903152466,0.2035520374774933,-0.3843771517276764,0.30353954434394836,0.8477526903152466,0.22823511064052582,-0.644083559513092,0.24467253684997559,0.687895655632019,0.21330522000789642,-0.6086866855621338,0.25827503204345703,0.7192324995994568,0.4563605785369873,-0.4761096239089966,0.4588332772254944,0.5954213738441467,0.5516099333763123,-0.34122708439826965,0.30669456720352173,0.6965838670730591,0.6111497282981873,-0.48249921202659607,0.16350220143795013,0.6057703495025635,0.5699374675750732,-0.5264807343482971,0.19342751801013947,0.6004791855812073,0.5699374675750732,-0.5264807343482971,0.19342751801013947,0.6004791855812073,0.21409907937049866,-0.5957708358764648,0.25646960735321045,0.7303711771965027,0.041429199278354645,-0.6386296153068542,0.11345767229795456,0.7599757313728333,-0.120908722281456,-0.6167875528335571,0.3000045418739319,0.7176011800765991,-0.05148311331868172,-0.7762843370437622,0.33176034688949585,0.5335420370101929,0.03671707957983017,-0.7736786007881165,0.29560378193855286,0.5591885447502136,0.03671707957983017,-0.7736786007881165,0.29560378193855286,0.5591885447502136,0.22823511064052582,-0.644083559513092,0.24467253684997559,0.687895655632019
-0.6995101928710937,-0.32627904415130615,0.0743715450167656,0.22815291583538055,-0.6450652480125427,0.24530479311943054,0.6867769360542297,-0.39223998785018915,-0.0038451520726084376,-0.4414960384368896,0.5490034103393554,0.08551277667284012,-0.1812641531229019,-0.9479562282562256,0.046007508039474475,0.26988800764083865,1.4414226531982421,0.06359086632728568,0.16696989536285395,0.0,0.10534962117671967,0.7159342646598815,-0.4972476601600647,-0.4446648955345153,0.1420001029968262,0.13106644451618193,-0.45613011717796326,0.5113142490386963,-0.4970819115638732,-0.2079007208347321,0.0,-0.010321497544646206,-0.01236140690743917,0.003795639798045071,-0.05807923078536906,-0.132144229859114,0.0380919415503741,0.5579953074455254,0.3696499526500702,0.3255373522639282,-1.308250546455382,-0.0415805011987693,0.18316928967833562,-0.6607460349798218,-0.0873544459231201,0.002464957535267265,0.2716369569301603,-0.8703757822513599,-0.5377771466970453,0.0,-0.1589813947677574,-0.728230774402619,-0.20913199782371475,0.651791048049927,0.3272337198257449,-0.1704268395900722,0.308587604761123,0.3535569667816157,0.7599141001701353,-0.4807975828647618,0.0,0.0,0.0,0.22815291583538055,-0.6450652480125427,0.24530479311943054,0.6867769360542297,0.22815291583538055,-0.6450652480125427,0.24530479311943054,0.6867769360542297,0.23741649091243744,-0.7734754681587219,0.23229558765888214,0.5398222208023071,0.23638293147087097,-0.7739196419715881,0.23080474138259888,0.5402783751487732,0.40010932087898254,-0.7033827304840088,0.10690934956073761,0.5776985883712769,0.35616666078567505,-0.5204481482505798,0.21137365698814392,0.746726393699646,0.346807599067688,-0.4880545437335968,0.22640511393547058,0.7682890295982361,0.2758432924747467,-0.5065431594848633,0.18131023645401,0.7965244054794312,0.2758432924747467,-0.5065431594848633,0.18131023645401,0.7965244054794312,0.38735780119895935,-0.8497828841209412,0.036544423550367355,0.35565096139907837,0.3954394459724426,-0.8487155437469482,0.05608002096414566,0.34664779901504517,0.2776622474193573,-0.8942002058029175,0.10220541059970856,0.3359523415565491,0.14117221534252167,-0.4501432180404663,0.2600271999835968,0.8425124287605286,0.1328277885913849,-0.4231342673301697,0.26437580585479736,0.8563992381095886,0.20379632711410522,-0.3996070921421051,0.29870209097862244,0.8423529267311096,0.20379632711410522,-0.3996070921421051,0.29870209097862244,0.8423529267311096,0.22815291583538055,-0.6450652480125427,0.24530479311943054,0.6867769360542297,0.21281346678733826,-0.6088372468948364,0.2592233717441559,0.718909502029419,0.4512085020542145,-0.47942209243774414,0.4561105966567993,0.598772406578064,0.5480279922485352,-0.3446205258369446,0.30200737714767456,0.699781060218811,0.6053588390350342,-0.48271849751472473,0.16405737400054932,0.6112355589866638,0.5618646740913391,-0.5285395979881287,0.19590337574481964,0.6054551601409912,0.5618646740913391,-0.5285395979881287,0.19590337574481964,0.6054551601409912,0.2142837643623352,-0.5978565216064453,0.25686588883399963,0.7284709811210632,0.04403066635131836,-0.6404513120651245,0.11504577845335007,0.7580552101135254,-0.12086918950080872,-0.61871337890625,0.3033221960067749,0.7145487666130066,-0.052733272314071655,-0.7734639048576355,0.3342970609664917,0.535927414894104,0.03986494243144989,-0.770614504814148,0.2958591878414154,0.5630555748939514,0.03986494243144989,-0.770614504814148,0.2958591878414154,0.5630555748939514,0.22815291583538055,-0.6450652480125427,0.24530479311943054,0.6867769360542297
-0.6998389363288879,-0.3265704572200775,0.07445827573537826,0.22718587517738342,-0.6464426517486572,0.2459043562412262,0.6855869889259338,-0.38027582168579094,0.0031567804981023524,-0.4368304669857025,0.5257550716400144,0.0860454797744751,-0.1791014105081558,-0.9515474438667297,0.04389926195144652,0.26721946001052854,1.4454331874847413,0.05904283151030543,0.16426899135112763,0.0,0.1104745358228684,0.7049962282180785,-0.5001898109912872,-0.4348850011825561,0.1455256134271622,0.12875240147113798,-0.4533157467842102,0.5204246163368226,-0.487104845046997,-0.21131757497787476,0.0,-0.01224911091849214,-0.011826931219548028,0.0014830830041319566,-0.025195445585996196,-0.18767013251781495,0.003187143802642421,0.559210872650147,0.3586971223354338,0.2924700140953055,-1.1774181127548216,-0.021641625463961825,0.1516377836465829,-0.41974743604659676,-0.10750212520360944,-0.06711887717247109,0.22231435179710354,-0.5402337312698318,-0.32677913904189776,0.0,0.20416008234024124,-0.6348133802413927,-0.15760891735553725,0.5637706041336048,0.24522532224655047,-0.125092503428459,0.18928223848342823,0.39897213578224267,0.5950258493423447,-0.30900603532790927,0.0,0.0,0.0,0.22718587517738342,-0.6464426517486572,0.2459043562412262,0.6855869889259338,0.22718587517738342,-0.6464426517486572,0.2459043562412262,0.6855869889259338,0.23635786771774292,-0.7710641622543335,0.23352879285812378,0.5431936383247375,0.23722326755523682,-0.770691454410553,0.234739750623703,0.5428232550621033,0.398586630821228,-0.7009791135787964,0.11154630780220032,0.5807878375053406,0.35591891407966614,-0.5259710550308228,0.21130108833312988,0.7429859042167664,0.3465007543563843,-0.49352920055389404,0.22641265392303467,0.7649205923080444,0.27670368552207947,-0.5118000507354736,0.18137013912200928,0.7928434014320374,0.27670368552207947,-0.5118000507354736,0.18137013912200928,0.7928434014320374,0.38737887144088745,-0.8510335683822632,0.03680786117911339,0.35259711742401123,0.3950244188308716,-0.850021243095398,0.0554768443107605,0.3440089821815491,0.27802902460098267,-0.8951045870780945,0.10066305845975876,0.3336983323097229,0.1420278549194336,-0.4506908059120178,0.25966283679008484,0.8421882390975952,0.13430100679397583,-0.4256356358528137,0.263742059469223,0.8551243543624878,0.20400546491146088,-0.4025624096393585,0.2977710962295532,0.841223955154419,0.20400546491146088,-0.4025624096393585,0.2977710962295532,0.841223955154419,0.22718587517738342,-0.6464426517486572,0.2459043562412262,0.6855869889259338,0.21104715764522552,-0.6084688901901245,0.260420024394989,0.7193095088005066,0.4464040994644165,-0.4811520576477051,0.4544817805290222,0.6022146344184875,0.5443016290664673,-0.34656089544296265,0.29852649569511414,0.7032163143157959,0.6000462770462036,-0.48259884119033813,0.16456304490566254,0.616410493850708,0.5553784370422363,-0.5291831493377686,0.1975724697113037,0.6103156805038452,0.5553784370422363,-0.5291831493377686,0.1975724697113037,0.6103156805038452,0.21353879570960999,-0.6001677513122559,0.2572132349014282,0.7266645431518555,0.04477842152118683,-0.6426185369491577,0.11576472967863083,0.7560654878616333,-0.12361756712198257,-0.6202675700187683,0.30672532320022583,0.7112711668014526,-0.056017905473709106,-0.7714813947677612,0.3377775251865387,0.53626948595047,0.03795095905661583,-0.7687872052192688,0.2986101508140564,0.5642321705818176,0.03795095905661583,-0.7687872052192688,0.2986101508140564,0.5642321705818176,0.22718587517738342,-0.6464426517486572,0.2459043562412262,0.6855869889259338
-0.7002723813056946,-0.3269304633140564,0.07461634278297424,0.22577542066574097,-0.6480151414871216,0.24648652970790863,0.6843582987785339,-0.3673367202281951,0.009943699464201946,-0.4336446821689605,0.5028817653656004,0.0877851024270058,-0.17802618443965912,-0.9491339921951294,0.04184326156973836,0.2628931999206542,1.4488990306854248,0.06231559813022621,0.16636143624782565,0.0,0.11690159142017335,0.6962559819221495,-0.5028694272041321,-0.4269745051860808,0.14732737839221954,0.12667311728000638,-0.45171546936035156,0.5309486389160156,-0.479532092809677,-0.21128034591674805,0.0,-0.02167224697768688,-0.018000302836298897,0.007903352379798787,-0.06775258481502487,-0.23514255881309384,-0.056775346398353084,0.6469550132751464,0.33934593200683427,0.159289225935936,-1.143665194511414,0.08698112517595326,0.053761299699544254,0.12067257612943433,-0.10280001163482681,-0.21631298959255363,0.17329214513301944,0.16363832354545707,0.10462223738431914,0.0,0.3213527500629317,-0.43701228499412564,-0.13398081064224227,0.3955247700214389,0.09008824080228785,-0.10396420210599873,0.08001386374235138,0.5262011289596532,0.37863758206367576,0.0018614529399201144,0.0,0.0,0.0,0.22577542066574097,-0.6480151414871216,0.24648652970790863,0.6843582987785339,0.22577542066574097,-0.6480151414871216,0.24648652970790863,0.6843582987785339,0.23482996225357056,-0.7685186862945557,0.2348603457212448,0.5468770861625671,0.23754605650901794,-0.7673414945602417,0.23867838084697723,0.5457027554512024,0.397060364484787,-0.6982722878456116,0.1156943216919899,0.5842719674110413,0.35579007863998413,-0.530948281288147,0.21084482967853546,0.7396295070648193,0.3461958169937134,-0.4979831278324127,0.22625327110290527,0.7622143030166626,0.27706772089004517,-0.5161245465278625,0.18108901381492615,0.7899719476699829,0.27706772089004517,-0.5161245465278625,0.18108901381492615,0.7899719476699829,0.38625967502593994,-0.851765513420105,0.03865620866417885,0.3518589437007904,0.3935360908508301,-0.8507704138755798,0.05646677315235138,0.3437013328075409,0.2786320447921753,-0.8950112462043762,0.10102804005146027,0.33333534002304077,0.14170396327972412,-0.44933292269706726,0.2603122293949127,0.8427677154541016,0.13352574408054352,-0.4228602647781372,0.26460033655166626,0.8563566207885742,0.20421433448791504,-0.39941394329071045,0.29881876707077026,0.8423018455505371,0.20421433448791504,-0.39941394329071045,0.29881876707077026,0.8423018455505371,0.22577542066574097,-0.6480151414871216,0.24648652970790863,0.6843582987785339,0.2086421549320221,-0.6078370213508606,0.2617390751838684,0.7200661897659302,0.4417687654495239,-0.48208534717559814,0.4533948600292206,0.6056956052780151,0.540496826171875,-0.3477705717086792,0.29564526677131653,0.7067621350288391,0.5949602723121643,-0.482299268245697,0.16504041850566864,0.6214268803596497,0.549677848815918,-0.5291115045547485,0.19883526861667633,0.6151096224784851,0.549677848815918,-0.5291115045547485,0.19883526861667633,0.6151096224784851,0.2123277336359024,-0.6025880575180054,0.25753453373908997,0.7249003648757935,0.04459918662905693,-0.644956648349762,0.11604876816272736,0.7540388107299805,-0.12775644659996033,-0.6216186881065369,0.31016260385513306,0.7078613638877869,-0.060318414121866226,-0.7698993682861328,0.3417218327522278,0.535577118396759,0.03350534290075302,-0.7675634622573853,0.3026030957698822,0.564052402973175,0.03350534290075302,-0.7675634622573853,0.3026030957698822,0.564052402973175,0.22577542066574097,-0.6480151414871216,0.24648652970790863,0.6843582987785339
-0.7006909132003785,-0.3271538734436035,0.07446571439504623,0.22577542066574097,-0.6480151414871216,0.24648652970790863,0.6843582987785339,-0.3548917889595032,0.011681195907294746,-0.4303576707839966,0.47853499650955206,0.0905584841966629,-0.17891707122325898,-0.9532163143157959,0.03932643085718156,0.2542451232671738,1.4552243232727051,0.06900358796119688,0.16796071231365203,0.0,0.09084451198577886,0.686629319190979,-0.5050238847732544,-0.41826218962669376,0.14850208759307862,0.1253654330968857,-0.4505756914615631,0.5339446663856506,-0.4694172501564026,-0.21128223240375518,0.0,-0.0212248545140028,-0.013902424462139615,-0.0013575106859206945,-0.026168049871921638,-0.12246367335319544,-0.012573176622390839,0.6321299076080322,0.18786326050758395,0.16232602298259735,-1.1878690719604492,0.11799390316009514,-0.005222081393003328,-0.07420061975717501,-0.11662492156028745,-0.34596747756004304,0.259075617790222,0.26609500646591167,0.08982717245817187,0.0,-0.6531712472438791,-0.4636047780513763,-0.11822604686021808,0.41957935690879816,0.07127657011151317,-0.08081620633602148,0.06619888022542003,0.3003612756729131,0.4549003124237059,0.0006879866356030132,0.0,0.0,0.0,0.22577542066574097,-0.6480151414871216,0.24648652970790863,0.6843582987785339,0.22577542066574097,-0.6480151414871216,0.24648652970790863,0.6843582987785339,0.23467688262462616,-0.765064001083374,0.2355789840221405,0.5514582991600037,0.2378964126110077,-0.763674795627594,0.24004141986370087,0.5500784516334534,0.39547497034072876,-0.6952654123306274,0.11705652624368668,0.5886455178260803,0.3564589023590088,-0.5359593629837036,0.20745164155960083,0.736646831035614,0.34670448303222656,-0.5020660758018494,0.22337308526039124,0.7601514458656311,0.2774074375629425,-0.520013689994812,0.17762458324432373,0.7880865335464478,0.2774074375629425,-0.520013689994812,0.17762458324432373,0.7880865335464478,0.3869170844554901,-0.852354109287262,0.0379377156496048,0.3497834801673889,0.393721342086792,-0.8514425754547119,0.05468880385160446,0.34210869669914246,0.28260040283203125,-0.894489049911499,0.09762422740459442,0.33240944147109985,0.14610645174980164,-0.4468914866447449,0.2608664929866791,0.8431427478790283,0.13701967895030975,-0.4175417423248291,0.2657615840435028,0.8580530881881714,0.2085130214691162,-0.39377832412719727,0.29984694719314575,0.8435359597206116,0.2085130214691162,-0.39377832412719727,0.29984694719314575,0.8435359597206116,0.22577542066574097,-0.6480151414871216,0.24648652970790863,0.6843582987785339,0.2125205546617508,-0.6172816753387451,0.25862738490104675,0.7119763493537903,0.439805805683136,-0.4942035675048828,0.451286256313324,0.5988944172859192,0.5420097708702087,-0.3594687581062317,0.29454827308654785,0.7001776695251465,0.5955041646957397,-0.4898229241371155,0.16649094223976135,0.6145967841148376,0.5494173765182495,-0.5370087027549744,0.19992810487747192,0.6081045866012573,0.5494173765182495,-0.5370087027549744,0.19992810487747192,0.6081045866012573,0.2124623954296112,-0.6033806800842285,0.2576393187046051,0.7241640090942383,0.04532437026500702,-0.6456864476203918,0.11634168028831482,0.7533255219459534,-0.12821322679519653,-0.6222675442695618,0.31131449341773987,0.7067019939422607,-0.06197997182607651,-0.7675578594207764,0.3424606919288635,0.5382695198059082,0.03167903423309326,-0.7654064893722534,0.30301856994628906,0.5668588876724243,0.03167903423309326,-0.7654064893722534,0.30301856994628906,0.5668588876724243,0.22577542066574097,-0.6480151414871216,0.24648652970790863,0.6843582987785339
-0.7008912324905395,-0.3273509442806244,0.07444222271442413,0.22579503059387207,-0.6486011743545532,0.247465118765831,0.6834427714347839,-0.34404057264328003,0.013854831084609024,-0.4266001343727112,0.45663329362869265,0.09412755370140075,-0.17965046763420106,-0.9566220879554749,0.036447821557521826,0.24712717533111572,1.4712600469589232,0.07461689561605453,0.16847163736820223,0.0,0.07490966320037841,0.6764883875846863,-0.5062681078910828,-0.40947280526161195,0.15131893754005432,0.12435854971408844,-0.4497319579124451,0.5365452766418457,-0.46014243364334106,-0.2129664361476898,0.0,-0.014380215480923697,-0.010380326863378291,-0.0037173180840909736,-0.016500237095169602,-0.06316461339592923,0.04315219931304437,0.5744350612163547,0.09995898008346549,0.17846630513668052,-1.1439863562583927,0.16253972053527815,-0.039819624647498164,-0.1838196381926538,-0.13669488430023186,-0.3864999443292621,0.6075775086879711,0.3021589994430544,0.04731326848268531,0.0,-0.9991870403289815,-0.49676117897033684,-0.08041584044694919,0.43792781233787537,0.10799967274069754,-0.05636018514633184,0.048107561469078124,0.13793884366750725,0.48054134249687214,-0.050563842050905465,0.0,0.0,0.0,0.22579503059387207,-0.6486011743545532,0.247465118765831,0.6834427714347839,0.22579503059387207,-0.6486011743545532,0.247465118765831,0.6834427714347839,0.2346404790878296,-0.7620333433151245,0.23675888776779175,0.5551525354385376,0.23848214745521545,-0.7603743076324463,0.24203088879585266,0.5535142421722412,0.3940412700176239,-0.6926596760749817,0.11937681585550308,0.5922020673751831,0.35680490732192993,-0.5406433939933777,0.20546986162662506,0.7336055040359497,0.3467405140399933,-0.5055320262908936,0.2220272570848465,0.7582296133041382,0.27732619643211365,-0.523410975933075,0.1757834255695343,0.7862769365310669,0.27732619643211365,-0.523410975933075,0.1757834255695343,0.7862769365310669,0.3877452313899994,-0.8527682423591614,0.03788688778877258,0.3478570878505707,0.3940204679965973,-0.851935863494873,0.053420379757881165,0.3407338559627533,0.2860161066055298,-0.89400315284729,0.09500917792320251,0.33155176043510437,0.14829078316688538,-0.4403344988822937,0.26238977909088135,0.8457346558570862,0.13839969038963318,-0.4084826111793518,0.26774004101753235,0.8615699410438538,0.21039532124996185,-0.38450807332992554,0.301164835691452,0.8468689918518066,0.21039532124996185,-0.38450807332992554,0.301164835691452,0.8468689918518066,0.22579503059387207,-0.6486011743545532,0.247465118765831,0.6834427714347839,0.21486146748065948,-0.6231362819671631,0.25733682513237,0.7066212296485901,0.4371635317802429,-0.5024393200874329,0.44953516125679016,0.5952823162078857,0.5417436957359314,-0.36779770255088806,0.2932978570461273,0.6965737342834473,0.5942530035972595,-0.49469634890556335,0.1681434065103531,0.6114464402198792,0.5469686388969421,-0.542651355266571,0.20190441608428955,0.6046399474143982,0.5469686388969421,-0.542651355266571,0.20190441608428955,0.6046399474143982,0.21254262328147888,-0.604081928730011,0.2583233118057251,0.7233116030693054,0.04591066390275955,-0.6464734077453613,0.11712421476840973,0.7524933815002441,-0.1287015676498413,-0.6229705810546875,0.3127654492855072,0.7053520083427429,-0.06348802149295807,-0.7654428482055664,0.34352797269821167,0.5404211282730103,0.030761823058128357,-0.7633979916572571,0.3034878075122833,0.5693613290786743,0.030761823058128357,-0.7633979916572571,0.3034878075122833,0.5693613290786743,0.22579503059387207,-0.6486011743545532,0.247465118765831,0.6834427714347839
-0.7006551265716553,-0.3274953365325928,0.07467300444841385,0.2258363664150238,-0.6489097476005554,0.24933823943138123,0.6824546456336975,-0.33637678623199463,0.016900743730366236,-0.4219015479087829,0.43962172269821165,0.09928799867630006,-0.18006888329982756,-0.9586747646331787,0.032845655083656305,0.24306948482990265,1.5067166328430177,0.07808083891868592,0.16680586040019987,0.0,0.07921927571296693,0.6653189182281494,-0.5056918621063232,-0.400529283285141,0.1574200689792633,0.12395326793193817,-0.44948031306266784,0.5383550524711609,-0.45254766941070557,-0.21801527440547944,0.0,0.005258916690945668,-0.008009790815412993,0.007724984455853725,-0.0706658745883034,-0.11062519326806079,0.1219239931553604,0.431000733375549,0.1392114594578744,0.22081355750560772,-0.9239304542541499,0.2341516166925432,-0.025645492225885358,-0.12293027937412249,-0.16925495266914375,-0.2487883687019345,1.4815162360668201,0.20543761253356912,-0.050638313591480494,0.0,-0.08818633556365763,-0.5430453956127168,0.001505251228809526,0.4448640048503876,0.2557923220098022,-0.029288113117217955,0.02146357223391527,0.10235129892826073,0.40493897199630724,-0.20197239517438026,0.0,0.0,0.0,0.2258363664150238,-0.6489097476005554,0.24933823943138123,0.6824546456336975,0.2258363664150238,-0.6489097476005554,0.24933823943138123,0.6824546456336975,0.23484842479228973,-0.7598864436149597,0.2388722449541092,0.5570986866950989,0.23954924941062927,-0.7578402161598206,0.24528376758098602,0.5550947189331055,0.39292576909065247,-0.6908820867538452,0.12361758947372437,0.5941464900970459,0.35652631521224976,-0.5447048544883728,0.20632310211658478,0.730490505695343,0.34584587812423706,-0.5077850818634033,0.22375954687595367,0.756621778011322,0.2764151990413666,-0.5258473753929138,0.17719663679599762,0.7846531867980957,0.2764151990413666,-0.5258473753929138,0.17719663679599762,0.7846531867980957,0.3889170289039612,-0.8528382778167725,0.03917161747813225,0.34623098373413086,0.3945510983467102,-0.8520796895027161,0.05317160114645958,0.33979785442352295,0.2883385717868805,-0.8936281204223633,0.09397589415311813,0.330844908952713,0.14601705968379974,-0.4254826307296753,0.26581254601478577,0.8526355028152466,0.13553018867969513,-0.3918798565864563,0.2713107466697693,0.8685921430587769,0.2074154019355774,-0.3679162859916687,0.3030197024345398,0.8542807102203369,0.2074154019355774,-0.3679162859916687,0.3030197024345398,0.8542807102203369,0.2258363664150238,-0.6489097476005554,0.24933823943138123,0.6824546456336975,0.21418973803520203,-0.6219916939735413,0.25976473093032837,0.7069451212882996,0.4333030879497528,-0.5030673742294312,0.4486432373523712,0.5982399582862854,0.5380762815475464,-0.3694915175437927,0.29182571172714233,0.6991335153579712,0.5894985795021057,-0.49434059858322144,0.17022402584552765,0.6157455444335938,0.5402196049690247,-0.5438586473464966,0.20567521452903748,0.6083405613899231,0.5402196049690247,-0.5438586473464966,0.20567521452903748,0.6083405613899231,0.21251383423805237,-0.6045998334884644,0.2601654529571533,0.7222263813018799,0.04621913656592369,-0.6473739743232727,0.11888595670461655,0.751423180103302,-0.12925297021865845,-0.6237819790840149,0.31481441855430603,0.7036205530166626,-0.06469034403562546,-0.7637972235679626,0.34525930881500244,0.5415024161338806,0.03166348487138748,-0.7617027759552002,0.3040710389614105,0.5712679028511047,0.03166348487138748,-0.7617027759552002,0.3040710389614105,0.5712679028511047,0.2258363664150238,-0.6489097476005554,0.24933823943138123,0.6824546456336975
-0.7005613327026368,-0.3276801764965057,0.07495172023773193,0.22568652033805847,-0.6485885977745056,0.25103551149368286,0.6821873784065247,-0.3295553684234619,0.018919158354401593,-0.42072488069534303,0.42189067602157587,0.1029283493757248,-0.18001343607902526,-0.9650657057762146,0.03318000882863999,0.2383120357990265,1.524255633354187,0.08483155220746996,0.16692968904972078,0.0,0.08399040699005128,0.6584635853767395,-0.507050621509552,-0.3949747383594513,0.16261122226715088,0.12382563650608062,-0.4494624614715576,0.5391890287399292,-0.44778244495391845,-0.2219437003135681,0.0,0.007535933889448628,-0.008433043304830794,0.012977107428014284,-0.10890777856111533,-0.07309049367904645,0.13126363754272455,0.35791823267936695,0.12147068083286275,0.1292717427015301,-0.8721627593040467,0.21241941452026353,-0.006704896315932227,-0.2327817484736447,-0.06201270818710289,-0.2238772720098496,1.2353016614913923,0.27180024385452306,-0.029600678384303865,0.0,0.22932617962360385,-0.4290493726730342,-0.02923786230385323,0.34550675749778714,0.2777572035789489,-0.011934577301144571,0.005568444542586781,0.06121480017900457,0.29485199451446503,-0.21882953643798816,0.0,0.0,0.0,0.22568652033805847,-0.6485885977745056,0.25103551149368286,0.6821873784065247,0.22568652033805847,-0.6485885977745056,0.25103551149368286,0.6821873784065247,0.23486542701721191,-0.7574738264083862,0.24083903431892395,0.5595248937606812,0.24014921486377716,-0.7551614046096802,0.24799244105815887,0.557278573513031,0.392543226480484,-0.688367486000061,0.12615717947483063,0.5967783331871033,0.3574269413948059,-0.548151969909668,0.20554986596107483,0.727684497833252,0.346379816532135,-0.5099931955337524,0.2236647754907608,0.7549185752868652,0.27712154388427734,-0.5280331373214722,0.17691877484321594,0.7829971313476562,0.27712154388427734,-0.5280331373214722,0.17691877484321594,0.7829971313476562,0.39033254981040955,-0.8531936407089233,0.039285968989133835,0.3437412977218628,0.39597928524017334,-0.8524255752563477,0.0534348264336586,0.3372178375720978,0.2918417453765869,-0.8934515714645386,0.09314848482608795,0.3284754753112793,0.14678560197353363,-0.4194974899291992,0.26889365911483765,0.8545011281967163,0.1352435052394867,-0.38288938999176025,0.2748826742172241,0.8715184926986694,0.20742997527122498,-0.3586394488811493,0.3058450222015381,0.8572102189064026,0.20742997527122498,-0.3586394488811493,0.3058450222015381,0.8572102189064026,0.22568652033805847,-0.6485885977745056,0.25103551149368286,0.6821873784065247,0.21325716376304626,-0.6200289726257324,0.2620686888694763,0.7080999612808228,0.43073999881744385,-0.5019981265068054,0.44846266508102417,0.6011174917221069,0.5355679392814636,-0.36866044998168945,0.2904367446899414,0.7020704746246338,0.5862013697624207,-0.4925253987312317,0.1710672378540039,0.6200990080833435,0.5353217124938965,-0.543401837348938,0.208057701587677,0.612255871295929,0.5353217124938965,-0.543401837348938,0.208057701587677,0.612255871295929,0.21227216720581055,-0.6043432950973511,0.2618405818939209,0.7219067811965942,0.04606155306100845,-0.647496223449707,0.12058186531066895,0.7510573267936707,-0.12973304092884064,-0.6237913966178894,0.3166389763355255,0.7027044296264648,-0.06545542180538177,-0.7623150944709778,0.3469020426273346,0.5424485206604004,0.032513249665498734,-0.7601585984230042,0.30479520559310913,0.5728889107704163,0.032513249665498734,-0.7601585984230042,0.30479520559310913,0.5728889107704163,0.22568652033805847,-0.6485885977745056,0.25103551149368286,0.6821873784065247
-0.700538694858551,-0.327885240316391,0.0752544030547142,0.2254408448934555,-0.6479518413543701,0.25264453887939453,0.682279646396637,-0.32315513491630554,0.020423823967576027,-0.4213091731071472,0.4037998914718628,0.10580865293741226,-0.17972105741500854,-0.9736257791519165,0.03548262268304825,0.2332047075033188,1.532835841178894,0.09322565048933029,0.16794832050800323,0.0,0.08899229764938354,0.6537653207778931,-0.5093768835067749,-0.3911146819591522,0.16734738647937775,0.12383683025836945,-0.4495615065097809,0.5395351052284241,-0.44443199038505554,-0.22531192004680634,0.0,0.001131892204284668,-0.01025319006294012,0.01513413991779089,-0.13918781280517578,0.006941840052604675,0.10588720440864563,0.3200116455554962,0.07523327320814133,-0.029214605689048767,-0.904539167881012,0.14401516318321228,0.014618931338191032,-0.42800363153219223,0.11513069272041315,-0.25536641478538513,0.42901039123535156,0.4197048842906952,0.05093156546354294,0.0,0.25009453296661377,-0.23491322994232178,-0.11631308682262897,0.19300279021263123,0.2368081957101822,0.0005596876144409214,-0.0049522509798407555,0.017303824424743652,0.16752271354198456,-0.16841097176074982,0.0,0.0,0.0,0.2254408448934555,-0.6479518413543701,0.25264453887939453,0.682279646396637,0.2254408448934555,-0.6479518413543701,0.25264453887939453,0.682279646396637,0.23478463292121887,-0.7549208998680115,0.24273018538951874,0.5621855854988098,0.24051328003406525,-0.7524028420448303,0.2504265606403351,0.559758722782135,0.39252403378486633,-0.6854791045188904,0.12784512341022491,0.5997490882873535,0.35891392827033997,-0.5512868762016296,0.20396150648593903,0.7250264286994934,0.34762635827064514,-0.5121763944625854,0.22265538573265076,0.7531638741493225,0.2786351144313812,-0.5300909280776978,0.17579449713230133,0.7813209295272827,0.2786351144313812,-0.5300909280776978,0.17579449713230133,0.7813209295272827,0.3918668031692505,-0.853684663772583,0.03881481662392616,0.3408171534538269,0.3978513479232788,-0.8528617024421692,0.053953398019075394,0.3338116407394409,0.29592931270599365,-0.8933558464050293,0.09242212027311325,0.32526811957359314,0.14908717572689056,-0.4179805815219879,0.2718253433704376,0.853918194770813,0.1362592726945877,-0.377737432718277,0.2784769535064697,0.8724668622016907,0.2089577317237854,-0.35304898023605347,0.30917859077453613,0.8579636812210083,0.2089577317237854,-0.35304898023605347,0.30917859077453613,0.8579636812210083,0.2254408448934555,-0.6479518413543701,0.25264453887939453,0.682279646396637,0.21219214797019958,-0.6176512837409973,0.26430824398994446,0.7096636891365051,0.42882367968559265,-0.5000779628753662,0.44863566756248474,0.6039522290229797,0.5336348414421082,-0.36656394600868225,0.2890869677066803,0.7051903605461121,0.5836259126663208,-0.4899747371673584,0.17128974199295044,0.6244720816612244,0.5313464999198914,-0.5421099662780762,0.20974478125572205,0.6162749528884888,0.5313464999198914,-0.5421099662780762,0.20974478125572205,0.6162749528884888,0.21192389726638794,-0.6036988496780396,0.26343193650245667,0.7219692468643188,0.045670896768569946,-0.6472286581993103,0.12224476039409637,0.751042902469635,-0.13017740845680237,-0.6233997344970703,0.31835129857063293,0.7021958827972412,-0.06600175052881241,-0.7609131336212158,0.3484998047351837,0.5433257818222046,0.03333698958158493,-0.7586881518363953,0.3055891692638397,0.5743658542633057,0.03333698958158493,-0.7586881518363953,0.3055891692638397,0.5743658542633057,0.2254408448934555,-0.6479518413543701,0.25264453887939453,0.682279646396637
-0.7004782199859619,-0.3281049132347107,0.07559755593538285,0.22508129477500916,-0.6476119756698608,0.2544230818748474,0.6820601224899292,-0.3160602986812591,0.02372241467237474,-0.42097734808921816,0.3864413499832153,0.10828071534633638,-0.17918277382850648,-0.9778907418251038,0.03771768510341645,0.22965875566005706,1.538465189933777,0.09443202763795853,0.17006967961788177,0.0,0.0938638508319855,0.6488332033157348,-0.5127803564071656,-0.3895616292953491,0.17000692188739777,0.1235767811536789,-0.449904078245163,0.5407658457756043,-0.4406047463417053,-0.22481599748134612,0.0,0.002267002873122697,-0.01069146301597357,0.016348242387175565,-0.14171967506408692,-0.02135328985750688,0.10910927504301073,0.34084972739219677,0.1290510237216952,-0.0017310958355663993,-0.8825718760490416,0.1317679330706596,0.021996079385280642,-0.2991503268480295,0.11310414224863051,-0.20852511227130868,0.34048460721969565,0.20407326817512414,0.08401339650154128,0.0,0.24618439972400663,-0.24192880094051364,-0.14862941503524796,0.12379269748926132,0.17450934052467318,-0.0075775975943543385,-0.012258052360266478,0.043843743950128675,0.18182639777660375,-0.05248671174049327,0.0,0.0,0.0,0.22508129477500916,-0.6476119756698608,0.2544230818748474,0.6820601224899292,0.22508129477500916,-0.6476119756698608,0.2544230818748474,0.6820601224899292,0.2345694601535797,-0.7523915767669678,0.24481916427612305,0.5647546052932739,0.24125465750694275,-0.7494337558746338,0.2537235617637634,0.561933696269989,0.3925153315067291,-0.682485818862915,0.13071474432945251,0.6025434732437134,0.36011719703674316,-0.5540814399719238,0.20365086197853088,0.7223818302154541,0.348568320274353,-0.5141791701316833,0.22284013032913208,0.7513070106506348,0.27994945645332336,-0.5320549607276917,0.17594236135482788,0.7794806957244873,0.27994945645332336,-0.5320549607276917,0.17594236135482788,0.7794806957244873,0.39286696910858154,-0.853811502456665,0.03957866132259369,0.3392566442489624,0.39919406175613403,-0.8529137372970581,0.05567271634936333,0.3317874073982239,0.2988409996032715,-0.8930342197418213,0.09332400560379028,0.3232254385948181,0.1497805267572403,-0.4167669415473938,0.2749190330505371,0.853399395942688,0.1366366744041443,-0.3760237693786621,0.28168240189552307,0.8721190690994263,0.21021413803100586,-0.3507394790649414,0.3126002550125122,0.8573639392852783,0.21021413803100586,-0.3507394790649414,0.3126002550125122,0.8573639392852783,0.22508129477500916,-0.6476119756698608,0.2544230818748474,0.6820601224899292,0.21101051568984985,-0.6156275272369385,0.2666904926300049,0.710882306098938,0.42659828066825867,-0.49850714206695557,0.4490176737308502,0.6065374612808228,0.5316687226295471,-0.36458730697631836,0.2876228094100952,0.7082920074462891,0.5812342762947083,-0.48820045590400696,0.17067931592464447,0.6282479763031006,0.5281772613525391,-0.5409497618675232,0.21009767055511475,0.6198880076408386,0.5281772613525391,-0.5409497618675232,0.21009767055511475,0.6198880076408386,0.21148350834846497,-0.6034699082374573,0.26516419649124146,0.721655547618866,0.045182984322309494,-0.6474130153656006,0.12387353181838989,0.7506466507911682,-0.13111934065818787,-0.6233469247817993,0.3202331066131592,0.7012112140655518,-0.06708294153213501,-0.7596027851104736,0.35033923387527466,0.5438438653945923,0.031926125288009644,-0.7574790716171265,0.30743539333343506,0.575056254863739,0.031926125288009644,-0.7574790716171265,0.30743539333343506,0.575056254863739,0.22508129477500916,-0.6476119756698608,0.2544230818748474,0.6820601224899292
-0.7003460884094238,-0.32831681370735166,0.07599809765815735,0.22469083964824677,-0.647215723991394,0.2563965916633606,0.6818259358406067,-0.30974299311637876,0.026656001433730144,-0.4214979350566864,0.3698071479797362,0.11146098077297215,-0.17912128567695618,-0.9824877738952638,0.04120130464434629,0.2257721811532974,1.5437723875045777,0.0951231449842453,0.17173504531383516,0.0,0.0976971209049225,0.6445776343345642,-0.5157692670822144,-0.3880115807056427,0.1726794958114624,0.12358097732067108,-0.44978961944580076,0.5421936869621277,-0.4366300046443939,-0.225679287314415,0.0,0.005173444328829704,-0.010750471614301198,0.018879308924078988,-0.15291476845741298,-0.0415826499462128,0.11901865899562857,0.3314158648252481,0.1539794072508809,-0.008981108665466992,-0.846196830272674,0.14484920203685817,0.012610315904020883,-0.2232102036476138,0.14920982867479424,-0.18751625716686277,0.2718028992414472,0.04486105963587719,0.09238814562559092,0.0,0.2124291509389869,-0.22630940377712194,-0.15773676484823193,0.07756250351667404,0.13336792588233948,-0.005075096897780684,-0.0034176707267757588,0.06745004206895844,0.19578711688518535,-0.015980242565275325,0.0,0.0,0.0,0.22469083964824677,-0.647215723991394,0.2563965916633606,0.6818259358406067,0.22469083964824677,-0.647215723991394,0.2563965916633606,0.6818259358406067,0.23436221480369568,-0.7500305771827698,0.24707064032554626,0.566996157169342,0.24189910292625427,-0.7466704845428467,0.2570440471172333,0.5638229250907898,0.39274346828460693,-0.6795464754104614,0.1334083527326584,0.6051209568977356,0.3615247309207916,-0.5567082762718201,0.203337162733078,0.7197427749633789,0.34963613748550415,-0.5157537460327148,0.22316007316112518,0.7496347427368164,0.28118693828582764,-0.5336462259292603,0.17613594233989716,0.7779021263122559,0.28118693828582764,-0.5336462259292603,0.17613594233989716,0.7779021263122559,0.393968403339386,-0.8539201617240906,0.040451034903526306,0.3375987410545349,0.4008377194404602,-0.8529068231582642,0.05803275853395462,0.32941097021102905,0.3022097945213318,-0.8926292657852173,0.09477395564317703,0.32078060507774353,0.1504533588886261,-0.4159160256385803,0.27870309352874756,0.8524683713912964,0.13703307509422302,-0.374916136264801,0.28554096817970276,0.8712785243988037,0.21125058829784393,-0.3490455150604248,0.3166425824165344,0.8563165068626404,0.21125058829784393,-0.3490455150604248,0.3166425824165344,0.8563165068626404,0.22469083964824677,-0.647215723991394,0.2563965916633606,0.6818259358406067,0.20994268357753754,-0.613905668258667,0.2691308856010437,0.7117670774459839,0.42457669973373413,-0.49705439805984497,0.4497225284576416,0.6086225509643555,0.5298492312431335,-0.3628016412258148,0.28673645853996277,0.7109267711639404,0.5790997743606567,-0.48651960492134094,0.17061038315296173,0.6315332651138306,0.525265097618103,-0.5399125218391418,0.2109537571668625,0.6229683756828308,0.525265097618103,-0.5399125218391418,0.2109537571668625,0.6229683756828308,0.2109697312116623,-0.6030889749526978,0.26711106300354004,0.7214063405990601,0.04478057473897934,-0.647468090057373,0.12589341402053833,0.7502870559692383,-0.13201415538787842,-0.6231738924980164,0.3225700259208679,0.7001250982284546,-0.06804599612951279,-0.7581143975257874,0.35260242223739624,0.5443379282951355,0.031212467700242996,-0.7560271620750427,0.30942660570144653,0.5759374499320984,0.031212467700242996,-0.7560271620750427,0.30942660570144653,0.5759374499320984,0.22469083964824677,-0.647215723991394,0.2563965916633606,0.6818259358406067
-0.7000706434249878,-0.3285131692886353,0.07651341706514359,0.22423887252807617,-0.6467078328132629,0.2587605118751526,0.6815636157989502,-0.30498074889183036,0.02885958030819896,-0.4237233459949494,0.35462162494659405,0.11605765223503119,-0.18001338839530945,-0.9877489447593689,0.047182038426399314,0.22120436131954188,1.5484352827072143,0.09478374272584915,0.1724884241819382,0.0,0.09945382475852968,0.6416751623153686,-0.5179290533065796,-0.3864675402641296,0.17537814676761632,0.12411366403102876,-0.44876109957695004,0.5440157294273377,-0.4323602676391601,-0.229261001944542,0.0,0.011622547125443902,-0.010050951503217212,0.024044303596019813,-0.18143632411956825,-0.04568046852946287,0.14230266958475143,0.2614381134510031,0.12112905681133226,-0.08569818735122783,-0.7810062766075125,0.20858746916055765,-0.03030126877129135,-0.2530964583158497,0.26157997399568705,-0.21817229688167614,0.24280928373336752,-0.0015123225748545216,0.051348738372325356,0.0,0.11898367106914395,-0.1654200404882423,-0.12042616903781841,0.07729213684797287,0.134541392326355,0.018706975318491775,0.03771507740020806,0.08518909737467789,0.20906190574169176,-0.1383093494921939,0.0,0.0,0.0,0.22423887252807617,-0.6467078328132629,0.2587605118751526,0.6815636157989502,0.22423887252807617,-0.6467078328132629,0.2587605118751526,0.6815636157989502,0.23417559266090393,-0.7480216026306152,0.24965202808380127,0.568594217300415,0.24235662817955017,-0.7443408966064453,0.26041871309280396,0.5651566386222839,0.39345675706863403,-0.6767352819442749,0.13575369119644165,0.6072825789451599,0.3633466064929962,-0.5590085983276367,0.20302075147628784,0.7171270251274109,0.35095950961112976,-0.516477644443512,0.22375284135341644,0.7483401298522949,0.2822743356227875,-0.5344990491867065,0.17642320692539215,0.7768570184707642,0.2822743356227875,-0.5344990491867065,0.17642320692539215,0.7768570184707642,0.3952733278274536,-0.8539949059486389,0.041540563106536865,0.33574700355529785,0.40308186411857605,-0.852778434753418,0.06167398765683174,0.326328843832016,0.30649229884147644,-0.8920568823814392,0.09731986373662949,0.3175310492515564,0.15108506381511688,-0.4157902002334595,0.2838674783706665,0.850712239742279,0.13746783137321472,-0.37502142786979675,0.29070624709129333,0.8694547414779663,0.211849182844162,-0.34858620166778564,0.3219291567802429,0.8543823957443237,0.211849182844162,-0.34858620166778564,0.3219291567802429,0.8543823957443237,0.22423887252807617,-0.6467078328132629,0.2587605118751526,0.6815636157989502,0.2091057300567627,-0.6127973198890686,0.27169185876846313,0.7119956016540527,0.42297083139419556,-0.49584710597991943,0.45108145475387573,0.609718918800354,0.5283377766609192,-0.36140793561935425,0.28701362013816833,0.7126476764678955,0.5774979591369629,-0.4850410223007202,0.17162981629371643,0.633857011795044,0.522883951663971,-0.53913813829422,0.21282288432121277,0.6250031590461731,0.522883951663971,-0.53913813829422,0.21282288432121277,0.6250031590461731,0.21030940115451813,-0.6024046540260315,0.2694874703884125,0.7212870717048645,0.044549182057380676,-0.6472649574279785,0.12869545817375183,0.7500005960464478,-0.13281482458114624,-0.6227606534957886,0.3258172571659088,0.698836624622345,-0.06877287477254868,-0.7562715411186218,0.35571402311325073,0.5447854399681091,0.031893398612737656,-0.7540932893753052,0.31170928478240967,0.577203094959259,0.031893398612737656,-0.7540932893753052,0.31170928478240967,0.577203094959259,0.22423887252807617,-0.6467078328132629,0.2587605118751526,0.6815636157989502
-0.6998562574386596,-0.32865322232246397,0.07688505351543427,0.22390903532505035,-0.6464637517929077,0.2604987323284149,0.6812412738800049,-0.3012836754322052,0.03158800788223746,-0.42393144965171814,0.34299094676971426,0.11931959986686709,-0.17914384603500363,-0.9893919944763183,0.054312313348054954,0.21746555268764492,1.5686664342880252,0.09084879755973811,0.17778545320034034,0.0,0.1014179289340973,0.6373560309410095,-0.5195168018341064,-0.385388046503067,0.17693089842796328,0.12335858047008513,-0.44993256330490117,0.5430437922477722,-0.4264807045459747,-0.22821292579174038,0.0,0.011940478347241854,-0.008128701895475366,0.021455480158328953,-0.15676042139530136,-0.04985121339559559,0.12660591900348633,0.2061570733785625,0.1259243980050089,-0.05075132697820583,-0.6526307582855211,0.1897918492555613,0.008244214206934677,-0.15451490879058694,0.33352291584014937,-0.20352064073085752,0.7001923888921799,-0.12483640015125419,0.1739784322679061,0.0,0.09405719488859185,-0.1876233726739889,-0.09082817584276176,0.06326561570167523,0.10055556893348648,-0.011998774483800448,-0.014573512226344038,0.00728273242711909,0.261781612038613,-0.040192005038259565,0.0,0.0,0.0,0.22390903532505035,-0.6464637517929077,0.2604987323284149,0.6812412738800049,0.22390903532505035,-0.6464637517929077,0.2604987323284149,0.6812412738800049,0.23402366042137146,-0.7465920448303223,0.2515515089035034,0.569697380065918,0.2429930567741394,-0.7425254583358765,0.2633104920387268,0.5659311413764954,0.393769234418869,-0.6747859716415405,0.13835595548152924,0.6086603999137878,0.3643873333930969,-0.5610132217407227,0.2035248577594757,0.714887261390686,0.3516024649143219,-0.5173909664154053,0.22488921880722046,0.7470657825469971,0.28336572647094727,-0.5354332327842712,0.17770665884017944,0.7755226492881775,0.28336572647094727,-0.5354332327842712,0.17770665884017944,0.7755226492881775,0.3959627151489258,-0.8538562059402466,0.042877085506916046,0.3351190984249115,0.40491750836372375,-0.852376401424408,0.066045381128788,0.3242442011833191,0.3100270926952362,-0.8912818431854248,0.10084420442581177,0.31516724824905396,0.14817588031291962,-0.40829935669898987,0.29036515951156616,0.8526567220687866,0.13484767079353333,-0.36915671825408936,0.2967960238456726,0.8703169226646423,0.21158519387245178,-0.3413374125957489,0.3283734917640686,0.854921817779541,0.21158519387245178,-0.3413374125957489,0.3283734917640686,0.854921817779541,0.22390903532505035,-0.6464637517929077,0.2604987323284149,0.6812412738800049,0.2083849012851715,-0.6118836998939514,0.2736588418483734,0.7122393846511841,0.4210442900657654,-0.4953368008136749,0.45159196853637695,0.611087441444397,0.5266094207763672,-0.3609323501586914,0.28658682107925415,0.7143377065658569,0.5756052732467651,-0.48459547758102417,0.17185428738594055,0.6358551979064941,0.5204975605010986,-0.539007842540741,0.21359434723854065,0.62684166431427,0.5204975605010986,-0.539007842540741,0.21359434723854065,0.62684166431427,0.20996049046516418,-0.6024585962295532,0.2711414098739624,0.7207236289978027,0.043896086513996124,-0.6477627158164978,0.12991592288017273,0.7493988275527954,-0.13328510522842407,-0.6231609582901001,0.3264865577220917,0.6980774402618408,-0.06999088078737259,-0.7549046277999878,0.3561583161354065,0.5462340116500854,0.030111737549304962,-0.7529013156890869,0.3121795952320099,0.5785989761352539,0.030111737549304962,-0.7529013156890869,0.3121795952320099,0.5785989761352539,0.22390903532505035,-0.6464637517929077,0.2604987323284149,0.6812412738800049
-0.6996724009513855,-0.3287651240825653,0.07718484848737717,0.2236403375864029,-0.6463518142700195,0.26192420721054077,0.6808891296386719,-0.2981191873550415,0.03457885980606079,-0.42313089966773987,0.3331376910209656,0.12191418558359146,-0.17739348113536835,-0.9892259836196899,0.06201735883951187,0.21414124965667725,1.5966817140579224,0.08511608093976974,0.1853543072938919,0.0,0.10348573327064514,0.6323285698890686,-0.5208185315132141,-0.3845408260822296,0.1779107004404068,0.1219596117734909,-0.45220401883125305,0.5406748652458191,-0.4197962284088135,-0.22484995424747467,0.0,0.009192823432385921,-0.005595087539404631,0.014989747665822506,-0.10548578947782516,-0.05405842140316963,0.0914187878370285,0.15822438895702362,0.14954258501529694,0.04002749174833298,-0.4926627576351166,0.1297292858362198,0.08751823380589485,0.008300542831420898,0.3852522671222687,-0.16621513664722443,1.4007638543844223,-0.28663583099842077,0.3784426711499691,0.0,0.10339020937681198,-0.2513730525970459,-0.0650864839553833,0.04236101731657982,0.048990100622177124,-0.06994843669235706,-0.11357276514172554,-0.11844634264707565,0.33422377705574036,0.16814856231212616,0.0,0.0,0.0,0.2236403375864029,-0.6463518142700195,0.26192420721054077,0.6808891296386719,0.2236403375864029,-0.6463518142700195,0.26192420721054077,0.6808891296386719,0.23388925194740295,-0.7454527020454407,0.25311020016670227,0.5705535411834717,0.24371835589408875,-0.7409653663635254,0.2659601867198944,0.5664246678352356,0.39388009905815125,-0.6732657551765442,0.14108625054359436,0.6096444725990295,0.3650365173816681,-0.5628685355186462,0.2044387310743332,0.7128338813781738,0.3519042730331421,-0.5183977484703064,0.2262968122959137,0.7457995414733887,0.28445765376091003,-0.5364053845405579,0.17948731780052185,0.774039626121521,0.28445765376091003,-0.5364053845405579,0.17948731780052185,0.774039626121521,0.39634430408477783,-0.8536107540130615,0.04433709755539894,0.3351031243801117,0.40654322504997253,-0.8518257737159729,0.07078088819980621,0.3226538896560669,0.3131837546825409,-0.8903934359550476,0.10485633462667465,0.313242107629776,0.14347165822982788,-0.3970582187175751,0.2974807620048523,0.8563094139099121,0.13068537414073944,-0.36026686429977417,0.3033154308795929,0.8724269866943359,0.2108629047870636,-0.33065059781074524,0.3353545069694519,0.8565887808799744,0.2108629047870636,-0.33065059781074524,0.3353545069694519,0.8565887808799744,0.2236403375864029,-0.6463518142700195,0.26192420721054077,0.6808891296386719,0.20772205293178558,-0.6110671162605286,0.275328665971756,0.712490439414978,0.4189561605453491,-0.49517348408699036,0.45167699456214905,0.6125902533531189,0.5247708559036255,-0.3609146177768707,0.28580719232559204,0.7160100936889648,0.5735657215118408,-0.4846653640270233,0.17168086767196655,0.6376891732215881,0.5181070566177368,-0.5391979217529297,0.21381637454032898,0.6285803318023682,0.5181070566177368,-0.5391979217529297,0.21381637454032898,0.6285803318023682,0.20976729691028595,-0.6028817892074585,0.2724340856075287,0.7199380993843079,0.043032169342041016,-0.6486114263534546,0.1303456872701645,0.748639702796936,-0.13359062373638153,-0.6239700317382812,0.3258679211139679,0.6975851655006409,-0.07145427912473679,-0.753774106502533,0.35526806116104126,0.54818195104599,0.02709859423339367,-0.7520755529403687,0.3117416501045227,0.5800561904907227,0.02709859423339367,-0.7520755529403687,0.3117416501045227,0.5800561904907227,0.2236403375864029,-0.6463518142700195,0.26192420721054077,0.6808891296386719
-0.6995433330535888,-0.3290297150611877,0.07781606167554855,0.2224181592464447,-0.6462435126304626,0.2640639543533325,0.6805658340454102,-0.2936069965362549,0.03918938711285593,-0.42108548283576963,0.31986329555511467,0.12803550958633425,-0.17624667584896087,-0.991346788406372,0.07045998275280002,0.2072715491056442,1.5955879449844361,0.08186441212892531,0.1946797668933869,0.0,0.1079926133155823,0.6304262042045593,-0.5227953910827636,-0.3860897481441498,0.17781263887882232,0.12351055443286896,-0.4542258143424988,0.5384057521820068,-0.41273297071456905,-0.22005615830421446,0.0,0.007549166027456515,-0.010175763815641423,0.024932294152677104,-0.17247139811515838,-0.07765346318483363,0.0831200465559959,0.19865547120571153,0.19813284873962422,0.07737349867820756,-0.5952969312667852,0.2355314254760747,0.06941145136952392,-0.060303921997547444,0.40737961530685435,-0.2725770533084874,0.5274924755096396,-0.2122043818235394,0.43114084005355857,0.0,0.1765624761581424,-0.15762019157409626,-0.08534037619829186,-0.02952324822545084,0.016654191911220403,0.01854890584945719,-0.10608296841382978,-0.11545192450284956,0.3455872237682343,0.21107329428195973,0.0,0.0,0.0,0.2224181592464447,-0.6462435126304626,0.2640639543533325,0.6805658340454102,0.2224181592464447,-0.6462435126304626,0.2640639543533325,0.6805658340454102,0.23286636173725128,-0.7438726425170898,0.25556209683418274,0.5719394087791443,0.24403059482574463,-0.7387202978134155,0.2700861394405365,0.5672697424888611,0.3930293619632721,-0.6714079976081848,0.14556916058063507,0.6111864447593689,0.36484402418136597,-0.5655028820037842,0.20630484819412231,0.7103052735328674,0.35089290142059326,-0.518905520439148,0.22922095656394958,0.7450295686721802,0.28396153450012207,-0.5370646715164185,0.18266332149505615,0.7730210423469543,0.28396153450012207,-0.5370646715164185,0.18266332149505615,0.7730210423469543,0.3965197205543518,-0.8537507057189941,0.04632268473505974,0.33426985144615173,0.4080475866794586,-0.8515886068344116,0.07636598497629166,0.3200973868370056,0.3177604377269745,-0.8892275094985962,0.10907745361328125,0.31049150228500366,0.1438109576702118,-0.3986803889274597,0.3036259710788727,0.8533368110656738,0.1312728077173233,-0.3634248375892639,0.30925697088241577,0.8689361810684204,0.21509042382240295,-0.3316318094730377,0.3431231677532196,0.8520698547363281,0.21509042382240295,-0.3316318094730377,0.3431231677532196,0.8520698547363281,0.2224181592464447,-0.6462435126304626,0.2640639543533325,0.6805658340454102,0.20567771792411804,-0.6093988418579102,0.2779639661312103,0.7134885787963867,0.41673800349235535,-0.4932008385658264,0.45319539308547974,0.6145700216293335,0.5224316716194153,-0.35898837447166443,0.2860519289970398,0.718586802482605,0.571446418762207,-0.4837625026702881,0.17186424136161804,0.6402229070663452,0.5160586833953857,-0.5381038188934326,0.21422427892684937,0.6310591697692871,0.5160586833953857,-0.5381038188934326,0.21422427892684937,0.6310591697692871,0.20823264122009277,-0.6022310256958008,0.2746222913265228,0.7200968861579895,0.04074448347091675,-0.6486029624938965,0.13196855783462524,0.7484908103942871,-0.13509105145931244,-0.6235580444335938,0.32657390832901,0.6973345279693604,-0.07385486364364624,-0.7513775825500488,0.3558918237686157,0.5507434010505676,0.022421110421419144,-0.7500864863395691,0.3130238354206085,0.5821372866630554,0.022421110421419144,-0.7500864863395691,0.3130238354206085,0.5821372866630554,0.2224181592464447,-0.6462435126304626,0.2640639543533325,0.6805658340454102
-0.6994460821151733,-0.3292573750019073,0.07837116718292236,0.22139930725097656,-0.6458532214164734,0.2659069299697876,0.6805509328842163,-0.2902093470096588,0.04304869174957277,-0.4195590436458588,0.3091621160507202,0.1347750514745713,-0.17556118369102477,-0.9949104547500611,0.07788081169128423,0.20142497718334196,1.595305371284485,0.07957547456026078,0.20145720243453982,0.0,0.11199924349784854,0.6285969257354737,-0.5241320252418518,-0.38710297346115113,0.17822582125663758,0.12461730539798736,-0.455720579624176,0.5361300587654113,-0.4059184849262237,-0.21612336337566374,0.0,0.005498885735869382,-0.012121616955846518,0.029277428612112938,-0.20591116845607726,-0.06273727118968882,0.07219393253326402,0.19217329025268465,0.20798967778682648,0.08670150637626606,-0.5865232467651347,0.3246127188205724,0.043500868231057754,-0.1493260726332676,0.3914773344993583,-0.3127911418676368,-0.03035258874297077,-0.13370149135589524,0.3898322343826274,0.0,0.21033649146556815,-0.0929256603121757,-0.07963621020317027,-0.0613751947879787,0.01043423907831352,0.06422137618064845,-0.08527886271476703,-0.11365305632352829,0.3456996977329252,0.21385975182056358,0.0,0.0,0.0,0.22139930725097656,-0.6458532214164734,0.2659069299697876,0.6805509328842163,0.22139930725097656,-0.6458532214164734,0.2659069299697876,0.6805509328842163,0.23204070329666138,-0.7424034476280212,0.25765883922576904,0.5732418298721313,0.24432535469532013,-0.736685574054718,0.27357712388038635,0.5681153535842896,0.3923797011375427,-0.6696557998657227,0.1492728441953659,0.6126311421394348,0.3647194504737854,-0.5673458576202393,0.20790614187717438,0.7084303498268127,0.34988999366760254,-0.5183557271957397,0.23199307918548584,0.7450259327888489,0.2832278609275818,-0.5366984009742737,0.18565678596496582,0.7728314995765686,0.2832278609275818,-0.5366984009742737,0.18565678596496582,0.7728314995765686,0.3968978822231293,-0.8539180755615234,0.04757662117481232,0.33321574330329895,0.4095676839351654,-0.8514193296432495,0.0807843953371048,0.31751102209091187,0.32188892364501953,-0.888282835483551,0.11230077594518661,0.30778151750564575,0.14442677795886993,-0.4000820815563202,0.308811753988266,0.8507117629051208,0.13202908635139465,-0.3659264147281647,0.314312219619751,0.865952730178833,0.2184380441904068,-0.3324638307094574,0.34951654076576233,0.8482869863510132,0.2184380441904068,-0.3324638307094574,0.34951654076576233,0.8482869863510132,0.22139930725097656,-0.6458532214164734,0.2659069299697876,0.6805509328842163,0.2039283663034439,-0.6076036691665649,0.28024908900260925,0.7146269083023071,0.41486436128616333,-0.49120065569877625,0.4543617367744446,0.6165751814842224,0.52031409740448,-0.3571279048919678,0.28617364168167114,0.7209975719451904,0.5694700479507446,-0.4827302098274231,0.17205125093460083,0.6427082419395447,0.513999879360199,-0.5370424389839172,0.21475431323051453,0.6334589123725891,0.513999879360199,-0.5370424389839172,0.21475431323051453,0.6334589123725891,0.20696991682052612,-0.6014410853385925,0.2764889895915985,0.7204067707061768,0.03888481482863426,-0.6483522057533264,0.13348065316677094,0.7485386729240417,-0.13611187040805817,-0.6230263113975525,0.32723113894462585,0.697303056716919,-0.07575814425945282,-0.7489718198776245,0.35637983679771423,0.5534394979476929,0.018618430942296982,-0.7480059862136841,0.3139798641204834,0.5844287276268005,0.018618430942296982,-0.7480059862136841,0.3139798641204834,0.5844287276268005,0.22139930725097656,-0.6458532214164734,0.2659069299697876,0.6805509328842163
-0.69941246509552,-0.3294111728668213,0.07877405732870102,0.2207890748977661,-0.644904613494873,0.2671585977077484,0.6811582446098328,-0.2890407800674438,0.04540555104613307,-0.4190705597400665,0.3036073684692382,0.1427510291337968,-0.17579831779003144,-1.0013598442077638,0.0832580506801606,0.19762466251850122,1.596645188331604,0.07921199947595596,0.20313858985900882,0.0,0.11500537395477299,0.6269138216972351,-0.5241882085800171,-0.3870448052883148,0.17966149151325228,0.12483567297458649,-0.45616128444671633,0.5338412046432495,-0.3996015429496764,-0.21391257047653195,0.0,0.002635359670966826,-0.008797823823988395,0.022427736222743896,-0.1722592622041698,0.029201388359071045,0.05601307302713372,0.09186458289623128,0.14037963747978122,0.039993523061274856,-0.3549338459968536,0.3802523195743568,0.0019826911389822163,-0.27918359488249,0.2995157957077014,-0.2207095742225635,0.042654994875193614,-0.04705568850040322,0.1605100870132416,0.0,0.16531400382518707,-0.08634781092405311,-0.022015927731990043,-0.01316249221563276,0.05644618915394009,0.024244128167628706,-0.03784614652395185,-0.11424528807401658,0.32331022620201083,0.1363696604967107,0.0,0.0,0.0,0.2207890748977661,-0.644904613494873,0.2671585977077484,0.6811582446098328,0.2207890748977661,-0.644904613494873,0.2671585977077484,0.6811582446098328,0.23161308467388153,-0.7411677837371826,0.2590492069721222,0.5743860602378845,0.24459314346313477,-0.7350956797599792,0.2758070230484009,0.5689806938171387,0.39214736223220825,-0.6681408286094666,0.1514236032962799,0.6139049530029297,0.3647405505180359,-0.5676210522651672,0.20898325741291046,0.7078818678855896,0.3489062786102295,-0.5156941413879395,0.23446246981620789,0.7465598583221436,0.2820216715335846,-0.5342857837677002,0.188286691904068,0.7743065357208252,0.2820216715335846,-0.5342857837677002,0.188286691904068,0.7743065357208252,0.3976837992668152,-0.8541455268859863,0.04736752808094025,0.33172208070755005,0.411143034696579,-0.8514349460601807,0.08287380635738373,0.31488361954689026,0.3251422643661499,-0.8878406882286072,0.11353574693202972,0.3051736652851105,0.1456059366464615,-0.4010711908340454,0.3121003806591034,0.8488428592681885,0.13313423097133636,-0.3671460747718811,0.3176209330558777,0.8640578985214233,0.22005844116210938,-0.3330477774143219,0.3532112240791321,0.8461059331893921,0.22005844116210938,-0.3330477774143219,0.3532112240791321,0.8461059331893921,0.2207890748977661,-0.644904613494873,0.2671585977077484,0.6811582446098328,0.20277276635169983,-0.6055660843849182,0.28183889389038086,0.7160585522651672,0.413687527179718,-0.4891543686389923,0.4548323154449463,0.618642270565033,0.5186501145362854,-0.35540634393692017,0.2860551178455353,0.7230911254882812,0.567786693572998,-0.48144498467445374,0.17224770784378052,0.6451045274734497,0.5119265913963318,-0.5360530018806458,0.2155310958623886,0.6357079744338989,0.5119265913963318,-0.5360530018806458,0.2155310958623886,0.6357079744338989,0.20625321567058563,-0.6003789901733398,0.2777154743671417,0.7210262417793274,0.03788164630532265,-0.6476243734359741,0.1347726285457611,0.7489886283874512,-0.13617409765720367,-0.6222578287124634,0.32779231667518616,0.6977134943008423,-0.07666832208633423,-0.7465630769729614,0.35660383105278015,0.556416392326355,0.016566386446356773,-0.7457744479179382,0.31429675221443176,0.5871657133102417,0.016566386446356773,-0.7457744479179382,0.31429675221443176,0.5871657133102417,0.2207890748977661,-0.644904613494873,0.2671585977077484,0.6811582446098328
-0.6994307279586792,-0.32950382828712466,0.07898916304111481,0.22059345245361328,-0.6439066529273987,0.26786911487579346,0.6818861961364746,-0.2882904469966888,0.0463213250041008,-0.4182122766971588,0.2992938995361328,0.14727371633052827,-0.17579371333122254,-1.0080683946609497,0.08453377485275268,0.19440976083278652,1.596981930732727,0.0791284278035164,0.2015440225601196,0.0,0.11690292954444886,0.6251332998275757,-0.5235183596611023,-0.38621970415115353,0.17894921898841856,0.12362988293170928,-0.45640766620635986,0.5288536667823791,-0.3939739882946014,-0.21143071949481962,0.0,0.00012445438187567298,-0.005855619441717839,0.01451097317039959,-0.12554798722267105,0.08034870252013233,0.04324953705072393,0.045881327241659,0.07461040019988956,0.03551816679537311,-0.24049901366233775,0.2952001512050615,-0.0046045480296014775,-0.3302442729473115,0.1458165049552901,-0.1724533289670942,0.036898612976073816,-0.009776650741696246,-0.014209266006947871,0.0,0.11704926788806871,-0.08707772940397267,0.018971799546852998,0.025916395848617265,0.007345227897166351,-0.031806347705424405,-0.016205548122525136,-0.19540319889783966,0.2951654613018033,0.11867138296365749,0.0,0.0,0.0,0.22059345245361328,-0.6439066529273987,0.26786911487579346,0.6818861961364746,0.22059345245361328,-0.6439066529273987,0.26786911487579346,0.6818861961364746,0.23153354227542877,-0.7400431036949158,0.25983476638793945,0.5755122303962708,0.24479958415031433,-0.7338272333145142,0.2769033908843994,0.5699958801269531,0.3917993903160095,-0.6670252084732056,0.15254901349544525,0.615060567855835,0.36474746465682983,-0.5677125453948975,0.20934222638607025,0.7076987624168396,0.3482937812805176,-0.5142719745635986,0.23551946878433228,0.7474935054779053,0.28133144974708557,-0.532961368560791,0.18946552276611328,0.7751823663711548,0.28133144974708557,-0.532961368560791,0.18946552276611328,0.7751823663711548,0.3986104726791382,-0.8543610572814941,0.04641255736351013,0.33018580079078674,0.412206768989563,-0.8516367077827454,0.08247148245573044,0.31304818391799927,0.32760852575302124,-0.8876218199729919,0.11246541142463684,0.3035649061203003,0.14804206788539886,-0.40192756056785583,0.3131442070007324,0.8476312160491943,0.13554012775421143,-0.36808592081069946,0.3187548518180847,0.862865686416626,0.22165873646736145,-0.3341505229473114,0.3541659712791443,0.8448535203933716,0.22165873646736145,-0.3341505229473114,0.3541659712791443,0.8448535203933716,0.22059345245361328,-0.6439066529273987,0.26786911487579346,0.6818861961364746,0.20223721861839294,-0.6038602590560913,0.28277429938316345,0.7172807455062866,0.41300272941589355,-0.4876479506492615,0.4547622501850128,0.6203382015228271,0.5174881219863892,-0.3542887270450592,0.2857694923877716,0.7245835065841675,0.5664948225021362,-0.4803963303565979,0.17242324352264404,0.6469722986221313,0.5109256505966187,-0.534702479839325,0.21572557091712952,0.6375819444656372,0.5109256505966187,-0.534702479839325,0.21572557091712952,0.6375819444656372,0.20601414144039154,-0.6000244617462158,0.278124064207077,0.7212321162223816,0.03754723072052002,-0.6473812460899353,0.13520319759845734,0.7491380572319031,-0.13471779227256775,-0.6222161054611206,0.3267577290534973,0.6985182166099548,-0.07630222290754318,-0.7451404333114624,0.35500818490982056,0.5593861937522888,0.01575794816017151,-0.7444347143173218,0.31288251280784607,0.5896382927894592,0.01575794816017151,-0.7444347143173218,0.31288251280784607,0.5896382927894592,0.22059345245361328,-0.6439066529273987,0.26786911487579346,0.6818861961364746
-0.6994749307632446,-0.3295659124851227,0.07911037653684616,0.22060512006282806,-0.6428837776184082,0.2683088779449463,0.6826742887496948,-0.2877492308616638,0.04651655629277229,-0.41716909408569336,0.2956010699272156,0.15006975829601288,-0.17566823959350586,-1.0149065256118774,0.08375874161720276,0.19148756563663483,1.596817135810852,0.07918480783700943,0.1983114778995514,0.0,0.11824619770050049,0.6233040690422058,-0.5224854946136475,-0.38501113653182983,0.17716297507286072,0.12171201407909393,-0.45655688643455505,0.5225167870521545,-0.38869112730026245,-0.20881333947181702,0.0,-0.002210140344686806,-0.0031042094342410564,0.006060674786567688,-0.0723070278763771,0.11110033839941025,0.03219466283917427,0.027060803025960922,0.009761564433574677,0.05215912684798241,-0.18464146554470062,0.13980209827423096,0.006273685954511166,-0.34190651774406433,-0.03875166177749634,-0.14610974490642548,-0.00823974609375,0.0028190016746520996,-0.16162721067667007,0.0,0.06716340780258179,-0.09146153181791306,0.051643248880282044,0.06042837700806558,-0.08931218832731247,-0.09589343611150981,-0.0074610114097595215,-0.3168439492583275,0.26414304971694946,0.13086900115013123,0.0,0.0,0.0,0.22060512006282806,-0.6428837776184082,0.2683088779449463,0.6826742887496948,0.22060512006282806,-0.6428837776184082,0.2683088779449463,0.6826742887496948,0.2316279113292694,-0.7389736771583557,0.2603178024291992,0.5766290426254272,0.24497544765472412,-0.7327198386192322,0.2774331271648407,0.5710862874984741,0.3913938105106354,-0.6661097407341003,0.15316186845302582,0.616157591342926,0.3645715117454529,-0.5681101679801941,0.20912982523441315,0.7075331211090088,0.3478683829307556,-0.513471782207489,0.2358713001012802,0.7481303811073303,0.2809004485607147,-0.5321832895278931,0.18991965055465698,0.7757618427276611,0.2809004485607147,-0.5321832895278931,0.18991965055465698,0.7757618427276611,0.39960625767707825,-0.8545680046081543,0.04508449509739876,0.3286271095275879,0.41301456093788147,-0.8519311547279358,0.08082327246665955,0.31160861253738403,0.3296804130077362,-0.8875125050544739,0.11024213582277298,0.30245494842529297,0.1511061042547226,-0.4027160704135895,0.3130646049976349,0.8467450737953186,0.13859595358371735,-0.3688845634460449,0.3188003599643707,0.8620218634605408,0.22324959933757782,-0.33551353216171265,0.3537515699863434,0.8440676331520081,0.22324959933757782,-0.33551353216171265,0.3537515699863434,0.8440676331520081,0.22060512006282806,-0.6428837776184082,0.2683088779449463,0.6826742887496948,0.20201168954372406,-0.6023202538490295,0.28338247537612915,0.7183981537818909,0.4125639498233795,-0.4864114820957184,0.45442184805870056,0.6218485832214355,0.5165774822235107,-0.35347333550453186,0.28540048003196716,0.7257760167121887,0.5653985738754272,-0.4794657826423645,0.1725883036851883,0.6485756039619446,0.510460376739502,-0.5331708192825317,0.2156287133693695,0.6392678022384644,0.510460376739502,-0.5331708192825317,0.2156287133693695,0.6392678022384644,0.20636588335037231,-0.5994139909744263,0.27859556674957275,0.7214572429656982,0.03774575889110565,-0.6469100713729858,0.1357201188802719,0.7494415640830994,-0.13250117003917694,-0.6225330829620361,0.3249228298664093,0.6995149254798889,-0.07529731094837189,-0.7442039847373962,0.3524995744228363,0.5623475313186646,0.015571254305541515,-0.7435378432273865,0.3106013834476471,0.5919761657714844,0.015571254305541515,-0.7435378432273865,0.3106013834476471,0.5919761657714844,0.22060512006282806,-0.6428837776184082,0.2683088779449463,0.6826742887496948
-0.6996951937675476,-0.32960269451141355,0.07916710525751114,0.22006404399871826,-0.6424190998077393,0.26772844791412354,0.6835137009620667,-0.29042884707450867,0.043347048014402374,-0.42326203584671024,0.2878951549530029,0.169210109114647,-0.18611567616462713,-1.0235340833663942,0.07969244569540022,0.19057140350341797,1.5937086343765259,0.08626126646995548,0.1935639679431915,0.0,0.10532937645912165,0.630789577960968,-0.5265737533569336,-0.40166295170784005,0.1725042015314102,0.1029932349920272,-0.46557629704475406,0.5267185568809509,-0.39703928828239443,-0.2001061826944351,0.0,-0.007491945661604428,-0.0023451445857062903,0.004126131208613507,-0.04728838801383961,0.09482527971267693,-0.03912948593497309,-0.06956416554749055,-0.09118061009794518,-0.16192458644509408,-0.30503401756286674,0.6301313281059286,-0.3109136228449657,-0.39558932185173057,-0.1374895296990876,-0.08592876195907566,-0.09655093252658883,0.21342135048471483,-0.20707617700099964,0.0,-0.3606392383575458,0.18798064142465715,-0.10199044719338485,-0.47538307085633513,-0.17548807710409203,-0.5999207064509414,-0.2735667045228195,-0.0006845057010636535,-0.14478760957718073,0.31356228590011676,0.0,0.0,0.0,0.22006404399871826,-0.6424190998077393,0.26772844791412354,0.6835137009620667,0.22006404399871826,-0.6424190998077393,0.26772844791412354,0.6835137009620667,0.23110872507095337,-0.7394368648529053,0.25975102186203003,0.5764990448951721,0.24354857206344604,-0.7336340546607971,0.2757147550582886,0.5713551044464111,0.39222052693367004,-0.6661099195480347,0.14954768121242523,0.6165194511413574,0.36670351028442383,-0.5707831382751465,0.2042626142501831,0.7056995630264282,0.34814921021461487,-0.5091005563735962,0.23452836275100708,0.7514021396636963,0.27680903673171997,-0.5286887884140015,0.1862221658229828,0.7805038690567017,0.27680903673171997,-0.5286887884140015,0.1862221658229828,0.7805038690567017,0.3999374806880951,-0.855544924736023,0.042697079479694366,0.32599055767059326,0.4126102030277252,-0.8531628251075745,0.07674305140972137,0.30980074405670166,0.32956767082214355,-0.8885493278503418,0.1058703064918518,0.3010926842689514,0.15463747084140778,-0.40573155879974365,0.30969077348709106,0.8459082841873169,0.14114674925804138,-0.3688788115978241,0.3160756826400757,0.8626136779785156,0.22384047508239746,-0.33660489320755005,0.3502405285835266,0.8449403047561646,0.22384047508239746,-0.33660489320755005,0.3502405285835266,0.8449403047561646,0.22006404399871826,-0.6424190998077393,0.26772844791412354,0.6835137009620667,0.2035665512084961,-0.6063478589057922,0.2811788320541382,0.7154310345649719,0.4154372215270996,-0.4892209768295288,0.4554039239883423,0.6169944405555725,0.5207493305206299,-0.3543654680252075,0.28624671697616577,0.7220166921615601,0.5713276863098145,-0.4846050441265106,0.16755974292755127,0.6408329010009766,0.5175583362579346,-0.5372899770736694,0.20874440670013428,0.6323597431182861,0.5175583362579346,-0.5372899770736694,0.20874440670013428,0.6323597431182861,0.20809008181095123,-0.6057440042495728,0.2764715254306793,0.7164748907089233,0.037206243723630905,-0.6531758308410645,0.1292576640844345,0.7451642155647278,-0.13589908182621002,-0.6281347274780273,0.31900620460510254,0.6965725421905518,-0.07860922068357468,-0.7513877749443054,0.3477935791015625,0.555226743221283,0.008985178545117378,-0.7512527704238892,0.30858102440834045,0.5833663940429688,0.008985178545117378,-0.7512527704238892,0.30858102440834045,0.5833663940429688,0.22006404399871826,-0.6424190998077393,0.26772844791412354,0.6835137009620667
-0.6998995423316956,-0.32967079281806944,0.07924886494874954,0.21964117884635925,-0.6418050527572632,0.2674819529056549,0.6843226552009583,-0.29123721122741697,0.03977881744503971,-0.42882594466209417,0.28188657760620117,0.18302308320999147,-0.19561064541339881,-1.0286791324615479,0.0758929833769798,0.18967902362346648,1.6002498149871829,0.09122447967529297,0.19011496603488923,0.0,0.09754935503005983,0.6348827719688416,-0.5281737804412842,-0.412192565202713,0.16932097673416138,0.08986958563327788,-0.47149080634117124,0.5281830430030823,-0.40146253705024715,-0.1948438197374344,0.0,-0.010535716265439974,-0.0027785895159468305,0.003587364871054908,-0.04061730019748237,0.086428651213646,-0.06596323549747413,-0.07784324884414523,-0.17043706774711642,-0.2887760728597637,-0.3343755960464464,0.7971961855888324,-0.4937978029251091,-0.3269026100635501,-0.1953097730875013,-0.04509463533759115,0.13406538069248974,0.2904255568981154,-0.1984202444553365,0.0,-0.49173702001571246,0.2725059688091251,-0.12976597845554155,-0.6489246606826733,-0.1886722028255451,-0.7680850148200944,-0.3578234672546362,0.12796997129916926,-0.29966066479682607,0.33201400041579926,0.0,0.0,0.0,0.21964117884635925,-0.6418050527572632,0.2674819529056549,0.6843226552009583,0.21964117884635925,-0.6418050527572632,0.2674819529056549,0.6843226552009583,0.23070314526557922,-0.7391759753227234,0.2595663368701935,0.5770790576934814,0.2421324998140335,-0.7338678240776062,0.2742173969745636,0.5723763704299927,0.3927353322505951,-0.6655458211898804,0.14614929258823395,0.6176148653030396,0.36830824613571167,-0.572186291217804,0.1998700350522995,0.7049850225448608,0.3485046625137329,-0.5053669214248657,0.23269182443618774,0.7543230056762695,0.2731766104698181,-0.5256707072257996,0.18223589658737183,0.7847514748573303,0.2731766104698181,-0.5256707072257996,0.18223589658737183,0.7847514748573303,0.40005025267601013,-0.8559881448745728,0.0413680300116539,0.3248578608036041,0.41208523511886597,-0.853803277015686,0.07381267845630646,0.3094469904899597,0.3293803036212921,-0.8889898657798767,0.10278429836034775,0.30106642842292786,0.15571561455726624,-0.40328550338745117,0.30791810154914856,0.8475257754325867,0.141513854265213,-0.3642219007015228,0.31469810009002686,0.8650326132774353,0.22297778725624084,-0.3327081799507141,0.34784987568855286,0.8476948738098145,0.22297778725624084,-0.3327081799507141,0.34784987568855286,0.8476948738098145,0.21964117884635925,-0.6418050527572632,0.2674819529056549,0.6843226552009583,0.20439967513084412,-0.6084156036376953,0.2799464762210846,0.7139196395874023,0.41702690720558167,-0.49063587188720703,0.45586958527565,0.6144493818283081,0.5229129195213318,-0.35491126775741577,0.2868309020996094,0.7199501395225525,0.5745877623558044,-0.4878788888454437,0.1645120084285736,0.6362066268920898,0.521625280380249,-0.5398079752922058,0.204489067196846,0.6282504796981812,0.521625280380249,-0.5398079752922058,0.204489067196846,0.6282504796981812,0.2092311978340149,-0.609939694404602,0.27504438161849976,0.7131244540214539,0.03684450313448906,-0.6573167443275452,0.12494213879108429,0.7422713041305542,-0.13767430186271667,-0.6319054961204529,0.31472647190093994,0.694757878780365,-0.08056952059268951,-0.7559155225753784,0.3441588580608368,0.551048994064331,0.005063198506832123,-0.7560980916023254,0.3065611720085144,0.5781956911087036,0.005063198506832123,-0.7560980916023254,0.3065611720085144,0.5781956911087036,0.21964117884635925,-0.6418050527572632,0.2674819529056549,0.6843226552009583
-0.7000720620155334,-0.32980152368545534,0.0793806865811348,0.21945498883724213,-0.6408930420875549,0.267903596162796,0.6850718259811401,-0.28830307126045224,0.03541314229369158,-0.4333317875862122,0.27927267551422114,0.18618130385875706,-0.2032006800174714,-1.026859164237976,0.07262718826532359,0.18883420825004577,1.6260903596878056,0.09196120202541352,0.18926298022270202,0.0,0.10004293322563175,0.6321913361549377,-0.5247973442077636,-0.4104777753353119,0.16908884942531585,0.087936195731163,-0.47119551301002505,0.5241729617118835,-0.39803596138954156,-0.196471044421196,0.0,-0.009103417210280877,-0.005597054469399192,0.005840152082964808,-0.07064132206141989,0.09378888309001933,-0.0038161754608146,0.09056943655014263,-0.20632207393646287,-0.24116311669349608,-0.18161522746085915,0.3177322983741696,-0.40807572603225595,-0.01347686648368418,-0.17129474878311124,-0.042954232543706866,1.0025366932153819,0.10023347735404714,-0.08155452907085264,0.0,-0.029425072669976737,-0.03280237317085677,0.09417485296726524,-0.09792654514312005,-0.055872824788091774,-0.26452337503432555,-0.0783823668956719,-0.11838554441929194,0.05358139872551437,0.021982574462886484,0.0,0.0,0.0,0.21945498883724213,-0.6408930420875549,0.267903596162796,0.6850718259811401,0.21945498883724213,-0.6408930420875549,0.267903596162796,0.6850718259811401,0.23052389919757843,-0.7374643087387085,0.26014482975006104,0.5790765881538391,0.2407386749982834,-0.7327430248260498,0.27316293120384216,0.5749039649963379,0.3926307260990143,-0.6638604402542114,0.14318430423736572,0.6201843619346619,0.3688782751560211,-0.5710806250572205,0.196437805891037,0.7065465450286865,0.34902334213256836,-0.5029290318489075,0.22987748682498932,0.7565721273422241,0.27048441767692566,-0.5236477851867676,0.17768707871437073,0.7880725860595703,0.27048441767692566,-0.5236477851867676,0.17768707871437073,0.7880725860595703,0.3997340500354767,-0.8553811311721802,0.04215655475854874,0.326739102602005,0.4113317131996155,-0.8532874584197998,0.07318436354398727,0.3120110034942627,0.32905423641204834,-0.8882660865783691,0.10227334499359131,0.3037216067314148,0.151871457695961,-0.38987573981285095,0.30931612849235535,0.8539645671844482,0.1374935507774353,-0.3502116799354553,0.3159700334072113,0.8709823489189148,0.21917656064033508,-0.3187885880470276,0.34765055775642395,0.8540928363800049,0.21917656064033508,-0.3187885880470276,0.34765055775642395,0.8540928363800049,0.21945498883724213,-0.6408930420875549,0.267903596162796,0.6850718259811401,0.20379939675331116,-0.6065940260887146,0.2806706726551056,0.7153555154800415,0.4160754680633545,-0.4892924129962921,0.4553309679031372,0.6165613532066345,0.5210866928100586,-0.3547825813293457,0.2869056463241577,0.7213066816329956,0.5726469159126282,-0.4875381886959076,0.16546635329723358,0.6379677653312683,0.519767701625824,-0.5392666459083557,0.20554739236831665,0.6299073696136475,0.519767701625824,-0.5392666459083557,0.20554739236831665,0.6299073696136475,0.2092311978340149,-0.609939694404602,0.27504438161849976,0.7131244540214539,0.03684450313448906,-0.6573167443275452,0.12494213879108429,0.7422713041305542,-0.13622336089611053,-0.6321038603782654,0.3137661814689636,0.6952975988388062,-0.0798439234495163,-0.7552976012229919,0.34274375438690186,0.5528808236122131,0.006472308654338121,-0.7554260492324829,0.30463358759880066,0.5800758004188538,0.006472308654338121,-0.7554260492324829,0.30463358759880066,0.5800758004188538,0.21945498883724213,-0.6408930420875549,0.267903596162796,0.6850718259811401
-0.7003518223762513,-0.3299433410167694,0.07948418408632278,0.2189347743988037,-0.640464723110199,0.26788583397865295,0.685645580291748,-0.28567019701004026,0.03288389816880223,-0.43790057301521307,0.27641084194183346,0.18378934264183036,-0.20785236656665806,-1.0287075996398927,0.07407800704240805,0.18905677497386933,1.6340342044830323,0.0924468755722046,0.18794518411159514,0.0,0.10121986865997315,0.6318831324577332,-0.5195046424865721,-0.4066846191883086,0.1689983367919922,0.08661476671695707,-0.4696265399456024,0.5185690283775328,-0.3944893538951873,-0.19813095033168796,0.0,-0.011843204498291102,-0.006869136821478614,0.005741357337683417,-0.06740982979536021,0.07002962827682425,-0.017553747445345845,0.13766901493072486,-0.16319081187248083,-0.22718040645122534,-0.13813304305076618,-0.008594438433651597,-0.29135126471519235,-0.019053693115714157,-0.021791341900821742,-0.010219305008648975,0.7551261663436747,0.02930465042591075,-0.05657359436154403,0.0,0.0851796224713315,-0.06307482719421197,0.2263097554445282,0.14809047430753874,-0.007357924617826825,-0.07831066250801037,0.05297505464404923,-0.2483196049928678,0.17492972314357766,-0.08234166353940967,0.0,0.0,0.0,0.2189347743988037,-0.640464723110199,0.26788583397865295,0.685645580291748,0.2189347743988037,-0.640464723110199,0.26788583397865295,0.685645580291748,0.22994300723075867,-0.736284613609314,0.26031494140625,0.5807300806045532,0.2394590973854065,-0.7319053411483765,0.27238574624061584,0.5768707990646362,0.3927152454853058,-0.6624222993850708,0.14058125019073486,0.6222606897354126,0.3696005940437317,-0.570380687713623,0.19334284961223602,0.7075873613357544,0.3502943217754364,-0.5030436515808105,0.22644196450710297,0.7569445371627808,0.26988011598587036,-0.523816704750061,0.1730339229106903,0.789202094078064,0.26988011598587036,-0.523816704750061,0.1730339229106903,0.789202094078064,0.3994600176811218,-0.8555431365966797,0.041880808770656586,0.32668590545654297,0.411281943321228,-0.8534060716629028,0.07353399693965912,0.31166982650756836,0.3288946747779846,-0.8884161710739136,0.10262304544448853,0.30333757400512695,0.1502722203731537,-0.38686537742614746,0.3100350797176361,0.8553546667098999,0.13578584790229797,-0.3469288647174835,0.31664741039276123,0.8723171353340149,0.21704056859016418,-0.3156861662864685,0.3478032350540161,0.8557268381118774,0.21704056859016418,-0.3156861662864685,0.3478032350540161,0.8557268381118774,0.2189347743988037,-0.640464723110199,0.26788583397865295,0.685645580291748,0.2030949592590332,-0.6057228446006775,0.28077441453933716,0.7162528038024902,0.415590763092041,-0.48850226402282715,0.45508211851119995,0.6176973581314087,0.5195287466049194,-0.3556199371814728,0.28818342089653015,0.7215085625648499,0.5710169076919556,-0.4872799813747406,0.16818997263908386,0.6389131546020508,0.5181912183761597,-0.538902759552002,0.20833128690719604,0.6306025981903076,0.5181912183761597,-0.538902759552002,0.20833128690719604,0.6306025981903076,0.2088955193758011,-0.6096433401107788,0.2752307653427124,0.7134041786193848,0.037021197378635406,-0.6569903492927551,0.12560728192329407,0.7424391508102417,-0.1341894119977951,-0.6325507164001465,0.3122048079967499,0.6959892511367798,-0.07867848873138428,-0.7549222707748413,0.3406246304512024,0.5548667907714844,0.008355303667485714,-0.7549676895141602,0.30198314785957336,0.5820310115814209,0.008355303667485714,-0.7549676895141602,0.30198314785957336,0.5820310115814209,0.2189347743988037,-0.640464723110199,0.26788583397865295,0.685645580291748
-0.7006852030754089,-0.3300907015800476,0.07957351952791214,0.21824750304222107,-0.6402780413627625,0.2676483392715454,0.686131477355957,-0.28318795561790466,0.03127286955714222,-0.4425008296966554,0.2734250426292419,0.17862229049205774,-0.21103487908840182,-1.0323902368545532,0.07788713276386271,0.18981303274631506,1.6330296993255615,0.09280702471733095,0.18639448285102844,0.0,0.1017384827136994,0.6327665448188782,-0.5132538080215454,-0.4018522799015045,0.16897863149642947,0.0855993181467056,-0.4674207270145416,0.5121681690216063,-0.39088273048400873,-0.1998071968555451,0.0,-0.016669034957885725,-0.007368027698248579,0.0044667716138064445,-0.0475505776703358,0.030710628256203635,-0.0692336261272428,0.12411206215619856,-0.08055142313241966,-0.23001281917095134,-0.14928995072841605,-0.2583526074886303,-0.15912561118602647,-0.18413184583187078,0.19045627117157,0.03781288489699486,-0.05022525414824551,0.018007455393672288,-0.07753505557775424,0.0,0.025930700823665935,0.04417061433195995,0.3125416934490174,0.24161694943904632,-0.000985264778136188,-0.05077242478728314,0.11029063910245794,-0.3200429379940023,0.18033115565776717,-0.08381231874227572,0.0,0.0,0.0,0.21824750304222107,-0.6402780413627625,0.2676483392715454,0.686131477355957,0.21824750304222107,-0.6402780413627625,0.2676483392715454,0.686131477355957,0.22916115820407867,-0.7353702783584595,0.2602807581424713,0.5822110176086426,0.2382364720106125,-0.7312106490135193,0.27174702286720276,0.5785567760467529,0.39289313554763794,-0.6611056327819824,0.13815873861312866,0.6240885257720947,0.37039798498153687,-0.5698819160461426,0.1904159039258957,0.7083655595779419,0.35193806886672974,-0.5044296979904175,0.22269369661808014,0.7563714385032654,0.27031829953193665,-0.5250786542892456,0.1683276891708374,0.7892314195632935,0.27031829953193665,-0.5250786542892456,0.1683276891708374,0.7892314195632935,0.3992069363594055,-0.8560892939567566,0.04107290878891945,0.32566535472869873,0.41158363223075867,-0.8538410663604736,0.07437251508235931,0.30987581610679626,0.3288179039955139,-0.8890019655227661,0.10340292006731033,0.3014334738254547,0.14980676770210266,-0.3890838623046875,0.31043729186058044,0.8542835712432861,0.13524529337882996,-0.34903743863105774,0.3170521855354309,0.8714122772216797,0.21575409173965454,-0.3180171549320221,0.3481585383415222,0.855044424533844,0.21575409173965454,-0.3180171549320221,0.3481585383415222,0.855044424533844,0.21824750304222107,-0.6402780413627625,0.2676483392715454,0.686131477355957,0.20233860611915588,-0.6053275465965271,0.2805681526660919,0.7168815732002258,0.4153403043746948,-0.4879896938800812,0.4549790918827057,0.618346631526947,0.5181026458740234,-0.35693874955177307,0.29006147384643555,0.7211301326751709,0.5695364475250244,-0.48705801367759705,0.17179648578166962,0.6394440531730652,0.5167500376701355,-0.538622260093689,0.21197576820850372,0.6308104991912842,0.5167500376701355,-0.538622260093689,0.21197576820850372,0.6308104991912842,0.2083386480808258,-0.6098060607910156,0.274879515171051,0.7135634422302246,0.03742155432701111,-0.6568867564201355,0.1261824667453766,0.7424132823944092,-0.13186299800872803,-0.6331173777580261,0.3103407025337219,0.6967518925666809,-0.07729247957468033,-0.7546618580818176,0.33815068006515503,0.5569251179695129,0.010475135408341885,-0.7546075582504272,0.29896777868270874,0.5840170979499817,0.010475135408341885,-0.7546075582504272,0.29896777868270874,0.5840170979499817,0.21824750304222107,-0.6402780413627625,0.2676483392715454,0.686131477355957
-0.7009931206703186,-0.3301695227622986,0.07960092723369598,0.21804168820381165,-0.639071524143219,0.26723870635032654,0.6874799728393555,-0.28347729444503783,0.029563071951270118,-0.446333634853363,0.2710313320159912,0.1762766093015671,-0.212646546959877,-1.0357094526290893,0.08196152001619335,0.19240435957908628,1.6310438632965087,0.09361276030540465,0.18594079613685607,0.0,0.10416513085365293,0.6325538992881775,-0.5115179896354676,-0.400681871175766,0.17048848271369932,0.08429259955883027,-0.46673653125762943,0.5072835087776184,-0.38890088200569156,-0.20221361219882963,0.0,-0.015905141271650797,-0.005311846546828765,0.0026089398190379306,-0.04879183247685431,0.11582054458558483,-0.05832012668252001,0.040964664518833904,-0.08351449519395826,-0.20698927342891713,-0.13152729421854034,-0.17371147871017534,-0.11200027614831967,-0.1732292026281358,0.19841411709785453,0.09286495670676181,-0.07966517806053136,0.03137504756450641,-0.04462462365627318,0.0,0.0831717189401383,0.011288879811764053,0.17709122896194576,0.13175904154777623,0.044901426136493276,-0.059510527551174086,0.06464212834835092,-0.2745569735765461,0.1315879121422772,-0.10571738332509975,0.0,0.0,0.0,0.21804168820381165,-0.639071524143219,0.26723870635032654,0.6874799728393555,0.21804168820381165,-0.639071524143219,0.26723870635032654,0.6874799728393555,0.22895443439483643,-0.7344423532485962,0.2599424719810486,0.5836132764816284,0.23755508661270142,-0.7305198907852173,0.27077043056488037,0.5801653861999512,0.39334166049957275,-0.6598302125930786,0.13565248250961304,0.6257035732269287,0.3714064359664917,-0.5692481994628906,0.18754902482032776,0.7091116309165955,0.3534538149833679,-0.5046201944351196,0.21951285004615784,0.7564674615859985,0.2711791396141052,-0.5250644683837891,0.1647215485572815,0.7897063493728638,0.2711791396141052,-0.5250644683837891,0.1647215485572815,0.7897063493728638,0.39910954236984253,-0.8560622334480286,0.03986275941133499,0.3260061740875244,0.4121304750442505,-0.8537105321884155,0.07490146160125732,0.30938079953193665,0.3282226324081421,-0.8893501162528992,0.10427185148000717,0.30075520277023315,0.14907434582710266,-0.39066430926322937,0.31045135855674744,0.8536850810050964,0.13438522815704346,-0.3502931296825409,0.3170861005783081,0.8710291385650635,0.21466827392578125,-0.3193432688713074,0.34823665022850037,0.8547916412353516,0.21466827392578125,-0.3193432688713074,0.34823665022850037,0.8547916412353516,0.21804168820381165,-0.639071524143219,0.26723870635032654,0.6874799728393555,0.20177295804023743,-0.6031985878944397,0.28045254945755005,0.7188780903816223,0.415357768535614,-0.4860506057739258,0.4541553258895874,0.6204642057418823,0.5173498392105103,-0.3555119037628174,0.28932708501815796,0.7226688861846924,0.5685173869132996,-0.4856209456920624,0.1715644896030426,0.641502857208252,0.5153265595436096,-0.5375558137893677,0.2123008668422699,0.6327722668647766,0.5153265595436096,-0.5375558137893677,0.2123008668422699,0.6327722668647766,0.20830094814300537,-0.6090182662010193,0.2743513286113739,0.7144500613212585,0.037434011697769165,-0.6559549570083618,0.12607526779174805,0.7432541847229004,-0.130026176571846,-0.6326314806938171,0.3087673783302307,0.6982357501983643,-0.07607331871986389,-0.753944993019104,0.3361629843711853,0.5592623949050903,0.012713627889752388,-0.7537866234779358,0.2962450385093689,0.5864154696464539,0.012713627889752388,-0.7537866234779358,0.2962450385093689,0.5864154696464539,0.21804168820381165,-0.639071524143219,0.26723870635032654,0.6874799728393555
